strategy,kind,entry_date,expiration_date,dte,spot_entry,target_upper_ratio,target_lower_ratio,upper_strike,lower_strike,actual_upper_ratio,actual_lower_ratio,upper_symbol,lower_symbol,upper_bid,upper_ask,lower_bid,lower_ask,premium_mid_cash,premium_realistic_cash,premium_natural_cash,premium_mid_points,premium_realistic_points,premium_natural_points,premium_mid_pct_spot_notional,premium_realistic_pct_spot_notional,premium_natural_pct_spot_notional,spread,short_leg_implied_vol,long_leg_implied_vol,realized_vol_21d,iv_minus_realized_vol,iv_rv_pct_deviation,spot_expiration,expiration_value_cash,pnl_mid_cash,pnl_realistic_cash,pnl_natural_cash,pnl_mid_pct_spot_notional,pnl_realistic_pct_spot_notional,pnl_natural_pct_spot_notional,signal_iv,current_iv_rv,historical_median_iv_rv,history_start_entry,history_end_entry,history_observations,richness_score,history_window,iv_definition,historical_mean_iv_rv,historical_std_iv_rv,relative_ratio_score,score_definition,portfolio,ending_equity_mid,entry_equity_mid,contracts_mid_per_initial_1m,ending_equity_realistic,entry_equity_realistic,contracts_realistic_per_initial_1m,ending_equity_natural,entry_equity_natural,contracts_natural_per_initial_1m
1M 98/95 short put spread,short_put_spread,2019-11-15,2019-12-20,35,3120.4599609375,0.98,0.95,3060.0,2965.0,0.9806246637693324,0.9501804340117878,SPXW  191220P03060000,SPXW  191220P02965000,23.1,23.7,10.7,11.1,1250.0000000000002,1222.0000000000002,1197.0000000000002,12.500000000000002,12.220000000000002,11.970000000000002,0.004005819704940084,0.003916089343549426,0.0038359729494506245,98/95,0.122995,0.154443,0.058103313587985046,0.06489168641201495,1.1168328001422907,3221.219970703125,0.0,1250.0000000000002,1222.0000000000002,1197.0000000000002,0.004005819704940084,0.003916089343549426,0.0038359729494506245,0.122995,2.1168328001422907,1.1582677880564218,2018-11-16,2019-10-18,12,3.4399254663982908,12,short leg,1.1381716100271964,0.2845006962141488,0.8275849695296671,own-history IV/RV z-score,Dynamic: 12-month IV/RV z-score,1.0040058197049402,1.0,3.2046557639520667,1.0039160893435495,1.0,3.2046557639520667,1.0038359729494506,1.0,3.2046557639520667
1M 98/95 short put spread,short_put_spread,2019-12-20,2020-01-17,28,3221.219970703125,0.98,0.95,3155.0,3060.0,0.9794425803560783,0.9499506484594611,SPXW  200117P03155000,SPXW  200117P03060000,16.0,16.3,8.0,8.3,799.9999999999998,781.9999999999999,766.9999999999997,7.999999999999997,7.8199999999999985,7.669999999999996,0.002483531107083558,0.002427651657174178,0.0023810854489163605,98/95,0.12049,0.161079,0.07726082182080321,0.04322917817919679,0.559522629457158,3329.6201171875,0.0,799.9999999999998,781.9999999999999,766.9999999999997,0.002483531107083558,0.002427651657174178,0.0023810854489163605,0.12049,1.559522629457158,1.1679974643926556,2018-12-21,2019-11-15,12,0.8206260904164252,12,short leg,1.2416828112326987,0.38731381068224635,0.33521062930396917,own-history IV/RV z-score,Dynamic: 12-month IV/RV z-score,1.0064992993898705,1.0040058197049402,3.116849606162682,1.0063532479015083,1.0039160893435495,3.1165710459829774,1.0062261921777393,1.0038359729494506,3.116322331536813
1M 103/100 short put spread,short_put_spread,2020-01-17,2020-02-21,35,3329.6201171875,1.03,1.0,3430.0,3330.0,1.030147548152517,1.0001140919381581,SPXW  200221P03430000,SPXW  200221P03330000,106.4,112.1,42.3,42.8,6670.0,6512.0,6357.0,66.7,65.12,63.57,0.02003231529497752,0.019557786686790646,0.019092268115468082,103/100,0.082819,0.097928,0.06963264619328462,0.013186353806715387,0.18937028143542078,3337.75,-9225.0,-2555.0,-2713.0,-2868.0,-0.00767354806276875,-0.008148076670955623,-0.00861359524227819,0.082819,1.1893702814354208,0.8356491672015045,2019-01-18,2019-12-20,12,1.2620353006132234,12,short leg,0.8649771917537801,0.2570396323494422,0.4232890166318106,own-history IV/RV z-score,Dynamic: 12-month IV/RV z-score,0.9987758786408593,1.0064992993898705,3.022865263800879,0.9981534044795416,1.0063532479015083,3.022426620702802,0.9975589670361414,1.0062261921777393,3.022045028451142
1M 99/96 short put spread,short_put_spread,2020-02-21,2020-03-20,28,3337.75,0.99,0.96,3305.0,3205.0,0.9901880008988091,0.9602276982997529,SPXW  200320P03305000,SPXW  200320P03205000,41.7,42.3,21.5,21.9,2030.0,2002.0000000000005,1977.0,20.3,20.020000000000003,19.77,0.006081941427608419,0.005998052580331063,0.0059231518238334205,99/96,0.15686,0.191117,0.13555104714294353,0.021308952857056473,0.15720242156879394,2304.919921875,-10000.0,-7970.0,-7998.0,-8023.0,-0.023878361171447832,-0.02396225001872519,-0.02403715077522283,0.15686,1.157202421568794,1.1198032859087936,2019-02-15,2020-01-17,12,-0.30508092633341577,12,short leg,1.2516209413180988,0.30948680038462006,0.033397951346113786,own-history IV/RV z-score,Dynamic: 12-month IV/RV z-score,0.9749267474813427,0.9987758786408593,2.992362755271843,0.9742354030443611,0.9981534044795416,2.9904978038485255,0.9735804917383182,0.9975589670361414,2.988716851280478
1M 103/100 short put spread,short_put_spread,2020-03-20,2020-04-17,28,2304.919921875,1.03,1.0,2375.0,2305.0,1.0304045608959775,1.0000347422590434,SPXW  200417P02375000,SPXW  200417P02305000,184.5,191.5,153.7,157.7,3230.000000000002,2952.000000000002,2677.000000000002,32.30000000000002,29.520000000000017,26.770000000000017,0.014013502028185302,0.012807386373747062,0.011614286355867509,103/100,0.559583,0.59255,0.8348738695538477,-0.27529086955384763,-0.32973947274330395,2874.56005859375,0.0,3230.000000000002,2952.000000000002,2677.000000000002,0.014013502028185302,0.012807386373747062,0.011614286355867509,0.559583,0.670260527256696,0.8584823801110688,2019-03-15,2020-02-21,12,-1.0308689061890937,12,short leg,0.9180530461166453,0.2403724832248421,-0.21924952359537186,own-history IV/RV z-score,Dynamic: 12-month IV/RV z-score,0.9885888854345045,0.9749267474813427,4.2297640721863425,0.9867128122701333,0.9742354030443611,4.226764642876802,0.9848879343598532,0.9735804917383182,4.223923280364259
1M 103/100 short put spread,short_put_spread,2020-04-17,2020-05-15,28,2874.56005859375,1.03,1.0,2960.0,2875.0,1.0297227887623428,1.0001530465174784,SPXW  200515P02960000,SPXW  200515P02875000,144.7,146.8,105.8,107.0,3935.0,3849.5,3766.999999999998,39.35,38.495,37.66999999999998,0.01368905126276966,0.013391614443718374,0.013104614004282918,103/100,0.300433,0.333707,0.5894801972737838,-0.28904719727378375,-0.4903425061784322,2863.699951171875,-8500.0,-4565.0,-4650.5,-4733.000000000002,-0.015880690982094915,-0.016178127801146202,-0.016465128240581658,0.300433,0.5096574938215678,0.8219896645391989,2019-04-18,2020-03-20,12,-1.5368792778714064,12,short leg,0.8942040891493067,0.25021262298515723,-0.37997092200997695,own-history IV/RV z-score,Dynamic: 12-month IV/RV z-score,0.9728894108365855,0.9885888854345045,3.4390962974630885,0.9707496462901987,0.9867128122701333,3.432569826886269,0.9686716282180167,0.9848879343598532,3.4262214540115252
1M 103/100 short put spread,short_put_spread,2020-05-15,2020-06-19,35,2863.699951171875,1.03,1.0,2950.0,2865.0,1.0301358558157636,1.0004539752244619,SPXW  200619P02950000,SPXW  200619P02865000,146.0,147.5,105.4,106.5,4080.0,4012.0,3947.0,40.8,40.12,39.47,0.014247302683824799,0.014009847639094386,0.013782868552219725,103/100,0.238122,0.273482,0.2733208874610599,-0.035198887461059924,-0.12878228147153492,3097.739990234375,0.0,4080.0,4012.0,3947.0,0.014247302683824799,0.014009847639094386,0.013782868552219725,0.238122,0.8712177185284651,0.7760411698123283,2019-05-17,2020-04-17,12,0.01237355974975787,12,short leg,0.8678320279208774,0.27362300551010765,0.12264368492093469,own-history IV/RV z-score,Dynamic: 12-month IV/RV z-score,0.9867504607506623,0.9728894108365855,3.3973161554109836,0.9843497009304292,0.9707496462901987,3.3898441276745888,0.9820227019400102,0.9686716282180167,3.382587717758698
1M 103/100 short put spread,short_put_spread,2020-06-19,2020-07-17,28,3097.739990234375,1.03,1.0,3190.0,3100.0,1.029783006338968,1.0007295672886523,SPXW  200717P03190000,SPXW  200717P03100000,159.0,160.8,112.7,114.2,4645.0,4559.499999999998,4477.0,46.45,45.594999999999985,44.77,0.014994802709857386,0.014718795038879382,0.014452471847584827,103/100,0.248374,0.284464,0.2677381591763992,-0.019364159176399193,-0.0723249881001875,3224.72998046875,0.0,4645.0,4559.499999999998,4477.0,0.014994802709857386,0.014718795038879382,0.014452471847584827,0.248374,0.9276750118998125,0.8027214788187214,2019-06-21,2020-05-15,12,0.2027902727979168,12,short leg,0.8722787460886096,0.2731702317221401,0.15566237652563109,own-history IV/RV z-score,Dynamic: 12-month IV/RV z-score,1.0015465892334794,0.9867504607506623,3.185388263254479,0.9988381424250063,0.9843497009304292,3.1776382266865246,0.9962153573934874,0.9820227019400102,3.17012630187116
1M 103/100 short put spread,short_put_spread,2020-07-17,2020-08-21,35,3224.72998046875,1.03,1.0,3320.0,3225.0,1.0295435649211788,1.0000837339972293,SPXW  200821P03320000,SPXW  200821P03225000,136.6,137.7,87.3,88.0,4949.999999999998,4901.999999999996,4856.999999999996,49.49999999999998,49.01999999999996,48.569999999999965,0.015350122428794678,0.015201272756757875,0.015061726189223378,103/100,0.187486,0.211791,0.189345690691771,-0.0018596906917709988,-0.009821668953630014,3397.159912109375,0.0,4949.999999999998,4901.999999999996,4856.999999999996,0.015350122428794678,0.015201272756757875,0.015061726189223378,0.187486,0.99017833104637,0.8027214788187214,2019-07-19,2020-06-19,12,0.4196943761472681,12,short leg,0.8753481194419757,0.2736043610079281,0.2335266430188323,own-history IV/RV z-score,Dynamic: 12-month IV/RV z-score,1.016920451996355,1.0015465892334794,3.1058308611869996,1.0140217534678622,0.9988381424250063,3.097431873287618,1.0112200803320475,0.9962153573934874,3.089298525542522
1M 102/99 short put spread,short_put_spread,2020-08-21,2020-09-18,28,3397.159912109375,1.02,0.99,3465.0,3365.0,1.0199696480724398,0.9905332945927158,SPXW  200918P03465000,SPXW  200918P03365000,97.3,100.2,53.2,53.7,4530.0,4442.0,4357.0,45.3,44.42,43.57,0.013334668126315015,0.013075628215693443,0.012825419211115787,102/99,0.145454,0.177645,0.09525106914940115,0.05020293085059885,0.527058974759177,3319.469970703125,-10000.0,-5470.0,-5558.0,-5643.0,-0.01610168535340908,-0.01636072526403065,-0.016610934268608307,0.145454,1.527058974759177,0.8774387002116066,2019-08-16,2020-07-17,12,2.324471499150376,12,short leg,0.9123492293823477,0.2644514013622079,0.7403597247202629,own-history IV/RV z-score,Dynamic: 12-month IV/RV z-score,1.0005463188488632,1.016920451996355,2.9934429885725504,0.9974316221476238,1.0140217534678622,2.9849102771209632,0.9944227700465551,1.0112200803320475,2.9766631730449142
1M 103/100 short put spread,short_put_spread,2020-09-18,2020-10-16,28,3319.469970703125,1.03,1.0,3420.0,3320.0,1.030284964221436,1.000159672869932,SPXW  201016P03420000,SPXW  201016P03320000,128.3,129.8,77.6,78.3,5110.000000000003,5052.000000000004,4997.000000000004,51.10000000000003,50.52000000000004,49.970000000000034,0.015394023880618538,0.015219297190779819,0.015053608088346547,103/100,0.193437,0.219613,0.21787787236911788,-0.024440872369117878,-0.11217693703062859,3483.81005859375,0.0,5110.000000000003,5052.000000000004,4997.000000000004,0.015394023880618538,0.015219297190779819,0.015053608088346547,0.193437,0.8878230629693714,0.8994463652141388,2019-09-20,2020-08-21,12,-0.143758602370854,12,short leg,0.9319932328618553,0.3072523603042421,-0.012922729686055345,own-history IV/RV z-score,Dynamic: 12-month IV/RV z-score,1.0159487527748876,1.0005463188488632,3.0141749365996797,1.0126118304325702,0.9974316221476238,3.004791822040039,1.009392420700964,0.9944227700465551,2.995727567422211
1M 103/100 short put spread,short_put_spread,2020-10-16,2020-11-20,35,3483.81005859375,1.03,1.0,3590.0,3485.0,1.0304809790488731,1.0003415632271095,SPXW  201120P03590000,SPXW  201120P03485000,158.0,171.4,107.5,114.7,5360.0,4842.0,4327.000000000002,53.6,48.42,43.27000000000002,0.015385454171871756,0.013898576324664748,0.012420309739121104,103/100,0.205857,0.23656,0.19161848739510465,0.014238512604895365,0.07430657030256427,3557.5400390625,-3245.99609375,2114.00390625,1596.00390625,1081.0039062500018,0.006068080264695383,0.004581202417488373,0.0031029358319447304,0.205857,1.0743065703025643,0.907749037434592,2019-10-18,2020-09-18,12,0.4245119590832308,12,short leg,0.9471911398286986,0.299438985767049,0.18348411950805676,own-history IV/RV z-score,Dynamic: 12-month IV/RV z-score,1.0221136113515428,1.0159487527748876,2.9162001822366235,1.017250810198125,1.0126118304325702,2.90662181175662,1.0125245006116503,1.009392420700964,2.897380751889809
1M 103/100 short put spread,short_put_spread,2020-11-20,2020-12-18,28,3557.5400390625,1.03,1.0,3665.0,3560.0,1.030206254815847,1.0006914780748746,SPXW  201218P03665000,SPXW  201218P03560000,142.4,145.2,83.2,84.0,6020.000000000002,5927.000000000002,5837.000000000004,60.20000000000002,59.27000000000002,58.37000000000003,0.01692180533149086,0.01666038873749939,0.01640740493686249,103/100,0.190467,0.20539,0.22515666388504263,-0.03468966388504263,-0.15406900815848823,3709.409912109375,0.0,6020.000000000002,5927.000000000002,5837.000000000004,0.01692180533149086,0.01666038873749939,0.01640740493686249,0.190467,0.8459309918415118,0.9589266714730913,2019-11-15,2020-10-16,12,-0.4739582598999403,12,short leg,0.9818504804597898,0.28677522920894494,-0.1178355790834319,own-history IV/RV z-score,Dynamic: 12-month IV/RV z-score,1.0394096189095006,1.0221136113515428,2.8730909564714135,1.034198604139562,1.017250810198125,2.8594219573877115,1.0291374001016802,1.0125245006116503,2.8461366266969
1M 101/98 short put spread,short_put_spread,2020-12-18,2021-01-15,28,3709.409912109375,1.01,0.98,3745.0,3635.0,1.009594541647835,0.9799402293430921,SPXW  210115P03745000,SPXW  210115P03635000,80.1,81.3,44.8,45.5,3554.999999999999,3504.499999999999,3456.999999999999,35.54999999999999,35.04499999999999,34.56999999999999,0.009583734567578243,0.009447594315633741,0.009319541603408716,101/98,0.157643,0.194611,0.10235516916440954,0.05528783083559047,0.5401567042186561,3768.25,0.0,3554.999999999999,3504.499999999999,3456.999999999999,0.009583734567578243,0.009447594315633741,0.009319541603408716,0.157643,1.5401567042186561,0.9901413511303173,2019-12-20,2020-11-20,12,1.870801047256686,12,short leg,1.022574409413444,0.27666346219133614,0.5554917512135584,own-history IV/RV z-score,Dynamic: 12-month IV/RV z-score,1.049371044804117,1.0394096189095006,2.8020888592450945,1.0439692929932674,1.034198604139562,2.788040762934878,1.0387284889175517,1.0291374001016802,2.7743965333732987
1M 103/100 short put spread,short_put_spread,2021-01-15,2021-02-19,35,3768.25,1.03,1.0,3880.0,3770.0,1.0296556757115372,1.0004644065547668,SPXW  210219P03880000,SPXW  210219P03770000,151.7,155.1,95.6,96.5,5734.999999999998,5624.499999999998,5516.999999999998,57.34999999999998,56.24499999999998,55.16999999999998,0.015219266237643464,0.014926026670204998,0.014640748357991106,103/100,0.179681,0.202593,0.10357143178064089,0.07610956821935912,0.7348509807275367,3906.7099609375,0.0,5734.999999999998,5624.499999999998,5516.999999999998,0.015219266237643464,0.014926026670204998,0.014640748357991106,0.179681,1.7348509807275367,0.907749037434592,2020-01-17,2020-12-18,12,2.8401621593616153,12,short leg,0.957925327811776,0.27354975150094624,0.9111570590374123,own-history IV/RV z-score,Dynamic: 12-month IV/RV z-score,1.0653417021170648,1.049371044804117,2.784770237654394,1.0595516065033599,1.0439692929932674,2.770435329379068,1.05393625133607,1.0387284889175517,2.7565275364361486
1M 98/95 short put spread,short_put_spread,2021-02-19,2021-03-19,28,3906.7099609375,0.98,0.95,3830.0,3710.0,0.980364562072816,0.9496481789269313,SPXW  210319P03830000,SPXW  210319P03710000,53.4,53.9,32.4,32.9,2100.0,2072.0,2047.0,21.0,20.72,20.47,0.0053753670505298,0.0053036954898560695,0.00523970302496881,98/95,0.199555,0.240742,0.15186756728512862,0.047687432714871386,0.3140066939067976,3913.10009765625,0.0,2100.0,2072.0,2047.0,0.0053753670505298,0.0053036954898560695,0.00523970302496881,0.199555,1.3140066939067976,1.193614394379597,2020-02-21,2021-01-15,12,0.032617916382761444,12,short leg,1.2980896494904153,0.48798470845288144,0.10086364582573326,own-history IV/RV z-score,Dynamic: 12-month IV/RV z-score,1.0710683048001803,1.0653417021170648,2.7269536586263823,1.0651711455800414,1.0595516065033599,2.712132759016227,1.05945856430032,1.05393625133607,2.6977591422813356
1M 98/95 short put spread,short_put_spread,2021-03-19,2021-04-16,28,3913.10009765625,0.98,0.95,3835.0,3715.0,0.9800413749438641,0.9493751519990756,SPXW  210416P03835000,SPXW  210416P03715000,49.0,49.7,27.5,28.0,2160.0,2127.0,2097.0,21.6,21.27,20.97,0.00551992013006192,0.005435588016963752,0.005358922459601781,98/95,0.1891,0.224929,0.18860622412244157,0.0004937758775584167,0.002618025358685161,4185.47021484375,0.0,2160.0,2127.0,2097.0,0.00551992013006192,0.005435588016963752,0.005358922459601781,0.1891,1.0026180253586852,1.193614394379597,2020-03-20,2021-02-19,12,-0.6158997666860404,12,short leg,1.303055788005613,0.48780301422013417,-0.1600151354744559,own-history IV/RV z-score,Dynamic: 12-month IV/RV z-score,1.0769805162965183,1.0710683048001803,2.737134952008246,1.0709609770949717,1.0651711455800414,2.7220646520594385,1.0651361205955665,1.05945856430032,2.707466044466592
1M 103/100 short put spread,short_put_spread,2021-04-16,2021-05-21,35,4185.47021484375,1.03,1.0,4310.0,4185.0,1.0297528781150098,0.9998876554318599,SPXW  210521P04310000,SPXW  210521P04185000,147.8,148.9,71.1,71.5,7705.000000000002,7664.500000000001,7627.000000000002,77.05000000000001,76.64500000000001,76.27000000000002,0.018408923261893625,0.018312159940400217,0.01822256427235077,103/100,0.121334,0.1335,0.12012026379867413,0.0012137362013258657,0.010104341789992421,4155.85986328125,-12500.0,-4794.999999999998,-4835.499999999999,-4872.999999999998,-0.01145629942125631,-0.011553062742749719,-0.011642658410799167,0.121334,1.0101043417899924,0.9430379126000388,2020-04-17,2021-03-19,12,-0.06270949370276355,12,short leg,1.0308982007724057,0.3315902864879436,0.07111742623904216,own-history IV/RV z-score,Dynamic: 12-month IV/RV z-score,1.0646423050309661,1.0769805162965183,2.5731410355687445,1.058588097731557,1.0709609770949717,2.5587590452724136,1.0527351045824687,1.0651361205955665,2.544842194356243
1M 98/95 short put spread,short_put_spread,2021-05-21,2021-06-18,28,4155.85986328125,0.98,0.95,4075.0,3950.0,0.9805431689370278,0.9504651576199411,SPXW  210618P04075000,SPXW  210618P03950000,48.2,48.7,28.2,28.7,2000.0,1972.0,1947.0,20.0,19.72,19.47,0.004812481810733879,0.004745107065383605,0.004684951042749431,98/95,0.178529,0.219112,0.14231869690226887,0.03621030309773113,0.2544311034733333,4166.4501953125,0.0,2000.0,1972.0,1947.0,0.004812481810733879,0.004745107065383605,0.004684951042749431,0.178529,1.2544311034733333,1.2452476789437297,2020-05-15,2021-04-16,12,-0.3083770274136747,12,short leg,1.3802276588984743,0.40793102028443345,0.0073747774718948556,own-history IV/RV z-score,Dynamic: 12-month IV/RV z-score,1.0697658767588654,1.0646423050309661,2.561785863949657,1.063611211593434,1.058588097731557,2.5472179826962478,1.057667117008421,1.0527351045824687,2.5331342711620795
1M 98/95 short put spread,short_put_spread,2021-06-18,2021-07-16,28,4166.4501953125,0.98,0.95,4080.0,3960.0,0.9792508751431227,0.9504493788153837,SPXW  210716P04080000,SPXW  210716P03960000,49.6,50.2,29.1,29.6,2055.000000000001,2024.500000000001,1997.000000000001,20.550000000000008,20.245000000000008,19.97000000000001,0.004932256246125289,0.0048590524429589525,0.004793049013874551,98/95,0.186379,0.22183,0.08283457802441589,0.1035444219755841,1.2500144800045203,4327.16015625,0.0,2055.000000000001,2024.500000000001,1997.000000000001,0.004932256246125289,0.0048590524429589525,0.004793049013874551,0.186379,2.2500144800045203,1.2598773324947508,2020-06-19,2021-05-21,12,2.140566147545683,12,short leg,1.3940579296355124,0.3998739078212674,0.7858996443321555,own-history IV/RV z-score,Dynamic: 12-month IV/RV z-score,1.0750422361864012,1.0697658767588654,2.567571497584237,1.0687793542494857,1.063611211593434,2.5527995337375176,1.062736567340606,1.057667117008421,2.538532965540686
1M 98/95 short put spread,short_put_spread,2021-07-16,2021-08-20,35,4327.16015625,0.98,0.95,4240.0,4110.0,0.9798574230898043,0.9498146247403527,SPXW  210820P04240000,SPXW  210820P04110000,54.3,54.8,32.1,32.6,2220.0,2192.0,2167.0,22.2,21.92,21.67,0.005130385564290956,0.005065677998615215,0.005007903386404731,98/95,0.169994,0.20473,0.10112589254863172,0.06886810745136829,0.6810135932125339,4441.669921875,0.0,2220.0,2192.0,2167.0,0.005130385564290956,0.005065677998615215,0.005007903386404731,0.169994,1.6810135932125339,1.289665127711483,2020-07-17,2021-06-18,12,0.4256735439596058,12,short leg,1.484721053603564,0.46113398963689645,0.30344967627022723,own-history IV/RV z-score,Dynamic: 12-month IV/RV z-score,1.080557617355935,1.0750422361864012,2.4844059322224243,1.0741934463096814,1.0687793542494857,2.469932509213411,1.0680586493950472,1.062736567340606,2.455967722400166
1M 98/95 short put spread,short_put_spread,2021-08-20,2021-09-17,28,4441.669921875,0.98,0.95,4355.0,4220.0,0.9804870862987466,0.9500931123262252,SPXW  210917P04355000,SPXW  210917P04220000,44.3,44.9,25.9,26.4,1844.999999999999,1814.5,1787.0,18.449999999999992,18.145,17.87,0.004153843109577926,0.0040851752424548235,0.004023261591770058,98/95,0.16252,0.207227,0.08386506029187885,0.07865493970812115,0.9378749557250099,4432.990234375,0.0,1844.999999999999,1814.5,1787.0,0.004153843109577926,0.0040851752424548235,0.004023261591770058,0.16252,1.93787495572501,1.327878071764968,2020-08-21,2021-07-16,12,0.9093330990446106,12,short leg,1.522707870007001,0.4565621620440338,0.45937717997651384,own-history IV/RV z-score,Dynamic: 12-month IV/RV z-score,1.085046084169291,1.080557617355935,2.4327733405722998,1.078581714782153,1.0741934463096814,2.4184450110066327,1.0723557287369163,1.0680586493950472,2.404633095617737
1M 98/95 short put spread,short_put_spread,2021-09-17,2021-10-15,28,4432.990234375,0.98,0.95,4345.0,4210.0,0.9801510425868544,0.9496975579495183,SPXW  211015P04345000,SPXW  211015P04210000,54.8,55.4,32.6,33.2,2219.9999999999986,2186.9999999999995,2156.9999999999995,22.199999999999985,21.869999999999994,21.569999999999997,0.005007906362584155,0.004933464511248447,0.0048657901009432555,98/95,0.189395,0.230159,0.08508592149584869,0.10430907850415132,1.225926412623274,4471.3701171875,0.0,2219.9999999999986,2186.9999999999995,2156.9999999999995,0.005007906362584155,0.004933464511248447,0.0048657901009432555,0.189395,2.225926412623274,1.327878071764968,2020-09-18,2021-08-20,12,1.5776149002425157,12,short leg,1.51646092473812,0.4497076490441951,0.6763033142528305,own-history IV/RV z-score,Dynamic: 12-month IV/RV z-score,1.0904798933578994,1.085046084169291,2.4476617966704586,1.0839028593945124,1.078581714782153,2.433079383794809,1.0775735866264942,1.0723557287369163,2.4190347193221506
1M 98/95 short put spread,short_put_spread,2021-10-15,2021-11-19,35,4471.3701171875,0.98,0.95,4380.0,4250.0,0.9795655213518822,0.9504916588460044,SPXW  211119P04380000,SPXW  211119P04250000,46.4,46.9,26.9,27.3,1955.0,1929.4999999999995,1906.9999999999995,19.55,19.294999999999995,19.069999999999997,0.00437226163069162,0.004315232131160859,0.004264911984516071,98/95,0.151845,0.186577,0.16221274243274908,-0.010367742432749072,-0.0639144759977619,4697.9599609375,0.0,1955.0,1929.4999999999995,1906.9999999999995,0.00437226163069162,0.004315232131160859,0.004264911984516071,0.151845,0.9360855240022381,1.511381521417836,2020-10-16,2021-09-17,12,-1.4333659952802855,12,short leg,1.6110644244506958,0.47090478124288826,-0.38064247131717566,own-history IV/RV z-score,Dynamic: 12-month IV/RV z-score,1.0952477567546688,1.0904798933578994,2.43880480653168,1.0885801518404286,1.0839028593945124,2.424095592597218,1.0821693431302957,1.0775735866264942,2.4099404844264822
1M 98/95 short put spread,short_put_spread,2021-11-19,2021-12-17,28,4697.9599609375,0.98,0.95,4605.0,4465.0,0.9802126962106017,0.950412527379009,SPXW  211217P04605000,SPXW  211217P04465000,44.2,44.6,24.6,24.9,1965.000000000001,1944.5,1927.0,19.65000000000001,19.445,19.27,0.00418266655386283,0.004139030592359425,0.004101780381319934,98/95,0.15858,0.19858,0.06750313323284787,0.09107686676715213,1.3492242864192412,4620.64013671875,0.0,1965.000000000001,1944.5,1927.0,0.00418266655386283,0.004139030592359425,0.004101780381319934,0.15858,2.349224286419241,1.4975101435596656,2020-11-20,2021-10-15,12,1.5277342480988518,12,short leg,1.577259097315621,0.505300702700271,0.5687535049579051,own-history IV/RV z-score,Dynamic: 12-month IV/RV z-score,1.09982881291504,1.0952477567546688,2.3313262902651624,1.0930858183911314,1.0885801518404286,2.317133736540397,1.0866081641112133,1.0821693431302957,2.3034877949754677
1M 100/97 short put spread,short_put_spread,2021-12-17,2022-01-21,35,4620.64013671875,1.0,0.97,4620.0,4480.0,0.999861461464254,0.9695626292986705,SPXW  220121P04620000,SPXW  220121P04480000,97.7,98.6,59.6,60.3,3820.0,3777.000000000002,3737.000000000002,38.2,37.77000000000002,37.37000000000002,0.0082672527766092,0.008174192077814913,0.008087623985913246,100/97,0.170387,0.206814,0.18761110322630922,-0.017224103226309212,-0.09180748329981481,4397.93994140625,-14000.0,-10180.0,-10222.999999999998,-10262.999999999998,-0.022031579388974255,-0.022124640087768543,-0.022211208179670212,0.170387,0.9081925167001852,1.5108790392624232,2020-12-18,2021-11-19,12,-1.229072633263066,12,short leg,1.442156151357269,0.4344443283546744,-0.39889793087370906,own-history IV/RV z-score,Dynamic: 12-month IV/RV z-score,1.0755978471090208,1.09982881291504,2.380252043813263,1.0689016880741835,1.0930858183911314,2.3656588395723093,1.06247328396841,1.0866081641112133,2.3516398852970295
1M 102/99 short put spread,short_put_spread,2022-01-21,2022-02-18,28,4397.93994140625,1.02,0.99,4485.0,4355.0,1.0197956451778905,0.990236351114763,SPXW  220218P04485000,SPXW  220218P04355000,158.7,173.1,105.7,108.4,5884.9999999999945,5454.499999999998,5026.999999999998,58.849999999999945,54.54499999999998,50.26999999999998,0.013381265043192595,0.01240239765133289,0.011430351635026205,102/99,0.22773,0.25566,0.15286022934976137,0.07486977065023862,0.48979234800785343,4348.8701171875,-13000.0,-7115.0000000000055,-7545.500000000002,-7973.000000000002,-0.01617802901993466,-0.017156896411794367,-0.018128942428101053,0.22773,1.4897923480078534,1.107505539129781,2021-01-15,2021-12-17,12,0.788692026374628,12,short leg,1.1821331753752513,0.39008784461384205,0.34517823647044965,own-history IV/RV z-score,Dynamic: 12-month IV/RV z-score,1.0581967939247119,1.0755978471090208,2.4456856197201646,1.0505626525375025,1.0689016880741835,2.4304599478736857,1.0432117669719512,1.06247328396841,2.41584309500298
1M 102/99 short put spread,short_put_spread,2022-02-18,2022-03-18,28,4348.8701171875,1.02,0.99,4435.0,4305.0,1.0198051173044005,0.9899122953766503,SPXW  220318P04435000,SPXW  220318P04305000,155.3,156.4,100.8,101.7,5460.000000000002,5407.000000000002,5357.000000000002,54.600000000000016,54.07000000000002,53.57000000000002,0.012554985209655081,0.012433114474103484,0.012318142082073675,102/99,0.222486,0.255971,0.22338493370835447,-0.0008989337083544768,-0.004024146541270812,4463.1201171875,0.0,5460.000000000002,5407.000000000002,5357.000000000002,0.012554985209655081,0.012433114474103484,0.012318142082073675,0.222486,0.9959758534587292,1.107505539129781,2021-02-19,2022-01-21,12,-0.45326632061363453,12,short leg,1.1576862204744895,0.35676678292981473,-0.10070350145488749,own-history IV/RV z-score,Dynamic: 12-month IV/RV z-score,1.071482439021341,1.0581967939247119,2.4332683327159668,1.063624418258719,1.0505626525375025,2.4157140227883422,1.0560621977392028,1.0432117669719512,2.3988110448481654
1M 103/100 short put spread,short_put_spread,2022-03-18,2022-04-14,27,4463.1201171875,1.03,1.0,4595.0,4465.0,1.029548808759287,1.0004212037236597,SPXW  220414P04595000,SPXW  220414P04465000,158.9,173.5,96.2,97.0,6960.0,6571.999999999998,6186.999999999998,69.6,65.71999999999998,61.86999999999998,0.015594471619074292,0.014725124638010952,0.013862499411955836,103/100,0.169718,0.196403,0.26139175180790686,-0.09167375180790685,-0.3507140189919864,4392.58984375,-13000.0,-6040.0,-6428.000000000002,-6813.000000000002,-0.013533133416552979,-0.014402480397616319,-0.015265105623671435,0.169718,0.6492859810080136,1.0704365502961903,2021-03-19,2022-02-18,12,-1.3086762193419728,12,short leg,1.0929133715893153,0.3389894184860836,-0.39343814369160335,own-history IV/RV z-score,Dynamic: 12-month IV/RV z-score,1.0569819242205718,1.071482439021341,2.4007474835710925,1.0483055884243218,1.063624418258719,2.3831409200991374,1.0399412967455473,1.0560621977392028,2.366197122215693
1M 102/99 short put spread,short_put_spread,2022-04-14,2022-05-20,36,4392.58984375,1.02,0.99,4480.0,4350.0,1.0198994578049148,0.9903041610382542,SPXW  220520P04480000,SPXW  220520P04350000,150.1,150.9,94.8,95.5,5535.0,5494.500000000002,5457.0,55.35,54.94500000000002,54.57,0.012600766738728132,0.012508566006493539,0.012423194958128169,102/99,0.174545,0.205867,0.16662654518958797,0.007918454810412034,0.0475221688201144,3901.360107421875,-13000.0,-7465.0,-7505.499999999998,-7543.0,-0.01699453002793234,-0.01708673076016693,-0.017172101808532302,0.174545,1.0475221688201144,1.107505539129781,2021-04-16,2022-03-18,12,-0.27176568727395634,12,short leg,1.147641134800078,0.3684017912056628,-0.05416078582938588,own-history IV/RV z-score,Dynamic: 12-month IV/RV z-score,1.0390190131704236,1.0569819242205718,2.4062841326387425,1.0303934730805369,1.0483055884243218,2.386531922428187,1.0220833189229355,1.0399412967455473,2.3674900997761688
1M 103/100 short put spread,short_put_spread,2022-05-20,2022-06-17,28,3901.360107421875,1.03,1.0,4020.0,3900.0,1.0304098799678674,0.9996513760882294,SPXW  220617P04020000,SPXW  220617P03900000,178.8,183.0,116.9,117.9,6350.0,6217.000000000004,6087.0,63.5,62.17000000000004,60.87,0.016276374969641686,0.015935468218309042,0.015602251092946289,103/100,0.248652,0.26947,0.3390484481886693,-0.09039644818866929,-0.2666180856205147,3674.840087890625,-12000.0,-5650.0,-5782.999999999996,-5913.0,-0.014482128909996145,-0.014823035661328789,-0.01515625278669154,0.248652,0.7333819143794853,1.0564255871925727,2021-05-21,2022-04-14,12,-0.9843078903386415,12,short leg,1.0799954820476427,0.35213937739431145,-0.30578933029402355,own-history IV/RV z-score,Dynamic: 12-month IV/RV z-score,1.0239718058817526,1.0390190131704236,2.6632225289683285,1.0151199138838636,1.0303934730805369,2.6411134699417658,1.0065923657722788,1.0220833189229355,2.6198128108670184
1M 103/100 short put spread,short_put_spread,2022-06-17,2022-07-15,28,3674.840087890625,1.03,1.0,3785.0,3675.0,1.0299767906833213,1.0000435153926566,SPXW  220715P03785000,SPXW  220715P03675000,170.0,171.1,111.8,112.5,5840.0,5792.0,5747.0,58.4,57.92,57.47,0.015891847972498273,0.01576123004395719,0.015638775735949927,103/100,0.262046,0.278478,0.28579301216835973,-0.023747012168359727,-0.08309164730161578,3863.159912109375,0.0,5840.0,5792.0,5747.0,0.015891847972498273,0.01576123004395719,0.015638775735949927,0.262046,0.9169083526983842,1.0564255871925727,2021-06-18,2022-05-20,12,-0.45736617245386246,12,short leg,1.0786211945828972,0.35357411987181014,-0.13206536852723572,own-history IV/RV z-score,Dynamic: 12-month IV/RV z-score,1.04024461014895,1.0239718058817526,2.786439086848857,1.0311194523687892,1.0151199138838636,2.7623512577564893,1.0223342380381109,1.0065923657722788,2.739146035467539
1M 103/100 short put spread,short_put_spread,2022-07-15,2022-08-19,35,3863.159912109375,1.03,1.0,3980.0,3865.0,1.0302446936054552,1.0004763167801718,SPXW  220819P03980000,SPXW  220819P03865000,165.6,168.7,107.5,108.0,5939.999999999996,5846.999999999996,5756.999999999996,59.39999999999996,58.46999999999996,57.569999999999965,0.015376013768885427,0.015135278199776614,0.014902308294187441,103/100,0.20049,0.222804,0.23272850212726132,-0.032238502127261315,-0.13852408206379707,4228.47998046875,0.0,5939.999999999996,5846.999999999996,5756.999999999996,0.015376013768885427,0.015135278199776614,0.014902308294187441,0.20049,0.8614759179362029,0.9613325486441076,2021-07-16,2022-06-17,12,-0.5125699014278107,12,short leg,1.0318781509718586,0.33244681859193176,-0.10387314030794592,own-history IV/RV z-score,Dynamic: 12-month IV/RV z-score,1.056239425597609,1.04024461014895,2.692729873511636,1.0467257321375922,1.0311194523687892,2.669108905216854,1.037569378033058,1.0223342380381109,2.646367899070201
1M 103/100 short put spread,short_put_spread,2022-08-19,2022-09-16,28,4228.47998046875,1.03,1.0,4355.0,4230.0,1.0299209219662013,1.000359471852361,SPXW  220916P04355000,SPXW  220916P04230000,152.4,154.8,84.3,84.8,6905.000000000002,6829.500000000004,6757.000000000004,69.05000000000001,68.29500000000003,67.57000000000004,0.01632974504288547,0.01615119388419788,0.015979737473537602,103/100,0.160237,0.181846,0.17450943141623526,-0.01427243141623527,-0.08178601752585535,3873.330078125,-12500.0,-5594.999999999998,-5670.499999999996,-5742.999999999996,-0.013231705070954981,-0.013410256229642575,-0.013581712640302848,0.160237,0.9182139824741447,0.9287455172019211,2021-08-20,2022-07-15,12,-0.2729198323144304,12,short leg,1.0094370808996767,0.33424869732601203,-0.011339526848544446,own-history IV/RV z-score,Dynamic: 12-month IV/RV z-score,1.0422635770337867,1.056239425597609,2.4979175270460168,1.032688871867467,1.0467257321375922,2.4754184410766844,1.0234774088962353,1.037569378033058,2.4537644326698165
1M 103/100 short put spread,short_put_spread,2022-09-16,2022-10-21,35,3873.330078125,1.03,1.0,3990.0,3875.0,1.0301213476573825,1.0004311333765308,SPXW  221021P03990000,SPXW  221021P03875000,171.5,172.2,113.4,114.0,5815.0,5779.5,5747.0,58.15,57.795,57.47,0.015012921395056842,0.014921268994450733,0.014837361867135282,103/100,0.227729,0.24628,0.24317540153590977,-0.015446401535909787,-0.06351958889899811,3752.75,-11500.0,-5685.0,-5720.5,-5753.0,-0.014677292885795038,-0.014768945286401146,-0.014852852413716597,0.227729,0.9364804111010019,0.9175611675862645,2021-09-17,2022-08-19,12,-0.13465797823770695,12,short leg,0.9802016948158082,0.3246839458530017,0.02061905427461186,own-history IV/RV z-score,Dynamic: 12-month IV/RV z-score,1.0269659692494655,1.0422635770337867,2.6908720816748084,1.017437146420981,1.032688871867467,2.6661525122779377,1.0082758499931264,1.0234774088962353,2.6423707462382855
1M 103/100 short put spread,short_put_spread,2022-10-21,2022-11-18,28,3752.75,1.03,1.0,3865.0,3755.0,1.0299113983079076,1.0005995603224302,SPXW  221118P03865000,SPXW  221118P03755000,173.2,174.0,113.6,114.3,5965.000000000002,5924.499999999998,5887.000000000002,59.65000000000002,59.24499999999998,58.87000000000002,0.015895010325761114,0.015787089467723666,0.01568716274731864,103/100,0.271077,0.281612,0.29299287337961377,-0.02191587337961376,-0.07480002201698144,3965.340087890625,0.0,5965.000000000002,5924.499999999998,5887.000000000002,0.015895010325761114,0.015787089467723666,0.01568716274731864,0.271077,0.9251999779830186,0.9175611675862645,2021-10-15,2022-09-16,12,-0.018357190036391687,12,short leg,0.9302191787490443,0.2734187942749145,0.008325123889940444,own-history IV/RV z-score,Dynamic: 12-month IV/RV z-score,1.0432896039348911,1.0269659692494655,2.736569100658092,1.0334995176793145,1.017437146420981,2.711177526936196,1.0240928373461597,1.0082758499931264,2.686765305424359
1M 103/100 short put spread,short_put_spread,2022-11-18,2022-12-16,28,3965.340087890625,1.03,1.0,4085.0,3965.0,1.0301764563586344,0.999914234874415,SPXW  221216P04085000,SPXW  221216P03965000,157.6,160.8,93.2,93.7,6574.999999999998,6479.499999999998,6386.999999999996,65.74999999999999,64.79499999999999,63.86999999999996,0.01658117552156186,0.01634033867558328,0.016107067384975752,103/100,0.203982,0.219407,0.2820333606359019,-0.0780513606359019,-0.2767451356106212,3852.360107421875,-12000.0,-5425.000000000002,-5520.500000000002,-5613.000000000004,-0.013681045962657512,-0.01392188280863609,-0.01415515409924362,0.203982,0.7232548643893788,0.9217069802285816,2021-11-19,2022-10-21,12,-0.8981933441017723,12,short leg,0.9543799531648,0.25732220160967134,-0.21530933376460593,own-history IV/RV z-score,Dynamic: 12-month IV/RV z-score,1.029016310911095,1.0432896039348911,2.631021755538432,1.0191112585114013,1.0334995176793145,2.606332608987109,1.0095966454215932,1.0240928373461597,2.5826103553476774
1M 103/100 short put spread,short_put_spread,2022-12-16,2023-01-20,35,3852.360107421875,1.03,1.0,3970.0,3850.0,1.0305370965584142,0.999387360642291,SPXW  230120P03970000,SPXW  230120P03850000,158.6,159.7,95.1,96.0,6359.999999999998,6306.999999999996,6256.999999999996,63.59999999999998,63.069999999999965,62.569999999999965,0.016509360035545373,0.016371782035249156,0.016241991468931977,103/100,0.191024,0.208589,0.19816986883632942,-0.007145868836329422,-0.036059310521274424,3972.610107421875,0.0,6359.999999999998,6306.999999999996,6256.999999999996,0.016509360035545373,0.016371782035249156,0.016241991468931977,0.191024,0.9639406894787256,0.9175611675862645,2021-12-17,2022-11-18,12,0.3905708421616765,12,short leg,0.8882558243496034,0.19378012119448618,0.05054651780269537,own-history IV/RV z-score,Dynamic: 12-month IV/RV z-score,1.046004711670375,1.029016310911095,2.671132194855341,1.0357959259054184,1.0191112585114013,2.645420547648189,1.025994505523593,1.0095966454215932,2.620722407223888
1M 103/100 short put spread,short_put_spread,2023-01-20,2023-02-17,28,3972.610107421875,1.03,1.0,4090.0,3975.0,1.0295498147071644,1.0006015925332465,SPXW  230217P04090000,SPXW  230217P03975000,142.3,145.3,79.1,79.8,6435.000000000003,6339.500000000004,6247.000000000004,64.35000000000002,63.39500000000004,62.470000000000034,0.016198418233840113,0.015958022127961057,0.015725177732214327,103/100,0.167998,0.184144,0.17720276014941283,-0.009204760149412822,-0.051944789921170575,4079.090087890625,-1090.9912109375,5344.008789062503,5248.508789062504,5156.008789062504,0.01345213510653486,0.013211739000655805,0.012978894604909075,0.167998,0.9480552100788294,0.9217069802285816,2022-01-21,2022-12-16,12,0.19980397494546023,12,short leg,0.9113110412785032,0.1839010901077228,0.028586340795329068,own-history IV/RV z-score,Dynamic: 12-month IV/RV z-score,1.060075708373837,1.046004711670375,2.633041459860771,1.0494805913364234,1.0357959259054184,2.6073435295607807,1.0393107800759995,1.025994505523593,2.582671034357907
1M 98/95 short put spread,short_put_spread,2023-02-17,2023-03-17,28,4079.090087890625,0.98,0.95,4000.0,3875.0,0.9806108504135725,0.9499667613381484,SPXW  230317P04000000,SPXW  230317P03875000,50.5,51.0,24.9,25.4,2560.0,2532.0,2507.0,25.6,25.32,25.07,0.006275909442646864,0.006207266683117914,0.006145978504967065,98/95,0.195509,0.218554,0.1621120418357446,0.03339695816425539,0.20601158178054346,3916.639892578125,-8336.0107421875,-5776.0107421875,-5804.0107421875,-5829.0107421875,-0.014160047014736036,-0.014228689774264986,-0.014289977952415834,0.195509,1.2060115817805435,1.0419155331048358,2022-02-18,2023-01-20,12,1.1621286043756598,12,short leg,1.0339232999875148,0.1480802392653274,0.15749457941826916,own-history IV/RV z-score,Dynamic: 12-month IV/RV z-score,1.045064986504084,1.060075708373837,2.598804354728096,1.0345478575781852,1.0494805913364234,2.5728301379073724,1.0244590519430055,1.0393107800759995,2.5478985697357985
1M 102/99 short put spread,short_put_spread,2023-03-17,2023-04-21,35,3916.639892578125,1.02,0.99,3995.0,3875.0,1.020006972703915,0.9893684653886534,SPXW  230421P03995000,SPXW  230421P03875000,135.8,136.7,85.9,86.7,4994.999999999998,4949.499999999998,4907.0,49.94999999999998,49.49499999999998,49.07,0.012753278669977606,0.012637107663073906,0.012528596282999026,102/99,0.207163,0.232954,0.17718052315883265,0.029982476841167366,0.1692199362922624,4133.52001953125,0.0,4994.999999999998,4949.499999999998,4907.0,0.012753278669977606,0.012637107663073906,0.012528596282999026,0.207163,1.1692199362922624,0.9454108711892105,2022-03-18,2023-02-17,12,2.241358416436461,12,short leg,0.9073639771962596,0.11682913235819194,0.23673206213667464,own-history IV/RV z-score,Dynamic: 12-month IV/RV z-score,1.0583929915052068,1.045064986504084,2.668269269494089,1.0476215502370032,1.0345478575781852,2.641416841866447,1.0372940858132633,1.0244590519430055,2.615658013095138
1M 98/95 short put spread,short_put_spread,2023-04-21,2023-05-19,28,4133.52001953125,0.98,0.95,4050.0,3925.0,0.9797944562656984,0.9495538866278682,SPXW  230519P04050000,SPXW  230519P03925000,37.3,37.9,17.8,18.3,1954.9999999999995,1924.4999999999995,1896.9999999999995,19.549999999999997,19.244999999999994,18.969999999999995,0.004729625091356641,0.004655838101440336,0.004589308848237109,98/95,0.166452,0.195121,0.09305932314941051,0.07339267685058948,0.7886654917181652,4191.97998046875,0.0,1954.9999999999995,1924.4999999999995,1896.9999999999995,0.004729625091356641,0.004655838101440336,0.004589308848237109,0.166452,1.7886654917181652,1.079896994849888,2022-04-14,2023-03-17,12,4.390657231768325,12,short leg,1.0781409609308084,0.1618264631651046,0.6563297242685635,own-history IV/RV z-score,Dynamic: 12-month IV/RV z-score,1.0633987935543459,1.0583929915052068,2.5605125571043703,1.0524991065664866,1.0476215502370032,2.534453795522698,1.0420545487395103,1.0372940858132633,2.509469122955632
1M 98/95 short put spread,short_put_spread,2023-05-19,2023-06-16,28,4191.97998046875,0.98,0.95,4110.0,3980.0,0.9804436135547615,0.9494320150724942,SPXW  230616P04110000,SPXW  230616P03980000,36.9,37.5,18.6,19.1,1835.0000000000002,1804.5000000000002,1777.0000000000002,18.35,18.045,17.770000000000003,0.004377406401150821,0.0043046484200962715,0.004239046961768398,98/95,0.161445,0.196994,0.14247254139682455,0.01897245860317545,0.13316572033576657,4409.58984375,0.0,1835.0000000000002,1804.5000000000002,1777.0000000000002,0.004377406401150821,0.0043046484200962715,0.004239046961768398,0.161445,1.1331657203357666,1.079896994849888,2022-05-20,2023-04-21,12,0.05341832724231208,12,short leg,1.119439978488743,0.25694817781848406,0.04932759859497815,own-history IV/RV z-score,Dynamic: 12-month IV/RV z-score,1.0680537222402267,1.0633987935543459,2.5367458778642256,1.0570297451827209,1.0524991065664866,2.5107445919834652,1.0464718669083415,1.0420545487395103,2.485829020163849
1M 98/95 short put spread,short_put_spread,2023-06-16,2023-07-21,35,4409.58984375,0.98,0.95,4320.0,4190.0,0.9796829530807766,0.9502017531038087,SPXW  230721P04320000,SPXW  230721P04190000,27.7,28.0,12.2,12.5,1550.0,1532.0,1517.0000000000005,15.5,15.32,15.170000000000005,0.0035150661511000082,0.003474246028054976,0.0034402292588507836,98/95,0.130033,0.155353,0.11545072632825079,0.014582273671749219,0.12630733591306065,4536.33984375,0.0,1550.0,1532.0,1517.0000000000005,0.0035150661511000082,0.003474246028054976,0.0034402292588507836,0.130033,1.1263073359130606,1.106055644909811,2022-06-17,2023-05-19,12,-0.07483655156949184,12,short leg,1.1443277881713507,0.24079746969041746,0.018309830157687168,own-history IV/RV z-score,Dynamic: 12-month IV/RV z-score,1.0718080017268297,1.0680537222402267,2.422115797808381,1.060702126576458,1.0570297451827209,2.3971157922565483,1.0500719700434435,1.0464718669083415,2.3731727983535125
1M 103/100 short put spread,short_put_spread,2023-07-21,2023-08-18,28,4536.33984375,1.03,1.0,4670.0,4535.0,1.029464317236759,0.9997046421132125,SPXW  230818P04670000,SPXW  230818P04535000,131.6,133.8,49.2,49.5,8334.999999999998,8269.499999999998,8206.999999999996,83.34999999999998,82.69499999999998,82.06999999999996,0.0183738438633156,0.01822945432845691,0.018091678054736784,103/100,0.101835,0.112251,0.09358339156213479,0.00825160843786521,0.0881738554259015,4369.7099609375,-13500.0,-5165.000000000002,-5230.500000000002,-5293.000000000004,-0.01138583126023097,-0.011530220795089658,-0.011667997068809785,0.101835,1.0881738554259015,0.9308401945420102,2022-07-15,2023-06-16,12,1.0505949263000975,12,short leg,0.9443206582980953,0.13692546339854986,0.1690232779014258,own-history IV/RV z-score,Dynamic: 12-month IV/RV z-score,1.0596045766758027,1.0718080017268297,2.36271540194134,1.0484719968592102,1.060702126576458,2.338233384427434,1.0378197333749373,1.0500719700434435,2.3148000507285484
1M 102/99 short put spread,short_put_spread,2023-08-18,2023-09-15,28,4369.7099609375,1.02,0.99,4455.0,4325.0,1.0195184668604873,0.9897682085682621,SPXW  230915P04455000,SPXW  230915P04325000,105.8,106.3,49.9,50.3,5595.000000000001,5569.5,5547.0,55.95000000000001,55.695,55.47,0.012804053472692319,0.012745697196811413,0.012694206365151792,102/99,0.13359,0.158766,0.09834115862070726,0.035248841379292725,0.3584342697775633,4450.31982421875,-468.017578125,5126.982421875001,5101.482421875,5078.982421875,0.011733003946959976,0.01167464767107907,0.01162315683941945,0.13359,1.3584342697775633,0.9696103361886403,2022-08-19,2023-07-21,12,2.3301040520439824,12,short leg,0.9971550361451914,0.1550485409934614,0.40101050811537164,own-history IV/RV z-score,Dynamic: 12-month IV/RV z-score,1.072036921356157,1.0596045766758027,2.4248853725945456,1.0607125380155342,1.0484719968592102,2.399408670671281,1.0498824749069986,1.0378197333749373,2.3750311637440533
1M 98/95 short put spread,short_put_spread,2023-09-15,2023-10-20,35,4450.31982421875,0.98,0.95,4360.0,4230.0,0.9797048689113921,0.9504934852053185,SPXW  231020P04360000,SPXW  231020P04230000,30.0,30.4,13.9,14.1,1620.0,1602.0,1587.0,16.2,16.02,15.87,0.0036401878156799433,0.0035997412843946103,0.003566035841656833,98/95,0.135024,0.160561,0.11793981862660473,0.017084181373395277,0.1448550758542666,4224.16015625,-13000.0,-11380.0,-11398.0,-11413.0,-0.025571195890393673,-0.025611642421679008,-0.025645347864416784,0.135024,1.1448550758542666,1.1297365281244136,2022-09-16,2023-08-18,12,-0.29861583401983116,12,short leg,1.229404271449371,0.2831370140589711,0.013382366023831027,own-history IV/RV z-score,Dynamic: 12-month IV/RV z-score,1.044623655238424,1.072036921356157,2.4088986043701976,1.0335459477796887,1.0607125380155342,2.3834523807549974,1.022957873621254,1.0498824749069986,2.3591169092915805
1M 103/100 short put spread,short_put_spread,2023-10-20,2023-11-17,28,4224.16015625,1.03,1.0,4350.0,4225.0,1.0297905001456467,1.0001988191069786,SPXW  231117P04350000,SPXW  231117P04225000,148.6,149.9,83.6,84.0,6545.0,6499.500000000002,6457.0,65.45,64.99500000000002,64.57,0.015494204191846567,0.01538649047286582,0.015285878757334344,103/100,0.162923,0.187938,0.1289999620501261,0.03392303794987392,0.26296936379479163,4514.02001953125,0.0,6545.0,6499.500000000002,6457.0,0.015494204191846567,0.01538649047286582,0.015285878757334344,0.162923,1.2629693637947916,0.9559979497787775,2022-10-21,2023-09-15,12,1.811128338513146,12,short leg,0.9784504761294422,0.15709482404705039,0.32110049408270047,own-history IV/RV z-score,Dynamic: 12-month IV/RV z-score,1.0608092674563214,1.044623655238424,2.472973600901035,1.0494485926584698,1.0335459477796887,2.446748962040349,1.038594683651289,1.022957873621254,2.421683448975536
1M 98/95 short put spread,short_put_spread,2023-11-17,2023-12-15,28,4514.02001953125,0.98,0.95,4425.0,4290.0,0.9802792147252165,0.9503723912251251,SPXW  231215P04425000,SPXW  231215P04290000,25.0,25.3,9.9,10.2,1510.0,1492.0,1477.0,15.1,14.92,14.77,0.003345133591491699,0.0033052578268249104,0.0032720280229359203,98/95,0.127764,0.156835,0.15358771071537058,-0.025823710715370596,-0.16813656896825036,4719.18994140625,0.0,1510.0,1492.0,1477.0,0.003345133591491699,0.0033052578268249104,0.0032720280229359203,0.127764,0.8318634310317496,1.175433328817405,2022-11-18,2023-10-20,12,-1.5950847820001446,12,short leg,1.2868366492704681,0.28523450500744435,-0.2922921184575552,own-history IV/RV z-score,Dynamic: 12-month IV/RV z-score,1.0643578161710554,1.0608092674563214,2.350032261413141,1.0529172908332045,1.0494485926584698,2.324864728374527,1.0419929945606683,1.038594683651289,2.3008198438586898
1M 103/100 short put spread,short_put_spread,2023-12-15,2024-01-19,35,4719.18994140625,1.03,1.0,4860.0,4720.0,1.0298377603660918,1.0001716520427886,SPXW  240119P04860000,SPXW  240119P04720000,131.4,135.8,49.6,50.2,8370.0,8242.000000000004,8117.000000000004,83.7,82.42000000000003,81.17000000000003,0.017736094761860468,0.017464861771475992,0.017199985804303642,103/100,0.094859,0.103176,0.06939476407309018,0.025464235926909815,0.36694751062327335,4839.81005859375,-2018.994140625,6351.005859375,6223.005859375004,6098.005859375004,0.013457830556153653,0.013186597565769176,0.012921721598596827,0.094859,1.3669475106232734,0.9674463100581023,2022-12-16,2023-11-17,12,1.9881775316310017,12,short leg,1.0025925812193177,0.18326076198288843,0.41294405323761896,own-history IV/RV z-score,Dynamic: 12-month IV/RV z-score,1.0786817633122032,1.0643578161710554,2.2553824478060576,1.066801687417462,1.0529172908332045,2.2311398860954736,1.0554573379440695,1.0419929945606683,2.207991217768551
1M 103/100 short put spread,short_put_spread,2024-01-19,2024-02-16,28,4839.81005859375,1.03,1.0,4985.0,4840.0,1.0299990990655605,1.0000392456323597,SPXW  240216P04985000,SPXW  240216P04840000,139.2,142.9,51.6,51.9,8930.000000000002,8827.0,8726.999999999998,89.30000000000001,88.27,87.26999999999998,0.01845113732127474,0.018238319052059585,0.01803169937320992,103/100,0.101973,0.111954,0.11146638199599988,-0.009493381995999889,-0.08516811818957726,5005.56982421875,0.0,8930.000000000002,8827.0,8726.999999999998,0.01845113732127474,0.018238319052059585,0.01803169937320992,0.101973,0.9148318818104227,1.0295628930316902,2023-01-20,2023-12-15,12,-0.5766110494800147,12,short leg,1.0361764829813633,0.21044446040423367,-0.1114366222770774,own-history IV/RV z-score,Dynamic: 12-month IV/RV z-score,1.0985846686530316,1.0786817633122032,2.2287687951655353,1.0862583569578572,1.066801687417462,2.2042222205047253,1.0744890273631253,1.0554573379440695,2.180782562055218
1M 103/100 short put spread,short_put_spread,2024-02-16,2024-03-15,28,5005.56982421875,1.03,1.0,5155.0,5005.0,1.0298527802086095,0.9998861619678158,SPXW  240315P05155000,SPXW  240315P05005000,151.3,155.7,58.8,59.1,9455.0,9334.5,9217.0,94.55,93.345,92.17,0.01888895836444695,0.018648226531245905,0.01841348802169302,103/100,0.107059,0.115994,0.11937937431148893,-0.012320374311488927,-0.10320354234176299,5117.08984375,-3791.015625,5663.984375,5543.484375,5425.984375,0.011315363832496358,0.011074631999295316,0.010839893489742432,0.107059,0.896796457658237,1.0295628930316902,2023-02-17,2024-01-19,12,-0.6446290251478755,12,short leg,1.0334078722923294,0.21192253110656054,-0.12895417683761323,own-history IV/RV z-score,Dynamic: 12-month IV/RV z-score,1.1110155538796431,1.0985846686530316,2.194724491380948,1.0982882685173248,1.0862583569578572,2.1700992995885264,1.0861363739756387,1.0744890273631253,2.1465868324608324
1M 103/100 short put spread,short_put_spread,2024-03-15,2024-04-19,35,5117.08984375,1.03,1.0,5270.0,5115.0,1.029882249661253,0.9995915952594515,SPXW  240419P05270000,SPXW  240419P05115000,146.1,154.5,64.3,64.8,8575.000000000002,8349.500000000002,8127.000000000002,85.75000000000001,83.49500000000002,81.27000000000002,0.01675757170938377,0.016316891543731754,0.01588207408538331,103/100,0.111681,0.124556,0.11704065445918542,-0.005359654459185417,-0.04579310055938246,4967.22998046875,-15500.0,-6924.999999999998,-7150.499999999998,-7372.999999999998,-0.01353308269241779,-0.013973762858069807,-0.014408580316418248,0.111681,0.9542068994406175,1.0015028686181622,2023-03-17,2024-02-16,12,-0.3396838150844055,12,short leg,1.0272282495440592,0.21496858802441662,-0.047224996212743675,own-history IV/RV z-score,Dynamic: 12-month IV/RV z-score,1.0959800885164275,1.1110155538796431,2.171186334038349,1.0829410487032636,1.0982882685173248,2.146314217755569,1.0704866907966275,1.0861363739756387,2.1225665507949656
1M 103/100 short put spread,short_put_spread,2024-04-19,2024-05-17,28,4967.22998046875,1.03,1.0,5115.0,4965.0,1.029748978829707,0.9995510615619735,SPXW  240517P05115000,SPXW  240517P04965000,161.7,165.5,81.3,81.9,8200.0,8086.999999999998,7976.999999999997,82.0,80.86999999999998,79.76999999999997,0.01650819477302756,0.016280703796277298,0.016059252402980582,103/100,0.147183,0.165155,0.10893980513918047,0.038243194860819535,0.35104886420496517,5303.27001953125,0.0,8200.0,8086.999999999998,7976.999999999997,0.01650819477302756,0.016280703796277298,0.016059252402980582,0.147183,1.3510488642049652,0.9345193906255201,2023-04-21,2024-03-15,12,1.5807478211109918,12,short leg,1.0132466890874514,0.2136977009274619,0.44571517483510026,own-history IV/RV z-score,Dynamic: 12-month IV/RV z-score,1.1140727412850164,1.0959800885164275,2.2064210693401423,1.1005720911460313,1.0829410487032636,2.180170946304902,1.087677906758162,1.0704866907966275,2.1550979016590794
1M 103/100 short put spread,short_put_spread,2024-05-17,2024-06-21,35,5303.27001953125,1.03,1.0,5460.0,5305.0,1.029553460391708,1.000326210142493,SPXW  240621P05460000,SPXW  240621P05305000,146.0,153.3,56.3,56.8,9310.0,9111.999999999998,8917.0,93.1,91.11999999999998,89.17,0.01755520644001246,0.017181851888441835,0.01681415422401623,103/100,0.092296,0.101718,0.11659475352036235,-0.024298753520362343,-0.20840348975152434,5464.6201171875,0.0,9310.0,9111.999999999998,8917.0,0.01755520644001246,0.017181851888441835,0.01681415422401623,0.092296,0.7915965102484757,0.9345193906255201,2023-05-19,2024-04-19,12,-1.0203502262098867,12,short leg,1.0212645968600362,0.22508750496843394,-0.15293730853607979,own-history IV/RV z-score,Dynamic: 12-month IV/RV z-score,1.1336305182474655,1.1140727412850164,2.100727922926859,1.1194819578086552,1.1005720911460313,2.0752707048533603,1.1059662908284489,1.087677906758162,2.050957056216988
1M 98/95 short put spread,short_put_spread,2024-06-21,2024-07-19,28,5464.6201171875,0.98,0.95,5355.0,5190.0,0.9799400297117233,0.9497457991043593,SPXW  240719P05355000,SPXW  240719P05190000,25.2,25.5,9.4,9.6,1585.0,1569.5,1557.0000000000005,15.85,15.695,15.570000000000004,0.00290047609167709,0.002872111814439869,0.002849237397313079,98/95,0.12525,0.153174,0.0826413077878824,0.042608692212117605,0.5155858898250067,5505.0,0.0,1585.0,1569.5,1557.0000000000005,0.00290047609167709,0.002872111814439869,0.002849237397313079,0.12525,1.5155858898250067,1.1565322690215751,2023-06-16,2024-05-17,12,0.7688651004206837,12,short leg,1.287406629784703,0.29677411540133064,0.31045707103978226,own-history IV/RV z-score,Dynamic: 12-month IV/RV z-score,1.1369185864624378,1.1336305182474655,2.074490987364216,1.1226972351657298,1.1194819578086552,2.0485997815065393,1.1091174513444448,1.1059662908284489,2.0238667411663767
1M 98/95 short put spread,short_put_spread,2024-07-19,2024-08-16,28,5505.0,0.98,0.95,5395.0,5230.0,0.9800181653042689,0.9500454132606722,SPXW  240816P05395000,SPXW  240816P05230000,42.2,42.5,18.9,19.2,2330.0,2312.0000000000014,2297.0000000000005,23.3,23.120000000000015,22.970000000000006,0.004232515894641235,0.004199818346957314,0.004172570390554043,98/95,0.153987,0.18161,0.09537907237887884,0.05860792762112117,0.6144736592563,5554.25,0.0,2330.0,2312.0000000000014,2297.0000000000005,0.004232515894641235,0.004199818346957314,0.004172570390554043,0.153987,1.6144736592563,1.265523719394948,2023-07-21,2024-06-21,12,0.9859280127149651,12,short leg,1.3198465092773655,0.29883231450906367,0.2757355982455916,own-history IV/RV z-score,Dynamic: 12-month IV/RV z-score,1.141730612450553,1.1369185864624378,2.0652472051997055,1.127412359612057,1.1226972351657298,2.0394136878578197,1.1137453219815714,1.1091174513444448,2.01474559735594
1M 100/97 short put spread,short_put_spread,2024-08-16,2024-09-20,35,5554.25,1.0,0.97,5555.0,5390.0,1.000135031732457,0.9704280505918891,SPXW  240920P05555000,SPXW  240920P05390000,74.0,74.8,33.4,34.0,4070.0000000000005,4032.0,3997.0,40.7,40.32,39.97,0.007327722014673449,0.007259305936895171,0.007196291128415177,100/97,0.126587,0.150783,0.2198294850925169,-0.0932424850925169,-0.4241582290622893,5702.5498046875,0.0,4070.0000000000005,4032.0,3997.0,0.007327722014673449,0.007259305936895171,0.007196291128415177,0.126587,0.5758417709377107,1.1972633786067801,2023-08-18,2024-07-19,12,-2.189095332847496,12,short leg,1.2003778096168316,0.28529412552661515,-0.519035008313876,own-history IV/RV z-score,Dynamic: 12-month IV/RV z-score,1.1500968969942336,1.141730612450553,2.055598167980471,1.135596590847518,1.127412359612057,2.029819254826587,1.1217601575614613,1.1137453219815714,2.005212804575904
1M 98/95 short put spread,short_put_spread,2024-09-20,2024-10-18,28,5702.5498046875,0.98,0.95,5590.0,5415.0,0.9802632491530395,0.9495752225695365,SPXW  241018P05590000,SPXW  241018P05415000,40.7,41.2,19.1,19.4,2170.0000000000005,2147.0000000000005,2127.000000000001,21.700000000000003,21.470000000000006,21.27000000000001,0.0038053152963543765,0.003764982461416058,0.0037299104310349125,98/95,0.144817,0.179155,0.1490349492799142,-0.0042179492799142015,-0.028301746001819672,5864.669921875,0.0,2170.0000000000005,2147.0000000000005,2127.000000000001,0.0038053152963543765,0.003764982461416058,0.0037299104310349125,0.144817,0.9716982539981803,1.1565322690215751,2023-09-15,2024-08-16,12,-0.8122642975438754,12,short leg,1.252798803070366,0.34607029992845617,-0.15981743006597138,own-history IV/RV z-score,Dynamic: 12-month IV/RV z-score,1.1544733783086554,1.1500968969942336,2.0168116656321935,1.139872092095303,1.135596590847518,1.9913839067465169,1.125944222474269,1.1217601575614613,1.9671203163177524
1M 98/95 short put spread,short_put_spread,2024-10-18,2024-11-15,28,5864.669921875,0.98,0.95,5745.0,5570.0,0.9795947728569283,0.9497550713338713,SPXW  241115P05745000,SPXW  241115P05570000,48.9,49.3,24.0,24.3,2494.999999999999,2474.499999999999,2456.9999999999995,24.949999999999992,24.74499999999999,24.569999999999997,0.004254288874287268,0.004219333795360258,0.004189494093837202,98/95,0.163,0.193342,0.08885243897592798,0.07414756102407202,0.8345022587861677,5870.6201171875,0.0,2494.999999999999,2474.499999999999,2456.9999999999995,0.004254288874287268,0.004219333795360258,0.004189494093837202,0.163,1.8345022587861677,1.1478307521135416,2023-10-20,2024-09-20,12,1.681674386321086,12,short leg,1.2383690679156922,0.3544878816728641,0.5982341084765619,own-history IV/RV z-score,Dynamic: 12-month IV/RV z-score,1.1593848415576549,1.1544733783086554,1.9685223442883168,1.1446815929358687,1.139872092095303,1.9436253144335072,1.130661359144315,1.125944222474269,1.9198765445852957
1M 99/96 short put spread,short_put_spread,2024-11-15,2024-12-20,35,5870.6201171875,0.99,0.96,5810.0,5635.0,0.9896739840123496,0.95986452666258,SPXW  241220P05810000,SPXW  241220P05635000,63.1,63.6,31.8,32.1,3139.9999999999995,3116.9999999999995,3097.0,31.399999999999995,31.169999999999995,30.97,0.005348668347330081,0.00530949020338467,0.005275422252127792,99/96,0.141673,0.170225,0.14103151370132602,0.0006414862986739711,0.004548531614235518,5930.85009765625,0.0,3139.9999999999995,3116.9999999999995,3097.0,0.005348668347330081,0.00530949020338467,0.005275422252127792,0.141673,1.0045485316142355,1.0875806982539402,2023-11-17,2024-10-18,12,-0.49806250596952767,12,short leg,1.1856006400016788,0.36351282463032925,-0.07634575234096097,own-history IV/RV z-score,Dynamic: 12-month IV/RV z-score,1.1655860065620685,1.1593848415576549,1.9748933135075575,1.1507592686395562,1.1446815929358687,1.9498478356393183,1.1366260752379662,1.130661359144315,1.925965803568283
1M 98/95 short put spread,short_put_spread,2024-12-20,2025-01-17,28,5930.85009765625,0.98,0.95,5810.0,5635.0,0.9796234779725748,0.9501167467083406,SPXW  250117P05810000,SPXW  250117P05635000,51.2,51.8,26.6,27.2,2460.0,2427.0000000000005,2397.0000000000005,24.6,24.270000000000003,23.970000000000006,0.004147803366286633,0.004092162101616935,0.004041579133735391,98/95,0.169773,0.201644,0.12998839918889074,0.039784600811109266,0.3060627029747236,5996.66015625,0.0,2460.0,2427.0000000000005,2397.0000000000005,0.004147803366286633,0.004092162101616935,0.004041579133735391,0.169773,1.3060627029747236,1.1478307521135416,2023-12-15,2024-11-15,12,0.07665965644464512,12,short leg,1.278164541010895,0.36392234530784034,0.1378530332715202,own-history IV/RV z-score,Dynamic: 12-month IV/RV z-score,1.1704206281237832,1.1655860065620685,1.9652933177702199,1.1554683621067676,1.1507592686395562,1.9402939708328029,1.1412198394665074,1.1366260752379662,1.9164640085695934
1M 100/97 short put spread,short_put_spread,2025-01-17,2025-02-21,35,5996.66015625,1.0,0.97,5995.0,5815.0,0.999723153187484,0.9697064446680932,SPXW  250221P05995000,SPXW  250221P05815000,83.8,84.3,38.1,38.5,4575.0,4549.5,4527.0,45.75,45.495,45.27,0.007629246748678464,0.007586723078275993,0.007549202192626755,100/97,0.126576,0.151718,0.17492712098742877,-0.048351120987428775,-0.276407230133877,6013.1298828125,0.0,4575.0,4549.5,4527.0,0.007629246748678464,0.007586723078275993,0.007549202192626755,0.126576,0.723592769866123,1.0342929926898745,2024-01-19,2024-12-20,12,-1.2348527163241054,12,short leg,1.1072922321704108,0.31072488016747435,-0.30039865397880816,own-history IV/RV z-score,Dynamic: 12-month IV/RV z-score,1.1793500558954828,1.1704206281237832,1.951787491081875,1.1642345805957808,1.1554683621067676,1.9268531682631447,1.149835138780877,1.1412198394665074,1.9030924043228872
1M 98/95 short put spread,short_put_spread,2025-02-21,2025-03-21,28,6013.1298828125,0.98,0.95,5895.0,5710.0,0.9803546763308483,0.9495886686766996,SPXW  250321P05895000,SPXW  250321P05710000,52.9,53.3,26.4,26.8,2649.999999999999,2626.9999999999986,2606.9999999999986,26.49999999999999,26.269999999999985,26.069999999999986,0.004407022718026713,0.004368773086889121,0.004335512538073826,98/95,0.164794,0.198106,0.11847165954123519,0.04632234045876481,0.39099933805385656,5667.56005859375,-18500.0,-15850.0,-15873.000000000002,-15893.000000000002,-0.026358984936122043,-0.026397234567259637,-0.026430495116074933,0.164794,1.3909993380538566,1.1295925959419035,2024-02-16,2025-01-17,12,0.4655354265536218,12,short leg,1.2218284949903746,0.3633898376238749,0.23141683386653278,own-history IV/RV z-score,Dynamic: 12-month IV/RV z-score,1.148263585537719,1.1793500558954828,1.9612915052216862,1.133502007280479,1.1642345805957808,1.9361540550180791,1.1194444267610375,1.149835138780877,1.9122073881481978
1M 103/100 short put spread,short_put_spread,2025-03-21,2025-04-17,27,5667.56005859375,1.03,1.0,5840.0,5670.0,1.0304257810457216,1.0004305100221302,SPXW  250417P05840000,SPXW  250417P05670000,187.7,195.7,98.6,99.1,9285.0,9069.5,8857.0,92.85,90.695,88.57,0.01638271126200261,0.01600247709108591,0.01562753620329102,103/100,0.151976,0.172537,0.20198870343716668,-0.05001270343716668,-0.24760148753924893,5282.7001953125,-17000.0,-7715.0,-7930.5,-8143.0,-0.013612559761588598,-0.013992793932505299,-0.014367734820300189,0.151976,0.7523985124607511,0.9180508665308148,2024-03-15,2025-02-21,12,-0.6998997756523752,12,short leg,0.950348375548264,0.28282601305737565,-0.1804391892750351,own-history IV/RV z-score,Dynamic: 12-month IV/RV z-score,1.1326327788575308,1.148263585537719,2.0260280855720287,1.117641147270522,1.133502007280479,1.999982347891919,1.1033605460912719,1.1194444267610375,1.9751787633262363
1M 102/99 short put spread,short_put_spread,2025-04-17,2025-05-16,29,5282.7001953125,1.02,0.99,5390.0,5230.0,1.0203115453689215,0.9900240041334804,SPXW  250516P05390000,SPXW  250516P05230000,189.0,190.6,123.5,125.0,6555.0,6474.5,6397.0,65.55,64.745,63.97,0.012408427049894769,0.012256042858053956,0.012109337580194788,102/99,0.24321,0.271815,0.47703762093733293,-0.23382762093733292,-0.49016599671506866,5958.3798828125,0.0,6555.0,6474.5,6397.0,0.012408427049894769,0.012256042858053956,0.012109337580194788,0.24321,0.5098340032849313,0.8956649972623301,2024-04-19,2025-03-21,12,-1.506083226513424,12,short leg,0.9695419922922209,0.30523412047520876,-0.4307760101787178,own-history IV/RV z-score,Dynamic: 12-month IV/RV z-score,1.146686970068304,1.1326327788575308,2.14404137464123,1.1313390050713943,1.117641147270522,2.1156626458988512,1.1167215114165592,1.1033605460912719,2.0886298773311367
1M 103/100 short put spread,short_put_spread,2025-05-16,2025-06-20,35,5958.3798828125,1.03,1.0,6135.0,5960.0,1.0296423055698374,1.0002719056554574,SPXW  250620P06135000,SPXW  250620P05960000,193.3,202.0,99.9,100.4,9750.0,9517.000000000004,9287.0,97.5,95.17000000000003,92.87,0.016363508523726023,0.01597246262772314,0.015586451657419852,103/100,0.128339,0.144655,0.18884472534624733,-0.06050572534624732,-0.3203993399090703,5967.83984375,-16716.015625,-6966.015625,-7199.015624999996,-7429.015625,-0.011691123698061143,-0.012082169594064026,-0.012468180564367312,0.128339,0.6796006600909297,0.7967972837510451,2024-05-17,2025-04-17,12,-0.645248076094697,12,short leg,0.8617468155420341,0.28228856807063546,-0.14708461744296408,own-history IV/RV z-score,Dynamic: 12-month IV/RV z-score,1.1332809108582806,1.146686970068304,1.9244945650008471,1.117669975343742,1.1313390050713943,1.898735943867639,1.1027980259721044,1.1167215114165592,1.8742032790454433
1M 98/95 short put spread,short_put_spread,2025-06-20,2025-07-18,28,5967.83984375,0.98,0.95,5850.0,5670.0,0.9802541879749989,0.9500925206526911,SPXW  250718P05850000,SPXW  250718P05670000,66.1,66.5,36.7,37.0,2945.0,2924.4999999999995,2906.999999999999,29.45,29.244999999999994,29.06999999999999,0.004934783903566447,0.004900433115782707,0.004871109272552685,98/95,0.188727,0.222362,0.127858204583138,0.06086879541686199,0.47606483772641206,6296.7900390625,0.0,2945.0,2924.4999999999995,2906.999999999999,0.004934783903566447,0.004900433115782707,0.004871109272552685,0.188727,1.476064837726412,1.0197368945193224,2024-06-21,2025-05-16,12,0.8723729129070451,12,short leg,1.1286286935123266,0.39826562594236137,0.44749576646649714,own-history IV/RV z-score,Dynamic: 12-month IV/RV z-score,1.1388734072554032,1.1332809108582806,1.8989801008905145,1.1231470423034324,1.117669975343742,1.872821665136097,1.1081698756621698,1.1027980259721044,1.8479015101704561
1M 103/100 short put spread,short_put_spread,2025-07-18,2025-08-15,28,6296.7900390625,1.03,1.0,6485.0,6295.0,1.0298898263670742,0.9997157219708145,SPXW  250815P06485000,SPXW  250815P06295000,190.6,196.5,83.2,83.7,11010.0,10847.0,10687.000000000004,110.1,108.47,106.87000000000003,0.01748509944225364,0.017226237388748886,0.016972139667517233,103/100,0.115537,0.133351,0.07780391943511435,0.037733080564885654,0.4849766032205316,6449.7998046875,-3520.01953125,7489.98046875,7326.98046875,7166.980468750004,0.011894918557368872,0.01163605650386412,0.011381958782632463,0.115537,1.4849766032205316,0.7771982848571828,2024-07-19,2025-06-20,12,2.3200895404729955,12,short leg,0.8432659985841541,0.2765887235996729,0.910679207807837,own-history IV/RV z-score,Dynamic: 12-month IV/RV z-score,1.1524202136818595,1.1388734072554032,1.8086571097183428,1.1362160447498229,1.1231470423034324,1.7836819003586353,1.1207830195111117,1.1081698756621698,1.7598965008958123
1M 98/95 short put spread,short_put_spread,2025-08-15,2025-09-19,35,6449.7998046875,0.98,0.95,6320.0,6125.0,0.979875374644471,0.9496418781166748,SPXW  250919P06320000,SPXW  250919P06125000,52.7,52.9,26.7,27.1,2590.0,2572.0,2557.0,25.9,25.72,25.57,0.004015628513179082,0.003987720670230347,0.0039644641344397345,98/95,0.141668,0.172745,0.10290173229558128,0.03876626770441871,0.37673095330469364,6664.35986328125,0.0,2590.0,2572.0,2557.0,0.004015628513179082,0.003987720670230347,0.0039644641344397345,0.141668,1.3767309533046936,1.0197368945193224,2024-08-16,2025-07-18,12,0.49815285562541006,12,short leg,1.1549820453210338,0.44514230015857964,0.35008447836306744,own-history IV/RV z-score,Dynamic: 12-month IV/RV z-score,1.1570479051510845,1.1524202136818595,1.7867534630211603,1.140746956957319,1.1362160447498229,1.761629940706158,1.1252263235944524,1.1207830195111117,1.7377020271180572
1M 98/95 short put spread,short_put_spread,2025-09-19,2025-10-17,28,6664.35986328125,0.98,0.95,6530.0,6330.0,0.979839044403719,0.9498286601953356,SPXW  251017P06530000,SPXW  251017P06330000,45.8,46.2,21.7,22.0,2415.0,2394.5,2377.0,24.15,23.945,23.77,0.0036237538931622997,0.0035929932493487067,0.003566734163166371,98/95,0.14418,0.177665,0.08509393365808247,0.05908606634191753,0.6943628505803052,6664.009765625,0.0,2415.0,2394.5,2377.0,0.0036237538931622997,0.0035929932493487067,0.003566734163166371,0.14418,1.6943628505803052,1.186919119007594,2024-09-20,2025-08-15,12,1.1434703163864517,12,short leg,1.2157272544651656,0.41858156635644406,0.427530169028699,own-history IV/RV z-score,Dynamic: 12-month IV/RV z-score,1.161240762001951,1.1570479051510845,1.736172609054462,1.1448456530728819,1.140746956957319,1.7117127231416691,1.129239706764111,1.1252263235944524,1.688423714622815
1M 101/98 short put spread,short_put_spread,2025-10-17,2025-11-21,35,6664.009765625,1.01,0.98,6730.0,6530.0,1.009902481643319,0.9798905208218236,SPXW  251121P06730000,SPXW  251121P06530000,147.7,148.4,85.8,86.3,6200.000000000002,6167.0,6136.999999999998,62.00000000000002,61.67,61.36999999999998,0.009303707854663565,0.009254188119308095,0.00920917017807585,101/98,0.156553,0.189483,0.12845643693574996,0.02809656306425004,0.21872444646976397,6602.990234375,-12700.9765625,-6500.976562499998,-6533.9765625,-6563.976562500002,-0.009755352694760477,-0.009804872430115947,-0.009849890371348194,0.156553,1.218724446469764,1.066407654823405,2024-10-18,2025-09-19,12,0.5115600834202009,12,short leg,1.0468089974018904,0.3360611092219649,0.14283167507043304,own-history IV/RV z-score,Dynamic: 12-month IV/RV z-score,1.1499124488050896,1.161240762001951,1.7425556126762987,1.1336205874923295,1.1448456530728819,1.7179531443341303,1.118116819449511,1.129239706764111,1.6945348918740704
1M 101/98 short put spread,short_put_spread,2025-11-21,2025-12-19,28,6602.990234375,1.01,0.98,6670.0,6470.0,1.0101483968999605,0.9798590896465883,SPXW  251219P06670000,SPXW  251219P06470000,156.7,157.8,90.2,91.2,6655.0,6599.5,6546.999999999998,66.55,65.995,65.46999999999998,0.010078766988559576,0.009994714160931468,0.009915204729391362,101/98,0.184149,0.217369,0.14231923964814291,0.04182976035185709,0.2939150072419805,6834.5,0.0,6655.0,6599.5,6546.999999999998,0.010078766988559576,0.009994714160931468,0.009915204729391362,0.184149,1.2939150072419805,1.066407654823405,2024-11-15,2025-10-17,12,0.8858275216353391,12,short leg,1.0216189549739327,0.3073917276416949,0.21333994686698898,own-history IV/RV z-score,Dynamic: 12-month IV/RV z-score,1.1615021484338401,1.1499124488050896,1.7415025738167451,1.1449508012312626,1.1336205874923295,1.7168291141651695,1.1292031766257289,1.118116819449511,1.6933491944734724
1M 98/95 short put spread,short_put_spread,2025-12-19,2026-01-16,28,6834.5,0.98,0.95,6700.0,6495.0,0.9803204330967884,0.9503255541736777,SPXW  260116P06700000,SPXW  260116P06495000,44.5,45.0,20.4,20.7,2420.0000000000005,2397.0000000000005,2377.0000000000005,24.200000000000003,23.970000000000006,23.770000000000003,0.0035408588777525794,0.0035072060867656746,0.003477942790255323,98/95,0.139536,0.172295,0.12316769468173602,0.01636830531826397,0.1328944684769775,6940.009765625,0.0,2420.0000000000005,2397.0000000000005,2377.0000000000005,0.0035408588777525794,0.0035072060867656746,0.003477942790255323,0.139536,1.1328944684769775,1.383865145679275,2024-12-20,2025-11-21,12,-0.37426568422451717,12,short leg,1.2842936420987483,0.40452325714945425,-0.1813548653825714,own-history IV/RV z-score,Dynamic: 12-month IV/RV z-score,1.1656148636276509,1.1615021484338401,1.699469088351511,1.148966379650388,1.1449508012312626,1.6752517393097703,1.133130480672608,1.1292031766257289,1.652210368901498
1M 98/95 short put spread,short_put_spread,2026-01-16,2026-02-20,35,6940.009765625,0.98,0.95,6800.0,6595.0,0.9798257105748625,0.9502868472413555,SPXW  260220P06800000,SPXW  260220P06595000,61.6,62.0,32.4,32.8,2920.0000000000005,2897.0000000000005,2876.9999999999995,29.200000000000003,28.970000000000006,28.769999999999996,0.004207486874821469,0.004174345711081436,0.004145527307829233,98/95,0.148891,0.178757,0.08500857998827482,0.06388242001172517,0.7514820271146327,6909.509765625,0.0,2920.0000000000005,2897.0000000000005,2876.9999999999995,0.004207486874821469,0.004174345711081436,0.004145527307829233,0.148891,1.7514820271146327,1.383865145679275,2025-01-17,2025-12-19,12,1.1840413717803793,12,short leg,1.269862955890603,0.40675865109328496,0.2656450179290495,own-history IV/RV z-score,Dynamic: 12-month IV/RV z-score,1.1705191728674609,1.1656148636276509,1.6795579588390945,1.1537625625294583,1.148966379650388,1.6555688225993654,1.13782790402357,1.133130480672608,1.6327505564692257
1M 98/95 short put spread,short_put_spread,2026-02-20,2026-03-20,28,6909.509765625,0.98,0.95,6770.0,6565.0,0.9798090211379301,0.9501397671743739,SPXW  260320P06770000,SPXW  260320P06565000,73.2,73.7,40.6,41.1,3260.0,3232.0,3207.0,32.6,32.32,32.07,0.004718135020546015,0.00467761116147384,0.004641429144445114,98/95,0.183187,0.216919,0.11883316462118158,0.0643538353788184,0.5415477706410217,6506.47998046875,-20500.0,-17240.0,-17268.0,-17293.0,-0.024951118943010213,-0.024991642802082388,-0.025027824819111116,0.183187,1.5415477706410217,1.4330376411208208,2025-02-21,2026-01-16,12,0.4826791049723724,12,short leg,1.3476347290452646,0.40174318630771527,0.07572036240118019,own-history IV/RV z-score,Dynamic: 12-month IV/RV z-score,1.141313409760171,1.1705191728674609,1.6940697858056815,1.1249281406883067,1.1537625625294583,1.6698182673819473,1.1093505465673716,1.13782790402357,1.6467563439656674
1M 102/99 short put spread,short_put_spread,2026-03-20,2026-04-17,28,6506.47998046875,1.02,0.99,6635.0,6440.0,1.0197526189148423,0.989782496731211,SPXW  260417P06635000,SPXW  260417P06440000,205.3,206.6,127.5,128.8,7780.0,7711.999999999998,7646.999999999998,77.8,77.11999999999998,76.46999999999998,0.011957310286597548,0.011852799091290523,0.011752898684011751,102/99,0.213774,0.243755,0.13417735976579712,0.07959664023420288,0.5932196040608984,7126.06005859375,0.0,7780.0,7711.999999999998,7646.999999999998,0.011957310286597548,0.011852799091290523,0.011752898684011751,0.213774,1.5932196040608984,1.1110778584428442,2025-03-21,2026-02-20,12,1.888412397456409,12,short leg,1.0450020540478686,0.29030605324951775,0.43394055776952234,own-history IV/RV z-score,Dynamic: 12-month IV/RV z-score,1.1549604483349278,1.141313409760171,1.7541180687348346,1.1382616879320242,1.1249281406883067,1.728935067909427,1.1223886311462312,1.1093505465673716,1.704993406415507
1M 103/100 short put spread,short_put_spread,2026-04-17,2026-05-15,28,7126.06005859375,1.03,1.0,7340.0,7125.0,1.0300221917366872,0.9998512419787324,SPXW  260515P07340000,SPXW  260515P07125000,218.3,233.8,103.2,104.0,12245.0,11834.5,11427.0,122.45,118.345,114.27,0.01718340836214678,0.016607353716768154,0.016035508971355757,103/100,0.125591,0.144132,0.1875932767303727,-0.0620022767303727,-0.3305143862884191,7408.5,0.0,12245.0,11834.5,11427.0,0.01718340836214678,0.016607353716768154,0.016035508971355757,0.125591,0.6694856137115809,1.0740878465831794,2025-04-17,2026-03-20,12,-1.2960817875674568,12,short leg,1.05823055255332,0.29993858610678625,-0.37669380038019573,own-history IV/RV z-score,Dynamic: 12-month IV/RV z-score,1.1748066053607948,1.1549604483349278,1.6207559841459527,1.1571652024057568,1.1382616879320242,1.5973226138605514,1.1403867041103244,1.1223886311462312,1.5750479534517456
1M 103/100 short put spread,short_put_spread,2026-05-15,2026-06-18,34,7408.5,1.03,1.0,7630.0,7410.0,1.0298980900317203,1.0002024701356549,SPXW  260618P07630000,SPXW  260618P07410000,252.8,257.3,133.7,134.5,12095.0,11959.499999999998,11827.0,120.95,119.59499999999998,118.27,0.016325841938314097,0.01614294391577242,0.015964095295943847,103/100,0.134489,0.154341,0.11373466510524415,0.020754334894755852,0.18248029196332416,7500.580078125,-12941.9921875,-846.9921875,-982.4921875000018,-1114.9921875,-0.0011432708206789498,-0.0013261688432206274,-0.0015050174630492003,0.134489,1.1824802919633242,1.0740878465831794,2025-05-16,2026-04-17,12,0.40147811399058425,12,short leg,1.073217809436779,0.2721505325421242,0.10091581030821262,own-history IV/RV z-score,Dynamic: 12-month IV/RV z-score,1.173463483248945,1.1748066053607948,1.5857550183718632,1.1556306059678672,1.1571652024057568,1.5619426367088571,1.1386704022060092,1.1403867041103244,1.539295004535769
1M 102/99 short put spread,short_put_spread,2026-06-18,2026-07-17,29,7500.580078125,1.02,0.99,7650.0,7425.0,1.0199211154762249,0.9899234356092771,SPXW  260717P07650000,SPXW  260717P07425000,171.6,172.3,77.1,77.6,9460.0,9426.999999999996,9396.999999999996,94.6,94.26999999999997,93.96999999999997,0.01261235784628116,0.012568361249142965,0.0125283643426537,102/99,0.121148,0.147555,0.1644843782530378,-0.043336378253037794,-0.26346804914428057,7457.68994140625,-19231.005859375,-9771.005859375,-9804.005859375004,-9834.005859375004,-0.013027000255448992,-0.013070996852587188,-0.01311099375907645,0.121148,0.7365319508557194,1.1793764236323878,2025-06-20,2026-05-15,12,-1.718032311469145,12,short leg,1.1728882732184036,0.25398609761276364,-0.3754903556684148,own-history IV/RV z-score,Dynamic: 12-month IV/RV z-score,1.158176774152901,1.173463483248945,1.564496973602458,1.1405253619545077,1.1556306059678672,1.5407216427675985,1.1237413016690412,1.1386704022060092,1.5181097866375355
1M 99/96 short put spread,short_put_spread,2026-07-17,2026-08-21,35,7457.68994140625,0.99,0.96,7385.0,7160.0,0.9902530217832383,0.960082821390384,SPXW  260821P07385000,SPXW  260821P07160000,108.0,108.6,60.0,60.6,4800.0,4767.0,4737.000000000001,48.0,47.67,47.37000000000001,0.0064363094171422395,0.006392059789899386,0.006351832856042248,99/96,0.161049,0.192017,0.11630524664665977,0.04474375335334023,0.38470967255048816,7674.3701171875,0.0,4800.0,4767.0,4737.000000000001,0.0064363094171422395,0.006392059789899386,0.006351832856042248,0.161049,1.3847096725504882,1.4318866440817912,2025-07-18,2026-06-18,12,0.010178399258224351,12,short leg,1.3813826118643882,0.32687464911652697,-0.0329474206120246,own-history IV/RV z-score,Dynamic: 12-month IV/RV z-score,1.1656311582310968,1.158176774152901,1.5529966829574453,1.1478156682600176,1.1405253619545077,1.529327943257783,1.1308791185906744,1.1237413016690412,1.50682223382586
1M 103/100 short put spread,short_put_spread,2026-08-21,2026-09-18,28,7674.3701171875,1.03,1.0,7905.0,7675.0,1.0300519624791071,1.000082076157767,SPXW  260918P07905000,SPXW  260918P07675000,231.1,236.8,96.4,96.8,13735.0,13579.499999999998,13426.999999999998,137.35,135.795,134.26999999999998,0.01789723428798297,0.017694611795679993,0.01749589841898415,103/100,0.104256,0.123316,0.1288172437050172,-0.024561243705017208,-0.19066735942014723,7650.5,-23000.0,-9265.0,-9420.500000000002,-9573.000000000002,-0.012072652033357277,-0.012275274525660254,-0.012473987902356097,0.104256,0.8093326405798528,1.0601191170811064,2025-08-15,2026-07-17,12,-0.9865266529736336,12,short leg,1.0469154710617272,0.24082758409592023,-0.2365644317326906,own-history IV/RV z-score,Dynamic: 12-month IV/RV z-score,1.1515588988585335,1.1656311582310968,1.518862317599919,1.1337259158272717,1.1478156682600176,1.4956480476350398,1.1167725461463471,1.1308791185906744,1.4735790707539116
1M 99/96 short put spread,short_put_spread,2019-11-15,2019-12-20,35,3120.4599609375,0.99,0.96,3090.0,2995.0,0.9902386310611886,0.9597944013036439,SPXW  191220P03090000,SPXW  191220P02995000,30.2,30.8,13.6,13.9,1675.0,1649.5,1627.0,16.75,16.495,16.27,0.005367798404619712,0.005286079682638934,0.0052139749279500125,99/96,0.11272,0.144816,0.058103313587985046,0.054616686412014954,0.9399926276030655,3221.219970703125,0.0,1675.0,1649.5,1627.0,0.005367798404619712,0.005286079682638934,0.0052139749279500125,0.11272,1.9399926276030655,1.0675269577054016,2018-11-16,2019-10-18,12,3.385538934198714,12,short leg,1.0612913460796236,0.2595454663502229,0.8172774126219606,own-history IV/RV z-score,Fixed 99/96,1.0053677984046197,1.0,3.2046557639520667,1.0052860796826388,1.0,3.2046557639520667,1.00521397492795,1.0,3.2046557639520667
1M 99/96 short put spread,short_put_spread,2019-12-20,2020-01-17,28,3221.219970703125,0.99,0.96,3190.0,3090.0,0.9903080289495689,0.9592638901110245,SPXW  200117P03190000,SPXW  200117P03090000,22.0,22.4,9.8,10.1,1225.0,1204.5,1187.0000000000002,12.25,12.045,11.870000000000003,0.003802907007721699,0.003739266523102683,0.0036849392801352305,99/96,0.105452,0.14867,0.07726082182080321,0.028191178179196794,0.36488322949220886,3329.6201171875,0.0,1225.0,1204.5,1187.0000000000002,0.003802907007721699,0.003739266523102683,0.0036849392801352305,0.105452,1.3648832294922089,1.0762534916291342,2018-12-21,2019-11-15,12,0.6013598404253744,12,short leg,1.1534898017903668,0.35152568144941654,0.26818007105944286,own-history IV/RV z-score,Fixed 99/96,1.0091911186505103,1.0053677984046197,3.1210777517474813,1.0090451122665371,1.0052860796826388,3.1208240630123933,1.008918127389103,1.00521397492795,3.120600220010845
1M 99/96 short put spread,short_put_spread,2020-01-17,2020-02-21,35,3329.6201171875,0.99,0.96,3295.0,3195.0,0.9896023822631324,0.9595689260487733,SPXW  200221P03295000,SPXW  200221P03195000,30.4,30.8,13.6,13.9,1685.0,1664.5,1647.0,16.85,16.645,16.47,0.005060637372119509,0.004999068786880072,0.0049465102385049435,99/96,0.108047,0.140608,0.06963264619328462,0.03841435380671539,0.5516716067358083,3337.75,0.0,1685.0,1664.5,1647.0,0.005060637372119509,0.004999068786880072,0.0049465102385049435,0.108047,1.5516716067358083,1.0762534916291342,2019-01-18,2019-12-20,12,1.0804523957732277,12,short leg,1.1663878480739387,0.3565948487588299,0.44173433006663654,own-history IV/RV z-score,Fixed 99/96,1.0142982689411641,1.0091911186505103,3.0309497273910178,1.0140893981918229,1.0090451122665371,3.0305112197570105,1.0139087512360465,1.008918127389103,3.0301298402813805
1M 99/96 short put spread,short_put_spread,2020-02-21,2020-03-20,28,3337.75,0.99,0.96,3305.0,3205.0,0.9901880008988091,0.9602276982997529,SPXW  200320P03305000,SPXW  200320P03205000,41.7,42.3,21.5,21.9,2030.0,2002.0000000000005,1977.0,20.3,20.020000000000003,19.77,0.006081941427608419,0.005998052580331063,0.0059231518238334205,99/96,0.15686,0.191117,0.13555104714294353,0.021308952857056473,0.15720242156879394,2304.919921875,-10000.0,-7970.0,-7998.0,-8023.0,-0.023878361171447832,-0.02396225001872519,-0.02403715077522283,0.15686,1.157202421568794,1.1198032859087936,2019-02-15,2020-01-17,12,-0.30508092633341577,12,short leg,1.2516209413180988,0.30948680038462006,0.033397951346113786,own-history IV/RV z-score,Fixed 99/96,0.9900784885398127,1.0142982689411641,3.0388683063176214,0.9897895344910118,1.0140893981918229,3.038242523232186,0.9895372737102678,1.0139087512360465,3.0377012994863204
1M 99/96 short put spread,short_put_spread,2020-03-20,2020-04-17,28,2304.919921875,0.99,0.96,2280.0,2215.0,0.9891883784601383,0.9609878325829853,SPXW  200417P02280000,SPXW  200417P02215000,143.3,147.4,118.9,122.8,2450.000000000002,2247.0000000000036,2047.0000000000036,24.500000000000018,22.470000000000038,20.470000000000038,0.010629436522926933,0.009748711782455852,0.008881002678543451,99/96,0.604129,0.632767,0.8348738695538477,-0.23074486955384765,-0.2763829100043058,2874.56005859375,0.0,2450.000000000002,2247.0000000000036,2047.0000000000036,0.010629436522926933,0.009748711782455852,0.008881002678543451,0.604129,0.7236170899956942,1.156961572418057,2019-03-15,2020-02-21,12,-1.752918037583187,12,short leg,1.2592684113902646,0.30557693509337874,-0.3745539115155486,own-history IV/RV z-score,Fixed 99/96,1.000602464986462,0.9900784885398127,4.295500590469132,0.999438707388056,0.9897895344910118,4.294246950175347,0.9983253568886074,0.9895372737102678,4.293152505295288
1M 99/96 short put spread,short_put_spread,2020-04-17,2020-05-15,28,2874.56005859375,0.99,0.96,2845.0,2760.0,0.9897166669016437,0.9601469246567792,SPXW  200515P02845000,SPXW  200515P02760000,94.7,95.7,69.4,70.4,2529.999999999999,2476.999999999999,2426.999999999999,25.29999999999999,24.769999999999992,24.269999999999992,0.008801346809353806,0.008616970769474062,0.008443031109210153,99/96,0.345552,0.380312,0.5894801972737838,-0.24392819727378373,-0.41380219115399974,2863.699951171875,0.0,2529.999999999999,2476.999999999999,2426.999999999999,0.008801346809353806,0.008616970769474062,0.008443031109210153,0.345552,0.5861978088460003,1.1198032859087936,2019-04-18,2020-03-20,12,-1.8317743175793904,12,short leg,1.2130071742971413,0.3421870038441429,-0.47651715598399735,own-history IV/RV z-score,Fixed 99/96,1.0094091142991022,1.000602464986462,3.4808890563795076,1.0080508415154998,0.999438707388056,3.4768405843535817,1.0067542489339312,0.9983253568886074,3.472967468201007
1M 99/96 short put spread,short_put_spread,2020-05-15,2020-06-19,35,2863.699951171875,0.99,0.96,2835.0,2750.0,0.9899780173687085,0.9602961367774068,SPXW  200619P02835000,SPXW  200619P02750000,94.0,95.0,68.1,68.9,2600.0,2552.0,2506.999999999999,26.0,25.52,25.06999999999999,0.009079163474986392,0.008911548149294336,0.008754408781458028,99/96,0.285552,0.318706,0.2733208874610599,0.012231112538940048,0.0447500103360472,3097.739990234375,0.0,2600.0,2552.0,2506.999999999999,0.009079163474986392,0.008911548149294336,0.008754408781458028,0.285552,1.0447500103360472,1.1198032859087936,2019-05-17,2020-04-17,12,-0.3313402743942293,12,short leg,1.1727218971419746,0.3862249677914681,-0.06702362505735615,own-history IV/RV z-score,Fixed 99/96,1.018573704660965,1.0094091142991022,3.5248424468702972,1.017034135126602,1.0080508415154998,3.520099377391085,1.0155677871715685,1.0067542489339312,3.5155716943108866
1M 99/96 short put spread,short_put_spread,2020-06-19,2020-07-17,28,3097.739990234375,0.99,0.96,3065.0,2975.0,0.989431007657974,0.9603775686076582,SPXW  200717P03065000,SPXW  200717P02975000,98.8,100.2,70.2,71.4,2869.999999999999,2801.999999999999,2736.999999999999,28.699999999999992,28.019999999999992,27.36999999999999,0.009264818897156229,0.009045304024331622,0.008835473631190452,99/96,0.298943,0.33376,0.2677381591763992,0.03120484082360081,0.11654984451820893,3224.72998046875,0.0,2869.999999999999,2801.999999999999,2736.999999999999,0.009264818897156229,0.009045304024331622,0.008835473631190452,0.298943,1.116549844518209,1.0737391766938766,2019-06-21,2020-05-15,12,-0.12072613474297114,12,short leg,1.1633910043977018,0.38799519241810276,0.0398706396800661,own-history IV/RV z-score,Fixed 99/96,1.0280106055680545,1.018573704660965,3.2881187829579583,1.0262335180819453,1.017034135126602,3.2831488063323646,1.0245408095758093,1.0155677871715685,3.2784152006725735
1M 99/96 short put spread,short_put_spread,2020-07-17,2020-08-21,35,3224.72998046875,0.99,0.96,3190.0,3095.0,0.9892301120778796,0.9597702811539301,SPXW  200821P03190000,SPXW  200821P03095000,74.3,75.0,48.4,49.0,2595.000000000001,2559.500000000001,2527.000000000001,25.95000000000001,25.59500000000001,25.27000000000001,0.008047185394489337,0.00793709865787879,0.007836315025770542,99/96,0.222604,0.252198,0.189345690691771,0.033258309308228984,0.17564862018628657,3397.159912109375,0.0,2595.000000000001,2559.500000000001,2527.000000000001,0.008047185394489337,0.00793709865787879,0.007836315025770542,0.222604,1.1756486201862866,1.0905711746778475,2019-07-19,2020-06-19,12,0.0243941488028164,12,short leg,1.1661963373950304,0.38748155828929365,0.07801182305553866,own-history IV/RV z-score,Fixed 99/96,1.0362831974985618,1.0280106055680545,3.1878966976907064,1.0343788347609837,1.0262335180819453,3.1823858874930386,1.0325694341164033,1.0245408095758093,3.1771367394515337
1M 99/96 short put spread,short_put_spread,2020-08-21,2020-09-18,28,3397.159912109375,0.99,0.96,3365.0,3260.0,0.9905332945927158,0.9596251234390055,SPXW  200918P03365000,SPXW  200918P03260000,53.2,53.7,31.1,31.5,2215.0,2189.5,2167.0,22.15,21.895,21.67,0.0065201522957588865,0.00644508959438559,0.006378857799056211,99/96,0.177645,0.220133,0.09525106914940115,0.08239393085059885,0.8650184358704058,3319.469970703125,-4553.0029296875,-2338.0029296875,-2363.5029296875,-2386.0029296875,-0.0068822280674911765,-0.0069572907688644735,-0.007023522564193852,0.177645,1.8650184358704058,1.0905711746778475,2019-08-16,2020-07-17,12,2.019891491540819,12,short leg,1.1311511013872464,0.36332017712661824,0.7101299568286576,own-history IV/RV z-score,Fixed 99/96,1.0291512601908677,1.0362831974985618,3.05043985066664,1.0271823604423924,1.0343788347609837,3.0448341011969435,1.02531715939679,1.0325694341164033,3.039507885500913
1M 99/96 short put spread,short_put_spread,2020-09-18,2020-10-16,28,3319.469970703125,0.99,0.96,3285.0,3185.0,0.9896158208969056,0.9594905295454016,SPXW  201016P03285000,SPXW  201016P03185000,64.8,65.4,38.2,38.8,2659.999999999999,2626.999999999999,2596.9999999999986,26.59999999999999,26.269999999999992,25.969999999999985,0.008013327499500055,0.007913914038040091,0.007823538163985578,99/96,0.229368,0.256411,0.21787787236911788,0.011490127630882113,0.05273655147235923,3483.81005859375,0.0,2659.999999999999,2626.999999999999,2596.9999999999986,0.008013327499500055,0.007913914038040091,0.007823538163985578,0.229368,1.0527365514723592,1.1368761330435015,2019-09-20,2020-08-21,12,-0.3901310076927719,12,short leg,1.2127504766979154,0.41015433808216306,-0.07400945373520551,own-history IV/RV z-score,Fixed 99/96,1.0373981862853003,1.0291512601908677,3.1003481558017363,1.0353113933443245,1.0271823604423924,3.094416787945264,1.03333876732352,1.02531715939679,3.088797815452474
1M 99/96 short put spread,short_put_spread,2020-10-16,2020-11-20,35,3483.81005859375,0.99,0.96,3450.0,3345.0,0.9902950912865216,0.960155675464758,SPXW  201120P03450000,SPXW  201120P03345000,93.9,101.1,61.6,69.1,3215.000000000001,2844.500000000001,2477.000000000001,32.150000000000006,28.445000000000007,24.77000000000001,0.009228402082568603,0.008164911267143513,0.007110031713381783,99/96,0.247052,0.276092,0.19161848739510465,0.055433512604895346,0.2892910457569531,3557.5400390625,0.0,3215.000000000001,2844.500000000001,2477.000000000001,0.009228402082568603,0.008164911267143513,0.007110031713381783,0.247052,1.289291045756953,1.1368761330435015,2019-10-18,2020-09-18,12,0.18883717260350646,12,short leg,1.2117624805841547,0.4105577525013143,0.13406466041768828,own-history IV/RV z-score,Fixed 99/96,1.0469717138680685,1.0373981862853003,2.9777690770663,1.0437646190048437,1.0353113933443245,2.971779103715634,1.040685838729857,1.03333876732352,2.9661168374392664
1M 99/96 short put spread,short_put_spread,2020-11-20,2020-12-18,28,3557.5400390625,0.99,0.96,3520.0,3415.0,0.9894477536021231,0.9599329768611508,SPXW  201218P03520000,SPXW  201218P03415000,67.6,68.3,40.4,41.0,2724.9999999999986,2689.499999999999,2656.999999999999,27.249999999999986,26.894999999999992,26.56999999999999,0.007659787297061887,0.0075599992423662195,0.007468643981025114,99/96,0.21493,0.245421,0.22515666388504263,-0.01022666388504262,-0.045420214123726765,3709.409912109375,0.0,2724.9999999999986,2689.499999999999,2656.999999999999,0.007659787297061887,0.0075599992423662195,0.007468643981025114,0.21493,0.9545797858762732,1.1664255208775403,2019-11-15,2020-10-16,12,-0.7051088111528786,12,short leg,1.2389632743651526,0.4033185857143127,-0.18161959868804012,own-history IV/RV z-score,Fixed 99/96,1.0549912945023383,1.0469717138680685,2.9429653703742193,1.051655478733729,1.0437646190048437,2.9339504476242007,1.0484583507554248,1.040685838729857,2.9252962083431773
1M 99/96 short put spread,short_put_spread,2020-12-18,2021-01-15,28,3709.409912109375,0.99,0.96,3670.0,3560.0,0.9893756923491466,0.9597213800444038,SPXW  210115P03670000,SPXW  210115P03560000,53.5,54.3,30.8,31.4,2280.0,2242.0,2207.0,22.8,22.42,22.07,0.0061465301868012375,0.006044088017021217,0.005949733386960672,99/96,0.182639,0.218642,0.10235516916440954,0.08028383083559046,0.7843651814656605,3768.25,0.0,2280.0,2242.0,2207.0,0.0061465301868012375,0.006044088017021217,0.005949733386960672,0.182639,1.7843651814656605,1.1368761330435015,2019-12-20,2020-11-20,12,1.8268952760516506,12,short leg,1.1568455375545865,0.3434896636589324,0.5695335046649126,own-history IV/RV z-score,Fixed 99/96,1.0614758303408096,1.0549912945023383,2.844094665996113,1.0580117770107782,1.051655478733729,2.8351018184876198,1.0546963984097522,1.0484583507554248,2.8264828519833594
1M 99/96 short put spread,short_put_spread,2021-01-15,2021-02-19,35,3768.25,0.99,0.96,3730.0,3620.0,0.9898493995886685,0.9606581304318981,SPXW  210219P03730000,SPXW  210219P03620000,81.3,82.2,53.3,53.9,2815.000000000001,2774.500000000002,2737.000000000001,28.15000000000001,27.74500000000002,27.370000000000008,0.007470311152391696,0.007362834206859953,0.007263318516552779,99/96,0.213706,0.245435,0.10357143178064089,0.11013456821935912,1.063368211927577,3906.7099609375,0.0,2815.000000000001,2774.500000000002,2737.000000000001,0.007470311152391696,0.007362834206859953,0.007263318516552779,0.213706,2.063368211927577,1.1368761330435015,2020-01-17,2020-12-18,12,2.2615897805973226,12,short leg,1.1918023668857076,0.3853775129863182,0.8149454913824143,own-history IV/RV z-score,Fixed 99/96,1.069405385074199,1.0614758303408096,2.816893333353174,1.0658017423138137,1.0580117770107782,2.8077005957958687,1.0623569942896631,1.0546963984097522,2.7989024040595827
1M 99/96 short put spread,short_put_spread,2021-02-19,2021-03-19,28,3906.7099609375,0.99,0.96,3870.0,3750.0,0.9906033564547775,0.9598869733088928,SPXW  210319P03870000,SPXW  210319P03750000,64.0,64.5,38.2,38.6,2584.9999999999995,2559.499999999999,2536.999999999999,25.849999999999994,25.59499999999999,25.36999999999999,0.006616820869342634,0.006551548555157628,0.006493955336759095,99/96,0.185577,0.22753,0.15186756728512862,0.03370943271487137,0.22196597547113206,3913.10009765625,0.0,2584.9999999999995,2559.499999999999,2536.999999999999,0.006616820869342634,0.006551548555157628,0.006493955336759095,0.185577,1.221965975471132,1.1368761330435015,2020-02-21,2021-01-15,12,-0.027638727140461904,12,short leg,1.2344437506516883,0.451459834497564,0.07484530632184061,own-history IV/RV z-score,Fixed 99/96,1.0764814489439454,1.069405385074199,2.737355462184277,1.0727843941787545,1.0658017423138137,2.7281312228718697,1.0692558931622738,1.0623569942896631,2.7193137061926334
1M 99/96 short put spread,short_put_spread,2021-03-19,2021-04-16,28,3913.10009765625,0.99,0.96,3875.0,3755.0,0.9902634492587935,0.9595972263140051,SPXW  210416P03875000,SPXW  210416P03755000,60.0,60.7,33.3,33.8,2680.0000000000005,2647.0000000000005,2617.0000000000005,26.800000000000004,26.470000000000006,26.170000000000005,0.006848789791002754,0.0067644576779045855,0.006687792120542615,99/96,0.176705,0.213429,0.18860622412244157,-0.011901224122441573,-0.06310090866733753,4185.47021484375,0.0,2680.0000000000005,2647.0000000000005,2617.0000000000005,0.006848789791002754,0.0067644576779045855,0.006687792120542615,0.176705,0.9368990913326625,1.1460992323522476,2020-03-20,2021-02-19,12,-0.6719505034124816,12,short leg,1.2398407134768832,0.4508391921811804,-0.1825323105663582,own-history IV/RV z-score,Fixed 99/96,1.0838540441016766,1.0764814489439454,2.750968342436994,1.0800411988106933,1.0727843941787545,2.7415204502979575,1.076406854299408,1.0692558931622738,2.7325033003952655
1M 99/96 short put spread,short_put_spread,2021-04-16,2021-05-21,35,4185.47021484375,0.99,0.96,4145.0,4020.0,0.9903307841732519,0.960465561490102,SPXW  210521P04145000,SPXW  210521P04020000,56.2,56.7,29.4,29.9,2680.0,2652.0,2627.0,26.8,26.52,26.27,0.006403103743267346,0.00633620564445709,0.006276475199090791,99/96,0.141554,0.17265,0.12012026379867413,0.02143373620132588,0.1784356404448928,4155.85986328125,0.0,2680.0,2652.0,2627.0,0.006403103743267346,0.00633620564445709,0.006276475199090791,0.141554,1.1784356404448928,1.1460992323522476,2020-04-17,2021-03-19,12,-0.18308550298049553,12,short leg,1.2576142135882973,0.43246773695588303,0.028214317905333575,own-history IV/RV z-score,Fixed 99/96,1.0907940739886195,1.0838540441016766,2.589563390650335,1.0868845619508438,1.0800411988106933,2.5804536727566054,1.0831628952245496,1.076406854299408,2.57177043210566
1M 99/96 short put spread,short_put_spread,2021-05-21,2021-06-18,28,4155.85986328125,0.99,0.96,4115.0,3990.0,0.9901681325584956,0.9600901212414088,SPXW  210618P04115000,SPXW  210618P03990000,57.7,58.2,33.4,33.9,2430.0,2402.0,2377.0,24.3,24.02,23.77,0.005847165400041663,0.005779790654691389,0.005719634632057215,99/96,0.164039,0.206839,0.14231869690226887,0.021720303097731125,0.15261735506647156,4166.4501953125,0.0,2430.0,2402.0,2377.0,0.005847165400041663,0.005779790654691389,0.005719634632057215,0.164039,1.1526173550664716,1.1770421303155896,2020-05-15,2021-04-16,12,-0.40680549570976193,12,short leg,1.3069673662215382,0.3794196803702688,-0.02075097791322833,own-history IV/RV z-score,Fixed 99/96,1.0971721273566162,1.0907940739886195,2.624713320163268,1.0931665271847357,1.0868845619508438,2.615306092377948,1.0893581912322352,1.0831628952245496,2.6063508656649956
1M 99/96 short put spread,short_put_spread,2021-06-18,2021-07-16,28,4166.4501953125,0.99,0.96,4125.0,4000.0,0.9900514362660248,0.9600498775912968,SPXW  210716P04125000,SPXW  210716P04000000,61.1,61.9,34.6,35.1,2665.0,2629.5,2597.0,26.65,26.295,25.97,0.006396332309452015,0.006311127882815787,0.006233123830261494,99/96,0.172228,0.2102,0.08283457802441589,0.0893934219755841,1.0791800249074122,4327.16015625,0.0,2665.0,2629.5,2597.0,0.006396332309452015,0.006311127882815787,0.006233123830261494,0.172228,2.079180024907412,1.1770421303155896,2020-06-19,2021-05-21,12,2.0413602273612144,12,short leg,1.3159563116157402,0.3738799762344058,0.7664448632352188,own-history IV/RV z-score,Fixed 99/96,1.1041900048838575,1.0971721273566162,2.6333499164132546,1.1000656409350122,1.0931665271847357,2.6237359765265214,1.0961482957336954,1.0893581912322352,2.6145954953639596
1M 99/96 short put spread,short_put_spread,2021-07-16,2021-08-20,35,4327.16015625,0.99,0.96,4285.0,4155.0,0.9902568532876914,0.9602140549382399,SPXW  210820P04285000,SPXW  210820P04155000,65.6,66.2,38.5,39.0,2715.000000000001,2684.5,2656.999999999999,27.15000000000001,26.845,26.56999999999999,0.006274322886058537,0.006203837859161745,0.006140285785730211,99/96,0.156831,0.193429,0.10112589254863172,0.05570510745136828,0.5508491054808693,4441.669921875,0.0,2715.000000000001,2684.5,2656.999999999999,0.006274322886058537,0.006203837859161745,0.006140285785730211,0.156831,1.5508491054808693,1.2002008079580124,2020-07-17,2021-06-18,12,0.3624542177374874,12,short leg,1.3961754933148403,0.4267397221407245,0.29215802488871834,own-history IV/RV z-score,Fixed 99/96,1.1111180495020574,1.1041900048838575,2.551765973554281,1.1068902698058078,1.1000656409350122,2.542234632443903,1.1028789595330415,1.0961482957336954,2.5331817084478763
1M 99/96 short put spread,short_put_spread,2021-08-20,2021-09-17,28,4441.669921875,0.99,0.96,4395.0,4265.0,0.9894927082165307,0.9602244369837323,SPXW  210917P04395000,SPXW  210917P04265000,53.2,53.7,30.8,31.2,2245.0,2219.5,2197.0,22.45,22.195,21.97,0.00505440530135634,0.004996994461630466,0.00494633783834293,99/96,0.148676,0.192916,0.08386506029187885,0.06481093970812116,0.7728002517682229,4432.990234375,0.0,2245.0,2219.5,2197.0,0.00505440530135634,0.004996994461630466,0.00494633783834293,0.148676,1.7728002517682229,1.2556285106140426,2020-08-21,2021-07-16,12,0.8167572128389007,12,short leg,1.4274422004227223,0.4228405282704493,0.4118827637174842,own-history IV/RV z-score,Fixed 99/96,1.1167340904618934,1.1111180495020574,2.5015772649603187,1.11242139435366,1.1068902698058078,2.4920588185862917,1.108334171461692,1.1028789595330415,2.4830277326584276
1M 99/96 short put spread,short_put_spread,2021-09-17,2021-10-15,28,4432.990234375,0.99,0.96,4390.0,4255.0,0.990302204132633,0.9598487194952969,SPXW  211015P04390000,SPXW  211015P04255000,65.8,66.4,38.6,39.2,2719.9999999999986,2686.9999999999986,2656.9999999999977,27.199999999999985,26.869999999999987,26.56999999999998,0.00613581320100401,0.0060613713496683,0.005993696939363106,99/96,0.174623,0.217044,0.08508592149584869,0.08953707850415131,1.0523136722274296,4471.3701171875,0.0,2719.9999999999986,2686.9999999999986,2656.9999999999977,0.00613581320100401,0.0060613713496683,0.005993696939363106,0.174623,2.0523136722274296,1.2556285106140426,2020-09-18,2021-08-20,12,1.524493337262999,12,short leg,1.4197573517475404,0.41492888490778845,0.6344911372104656,own-history IV/RV z-score,Fixed 99/96,1.1235861622361607,1.1167340904618934,2.519144034657094,1.1191641935221532,1.11242139435366,2.5094153957920877,1.1149771905929735,1.108334171461692,2.500195382492094
1M 99/96 short put spread,short_put_spread,2021-10-15,2021-11-19,35,4471.3701171875,0.99,0.96,4425.0,4295.0,0.9896295506808399,0.9605556881749621,SPXW  211119P04425000,SPXW  211119P04295000,57.0,57.4,32.3,32.8,2465.0000000000005,2439.5000000000005,2417.0000000000005,24.650000000000006,24.395000000000003,24.170000000000005,0.005512851621306826,0.005455822121776067,0.005405501975131278,99/96,0.13899,0.17504,0.16221274243274908,-0.023222742432749077,-0.14316225768993995,4697.9599609375,0.0,2465.0000000000005,2439.5000000000005,2417.0000000000005,0.005512851621306826,0.005455822121776067,0.005405501975131278,0.13899,0.85683774231006,1.420070075618911,2020-10-16,2021-09-17,12,-1.4875205327871488,12,short leg,1.5030554451437963,0.4344260725080051,-0.3966229152905547,own-history IV/RV z-score,Fixed 99/96,1.1297803260323223,1.1235861622361607,2.512845353412386,1.125270154287071,1.1191641935221532,2.502955837228052,1.1210042019989501,1.1149771905929735,2.4935918104992307
1M 99/96 short put spread,short_put_spread,2021-11-19,2021-12-17,28,4697.9599609375,0.99,0.96,4650.0,4510.0,0.9897913219064708,0.9599911530748781,SPXW  211217P04650000,SPXW  211217P04510000,54.5,54.9,29.4,29.8,2510.0,2486.9999999999995,2466.9999999999995,25.1,24.869999999999994,24.669999999999995,0.005342744554806971,0.00529378713458364,0.005251215464824222,99/96,0.145039,0.186052,0.06750313323284787,0.07753586676715213,1.148626190427294,4620.64013671875,-2935.986328125,-425.986328125,-448.98632812500045,-468.98632812500045,-0.0009067474641482309,-0.0009557048843715627,-0.0009982765541309809,0.145039,2.148626190427294,1.3864075404760006,2020-11-20,2021-10-15,12,1.449514164341682,12,short leg,1.4670176698565551,0.47023239740489287,0.5497796482624424,own-history IV/RV z-score,Fixed 99/96,1.1287559005866479,1.1297803260323223,2.404831747026787,1.1241947281043811,1.125270154287071,2.395231469921932,1.1198851297870123,1.1210042019989501,2.3861510343209664
1M 99/96 short put spread,short_put_spread,2021-12-17,2022-01-21,35,4620.64013671875,0.99,0.96,4575.0,4435.0,0.9901225511253166,0.9598237189597331,SPXW  220121P04575000,SPXW  220121P04435000,83.2,84.1,51.0,51.7,3230.0,3187.000000000001,3147.000000000002,32.3,31.870000000000008,31.470000000000017,0.006990373421059612,0.006897312722265321,0.006810744630363657,99/96,0.182818,0.217555,0.18761110322630922,-0.004793103226309214,-0.025548078679157094,4397.93994140625,-14000.0,-10770.0,-10813.0,-10852.999999999998,-0.023308458744523846,-0.023401519443318135,-0.0234880875352198,0.182818,0.9744519213208429,1.661824678624546,2020-12-18,2021-11-19,12,-1.2381062350123202,12,short leg,1.5665215369024736,0.4782058266395364,-0.41362531568169136,own-history IV/RV z-score,Fixed 99/96,1.1024463402451863,1.1287559005866479,2.442856113413346,1.0978868633165708,1.1241947281043811,2.4329848134477405,1.093581169829184,1.1198851297870123,2.423657970867809
1M 99/96 short put spread,short_put_spread,2022-01-21,2022-02-18,28,4397.93994140625,0.99,0.96,4355.0,4220.0,0.990236351114763,0.9595401611261309,SPXW  220218P04355000,SPXW  220218P04220000,105.7,108.4,63.6,68.4,4105.000000000002,3914.500000000002,3727.000000000001,41.05000000000002,39.14500000000002,37.27000000000001,0.009333915548395189,0.008900758200777823,0.008474422228713486,99/96,0.25566,0.281864,0.15286022934976137,0.10279977065023863,0.6725082847744603,4348.8701171875,-612.98828125,3492.011718750002,3301.511718750002,3114.011718750001,0.00794010778972444,0.007506950442107077,0.007080614470042739,0.25566,1.6725082847744603,1.3864075404760006,2021-01-15,2021-12-17,12,0.34608447336441955,12,short leg,1.4990287652237388,0.5012635148415089,0.20636121482737435,own-history IV/RV z-score,Fixed 99/96,1.1111998830191203,1.1024463402451863,2.50673350462507,1.1061286455905286,1.0978868633165708,2.496366203139917,1.1013243964844428,1.093581169829184,2.486575952375351
1M 99/96 short put spread,short_put_spread,2022-02-18,2022-03-18,28,4348.8701171875,0.99,0.96,4305.0,4175.0,0.9899122953766503,0.9600194734489,SPXW  220318P04305000,SPXW  220318P04175000,100.8,101.7,64.2,65.1,3659.999999999999,3612.0,3567.000000000001,36.599999999999994,36.12,35.67000000000001,0.008415979096581972,0.008305605600233358,0.008202130447406532,99/96,0.255971,0.285417,0.22338493370835447,0.03258606629164554,0.14587405583130808,4463.1201171875,0.0,3659.999999999999,3612.0,3567.000000000001,0.008415979096581972,0.008305605600233358,0.008202130447406532,0.255971,1.145874055831308,1.3864075404760006,2021-02-19,2022-01-21,12,-0.6775201273099117,12,short leg,1.466457104627646,0.47317125480716027,-0.17349406839067627,own-history IV/RV z-score,Fixed 99/96,1.1205517180067335,1.1111998830191203,2.5551461714790302,1.1153157138639238,1.1061286455905286,2.543485125524705,1.1103576028493194,1.1013243964844428,2.5324380052920294
1M 99/96 short put spread,short_put_spread,2022-03-18,2022-04-14,27,4463.1201171875,0.99,0.96,4420.0,4285.0,0.9903385712113272,0.9600906736743297,SPXW  220414P04420000,SPXW  220414P04285000,80.1,80.8,47.4,48.0,3274.999999999999,3239.499999999999,3206.999999999999,32.74999999999999,32.39499999999999,32.06999999999999,0.00733791588397533,0.00725837511637804,0.007185556103788971,99/96,0.207694,0.242909,0.26139175180790686,-0.05369775180790687,-0.20543016922495927,4392.58984375,-2741.015625,533.9843749999991,498.4843749999991,465.9843749999991,0.0011964373823227887,0.001116896614725499,0.0010440776021364308,0.207694,0.7945698307750407,1.364642372962881,2021-03-19,2022-02-18,12,-1.3945795922285031,12,short leg,1.460116111324327,0.4772379319603839,-0.4177450103283188,own-history IV/RV z-score,Fixed 99/96,1.1218923879709828,1.1205517180067335,2.5106913741610555,1.1165614062090885,1.1153157138639238,2.4989596618043888,1.1115169023528164,1.1103576028493194,2.487850592623143
1M 99/96 short put spread,short_put_spread,2022-04-14,2022-05-20,36,4392.58984375,0.99,0.96,4350.0,4215.0,0.9903041610382542,0.9595705836267222,SPXW  220520P04350000,SPXW  220520P04215000,94.8,95.5,57.4,57.9,3750.0,3717.0,3687.000000000002,37.5,37.17,36.87000000000002,0.008537104836536675,0.008461978313975152,0.008393681475282862,99/96,0.205867,0.232611,0.16662654518958797,0.03924045481041202,0.23549942037005067,3901.360107421875,-13500.0,-9750.0,-9783.0,-9812.999999999998,-0.022196472574995355,-0.022271599097556875,-0.022339895936249167,0.205867,1.2354994203700507,1.364642372962881,2021-04-16,2022-03-18,12,-0.43161129483697197,12,short leg,1.4482553396111921,0.4929340862627414,-0.09463501584846579,own-history IV/RV z-score,Fixed 99/96,1.0969903343492888,1.1218923879709828,2.5540567817122017,1.0916937982021955,1.1165614062090885,2.5419204749967466,1.0866857304228725,1.1115169023528164,2.5304363527915976
1M 99/96 short put spread,short_put_spread,2022-05-20,2022-06-17,28,3901.360107421875,0.99,0.96,3860.0,3745.0,0.9893985414616835,0.9599216419103639,SPXW  220617P03860000,SPXW  220617P03745000,100.4,101.3,63.2,63.9,3730.0,3687.000000000001,3647.000000000001,37.3,36.87000000000001,36.470000000000006,0.009560768289254092,0.009450550317018726,0.009348021970753266,99/96,0.27675,0.29678,0.3390484481886693,-0.06229844818866931,-0.18374497367999243,3674.840087890625,-11500.0,-7770.0,-7812.999999999999,-7852.999999999999,-0.019916131262065494,-0.020026349234300862,-0.02012887758056632,0.27675,0.8162550263200076,1.39317426292546,2021-05-21,2022-04-14,12,-1.2985391526735104,12,short leg,1.4530106546049553,0.4903630568042226,-0.4141041447277437,own-history IV/RV z-score,Fixed 99/96,1.0751425308571714,1.0969903343492888,2.81181512125065,1.0698311569424779,1.0916937982021955,2.798238993948232,1.0648119663866422,1.0866857304228725,2.7854022712632496
1M 99/96 short put spread,short_put_spread,2022-06-17,2022-07-15,28,3674.840087890625,0.99,0.96,3640.0,3530.0,0.9905192914365362,0.9605860161458716,SPXW  220715P03640000,SPXW  220715P03530000,97.0,97.7,61.0,61.6,3605.0,3569.5,3537.000000000001,36.05,35.695,35.37000000000001,0.009809950674804157,0.009713347831820648,0.00962490860937096,99/96,0.28417,0.30351,0.28579301216835973,-0.0016230121683597498,-0.005678977789014827,3863.159912109375,0.0,3605.0,3569.5,3537.000000000001,0.009809950674804157,0.009713347831820648,0.00962490860937096,0.28417,0.9943210222109852,1.39317426292546,2021-06-18,2022-05-20,12,-0.8314953016287896,12,short leg,1.42498046054275,0.5179337002724608,-0.2862909912482463,own-history IV/RV z-score,Fixed 99/96,1.0856896260532642,1.0751425308571714,2.925685213895411,1.0802227990911792,1.0698311569424779,2.911231866844486,1.0750606842492783,1.0648119663866422,2.897573611149565
1M 99/96 short put spread,short_put_spread,2022-07-15,2022-08-19,35,3863.159912109375,0.99,0.96,3825.0,3710.0,0.9901220987539864,0.9603537219287032,SPXW  220819P03825000,SPXW  220819P03710000,91.7,92.2,56.7,57.2,3500.0,3472.0,3447.0,35.0,34.72,34.47,0.009059940772912294,0.008987461246728995,0.008922747384065337,99/96,0.230711,0.251757,0.23272850212726132,-0.002017502127261317,-0.00866890865888914,4228.47998046875,0.0,3500.0,3472.0,3447.0,0.009059940772912294,0.008987461246728995,0.008922747384065337,0.230711,0.9913310913411109,1.1906867381006794,2021-07-16,2022-06-17,12,-0.7046299745842176,12,short leg,1.3345755436513809,0.48712723655108336,-0.16742913176102903,own-history IV/RV z-score,Fixed 99/96,1.0955259097630723,1.0856896260532642,2.8103667742308196,1.0899312596358441,1.0802227990911792,2.7962155946616054,1.084653179157375,1.0750606842492783,2.782853179024293
1M 99/96 short put spread,short_put_spread,2022-08-19,2022-09-16,28,4228.47998046875,0.99,0.96,4185.0,4060.0,0.9897173498113783,0.9601558996975379,SPXW  220916P04185000,SPXW  220916P04060000,67.1,67.5,34.3,34.7,3280.0,3256.999999999999,3236.9999999999986,32.8,32.56999999999999,32.36999999999998,0.007756924509871734,0.007702531441662266,0.00765523312148012,99/96,0.190044,0.211611,0.17450943141623526,0.01553456858376473,0.0890185043736238,3873.330078125,-12500.0,-9220.0,-9243.0,-9263.000000000002,-0.021804525603968717,-0.021858918672178183,-0.021906216992360332,0.190044,1.0890185043736238,1.0700975390211467,2021-08-20,2022-07-15,12,-0.4049030985132128,12,short leg,1.2879490424730677,0.4913040646759892,0.017681533376653347,own-history IV/RV z-score,Fixed 99/96,1.0716384870138322,1.0955259097630723,2.590826762390459,1.0661065408731996,1.0899312596358441,2.577595884739223,1.0608925312533002,1.084653179157375,2.5651136677183355
1M 99/96 short put spread,short_put_spread,2022-09-16,2022-10-21,35,3873.330078125,0.99,0.96,3835.0,3720.0,0.9901041023223214,0.9604138880414694,SPXW  221021P03835000,SPXW  221021P03720000,97.1,97.7,59.9,60.4,3725.0,3694.5,3667.0,37.25,36.945,36.67,0.009617047669232456,0.00953830405744411,0.00946730571894642,99/96,0.252126,0.266987,0.24317540153590977,0.008950598464090243,0.03680717049322313,3752.75,-8225.0,-4500.0,-4530.5,-4558.0,-0.011617909935985517,-0.011696653547773864,-0.011767651886271553,0.252126,1.0368071704932231,1.0416697632923044,2021-09-17,2022-08-19,12,-0.41389026380603633,12,short leg,1.2309672301901846,0.4691099952714804,-0.004668075210047973,own-history IV/RV z-score,Fixed 99/96,1.0591882875877696,1.0716384870138322,2.766710983569442,1.0536366620195903,1.0661065408731996,2.75242883867331,1.0484083172567658,1.0608925312533002,2.7389675288578985
1M 99/96 short put spread,short_put_spread,2022-10-21,2022-11-18,28,3752.75,0.99,0.96,3715.0,3605.0,0.989940710145893,0.9606288721604157,SPXW  221118P03715000,SPXW  221118P03605000,96.2,96.8,58.9,59.4,3735.0,3704.5,3677.0,37.35,37.045,36.77,0.009952701352341616,0.009871427619745519,0.009798148024781827,99/96,0.285892,0.298739,0.29299287337961377,-0.007100873379613792,-0.02423565221128643,3965.340087890625,0.0,3735.0,3704.5,3677.0,0.009952701352341616,0.009871427619745519,0.009798148024781827,0.285892,0.9757643477887136,1.0155640963521042,2021-10-15,2022-09-16,12,-0.43417738665844285,12,short leg,1.1463416883790007,0.3928747692345303,-0.03918979482078078,own-history IV/RV z-score,Fixed 99/96,1.069730072290029,1.0591882875877696,2.82243231653526,1.064037560066227,1.0536366620195903,2.8076388302433957,1.0586807771396598,1.0484083172567658,2.7937067943688385
1M 99/96 short put spread,short_put_spread,2022-11-18,2022-12-16,28,3965.340087890625,0.99,0.96,3925.0,3805.0,0.9898268277130086,0.9595646062287893,SPXW  221216P03925000,SPXW  221216P03805000,76.7,77.1,40.4,40.7,3635.0000000000014,3614.500000000001,3597.0000000000014,36.350000000000016,36.14500000000001,35.97000000000001,0.009166931257928121,0.009115233296225912,0.00907110088989476,99/96,0.224623,0.239326,0.2820333606359019,-0.05741036063590191,-0.20355875810740442,3852.360107421875,-7263.9892578125,-3628.9892578124986,-3649.489257812499,-3666.9892578124986,-0.009151773056981225,-0.009203471018683435,-0.009247603425014586,0.224623,0.7964412418925956,1.0155640963521042,2021-11-19,2022-10-21,12,-0.9312992179526787,12,short leg,1.156252238835555,0.38635380552981646,-0.21576467231029106,own-history IV/RV z-score,Fixed 99/96,1.0599401454362025,1.069730072290029,2.697700697997571,1.0542447212193669,1.064037560066227,2.6833450258543783,1.048890517158986,1.0586807771396598,2.6698360132404892
1M 99/96 short put spread,short_put_spread,2022-12-16,2023-01-20,35,3852.360107421875,0.99,0.96,3815.0,3700.0,0.9903020210000882,0.9604501907471368,SPXW  230120P03815000,SPXW  230120P03700000,80.7,81.6,44.8,45.5,3600.000000000001,3557.000000000001,3517.000000000002,36.00000000000001,35.57000000000001,35.170000000000016,0.009344920774837008,0.009233300887804233,0.00912946843475049,99/96,0.21315,0.226621,0.19816986883632942,0.014980131163670585,0.0755923756302368,3972.610107421875,0.0,3600.000000000001,3557.000000000001,3517.000000000002,0.009344920774837008,0.009233300887804233,0.00912946843475049,0.21315,1.0755923756302368,0.9928260567760481,2021-12-17,2022-11-18,12,0.13335722036755038,12,short leg,1.043570159790997,0.24012359998942906,0.0833643701122746,own-history IV/RV z-score,Fixed 99/96,1.0698452021213731,1.0599401454362025,2.7514046347695906,1.0639788799397647,1.0542447212193669,2.736620388079197,1.058466330026898,1.048890517158986,2.7227218845357055
1M 99/96 short put spread,short_put_spread,2023-01-20,2023-02-17,28,3972.610107421875,0.99,0.96,3935.0,3815.0,0.9905326456901448,0.9603258051608392,SPXW  230217P03935000,SPXW  230217P03815000,63.3,63.9,30.9,31.5,3239.999999999999,3207.0,3177.0,32.39999999999999,32.07,31.77,0.008155846942912498,0.00807277813145691,0.007997261030133646,99/96,0.190558,0.209535,0.17720276014941283,0.013355239850587175,0.07536699676306613,4079.090087890625,0.0,3239.999999999999,3207.0,3177.0,0.008155846942912498,0.00807277813145691,0.007997261030133646,0.190558,1.0753669967630661,1.0155640963521042,2022-01-21,2022-12-16,12,0.0976736651475851,12,short leg,1.0519985309834465,0.23925042378935812,0.05888638700971538,own-history IV/RV z-score,Fixed 99/96,1.0785706958424846,1.0698452021213731,2.6930536176269158,1.0725681453740745,1.0639788799397647,2.6782866960741347,1.0669311615597306,1.058466330026898,2.6644103030634843
1M 99/96 short put spread,short_put_spread,2023-02-17,2023-03-17,28,4079.090087890625,0.99,0.96,4040.0,3915.0,0.9904169589177082,0.959772869842284,SPXW  230317P04040000,SPXW  230317P03915000,62.6,63.3,31.4,32.0,3125.0,3089.500000000001,3057.000000000001,31.25,30.89500000000001,30.570000000000007,0.0076610222688560355,0.007573993055881833,0.0074943184242857305,99/96,0.187664,0.211614,0.1621120418357446,0.0255519581642554,0.15761912486516705,3916.639892578125,-12336.0107421875,-9211.0107421875,-9246.5107421875,-9279.0107421875,-0.02258104269266259,-0.022668071905636796,-0.022747746537232896,0.187664,1.157619124865167,1.0155640963521042,2022-02-18,2023-01-20,12,1.1102672023685143,12,short leg,1.0022367569824968,0.13995042594358875,0.13987795455089747,own-history IV/RV z-score,Fixed 99/96,1.0542154449126107,1.0785706958424846,2.6441453182031434,1.0482550935310395,1.0725681453740745,2.629429902904449,1.0426608819238943,1.0669311615597306,2.61561068417457
1M 99/96 short put spread,short_put_spread,2023-03-17,2023-04-21,35,3916.639892578125,0.99,0.96,3875.0,3760.0,0.9893684653886534,0.9600065625448612,SPXW  230421P03875000,SPXW  230421P03760000,85.9,86.7,54.6,55.3,3135.000000000002,3094.5,3057.0,31.35000000000002,30.945,30.57,0.008004310036112077,0.007900905073923065,0.007805159738562874,99/96,0.232954,0.256895,0.17718052315883265,0.055773476841167346,0.31478333987742824,4133.52001953125,0.0,3135.000000000002,3094.5,3057.0,0.008004310036112077,0.007900905073923065,0.007805159738562874,0.232954,1.3147833398774282,1.0155640963521042,2022-03-18,2023-02-17,12,2.2084044097476343,12,short leg,1.0032155127353184,0.1410827771249172,0.294633538739816,own-history IV/RV z-score,Fixed 99/96,1.0626537121785489,1.0542154449126107,2.6916323017347255,1.0565372575182848,1.0482550935310395,2.6764142792842427,1.050799016660461,1.0426608819238943,2.662131088180189
1M 99/96 short put spread,short_put_spread,2023-04-21,2023-05-19,28,4133.52001953125,0.99,0.96,4090.0,3970.0,0.989471438549804,0.960440491697487,SPXW  230519P04090000,SPXW  230519P03970000,47.2,47.9,23.2,23.8,2405.0,2369.5,2337.0,24.05,23.695,23.37,0.00581828559831853,0.005732402380547092,0.005653776899488734,99/96,0.156477,0.185139,0.09305932314941051,0.0634176768505895,0.6814758017181131,4191.97998046875,0.0,2405.0,2369.5,2337.0,0.00581828559831853,0.005732402380547092,0.005653776899488734,0.156477,1.681475801718113,1.0560870836281446,2022-04-14,2023-03-17,12,4.2120374861864045,12,short leg,1.0465666384938508,0.15073682637119917,0.592175330789456,own-history IV/RV z-score,Fixed 99/96,1.068836534968117,1.0626537121785489,2.570820286722734,1.0625937542084194,1.0565372575182848,2.556023080875506,1.0567399998668614,1.050799016660461,2.542140867094733
1M 99/96 short put spread,short_put_spread,2023-05-19,2023-06-16,28,4191.97998046875,0.99,0.96,4150.0,4025.0,0.9899856438569977,0.9601667991625098,SPXW  230616P04150000,SPXW  230616P04025000,46.2,46.8,23.4,24.0,2280.0,2247.0,2217.0,22.8,22.47,22.17,0.0054389572722745895,0.005360235522281142,0.005288670295014371,99/96,0.149999,0.185012,0.14247254139682455,0.00752645860317544,0.052827432776763716,4409.58984375,0.0,2280.0,2247.0,2217.0,0.0054389572722745895,0.005360235522281142,0.005288670295014371,0.149999,1.0528274327767637,1.0560870836281446,2022-05-20,2023-04-21,12,-0.13223701963229315,12,short leg,1.0837313369395225,0.2337008520661778,-0.0030865360460451408,own-history IV/RV z-score,Fixed 99/96,1.0746498912128546,1.068836534968117,2.549717651200708,1.0682895069954814,1.0625937542084194,2.5348254504058954,1.0623287493137108,1.0567399998668614,2.5208612750786465
1M 99/96 short put spread,short_put_spread,2023-06-16,2023-07-21,35,4409.58984375,0.99,0.96,4365.0,4235.0,0.9898879838420346,0.9604067838650668,SPXW  230721P04365000,SPXW  230721P04235000,37.9,38.3,15.9,16.2,2204.9999999999995,2184.499999999999,2166.999999999999,22.049999999999997,21.84499999999999,21.66999999999999,0.005000465073016463,0.004953975488437397,0.004914289257699171,99/96,0.122473,0.146048,0.11545072632825079,0.007022273671749207,0.06082485485438527,4536.33984375,0.0,2204.9999999999995,2184.499999999999,2166.999999999999,0.005000465073016463,0.004953975488437397,0.004914289257699171,0.122473,1.0608248548543853,1.064097214769915,2022-06-17,2023-05-19,12,-0.19499430577147975,12,short leg,1.1034457041442522,0.21857484053824505,-0.0030752452596517488,own-history IV/RV z-score,Fixed 99/96,1.0800236404595853,1.0746498912128546,2.4370744883132978,1.0735817870276918,1.0682895069954814,2.4226505068484725,1.067549340074608,1.0623287493137108,2.409132792292278
1M 99/96 short put spread,short_put_spread,2023-07-21,2023-08-18,28,4536.33984375,0.99,0.96,4490.0,4355.0,0.9897847504053636,0.960025075281817,SPXW  230818P04490000,SPXW  230818P04355000,34.3,34.6,12.8,13.1,2150.0000000000005,2132.0,2117.0,21.500000000000004,21.32,21.17,0.0047395038159722324,0.004699824249140836,0.004666757943448006,99/96,0.119243,0.146449,0.09358339156213479,0.025659608437865217,0.27418976817941565,4369.7099609375,-12029.00390625,-9879.00390625,-9897.00390625,-9912.00390625,-0.02177747754031463,-0.021817157107146025,-0.021850223412838855,0.119243,1.2741897681794156,1.0680959258087257,2022-07-15,2023-06-16,12,0.763450886565316,12,short leg,1.1089876901978688,0.21638861240278776,0.1929544317048515,own-history IV/RV z-score,Fixed 99/96,1.0565034498864678,1.0800236404595853,2.380826123394616,1.050159284512738,1.0735817870276918,2.366625570407457,1.0442231484897493,1.067549340074608,2.353327521405694
1M 99/96 short put spread,short_put_spread,2023-08-18,2023-09-15,28,4369.7099609375,0.99,0.96,4325.0,4195.0,0.9897682085682621,0.9600179502760369,SPXW  230915P04325000,SPXW  230915P04195000,49.9,50.3,23.0,23.4,2689.999999999999,2666.9999999999995,2646.999999999999,26.89999999999999,26.669999999999995,26.46999999999999,0.006156014985083524,0.0061033799127203575,0.006057610284578472,99/96,0.158766,0.183961,0.09834115862070726,0.06042484137929273,0.614441015611233,4450.31982421875,0.0,2689.999999999999,2666.9999999999995,2646.999999999999,0.006156014985083524,0.0061033799127203575,0.006057610284578472,0.158766,1.614441015611233,1.0754796861966516,2022-08-19,2023-07-21,12,2.212411127518656,12,short leg,1.132559246601061,0.2178084186145952,0.5011357595424004,own-history IV/RV z-score,Fixed 99/96,1.0630073009557612,1.0565034498864678,2.4177885015961107,1.05656880559499,1.050159284512738,2.403269997094799,1.0505486453734356,1.0442231484897493,2.389685260176207
1M 99/96 short put spread,short_put_spread,2023-09-15,2023-10-20,35,4450.31982421875,0.99,0.96,4405.0,4270.0,0.9898165017327253,0.9594816032687258,SPXW  231020P04405000,SPXW  231020P04270000,39.9,40.3,17.4,17.7,2255.0,2234.4999999999995,2216.9999999999995,22.55,22.344999999999995,22.169999999999995,0.005067051558245847,0.005020987453170884,0.004981664436643477,99/96,0.126382,0.152544,0.11793981862660473,0.008442181373395266,0.07158041678971072,4224.16015625,-13500.0,-11245.0,-11265.5,-11283.0,-0.02526784690575368,-0.02531391101082864,-0.025353234027356047,0.126382,1.0715804167897107,1.0754796861966516,2022-09-16,2023-08-18,12,-0.40691052098130304,12,short leg,1.1763444558708616,0.2574621045150233,-0.003625609536829333,own-history IV/RV z-score,Fixed 99/96,1.0361473952155127,1.0630073009557612,2.3886087808135708,1.0298229168733408,1.05656880559499,2.374141291700243,1.023913839710161,1.0505486453734356,2.360613813992253
1M 99/96 short put spread,short_put_spread,2023-10-20,2023-11-17,28,4224.16015625,0.99,0.96,4180.0,4055.0,0.9895458139330581,0.95995413289439,SPXW  231117P04180000,SPXW  231117P04055000,67.4,67.8,36.7,37.0,3074.999999999999,3054.5000000000005,3037.000000000001,30.74999999999999,30.545000000000005,30.370000000000008,0.0072795535355123266,0.007231023178608915,0.00718959482515478,99/96,0.197367,0.223123,0.1289999620501261,0.0683670379498739,0.5299771942824929,4514.02001953125,0.0,3074.999999999999,3054.5000000000005,3037.000000000001,0.0072795535355123266,0.007231023178608915,0.00718959482515478,0.197367,1.529977194282493,1.0754796861966516,2022-10-21,2023-09-15,12,1.3703796003930442,12,short leg,1.179242226395569,0.25594000945893247,0.42259980724799706,own-history IV/RV z-score,Fixed 99/96,1.0436900856496656,1.0361473952155127,2.4529074582611305,1.0372695902551148,1.0298229168733408,2.4379353025941293,1.0312753653535456,1.023913839710161,2.423946540462474
1M 99/96 short put spread,short_put_spread,2023-11-17,2023-12-15,28,4514.02001953125,0.99,0.96,4470.0,4335.0,0.9902481558919136,0.9603413323918222,SPXW  231215P04470000,SPXW  231215P04335000,35.6,35.9,13.1,13.4,2250.0,2231.9999999999995,2217.0,22.5,22.319999999999997,22.17,0.004984470583348558,0.004944594818681769,0.004911365014792779,99/96,0.11983,0.146344,0.15358771071537058,-0.03375771071537058,-0.2197943478559331,4719.18994140625,0.0,2250.0,2231.9999999999995,2217.0,0.004984470583348558,0.004944594818681769,0.004911365014792779,0.11983,0.7802056521440669,1.116605750247702,2022-11-18,2023-10-20,12,-1.6756393552208317,12,short leg,1.2254266302700507,0.26570214929531083,-0.30127025409730324,own-history IV/RV z-score,Fixed 99/96,1.048892328179719,1.0436900856496656,2.312107791134798,1.0423984680966663,1.0372695902551148,2.2978843376127256,1.0363403351035605,1.0312753653535456,2.284605209749682
1M 99/96 short put spread,short_put_spread,2023-12-15,2024-01-19,35,4719.18994140625,0.99,0.96,4670.0,4530.0,0.9895766133558946,0.9599105050325917,SPXW  240119P04670000,SPXW  240119P04530000,33.7,34.2,12.6,13.0,2115.0000000000005,2089.5000000000005,2067.0000000000005,21.150000000000006,20.895000000000003,20.670000000000005,0.004481701364556141,0.004427666667252981,0.0043799889931619585,99/96,0.10938,0.132928,0.06939476407309018,0.03998523592690982,0.5761996090194252,4839.81005859375,0.0,2115.0000000000005,2089.5000000000005,2067.0000000000005,0.004481701364556141,0.004427666667252981,0.0043799889931619585,0.10938,1.5761996090194252,1.116605750247702,2022-12-16,2023-11-17,12,1.313336679149829,12,short leg,1.2240736644576733,0.2681155183982952,0.41159904350283827,own-history IV/RV z-score,Fixed 99/96,1.0535931503581943,1.048892328179719,2.222610959090077,1.0470138610478534,1.0423984680966663,2.208850419328633,1.040879494364484,1.0363403351035605,2.1960131886421723
1M 99/96 short put spread,short_put_spread,2024-01-19,2024-02-16,28,4839.81005859375,0.99,0.96,4790.0,4645.0,0.9897082616898766,0.9597484082566757,SPXW  240216P04790000,SPXW  240216P04645000,35.0,35.3,12.6,12.8,2245.0,2229.5000000000005,2217.0,22.45,22.295000000000005,22.17,0.004638611790174892,0.004606585739953195,0.004580758280096986,99/96,0.118486,0.144745,0.11146638199599988,0.007019618004000111,0.0629752027319952,5005.56982421875,0.0,2245.0,2229.5000000000005,2217.0,0.004638611790174892,0.004606585739953195,0.004580758280096986,0.118486,1.0629752027319952,1.2159044465222912,2023-01-20,2023-12-15,12,-0.7204232802054363,12,short leg,1.2657909339067723,0.2815230111899522,-0.1257740640950048,own-history IV/RV z-score,Fixed 99/96,1.0584803599674935,1.0535931503581943,2.1769307836521277,1.0518370201696896,1.0470138610478534,2.1633366772085116,1.045647511726877,1.040879494364484,2.1506618684678727
1M 99/96 short put spread,short_put_spread,2024-02-16,2024-03-15,28,5005.56982421875,0.99,0.96,4955.0,4805.0,0.9898972892208845,0.9599306709800909,SPXW  240315P04955000,SPXW  240315P04805000,41.1,41.5,15.5,15.8,2565.0,2544.5,2526.999999999999,25.65,25.445,25.269999999999992,0.005124291719175719,0.005083337340913301,0.00504837628629904,99/96,0.122318,0.149091,0.11937937431148893,0.002938625688511068,0.0246158576844564,5117.08984375,0.0,2565.0,2544.5,2526.999999999999,0.005124291719175719,0.005083337340913301,0.00504837628629904,0.122318,1.0246158576844564,1.2159044465222912,2023-02-17,2024-01-19,12,-0.8506439272264944,12,short leg,1.2647582844041831,0.28230663739962947,-0.15732205716078684,own-history IV/RV z-score,Fixed 99/96,1.063904322110985,1.0584803599674935,2.11460512416825,1.0571838625708732,1.0518370201696896,2.1013332289972726,1.0509263338289065,1.045647511726877,2.0889679865570105
1M 99/96 short put spread,short_put_spread,2024-03-15,2024-04-19,35,5117.08984375,0.99,0.96,5065.0,4910.0,0.9898204164201607,0.9595297620183592,SPXW  240419P05065000,SPXW  240419P04910000,47.8,48.2,19.9,20.4,2785.0,2759.5,2737.0,27.85,27.595,27.37,0.005442546613484991,0.005392713601404607,0.005348743296627798,99/96,0.130171,0.15274,0.11704065445918542,0.01313034554081459,0.11218619377588523,4967.22998046875,-9777.001953125,-6992.001953125,-7017.501953125,-7040.001953125,-0.013664020305731026,-0.013713853317811409,-0.013757823622588218,0.130171,1.1121861937758852,1.172885092484563,2023-03-17,2024-02-16,12,-0.48887449306910036,12,short leg,1.2536746788057904,0.28941678699916623,-0.051751786340891504,own-history IV/RV z-score,Fixed 99/96,1.0493671118503054,1.063904322110985,2.0791198798481814,1.042685798149619,1.0571838625708732,2.0659865174384513,1.0364678746877551,1.0509263338289065,2.0537578309524998
1M 99/96 short put spread,short_put_spread,2024-04-19,2024-05-17,28,4967.22998046875,0.99,0.96,4920.0,4770.0,0.9904916863816535,0.9602937691139202,SPXW  240517P04920000,SPXW  240517P04770000,65.0,65.5,30.4,30.9,3460.0,3432.0,3407.0,34.6,34.32,34.07,0.006965652916423823,0.006909283470857388,0.006858953608744499,99/96,0.171398,0.194165,0.10893980513918047,0.06245819486081952,0.5733275801349518,5303.27001953125,0.0,3460.0,3432.0,3407.0,0.006965652916423823,0.006909283470857388,0.006858953608744499,0.171398,1.5733275801349518,1.0918833052827979,2023-04-21,2024-03-15,12,1.1547739761501554,12,short leg,1.2367915832973286,0.2914301878880091,0.4409301548277267,own-history IV/RV z-score,Fixed 99/96,1.0566766389333648,1.0493671118503054,2.112580081809053,1.0498900099000716,1.042685798149619,2.099129297917513,1.0435769597571924,1.0364678746877551,2.086611408698949
1M 99/96 short put spread,short_put_spread,2024-05-17,2024-06-21,35,5303.27001953125,0.99,0.96,5250.0,5090.0,0.9899552503766424,0.9597851856032591,SPXW  240621P05250000,SPXW  240621P05090000,38.4,38.7,13.9,14.2,2449.9999999999995,2431.9999999999995,2416.999999999999,24.499999999999996,24.319999999999997,24.16999999999999,0.004619791168424331,0.0045858498455542745,0.0045575654098292265,99/96,0.107609,0.131335,0.11659475352036235,-0.00898575352036235,-0.07706824920551048,5464.6201171875,0.0,2449.9999999999995,2431.9999999999995,2416.999999999999,0.004619791168424331,0.0045858498455542745,0.0045575654098292265,0.107609,0.9229317507944895,1.0918833052827979,2023-05-19,2024-04-19,12,-1.0974383759633428,12,short leg,1.227779231498732,0.27778095552439935,-0.1547340761333006,own-history IV/RV z-score,Fixed 99/96,1.0615582643377894,1.0566766389333648,1.9925001650712917,1.0547046478398208,1.0498900099000716,1.9797031002258305,1.0483331300114767,1.0435769597571924,1.9677990294928127
1M 99/96 short put spread,short_put_spread,2024-06-21,2024-07-19,28,5464.6201171875,0.99,0.96,5410.0,5245.0,0.9900047732475113,0.9598105426401473,SPXW  240719P05410000,SPXW  240719P05245000,36.5,36.7,12.7,13.0,2375.0,2359.4999999999995,2347.0,23.75,23.594999999999995,23.47,0.004346139254090276,0.004317774976853055,0.004294900559726264,99/96,0.117087,0.14334,0.0826413077878824,0.0344456922121176,0.41680962141269906,5505.0,0.0,2375.0,2359.4999999999995,2347.0,0.004346139254090276,0.004317774976853055,0.004294900559726264,0.117087,1.416809621412699,1.0918833052827979,2023-06-16,2024-05-17,12,0.6949630271167875,12,short leg,1.2169545913335422,0.2875764929658215,0.29758337228697274,own-history IV/RV z-score,Fixed 99/96,1.0661719443809319,1.0615582643377894,1.9426021234283828,1.0592586251762341,1.0547046478398208,1.9300603248202552,1.0528356165583426,1.0483331300114767,1.918400744297349
1M 99/96 short put spread,short_put_spread,2024-07-19,2024-08-16,28,5505.0,0.99,0.96,5450.0,5285.0,0.9900090826521344,0.9600363306085377,SPXW  240816P05450000,SPXW  240816P05285000,56.0,56.4,24.3,24.7,3170.0,3147.0,3127.0,31.7,31.47,31.27,0.0057584014532243415,0.005716621253405995,0.005680290644868301,99/96,0.145533,0.171826,0.09537907237887884,0.050153927621121155,0.5258378632777252,5554.25,0.0,3170.0,3147.0,3127.0,0.0057584014532243415,0.005716621253405995,0.005680290644868301,0.145533,1.5258378632777252,1.1931879809776504,2023-07-21,2024-06-21,12,0.9682742497911154,12,short leg,1.246619988546735,0.2883665188775034,0.27879084235119,own-history IV/RV z-score,Fixed 99/96,1.072311390454842,1.0661719443809319,1.9367337772587316,1.0653140055457702,1.0592586251762341,1.9241755225726325,1.058816028861663,1.0528356165583426,1.9125079319860898
1M 99/96 short put spread,short_put_spread,2024-08-16,2024-09-20,35,5554.25,0.99,0.96,5500.0,5330.0,0.9902327046856011,0.9596255119953189,SPXW  240920P05500000,SPXW  240920P05330000,56.4,57.1,25.4,26.0,3105.0,3069.5,3037.0,31.05,30.695,30.37,0.005590313723725075,0.0055263987036953685,0.005467884952963947,99/96,0.134191,0.160154,0.2198294850925169,-0.0856384850925169,-0.3895677827588746,5702.5498046875,0.0,3105.0,3069.5,3037.0,0.005590313723725075,0.0055263987036953685,0.005467884952963947,0.134191,0.6104322172411254,1.2644979075942921,2023-08-18,2024-07-19,12,-2.194262641500158,12,short leg,1.267590663138261,0.2994894200303452,-0.5172532800766172,own-history IV/RV z-score,Fixed 99/96,1.0783059475370083,1.072311390454842,1.930614197155047,1.0712013554850468,1.0653140055457702,1.9180159437291624,1.0646055130938328,1.058816028861663,1.9063168364075493
1M 99/96 short put spread,short_put_spread,2024-09-20,2024-10-18,28,5702.5498046875,0.99,0.96,5645.0,5475.0,0.9899080575078548,0.9600968316838805,SPXW  241018P05645000,SPXW  241018P05475000,52.9,53.4,24.4,24.8,2855.0,2829.4999999999995,2806.9999999999995,28.55,28.294999999999995,28.069999999999997,0.005006532336908637,0.004961815498172675,0.004922359463993885,99/96,0.133952,0.167371,0.1490349492799142,-0.015082949279914215,-0.10120410918908518,5864.669921875,0.0,2855.0,2829.4999999999995,2806.9999999999995,0.005006532336908637,0.004961815498172675,0.004922359463993885,0.133952,0.8987958908109148,1.0918833052827979,2023-09-15,2024-08-16,12,-0.8582094798754798,12,short leg,1.1839232632740853,0.33223517002461966,-0.17683887420723354,own-history IV/RV z-score,Fixed 99/96,1.0837045211324332,1.0783059475370083,1.890918947609436,1.0765164589723561,1.0712013554850468,1.8784603241948339,1.06984588411663,1.0646055130938328,1.8668938449581385
1M 99/96 short put spread,short_put_spread,2024-10-18,2024-11-15,28,5864.669921875,0.99,0.96,5805.0,5630.0,0.9898255276648336,0.9599858261417765,SPXW  241115P05805000,SPXW  241115P05630000,63.5,64.0,30.3,30.7,3325.0,3299.5,3277.0,33.25,32.995,32.77,0.005669543289380829,0.005626062581447232,0.005587697250917588,99/96,0.153083,0.182745,0.08885243897592798,0.06423056102407201,0.7228902409924103,5870.6201171875,0.0,3325.0,3299.5,3277.0,0.005669543289380829,0.005626062581447232,0.005587697250917588,0.153083,1.7228902409924103,1.0875806982539402,2023-10-20,2024-09-20,12,1.6219618493526704,12,short leg,1.1695245527758524,0.34117059438691955,0.5841493360064496,own-history IV/RV z-score,Fixed 99/96,1.0898486308278912,1.0837045211324332,1.8478525399873842,1.0825730079404927,1.0765164589723561,1.8355959897367622,1.0758238590222142,1.06984588411663,1.8242218204406437
1M 99/96 short put spread,short_put_spread,2024-11-15,2024-12-20,35,5870.6201171875,0.99,0.96,5810.0,5635.0,0.9896739840123496,0.95986452666258,SPXW  241220P05810000,SPXW  241220P05635000,63.1,63.6,31.8,32.1,3139.9999999999995,3116.9999999999995,3097.0,31.399999999999995,31.169999999999995,30.97,0.005348668347330081,0.00530949020338467,0.005275422252127792,99/96,0.141673,0.170225,0.14103151370132602,0.0006414862986739711,0.004548531614235518,5930.85009765625,0.0,3139.9999999999995,3116.9999999999995,3097.0,0.005348668347330081,0.00530949020338467,0.005275422252127792,0.141673,1.0045485316142355,1.0875806982539402,2023-11-17,2024-10-18,12,-0.49806250596952767,12,short leg,1.1856006400016788,0.36351282463032925,-0.07634575234096097,own-history IV/RV z-score,Fixed 99/96,1.0956778697029814,1.0898486308278912,1.8564455016210732,1.0883209187206013,1.0825730079404927,1.8440522233265069,1.08149928414747,1.0758238590222142,1.8325557395078402
1M 99/96 short put spread,short_put_spread,2024-12-20,2025-01-17,28,5930.85009765625,0.99,0.96,5870.0,5695.0,0.9897400715488835,0.9602333402846494,SPXW  250117P05870000,SPXW  250117P05695000,64.8,65.4,33.0,33.6,3179.9999999999995,3146.9999999999995,3116.9999999999986,31.799999999999997,31.469999999999995,31.169999999999987,0.005361794595443696,0.005306153330773997,0.005255570362892451,99/96,0.158503,0.190594,0.12998839918889074,0.028514600811109264,0.21936265842980096,5996.66015625,0.0,3179.9999999999995,3146.9999999999995,3116.9999999999986,0.005361794595443696,0.005306153330773997,0.005255570362892451,0.158503,1.219362658429801,1.0875806982539402,2023-12-15,2024-11-15,12,0.04353036752571652,12,short leg,1.2042958799575263,0.3461210949660289,0.121169822512877,own-history IV/RV z-score,Fixed 99/96,1.1015526693831021,1.0956778697029814,1.8474212830568264,1.0940957163884215,1.0883209187206013,1.835016735881899,1.087183179732725,1.08149928414747,1.823514785131488
1M 99/96 short put spread,short_put_spread,2025-01-17,2025-02-21,35,5996.66015625,0.99,0.96,5935.0,5755.0,0.9897175836810204,0.9597008751616297,SPXW  250221P05935000,SPXW  250221P05755000,64.1,64.5,29.7,30.1,3440.0,3416.999999999999,3396.999999999999,34.4,34.16999999999999,33.96999999999999,0.005736526517039107,0.005698171833930996,0.005664819935576116,99/96,0.134614,0.160519,0.17492712098742877,-0.04031312098742876,-0.23045666538081244,6013.1298828125,0.0,3440.0,3416.999999999999,3396.999999999999,0.005736526517039107,0.005698171833930996,0.005664819935576116,0.134614,0.7695433346191876,1.0875806982539402,2024-01-19,2024-12-20,12,-1.2423459671044885,12,short leg,1.1745594674083908,0.3260091339396919,-0.29242645087886054,own-history IV/RV z-score,Fixed 99/96,1.1078717554809334,1.1015526693831021,1.8369436330905167,1.1003300617831706,1.0940957163884215,1.8245084561747322,1.093341876682898,1.087183179732725,1.812981145178974
1M 99/96 short put spread,short_put_spread,2025-02-21,2025-03-21,28,6013.1298828125,0.99,0.96,5955.0,5775.0,0.9903328409754371,0.9603983470416707,SPXW  250321P05955000,SPXW  250321P05775000,67.1,67.6,33.3,33.7,3384.999999999999,3359.499999999999,3336.9999999999986,33.849999999999994,33.59499999999999,33.36999999999998,0.005629347886988839,0.005586940687249337,0.005549522569832128,99/96,0.153745,0.186149,0.11847165954123519,0.035273340458764804,0.29773652699182107,5667.56005859375,-18000.0,-14615.0,-14640.5,-14663.000000000002,-0.02430514604677752,-0.02434755324651702,-0.024384971363934232,0.153745,1.297736526991821,1.0684010257301708,2024-02-16,2025-01-17,12,0.4272212837064566,12,short leg,1.1501068117323234,0.3455579599843483,0.21465301486856658,own-history IV/RV z-score,Fixed 99/96,1.0809447706628696,1.1078717554809334,1.8424211302130606,1.0735397170151615,1.1003300617831706,1.829879086643838,1.0666807663289954,1.093341876682898,1.818257543060941
1M 99/96 short put spread,short_put_spread,2025-03-21,2025-04-17,27,5667.56005859375,0.99,0.96,5610.0,5440.0,0.9898439437785099,0.9598486727549187,SPXW  250417P05610000,SPXW  250417P05440000,77.0,77.4,36.7,37.0,4035.0,4014.4999999999995,3997.0,40.35,40.144999999999996,39.97,0.007119465798834736,0.007083295030835699,0.007052417545958474,99/96,0.180761,0.202638,0.20198870343716668,-0.02122770343716668,-0.1050935179836433,5282.7001953125,-17000.0,-12965.0,-12985.5,-13003.0,-0.022875805224756473,-0.022911975992755507,-0.022942853477632735,0.180761,0.8949064820163567,1.165774426102843,2024-03-15,2025-02-21,12,-0.8044333333527091,12,short leg,1.1728668675079372,0.3455356385259423,-0.2323502197521965,own-history IV/RV z-score,Fixed 99/96,1.0562172886304668,1.0809447706628696,1.9072489033862596,1.0489428007916406,1.0735397170151615,1.8941832215564223,1.0422080657997004,1.0666807663289954,1.8820810989229517
1M 99/96 short put spread,short_put_spread,2025-04-17,2025-05-16,29,5282.7001953125,0.99,0.96,5230.0,5070.0,0.9900240041334804,0.9597364628980393,SPXW  250516P05230000,SPXW  250516P05070000,123.5,125.0,78.6,79.8,4505.000000000001,4434.500000000002,4367.000000000002,45.05000000000001,44.34500000000002,43.670000000000016,0.008527835829103882,0.00839438135053522,0.008266605785948204,99/96,0.271815,0.297186,0.47703762093733293,-0.20522262093733296,-0.4302021725961367,5958.3798828125,0.0,4505.000000000001,4434.500000000002,4367.000000000002,0.008527835829103882,0.00839438135053522,0.008266605785948204,0.271815,0.5697978274038633,1.1119555950220184,2024-04-19,2025-03-21,12,-1.6497376491311224,12,short leg,1.1547602248613098,0.3545790433803413,-0.4875714192592552,own-history IV/RV z-score,Fixed 99/96,1.0652245362677686,1.0562172886304668,1.999389042686315,1.0577480266763841,1.0489428007916406,1.985618645787242,1.050823589026602,1.0422080657997004,1.9728699855511072
1M 99/96 short put spread,short_put_spread,2025-05-16,2025-06-20,35,5958.3798828125,0.99,0.96,5900.0,5720.0,0.9902020542562413,0.9599925000585933,SPXW  250620P05900000,SPXW  250620P05720000,79.0,79.6,40.7,41.3,3830.0,3797.000000000001,3767.0,38.3,37.970000000000006,37.67,0.006427921809832889,0.006372537627137202,0.00632218837014112,99/96,0.152874,0.180426,0.18884472534624733,-0.03597072534624732,-0.190477786871171,5967.83984375,0.0,3830.0,3797.000000000001,3767.0,0.006427921809832889,0.006372537627137202,0.00632218837014112,0.152874,0.809522213128829,0.9637401412043625,2024-05-17,2025-04-17,12,-0.7166008609185122,12,short leg,1.0711327454670525,0.3650714736832732,-0.16002023935914,own-history IV/RV z-score,Fixed 99/96,1.0720717162968132,1.0652245362677686,1.7877754645025365,1.0644885657764096,1.0577480266763841,1.7752275744075272,1.057467093700216,1.050823589026602,1.7636062313814536
1M 99/96 short put spread,short_put_spread,2025-06-20,2025-07-18,28,5967.83984375,0.99,0.96,5910.0,5730.0,0.9903080770824347,0.960146409760127,SPXW  250718P05910000,SPXW  250718P05730000,81.0,81.5,44.5,44.8,3660.0,3637.000000000001,3617.0,36.6,36.37000000000001,36.17,0.00613287235553589,0.006094332447290721,0.006060819483599266,99/96,0.177014,0.211357,0.127858204583138,0.04915579541686199,0.3844555425842784,6296.7900390625,0.0,3660.0,3637.000000000001,3617.0,0.00613287235553589,0.006094332447290721,0.006060819483599266,0.177014,1.3844555425842784,0.9516722112125752,2024-06-21,2025-05-16,12,0.8707568739217298,12,short leg,1.0616819506615807,0.3706816467253189,0.4547609211161807,own-history IV/RV z-score,Fixed 99/96,1.0786465952888418,1.0720717162968132,1.7964150251444375,1.0709759129825906,1.0644885657764096,1.783708332741582,1.0638762108649793,1.057467093700216,1.7719428158040806
1M 99/96 short put spread,short_put_spread,2025-07-18,2025-08-15,28,6296.7900390625,0.99,0.96,6235.0,6045.0,0.9901870574246272,0.9600129530283674,SPXW  250815P06235000,SPXW  250815P06045000,63.9,64.4,29.2,29.5,3480.000000000001,3457.000000000001,3437.000000000001,34.80000000000001,34.57000000000001,34.37000000000001,0.005526625436788619,0.005490098889361567,0.005458336674207609,99/96,0.142608,0.173413,0.07780391943511435,0.06480408056488567,0.8329153728422374,6449.7998046875,0.0,3480.000000000001,3457.000000000001,3437.000000000001,0.005526625436788619,0.005490098889361567,0.005458336674207609,0.142608,1.8329153728422374,0.9516722112125752,2024-07-19,2025-06-20,12,2.1032321993484646,12,short leg,1.0589857774258788,0.36797154192300074,0.9259944246000673,own-history IV/RV z-score,Fixed 99/96,1.0846078709996707,1.0786465952888418,1.7130102617323992,1.0768556766529893,1.0709759129825906,1.7008283686429593,1.0696832054035605,1.0638762108649793,1.6895532553335302
1M 99/96 short put spread,short_put_spread,2025-08-15,2025-09-19,35,6449.7998046875,0.99,0.96,6385.0,6190.0,0.9899532068204031,0.9597197102926069,SPXW  250919P06385000,SPXW  250919P06190000,67.1,67.4,33.3,33.6,3379.9999999999995,3361.9999999999995,3346.999999999998,33.8,33.62,33.469999999999985,0.00524047273148467,0.005212564888535935,0.005189308352745321,99/96,0.130903,0.162637,0.10290173229558128,0.028001267704418714,0.2721165822941265,6664.35986328125,0.0,3379.9999999999995,3361.9999999999995,3346.999999999998,0.00524047273148467,0.005212564888535935,0.005189308352745321,0.130903,1.2721165822941265,0.9516722112125752,2024-08-16,2025-07-18,12,0.455757438665208,12,short leg,1.0845755698895883,0.41149303663324915,0.3367171672200626,own-history IV/RV z-score,Fixed 99/96,1.0902917289719982,1.0846078709996707,1.681614784712254,1.0824688567431313,1.0768556766529893,1.6695955056936287,1.0752341213961525,1.0696832054035605,1.65847505007233
1M 99/96 short put spread,short_put_spread,2025-09-19,2025-10-17,28,6664.35986328125,0.99,0.96,6600.0,6400.0,0.9903426788766533,0.9603322946682699,SPXW  251017P06600000,SPXW  251017P06400000,61.3,61.7,27.8,28.2,3350.0,3327.0,3307.0,33.5,33.27,33.07,0.005026739354904225,0.004992227413064584,0.004962217028856201,99/96,0.13269,0.165985,0.08509393365808247,0.04759606634191753,0.55933559885907,6664.009765625,0.0,3350.0,3327.0,3307.0,0.005026739354904225,0.004992227413064584,0.004962217028856201,0.13269,1.55933559885907,1.1119555950220184,2024-09-20,2025-08-15,12,1.0879243431416674,12,short leg,1.1397159336440053,0.3857066604496621,0.40233621364007166,own-history IV/RV z-score,Fixed 99/96,1.0957723413143483,1.0902917289719982,1.6360036842836163,1.087872787443553,1.0824688567431313,1.6242653142235468,1.0805696664633517,1.0752341213961525,1.6134094548531066
1M 99/96 short put spread,short_put_spread,2025-10-17,2025-11-21,35,6664.009765625,0.99,0.96,6595.0,6395.0,0.9896444080888096,0.9596324472673142,SPXW  251121P06595000,SPXW  251121P06395000,101.7,102.4,60.9,61.4,4090.000000000002,4057.000000000002,4027.000000000002,40.90000000000002,40.57000000000002,40.27000000000002,0.006137445987995804,0.006087926252640337,0.006042908311408094,99/96,0.178675,0.211405,0.12845643693574996,0.050218563064250044,0.39093847114386215,6602.990234375,0.0,4090.000000000002,4057.000000000002,4027.000000000002,0.006137445987995804,0.006087926252640337,0.006042908311408094,0.178675,1.3909384711438622,1.2457396203619637,2024-10-18,2025-09-19,12,0.4963817495316616,12,short leg,1.1947609093146847,0.39521509808584193,0.11655634003172288,own-history IV/RV z-score,Fixed 99/96,1.1024975848743048,1.0957723413143483,1.6443138288402235,1.0944956767457636,1.087872787443553,1.632459773776343,1.0870994498818787,1.0805696664633517,1.6215007247397213
1M 99/96 short put spread,short_put_spread,2025-11-21,2025-12-19,28,6602.990234375,0.99,0.96,6535.0,6340.0,0.9897031145039342,0.9601710399318963,SPXW  251219P06535000,SPXW  251219P06340000,107.8,108.8,63.6,64.5,4425.0,4374.500000000001,4327.0,44.25,43.74500000000001,43.27,0.006701509229808583,0.00662502872899382,0.0065530916242670595,99/96,0.20668,0.23852,0.14231923964814291,0.06436076035185709,0.45222810711311245,6834.5,0.0,4425.0,4374.500000000001,4327.0,0.006701509229808583,0.00662502872899382,0.0065530916242670595,0.20668,1.4522281071131125,1.2457396203619637,2024-11-15,2025-10-17,12,0.7803654616467105,12,short leg,1.1670982618273058,0.3653798883975871,0.16575573528852772,own-history IV/RV z-score,Fixed 99/96,1.1098859826151817,1.1024975848743048,1.6696944047179265,1.1017467420479639,1.0944956767457636,1.6575757920219947,1.094223312181645,1.0870994498818787,1.6463744626222019
1M 99/96 short put spread,short_put_spread,2025-12-19,2026-01-16,28,6834.5,0.99,0.96,6765.0,6560.0,0.9898310044626527,0.959836125539542,SPXW  260116P06765000,SPXW  260116P06560000,58.7,59.2,25.7,26.0,3310.0,3287.0,3267.0,33.1,32.87,32.67,0.004843075572463238,0.004809422781476333,0.004780159484965981,99/96,0.129486,0.161665,0.12316769468173602,0.006318305318263967,0.051298397153493935,6940.009765625,0.0,3310.0,3287.0,3267.0,0.004843075572463238,0.004809422781476333,0.004780159484965981,0.129486,1.051298397153494,1.2849265546429738,2024-12-20,2025-11-21,12,-0.4136911553789431,12,short leg,1.2044048931188787,0.3700985480947458,-0.1818221879260602,own-history IV/RV z-score,Fixed 99/96,1.1152612443058048,1.1098859826151817,1.6239461300975664,1.1070455079285866,1.1017467420479639,1.6120370795931873,1.099453874126041,1.094223312181645,1.6010290616455407
1M 99/96 short put spread,short_put_spread,2026-01-16,2026-02-20,35,6940.009765625,0.99,0.96,6870.0,6660.0,0.9899121517131331,0.9596528282983211,SPXW  260220P06870000,SPXW  260220P06660000,77.8,78.2,39.5,39.8,3835.0,3814.5000000000014,3797.0000000000005,38.35,38.14500000000001,37.970000000000006,0.005525928823609702,0.005496389960276197,0.005471173857430519,99/96,0.138389,0.169386,0.08500857998827482,0.05338042001172519,0.6279415562415924,6909.509765625,0.0,3835.0,3814.5000000000014,3797.0000000000005,0.005525928823609702,0.005496389960276197,0.005471173857430519,0.138389,1.6279415562415924,1.2849265546429738,2025-01-17,2025-12-19,12,1.174129679945582,12,short leg,1.1903995380125199,0.37265220844204494,0.2669530023791342,own-history IV/RV z-score,Fixed 99/96,1.121424098561569,1.1152612443058048,1.6070024134978536,1.1131302617439343,1.1070455079285866,1.5951641933012306,1.10546917741961,1.099453874126041,1.58422525508799
1M 99/96 short put spread,short_put_spread,2026-02-20,2026-03-20,28,6909.509765625,0.99,0.96,6840.0,6635.0,0.9899399859059737,0.9602707319424174,SPXW  260320P06840000,SPXW  260320P06635000,89.6,90.1,49.6,50.1,4000.0,3972.0,3947.0,40.0,39.72,39.47,0.005789122724596338,0.005748598865524163,0.005712416848495436,99/96,0.170161,0.205896,0.11883316462118158,0.05132783537881842,0.4319319067403631,6506.47998046875,-20500.0,-16500.0,-16528.0,-16553.0,-0.023880131238959892,-0.023920655098032064,-0.023956837115060792,0.170161,1.431931906740363,1.3410960347880496,2025-02-21,2026-01-16,12,0.4633840744313929,12,short leg,1.2619327231477202,0.3668645362947457,0.06773256321399046,own-history IV/RV z-score,Fixed 99/96,1.0946443439133864,1.121424098561569,1.6230154332231856,1.0865034566735754,1.1131302617439343,1.6110119234244198,1.078985632400448,1.10546917741961,1.599924184085171
1M 99/96 short put spread,short_put_spread,2026-03-20,2026-04-17,28,6506.47998046875,0.99,0.96,6440.0,6245.0,0.989782496731211,0.9598123745475795,SPXW  260417P06440000,SPXW  260417P06245000,127.5,128.8,77.3,78.4,5030.000000000001,4967.0,4906.999999999999,50.30000000000001,49.67,49.06999999999999,0.007730754594034149,0.007633928045440877,0.007541712284875856,99/96,0.243755,0.270405,0.13417735976579712,0.10957764023420288,0.8166626651878353,7126.06005859375,0.0,5030.000000000001,4967.0,4906.999999999999,0.007730754594034149,0.007633928045440877,0.007541712284875856,0.243755,1.8166626651878353,1.3876970068640704,2025-03-21,2026-02-20,12,1.4687033570190453,12,short leg,1.2731156714600986,0.37008630172327456,0.30912054735431416,own-history IV/RV z-score,Fixed 99/96,1.1031067707039284,1.0946443439133864,1.6823910120361645,1.0947977458829443,1.0865034566735754,1.6698790435612771,1.087123031599527,1.078985632400448,1.6583246788422674
1M 99/96 short put spread,short_put_spread,2026-04-17,2026-05-15,28,7126.06005859375,0.99,0.96,7055.0,6840.0,0.9900281420575379,0.9598571922995832,SPXW  260515P07055000,SPXW  260515P06840000,79.3,80.0,37.0,37.6,4235.000000000002,4199.500000000002,4167.000000000002,42.350000000000016,41.99500000000002,41.670000000000016,0.0059429754523227145,0.0058931583027223705,0.005847551053088253,99/96,0.152383,0.181502,0.1875932767303727,-0.03521027673037272,-0.1876947689387629,7408.5,0.0,4235.000000000002,4199.500000000002,4167.000000000002,0.0059429754523227145,0.0058931583027223705,0.005847551053088253,0.152383,0.8123052310612371,1.4114351889421126,2025-04-17,2026-03-20,12,-1.4148872681769684,12,short leg,1.3499286867243887,0.37997617743487094,-0.4244827977754547,own-history IV/RV z-score,Fixed 99/96,1.109662507163513,1.1031067707039284,1.5479897189101355,1.1012495623088963,1.0947977458829443,1.536329664472391,1.0934800390277932,1.087123031599527,1.5255597380048729
1M 99/96 short put spread,short_put_spread,2026-05-15,2026-06-18,34,7408.5,0.99,0.96,7335.0,7110.0,0.9900789633529055,0.9597084430046569,SPXW  260618P07335000,SPXW  260618P07110000,107.1,107.8,56.2,56.8,5094.999999999998,5059.5,5027.0,50.94999999999998,50.595,50.27,0.006877235607747854,0.006829317675642843,0.006785449146250928,99/96,0.16285,0.190056,0.11373466510524415,0.04911533489475585,0.4318413814232194,7500.580078125,0.0,5094.999999999998,5059.5,5027.0,0.006877235607747854,0.006829317675642843,0.006785449146250928,0.16285,1.4318413814232194,1.4114351889421126,2025-05-16,2026-04-17,12,0.18204547167236482,12,short leg,1.3701376370291698,0.3389468786408513,0.014457760895419725,own-history IV/RV z-score,Fixed 99/96,1.1172939176703605,1.109662507163513,1.4978234557110253,1.1087703454100664,1.1012495623088963,1.4864676551378773,1.1008997922250567,1.0934800390277932,1.475980345586547
1M 99/96 short put spread,short_put_spread,2026-06-18,2026-07-17,29,7500.580078125,0.99,0.96,7425.0,7200.0,0.9899234356092771,0.9599257557423293,SPXW  260717P07425000,SPXW  260717P07200000,77.1,77.6,35.8,36.2,4134.999999999999,4109.499999999999,4086.9999999999986,41.349999999999994,41.09499999999999,40.86999999999998,0.005512906944436849,0.005478909573920974,0.005448911894054026,99/96,0.147555,0.17626,0.1644843782530378,-0.016929378253037808,-0.10292392768749237,7457.68994140625,0.0,4134.999999999999,4109.499999999999,4086.9999999999986,0.005512906944436849,0.005478909573920974,0.005448911894054026,0.147555,0.8970760723125076,1.4318866440817912,2025-06-20,2026-05-15,12,-1.8141191487477213,12,short leg,1.421997567720369,0.28935337338245526,-0.3735006356681504,own-history IV/RV z-score,Fixed 99/96,1.1234534550680624,1.1172939176703605,1.489610011536151,1.1148451978708132,1.1087703454100664,1.4782461274478353,1.1068984981970733,1.1008997922250567,1.4677528681225152
1M 99/96 short put spread,short_put_spread,2026-07-17,2026-08-21,35,7457.68994140625,0.99,0.96,7385.0,7160.0,0.9902530217832383,0.960082821390384,SPXW  260821P07385000,SPXW  260821P07160000,108.0,108.6,60.0,60.6,4800.0,4767.0,4737.000000000001,48.0,47.67,47.37000000000001,0.0064363094171422395,0.006392059789899386,0.006351832856042248,99/96,0.161049,0.192017,0.11630524664665977,0.04474375335334023,0.38470967255048816,7674.3701171875,0.0,4800.0,4767.0,4737.000000000001,0.0064363094171422395,0.006392059789899386,0.006351832856042248,0.161049,1.3847096725504882,1.4318866440817912,2025-07-18,2026-06-18,12,0.010178399258224351,12,short leg,1.3813826118643882,0.32687464911652697,-0.0329474206120246,own-history IV/RV z-score,Fixed 99/96,1.130684349120638,1.1234534550680624,1.5064362609532405,1.1219713550320856,1.1148451978708132,1.4948934678566077,1.1139293324462254,1.1068984981970733,1.4842377557846718
1M 99/96 short put spread,short_put_spread,2026-08-21,2026-09-18,28,7674.3701171875,0.99,0.96,7600.0,7365.0,0.9903092871399386,0.9596878815507431,SPXW  260918P07600000,SPXW  260918P07365000,71.6,72.0,30.5,30.8,4115.0,4094.499999999999,4076.9999999999995,41.15,40.94499999999999,40.769999999999996,0.005362003574448483,0.005335291284466418,0.005312488110091486,99/96,0.132184,0.16335,0.1288172437050172,0.0033667562949827867,0.026135913159983648,7650.5,0.0,4115.0,4094.499999999999,4076.9999999999995,0.005362003574448483,0.005335291284466418,0.005312488110091486,0.132184,1.0261359131599836,1.4113899262835408,2025-08-15,2026-07-17,12,-1.0790632444415404,12,short leg,1.3440321368400756,0.2946038847283843,-0.27296072187365295,own-history IV/RV z-score,Fixed 99/96,1.1367470826421957,1.130684349120638,1.4733252786288742,1.1279573990240093,1.1219713550320856,1.4619719115700733,1.1198470687803281,1.1139293324462254,1.4514928462356436
1M 101/98 short put spread,short_put_spread,2019-11-15,2019-12-20,35,3120.4599609375,1.01,0.98,3150.0,3060.0,1.009466565644901,0.9806246637693324,SPXW  191220P03150000,SPXW  191220P03060000,53.7,55.1,23.1,23.7,3100.000000000001,3047.0000000000005,2997.0000000000005,31.00000000000001,30.470000000000006,29.970000000000006,0.00993443286825141,0.009764586112761948,0.009604353324564345,101/98,0.094133,0.122995,0.058103313587985046,0.03602968641201495,0.6200969305727408,3221.219970703125,0.0,3100.000000000001,3047.0000000000005,2997.0000000000005,0.00993443286825141,0.009764586112761948,0.009604353324564345,0.094133,1.6200969305727408,0.9144225239651476,2017-11-17,2019-10-18,24,3.2506193408050703,24,short leg,0.9168488271085414,0.21634280416544505,0.7717159060645464,own-history IV/RV z-score,Dynamic: 24-month IV/RV z-score,1.0099344328682514,1.0,3.2046557639520667,1.009764586112762,1.0,3.2046557639520667,1.0096043533245644,1.0,3.2046557639520667
1M 98/95 short put spread,short_put_spread,2019-12-20,2020-01-17,28,3221.219970703125,0.98,0.95,3155.0,3060.0,0.9794425803560783,0.9499506484594611,SPXW  200117P03155000,SPXW  200117P03060000,16.0,16.3,8.0,8.3,799.9999999999998,781.9999999999999,766.9999999999997,7.999999999999997,7.8199999999999985,7.669999999999996,0.002483531107083558,0.002427651657174178,0.0023810854489163605,98/95,0.12049,0.161079,0.07726082182080321,0.04322917817919679,0.559522629457158,3329.6201171875,0.0,799.9999999999998,781.9999999999999,766.9999999999997,0.002483531107083558,0.002427651657174178,0.0023810854489163605,0.12049,1.559522629457158,1.1684629024552282,2017-12-15,2019-11-15,24,1.0014152070804805,24,short leg,1.2030802749268388,0.35593862766423234,0.33467877001504887,own-history IV/RV z-score,Dynamic: 24-month IV/RV z-score,1.0124426364483945,1.0099344328682514,3.1352544751788676,1.0122159427835944,1.009764586112762,3.134727200552999,1.0120083075594282,1.0096043533245644,3.1342297716606695
1M 102/99 short put spread,short_put_spread,2020-01-17,2020-02-21,35,3329.6201171875,1.02,0.99,3395.0,3295.0,1.0196358384774915,0.9896023822631324,SPXW  200221P03395000,SPXW  200221P03295000,78.2,83.0,30.4,30.8,4999.999999999999,4866.999999999998,4736.999999999998,49.99999999999999,48.66999999999998,47.36999999999998,0.015016728107179548,0.01461728313952857,0.0142268482087419,102/99,0.08571,0.108047,0.06963264619328462,0.016077353806715378,0.23088816360774578,3337.75,-5725.0,-725.0000000000009,-858.0000000000018,-988.0000000000018,-0.0021774255755410378,-0.0025768705431920163,-0.002967305473978685,0.08571,1.2308881636077458,0.8615342906122305,2018-01-19,2019-12-20,24,1.4007600977726946,24,short leg,0.8879205915081417,0.24484390485204868,0.4287163923945987,own-history IV/RV z-score,Dynamic: 24-month IV/RV z-score,1.0102381179580235,1.0124426364483945,3.0407151591323145,1.0096075933372861,1.0122159427835944,3.04003431970673,1.0090053697686951,1.0120083075594282,3.0394107193653745
1M 99/96 short put spread,short_put_spread,2020-02-21,2020-03-20,28,3337.75,0.99,0.96,3305.0,3205.0,0.9901880008988091,0.9602276982997529,SPXW  200320P03305000,SPXW  200320P03205000,41.7,42.3,21.5,21.9,2030.0,2002.0000000000005,1977.0,20.3,20.020000000000003,19.77,0.006081941427608419,0.005998052580331063,0.0059231518238334205,99/96,0.15686,0.191117,0.13555104714294353,0.021308952857056473,0.15720242156879394,2304.919921875,-10000.0,-7970.0,-7998.0,-8023.0,-0.023878361171447832,-0.02396225001872519,-0.02403715077522283,0.15686,1.157202421568794,1.073756278228146,2018-02-16,2020-01-17,24,0.12291002086560389,24,short leg,1.117079375595502,0.32644243073690926,0.07771423090381946,own-history IV/RV z-score,Dynamic: 24-month IV/RV z-score,0.9861152873082581,1.0102381179580235,3.026703971112347,0.9854151237649346,1.0096075933372861,3.024814900269002,0.9847517555625556,1.0090053697686951,3.023010620234275
1M 103/100 short put spread,short_put_spread,2020-03-20,2020-04-17,28,2304.919921875,1.03,1.0,2375.0,2305.0,1.0304045608959775,1.0000347422590434,SPXW  200417P02375000,SPXW  200417P02305000,184.5,191.5,153.7,157.7,3230.000000000002,2952.000000000002,2677.000000000002,32.30000000000002,29.520000000000017,26.770000000000017,0.014013502028185302,0.012807386373747062,0.011614286355867509,103/100,0.559583,0.59255,0.8348738695538477,-0.27529086955384763,-0.32973947274330395,2874.56005859375,0.0,3230.000000000002,2952.000000000002,2677.000000000002,0.014013502028185302,0.012807386373747062,0.011614286355867509,0.559583,0.670260527256696,0.8219896645391989,2018-03-16,2020-02-21,24,-0.8342557068357122,24,short leg,0.8677987545599516,0.23678378905252875,-0.18458764608379963,own-history IV/RV z-score,Dynamic: 24-month IV/RV z-score,0.999934215886977,0.9861152873082581,4.278306061522848,0.9980357159935258,0.9854151237649346,4.275268370119001,0.9961889444411023,0.9847517555625556,4.272390316976749
1M 103/100 short put spread,short_put_spread,2020-04-17,2020-05-15,28,2874.56005859375,1.03,1.0,2960.0,2875.0,1.0297227887623428,1.0001530465174784,SPXW  200515P02960000,SPXW  200515P02875000,144.7,146.8,105.8,107.0,3935.0,3849.5,3766.999999999998,39.35,38.495,37.66999999999998,0.01368905126276966,0.013391614443718374,0.013104614004282918,103/100,0.300433,0.333707,0.5894801972737838,-0.28904719727378375,-0.4903425061784322,2863.699951171875,-8500.0,-4565.0,-4650.5,-4733.000000000002,-0.015880690982094915,-0.016178127801146202,-0.016465128240581658,0.300433,0.5096574938215678,0.8219896645391989,2018-04-20,2020-03-20,24,-1.5114610465557587,24,short leg,0.8676895865697781,0.23687814751433775,-0.37997092200997695,own-history IV/RV z-score,Dynamic: 24-month IV/RV z-score,0.9840545696020525,0.999934215886977,3.4785643559527855,0.9818893666300741,0.9980357159935258,3.4719598674232266,0.9797865657190299,0.9961889444411023,3.4655353310949546
1M 102/99 short put spread,short_put_spread,2020-05-15,2020-06-19,35,2863.699951171875,1.02,0.99,2920.0,2835.0,1.0196598979600102,0.9899780173687085,SPXW  200619P02920000,SPXW  200619P02835000,130.0,131.5,94.0,95.0,3625.0,3559.5,3497.0,36.25,35.595,34.97,0.012658449075702181,0.012429723995851561,0.012211474873856697,102/99,0.250688,0.285552,0.2733208874610599,-0.022632887461059903,-0.08280701731690521,3097.739990234375,0.0,3625.0,3559.5,3497.0,0.012658449075702181,0.012429723995851561,0.012211474873856697,0.250688,0.9171929826830948,0.8615342906122305,2018-05-18,2020-04-17,24,0.06551380694326275,24,short leg,0.9020131698589187,0.23170402595169565,0.06460415177591083,own-history IV/RV z-score,Dynamic: 24-month IV/RV z-score,0.9965111742590722,0.9840545696020525,3.436304732970927,0.9940939804517473,0.9818893666300741,3.428743874609727,0.9917512047480501,0.9797865657190299,3.4214009233686804
1M 102/99 short put spread,short_put_spread,2020-06-19,2020-07-17,28,3097.739990234375,1.02,0.99,3160.0,3065.0,1.0200985266555294,0.989431007657974,SPXW  200717P03160000,SPXW  200717P03065000,141.6,143.4,98.8,100.2,4300.0,4217.000000000002,4137.0,43.0,42.170000000000016,41.37,0.013881087546261951,0.013613150275020157,0.013354897483461789,102/99,0.259977,0.298943,0.2677381591763992,-0.0077611591763991905,-0.0289878708372151,3224.72998046875,0.0,4300.0,4217.000000000002,4137.0,0.013881087546261951,0.013613150275020157,0.013354897483461789,0.259977,0.9710121291627849,0.8939845015240275,2018-06-15,2020-05-15,24,0.2831001348424122,24,short leg,0.9055474903490094,0.23124199093093484,0.08616215102996061,own-history IV/RV z-score,Dynamic: 24-month IV/RV z-score,1.0103438331097907,0.9965111742590722,3.2168974071438323,1.00762673119513,0.9940939804517473,3.2090943190378423,1.00499594041656,0.9917512047480501,3.2015314644694057
1M 103/100 short put spread,short_put_spread,2020-07-17,2020-08-21,35,3224.72998046875,1.03,1.0,3320.0,3225.0,1.0295435649211788,1.0000837339972293,SPXW  200821P03320000,SPXW  200821P03225000,136.6,137.7,87.3,88.0,4949.999999999998,4901.999999999996,4856.999999999996,49.49999999999998,49.01999999999996,48.569999999999965,0.015350122428794678,0.015201272756757875,0.015061726189223378,103/100,0.187486,0.211791,0.189345690691771,-0.0018596906917709988,-0.009821668953630014,3397.159912109375,0.0,4949.999999999998,4901.999999999996,4856.999999999996,0.015350122428794678,0.015201272756757875,0.015061726189223378,0.187486,0.99017833104637,0.8356491672015045,2018-07-20,2020-06-19,24,0.5316820945194516,24,short leg,0.8670406106592193,0.23160027703856717,0.18492110075615376,own-history IV/RV z-score,Dynamic: 24-month IV/RV z-score,1.0258527346432036,1.0103438331097907,3.133111420891513,1.0229439399730273,1.00762673119513,3.1246855932063506,1.0201329140923954,1.00499594041656,3.1165274193607764
1M 102/99 short put spread,short_put_spread,2020-08-21,2020-09-18,28,3397.159912109375,1.02,0.99,3465.0,3365.0,1.0199696480724398,0.9905332945927158,SPXW  200918P03465000,SPXW  200918P03365000,97.3,100.2,53.2,53.7,4530.0,4442.0,4357.0,45.3,44.42,43.57,0.013334668126315015,0.013075628215693443,0.012825419211115787,102/99,0.145454,0.177645,0.09525106914940115,0.05020293085059885,0.527058974759177,3319.469970703125,-10000.0,-5470.0,-5558.0,-5643.0,-0.01610168535340908,-0.01636072526403065,-0.016610934268608307,0.145454,1.527058974759177,0.9108018943487984,2018-08-17,2020-07-17,24,2.654931215621819,24,short leg,0.9151305328392763,0.23048749373214147,0.6766093529603248,own-history IV/RV z-score,Dynamic: 24-month IV/RV z-score,1.0093347766910445,1.0258527346432036,3.0197363715098944,1.0062078352106236,1.0229439399730273,3.01117394069877,1.0031875533111627,1.0201329140923954,3.0028993055524764
1M 103/100 short put spread,short_put_spread,2020-09-18,2020-10-16,28,3319.469970703125,1.03,1.0,3420.0,3320.0,1.030284964221436,1.000159672869932,SPXW  201016P03420000,SPXW  201016P03320000,128.3,129.8,77.6,78.3,5110.000000000003,5052.000000000004,4997.000000000004,51.10000000000003,50.52000000000004,49.970000000000034,0.015394023880618538,0.015219297190779819,0.015053608088346547,103/100,0.193437,0.219613,0.21787787236911788,-0.024440872369117878,-0.11217693703062859,3483.81005859375,0.0,5110.000000000003,5052.000000000004,4997.000000000004,0.015394023880618538,0.015219297190779819,0.015053608088346547,0.193437,0.8878230629693714,0.8581969121843775,2018-09-21,2020-08-21,24,-0.02996178299974576,24,short leg,0.895650582507138,0.26125012446131907,0.034521390562436416,own-history IV/RV z-score,Dynamic: 24-month IV/RV z-score,1.0248725003469652,1.0093347766910445,3.040650421902292,1.0215216112903853,1.0062078352106236,3.0312304195886135,1.0182891455778162,1.0031875533111627,3.0221317323701204
1M 103/100 short put spread,short_put_spread,2020-10-16,2020-11-20,35,3483.81005859375,1.03,1.0,3590.0,3485.0,1.0304809790488731,1.0003415632271095,SPXW  201120P03590000,SPXW  201120P03485000,158.0,171.4,107.5,114.7,5360.0,4842.0,4327.000000000002,53.6,48.42,43.27000000000002,0.015385454171871756,0.013898576324664748,0.012420309739121104,103/100,0.205857,0.23656,0.19161848739510465,0.014238512604895365,0.07430657030256427,3557.5400390625,-3245.99609375,2114.00390625,1596.00390625,1081.0039062500018,0.006068080264695383,0.004581202417488373,0.0031029358319447304,0.205857,1.0743065703025643,0.8581969121843775,2018-10-19,2020-09-18,24,0.7625135090183777,24,short leg,0.8819938575180575,0.25220892549442264,0.25181826577320177,own-history IV/RV z-score,Dynamic: 24-month IV/RV z-score,1.0310915089401496,1.0248725003469652,2.9418150906902714,1.0262014085655453,1.0215216112903853,2.9321966298665707,1.0214488314549102,1.0182891455778162,2.9229180938436454
1M 103/100 short put spread,short_put_spread,2020-11-20,2020-12-18,28,3557.5400390625,1.03,1.0,3665.0,3560.0,1.030206254815847,1.0006914780748746,SPXW  201218P03665000,SPXW  201218P03560000,142.4,145.2,83.2,84.0,6020.000000000002,5927.000000000002,5837.000000000004,60.20000000000002,59.27000000000002,58.37000000000003,0.01692180533149086,0.01666038873749939,0.01640740493686249,103/100,0.190467,0.20539,0.22515666388504263,-0.03468966388504263,-0.15406900815848823,3709.409912109375,0.0,6020.000000000002,5927.000000000002,5837.000000000004,0.01692180533149086,0.01666038873749939,0.01640740493686249,0.190467,0.8459309918415118,0.8795203907489182,2018-11-16,2020-10-16,24,-0.18824668173712444,24,short leg,0.8938167395049447,0.25437764544664093,-0.038190585756408435,own-history IV/RV z-score,Dynamic: 24-month IV/RV z-score,1.048539438733388,1.0310915089401496,2.898327208179132,1.0432983229552169,1.0262014085655453,2.884581472865095,1.038208156054876,1.0214488314549102,2.871222305973223
1M 101/98 short put spread,short_put_spread,2020-12-18,2021-01-15,28,3709.409912109375,1.01,0.98,3745.0,3635.0,1.009594541647835,0.9799402293430921,SPXW  210115P03745000,SPXW  210115P03635000,80.1,81.3,44.8,45.5,3554.999999999999,3504.499999999999,3456.999999999999,35.54999999999999,35.04499999999999,34.56999999999999,0.009583734567578243,0.009447594315633741,0.009319541603408716,101/98,0.157643,0.194611,0.10235516916440954,0.05528783083559047,0.5401567042186561,3768.25,0.0,3554.999999999999,3504.499999999999,3456.999999999999,0.009583734567578243,0.009447594315633741,0.009319541603408716,0.157643,1.5401567042186561,0.9637473082845027,2018-12-21,2020-11-20,24,1.9356175509255946,24,short leg,1.005014610050101,0.27647098669499826,0.5980918348401703,own-history IV/RV z-score,Dynamic: 24-month IV/RV z-score,1.0585883623978463,1.048539438733388,2.8267014527308754,1.053154982260679,1.0432983229552169,2.8125722087207663,1.0478837801582275,1.038208156054876,2.7988498997256777
1M 103/100 short put spread,short_put_spread,2021-01-15,2021-02-19,35,3768.25,1.03,1.0,3880.0,3770.0,1.0296556757115372,1.0004644065547668,SPXW  210219P03880000,SPXW  210219P03770000,151.7,155.1,95.6,96.5,5734.999999999998,5624.499999999998,5516.999999999998,57.34999999999998,56.24499999999998,55.16999999999998,0.015219266237643464,0.014926026670204998,0.014640748357991106,103/100,0.179681,0.202593,0.10357143178064089,0.07610956821935912,0.7348509807275367,3906.7099609375,0.0,5734.999999999998,5624.499999999998,5516.999999999998,0.015219266237643464,0.014926026670204998,0.014640748357991106,0.179681,1.7348509807275367,0.8795203907489182,2019-01-18,2020-12-18,24,3.120188830438159,24,short leg,0.9114512597827781,0.2638941954128882,0.9724966003918318,own-history IV/RV z-score,Dynamic: 24-month IV/RV z-score,1.07469930052125,1.0585883623978463,2.8092307102709384,1.068874401613761,1.053154982260679,2.7948118682695653,1.0632255828919446,1.0478837801582275,2.7808234065102564
1M 102/99 short put spread,short_put_spread,2021-02-19,2021-03-19,28,3906.7099609375,1.02,0.99,3985.0,3870.0,1.0200398903029169,0.9906033564547775,SPXW  210319P03985000,SPXW  210319P03870000,115.2,116.0,64.0,64.5,5135.0,5099.5,5066.999999999998,51.35,50.995,50.66999999999998,0.013144052287843107,0.013053182987703199,0.012969992783349756,102/99,0.153216,0.185577,0.15186756728512862,0.001348432714871367,0.008879003851689493,3913.10009765625,-7189.990234375,-2054.990234375,-2090.490234375,-2122.990234375002,-0.005260155616676136,-0.005351024916816045,-0.005434215121169487,0.153216,1.0088790038516895,0.9240100101441912,2019-02-15,2021-01-15,24,-0.01740105452690368,24,short leg,1.0140863818911148,0.2992564635306545,0.09184856524904372,own-history IV/RV z-score,Dynamic: 24-month IV/RV z-score,1.0690462149593751,1.07469930052125,2.7509062901187384,1.063154828057779,1.068874401613761,2.7359963045663656,1.057447786352179,1.0632255828919446,2.7215370312179523
1M 103/100 short put spread,short_put_spread,2021-03-19,2021-04-16,28,3913.10009765625,1.03,1.0,4030.0,3915.0,1.0298739872291454,1.0004855235737231,SPXW  210416P04030000,SPXW  210416P03915000,141.7,143.0,74.4,75.1,6760.0,6706.999999999998,6656.999999999999,67.6,67.06999999999998,66.57,0.017275305592230825,0.017139863107558002,0.017012087178621387,103/100,0.146411,0.165461,0.18860622412244157,-0.04219522412244156,-0.22372127069915138,4185.47021484375,0.0,6760.0,6706.999999999998,6656.999999999999,0.017275305592230825,0.017139863107558002,0.017012087178621387,0.146411,0.7762787293008486,0.9092587717796157,2019-03-15,2021-02-19,24,-0.6614110775733351,24,short leg,0.9700581983593525,0.2929788684058111,-0.14625104162426328,own-history IV/RV z-score,Dynamic: 24-month IV/RV z-score,1.087514315015016,1.0690462149593751,2.7319674638522025,1.0813771562728287,1.063154828057779,2.716911915170673,1.0754371802804426,1.057447786352179,2.702327464062412
1M 103/100 short put spread,short_put_spread,2021-04-16,2021-05-21,35,4185.47021484375,1.03,1.0,4310.0,4185.0,1.0297528781150098,0.9998876554318599,SPXW  210521P04310000,SPXW  210521P04185000,147.8,148.9,71.1,71.5,7705.000000000002,7664.500000000001,7627.000000000002,77.05000000000001,76.64500000000001,76.27000000000002,0.018408923261893625,0.018312159940400217,0.01822256427235077,103/100,0.121334,0.1335,0.12012026379867413,0.0012137362013258657,0.010104341789992421,4155.85986328125,-12500.0,-4794.999999999998,-4835.499999999999,-4872.999999999998,-0.01145629942125631,-0.011553062742749719,-0.011642658410799167,0.121334,1.0101043417899924,0.8893327973143952,2019-04-18,2021-03-19,24,0.16084889110778572,24,short leg,0.9625511449608561,0.2956389472232707,0.135800169340772,own-history IV/RV z-score,Dynamic: 24-month IV/RV z-score,1.0750554253973015,1.087514315015016,2.5983085751229376,1.0688839381378326,1.0813771562728287,2.583645566124757,1.0629162325481643,1.0754371802804426,2.5694536696651427
1M 98/95 short put spread,short_put_spread,2021-05-21,2021-06-18,28,4155.85986328125,0.98,0.95,4075.0,3950.0,0.9805431689370278,0.9504651576199411,SPXW  210618P04075000,SPXW  210618P03950000,48.2,48.7,28.2,28.7,2000.0,1972.0,1947.0,20.0,19.72,19.47,0.004812481810733879,0.004745107065383605,0.004684951042749431,98/95,0.178529,0.219112,0.14231869690226887,0.03621030309773113,0.2544311034733333,4166.4501953125,0.0,2000.0,1972.0,1947.0,0.004812481810733879,0.004745107065383605,0.004684951042749431,0.178529,1.2544311034733333,1.2286316304497122,2019-05-17,2021-04-16,24,-0.1670881397703127,24,short leg,1.32429654770913,0.4181352687978753,0.02099854210507157,own-history IV/RV z-score,Dynamic: 24-month IV/RV z-score,1.0802291100775567,1.0750554253973015,2.5868423401276432,1.0739559068647655,1.0688839381378326,2.571992255036958,1.067895943060196,1.0629162325481643,2.557632517735911
1M 98/95 short put spread,short_put_spread,2021-06-18,2021-07-16,28,4166.4501953125,0.98,0.95,4080.0,3960.0,0.9792508751431227,0.9504493788153837,SPXW  210716P04080000,SPXW  210716P03960000,49.6,50.2,29.1,29.6,2055.000000000001,2024.500000000001,1997.000000000001,20.550000000000008,20.245000000000008,19.97000000000001,0.004932256246125289,0.0048590524429589525,0.004793049013874551,98/95,0.186379,0.22183,0.08283457802441589,0.1035444219755841,1.2500144800045203,4327.16015625,0.0,2055.000000000001,2024.500000000001,1997.000000000001,0.004932256246125289,0.0048590524429589525,0.004793049013874551,0.186379,2.2500144800045203,1.2397924140478573,2019-06-21,2021-05-21,24,2.212695703565436,24,short leg,1.3252273659985132,0.4179459075714061,0.8148316238347844,own-history IV/RV z-score,Dynamic: 24-month IV/RV z-score,1.0855570768529832,1.0802291100775567,2.5926845622512844,1.079174314937647,1.0739559068647655,2.577628092309921,1.0730144206570014,1.067895943060196,2.5630834235379587
1M 98/95 short put spread,short_put_spread,2021-07-16,2021-08-20,35,4327.16015625,0.98,0.95,4240.0,4110.0,0.9798574230898043,0.9498146247403527,SPXW  210820P04240000,SPXW  210820P04110000,54.3,54.8,32.1,32.6,2220.0,2192.0,2167.0,22.2,21.92,21.67,0.005130385564290956,0.005065677998615215,0.005007903386404731,98/95,0.169994,0.20473,0.10112589254863172,0.06886810745136829,0.6810135932125339,4441.669921875,0.0,2220.0,2192.0,2167.0,0.005130385564290956,0.005065677998615215,0.005007903386404731,0.169994,1.6810135932125339,1.2544220675988782,2019-07-19,2021-06-18,24,0.6794401051894317,24,short leg,1.3708043541616421,0.45656598231628326,0.3400701698673123,own-history IV/RV z-score,Dynamic: 24-month IV/RV z-score,1.0911264032092838,1.0855570768529832,2.5087055659010957,1.0846410645214972,1.079174314937647,2.4939551021214803,1.0783879732078707,1.0730144206570014,2.4797196819886054
1M 98/95 short put spread,short_put_spread,2021-08-20,2021-09-17,28,4441.669921875,0.98,0.95,4355.0,4220.0,0.9804870862987466,0.9500931123262252,SPXW  210917P04355000,SPXW  210917P04220000,44.3,44.9,25.9,26.4,1844.999999999999,1814.5,1787.0,18.449999999999992,18.145,17.87,0.004153843109577926,0.0040851752424548235,0.004023261591770058,98/95,0.16252,0.207227,0.08386506029187885,0.07865493970812115,0.9378749557250099,4432.990234375,0.0,1844.999999999999,1814.5,1787.0,0.004153843109577926,0.0040851752424548235,0.004023261591770058,0.16252,1.93787495572501,1.2544220675988782,2019-08-16,2021-07-16,24,1.2519957025290842,24,short leg,1.368498086459977,0.4547754182501326,0.5448348731893298,own-history IV/RV z-score,Dynamic: 24-month IV/RV z-score,1.0956587711009333,1.0911264032092838,2.456567962953621,1.0890720133452303,1.0846410645214972,2.4419668358958746,1.0827266101215047,1.0783879732078707,2.4278885918489
1M 98/95 short put spread,short_put_spread,2021-09-17,2021-10-15,28,4432.990234375,0.98,0.95,4345.0,4210.0,0.9801510425868544,0.9496975579495183,SPXW  211015P04345000,SPXW  211015P04210000,54.8,55.4,32.6,33.2,2219.9999999999986,2186.9999999999995,2156.9999999999995,22.199999999999985,21.869999999999994,21.569999999999997,0.005007906362584155,0.004933464511248447,0.0048657901009432555,98/95,0.189395,0.230159,0.08508592149584869,0.10430907850415132,1.225926412623274,4471.3701171875,0.0,2219.9999999999986,2186.9999999999995,2156.9999999999995,0.005007906362584155,0.004933464511248447,0.0048657901009432555,0.189395,2.225926412623274,1.2598773324947508,2019-09-20,2021-08-20,24,1.7759961762327439,24,short leg,1.4102945840301482,0.45925314452154403,0.7667802691676322,own-history IV/RV z-score,Dynamic: 24-month IV/RV z-score,1.1011457276319507,1.0956587711009333,2.4716020409988757,1.0944449114732628,1.0890720133452303,2.456743542767531,1.0879949305430618,1.0827266101215047,2.4424294953903876
1M 98/95 short put spread,short_put_spread,2021-10-15,2021-11-19,35,4471.3701171875,0.98,0.95,4380.0,4250.0,0.9795655213518822,0.9504916588460044,SPXW  211119P04380000,SPXW  211119P04250000,46.4,46.9,26.9,27.3,1955.0,1929.4999999999995,1906.9999999999995,19.55,19.294999999999995,19.069999999999997,0.00437226163069162,0.004315232131160859,0.004264911984516071,98/95,0.151845,0.186577,0.16221274243274908,-0.010367742432749072,-0.0639144759977619,4697.9599609375,0.0,1955.0,1929.4999999999995,1906.9999999999995,0.00437226163069162,0.004315232131160859,0.004264911984516071,0.151845,0.9360855240022381,1.289665127711483,2019-10-18,2021-09-17,24,-1.069657450291247,24,short leg,1.4546928173884754,0.4848349284577325,-0.2741638865095729,own-history IV/RV z-score,Dynamic: 24-month IV/RV z-score,1.105960224846676,1.1011457276319507,2.462658421854314,1.0991676953210376,1.0944449114732628,2.4476723751100944,1.0926351331614277,1.0879949305430618,2.4332473090539253
1M 98/95 short put spread,short_put_spread,2021-11-19,2021-12-17,28,4697.9599609375,0.98,0.95,4605.0,4465.0,0.9802126962106017,0.950412527379009,SPXW  211217P04605000,SPXW  211217P04465000,44.2,44.6,24.6,24.9,1965.000000000001,1944.5,1927.0,19.65000000000001,19.445,19.27,0.00418266655386283,0.004139030592359425,0.004101780381319934,98/95,0.15858,0.19858,0.06750313323284787,0.09107686676715213,1.3492242864192412,4620.64013671875,0.0,1965.000000000001,1944.5,1927.0,0.00418266655386283,0.004139030592359425,0.004101780381319934,0.15858,2.349224286419241,1.289665127711483,2019-11-15,2021-10-15,24,1.8378141064053863,24,short leg,1.4505168061916542,0.4890089139566923,0.8215769628414711,own-history IV/RV z-score,Dynamic: 24-month IV/RV z-score,1.110586087689045,1.105960224846676,2.354128672961224,1.1037171840381046,1.0991676953210376,2.3396702067713955,1.09711688251457,1.0926351331614277,2.325765102824306
1M 98/95 short put spread,short_put_spread,2021-12-17,2022-01-21,35,4620.64013671875,0.98,0.95,4530.0,4390.0,0.980383640786379,0.9500848086207955,SPXW  220121P04530000,SPXW  220121P04390000,71.0,71.8,43.5,44.3,2750.000000000001,2707.000000000001,2667.0,27.50000000000001,27.070000000000007,26.67,0.005951556318239609,0.005858495619445317,0.005771927527543648,98/95,0.194518,0.227624,0.18761110322630922,0.006906896773690774,0.03681496806379947,4397.93994140625,-13206.005859375,-10456.005859375,-10499.005859375,-10539.005859375,-0.022628911903968596,-0.022721972602762888,-0.022808540694664554,0.194518,1.0368149680637995,1.289665127711483,2019-12-20,2021-11-19,24,-0.8386820616819034,24,short leg,1.4601997847865273,0.5048215957709489,-0.19605877077281864,own-history IV/RV z-score,Dynamic: 24-month IV/RV z-score,1.0854547329489563,1.110586087689045,2.4035329625944515,1.078638552421192,1.1037171840381046,2.388667265531494,1.072093247452933,1.09711688251457,2.374382877809793
1M 102/99 short put spread,short_put_spread,2022-01-21,2022-02-18,28,4397.93994140625,1.02,0.99,4485.0,4355.0,1.0197956451778905,0.990236351114763,SPXW  220218P04485000,SPXW  220218P04355000,158.7,173.1,105.7,108.4,5884.9999999999945,5454.499999999998,5026.999999999998,58.849999999999945,54.54499999999998,50.26999999999998,0.013381265043192595,0.01240239765133289,0.011430351635026205,102/99,0.22773,0.25566,0.15286022934976137,0.07486977065023862,0.48979234800785343,4348.8701171875,-13000.0,-7115.0000000000055,-7545.500000000002,-7973.000000000002,-0.01617802901993466,-0.017156896411794367,-0.018128942428101053,0.22773,1.4897923480078534,1.0159601900836925,2020-01-17,2021-12-17,24,1.1437778216589913,24,short leg,1.0926848125816235,0.3471893998173926,0.4663885086728916,own-history IV/RV z-score,Dynamic: 24-month IV/RV z-score,1.0678942147794825,1.0854547329489563,2.4680981264193433,1.0601324625115338,1.078638552421192,2.452599550680302,1.0526573306923028,1.072093247452933,2.4377168895811003
1M 102/99 short put spread,short_put_spread,2022-02-18,2022-03-18,28,4348.8701171875,1.02,0.99,4435.0,4305.0,1.0198051173044005,0.9899122953766503,SPXW  220318P04435000,SPXW  220318P04305000,155.3,156.4,100.8,101.7,5460.000000000002,5407.000000000002,5357.000000000002,54.600000000000016,54.07000000000002,53.57000000000002,0.012554985209655081,0.012433114474103484,0.012318142082073675,102/99,0.222486,0.255971,0.22338493370835447,-0.0008989337083544768,-0.004024146541270812,4463.1201171875,0.0,5460.000000000002,5407.000000000002,5357.000000000002,0.012554985209655081,0.012433114474103484,0.012318142082073675,0.222486,0.9959758534587292,1.0159601900836925,2020-02-21,2022-01-21,24,-0.3023042384238773,24,short leg,1.1034724869316281,0.3555908909294617,-0.019670393407164033,own-history IV/RV z-score,Dynamic: 24-month IV/RV z-score,1.0813016108515152,1.0678942147794825,2.455567046159821,1.073313210775653,1.0601324625115338,2.4377193016680443,1.065624113255507,1.0526573306923028,2.420530625948142
1M 98/95 short put spread,short_put_spread,2022-03-18,2022-04-14,27,4463.1201171875,0.98,0.95,4375.0,4240.0,0.9802559386989947,0.9500080411619971,SPXW  220414P04375000,SPXW  220414P04240000,66.9,67.6,40.0,40.6,2695.0000000000005,2659.5000000000005,2627.0000000000014,26.950000000000003,26.595000000000006,26.270000000000014,0.006038376582385809,0.005958835814788519,0.005886016802199453,98/95,0.219232,0.254399,0.26139175180790686,-0.04215975180790685,-0.16128952622380166,4392.58984375,0.0,2695.0000000000005,2659.5000000000005,2627.0000000000014,0.006038376582385809,0.005958835814788519,0.005886016802199453,0.219232,0.8387104737761983,1.2598773324947508,2020-03-20,2022-02-18,24,-1.1657921664425708,24,short leg,1.4373093319403807,0.513469617822887,-0.3342919567292931,own-history IV/RV z-score,Dynamic: 24-month IV/RV z-score,1.0878309171769769,1.0813016108515152,2.4227481727131135,1.0797089079765085,1.073313210775653,2.404849483307245,1.0718963946909579,1.065624113255507,2.3876214067189965
1M 102/99 short put spread,short_put_spread,2022-04-14,2022-05-20,36,4392.58984375,1.02,0.99,4480.0,4350.0,1.0198994578049148,0.9903041610382542,SPXW  220520P04480000,SPXW  220520P04350000,150.1,150.9,94.8,95.5,5535.0,5494.500000000002,5457.0,55.35,54.94500000000002,54.57,0.012600766738728132,0.012508566006493539,0.012423194958128169,102/99,0.174545,0.205867,0.16662654518958797,0.007918454810412034,0.0475221688201144,3901.360107421875,-13000.0,-7465.0,-7505.499999999998,-7543.0,-0.01699453002793234,-0.01708673076016693,-0.017172101808532302,0.174545,1.0475221688201144,1.0159601900836925,2020-04-17,2022-03-18,24,-0.17842426113997217,24,short leg,1.1102644765610212,0.35164672864575336,0.03106615696607351,own-history IV/RV z-score,Dynamic: 24-month IV/RV z-score,1.0693437419896996,1.0878309171769769,2.476513755830852,1.06126021256656,1.0797089079765085,2.4580235040901286,1.053489680673126,1.0718963946909579,2.44023783876864
1M 103/100 short put spread,short_put_spread,2022-05-20,2022-06-17,28,3901.360107421875,1.03,1.0,4020.0,3900.0,1.0304098799678674,0.9996513760882294,SPXW  220617P04020000,SPXW  220617P03900000,178.8,183.0,116.9,117.9,6350.0,6217.000000000004,6087.0,63.5,62.17000000000004,60.87,0.016276374969641686,0.015935468218309042,0.015602251092946289,103/100,0.248652,0.26947,0.3390484481886693,-0.09039644818866929,-0.2666180856205147,3674.840087890625,-12000.0,-5650.0,-5782.999999999996,-5913.0,-0.014482128909996145,-0.014823035661328789,-0.01515625278669154,0.248652,0.7333819143794853,0.9861303733145637,2020-05-15,2022-04-14,24,-1.0887395743242472,24,short leg,1.0762987934087087,0.3149668544399731,-0.25630328988401885,own-history IV/RV z-score,Dynamic: 24-month IV/RV z-score,1.0538573680691072,1.0693437419896996,2.740951136388051,1.0455291145897365,1.06126021256656,2.7202313637944835,1.0375227247646732,1.053489680673126,2.7003138691785633
1M 103/100 short put spread,short_put_spread,2022-06-17,2022-07-15,28,3674.840087890625,1.03,1.0,3785.0,3675.0,1.0299767906833213,1.0000435153926566,SPXW  220715P03785000,SPXW  220715P03675000,170.0,171.1,111.8,112.5,5840.0,5792.0,5747.0,58.4,57.92,57.47,0.015891847972498273,0.01576123004395719,0.015638775735949927,103/100,0.262046,0.278478,0.28579301216835973,-0.023747012168359727,-0.08309164730161578,3863.159912109375,0.0,5840.0,5792.0,5747.0,0.015891847972498273,0.01576123004395719,0.015638775735949927,0.262046,0.9169083526983842,0.9861303733145637,2020-06-19,2022-05-20,24,-0.48002172779330354,24,short leg,1.0705556349025012,0.3200840155933049,-0.07019560748698128,own-history IV/RV z-score,Dynamic: 24-month IV/RV z-score,1.0706051091471587,1.0538573680691072,2.8677638832279806,1.0620079394824402,1.0455291145897365,2.8451009828563043,1.0537483099782197,1.0375227247646732,2.8233139400637595
1M 103/100 short put spread,short_put_spread,2022-07-15,2022-08-19,35,3863.159912109375,1.03,1.0,3980.0,3865.0,1.0302446936054552,1.0004763167801718,SPXW  220819P03980000,SPXW  220819P03865000,165.6,168.7,107.5,108.0,5939.999999999996,5846.999999999996,5756.999999999996,59.39999999999996,58.46999999999996,57.569999999999965,0.015376013768885427,0.015135278199776614,0.014902308294187441,103/100,0.20049,0.222804,0.23272850212726132,-0.032238502127261315,-0.13852408206379707,4228.47998046875,0.0,5939.999999999996,5846.999999999996,5756.999999999996,0.015376013768885427,0.015135278199776614,0.014902308294187441,0.20049,0.8614759179362029,0.9861303733145637,2020-07-17,2022-06-17,24,-0.6513606461937136,24,short leg,1.0701070241024415,0.3203004470494093,-0.12640768274824998,own-history IV/RV z-score,Dynamic: 24-month IV/RV z-score,1.0870667480464444,1.0706051091471587,2.7713196800144457,1.0780817250968786,1.0620079394824402,2.749065437735295,1.0694515921579941,1.0537483099782197,2.7276849365597413
1M 103/100 short put spread,short_put_spread,2022-08-19,2022-09-16,28,4228.47998046875,1.03,1.0,4355.0,4230.0,1.0299209219662013,1.000359471852361,SPXW  220916P04355000,SPXW  220916P04230000,152.4,154.8,84.3,84.8,6905.000000000002,6829.500000000004,6757.000000000004,69.05000000000001,68.29500000000003,67.57000000000004,0.01632974504288547,0.01615119388419788,0.015979737473537602,103/100,0.160237,0.181846,0.17450943141623526,-0.01427243141623527,-0.08178601752585535,3873.330078125,-12500.0,-5594.999999999998,-5670.499999999996,-5742.999999999996,-0.013231705070954981,-0.013410256229642575,-0.013581712640302848,0.160237,0.9182139824741447,0.9702416144415111,2020-08-21,2022-07-15,24,-0.4539852769185398,24,short leg,1.0647444235561847,0.3227647426732135,-0.053623377097996916,own-history IV/RV z-score,Dynamic: 24-month IV/RV z-score,1.0726830014438518,1.0870667480464444,2.570821555423179,1.0636243729268344,1.0780817250968786,2.5495727308075544,1.05492660795059,1.0694515921579941,2.5291631912596633
1M 103/100 short put spread,short_put_spread,2022-09-16,2022-10-21,35,3873.330078125,1.03,1.0,3990.0,3875.0,1.0301213476573825,1.0004311333765308,SPXW  221021P03990000,SPXW  221021P03875000,171.5,172.2,113.4,114.0,5815.0,5779.5,5747.0,58.15,57.795,57.47,0.015012921395056842,0.014921268994450733,0.014837361867135282,103/100,0.227729,0.24628,0.24317540153590977,-0.015446401535909787,-0.06351958889899811,3752.75,-11500.0,-5685.0,-5720.5,-5753.0,-0.014677292885795038,-0.014768945286401146,-0.014852852413716597,0.227729,0.9364804111010019,0.9494917475028616,2020-09-18,2022-08-19,24,-0.337584147526229,24,short leg,1.041933596283642,0.31237599856328213,-0.013703474976037633,own-history IV/RV z-score,Dynamic: 24-month IV/RV z-score,1.0569389188580467,1.0726830014438518,2.7694076668082874,1.0479157627577953,1.0636243729268344,2.7460204823073413,1.039257938735397,1.05492660795059,2.723564960054368
1M 103/100 short put spread,short_put_spread,2022-10-21,2022-11-18,28,3752.75,1.03,1.0,3865.0,3755.0,1.0299113983079076,1.0005995603224302,SPXW  221118P03865000,SPXW  221118P03755000,173.2,174.0,113.6,114.3,5965.000000000002,5924.499999999998,5887.000000000002,59.65000000000002,59.24499999999998,58.87000000000002,0.015895010325761114,0.015787089467723666,0.01568716274731864,103/100,0.271077,0.281612,0.29299287337961377,-0.02191587337961376,-0.07480002201698144,3965.340087890625,0.0,5965.000000000002,5924.499999999998,5887.000000000002,0.015895010325761114,0.015787089467723666,0.01568716274731864,0.271077,0.9251999779830186,0.9494917475028616,2020-10-16,2022-09-16,24,-0.38126878070339304,24,short leg,1.0439609857891265,0.3114889385567023,-0.02558397119693745,own-history IV/RV z-score,Dynamic: 24-month IV/RV z-score,1.0737389738869942,1.0569389188580467,2.8164383954647834,1.0644593026590905,1.0479157627577953,2.792394278216762,1.0555609471567822,1.039257938735397,2.76932366593937
1M 103/100 short put spread,short_put_spread,2022-11-18,2022-12-16,28,3965.340087890625,1.03,1.0,4085.0,3965.0,1.0301764563586344,0.999914234874415,SPXW  221216P04085000,SPXW  221216P03965000,157.6,160.8,93.2,93.7,6574.999999999998,6479.499999999998,6386.999999999996,65.74999999999999,64.79499999999999,63.86999999999996,0.01658117552156186,0.01634033867558328,0.016107067384975752,103/100,0.203982,0.219407,0.2820333606359019,-0.0780513606359019,-0.2767451356106212,3852.360107421875,-12000.0,-5425.000000000002,-5520.500000000002,-5613.000000000004,-0.013681045962657512,-0.01392188280863609,-0.01415515409924362,0.203982,0.7232548643893788,0.93853154640323,2020-11-20,2022-10-21,24,-1.0068839472011446,24,short leg,1.0377482111091454,0.3123431926727703,-0.22937607461237097,own-history IV/RV z-score,Dynamic: 24-month IV/RV z-score,1.0590491016333496,1.0737389738869942,2.7078105536672212,1.049640024992908,1.0644593026590905,2.6844085981672583,1.0406193192886344,1.0555609471567822,2.661968264412577
1M 103/100 short put spread,short_put_spread,2022-12-16,2023-01-20,35,3852.360107421875,1.03,1.0,3970.0,3850.0,1.0305370965584142,0.999387360642291,SPXW  230120P03970000,SPXW  230120P03850000,158.6,159.7,95.1,96.0,6359.999999999998,6306.999999999996,6256.999999999996,63.59999999999998,63.069999999999965,62.569999999999965,0.016509360035545373,0.016371782035249156,0.016241991468931977,103/100,0.191024,0.208589,0.19816986883632942,-0.007145868836329422,-0.036059310521274424,3972.610107421875,0.0,6359.999999999998,6306.999999999996,6256.999999999996,0.016509360035545373,0.016371782035249156,0.016241991468931977,0.191024,0.9639406894787256,0.93853154640323,2020-12-18,2022-11-18,24,-0.21698482201679226,24,short leg,1.0326367057986399,0.31659364780177096,0.027073296761171317,own-history IV/RV z-score,Dynamic: 24-month IV/RV z-score,1.0765333245475357,1.0590491016333496,2.749091653173877,1.0668245026975653,1.049640024992908,2.724667465460184,1.0575210493949263,1.0406193192886344,2.7012514154214173
1M 103/100 short put spread,short_put_spread,2023-01-20,2023-02-17,28,3972.610107421875,1.03,1.0,4090.0,3975.0,1.0295498147071644,1.0006015925332465,SPXW  230217P04090000,SPXW  230217P03975000,142.3,145.3,79.1,79.8,6435.000000000003,6339.500000000004,6247.000000000004,64.35000000000002,63.39500000000004,62.470000000000034,0.016198418233840113,0.015958022127961057,0.015725177732214327,103/100,0.167998,0.184144,0.17720276014941283,-0.009204760149412822,-0.051944789921170575,4079.090087890625,-1090.9912109375,5344.008789062503,5248.508789062504,5156.008789062504,0.01345213510653486,0.013211739000655805,0.012978894604909075,0.167998,0.9480552100788294,0.93853154640323,2021-01-15,2022-12-16,24,-0.22347726016206662,24,short leg,1.0174348650054457,0.3104550989944204,0.010147409228914439,own-history IV/RV z-score,Dynamic: 24-month IV/RV z-score,1.0910149962760363,1.0765333245475357,2.709889204924213,1.0809191095867101,1.0668245026975653,2.6854498021450888,1.0712465036374959,1.0575210493949263,2.6620308079547
1M 103/100 short put spread,short_put_spread,2023-02-17,2023-03-17,28,4079.090087890625,1.03,1.0,4200.0,4080.0,1.0296413929342512,1.000223067421844,SPXW  230317P04200000,SPXW  230317P04080000,139.9,144.8,77.3,78.0,6470.000000000001,6327.000000000004,6187.000000000004,64.7,63.27000000000004,61.87000000000003,0.01586138050543954,0.015510812126416692,0.015167598328771941,103/100,0.157403,0.17946,0.1621120418357446,-0.0047090418357446095,-0.029048069362520912,3916.639892578125,-12000.0,-5529.999999999999,-5672.999999999996,-5812.999999999996,-0.013556945006967637,-0.013907513385990482,-0.014250727183635233,0.157403,0.9709519306374791,0.93853154640323,2021-02-19,2023-01-20,24,-0.05067304139069447,24,short leg,0.9846517078950829,0.27035632521002895,0.03454373415416345,own-history IV/RV z-score,Dynamic: 24-month IV/RV z-score,1.076224165969745,1.0910149962760363,2.6746528582805116,1.06588621260096,1.0809191095867101,2.6499025182002636,1.0559804619677349,1.0712465036374959,2.626189862336328
1M 103/100 short put spread,short_put_spread,2023-03-17,2023-04-21,35,3916.639892578125,1.03,1.0,4035.0,3915.0,1.0302198084756689,0.9995813011604073,SPXW  230421P04035000,SPXW  230421P03915000,157.6,158.5,100.2,101.0,5745.000000000002,5699.500000000002,5657.000000000002,57.45000000000002,56.99500000000002,56.57000000000002,0.01466818537718146,0.01455201437027776,0.014443502990202875,103/100,0.198794,0.224258,0.17718052315883265,0.02161347684116735,0.12198562491991316,4133.52001953125,0.0,5745.000000000002,5699.500000000002,5657.000000000002,0.01466818537718146,0.01455201437027776,0.014443502990202875,0.198794,1.1219856249199132,0.93853154640323,2021-03-19,2023-02-17,24,0.5061158771730302,24,short leg,0.9851746711174668,0.270315475117319,0.19546927241789702,own-history IV/RV z-score,Dynamic: 24-month IV/RV z-score,1.0920104215435917,1.076224165969745,2.7478251651604384,1.0813970040838101,1.06588621260096,2.7214302101675765,1.0712325189277616,1.0559804619677349,2.6961387590643073
1M 101/98 short put spread,short_put_spread,2023-04-21,2023-05-19,28,4133.52001953125,1.01,0.98,4175.0,4050.0,1.0100350259035287,0.9797944562656984,SPXW  230519P04175000,SPXW  230519P04050000,77.8,79.7,37.3,37.9,4115.0,4049.500000000002,3987.000000000001,41.15,40.49500000000002,39.87000000000001,0.0099551955247737,0.009796734939871475,0.009645532091682322,101/98,0.134514,0.166452,0.09305932314941051,0.041454676850589484,0.44546505871348674,4191.97998046875,0.0,4115.0,4049.500000000002,3987.000000000001,0.0099551955247737,0.009796734939871475,0.009645532091682322,0.134514,1.4454650587134867,1.0162234799453458,2021-04-16,2023-03-17,24,1.0567200331230762,24,short leg,1.1088921873318747,0.31850713607358233,0.4223889599473005,own-history IV/RV z-score,Dynamic: 24-month IV/RV z-score,1.1028815988051486,1.0920104215435917,2.6418413758340233,1.0919911638975903,1.0813970040838101,2.6161649126509925,1.0815651265667332,1.0712325189277616,2.5915745269554584
1M 98/95 short put spread,short_put_spread,2023-05-19,2023-06-16,28,4191.97998046875,0.98,0.95,4110.0,3980.0,0.9804436135547615,0.9494320150724942,SPXW  230616P04110000,SPXW  230616P03980000,36.9,37.5,18.6,19.1,1835.0000000000002,1804.5000000000002,1777.0000000000002,18.35,18.045,17.770000000000003,0.004377406401150821,0.0043046484200962715,0.004239046961768398,98/95,0.161445,0.196994,0.14247254139682455,0.01897245860317545,0.13316572033576657,4409.58984375,0.0,1835.0000000000002,1804.5000000000002,1777.0000000000002,0.004377406401150821,0.0043046484200962715,0.004239046961768398,0.161445,1.1331657203357666,1.1614110118638692,2021-05-21,2023-04-21,24,-0.43881125943098176,24,short leg,1.3398283508454576,0.4709601817821994,-0.024319806889701923,own-history IV/RV z-score,Dynamic: 24-month IV/RV z-score,1.1077093597754697,1.1028815988051486,2.6309324088943375,1.0966918019360212,1.0919911638975903,2.6049531939212245,1.0861499319304606,1.0815651265667332,2.580081802885404
1M 103/100 short put spread,short_put_spread,2023-06-16,2023-07-21,35,4409.58984375,1.03,1.0,4540.0,4410.0,1.0295742145802604,1.0000930146032927,SPXW  230721P04540000,SPXW  230721P04410000,124.9,127.4,52.4,52.8,7355.000000000001,7279.5,7207.0,73.55000000000001,72.795,72.07,0.016679555833122944,0.01650833809479517,0.016343923710308232,103/100,0.103653,0.115942,0.11545072632825079,-0.011797726328250796,-0.10218841148480406,4536.33984375,-366.015625,6988.984375000001,6913.484375,6840.984375,0.015849511230406035,0.015678293492078256,0.01551387910759132,0.103653,0.8978115885151959,0.9443189458921437,2021-06-18,2023-05-19,24,-0.4227839448621694,24,short leg,1.0122666249481291,0.2707175563874507,-0.04924962861251292,own-history IV/RV z-score,Dynamic: 24-month IV/RV z-score,1.125266011713257,1.1077093597754697,2.512046242453816,1.1138860578771304,1.0966918019360212,2.4870607943059246,1.1030003306671483,1.0861499319304606,2.4631541037086064
1M 103/100 short put spread,short_put_spread,2023-07-21,2023-08-18,28,4536.33984375,1.03,1.0,4670.0,4535.0,1.029464317236759,0.9997046421132125,SPXW  230818P04670000,SPXW  230818P04535000,131.6,133.8,49.2,49.5,8334.999999999998,8269.499999999998,8206.999999999996,83.34999999999998,82.69499999999998,82.06999999999996,0.0183738438633156,0.01822945432845691,0.018091678054736784,103/100,0.101835,0.112251,0.09358339156213479,0.00825160843786521,0.0881738554259015,4369.7099609375,-13500.0,-5165.000000000002,-5230.500000000002,-5293.000000000004,-0.01138583126023097,-0.011530220795089658,-0.011667997068809785,0.101835,1.0881738554259015,0.93853154640323,2021-07-16,2023-06-16,24,0.3961226891260588,24,short leg,0.988099404634977,0.2526349879420252,0.15944302521971832,own-history IV/RV z-score,Dynamic: 24-month IV/RV z-score,1.1124539227810166,1.125266011713257,2.4805593286041088,1.101042705689235,1.1138860578771304,2.4554731264497325,1.0901305260420278,1.1030003306671483,2.4314764075421316
1M 102/99 short put spread,short_put_spread,2023-08-18,2023-09-15,28,4369.7099609375,1.02,0.99,4455.0,4325.0,1.0195184668604873,0.9897682085682621,SPXW  230915P04455000,SPXW  230915P04325000,105.8,106.3,49.9,50.3,5595.000000000001,5569.5,5547.0,55.95000000000001,55.695,55.47,0.012804053472692319,0.012745697196811413,0.012694206365151792,102/99,0.13359,0.158766,0.09834115862070726,0.035248841379292725,0.3584342697775633,4450.31982421875,-468.017578125,5126.982421875001,5101.482421875,5078.982421875,0.011733003946959976,0.01167464767107907,0.01162315683941945,0.13359,1.3584342697775633,0.9696103361886403,2021-08-20,2023-07-21,24,1.2156170070587475,24,short leg,1.0302323334027241,0.26998794395690623,0.40101050811537164,own-history IV/RV z-score,Dynamic: 24-month IV/RV z-score,1.1255063490478174,1.1124539227810166,2.5458301185334165,1.1138969913489685,1.101042705689235,2.519715760386558,1.102801284121653,1.0901305260420278,2.4947434401530524
1M 98/95 short put spread,short_put_spread,2023-09-15,2023-10-20,35,4450.31982421875,0.98,0.95,4360.0,4230.0,0.9797048689113921,0.9504934852053185,SPXW  231020P04360000,SPXW  231020P04230000,30.0,30.4,13.9,14.1,1620.0,1602.0,1587.0,16.2,16.02,15.87,0.0036401878156799433,0.0035997412843946103,0.003566035841656833,98/95,0.135024,0.160561,0.11793981862660473,0.017084181373395277,0.1448550758542666,4224.16015625,-13000.0,-11380.0,-11398.0,-11413.0,-0.025571195890393673,-0.025611642421679008,-0.025645347864416784,0.135024,1.1448550758542666,1.1277764462233626,2021-09-17,2023-08-18,24,-0.29245600326667753,24,short leg,1.2649522467266594,0.41065038683060157,0.015143630360517024,own-history IV/RV z-score,Dynamic: 24-month IV/RV z-score,1.0967258057204339,1.1255063490478174,2.5290459865890633,1.0853682599119545,1.1138969913489685,2.502959417179668,1.0745195615650278,1.102801284121653,2.4780270355406397
1M 103/100 short put spread,short_put_spread,2023-10-20,2023-11-17,28,4224.16015625,1.03,1.0,4350.0,4225.0,1.0297905001456467,1.0001988191069786,SPXW  231117P04350000,SPXW  231117P04225000,148.6,149.9,83.6,84.0,6545.0,6499.500000000002,6457.0,65.45,64.99500000000002,64.57,0.015494204191846567,0.01538649047286582,0.015285878757334344,103/100,0.162923,0.187938,0.1289999620501261,0.03392303794987392,0.26296936379479163,4514.02001953125,0.0,6545.0,6499.500000000002,6457.0,0.015494204191846567,0.01538649047286582,0.015285878757334344,0.162923,1.2629693637947916,0.9308401945420102,2021-10-15,2023-09-15,24,1.4063244478379868,24,short leg,0.9543348274392432,0.21946182961551136,0.3568057881473359,own-history IV/RV z-score,Dynamic: 24-month IV/RV z-score,1.1137186992967338,1.0967258057204339,2.59631681838042,1.1020682683026408,1.0853682599119545,2.5694297085446935,1.090944537305495,1.0745195615650278,2.5437472108513353
1M 98/95 short put spread,short_put_spread,2023-11-17,2023-12-15,28,4514.02001953125,0.98,0.95,4425.0,4290.0,0.9802792147252165,0.9503723912251251,SPXW  231215P04425000,SPXW  231215P04290000,25.0,25.3,9.9,10.2,1510.0,1492.0,1477.0,15.1,14.92,14.77,0.003345133591491699,0.0033052578268249104,0.0032720280229359203,98/95,0.127764,0.156835,0.15358771071537058,-0.025823710715370596,-0.16813656896825036,4719.18994140625,0.0,1510.0,1492.0,1477.0,0.003345133591491699,0.0033052578268249104,0.0032720280229359203,0.127764,0.8318634310317496,1.1312056384347158,2021-11-19,2023-10-20,24,-1.1576899289833626,24,short leg,1.247273572763376,0.35882677332817686,-0.2646222731148823,own-history IV/RV z-score,Dynamic: 24-month IV/RV z-score,1.117444237129224,1.1137186992967338,2.4672435976754614,1.1057108880721436,1.1020682683026408,2.441434161865067,1.0945141384030272,1.090944537305495,2.4167915352284637
1M 103/100 short put spread,short_put_spread,2023-12-15,2024-01-19,35,4719.18994140625,1.03,1.0,4860.0,4720.0,1.0298377603660918,1.0001716520427886,SPXW  240119P04860000,SPXW  240119P04720000,131.4,135.8,49.6,50.2,8370.0,8242.000000000004,8117.000000000004,83.7,82.42000000000003,81.17000000000003,0.017736094761860468,0.017464861771475992,0.017199985804303642,103/100,0.094859,0.103176,0.06939476407309018,0.025464235926909815,0.36694751062327335,4839.81005859375,-2018.994140625,6351.005859375,6223.005859375004,6098.005859375004,0.013457830556153653,0.013186597565769176,0.012921721598596827,0.094859,1.3669475106232734,0.9308401945420102,2021-12-17,2023-11-17,24,2.178727147153031,24,short leg,0.9454242027844604,0.1934722796241937,0.4685093302141252,own-history IV/RV z-score,Dynamic: 24-month IV/RV z-score,1.1324826123284595,1.117444237129224,2.3678729845661644,1.1202914525772403,1.1057108880721436,2.3430099271288447,1.1086571453851992,1.0945141384030272,2.3192839279464943
1M 98/95 short put spread,short_put_spread,2024-01-19,2024-02-16,28,4839.81005859375,0.98,0.95,4745.0,4600.0,0.9804103761416418,0.950450522708441,SPXW  240216P04745000,SPXW  240216P04600000,24.9,25.2,9.6,9.8,1534.9999999999995,1519.5,1507.0,15.349999999999996,15.195,15.07,0.0031716120703422965,0.0031395860201206003,0.0031137585602643925,98/95,0.125673,0.154156,0.11146638199599988,0.014206618004000124,0.12745204203819904,5005.56982421875,0.0,1534.9999999999995,1519.5,1507.0,0.0031716120703422965,0.0031395860201206003,0.0031137585602643925,0.125673,1.127452042038199,1.1312056384347158,2022-01-21,2023-12-15,24,-0.2801207182540651,24,short leg,1.2105522452212998,0.2966585395791045,-0.0033182263851784244,own-history IV/RV z-score,Dynamic: 24-month IV/RV z-score,1.136074407851173,1.1324826123284595,2.339931936621315,1.1238087039602125,1.1202914525772403,2.314742601495297,1.1121092360620406,1.1086571453851992,2.2907038333387186
1M 103/100 short put spread,short_put_spread,2024-02-16,2024-03-15,28,5005.56982421875,1.03,1.0,5155.0,5005.0,1.0298527802086095,0.9998861619678158,SPXW  240315P05155000,SPXW  240315P05005000,151.3,155.7,58.8,59.1,9455.0,9334.5,9217.0,94.55,93.345,92.17,0.01888895836444695,0.018648226531245905,0.01841348802169302,103/100,0.107059,0.115994,0.11937937431148893,-0.012320374311488927,-0.10320354234176299,5117.08984375,-3791.015625,5663.984375,5543.484375,5425.984375,0.011315363832496358,0.011074631999295316,0.010839893489742432,0.107059,0.896796457658237,0.9308401945420102,2022-02-18,2024-01-19,24,-0.31189498608688243,24,short leg,0.9541565360968064,0.18390830567116262,-0.03657312724932693,own-history IV/RV z-score,Dynamic: 24-month IV/RV z-score,1.148929503116797,1.136074407851173,2.269620538214123,1.136254471794177,1.1238087039602125,2.2451164271504536,1.124164381729912,1.1121092360620406,2.2217435279421243
1M 103/100 short put spread,short_put_spread,2024-03-15,2024-04-19,35,5117.08984375,1.03,1.0,5270.0,5115.0,1.029882249661253,0.9995915952594515,SPXW  240419P05270000,SPXW  240419P05115000,146.1,154.5,64.3,64.8,8575.000000000002,8349.500000000002,8127.000000000002,85.75000000000001,83.49500000000002,81.27000000000002,0.01675757170938377,0.016316891543731754,0.01588207408538331,103/100,0.111681,0.124556,0.11704065445918542,-0.005359654459185417,-0.04579310055938246,4967.22998046875,-15500.0,-6924.999999999998,-7150.499999999998,-7372.999999999998,-0.01353308269241779,-0.013973762858069807,-0.014408580316418248,0.111681,0.9542068994406175,0.9217069802285816,2022-03-18,2024-02-16,24,0.010174382925376011,24,short leg,0.9523321100948389,0.1842656561610969,0.03526057620175127,own-history IV/RV z-score,Dynamic: 24-month IV/RV z-score,1.1333809451433587,1.148929503116797,2.245279129738354,1.1203767212589038,1.136254471794177,2.220509130168967,1.1079667689469,1.124164381729912,2.196882243728754
1M 103/100 short put spread,short_put_spread,2024-04-19,2024-05-17,28,4967.22998046875,1.03,1.0,5115.0,4965.0,1.029748978829707,0.9995510615619735,SPXW  240517P05115000,SPXW  240517P04965000,161.7,165.5,81.3,81.9,8200.0,8086.999999999998,7976.999999999997,82.0,80.86999999999998,79.76999999999997,0.01650819477302756,0.016280703796277298,0.016059252402980582,103/100,0.147183,0.165155,0.10893980513918047,0.038243194860819535,0.35104886420496517,5303.27001953125,0.0,8200.0,8086.999999999998,7976.999999999997,0.01650819477302756,0.016280703796277298,0.016059252402980582,0.147183,1.3510488642049652,0.9308401945420102,2022-04-14,2024-03-15,24,2.236382110975186,24,short leg,0.965037148362864,0.17260543891302135,0.4514294420533753,own-history IV/RV z-score,Dynamic: 24-month IV/RV z-score,1.1520910185378233,1.1333809451433587,2.2817162676176377,1.1386172427979644,1.1203767212589038,2.2555362358180475,1.125759886943533,1.1079667689469,2.2305525882704202
1M 98/95 short put spread,short_put_spread,2024-05-17,2024-06-21,35,5303.27001953125,0.98,0.95,5195.0,5040.0,0.9795842906107919,0.9503570403615768,SPXW  240621P05195000,SPXW  240621P05040000,26.5,26.8,10.6,10.8,1595.0,1579.5,1567.0,15.95,15.795,15.67,0.0030075783320966565,0.0029783510818474413,0.0029547807187432357,98/95,0.114971,0.139758,0.11659475352036235,-0.001623753520362342,-0.013926471572142995,5464.6201171875,0.0,1595.0,1579.5,1567.0,0.0030075783320966565,0.0029783510818474413,0.0029547807187432357,0.114971,0.986073528427857,1.128348799285932,2022-05-20,2024-04-19,24,-0.7941969422616398,24,short leg,1.2095521454662193,0.28138942011280066,-0.1260915693339798,own-history IV/RV z-score,Dynamic: 24-month IV/RV z-score,1.1555560225217807,1.1520910185378233,2.172416290882461,1.142008444694862,1.1386172427979644,2.147009747956612,1.1290862605514085,1.125759886943533,2.122765544272697
1M 98/95 short put spread,short_put_spread,2024-06-21,2024-07-19,28,5464.6201171875,0.98,0.95,5355.0,5190.0,0.9799400297117233,0.9497457991043593,SPXW  240719P05355000,SPXW  240719P05190000,25.2,25.5,9.4,9.6,1585.0,1569.5,1557.0000000000005,15.85,15.695,15.570000000000004,0.00290047609167709,0.002872111814439869,0.002849237397313079,98/95,0.12525,0.153174,0.0826413077878824,0.042608692212117605,0.5155858898250067,5505.0,0.0,1585.0,1569.5,1557.0000000000005,0.00290047609167709,0.002872111814439869,0.002849237397313079,0.12525,1.5155858898250067,1.128348799285932,2022-06-17,2024-05-17,24,1.0930024592529288,24,short leg,1.215867208978027,0.2742159254168912,0.34318917234115465,own-history IV/RV z-score,Dynamic: 24-month IV/RV z-score,1.1589076851376985,1.1555560225217807,2.11461363780309,1.1452884206410603,1.142008444694862,2.0898222021014417,1.1323032953497638,1.1290862605514085,2.066175207678517
1M 98/95 short put spread,short_put_spread,2024-07-19,2024-08-16,28,5505.0,0.98,0.95,5395.0,5230.0,0.9800181653042689,0.9500454132606722,SPXW  240816P05395000,SPXW  240816P05230000,42.2,42.5,18.9,19.2,2330.0,2312.0000000000014,2297.0000000000005,23.3,23.120000000000015,22.970000000000006,0.004232515894641235,0.004199818346957314,0.004172570390554043,98/95,0.153987,0.18161,0.09537907237887884,0.05860792762112117,0.6144736592563,5554.25,0.0,2330.0,2312.0000000000014,2297.0000000000005,0.004232515894641235,0.004199818346957314,0.004172570390554043,0.153987,1.6144736592563,1.1312056384347158,2022-07-15,2024-06-21,24,1.3622100850415655,24,short leg,1.236598392415953,0.27739867072619484,0.42721500353401454,own-history IV/RV z-score,Dynamic: 24-month IV/RV z-score,1.1638127803354656,1.1589076851376985,2.1051910720030853,1.1500984239626264,1.1452884206410603,2.0804512636531522,1.137027910553067,1.1323032953497638,2.0568633884646026
1M 98/95 short put spread,short_put_spread,2024-08-16,2024-09-20,35,5554.25,0.98,0.95,5445.0,5275.0,0.9803303776387451,0.9497231849484629,SPXW  240920P05445000,SPXW  240920P05275000,43.3,43.9,20.1,20.6,2324.999999999999,2294.5,2267.0,23.24999999999999,22.945,22.67,0.004185983706170949,0.004131070801638385,0.004081559166404105,98/95,0.142403,0.169183,0.2198294850925169,-0.0774264850925169,-0.3522115564248871,5702.5498046875,0.0,2324.999999999999,2294.5,2267.0,0.004185983706170949,0.004131070801638385,0.004081559166404105,0.142403,0.6477884435751129,1.1390103980950166,2022-08-19,2024-07-19,24,-2.1607734040772786,24,short leg,1.261162250299808,0.283867714017253,-0.43127082539498096,own-history IV/RV z-score,Dynamic: 24-month IV/RV z-score,1.1686844816709834,1.1638127803354656,2.095355413125923,1.1548495619808687,1.1500984239626264,2.0706637691184704,1.1416687572438422,1.137027910553067,2.0471313148545116
1M 98/95 short put spread,short_put_spread,2024-09-20,2024-10-18,28,5702.5498046875,0.98,0.95,5590.0,5415.0,0.9802632491530395,0.9495752225695365,SPXW  241018P05590000,SPXW  241018P05415000,40.7,41.2,19.1,19.4,2170.0000000000005,2147.0000000000005,2127.000000000001,21.700000000000003,21.470000000000006,21.27000000000001,0.0038053152963543765,0.003764982461416058,0.0037299104310349125,98/95,0.144817,0.179155,0.1490349492799142,-0.0042179492799142015,-0.028301746001819672,5864.669921875,0.0,2170.0000000000005,2147.0000000000005,2127.000000000001,0.0038053152963543765,0.003764982461416058,0.0037299104310349125,0.144817,0.9716982539981803,1.1390103980950166,2022-09-16,2024-08-16,24,-0.8705749294236821,24,short leg,1.2411015372598684,0.3094544468906682,-0.14689255197025786,own-history IV/RV z-score,Dynamic: 24-month IV/RV z-score,1.173131694605698,1.1686844816709834,2.0494068823569482,1.1591975503273009,1.1548495619808687,2.0251459461723273,1.1459270794502727,1.1416687572438422,2.0020320669630793
1M 98/95 short put spread,short_put_spread,2024-10-18,2024-11-15,28,5864.669921875,0.98,0.95,5745.0,5570.0,0.9795947728569283,0.9497550713338713,SPXW  241115P05745000,SPXW  241115P05570000,48.9,49.3,24.0,24.3,2494.999999999999,2474.499999999999,2456.9999999999995,24.949999999999992,24.74499999999999,24.569999999999997,0.004254288874287268,0.004219333795360258,0.004189494093837202,98/95,0.163,0.193342,0.08885243897592798,0.07414756102407202,0.8345022587861677,5870.6201171875,0.0,2494.999999999999,2474.499999999999,2456.9999999999995,0.004254288874287268,0.004219333795360258,0.004189494093837202,0.163,1.8345022587861677,1.1390103980950166,2022-10-21,2024-09-20,24,1.912427219767341,24,short leg,1.2374685480028804,0.3121863695581159,0.6106106334537018,own-history IV/RV z-score,Dynamic: 24-month IV/RV z-score,1.178122535722133,1.173131694605698,2.000337120815548,1.1640885917268957,1.1591975503273009,1.9765776518871714,1.1507279341815977,1.1459270794502727,1.9539498295991178
1M 98/95 short put spread,short_put_spread,2024-11-15,2024-12-20,35,5870.6201171875,0.98,0.95,5755.0,5575.0,0.9803052974167078,0.9496441412855162,SPXW  241220P05755000,SPXW  241220P05575000,50.5,50.9,25.6,25.8,2499.9999999999995,2481.9999999999995,2466.9999999999995,24.999999999999996,24.819999999999997,24.669999999999995,0.004258493907109937,0.004227832750978746,0.004202281787536086,98/95,0.15059,0.180104,0.14103151370132602,0.00955848629867398,0.06777553504046452,5930.85009765625,0.0,2499.9999999999995,2481.9999999999995,2466.9999999999995,0.004258493907109937,0.004227832750978746,0.004202281787536086,0.15059,1.0677755350404645,1.1565322690215751,2022-11-18,2024-10-18,24,-0.6206251598444311,24,short leg,1.2726709241403185,0.33014354292567516,-0.07674384568292136,own-history IV/RV z-score,Dynamic: 24-month IV/RV z-score,1.1831395633623347,1.178122535722133,2.0068110560806454,1.1690101636000394,1.1640885917268957,1.9829056700820693,1.155563617221818,1.1507279341815977,1.960147158581416
1M 98/95 short put spread,short_put_spread,2024-12-20,2025-01-17,28,5930.85009765625,0.98,0.95,5810.0,5635.0,0.9796234779725748,0.9501167467083406,SPXW  250117P05810000,SPXW  250117P05635000,51.2,51.8,26.6,27.2,2460.0,2427.0000000000005,2397.0000000000005,24.6,24.270000000000003,23.970000000000006,0.004147803366286633,0.004092162101616935,0.004041579133735391,98/95,0.169773,0.201644,0.12998839918889074,0.039784600811109266,0.3060627029747236,5996.66015625,0.0,2460.0,2427.0000000000005,2397.0000000000005,0.004147803366286633,0.004092162101616935,0.004041579133735391,0.169773,1.3060627029747236,1.1565322690215751,2022-12-16,2024-11-15,24,0.07163985336999504,24,short leg,1.2832310405025424,0.31870057514304956,0.1292920551880934,own-history IV/RV z-score,Dynamic: 24-month IV/RV z-score,1.188046993626036,1.1831395633623347,1.9948903510980442,1.1737939426879285,1.1690101636000394,1.9710667852859882,1.1602339190248854,1.155563617221818,1.9483945778337461
1M 99/96 short put spread,short_put_spread,2025-01-17,2025-02-21,35,5996.66015625,0.99,0.96,5935.0,5755.0,0.9897175836810204,0.9597008751616297,SPXW  250221P05935000,SPXW  250221P05755000,64.1,64.5,29.7,30.1,3440.0,3416.999999999999,3396.999999999999,34.4,34.16999999999999,33.96999999999999,0.005736526517039107,0.005698171833930996,0.005664819935576116,99/96,0.134614,0.160519,0.17492712098742877,-0.04031312098742876,-0.23045666538081244,6013.1298828125,0.0,3440.0,3416.999999999999,3396.999999999999,0.005736526517039107,0.005698171833930996,0.005664819935576116,0.134614,0.7695433346191876,1.134902659320526,2023-01-20,2024-12-20,24,-1.4945987038002388,24,short leg,1.2201752006575817,0.30150692951398644,-0.32193009832233677,own-history IV/RV z-score,Dynamic: 24-month IV/RV z-score,1.1948622567084604,1.188046993626036,1.9811811286117287,1.1804824222709918,1.1737939426879285,1.9574128133049953,1.1668064352593093,1.1602339190248854,1.9348001867600173
1M 98/95 short put spread,short_put_spread,2025-02-21,2025-03-21,28,6013.1298828125,0.98,0.95,5895.0,5710.0,0.9803546763308483,0.9495886686766996,SPXW  250321P05895000,SPXW  250321P05710000,52.9,53.3,26.4,26.8,2649.999999999999,2626.9999999999986,2606.9999999999986,26.49999999999999,26.269999999999985,26.069999999999986,0.004407022718026713,0.004368773086889121,0.004335512538073826,98/95,0.164794,0.198106,0.11847165954123519,0.04632234045876481,0.39099933805385656,5667.56005859375,-18500.0,-15850.0,-15873.000000000002,-15893.000000000002,-0.026358984936122043,-0.026397234567259637,-0.026430495116074933,0.164794,1.3909993380538566,1.1871105219847138,2023-02-17,2025-01-17,24,0.33867490576320364,24,short leg,1.279571547269784,0.32901106308118744,0.17175217664507247,own-history IV/RV z-score,Dynamic: 24-month IV/RV z-score,1.1633669004831413,1.1948622567084604,1.9870887208403216,1.1493209508677775,1.1804824222709918,1.9631746615771568,1.1359671634707833,1.1668064352593093,1.940431119897186
1M 101/98 short put spread,short_put_spread,2025-03-21,2025-04-17,27,5667.56005859375,1.01,0.98,5725.0,5555.0,1.0101348624121156,0.9801395913885245,SPXW  250417P05725000,SPXW  250417P05555000,122.8,123.3,60.9,61.4,6190.0,6162.0,6137.0,61.9,61.62,61.37,0.01092180750800174,0.010872403532198177,0.010828292839516427,101/98,0.164684,0.188078,0.20198870343716668,-0.037304703437166686,-0.18468707805122964,5282.7001953125,-17000.0,-10810.0,-10838.0,-10863.0,-0.01907346351558947,-0.01912286749139303,-0.01916697818407478,0.164684,0.8153129219487704,1.0296169336314271,2023-03-17,2025-02-21,24,-0.9422779745331147,24,short leg,1.0807570804523585,0.2817047258640551,-0.20813955625886338,own-history IV/RV z-score,Dynamic: 24-month IV/RV z-score,1.1411774643515318,1.1633669004831413,2.0526767929333576,1.127342638619251,1.1493209508677775,2.0278937302570905,1.1141941056307134,1.1359671634707833,2.0043319377768403
1M 102/99 short put spread,short_put_spread,2025-04-17,2025-05-16,29,5282.7001953125,1.02,0.99,5390.0,5230.0,1.0203115453689215,0.9900240041334804,SPXW  250516P05390000,SPXW  250516P05230000,189.0,190.6,123.5,125.0,6555.0,6474.5,6397.0,65.55,64.745,63.97,0.012408427049894769,0.012256042858053956,0.012109337580194788,102/99,0.24321,0.271815,0.47703762093733293,-0.23382762093733292,-0.49016599671506866,5958.3798828125,0.0,6555.0,6474.5,6397.0,0.012408427049894769,0.012256042858053956,0.012109337580194788,0.24321,0.5098340032849313,0.9453216052688954,2023-04-21,2025-03-21,24,-1.8569272763729086,24,short leg,1.0137375740147776,0.2713641924168991,-0.46067666237257976,own-history IV/RV z-score,Dynamic: 24-month IV/RV z-score,1.1553376816689216,1.1411774643515318,2.1602162192814447,1.1411593983138804,1.127342638619251,2.13402729085322,1.127686258185659,1.1141941056307134,2.109137494910977
1M 102/99 short put spread,short_put_spread,2025-05-16,2025-06-20,35,5958.3798828125,1.02,0.99,6080.0,5900.0,1.0204116084538895,0.9902020542562413,SPXW  250620P06080000,SPXW  250620P05900000,156.3,165.2,79.0,79.6,8145.0,7904.500000000001,7667.000000000003,81.45,79.04500000000002,76.67000000000003,0.013669823274435739,0.01326619006418383,0.012867591779631534,102/99,0.132091,0.152874,0.18884472534624733,-0.05675372534624734,-0.3005311651791662,5967.83984375,-11216.015625,-3071.015625,-3311.515624999999,-3549.0156249999973,-0.005154111831403415,-0.005557745041655322,-0.005956343326207619,0.132091,0.6994688348208338,0.9266443713341923,2023-05-19,2025-04-17,24,-0.9965344625590372,24,short leg,0.9789585973241789,0.28046171307074835,-0.24515935513239973,own-history IV/RV z-score,Dynamic: 24-month IV/RV z-score,1.1493829420545656,1.1553376816689216,1.939013128386796,1.134817125326163,1.1411593983138804,1.9152175939732554,1.1209693716676588,1.127686258185659,1.8926055074779216
1M 98/95 short put spread,short_put_spread,2025-06-20,2025-07-18,28,5967.83984375,0.98,0.95,5850.0,5670.0,0.9802541879749989,0.9500925206526911,SPXW  250718P05850000,SPXW  250718P05670000,66.1,66.5,36.7,37.0,2945.0,2924.4999999999995,2906.999999999999,29.45,29.244999999999994,29.06999999999999,0.004934783903566447,0.004900433115782707,0.004871109272552685,98/95,0.188727,0.222362,0.127858204583138,0.06086879541686199,0.47606483772641206,6296.7900390625,0.0,2945.0,2924.4999999999995,2906.999999999999,0.004934783903566447,0.004900433115782707,0.004871109272552685,0.188727,1.476064837726412,1.1361535589462328,2023-06-16,2025-05-16,24,0.7594928556353944,24,short leg,1.2080176616485148,0.3529291606747875,0.29917723366147997,own-history IV/RV z-score,Dynamic: 24-month IV/RV z-score,1.1550548984960505,1.1493829420545656,1.9259614402325012,1.1403782207474686,1.134817125326163,1.9015542558747356,1.1264297359682365,1.1209693716676588,1.8783502925964537
1M 98/95 short put spread,short_put_spread,2025-07-18,2025-08-15,28,6296.7900390625,0.98,0.95,6170.0,5980.0,0.9798643374995909,0.9496902331033312,SPXW  250815P06170000,SPXW  250815P05980000,48.6,49.0,22.5,22.8,2615.0,2594.5,2576.9999999999995,26.15,25.945,25.769999999999996,0.0041529096313799516,0.004120353360847146,0.004092561422587432,98/95,0.153292,0.183418,0.07780391943511435,0.07548808056488567,0.9702349330593814,6449.7998046875,0.0,2615.0,2594.5,2576.9999999999995,0.0041529096313799516,0.004120353360847146,0.004092561422587432,0.153292,1.9702349330593814,1.1565322690215751,2023-07-21,2025-06-20,24,2.096529004995848,24,short leg,1.2225908908907377,0.3566103976558742,0.7035710855921018,own-history IV/RV z-score,Dynamic: 24-month IV/RV z-score,1.1598517371087873,1.1550548984960505,1.8343551100332085,1.1450769819819624,1.1403782207474686,1.8110469202134207,1.1310397188509156,1.1264297359682365,1.7888951814819372
1M 98/95 short put spread,short_put_spread,2025-08-15,2025-09-19,35,6449.7998046875,0.98,0.95,6320.0,6125.0,0.979875374644471,0.9496418781166748,SPXW  250919P06320000,SPXW  250919P06125000,52.7,52.9,26.7,27.1,2590.0,2572.0,2557.0,25.9,25.72,25.57,0.004015628513179082,0.003987720670230347,0.0039644641344397345,98/95,0.141668,0.172745,0.10290173229558128,0.03876626770441871,0.37673095330469364,6664.35986328125,0.0,2590.0,2572.0,2557.0,0.004015628513179082,0.003987720670230347,0.0039644641344397345,0.141668,1.3767309533046936,1.1565322690215751,2023-08-18,2025-07-18,24,0.33269726410845935,24,short leg,1.2478990974098367,0.3872344915131545,0.19039562507789465,own-history IV/RV z-score,Dynamic: 24-month IV/RV z-score,1.1645092708153817,1.1598517371087873,1.798275562391635,1.1496432291320169,1.1450769819819624,1.7753682542979994,1.1355236852509267,1.1310397188509156,1.7536043801373704
1M 98/95 short put spread,short_put_spread,2025-09-19,2025-10-17,28,6664.35986328125,0.98,0.95,6530.0,6330.0,0.979839044403719,0.9498286601953356,SPXW  251017P06530000,SPXW  251017P06330000,45.8,46.2,21.7,22.0,2415.0,2394.5,2377.0,24.15,23.945,23.77,0.0036237538931622997,0.0035929932493487067,0.003566734163166371,98/95,0.14418,0.177665,0.08509393365808247,0.05908606634191753,0.6943628505803052,6664.009765625,0.0,2415.0,2394.5,2377.0,0.0036237538931622997,0.0035929932493487067,0.003566734163166371,0.14418,1.6943628505803052,1.1565322690215751,2023-09-15,2025-08-15,24,1.2234205423886424,24,short leg,1.2342630287677658,0.3760765868081853,0.46503724622723586,own-history IV/RV z-score,Dynamic: 24-month IV/RV z-score,1.1687291658191226,1.1645092708153817,1.747368531569702,1.1537738894934477,1.1496432291320169,1.725061750440921,1.139573796372196,1.1355236852509267,1.7038751036049886
1M 99/96 short put spread,short_put_spread,2025-10-17,2025-11-21,35,6664.009765625,0.99,0.96,6595.0,6395.0,0.9896444080888096,0.9596324472673142,SPXW  251121P06595000,SPXW  251121P06395000,101.7,102.4,60.9,61.4,4090.000000000002,4057.000000000002,4027.000000000002,40.90000000000002,40.57000000000002,40.27000000000002,0.006137445987995804,0.006087926252640337,0.006042908311408094,99/96,0.178675,0.211405,0.12845643693574996,0.050218563064250044,0.39093847114386215,6602.990234375,0.0,4090.000000000002,4057.000000000002,4027.000000000002,0.006137445987995804,0.006087926252640337,0.006042908311408094,0.178675,1.3909384711438622,1.165774426102843,2023-10-20,2025-09-19,24,0.5779041688756299,24,short leg,1.1821427310452683,0.36129820711421184,0.19314546622345907,own-history IV/RV z-score,Dynamic: 24-month IV/RV z-score,1.1759021779489327,1.1687291658191226,1.7537926967751232,1.1607979798449057,1.1537738894934477,1.7313508384170837,1.1464601363377565,1.139573796372196,1.710042206496254
1M 101/98 short put spread,short_put_spread,2025-11-21,2025-12-19,28,6602.990234375,1.01,0.98,6670.0,6470.0,1.0101483968999605,0.9798590896465883,SPXW  251219P06670000,SPXW  251219P06470000,156.7,157.8,90.2,91.2,6655.0,6599.5,6546.999999999998,66.55,65.995,65.46999999999998,0.010078766988559576,0.009994714160931468,0.009915204729391362,101/98,0.184149,0.217369,0.14231923964814291,0.04182976035185709,0.2939150072419805,6834.5,0.0,6655.0,6599.5,6546.999999999998,0.010078766988559576,0.009994714160931468,0.009915204729391362,0.184149,1.2939150072419805,1.0296169336314271,2023-11-17,2025-10-17,24,0.8020966589753086,24,short leg,1.04417495453057,0.3113590487092383,0.25669553887228935,own-history IV/RV z-score,Dynamic: 24-month IV/RV z-score,1.1877538220018198,1.1759021779489327,1.7808631183902344,1.1723998238520423,1.1607979798449057,1.7579883335308006,1.1578275233036313,1.1464601363377565,1.73627416616386
1M 98/95 short put spread,short_put_spread,2025-12-19,2026-01-16,28,6834.5,0.98,0.95,6700.0,6495.0,0.9803204330967884,0.9503255541736777,SPXW  260116P06700000,SPXW  260116P06495000,44.5,45.0,20.4,20.7,2420.0000000000005,2397.0000000000005,2377.0000000000005,24.200000000000003,23.970000000000006,23.770000000000003,0.0035408588777525794,0.0035072060867656746,0.003477942790255323,98/95,0.139536,0.172295,0.12316769468173602,0.01636830531826397,0.1328944684769775,6940.009765625,0.0,2420.0000000000005,2397.0000000000005,2377.0000000000005,0.0035408588777525794,0.0035072060867656746,0.003477942790255323,0.139536,1.1328944684769775,1.3413968281397086,2023-12-15,2025-11-21,24,-0.39417730498658504,24,short leg,1.2812290915548217,0.37631446864474455,-0.15543674719425782,own-history IV/RV z-score,Dynamic: 24-month IV/RV z-score,1.1919594906670394,1.1877538220018198,1.7378796137271486,1.1765116716503792,1.1723998238520423,1.7154141837033323,1.1618543811906643,1.1578275233036313,1.6940925061140262
1M 98/95 short put spread,short_put_spread,2026-01-16,2026-02-20,35,6940.009765625,0.98,0.95,6800.0,6595.0,0.9798257105748625,0.9502868472413555,SPXW  260220P06800000,SPXW  260220P06595000,61.6,62.0,32.4,32.8,2920.0000000000005,2897.0000000000005,2876.9999999999995,29.200000000000003,28.970000000000006,28.769999999999996,0.004207486874821469,0.004174345711081436,0.004145527307829233,98/95,0.148891,0.178757,0.08500857998827482,0.06388242001172517,0.7514820271146327,6909.509765625,0.0,2920.0000000000005,2897.0000000000005,2876.9999999999995,0.004207486874821469,0.004174345711081436,0.004145527307829233,0.148891,1.7514820271146327,1.2371360825818036,2024-01-19,2025-12-19,24,1.3392540887090676,24,short leg,1.258730362639635,0.3679299310185198,0.41575534961314076,own-history IV/RV z-score,Dynamic: 24-month IV/RV z-score,1.1969746445793399,1.1919594906670394,1.7175184631165927,1.1814228381009702,1.1765116716503792,1.6952593892271353,1.1666708802556112,1.1618543811906643,1.6741394038744997
1M 98/95 short put spread,short_put_spread,2026-02-20,2026-03-20,28,6909.509765625,0.98,0.95,6770.0,6565.0,0.9798090211379301,0.9501397671743739,SPXW  260320P06770000,SPXW  260320P06565000,73.2,73.7,40.6,41.1,3260.0,3232.0,3207.0,32.6,32.32,32.07,0.004718135020546015,0.00467761116147384,0.004641429144445114,98/95,0.183187,0.216919,0.11883316462118158,0.0643538353788184,0.5415477706410217,6506.47998046875,-20500.0,-17240.0,-17268.0,-17293.0,-0.024951118943010213,-0.024991642802082388,-0.025027824819111116,0.183187,1.5415477706410217,1.3413968281397086,2024-02-16,2026-01-16,24,0.6756580151387218,24,short leg,1.2847316120178196,0.3800978496058752,0.1492108362734752,own-history IV/RV z-score,Dynamic: 24-month IV/RV z-score,1.1671087878506734,1.1969746445793399,1.73235827892497,1.1518971405329281,1.1814228381009702,1.7098504498518565,1.1374716458430156,1.1666708802556112,1.6885002262531428
1M 102/99 short put spread,short_put_spread,2026-03-20,2026-04-17,28,6506.47998046875,1.02,0.99,6635.0,6440.0,1.0197526189148423,0.989782496731211,SPXW  260417P06635000,SPXW  260417P06440000,205.3,206.6,127.5,128.8,7780.0,7711.999999999998,7646.999999999998,77.8,77.11999999999998,76.46999999999998,0.011957310286597548,0.011852799091290523,0.011752898684011751,102/99,0.213774,0.243755,0.13417735976579712,0.07959664023420288,0.5932196040608984,7126.06005859375,0.0,7780.0,7711.999999999998,7646.999999999998,0.011957310286597548,0.011852799091290523,0.011752898684011751,0.213774,1.5932196040608984,1.0218280021792516,2024-03-15,2026-02-20,24,1.9921342196644731,24,short leg,1.0159385636287646,0.2897801938914351,0.5591856953059031,own-history IV/RV z-score,Dynamic: 24-month IV/RV z-score,1.1810642697652187,1.1671087878506734,1.7937637422294668,1.1655503459134968,1.1518971405329281,1.7703845151152549,1.1508402348525448,1.1374716458430156,1.7482135490426391
1M 102/99 short put spread,short_put_spread,2026-04-17,2026-05-15,28,7126.06005859375,1.02,0.99,7270.0,7055.0,1.0201990918154926,0.9900281420575379,SPXW  260515P07270000,SPXW  260515P07055000,177.3,178.1,79.3,80.0,9805.0,9764.5,9727.0,98.05,97.645,97.27,0.0137593563896161,0.013702522740072047,0.013649898990494218,102/99,0.130562,0.152383,0.1875932767303727,-0.0570312767303727,-0.3040155688113684,7408.5,0.0,9805.0,9764.5,9727.0,0.0137593563896161,0.013702522740072047,0.013649898990494218,0.130562,0.6959844311886316,1.059636452397207,2024-04-19,2026-03-20,24,-1.1045607313453993,24,short leg,1.0413177311944786,0.3126431079848522,-0.3431856467242972,own-history IV/RV z-score,Dynamic: 24-month IV/RV z-score,1.19731495397196,1.1810642697652187,1.6573874764652052,1.1815213260330752,1.1655503459134968,1.6356167872987384,1.166549087812479,1.1508402348525448,1.6149740886125095
1M 103/100 short put spread,short_put_spread,2026-05-15,2026-06-18,34,7408.5,1.03,1.0,7630.0,7410.0,1.0298980900317203,1.0002024701356549,SPXW  260618P07630000,SPXW  260618P07410000,252.8,257.3,133.7,134.5,12095.0,11959.499999999998,11827.0,120.95,119.59499999999998,118.27,0.016325841938314097,0.01614294391577242,0.015964095295943847,103/100,0.134489,0.154341,0.11373466510524415,0.020754334894755852,0.18248029196332416,7500.580078125,-12941.9921875,-846.9921875,-982.4921875000018,-1114.9921875,-0.0011432708206789498,-0.0013261688432206274,-0.0015050174630492003,0.134489,1.1824802919633242,0.9684421731921071,2024-05-17,2026-04-17,24,0.7365709190849378,24,short leg,0.9674823124894066,0.2918903990141444,0.22101280251532263,own-history IV/RV z-score,Dynamic: 24-month IV/RV z-score,1.1959460987219213,1.19731495397196,1.616136807683013,1.1799544292628894,1.1815213260330752,1.5948185544078766,1.164793411063817,1.166549087812479,1.5746090137173232
1M 98/95 short put spread,short_put_spread,2026-06-18,2026-07-17,29,7500.580078125,0.98,0.95,7350.0,7125.0,0.9799242089869612,0.9499265291200134,SPXW  260717P07350000,SPXW  260717P07125000,59.5,59.9,28.1,28.5,3140.0,3117.0,3097.0,31.4,31.17,30.97,0.004186342879209603,0.0041556785842345005,0.004129013979908325,98/95,0.157237,0.185938,0.1644843782530378,-0.007247378253037812,-0.04406119492933647,7457.68994140625,0.0,3140.0,3117.0,3097.0,0.004186342879209603,0.0041556785842345005,0.004129013979908325,0.157237,0.9559388050706635,1.4330376411208208,2024-06-21,2026-05-15,24,-0.9172263114702569,24,short leg,1.3227322503593693,0.3998941599273996,-0.3329283351391972,own-history IV/RV z-score,Dynamic: 24-month IV/RV z-score,1.2009527391562242,1.1959460987219213,1.5944714758926815,1.1848579406149498,1.1799544292628894,1.5731508989606775,1.1696028593418046,1.164793411063817,1.5529377713876666
1M 99/96 short put spread,short_put_spread,2026-07-17,2026-08-21,35,7457.68994140625,0.99,0.96,7385.0,7160.0,0.9902530217832383,0.960082821390384,SPXW  260821P07385000,SPXW  260821P07160000,108.0,108.6,60.0,60.6,4800.0,4767.0,4737.000000000001,48.0,47.67,47.37000000000001,0.0064363094171422395,0.006392059789899386,0.006351832856042248,99/96,0.161049,0.192017,0.11630524664665977,0.04474375335334023,0.38470967255048816,7674.3701171875,0.0,4800.0,4767.0,4737.000000000001,0.0064363094171422395,0.006392059789899386,0.006351832856042248,0.161049,1.3847096725504882,1.2849265546429738,2024-07-19,2026-06-18,24,0.4351164116135751,24,short leg,1.2201841946451337,0.37811830010095954,0.07765667037307034,own-history IV/RV z-score,Dynamic: 24-month IV/RV z-score,1.2086824425807983,1.2009527391562242,1.6103548801195777,1.1924316234138976,1.1848579406149498,1.5887734002407834,1.177031981212293,1.1696028593418046,1.5683178953954473
1M 98/95 short put spread,short_put_spread,2026-08-21,2026-09-18,28,7674.3701171875,0.98,0.95,7520.0,7290.0,0.979884978854255,0.9499150925329147,SPXW  260918P07520000,SPXW  260918P07290000,52.7,53.1,23.9,24.3,2880.000000000001,2856.9999999999995,2836.9999999999995,28.800000000000008,28.569999999999997,28.369999999999994,0.003752750982846084,0.0037227810965247423,0.003696720325810533,98/95,0.142353,0.17391,0.1288172437050172,0.013535756294982798,0.10507720787737673,7650.5,0.0,2880.000000000001,2856.9999999999995,2836.9999999999995,0.003752750982846084,0.0037227810965247423,0.003696720325810533,0.142353,1.1050772078773767,1.383865145679275,2024-08-16,2026-07-17,24,-0.47044828434694036,24,short leg,1.2935881619521756,0.40070494536181195,-0.20145600073268288,own-history IV/RV z-score,Dynamic: 24-month IV/RV z-score,1.2132183268051422,1.2086824425807983,1.5749598001194078,1.1968707853204412,1.1924316234138976,1.5537843565080744,1.1813831392613694,1.177031981212293,1.5337180292832306
1M 99/96 short put spread,short_put_spread,2019-11-15,2019-12-20,35,3120.4599609375,0.99,0.96,3090.0,2995.0,0.9902386310611886,0.9597944013036439,SPXW  191220P03090000,SPXW  191220P02995000,30.2,30.8,13.6,13.9,1675.0,1649.5,1627.0,16.75,16.495,16.27,0.005367798404619712,0.005286079682638934,0.0052139749279500125,99/96,0.11272,0.144816,0.058103313587985046,0.054616686412014954,0.9399926276030655,3221.219970703125,0.0,1675.0,1649.5,1627.0,0.005367798404619712,0.005286079682638934,0.0052139749279500125,0.11272,1.9399926276030655,1.073756278228146,2017-11-17,2019-10-18,24,3.010393847664721,24,short leg,1.0900864499980127,0.2823239152791778,0.8067346072279413,own-history IV/RV z-score,Fixed 99/96,1.0053677984046197,1.0,3.2046557639520667,1.0052860796826388,1.0,3.2046557639520667,1.00521397492795,1.0,3.2046557639520667
1M 99/96 short put spread,short_put_spread,2019-12-20,2020-01-17,28,3221.219970703125,0.99,0.96,3190.0,3090.0,0.9903080289495689,0.9592638901110245,SPXW  200117P03190000,SPXW  200117P03090000,22.0,22.4,9.8,10.1,1225.0,1204.5,1187.0000000000002,12.25,12.045,11.870000000000003,0.003802907007721699,0.003739266523102683,0.0036849392801352305,99/96,0.105452,0.14867,0.07726082182080321,0.028191178179196794,0.36488322949220886,3329.6201171875,0.0,1225.0,1204.5,1187.0000000000002,0.003802907007721699,0.003739266523102683,0.0036849392801352305,0.105452,1.3648832294922089,1.073756278228146,2017-12-15,2019-11-15,24,0.8164156805339813,24,short leg,1.1055521606978838,0.31764586959514074,0.2711294519688068,own-history IV/RV z-score,Fixed 99/96,1.0091911186505103,1.0053677984046197,3.1210777517474813,1.0090451122665371,1.0052860796826388,3.1208240630123933,1.008918127389103,1.00521397492795,3.120600220010845
1M 99/96 short put spread,short_put_spread,2020-01-17,2020-02-21,35,3329.6201171875,0.99,0.96,3295.0,3195.0,0.9896023822631324,0.9595689260487733,SPXW  200221P03295000,SPXW  200221P03195000,30.4,30.8,13.6,13.9,1685.0,1664.5,1647.0,16.85,16.645,16.47,0.005060637372119509,0.004999068786880072,0.0049465102385049435,99/96,0.108047,0.140608,0.06963264619328462,0.03841435380671539,0.5516716067358083,3337.75,0.0,1685.0,1664.5,1647.0,0.005060637372119509,0.004999068786880072,0.0049465102385049435,0.108047,1.5516716067358083,1.073756278228146,2018-01-19,2019-12-20,24,1.3621265210044984,24,short leg,1.1133784510624525,0.32177125172640875,0.44508734262889904,own-history IV/RV z-score,Fixed 99/96,1.0142982689411641,1.0091911186505103,3.0309497273910178,1.0140893981918229,1.0090451122665371,3.0305112197570105,1.0139087512360465,1.008918127389103,3.0301298402813805
1M 99/96 short put spread,short_put_spread,2020-02-21,2020-03-20,28,3337.75,0.99,0.96,3305.0,3205.0,0.9901880008988091,0.9602276982997529,SPXW  200320P03305000,SPXW  200320P03205000,41.7,42.3,21.5,21.9,2030.0,2002.0000000000005,1977.0,20.3,20.020000000000003,19.77,0.006081941427608419,0.005998052580331063,0.0059231518238334205,99/96,0.15686,0.191117,0.13555104714294353,0.021308952857056473,0.15720242156879394,2304.919921875,-10000.0,-7970.0,-7998.0,-8023.0,-0.023878361171447832,-0.02396225001872519,-0.02403715077522283,0.15686,1.157202421568794,1.073756278228146,2018-02-16,2020-01-17,24,0.12291002086560389,24,short leg,1.117079375595502,0.32644243073690926,0.07771423090381946,own-history IV/RV z-score,Fixed 99/96,0.9900784885398127,1.0142982689411641,3.0388683063176214,0.9897895344910118,1.0140893981918229,3.038242523232186,0.9895372737102678,1.0139087512360465,3.0377012994863204
1M 99/96 short put spread,short_put_spread,2020-03-20,2020-04-17,28,2304.919921875,0.99,0.96,2280.0,2215.0,0.9891883784601383,0.9609878325829853,SPXW  200417P02280000,SPXW  200417P02215000,143.3,147.4,118.9,122.8,2450.000000000002,2247.0000000000036,2047.0000000000036,24.500000000000018,22.470000000000038,20.470000000000038,0.010629436522926933,0.009748711782455852,0.008881002678543451,99/96,0.604129,0.632767,0.8348738695538477,-0.23074486955384765,-0.2763829100043058,2874.56005859375,0.0,2450.000000000002,2247.0000000000036,2047.0000000000036,0.010629436522926933,0.009748711782455852,0.008881002678543451,0.604129,0.7236170899956942,1.080388635149279,2018-03-16,2020-02-21,24,-1.3508419441136261,24,short leg,1.1398513213658477,0.3081294841220461,-0.3302251926264378,own-history IV/RV z-score,Fixed 99/96,1.000602464986462,0.9900784885398127,4.295500590469132,0.999438707388056,0.9897895344910118,4.294246950175347,0.9983253568886074,0.9895372737102678,4.293152505295288
1M 99/96 short put spread,short_put_spread,2020-04-17,2020-05-15,28,2874.56005859375,0.99,0.96,2845.0,2760.0,0.9897166669016437,0.9601469246567792,SPXW  200515P02845000,SPXW  200515P02760000,94.7,95.7,69.4,70.4,2529.999999999999,2476.999999999999,2426.999999999999,25.29999999999999,24.769999999999992,24.269999999999992,0.008801346809353806,0.008616970769474062,0.008443031109210153,99/96,0.345552,0.380312,0.5894801972737838,-0.24392819727378373,-0.41380219115399974,2863.699951171875,0.0,2529.999999999999,2476.999999999999,2426.999999999999,0.008801346809353806,0.008616970769474062,0.008443031109210153,0.345552,0.5861978088460003,1.080388635149279,2018-04-20,2020-03-20,24,-1.7350821709024513,24,short leg,1.1334004987820496,0.3153756629586241,-0.4574194972302681,own-history IV/RV z-score,Fixed 99/96,1.0094091142991022,1.000602464986462,3.4808890563795076,1.0080508415154998,0.999438707388056,3.4768405843535817,1.0067542489339312,0.9983253568886074,3.472967468201007
1M 99/96 short put spread,short_put_spread,2020-05-15,2020-06-19,35,2863.699951171875,0.99,0.96,2835.0,2750.0,0.9899780173687085,0.9602961367774068,SPXW  200619P02835000,SPXW  200619P02750000,94.0,95.0,68.1,68.9,2600.0,2552.0,2506.999999999999,26.0,25.52,25.06999999999999,0.009079163474986392,0.008911548149294336,0.008754408781458028,99/96,0.285552,0.318706,0.2733208874610599,0.012231112538940048,0.0447500103360472,3097.739990234375,0.0,2600.0,2552.0,2506.999999999999,0.009079163474986392,0.008911548149294336,0.008754408781458028,0.285552,1.0447500103360472,1.080388635149279,2018-05-18,2020-04-17,24,-0.2724624037524589,24,short leg,1.1315485347787166,0.31857064771963467,-0.0329868564456971,own-history IV/RV z-score,Fixed 99/96,1.018573704660965,1.0094091142991022,3.5248424468702972,1.017034135126602,1.0080508415154998,3.520099377391085,1.0155677871715685,1.0067542489339312,3.5155716943108866
1M 99/96 short put spread,short_put_spread,2020-06-19,2020-07-17,28,3097.739990234375,0.99,0.96,3065.0,2975.0,0.989431007657974,0.9603775686076582,SPXW  200717P03065000,SPXW  200717P02975000,98.8,100.2,70.2,71.4,2869.999999999999,2801.999999999999,2736.999999999999,28.699999999999992,28.019999999999992,27.36999999999999,0.009264818897156229,0.009045304024331622,0.008835473631190452,99/96,0.298943,0.33376,0.2677381591763992,0.03120484082360081,0.11654984451820893,3224.72998046875,0.0,2869.999999999999,2801.999999999999,2736.999999999999,0.009264818897156229,0.009045304024331622,0.008835473631190452,0.298943,1.116549844518209,1.0762534916291342,2018-06-15,2020-05-15,24,-0.04270441491633313,24,short leg,1.13016764263654,0.31888501797790886,0.03744132140103695,own-history IV/RV z-score,Fixed 99/96,1.0280106055680545,1.018573704660965,3.2881187829579583,1.0262335180819453,1.017034135126602,3.2831488063323646,1.0245408095758093,1.0155677871715685,3.2784152006725735
1M 99/96 short put spread,short_put_spread,2020-07-17,2020-08-21,35,3224.72998046875,0.99,0.96,3190.0,3095.0,0.9892301120778796,0.9597702811539301,SPXW  200821P03190000,SPXW  200821P03095000,74.3,75.0,48.4,49.0,2595.000000000001,2559.500000000001,2527.000000000001,25.95000000000001,25.59500000000001,25.27000000000001,0.008047185394489337,0.00793709865787879,0.007836315025770542,99/96,0.222604,0.252198,0.189345690691771,0.033258309308228984,0.17564862018628657,3397.159912109375,0.0,2595.000000000001,2559.500000000001,2527.000000000001,0.008047185394489337,0.00793709865787879,0.007836315025770542,0.222604,1.1756486201862866,1.0762534916291342,2018-07-20,2020-06-19,24,0.14978902051423443,24,short leg,1.1278995281267152,0.3187756478789028,0.0923528976493233,own-history IV/RV z-score,Fixed 99/96,1.0362831974985618,1.0280106055680545,3.1878966976907064,1.0343788347609837,1.0262335180819453,3.1823858874930386,1.0325694341164033,1.0245408095758093,3.1771367394515337
1M 99/96 short put spread,short_put_spread,2020-08-21,2020-09-18,28,3397.159912109375,0.99,0.96,3365.0,3260.0,0.9905332945927158,0.9596251234390055,SPXW  200918P03365000,SPXW  200918P03260000,53.2,53.7,31.1,31.5,2215.0,2189.5,2167.0,22.15,21.895,21.67,0.0065201522957588865,0.00644508959438559,0.006378857799056211,99/96,0.177645,0.220133,0.09525106914940115,0.08239393085059885,0.8650184358704058,3319.469970703125,-4553.0029296875,-2338.0029296875,-2363.5029296875,-2386.0029296875,-0.0068822280674911765,-0.0069572907688644735,-0.007023522564193852,0.177645,1.8650184358704058,1.0997178465342379,2018-08-17,2020-07-17,24,2.2974309203217866,24,short leg,1.133833990891423,0.3182617760174353,0.6959063106486938,own-history IV/RV z-score,Fixed 99/96,1.0291512601908677,1.0362831974985618,3.05043985066664,1.0271823604423924,1.0343788347609837,3.0448341011969435,1.02531715939679,1.0325694341164033,3.039507885500913
1M 99/96 short put spread,short_put_spread,2020-09-18,2020-10-16,28,3319.469970703125,0.99,0.96,3285.0,3185.0,0.9896158208969056,0.9594905295454016,SPXW  201016P03285000,SPXW  201016P03185000,64.8,65.4,38.2,38.8,2659.999999999999,2626.999999999999,2596.9999999999986,26.59999999999999,26.269999999999992,25.969999999999985,0.008013327499500055,0.007913914038040091,0.007823538163985578,99/96,0.229368,0.256411,0.21787787236911788,0.011490127630882113,0.05273655147235923,3483.81005859375,0.0,2659.999999999999,2626.999999999999,2596.9999999999986,0.008013327499500055,0.007913914038040091,0.007823538163985578,0.229368,1.0527365514723592,1.0997178465342379,2018-09-21,2020-08-21,24,-0.3008177847257471,24,short leg,1.1582342908516765,0.35070313238128065,-0.04272122636723619,own-history IV/RV z-score,Fixed 99/96,1.0373981862853003,1.0291512601908677,3.1003481558017363,1.0353113933443245,1.0271823604423924,3.094416787945264,1.03333876732352,1.02531715939679,3.088797815452474
1M 99/96 short put spread,short_put_spread,2020-10-16,2020-11-20,35,3483.81005859375,0.99,0.96,3450.0,3345.0,0.9902950912865216,0.960155675464758,SPXW  201120P03450000,SPXW  201120P03345000,93.9,101.1,61.6,69.1,3215.000000000001,2844.500000000001,2477.000000000001,32.150000000000006,28.445000000000007,24.77000000000001,0.009228402082568603,0.008164911267143513,0.007110031713381783,99/96,0.247052,0.276092,0.19161848739510465,0.055433512604895346,0.2892910457569531,3557.5400390625,0.0,3215.000000000001,2844.500000000001,2477.000000000001,0.009228402082568603,0.008164911267143513,0.007110031713381783,0.247052,1.289291045756953,1.0762534916291342,2018-10-19,2020-09-18,24,0.4365181202251279,24,short leg,1.139410013770785,0.34335580825114226,0.19794365898441102,own-history IV/RV z-score,Fixed 99/96,1.0469717138680685,1.0373981862853003,2.9777690770663,1.0437646190048437,1.0353113933443245,2.971779103715634,1.040685838729857,1.03333876732352,2.9661168374392664
1M 99/96 short put spread,short_put_spread,2020-11-20,2020-12-18,28,3557.5400390625,0.99,0.96,3520.0,3415.0,0.9894477536021231,0.9599329768611508,SPXW  201218P03520000,SPXW  201218P03415000,67.6,68.3,40.4,41.0,2724.9999999999986,2689.499999999999,2656.999999999999,27.249999999999986,26.894999999999992,26.56999999999999,0.007659787297061887,0.0075599992423662195,0.007468643981025114,99/96,0.21493,0.245421,0.22515666388504263,-0.01022666388504262,-0.045420214123726765,3709.409912109375,0.0,2724.9999999999986,2689.499999999999,2656.999999999999,0.007659787297061887,0.0075599992423662195,0.007468643981025114,0.21493,0.9545797858762732,1.0997178465342379,2018-11-16,2020-10-16,24,-0.568660772400561,24,short leg,1.1501273102223883,0.3438737712127129,-0.13197754416313912,own-history IV/RV z-score,Fixed 99/96,1.0549912945023383,1.0469717138680685,2.9429653703742193,1.051655478733729,1.0437646190048437,2.9339504476242007,1.0484583507554248,1.040685838729857,2.9252962083431773
1M 99/96 short put spread,short_put_spread,2020-12-18,2021-01-15,28,3709.409912109375,0.99,0.96,3670.0,3560.0,0.9893756923491466,0.9597213800444038,SPXW  210115P03670000,SPXW  210115P03560000,53.5,54.3,30.8,31.4,2280.0,2242.0,2207.0,22.8,22.42,22.07,0.0061465301868012375,0.006044088017021217,0.005949733386960672,99/96,0.182639,0.218642,0.10235516916440954,0.08028383083559046,0.7843651814656605,3768.25,0.0,2280.0,2242.0,2207.0,0.0061465301868012375,0.006044088017021217,0.005949733386960672,0.182639,1.7843651814656605,1.0997178465342379,2018-12-21,2020-11-20,24,1.8511458028213315,24,short leg,1.1551676696724769,0.3398962474129394,0.6225663583519077,own-history IV/RV z-score,Fixed 99/96,1.0614758303408096,1.0549912945023383,2.844094665996113,1.0580117770107782,1.051655478733729,2.8351018184876198,1.0546963984097522,1.0484583507554248,2.8264828519833594
1M 99/96 short put spread,short_put_spread,2021-01-15,2021-02-19,35,3768.25,0.99,0.96,3730.0,3620.0,0.9898493995886685,0.9606581304318981,SPXW  210219P03730000,SPXW  210219P03620000,81.3,82.2,53.3,53.9,2815.000000000001,2774.500000000002,2737.000000000001,28.15000000000001,27.74500000000002,27.370000000000008,0.007470311152391696,0.007362834206859953,0.007263318516552779,99/96,0.213706,0.245435,0.10357143178064089,0.11013456821935912,1.063368211927577,3906.7099609375,0.0,2815.000000000001,2774.500000000002,2737.000000000001,0.007470311152391696,0.007362834206859953,0.007263318516552779,0.213706,2.063368211927577,1.0997178465342379,2019-01-18,2020-12-18,24,2.433758072810015,24,short leg,1.1790951074798233,0.36333648538318875,0.8762705528788901,own-history IV/RV z-score,Fixed 99/96,1.069405385074199,1.0614758303408096,2.816893333353174,1.0658017423138137,1.0580117770107782,2.8077005957958687,1.0623569942896631,1.0546963984097522,2.7989024040595827
1M 99/96 short put spread,short_put_spread,2021-02-19,2021-03-19,28,3906.7099609375,0.99,0.96,3870.0,3750.0,0.9906033564547775,0.9598869733088928,SPXW  210319P03870000,SPXW  210319P03750000,64.0,64.5,38.2,38.6,2584.9999999999995,2559.499999999999,2536.999999999999,25.849999999999994,25.59499999999999,25.36999999999999,0.006616820869342634,0.006551548555157628,0.006493955336759095,99/96,0.185577,0.22753,0.15186756728512862,0.03370943271487137,0.22196597547113206,3913.10009765625,0.0,2584.9999999999995,2559.499999999999,2536.999999999999,0.006616820869342634,0.006551548555157628,0.006493955336759095,0.185577,1.221965975471132,1.1366352838927645,2019-02-15,2021-01-15,24,-0.0556379573267212,24,short leg,1.2430323459848935,0.37863306860915164,0.07507306238649036,own-history IV/RV z-score,Fixed 99/96,1.0764814489439454,1.069405385074199,2.737355462184277,1.0727843941787545,1.0658017423138137,2.7281312228718697,1.0692558931622738,1.0623569942896631,2.7193137061926334
1M 99/96 short put spread,short_put_spread,2021-03-19,2021-04-16,28,3913.10009765625,0.99,0.96,3875.0,3755.0,0.9902634492587935,0.9595972263140051,SPXW  210416P03875000,SPXW  210416P03755000,60.0,60.7,33.3,33.8,2680.0000000000005,2647.0000000000005,2617.0000000000005,26.800000000000004,26.470000000000006,26.170000000000005,0.006848789791002754,0.0067644576779045855,0.006687792120542615,99/96,0.176705,0.213429,0.18860622412244157,-0.011901224122441573,-0.06310090866733753,4185.47021484375,0.0,2680.0000000000005,2647.0000000000005,2617.0000000000005,0.006848789791002754,0.0067644576779045855,0.006687792120542615,0.176705,0.9368990913326625,1.156961572418057,2019-03-15,2021-02-19,24,-0.8297992626349037,24,short leg,1.249554562433574,0.3767844648452937,-0.19020725176330844,own-history IV/RV z-score,Fixed 99/96,1.0838540441016766,1.0764814489439454,2.750968342436994,1.0800411988106933,1.0727843941787545,2.7415204502979575,1.076406854299408,1.0692558931622738,2.7325033003952655
1M 99/96 short put spread,short_put_spread,2021-04-16,2021-05-21,35,4185.47021484375,0.99,0.96,4145.0,4020.0,0.9903307841732519,0.960465561490102,SPXW  210521P04145000,SPXW  210521P04020000,56.2,56.7,29.4,29.9,2680.0,2652.0,2627.0,26.8,26.52,26.27,0.006403103743267346,0.00633620564445709,0.006276475199090791,99/96,0.141554,0.17265,0.12012026379867413,0.02143373620132588,0.1784356404448928,4155.85986328125,0.0,2680.0,2652.0,2627.0,0.006403103743267346,0.00633620564445709,0.006276475199090791,0.141554,1.1784356404448928,1.1366352838927645,2019-04-18,2021-03-19,24,-0.148865179260917,24,short leg,1.2353106939427192,0.38205746824206027,0.03677552258361172,own-history IV/RV z-score,Fixed 99/96,1.0907940739886195,1.0838540441016766,2.589563390650335,1.0868845619508438,1.0800411988106933,2.5804536727566054,1.0831628952245496,1.076406854299408,2.57177043210566
1M 99/96 short put spread,short_put_spread,2021-05-21,2021-06-18,28,4155.85986328125,0.99,0.96,4115.0,3990.0,0.9901681325584956,0.9600901212414088,SPXW  210618P04115000,SPXW  210618P03990000,57.7,58.2,33.4,33.9,2430.0,2402.0,2377.0,24.3,24.02,23.77,0.005847165400041663,0.005779790654691389,0.005719634632057215,99/96,0.164039,0.206839,0.14231869690226887,0.021720303097731125,0.15261735506647156,4166.4501953125,0.0,2430.0,2402.0,2377.0,0.005847165400041663,0.005779790654691389,0.005719634632057215,0.164039,1.1526173550664716,1.156961572418057,2019-05-17,2021-04-16,24,-0.2291542283513451,24,short leg,1.2398446316817564,0.3806487763409094,-0.0037548501654260935,own-history IV/RV z-score,Fixed 99/96,1.0971721273566162,1.0907940739886195,2.624713320163268,1.0931665271847357,1.0868845619508438,2.615306092377948,1.0893581912322352,1.0831628952245496,2.6063508656649956
1M 99/96 short put spread,short_put_spread,2021-06-18,2021-07-16,28,4166.4501953125,0.99,0.96,4125.0,4000.0,0.9900514362660248,0.9600498775912968,SPXW  210716P04125000,SPXW  210716P04000000,61.1,61.9,34.6,35.1,2665.0,2629.5,2597.0,26.65,26.295,25.97,0.006396332309452015,0.006311127882815787,0.006233123830261494,99/96,0.172228,0.2102,0.08283457802441589,0.0893934219755841,1.0791800249074122,4327.16015625,0.0,2665.0,2629.5,2597.0,0.006396332309452015,0.006311127882815787,0.006233123830261494,0.172228,2.079180024907412,1.1549098883176327,2019-06-21,2021-05-21,24,2.2052308495886983,24,short leg,1.2396736580067211,0.3806886553656135,0.8002963226301332,own-history IV/RV z-score,Fixed 99/96,1.1041900048838575,1.0971721273566162,2.6333499164132546,1.1000656409350122,1.0931665271847357,2.6237359765265214,1.0961482957336954,1.0893581912322352,2.6145954953639596
1M 99/96 short put spread,short_put_spread,2021-07-16,2021-08-20,35,4327.16015625,0.99,0.96,4285.0,4155.0,0.9902568532876914,0.9602140549382399,SPXW  210820P04285000,SPXW  210820P04155000,65.6,66.2,38.5,39.0,2715.000000000001,2684.5,2656.999999999999,27.15000000000001,26.845,26.56999999999999,0.006274322886058537,0.006203837859161745,0.006140285785730211,99/96,0.156831,0.193429,0.10112589254863172,0.05570510745136828,0.5508491054808693,4441.669921875,0.0,2715.000000000001,2684.5,2656.999999999999,0.006274322886058537,0.006203837859161745,0.006140285785730211,0.156831,1.5508491054808693,1.1664255208775403,2019-07-19,2021-06-18,24,0.6488983401450776,24,short leg,1.2811859153549354,0.41557078118838126,0.3295740514268879,own-history IV/RV z-score,Fixed 99/96,1.1111180495020574,1.1041900048838575,2.551765973554281,1.1068902698058078,1.1000656409350122,2.542234632443903,1.1028789595330415,1.0961482957336954,2.5331817084478763
1M 99/96 short put spread,short_put_spread,2021-08-20,2021-09-17,28,4441.669921875,0.99,0.96,4395.0,4265.0,0.9894927082165307,0.9602244369837323,SPXW  210917P04395000,SPXW  210917P04265000,53.2,53.7,30.8,31.2,2245.0,2219.5,2197.0,22.45,22.195,21.97,0.00505440530135634,0.004996994461630466,0.00494633783834293,99/96,0.148676,0.192916,0.08386506029187885,0.06481093970812116,0.7728002517682229,4432.990234375,0.0,2245.0,2219.5,2197.0,0.00505440530135634,0.004996994461630466,0.00494633783834293,0.148676,1.7728002517682229,1.1664255208775403,2019-08-16,2021-07-16,24,1.1915277662155512,24,short leg,1.2792966509049846,0.41417717224557055,0.519857221946316,own-history IV/RV z-score,Fixed 99/96,1.1167340904618934,1.1111180495020574,2.5015772649603187,1.11242139435366,1.1068902698058078,2.4920588185862917,1.108334171461692,1.1028789595330415,2.4830277326584276
1M 99/96 short put spread,short_put_spread,2021-09-17,2021-10-15,28,4432.990234375,0.99,0.96,4390.0,4255.0,0.990302204132633,0.9598487194952969,SPXW  211015P04390000,SPXW  211015P04255000,65.8,66.4,38.6,39.2,2719.9999999999986,2686.9999999999986,2656.9999999999977,27.199999999999985,26.869999999999987,26.56999999999998,0.00613581320100401,0.0060613713496683,0.005993696939363106,99/96,0.174623,0.217044,0.08508592149584869,0.08953707850415131,1.0523136722274296,4471.3701171875,0.0,2719.9999999999986,2686.9999999999986,2656.9999999999977,0.00613581320100401,0.0060613713496683,0.005993696939363106,0.174623,2.0523136722274296,1.1770421303155896,2019-09-20,2021-08-20,24,1.76469405104046,24,short leg,1.316253914222728,0.41710332596787647,0.743619552239104,own-history IV/RV z-score,Fixed 99/96,1.1235861622361607,1.1167340904618934,2.519144034657094,1.1191641935221532,1.11242139435366,2.5094153957920877,1.1149771905929735,1.108334171461692,2.500195382492094
1M 99/96 short put spread,short_put_spread,2021-10-15,2021-11-19,35,4471.3701171875,0.99,0.96,4425.0,4295.0,0.9896295506808399,0.9605556881749621,SPXW  211119P04425000,SPXW  211119P04295000,57.0,57.4,32.3,32.8,2465.0000000000005,2439.5000000000005,2417.0000000000005,24.650000000000006,24.395000000000003,24.170000000000005,0.005512851621306826,0.005455822121776067,0.005405501975131278,99/96,0.13899,0.17504,0.16221274243274908,-0.023222742432749077,-0.14316225768993995,4697.9599609375,0.0,2465.0000000000005,2439.5000000000005,2417.0000000000005,0.005512851621306826,0.005455822121776067,0.005405501975131278,0.13899,0.85683774231006,1.2002008079580124,2019-10-18,2021-09-17,24,-1.1393993568582077,24,short leg,1.3574089628639756,0.43932903554921793,-0.28608801408169404,own-history IV/RV z-score,Fixed 99/96,1.1297803260323223,1.1235861622361607,2.512845353412386,1.125270154287071,1.1191641935221532,2.502955837228052,1.1210042019989501,1.1149771905929735,2.4935918104992307
1M 99/96 short put spread,short_put_spread,2021-11-19,2021-12-17,28,4697.9599609375,0.99,0.96,4650.0,4510.0,0.9897913219064708,0.9599911530748781,SPXW  211217P04650000,SPXW  211217P04510000,54.5,54.9,29.4,29.8,2510.0,2486.9999999999995,2466.9999999999995,25.1,24.869999999999994,24.669999999999995,0.005342744554806971,0.00529378713458364,0.005251215464824222,99/96,0.145039,0.186052,0.06750313323284787,0.07753586676715213,1.148626190427294,4620.64013671875,-2935.986328125,-425.986328125,-448.98632812500045,-468.98632812500045,-0.0009067474641482309,-0.0009557048843715627,-0.0009982765541309809,0.145039,2.148626190427294,1.2002008079580124,2019-11-15,2021-10-15,24,1.7920606518663889,24,short leg,1.3529904721108539,0.44397811953953925,0.7902222496274649,own-history IV/RV z-score,Fixed 99/96,1.1287559005866479,1.1297803260323223,2.404831747026787,1.1241947281043811,1.125270154287071,2.395231469921932,1.1198851297870123,1.1210042019989501,2.3861510343209664
1M 99/96 short put spread,short_put_spread,2021-12-17,2022-01-21,35,4620.64013671875,0.99,0.96,4575.0,4435.0,0.9901225511253166,0.9598237189597331,SPXW  220121P04575000,SPXW  220121P04435000,83.2,84.1,51.0,51.7,3230.0,3187.000000000001,3147.000000000002,32.3,31.870000000000008,31.470000000000017,0.006990373421059612,0.006897312722265321,0.006810744630363657,99/96,0.182818,0.217555,0.18761110322630922,-0.004793103226309214,-0.025548078679157094,4397.93994140625,-14000.0,-10770.0,-10813.0,-10852.999999999998,-0.023308458744523846,-0.023401519443318135,-0.0234880875352198,0.182818,0.9744519213208429,1.2002008079580124,2019-12-20,2021-11-19,24,-0.8458556317864487,24,short leg,1.3616835372285303,0.45779870861633143,-0.18809259678907586,own-history IV/RV z-score,Fixed 99/96,1.1024463402451863,1.1287559005866479,2.442856113413346,1.0978868633165708,1.1241947281043811,2.4329848134477405,1.093581169829184,1.1198851297870123,2.423657970867809
1M 99/96 short put spread,short_put_spread,2022-01-21,2022-02-18,28,4397.93994140625,0.99,0.96,4355.0,4220.0,0.990236351114763,0.9595401611261309,SPXW  220218P04355000,SPXW  220218P04220000,105.7,108.4,63.6,68.4,4105.000000000002,3914.500000000002,3727.000000000001,41.05000000000002,39.14500000000002,37.27000000000001,0.009333915548395189,0.008900758200777823,0.008474422228713486,99/96,0.25566,0.281864,0.15286022934976137,0.10279977065023863,0.6725082847744603,4348.8701171875,-612.98828125,3492.011718750002,3301.511718750002,3114.011718750001,0.00794010778972444,0.007506950442107077,0.007080614470042739,0.25566,1.6725082847744603,1.1770421303155896,2020-01-17,2021-12-17,24,0.7040807412885011,24,short leg,1.3454155660547231,0.46456705820577066,0.4209417332632146,own-history IV/RV z-score,Fixed 99/96,1.1111998830191203,1.1024463402451863,2.50673350462507,1.1061286455905286,1.0978868633165708,2.496366203139917,1.1013243964844428,1.093581169829184,2.486575952375351
1M 99/96 short put spread,short_put_spread,2022-02-18,2022-03-18,28,4348.8701171875,0.99,0.96,4305.0,4175.0,0.9899122953766503,0.9600194734489,SPXW  220318P04305000,SPXW  220318P04175000,100.8,101.7,64.2,65.1,3659.999999999999,3612.0,3567.000000000001,36.599999999999994,36.12,35.67000000000001,0.008415979096581972,0.008305605600233358,0.008202130447406532,99/96,0.255971,0.285417,0.22338493370835447,0.03258606629164554,0.14587405583130808,4463.1201171875,0.0,3659.999999999999,3612.0,3567.000000000001,0.008415979096581972,0.008305605600233358,0.008202130447406532,0.255971,1.145874055831308,1.1770421303155896,2020-02-21,2022-01-21,24,-0.4375545362953407,24,short leg,1.3504504276396672,0.467544854043689,-0.026479999042960944,own-history IV/RV z-score,Fixed 99/96,1.1205517180067335,1.1111998830191203,2.5551461714790302,1.1153157138639238,1.1061286455905286,2.543485125524705,1.1103576028493194,1.1013243964844428,2.5324380052920294
1M 99/96 short put spread,short_put_spread,2022-03-18,2022-04-14,27,4463.1201171875,0.99,0.96,4420.0,4285.0,0.9903385712113272,0.9600906736743297,SPXW  220414P04420000,SPXW  220414P04285000,80.1,80.8,47.4,48.0,3274.999999999999,3239.499999999999,3206.999999999999,32.74999999999999,32.39499999999999,32.06999999999999,0.00733791588397533,0.00725837511637804,0.007185556103788971,99/96,0.207694,0.242909,0.26139175180790686,-0.05369775180790687,-0.20543016922495927,4392.58984375,-2741.015625,533.9843749999991,498.4843749999991,465.9843749999991,0.0011964373823227887,0.001116896614725499,0.0010440776021364308,0.207694,0.7945698307750407,1.1770421303155896,2020-03-20,2022-02-18,24,-1.187394353613961,24,short leg,1.3499784124006051,0.4677541037104642,-0.3249435935126639,own-history IV/RV z-score,Fixed 99/96,1.1218923879709828,1.1205517180067335,2.5106913741610555,1.1165614062090885,1.1153157138639238,2.4989596618043888,1.1115169023528164,1.1103576028493194,2.487850592623143
1M 99/96 short put spread,short_put_spread,2022-04-14,2022-05-20,36,4392.58984375,0.99,0.96,4350.0,4215.0,0.9903041610382542,0.9595705836267222,SPXW  220520P04350000,SPXW  220520P04215000,94.8,95.5,57.4,57.9,3750.0,3717.0,3687.000000000002,37.5,37.17,36.87000000000002,0.008537104836536675,0.008461978313975152,0.008393681475282862,99/96,0.205867,0.232611,0.16662654518958797,0.03924045481041202,0.23549942037005067,3901.360107421875,-13500.0,-9750.0,-9783.0,-9812.999999999998,-0.022196472574995355,-0.022271599097556875,-0.022339895936249167,0.205867,1.2354994203700507,1.1770421303155896,2020-04-17,2022-03-18,24,-0.25318569130549806,24,short leg,1.3529347765997448,0.4638309361961324,0.04966456896388882,own-history IV/RV z-score,Fixed 99/96,1.0969903343492888,1.1218923879709828,2.5540567817122017,1.0916937982021955,1.1165614062090885,2.5419204749967466,1.0866857304228725,1.1115169023528164,2.5304363527915976
1M 99/96 short put spread,short_put_spread,2022-05-20,2022-06-17,28,3901.360107421875,0.99,0.96,3860.0,3745.0,0.9893985414616835,0.9599216419103639,SPXW  220617P03860000,SPXW  220617P03745000,100.4,101.3,63.2,63.9,3730.0,3687.000000000001,3647.000000000001,37.3,36.87000000000001,36.470000000000006,0.009560768289254092,0.009450550317018726,0.009348021970753266,99/96,0.27675,0.29678,0.3390484481886693,-0.06229844818866931,-0.18374497367999243,3674.840087890625,-11500.0,-7770.0,-7812.999999999999,-7852.999999999999,-0.019916131262065494,-0.020026349234300862,-0.02012887758056632,0.27675,0.8162550263200076,1.2002008079580124,2020-05-15,2022-04-14,24,-1.295290908194871,24,short leg,1.3799890104132466,0.4352180506530875,-0.3199012857617046,own-history IV/RV z-score,Fixed 99/96,1.0751425308571714,1.0969903343492888,2.81181512125065,1.0698311569424779,1.0916937982021955,2.798238993948232,1.0648119663866422,1.0866857304228725,2.7854022712632496
1M 99/96 short put spread,short_put_spread,2022-06-17,2022-07-15,28,3674.840087890625,0.99,0.96,3640.0,3530.0,0.9905192914365362,0.9605860161458716,SPXW  220715P03640000,SPXW  220715P03530000,97.0,97.7,61.0,61.6,3605.0,3569.5,3537.000000000001,36.05,35.695,35.37000000000001,0.009809950674804157,0.009713347831820648,0.00962490860937096,99/96,0.28417,0.30351,0.28579301216835973,-0.0016230121683597498,-0.005678977789014827,3863.159912109375,0.0,3605.0,3569.5,3537.000000000001,0.009809950674804157,0.009713347831820648,0.00962490860937096,0.28417,0.9943210222109852,1.2002008079580124,2020-06-19,2022-05-20,24,-0.8447928874107873,24,short leg,1.370468386079245,0.44525394268069307,-0.17153778299591826,own-history IV/RV z-score,Fixed 99/96,1.0856896260532642,1.0751425308571714,2.925685213895411,1.0802227990911792,1.0698311569424779,2.911231866844486,1.0750606842492783,1.0648119663866422,2.897573611149565
1M 99/96 short put spread,short_put_spread,2022-07-15,2022-08-19,35,3863.159912109375,0.99,0.96,3825.0,3710.0,0.9901220987539864,0.9603537219287032,SPXW  220819P03825000,SPXW  220819P03710000,91.7,92.2,56.7,57.2,3500.0,3472.0,3447.0,35.0,34.72,34.47,0.009059940772912294,0.008987461246728995,0.008922747384065337,99/96,0.230711,0.251757,0.23272850212726132,-0.002017502127261317,-0.00866890865888914,4228.47998046875,0.0,3500.0,3472.0,3447.0,0.009059940772912294,0.008987461246728995,0.008922747384065337,0.230711,0.9913310913411109,1.2002008079580124,2020-07-17,2022-06-17,24,-0.8331202532199745,24,short leg,1.3653755184831107,0.44896811198183445,-0.1740289751781342,own-history IV/RV z-score,Fixed 99/96,1.0955259097630723,1.0856896260532642,2.8103667742308196,1.0899312596358441,1.0802227990911792,2.7962155946616054,1.084653179157375,1.0750606842492783,2.782853179024293
1M 99/96 short put spread,short_put_spread,2022-08-19,2022-09-16,28,4228.47998046875,0.99,0.96,4185.0,4060.0,0.9897173498113783,0.9601558996975379,SPXW  220916P04185000,SPXW  220916P04060000,67.1,67.5,34.3,34.7,3280.0,3256.999999999999,3236.9999999999986,32.8,32.56999999999999,32.36999999999998,0.007756924509871734,0.007702531441662266,0.00765523312148012,99/96,0.190044,0.211611,0.17450943141623526,0.01553456858376473,0.0890185043736238,3873.330078125,-12500.0,-9220.0,-9243.0,-9263.000000000002,-0.021804525603968717,-0.021858918672178183,-0.021906216992360332,0.190044,1.0890185043736238,1.2002008079580124,2020-08-21,2022-07-15,24,-0.591925078395068,24,short leg,1.3576956214478952,0.45390392615693254,-0.09263641787873067,own-history IV/RV z-score,Fixed 99/96,1.0716384870138322,1.0955259097630723,2.590826762390459,1.0661065408731996,1.0899312596358441,2.577595884739223,1.0608925312533002,1.084653179157375,2.5651136677183355
1M 99/96 short put spread,short_put_spread,2022-09-16,2022-10-21,35,3873.330078125,0.99,0.96,3835.0,3720.0,0.9901041023223214,0.9604138880414694,SPXW  221021P03835000,SPXW  221021P03720000,97.1,97.7,59.9,60.4,3725.0,3694.5,3667.0,37.25,36.945,36.67,0.009617047669232456,0.00953830405744411,0.00946730571894642,99/96,0.252126,0.266987,0.24317540153590977,0.008950598464090243,0.03680717049322313,3752.75,-8225.0,-4500.0,-4530.5,-4558.0,-0.011617909935985517,-0.011696653547773864,-0.011767651886271553,0.252126,1.0368071704932231,1.1655264977556823,2020-09-18,2022-08-19,24,-0.6503111059406129,24,short leg,1.3253622909688625,0.44371857998376324,-0.11043878239604066,own-history IV/RV z-score,Fixed 99/96,1.0591882875877696,1.0716384870138322,2.766710983569442,1.0536366620195903,1.0661065408731996,2.75242883867331,1.0484083172567658,1.0608925312533002,2.7389675288578985
1M 99/96 short put spread,short_put_spread,2022-10-21,2022-11-18,28,3752.75,0.99,0.96,3715.0,3605.0,0.989940710145893,0.9606288721604157,SPXW  221118P03715000,SPXW  221118P03605000,96.2,96.8,58.9,59.4,3735.0,3704.5,3677.0,37.35,37.045,36.77,0.009952701352341616,0.009871427619745519,0.009798148024781827,99/96,0.285892,0.298739,0.29299287337961377,-0.007100873379613792,-0.02423565221128643,3965.340087890625,0.0,3735.0,3704.5,3677.0,0.009952701352341616,0.009871427619745519,0.009798148024781827,0.285892,0.9757643477887136,1.1655264977556823,2020-10-16,2022-09-16,24,-0.7856121935922197,24,short leg,1.3246985667613984,0.44415580844943303,-0.1628123859323417,own-history IV/RV z-score,Fixed 99/96,1.069730072290029,1.0591882875877696,2.82243231653526,1.064037560066227,1.0536366620195903,2.8076388302433957,1.0586807771396598,1.0484083172567658,2.7937067943688385
1M 99/96 short put spread,short_put_spread,2022-11-18,2022-12-16,28,3965.340087890625,0.99,0.96,3925.0,3805.0,0.9898268277130086,0.9595646062287893,SPXW  221216P03925000,SPXW  221216P03805000,76.7,77.1,40.4,40.7,3635.0000000000014,3614.500000000001,3597.0000000000014,36.350000000000016,36.14500000000001,35.97000000000001,0.009166931257928121,0.009115233296225912,0.00907110088989476,99/96,0.224623,0.239326,0.2820333606359019,-0.05741036063590191,-0.20355875810740442,3852.360107421875,-7263.9892578125,-3628.9892578124986,-3649.489257812499,-3666.9892578124986,-0.009151773056981225,-0.009203471018683435,-0.009247603425014586,0.224623,0.7964412418925956,1.1492457054488898,2020-11-20,2022-10-21,24,-1.1453402300277928,24,short leg,1.311634954346055,0.4498171800365013,-0.306987845926725,own-history IV/RV z-score,Fixed 99/96,1.0599401454362025,1.069730072290029,2.697700697997571,1.0542447212193669,1.064037560066227,2.6833450258543783,1.048890517158986,1.0586807771396598,2.6698360132404892
1M 99/96 short put spread,short_put_spread,2022-12-16,2023-01-20,35,3852.360107421875,0.99,0.96,3815.0,3700.0,0.9903020210000882,0.9604501907471368,SPXW  230120P03815000,SPXW  230120P03700000,80.7,81.6,44.8,45.5,3600.000000000001,3557.000000000001,3517.000000000002,36.00000000000001,35.57000000000001,35.170000000000016,0.009344920774837008,0.009233300887804233,0.00912946843475049,99/96,0.21315,0.226621,0.19816986883632942,0.014980131163670585,0.0755923756302368,3972.610107421875,0.0,3600.000000000001,3557.000000000001,3517.000000000002,0.009344920774837008,0.009233300887804233,0.00912946843475049,0.21315,1.0755923756302368,1.1492457054488898,2020-12-18,2022-11-18,24,-0.5027627797312982,24,short leg,1.305045848346735,0.45638516208206537,-0.06408840987566222,own-history IV/RV z-score,Fixed 99/96,1.0698452021213731,1.0599401454362025,2.7514046347695906,1.0639788799397647,1.0542447212193669,2.736620388079197,1.058466330026898,1.048890517158986,2.7227218845357055
1M 99/96 short put spread,short_put_spread,2023-01-20,2023-02-17,28,3972.610107421875,0.99,0.96,3935.0,3815.0,0.9905326456901448,0.9603258051608392,SPXW  230217P03935000,SPXW  230217P03815000,63.3,63.9,30.9,31.5,3239.999999999999,3207.0,3177.0,32.39999999999999,32.07,31.77,0.008155846942912498,0.00807277813145691,0.007997261030133646,99/96,0.190558,0.209535,0.17720276014941283,0.013355239850587175,0.07536699676306613,4079.090087890625,0.0,3239.999999999999,3207.0,3177.0,0.008155846942912498,0.00807277813145691,0.007997261030133646,0.190558,1.0753669967630661,1.1174462801024658,2021-01-15,2022-12-16,24,-0.4479028668856435,24,short leg,1.2755136481035925,0.44685280255557475,-0.0376566498888351,own-history IV/RV z-score,Fixed 99/96,1.0785706958424846,1.0698452021213731,2.6930536176269158,1.0725681453740745,1.0639788799397647,2.6782866960741347,1.0669311615597306,1.058466330026898,2.6644103030634843
1M 99/96 short put spread,short_put_spread,2023-02-17,2023-03-17,28,4079.090087890625,0.99,0.96,4040.0,3915.0,0.9904169589177082,0.959772869842284,SPXW  230317P04040000,SPXW  230317P03915000,62.6,63.3,31.4,32.0,3125.0,3089.500000000001,3057.000000000001,31.25,30.89500000000001,30.570000000000007,0.0076610222688560355,0.007573993055881833,0.0074943184242857305,99/96,0.187664,0.211614,0.1621120418357446,0.0255519581642554,0.15761912486516705,3916.639892578125,-12336.0107421875,-9211.0107421875,-9246.5107421875,-9279.0107421875,-0.02258104269266259,-0.022668071905636796,-0.022747746537232896,0.187664,1.157619124865167,1.0823054400019303,2021-02-19,2023-01-20,24,-0.1846515588383957,24,short leg,1.2343469308050714,0.415527528836382,0.06958634973053668,own-history IV/RV z-score,Fixed 99/96,1.0542154449126107,1.0785706958424846,2.6441453182031434,1.0482550935310395,1.0725681453740745,2.629429902904449,1.0426608819238943,1.0669311615597306,2.61561068417457
1M 99/96 short put spread,short_put_spread,2023-03-17,2023-04-21,35,3916.639892578125,0.99,0.96,3875.0,3760.0,0.9893684653886534,0.9600065625448612,SPXW  230421P03875000,SPXW  230421P03760000,85.9,86.7,54.6,55.3,3135.000000000002,3094.5,3057.0,31.35000000000002,30.945,30.57,0.008004310036112077,0.007900905073923065,0.007805159738562874,99/96,0.232954,0.256895,0.17718052315883265,0.055773476841167346,0.31478333987742824,4133.52001953125,0.0,3135.000000000002,3094.5,3057.0,0.008004310036112077,0.007900905073923065,0.007805159738562874,0.232954,1.3147833398774282,1.0823054400019303,2021-03-19,2023-02-17,24,0.19988901863091982,24,short leg,1.2316658120298227,0.4158183797033685,0.21479879088021891,own-history IV/RV z-score,Fixed 99/96,1.0626537121785489,1.0542154449126107,2.6916323017347255,1.0565372575182848,1.0482550935310395,2.6764142792842427,1.050799016660461,1.0426608819238943,2.662131088180189
1M 99/96 short put spread,short_put_spread,2023-04-21,2023-05-19,28,4133.52001953125,0.99,0.96,4090.0,3970.0,0.989471438549804,0.960440491697487,SPXW  230519P04090000,SPXW  230519P03970000,47.2,47.9,23.2,23.8,2405.0,2369.5,2337.0,24.05,23.695,23.37,0.00581828559831853,0.005732402380547092,0.005653776899488734,99/96,0.156477,0.185139,0.09305932314941051,0.0634176768505895,0.6814758017181131,4191.97998046875,0.0,2405.0,2369.5,2337.0,0.00581828559831853,0.005732402380547092,0.005653776899488734,0.156477,1.681475801718113,1.1174462801024658,2021-04-16,2023-03-17,24,1.0553446881519417,24,short leg,1.2474109890525213,0.41130146154021086,0.5047486681542559,own-history IV/RV z-score,Fixed 99/96,1.068836534968117,1.0626537121785489,2.570820286722734,1.0625937542084194,1.0565372575182848,2.556023080875506,1.0567399998668614,1.050799016660461,2.542140867094733
1M 99/96 short put spread,short_put_spread,2023-05-19,2023-06-16,28,4191.97998046875,0.99,0.96,4150.0,4025.0,0.9899856438569977,0.9601667991625098,SPXW  230616P04150000,SPXW  230616P04025000,46.2,46.8,23.4,24.0,2280.0,2247.0,2217.0,22.8,22.47,22.17,0.0054389572722745895,0.005360235522281142,0.005288670295014371,99/96,0.149999,0.185012,0.14247254139682455,0.00752645860317544,0.052827432776763716,4409.58984375,0.0,2280.0,2247.0,2217.0,0.0054389572722745895,0.005360235522281142,0.005288670295014371,0.149999,1.0528274327767637,1.1174462801024658,2021-05-21,2023-04-21,24,-0.512769716665341,24,short leg,1.2683709957722389,0.4203515847176084,-0.057827251722361805,own-history IV/RV z-score,Fixed 99/96,1.0746498912128546,1.068836534968117,2.549717651200708,1.0682895069954814,1.0625937542084194,2.5348254504058954,1.0623287493137108,1.0567399998668614,2.5208612750786465
1M 99/96 short put spread,short_put_spread,2023-06-16,2023-07-21,35,4409.58984375,0.99,0.96,4365.0,4235.0,0.9898879838420346,0.9604067838650668,SPXW  230721P04365000,SPXW  230721P04235000,37.9,38.3,15.9,16.2,2204.9999999999995,2184.499999999999,2166.999999999999,22.049999999999997,21.84499999999999,21.66999999999999,0.005000465073016463,0.004953975488437397,0.004914289257699171,99/96,0.122473,0.146048,0.11545072632825079,0.007022273671749207,0.06082485485438527,4536.33984375,0.0,2204.9999999999995,2184.499999999999,2166.999999999999,0.005000465073016463,0.004953975488437397,0.004914289257699171,0.122473,1.0608248548543853,1.0823054400019303,2021-06-18,2023-05-19,24,-0.4819209360274299,24,short leg,1.264213082343501,0.4220365049206728,-0.0198470638265541,own-history IV/RV z-score,Fixed 99/96,1.0800236404595853,1.0746498912128546,2.4370744883132978,1.0735817870276918,1.0682895069954814,2.4226505068484725,1.067549340074608,1.0623287493137108,2.409132792292278
1M 99/96 short put spread,short_put_spread,2023-07-21,2023-08-18,28,4536.33984375,0.99,0.96,4490.0,4355.0,0.9897847504053636,0.960025075281817,SPXW  230818P04490000,SPXW  230818P04355000,34.3,34.6,12.8,13.1,2150.0000000000005,2132.0,2117.0,21.500000000000004,21.32,21.17,0.0047395038159722324,0.004699824249140836,0.004666757943448006,99/96,0.119243,0.146449,0.09358339156213479,0.025659608437865217,0.27418976817941565,4369.7099609375,-12029.00390625,-9879.00390625,-9897.00390625,-9912.00390625,-0.02177747754031463,-0.021817157107146025,-0.021850223412838855,0.119243,1.2741897681794156,1.0754796861966516,2021-07-16,2023-06-16,24,0.13569881947892867,24,short leg,1.221781616924625,0.3862093381212402,0.18476414248742024,own-history IV/RV z-score,Fixed 99/96,1.0565034498864678,1.0800236404595853,2.380826123394616,1.050159284512738,1.0735817870276918,2.366625570407457,1.0442231484897493,1.067549340074608,2.353327521405694
1M 99/96 short put spread,short_put_spread,2023-08-18,2023-09-15,28,4369.7099609375,0.99,0.96,4325.0,4195.0,0.9897682085682621,0.9600179502760369,SPXW  230915P04325000,SPXW  230915P04195000,49.9,50.3,23.0,23.4,2689.999999999999,2666.9999999999995,2646.999999999999,26.89999999999999,26.669999999999995,26.46999999999999,0.006156014985083524,0.0061033799127203575,0.006057610284578472,99/96,0.158766,0.183961,0.09834115862070726,0.06042484137929273,0.614441015611233,4450.31982421875,0.0,2689.999999999999,2666.9999999999995,2646.999999999999,0.006156014985083524,0.0061033799127203575,0.006057610284578472,0.158766,1.614441015611233,1.0754796861966516,2021-08-20,2023-07-21,24,1.0635379017645739,24,short leg,1.2102541445370643,0.3800399312554449,0.5011357595424004,own-history IV/RV z-score,Fixed 99/96,1.0630073009557612,1.0565034498864678,2.4177885015961107,1.05656880559499,1.050159284512738,2.403269997094799,1.0505486453734356,1.0442231484897493,2.389685260176207
1M 99/96 short put spread,short_put_spread,2023-09-15,2023-10-20,35,4450.31982421875,0.99,0.96,4405.0,4270.0,0.9898165017327253,0.9594816032687258,SPXW  231020P04405000,SPXW  231020P04270000,39.9,40.3,17.4,17.7,2255.0,2234.4999999999995,2216.9999999999995,22.55,22.344999999999995,22.169999999999995,0.005067051558245847,0.005020987453170884,0.004981664436643477,99/96,0.126382,0.152544,0.11793981862660473,0.008442181373395266,0.07158041678971072,4224.16015625,-13500.0,-11245.0,-11265.5,-11283.0,-0.02526784690575368,-0.02531391101082864,-0.025353234027356047,0.126382,1.0715804167897107,1.0754796861966516,2021-09-17,2023-08-18,24,-0.3558849839989224,24,short leg,1.203655843030523,0.37111828871434566,-0.003625609536829333,own-history IV/RV z-score,Fixed 99/96,1.0361473952155127,1.0630073009557612,2.3886087808135708,1.0298229168733408,1.05656880559499,2.374141291700243,1.023913839710161,1.0505486453734356,2.360613813992253
1M 99/96 short put spread,short_put_spread,2023-10-20,2023-11-17,28,4224.16015625,0.99,0.96,4180.0,4055.0,0.9895458139330581,0.95995413289439,SPXW  231117P04180000,SPXW  231117P04055000,67.4,67.8,36.7,37.0,3074.999999999999,3054.5000000000005,3037.000000000001,30.74999999999999,30.545000000000005,30.370000000000008,0.0072795535355123266,0.007231023178608915,0.00718959482515478,99/96,0.197367,0.223123,0.1289999620501261,0.0683670379498739,0.5299771942824929,4514.02001953125,0.0,3074.999999999999,3054.5000000000005,3037.000000000001,0.0072795535355123266,0.007231023178608915,0.00718959482515478,0.197367,1.529977194282493,1.0734737067763884,2021-10-15,2023-09-15,24,1.1308405742714251,24,short leg,1.162791957387285,0.32470115173553715,0.42525819181633406,own-history IV/RV z-score,Fixed 99/96,1.0436900856496656,1.0361473952155127,2.4529074582611305,1.0372695902551148,1.0298229168733408,2.4379353025941293,1.0312753653535456,1.023913839710161,2.423946540462474
1M 99/96 short put spread,short_put_spread,2023-11-17,2023-12-15,28,4514.02001953125,0.99,0.96,4470.0,4335.0,0.9902481558919136,0.9603413323918222,SPXW  231215P04470000,SPXW  231215P04335000,35.6,35.9,13.1,13.4,2250.0,2231.9999999999995,2217.0,22.5,22.319999999999997,22.17,0.004984470583348558,0.004944594818681769,0.004911365014792779,99/96,0.11983,0.146344,0.15358771071537058,-0.03375771071537058,-0.2197943478559331,4719.18994140625,0.0,2250.0,2231.9999999999995,2217.0,0.004984470583348558,0.004944594818681769,0.004911365014792779,0.11983,0.7802056521440669,1.0754796861966516,2021-11-19,2023-10-20,24,-1.2588666897061425,24,short leg,1.1908394345528028,0.3261932226553634,-0.27455100997471915,own-history IV/RV z-score,Fixed 99/96,1.048892328179719,1.0436900856496656,2.312107791134798,1.0423984680966663,1.0372695902551148,2.2978843376127256,1.0363403351035605,1.0312753653535456,2.284605209749682
1M 99/96 short put spread,short_put_spread,2023-12-15,2024-01-19,35,4719.18994140625,0.99,0.96,4670.0,4530.0,0.9895766133558946,0.9599105050325917,SPXW  240119P04670000,SPXW  240119P04530000,33.7,34.2,12.6,13.0,2115.0000000000005,2089.5000000000005,2067.0000000000005,21.150000000000006,20.895000000000003,20.670000000000005,0.004481701364556141,0.004427666667252981,0.0043799889931619585,99/96,0.10938,0.132928,0.06939476407309018,0.03998523592690982,0.5761996090194252,4839.81005859375,0.0,2115.0000000000005,2089.5000000000005,2067.0000000000005,0.004481701364556141,0.004427666667252981,0.0043799889931619585,0.10938,1.5761996090194252,1.0734737067763884,2021-12-17,2023-11-17,24,1.6666114101030103,24,short leg,1.1338219121243351,0.265435418366509,0.4683169220350154,own-history IV/RV z-score,Fixed 99/96,1.0535931503581943,1.048892328179719,2.222610959090077,1.0470138610478534,1.0423984680966663,2.208850419328633,1.040879494364484,1.0363403351035605,2.1960131886421723
1M 99/96 short put spread,short_put_spread,2024-01-19,2024-02-16,28,4839.81005859375,0.99,0.96,4790.0,4645.0,0.9897082616898766,0.9597484082566757,SPXW  240216P04790000,SPXW  240216P04645000,35.0,35.3,12.6,12.8,2245.0,2229.5000000000005,2217.0,22.45,22.295000000000005,22.17,0.004638611790174892,0.004606585739953195,0.004580758280096986,99/96,0.118486,0.144745,0.11146638199599988,0.007019618004000111,0.0629752027319952,5005.56982421875,0.0,2245.0,2229.5000000000005,2217.0,0.004638611790174892,0.004606585739953195,0.004580758280096986,0.118486,1.0629752027319952,1.0754796861966516,2022-01-21,2023-12-15,24,-0.345212334175345,24,short leg,1.1588947324451093,0.2778566123433856,-0.011626889494191661,own-history IV/RV z-score,Fixed 99/96,1.0584803599674935,1.0535931503581943,2.1769307836521277,1.0518370201696896,1.0470138610478534,2.1633366772085116,1.045647511726877,1.040879494364484,2.1506618684678727
1M 99/96 short put spread,short_put_spread,2024-02-16,2024-03-15,28,5005.56982421875,0.99,0.96,4955.0,4805.0,0.9898972892208845,0.9599306709800909,SPXW  240315P04955000,SPXW  240315P04805000,41.1,41.5,15.5,15.8,2565.0,2544.5,2526.999999999999,25.65,25.445,25.269999999999992,0.005124291719175719,0.005083337340913301,0.00504837628629904,99/96,0.122318,0.149091,0.11937937431148893,0.002938625688511068,0.0246158576844564,5117.08984375,0.0,2565.0,2544.5,2526.999999999999,0.005124291719175719,0.005083337340913301,0.00504837628629904,0.122318,1.0246158576844564,1.0734737067763884,2022-02-18,2024-01-19,24,-0.4255601628671335,24,short leg,1.13349752069334,0.2558549237205695,-0.045513782762924615,own-history IV/RV z-score,Fixed 99/96,1.063904322110985,1.0584803599674935,2.11460512416825,1.0571838625708732,1.0518370201696896,2.1013332289972726,1.0509263338289065,1.045647511726877,2.0889679865570105
1M 99/96 short put spread,short_put_spread,2024-03-15,2024-04-19,35,5117.08984375,0.99,0.96,5065.0,4910.0,0.9898204164201607,0.9595297620183592,SPXW  240419P05065000,SPXW  240419P04910000,47.8,48.2,19.9,20.4,2785.0,2759.5,2737.0,27.85,27.595,27.37,0.005442546613484991,0.005392713601404607,0.005348743296627798,99/96,0.130171,0.15274,0.11704065445918542,0.01313034554081459,0.11218619377588523,4967.22998046875,-9777.001953125,-6992.001953125,-7017.501953125,-7040.001953125,-0.013664020305731026,-0.013713853317811409,-0.013757823622588218,0.130171,1.1121861937758852,1.0672778097608528,2022-03-18,2024-02-16,24,-0.06331460970505487,24,short leg,1.1284450957705545,0.2567954232113227,0.042077501850333654,own-history IV/RV z-score,Fixed 99/96,1.0493671118503054,1.063904322110985,2.0791198798481814,1.042685798149619,1.0571838625708732,2.0659865174384513,1.0364678746877551,1.0509263338289065,2.0537578309524998
1M 99/96 short put spread,short_put_spread,2024-04-19,2024-05-17,28,4967.22998046875,0.99,0.96,4920.0,4770.0,0.9904916863816535,0.9602937691139202,SPXW  240517P04920000,SPXW  240517P04770000,65.0,65.5,30.4,30.9,3460.0,3432.0,3407.0,34.6,34.32,34.07,0.006965652916423823,0.006909283470857388,0.006858953608744499,99/96,0.171398,0.194165,0.10893980513918047,0.06245819486081952,0.5733275801349518,5303.27001953125,0.0,3460.0,3432.0,3407.0,0.006965652916423823,0.006909283470857388,0.006858953608744499,0.171398,1.5733275801349518,1.0734737067763884,2022-04-14,2024-03-15,24,1.7487547488084245,24,short leg,1.1416791108955897,0.24683190683741155,0.4656414686295489,own-history IV/RV z-score,Fixed 99/96,1.0566766389333648,1.0493671118503054,2.112580081809053,1.0498900099000716,1.042685798149619,2.099129297917513,1.0435769597571924,1.0364678746877551,2.086611408698949
1M 99/96 short put spread,short_put_spread,2024-05-17,2024-06-21,35,5303.27001953125,0.99,0.96,5250.0,5090.0,0.9899552503766424,0.9597851856032591,SPXW  240621P05250000,SPXW  240621P05090000,38.4,38.7,13.9,14.2,2449.9999999999995,2431.9999999999995,2416.999999999999,24.499999999999996,24.319999999999997,24.16999999999999,0.004619791168424331,0.0045858498455542745,0.0045575654098292265,99/96,0.107609,0.131335,0.11659475352036235,-0.00898575352036235,-0.07706824920551048,5464.6201171875,0.0,2449.9999999999995,2431.9999999999995,2416.999999999999,0.004619791168424331,0.0045858498455542745,0.0045575654098292265,0.107609,0.9229317507944895,1.0734737067763884,2022-05-20,2024-04-19,24,-0.8899796372302297,24,short leg,1.1557552842191272,0.26160546116451017,-0.14023814000435297,own-history IV/RV z-score,Fixed 99/96,1.0615582643377894,1.0566766389333648,1.9925001650712917,1.0547046478398208,1.0498900099000716,1.9797031002258305,1.0483331300114767,1.0435769597571924,1.9677990294928127
1M 99/96 short put spread,short_put_spread,2024-06-21,2024-07-19,28,5464.6201171875,0.99,0.96,5410.0,5245.0,0.9900047732475113,0.9598105426401473,SPXW  240719P05410000,SPXW  240719P05245000,36.5,36.7,12.7,13.0,2375.0,2359.4999999999995,2347.0,23.75,23.594999999999995,23.47,0.004346139254090276,0.004317774976853055,0.004294900559726264,99/96,0.117087,0.14334,0.0826413077878824,0.0344456922121176,0.41680962141269906,5505.0,0.0,2375.0,2359.4999999999995,2347.0,0.004346139254090276,0.004317774976853055,0.004294900559726264,0.117087,1.416809621412699,1.0734737067763884,2022-06-17,2024-05-17,24,1.0006546139310908,24,short leg,1.1602001477388972,0.2564416034276868,0.31983635227297635,own-history IV/RV z-score,Fixed 99/96,1.0661719443809319,1.0615582643377894,1.9426021234283828,1.0592586251762341,1.0547046478398208,1.9300603248202552,1.0528356165583426,1.0483331300114767,1.918400744297349
1M 99/96 short put spread,short_put_spread,2024-07-19,2024-08-16,28,5505.0,0.99,0.96,5450.0,5285.0,0.9900090826521344,0.9600363306085377,SPXW  240816P05450000,SPXW  240816P05285000,56.0,56.4,24.3,24.7,3170.0,3147.0,3127.0,31.7,31.47,31.27,0.0057584014532243415,0.005716621253405995,0.005680290644868301,99/96,0.145533,0.171826,0.09537907237887884,0.050153927621121155,0.5258378632777252,5554.25,0.0,3170.0,3147.0,3127.0,0.0057584014532243415,0.005716621253405995,0.005680290644868301,0.145533,1.5258378632777252,1.0754796861966516,2022-07-15,2024-06-21,24,1.3435147395895373,24,short leg,1.177803839372302,0.2590474176798034,0.41875098419918055,own-history IV/RV z-score,Fixed 99/96,1.072311390454842,1.0661719443809319,1.9367337772587316,1.0653140055457702,1.0592586251762341,1.9241755225726325,1.058816028861663,1.0528356165583426,1.9125079319860898
1M 99/96 short put spread,short_put_spread,2024-08-16,2024-09-20,35,5554.25,0.99,0.96,5500.0,5330.0,0.9902327046856011,0.9596255119953189,SPXW  240920P05500000,SPXW  240920P05330000,56.4,57.1,25.4,26.0,3105.0,3069.5,3037.0,31.05,30.695,30.37,0.005590313723725075,0.0055263987036953685,0.005467884952963947,99/96,0.134191,0.160154,0.2198294850925169,-0.0856384850925169,-0.3895677827588746,5702.5498046875,0.0,3105.0,3069.5,3037.0,0.005590313723725075,0.0055263987036953685,0.005467884952963947,0.134191,0.6104322172411254,1.0823054400019303,2022-08-19,2024-07-19,24,-2.2232063957622477,24,short leg,1.200074954869661,0.26522177102066624,-0.4359889596045672,own-history IV/RV z-score,Fixed 99/96,1.0783059475370083,1.072311390454842,1.930614197155047,1.0712013554850468,1.0653140055457702,1.9180159437291624,1.0646055130938328,1.058816028861663,1.9063168364075493
1M 99/96 short put spread,short_put_spread,2024-09-20,2024-10-18,28,5702.5498046875,0.99,0.96,5645.0,5475.0,0.9899080575078548,0.9600968316838805,SPXW  241018P05645000,SPXW  241018P05475000,52.9,53.4,24.4,24.8,2855.0,2829.4999999999995,2806.9999999999995,28.55,28.294999999999995,28.069999999999997,0.005006532336908637,0.004961815498172675,0.004922359463993885,99/96,0.133952,0.167371,0.1490349492799142,-0.015082949279914215,-0.10120410918908518,5864.669921875,0.0,2855.0,2829.4999999999995,2806.9999999999995,0.005006532336908637,0.004961815498172675,0.004922359463993885,0.133952,0.8987958908109148,1.0754796861966516,2022-09-16,2024-08-16,24,-0.967786968674147,24,short leg,1.1801338595724735,0.29070237342313804,-0.16428371233171768,own-history IV/RV z-score,Fixed 99/96,1.0837045211324332,1.0783059475370083,1.890918947609436,1.0765164589723561,1.0712013554850468,1.8784603241948339,1.06984588411663,1.0646055130938328,1.8668938449581385
1M 99/96 short put spread,short_put_spread,2024-10-18,2024-11-15,28,5864.669921875,0.99,0.96,5805.0,5630.0,0.9898255276648336,0.9599858261417765,SPXW  241115P05805000,SPXW  241115P05630000,63.5,64.0,30.3,30.7,3325.0,3299.5,3277.0,33.25,32.995,32.77,0.005669543289380829,0.005626062581447232,0.005587697250917588,99/96,0.153083,0.182745,0.08885243897592798,0.06423056102407201,0.7228902409924103,5870.6201171875,0.0,3325.0,3299.5,3277.0,0.005669543289380829,0.005626062581447232,0.005587697250917588,0.153083,1.7228902409924103,1.0754796861966516,2022-10-21,2024-09-20,24,1.8593820038203523,24,short leg,1.1743833895857108,0.2949941702564174,0.6019737639910938,own-history IV/RV z-score,Fixed 99/96,1.0898486308278912,1.0837045211324332,1.8478525399873842,1.0825730079404927,1.0765164589723561,1.8355959897367622,1.0758238590222142,1.06984588411663,1.8242218204406437
1M 99/96 short put spread,short_put_spread,2024-11-15,2024-12-20,35,5870.6201171875,0.99,0.96,5810.0,5635.0,0.9896739840123496,0.95986452666258,SPXW  241220P05810000,SPXW  241220P05635000,63.1,63.6,31.8,32.1,3139.9999999999995,3116.9999999999995,3097.0,31.399999999999995,31.169999999999995,30.97,0.005348668347330081,0.00530949020338467,0.005275422252127792,99/96,0.141673,0.170225,0.14103151370132602,0.0006414862986739711,0.004548531614235518,5930.85009765625,0.0,3139.9999999999995,3116.9999999999995,3097.0,0.005348668347330081,0.00530949020338467,0.005275422252127792,0.141673,1.0045485316142355,1.093889284703061,2022-11-18,2024-10-18,24,-0.6440130880477885,24,short leg,1.2055136351358648,0.3120512723286718,-0.08167257357592383,own-history IV/RV z-score,Fixed 99/96,1.0956778697029814,1.0898486308278912,1.8564455016210732,1.0883209187206013,1.0825730079404927,1.8440522233265069,1.08149928414747,1.0758238590222142,1.8325557395078402
1M 99/96 short put spread,short_put_spread,2024-12-20,2025-01-17,28,5930.85009765625,0.99,0.96,5870.0,5695.0,0.9897400715488835,0.9602333402846494,SPXW  250117P05870000,SPXW  250117P05695000,64.8,65.4,33.0,33.6,3179.9999999999995,3146.9999999999995,3116.9999999999986,31.799999999999997,31.469999999999995,31.169999999999987,0.005361794595443696,0.005306153330773997,0.005255570362892451,99/96,0.158503,0.190594,0.12998839918889074,0.028514600811109264,0.21936265842980096,5996.66015625,0.0,3179.9999999999995,3146.9999999999995,3116.9999999999986,0.005361794595443696,0.005306153330773997,0.005255570362892451,0.158503,1.219362658429801,1.093889284703061,2022-12-16,2024-11-15,24,0.01709163481790899,24,short leg,1.2141847722075998,0.30294856386562063,0.11470390603634084,own-history IV/RV z-score,Fixed 99/96,1.1015526693831021,1.0956778697029814,1.8474212830568264,1.0940957163884215,1.0883209187206013,1.835016735881899,1.087183179732725,1.08149928414747,1.823514785131488
1M 99/96 short put spread,short_put_spread,2025-01-17,2025-02-21,35,5996.66015625,0.99,0.96,5935.0,5755.0,0.9897175836810204,0.9597008751616297,SPXW  250221P05935000,SPXW  250221P05755000,64.1,64.5,29.7,30.1,3440.0,3416.999999999999,3396.999999999999,34.4,34.16999999999999,33.96999999999999,0.005736526517039107,0.005698171833930996,0.005664819935576116,99/96,0.134614,0.160519,0.17492712098742877,-0.04031312098742876,-0.23045666538081244,6013.1298828125,0.0,3440.0,3416.999999999999,3396.999999999999,0.005736526517039107,0.005698171833930996,0.005664819935576116,0.134614,0.7695433346191876,1.134902659320526,2023-01-20,2024-12-20,24,-1.4945987038002388,24,short leg,1.2201752006575817,0.30150692951398644,-0.32193009832233677,own-history IV/RV z-score,Fixed 99/96,1.1078717554809334,1.1015526693831021,1.8369436330905167,1.1003300617831706,1.0940957163884215,1.8245084561747322,1.093341876682898,1.087183179732725,1.812981145178974
1M 99/96 short put spread,short_put_spread,2025-02-21,2025-03-21,28,6013.1298828125,0.99,0.96,5955.0,5775.0,0.9903328409754371,0.9603983470416707,SPXW  250321P05955000,SPXW  250321P05775000,67.1,67.6,33.3,33.7,3384.999999999999,3359.499999999999,3336.9999999999986,33.849999999999994,33.59499999999999,33.36999999999998,0.005629347886988839,0.005586940687249337,0.005549522569832128,99/96,0.153745,0.186149,0.11847165954123519,0.035273340458764804,0.29773652699182107,5667.56005859375,-18000.0,-14615.0,-14640.5,-14663.000000000002,-0.02430514604677752,-0.02434755324651702,-0.024384971363934232,0.153745,1.297736526991821,1.134902659320526,2023-02-17,2025-01-17,24,0.2875071980305573,24,short leg,1.207432548068253,0.3140929324279741,0.14347826779151673,own-history IV/RV z-score,Fixed 99/96,1.0809447706628696,1.1078717554809334,1.8424211302130606,1.0735397170151615,1.1003300617831706,1.829879086643838,1.0666807663289954,1.093341876682898,1.818257543060941
1M 99/96 short put spread,short_put_spread,2025-03-21,2025-04-17,27,5667.56005859375,0.99,0.96,5610.0,5440.0,0.9898439437785099,0.9598486727549187,SPXW  250417P05610000,SPXW  250417P05440000,77.0,77.4,36.7,37.0,4035.0,4014.4999999999995,3997.0,40.35,40.144999999999996,39.97,0.007119465798834736,0.007083295030835699,0.007052417545958474,99/96,0.180761,0.202638,0.20198870343716668,-0.02122770343716668,-0.1050935179836433,5282.7001953125,-17000.0,-12965.0,-12985.5,-13003.0,-0.022875805224756473,-0.022911975992755507,-0.022942853477632735,0.180761,0.8949064820163567,1.165774426102843,2023-03-17,2025-02-21,24,-1.0125162982265183,24,short leg,1.213270773156864,0.31442880642824317,-0.2323502197521965,own-history IV/RV z-score,Fixed 99/96,1.0562172886304668,1.0809447706628696,1.9072489033862596,1.0489428007916406,1.0735397170151615,1.8941832215564223,1.0422080657997004,1.0666807663289954,1.8820810989229517
1M 99/96 short put spread,short_put_spread,2025-04-17,2025-05-16,29,5282.7001953125,0.99,0.96,5230.0,5070.0,0.9900240041334804,0.9597364628980393,SPXW  250516P05230000,SPXW  250516P05070000,123.5,125.0,78.6,79.8,4505.000000000001,4434.500000000002,4367.000000000002,45.05000000000001,44.34500000000002,43.670000000000016,0.008527835829103882,0.00839438135053522,0.008266605785948204,99/96,0.271815,0.297186,0.47703762093733293,-0.20522262093733296,-0.4302021725961367,5958.3798828125,0.0,4505.000000000001,4434.500000000002,4367.000000000002,0.008527835829103882,0.00839438135053522,0.008266605785948204,0.271815,0.5697978274038633,1.0918833052827979,2023-04-21,2025-03-21,24,-1.9551808945947255,24,short leg,1.1957759040793192,0.3201637651053306,-0.4781513512963863,own-history IV/RV z-score,Fixed 99/96,1.0652245362677686,1.0562172886304668,1.999389042686315,1.0577480266763841,1.0489428007916406,1.985618645787242,1.050823589026602,1.0422080657997004,1.9728699855511072
1M 99/96 short put spread,short_put_spread,2025-05-16,2025-06-20,35,5958.3798828125,0.99,0.96,5900.0,5720.0,0.9902020542562413,0.9599925000585933,SPXW  250620P05900000,SPXW  250620P05720000,79.0,79.6,40.7,41.3,3830.0,3797.000000000001,3767.0,38.3,37.970000000000006,37.67,0.006427921809832889,0.006372537627137202,0.00632218837014112,99/96,0.152874,0.180426,0.18884472534624733,-0.03597072534624732,-0.190477786871171,5967.83984375,0.0,3830.0,3797.000000000001,3767.0,0.006427921809832889,0.006372537627137202,0.00632218837014112,0.152874,0.809522213128829,1.0672778097608528,2023-05-19,2025-04-17,24,-1.0389836005842676,24,short leg,1.149455988482892,0.3271791538989671,-0.2415075009287223,own-history IV/RV z-score,Fixed 99/96,1.0720717162968132,1.0652245362677686,1.7877754645025365,1.0644885657764096,1.0577480266763841,1.7752275744075272,1.057467093700216,1.050823589026602,1.7636062313814536
1M 99/96 short put spread,short_put_spread,2025-06-20,2025-07-18,28,5967.83984375,0.99,0.96,5910.0,5730.0,0.9903080770824347,0.960146409760127,SPXW  250718P05910000,SPXW  250718P05730000,81.0,81.5,44.5,44.8,3660.0,3637.000000000001,3617.0,36.6,36.37000000000001,36.17,0.00613287235553589,0.006094332447290721,0.006060819483599266,99/96,0.177014,0.211357,0.127858204583138,0.04915579541686199,0.3844555425842784,6296.7900390625,0.0,3660.0,3637.000000000001,3617.0,0.00613287235553589,0.006094332447290721,0.006060819483599266,0.177014,1.3844555425842784,1.0672778097608528,2023-06-16,2025-05-16,24,0.7339402218091755,24,short leg,1.1393182709975616,0.3340016861079628,0.2971838540281244,own-history IV/RV z-score,Fixed 99/96,1.0786465952888418,1.0720717162968132,1.7964150251444375,1.0709759129825906,1.0644885657764096,1.783708332741582,1.0638762108649793,1.057467093700216,1.7719428158040806
1M 99/96 short put spread,short_put_spread,2025-07-18,2025-08-15,28,6296.7900390625,0.99,0.96,6235.0,6045.0,0.9901870574246272,0.9600129530283674,SPXW  250815P06235000,SPXW  250815P06045000,63.9,64.4,29.2,29.5,3480.000000000001,3457.000000000001,3437.000000000001,34.80000000000001,34.57000000000001,34.37000000000001,0.005526625436788619,0.005490098889361567,0.005458336674207609,99/96,0.142608,0.173413,0.07780391943511435,0.06480408056488567,0.8329153728422374,6449.7998046875,0.0,3480.000000000001,3457.000000000001,3437.000000000001,0.005526625436788619,0.005490098889361567,0.005458336674207609,0.142608,1.8329153728422374,1.0918833052827979,2023-07-21,2025-06-20,24,2.016866681624327,24,short leg,1.152802882986307,0.33721241768354615,0.6786733197349437,own-history IV/RV z-score,Fixed 99/96,1.0846078709996707,1.0786465952888418,1.7130102617323992,1.0768556766529893,1.0709759129825906,1.7008283686429593,1.0696832054035605,1.0638762108649793,1.6895532553335302
1M 99/96 short put spread,short_put_spread,2025-08-15,2025-09-19,35,6449.7998046875,0.99,0.96,6385.0,6190.0,0.9899532068204031,0.9597197102926069,SPXW  250919P06385000,SPXW  250919P06190000,67.1,67.4,33.3,33.6,3379.9999999999995,3361.9999999999995,3346.999999999998,33.8,33.62,33.469999999999985,0.00524047273148467,0.005212564888535935,0.005189308352745321,99/96,0.130903,0.162637,0.10290173229558128,0.028001267704418714,0.2721165822941265,6664.35986328125,0.0,3379.9999999999995,3361.9999999999995,3346.999999999998,0.00524047273148467,0.005212564888535935,0.005189308352745321,0.130903,1.2721165822941265,1.0918833052827979,2023-08-18,2025-07-18,24,0.26370777777147,24,short leg,1.1760831165139247,0.3641662244161213,0.16506642801416227,own-history IV/RV z-score,Fixed 99/96,1.0902917289719982,1.0846078709996707,1.681614784712254,1.0824688567431313,1.0768556766529893,1.6695955056936287,1.0752341213961525,1.0696832054035605,1.65847505007233
1M 99/96 short put spread,short_put_spread,2025-09-19,2025-10-17,28,6664.35986328125,0.99,0.96,6600.0,6400.0,0.9903426788766533,0.9603322946682699,SPXW  251017P06600000,SPXW  251017P06400000,61.3,61.7,27.8,28.2,3350.0,3327.0,3307.0,33.5,33.27,33.07,0.005026739354904225,0.004992227413064584,0.004962217028856201,99/96,0.13269,0.165985,0.08509393365808247,0.04759606634191753,0.55933559885907,6664.009765625,0.0,3350.0,3327.0,3307.0,0.005026739354904225,0.004992227413064584,0.004962217028856201,0.13269,1.55933559885907,1.0918833052827979,2023-09-15,2025-08-15,24,1.1268220806085891,24,short leg,1.1618195984590451,0.3527761899956106,0.4281156157573103,own-history IV/RV z-score,Fixed 99/96,1.0957723413143483,1.0902917289719982,1.6360036842836163,1.087872787443553,1.0824688567431313,1.6242653142235468,1.0805696664633517,1.0752341213961525,1.6134094548531066
1M 99/96 short put spread,short_put_spread,2025-10-17,2025-11-21,35,6664.009765625,0.99,0.96,6595.0,6395.0,0.9896444080888096,0.9596324472673142,SPXW  251121P06595000,SPXW  251121P06395000,101.7,102.4,60.9,61.4,4090.000000000002,4057.000000000002,4027.000000000002,40.90000000000002,40.57000000000002,40.27000000000002,0.006137445987995804,0.006087926252640337,0.006042908311408094,99/96,0.178675,0.211405,0.12845643693574996,0.050218563064250044,0.39093847114386215,6602.990234375,0.0,4090.000000000002,4057.000000000002,4027.000000000002,0.006137445987995804,0.006087926252640337,0.006042908311408094,0.178675,1.3909384711438622,1.165774426102843,2023-10-20,2025-09-19,24,0.5779041688756299,24,short leg,1.1821427310452683,0.36129820711421184,0.19314546622345907,own-history IV/RV z-score,Fixed 99/96,1.1024975848743048,1.0957723413143483,1.6443138288402235,1.0944956767457636,1.087872787443553,1.632459773776343,1.0870994498818787,1.0805696664633517,1.6215007247397213
1M 99/96 short put spread,short_put_spread,2025-11-21,2025-12-19,28,6602.990234375,0.99,0.96,6535.0,6340.0,0.9897031145039342,0.9601710399318963,SPXW  251219P06535000,SPXW  251219P06340000,107.8,108.8,63.6,64.5,4425.0,4374.500000000001,4327.0,44.25,43.74500000000001,43.27,0.006701509229808583,0.00662502872899382,0.0065530916242670595,99/96,0.20668,0.23852,0.14231923964814291,0.06436076035185709,0.45222810711311245,6834.5,0.0,4425.0,4374.500000000001,4327.0,0.006701509229808583,0.00662502872899382,0.0065530916242670595,0.20668,1.4522281071131125,1.165774426102843,2023-11-17,2025-10-17,24,0.7737186327230623,24,short leg,1.1763494509144923,0.3565619910531037,0.24571964746891672,own-history IV/RV z-score,Fixed 99/96,1.1098859826151817,1.1024975848743048,1.6696944047179265,1.1017467420479639,1.0944956767457636,1.6575757920219947,1.094223312181645,1.0870994498818787,1.6463744626222019
1M 99/96 short put spread,short_put_spread,2025-12-19,2026-01-16,28,6834.5,0.99,0.96,6765.0,6560.0,0.9898310044626527,0.959836125539542,SPXW  260116P06765000,SPXW  260116P06560000,58.7,59.2,25.7,26.0,3310.0,3287.0,3267.0,33.1,32.87,32.67,0.004843075572463238,0.004809422781476333,0.004780159484965981,99/96,0.129486,0.161665,0.12316769468173602,0.006318305318263967,0.051298397153493935,6940.009765625,0.0,3310.0,3287.0,3267.0,0.004843075572463238,0.004809422781476333,0.004780159484965981,0.129486,1.051298397153494,1.2457396203619637,2023-12-15,2025-11-21,24,-0.4367491663619206,24,short leg,1.2043503865382024,0.3504345312427659,-0.15608496352710743,own-history IV/RV z-score,Fixed 99/96,1.1152612443058048,1.1098859826151817,1.6239461300975664,1.1070455079285866,1.1017467420479639,1.6120370795931873,1.099453874126041,1.094223312181645,1.6010290616455407
1M 99/96 short put spread,short_put_spread,2026-01-16,2026-02-20,35,6940.009765625,0.99,0.96,6870.0,6660.0,0.9899121517131331,0.9596528282983211,SPXW  260220P06870000,SPXW  260220P06660000,77.8,78.2,39.5,39.8,3835.0,3814.5000000000014,3797.0000000000005,38.35,38.14500000000001,37.970000000000006,0.005525928823609702,0.005496389960276197,0.005471173857430519,99/96,0.138389,0.169386,0.08500857998827482,0.05338042001172519,0.6279415562415924,6909.509765625,0.0,3835.0,3814.5000000000014,3797.0000000000005,0.005525928823609702,0.005496389960276197,0.005471173857430519,0.138389,1.6279415562415924,1.165774426102843,2024-01-19,2025-12-19,24,1.300587907773138,24,short leg,1.1824795027104553,0.3425082232956138,0.3964464477778633,own-history IV/RV z-score,Fixed 99/96,1.121424098561569,1.1152612443058048,1.6070024134978536,1.1131302617439343,1.1070455079285866,1.5951641933012306,1.10546917741961,1.099453874126041,1.58422525508799
1M 99/96 short put spread,short_put_spread,2026-02-20,2026-03-20,28,6909.509765625,0.99,0.96,6840.0,6635.0,0.9899399859059737,0.9602707319424174,SPXW  260320P06840000,SPXW  260320P06635000,89.6,90.1,49.6,50.1,4000.0,3972.0,3947.0,40.0,39.72,39.47,0.005789122724596338,0.005748598865524163,0.005712416848495436,99/96,0.170161,0.205896,0.11883316462118158,0.05132783537881842,0.4319319067403631,6506.47998046875,-20500.0,-16500.0,-16528.0,-16553.0,-0.023880131238959892,-0.023920655098032064,-0.023956837115060792,0.170161,1.431931906740363,1.2457396203619637,2024-02-16,2026-01-16,24,0.6396405911572113,24,short leg,1.206019767440022,0.35318605858272734,0.14946324523603027,own-history IV/RV z-score,Fixed 99/96,1.0946443439133864,1.121424098561569,1.6230154332231856,1.0865034566735754,1.1131302617439343,1.6110119234244198,1.078985632400448,1.10546917741961,1.599924184085171
1M 99/96 short put spread,short_put_spread,2026-03-20,2026-04-17,28,6506.47998046875,0.99,0.96,6440.0,6245.0,0.989782496731211,0.9598123745475795,SPXW  260417P06440000,SPXW  260417P06245000,127.5,128.8,77.3,78.4,5030.000000000001,4967.0,4906.999999999999,50.30000000000001,49.67,49.06999999999999,0.007730754594034149,0.007633928045440877,0.007541712284875856,99/96,0.243755,0.270405,0.13417735976579712,0.10957764023420288,0.8166626651878353,7126.06005859375,0.0,5030.000000000001,4967.0,4906.999999999999,0.007730754594034149,0.007633928045440877,0.007541712284875856,0.243755,1.8166626651878353,1.2849265546429738,2024-03-15,2026-02-20,24,1.6776266403043076,24,short leg,1.222991269484018,0.3538757560479191,0.4138260732673613,own-history IV/RV z-score,Fixed 99/96,1.1031067707039284,1.0946443439133864,1.6823910120361645,1.0947977458829443,1.0865034566735754,1.6698790435612771,1.087123031599527,1.078985632400448,1.6583246788422674
1M 99/96 short put spread,short_put_spread,2026-04-17,2026-05-15,28,7126.06005859375,0.99,0.96,7055.0,6840.0,0.9900281420575379,0.9598571922995832,SPXW  260515P07055000,SPXW  260515P06840000,79.3,80.0,37.0,37.6,4235.000000000002,4199.500000000002,4167.000000000002,42.350000000000016,41.99500000000002,41.670000000000016,0.0059429754523227145,0.0058931583027223705,0.005847551053088253,99/96,0.152383,0.181502,0.1875932767303727,-0.03521027673037272,-0.1876947689387629,7408.5,0.0,4235.000000000002,4199.500000000002,4167.000000000002,0.0059429754523227145,0.0058931583027223705,0.005847551053088253,0.152383,0.8123052310612371,1.3410960347880496,2024-04-19,2026-03-20,24,-1.1797726854104629,24,short leg,1.2523444557928494,0.3729864491467822,-0.39429749250610824,own-history IV/RV z-score,Fixed 99/96,1.109662507163513,1.1031067707039284,1.5479897189101355,1.1012495623088963,1.0947977458829443,1.536329664472391,1.0934800390277932,1.087123031599527,1.5255597380048729
1M 99/96 short put spread,short_put_spread,2026-05-15,2026-06-18,34,7408.5,0.99,0.96,7335.0,7110.0,0.9900789633529055,0.9597084430046569,SPXW  260618P07335000,SPXW  260618P07110000,107.1,107.8,56.2,56.8,5094.999999999998,5059.5,5027.0,50.94999999999998,50.595,50.27,0.006877235607747854,0.006829317675642843,0.006785449146250928,99/96,0.16285,0.190056,0.11373466510524415,0.04911533489475585,0.4318413814232194,7500.580078125,0.0,5094.999999999998,5059.5,5027.0,0.006877235607747854,0.006829317675642843,0.006785449146250928,0.16285,1.4318413814232194,1.2849265546429738,2024-05-17,2026-04-17,24,0.5604652387793266,24,short leg,1.2206351912481113,0.37684083786374994,0.11433713954263092,own-history IV/RV z-score,Fixed 99/96,1.1172939176703605,1.109662507163513,1.4978234557110253,1.1087703454100664,1.1012495623088963,1.4864676551378773,1.1008997922250567,1.0934800390277932,1.475980345586547
1M 99/96 short put spread,short_put_spread,2026-06-18,2026-07-17,29,7500.580078125,0.99,0.96,7425.0,7200.0,0.9899234356092771,0.9599257557423293,SPXW  260717P07425000,SPXW  260717P07200000,77.1,77.6,35.8,36.2,4134.999999999999,4109.499999999999,4086.9999999999986,41.349999999999994,41.09499999999999,40.86999999999998,0.005512906944436849,0.005478909573920974,0.005448911894054026,99/96,0.147555,0.17626,0.1644843782530378,-0.016929378253037808,-0.10292392768749237,7457.68994140625,0.0,4134.999999999999,4109.499999999999,4086.9999999999986,0.005512906944436849,0.005478909573920974,0.005448911894054026,0.147555,0.8970760723125076,1.3410960347880496,2024-06-21,2026-05-15,24,-0.9226530940581702,24,short leg,1.241839759190975,0.37366556195250894,-0.3310873725353428,own-history IV/RV z-score,Fixed 99/96,1.1234534550680624,1.1172939176703605,1.489610011536151,1.1148451978708132,1.1087703454100664,1.4782461274478353,1.1068984981970733,1.1008997922250567,1.4677528681225152
1M 99/96 short put spread,short_put_spread,2026-07-17,2026-08-21,35,7457.68994140625,0.99,0.96,7385.0,7160.0,0.9902530217832383,0.960082821390384,SPXW  260821P07385000,SPXW  260821P07160000,108.0,108.6,60.0,60.6,4800.0,4767.0,4737.000000000001,48.0,47.67,47.37000000000001,0.0064363094171422395,0.006392059789899386,0.006351832856042248,99/96,0.161049,0.192017,0.11630524664665977,0.04474375335334023,0.38470967255048816,7674.3701171875,0.0,4800.0,4767.0,4737.000000000001,0.0064363094171422395,0.006392059789899386,0.006351832856042248,0.161049,1.3847096725504882,1.2849265546429738,2024-07-19,2026-06-18,24,0.4351164116135751,24,short leg,1.2201841946451337,0.37811830010095954,0.07765667037307034,own-history IV/RV z-score,Fixed 99/96,1.130684349120638,1.1234534550680624,1.5064362609532405,1.1219713550320856,1.1148451978708132,1.4948934678566077,1.1139293324462254,1.1068984981970733,1.4842377557846718
1M 99/96 short put spread,short_put_spread,2026-08-21,2026-09-18,28,7674.3701171875,0.99,0.96,7600.0,7365.0,0.9903092871399386,0.9596878815507431,SPXW  260918P07600000,SPXW  260918P07365000,71.6,72.0,30.5,30.8,4115.0,4094.499999999999,4076.9999999999995,41.15,40.94499999999999,40.769999999999996,0.005362003574448483,0.005335291284466418,0.005312488110091486,99/96,0.132184,0.16335,0.1288172437050172,0.0033667562949827867,0.026135913159983648,7650.5,0.0,4115.0,4094.499999999999,4076.9999999999995,0.005362003574448483,0.005335291284466418,0.005312488110091486,0.132184,1.0261359131599836,1.2849265546429738,2024-08-16,2026-07-17,24,-0.5028059868373205,24,short leg,1.214303853364832,0.3742356796275158,-0.20140500680593143,own-history IV/RV z-score,Fixed 99/96,1.1367470826421957,1.130684349120638,1.4733252786288742,1.1279573990240093,1.1219713550320856,1.4619719115700733,1.1198470687803281,1.1139293324462254,1.4514928462356436
1M 101/98 short put spread,short_put_spread,2019-11-15,2019-12-20,35,3120.4599609375,1.01,0.98,3150.0,3060.0,1.009466565644901,0.9806246637693324,SPXW  191220P03150000,SPXW  191220P03060000,53.7,55.1,23.1,23.7,3100.000000000001,3047.0000000000005,2997.0000000000005,31.00000000000001,30.470000000000006,29.970000000000006,0.00993443286825141,0.009764586112761948,0.009604353324564345,101/98,0.094133,0.122995,0.058103313587985046,0.03602968641201495,0.6200969305727408,3221.219970703125,0.0,3100.000000000001,3047.0000000000005,2997.0000000000005,0.00993443286825141,0.009764586112761948,0.009604353324564345,0.094133,1.6200969305727408,0.9728197948144831,2016-10-21,2019-10-18,36,2.087746724116168,36,short leg,1.0102432728283277,0.29211093984716474,0.6653618061726361,own-history IV/RV z-score,Dynamic: 36-month IV/RV z-score,1.0099344328682514,1.0,3.2046557639520667,1.009764586112762,1.0,3.2046557639520667,1.0096043533245644,1.0,3.2046557639520667
1M 98/95 short put spread,short_put_spread,2019-12-20,2020-01-17,28,3221.219970703125,0.98,0.95,3155.0,3060.0,0.9794425803560783,0.9499506484594611,SPXW  200117P03155000,SPXW  200117P03060000,16.0,16.3,8.0,8.3,799.9999999999998,781.9999999999999,766.9999999999997,7.999999999999997,7.8199999999999985,7.669999999999996,0.002483531107083558,0.002427651657174178,0.0023810854489163605,98/95,0.12049,0.161079,0.07726082182080321,0.04322917817919679,0.559522629457158,3329.6201171875,0.0,799.9999999999998,781.9999999999999,766.9999999999997,0.002483531107083558,0.002427651657174178,0.0023810854489163605,0.12049,1.559522629457158,1.2557702044399566,2016-12-16,2019-11-15,36,0.3749260526513797,36,short leg,1.3827076198160466,0.4715996885004965,0.24188535764205987,own-history IV/RV z-score,Dynamic: 36-month IV/RV z-score,1.0124426364483945,1.0099344328682514,3.1352544751788676,1.0122159427835944,1.009764586112762,3.134727200552999,1.0120083075594282,1.0096043533245644,3.1342297716606695
1M 102/99 short put spread,short_put_spread,2020-01-17,2020-02-21,35,3329.6201171875,1.02,0.99,3395.0,3295.0,1.0196358384774915,0.9896023822631324,SPXW  200221P03395000,SPXW  200221P03295000,78.2,83.0,30.4,30.8,4999.999999999999,4866.999999999998,4736.999999999998,49.99999999999999,48.66999999999998,47.36999999999998,0.015016728107179548,0.01461728313952857,0.0142268482087419,102/99,0.08571,0.108047,0.06963264619328462,0.016077353806715378,0.23088816360774578,3337.75,-5725.0,-725.0000000000009,-858.0000000000018,-988.0000000000018,-0.0021774255755410378,-0.0025768705431920163,-0.002967305473978685,0.08571,1.2308881636077458,0.9272786397748902,2017-01-20,2019-12-20,36,0.922520908957768,36,short leg,0.9614552679246207,0.2920615598702484,0.3274199478018398,own-history IV/RV z-score,Dynamic: 36-month IV/RV z-score,1.0102381179580235,1.0124426364483945,3.0407151591323145,1.0096075933372861,1.0122159427835944,3.04003431970673,1.0090053697686951,1.0120083075594282,3.0394107193653745
1M 100/97 short put spread,short_put_spread,2020-02-21,2020-03-20,28,3337.75,1.0,0.97,3340.0,3240.0,1.0006741068084788,0.9707138042094225,SPXW  200320P03340000,SPXW  200320P03240000,52.6,53.3,27.2,27.6,2555.0,2524.500000000001,2497.000000000001,25.55,25.245000000000008,24.97000000000001,0.007654857314058872,0.007563478391131753,0.007481087558984348,100/97,0.14269,0.180078,0.13555104714294353,0.007138952857056485,0.05266615793479046,2304.919921875,-10000.0,-7445.0,-7475.499999999999,-7502.999999999999,-0.02230544528499738,-0.022396824207924496,-0.0224792150400719,0.14269,1.0526661579347905,1.0665859438059513,2017-02-17,2020-01-17,36,-0.20769607042681887,36,short leg,1.1244548061880808,0.3456427851801119,-0.013050786907513712,own-history IV/RV z-score,Dynamic: 36-month IV/RV z-score,0.9877043068930922,1.0102381179580235,3.026703971112347,0.9869955895503252,1.0096075933372861,3.024814900269002,0.9863237210850774,1.0090053697686951,3.023010620234275
1M 103/100 short put spread,short_put_spread,2020-03-20,2020-04-17,28,2304.919921875,1.03,1.0,2375.0,2305.0,1.0304045608959775,1.0000347422590434,SPXW  200417P02375000,SPXW  200417P02305000,184.5,191.5,153.7,157.7,3230.000000000002,2952.000000000002,2677.000000000002,32.30000000000002,29.520000000000017,26.770000000000017,0.014013502028185302,0.012807386373747062,0.011614286355867509,103/100,0.559583,0.59255,0.8348738695538477,-0.27529086955384763,-0.32973947274330395,2874.56005859375,0.0,3230.000000000002,2952.000000000002,2677.000000000002,0.014013502028185302,0.012807386373747062,0.011614286355867509,0.559583,0.670260527256696,0.8469133511665655,2017-03-17,2020-02-21,36,-0.7927377523351972,36,short leg,0.9200947931969995,0.31515373804812163,-0.20858429456395067,own-history IV/RV z-score,Dynamic: 36-month IV/RV z-score,1.001545503200986,0.9877043068930922,4.285200095323126,0.9996364234148805,0.9869955895503252,4.2821252928710285,0.9977791672213442,0.9863237210850774,4.279210360951392
1M 103/100 short put spread,short_put_spread,2020-04-17,2020-05-15,28,2874.56005859375,1.03,1.0,2960.0,2875.0,1.0297227887623428,1.0001530465174784,SPXW  200515P02960000,SPXW  200515P02875000,144.7,146.8,105.8,107.0,3935.0,3849.5,3766.999999999998,39.35,38.495,37.66999999999998,0.01368905126276966,0.013391614443718374,0.013104614004282918,103/100,0.300433,0.333707,0.5894801972737838,-0.28904719727378375,-0.4903425061784322,2863.699951171875,-8500.0,-4565.0,-4650.5,-4733.000000000002,-0.015880690982094915,-0.016178127801146202,-0.016465128240581658,0.300433,0.5096574938215678,0.8469133511665655,2017-04-21,2020-03-20,36,-1.3017867088031934,36,short leg,0.9200099370069569,0.31522248645682477,-0.3982176652197663,own-history IV/RV z-score,Dynamic: 36-month IV/RV z-score,0.9856402685601443,1.001545503200986,3.4841696913125104,0.9834641776021937,0.9996364234148805,3.477528397524273,0.981350605277264,0.9977791672213442,3.4710673872977384
1M 102/99 short put spread,short_put_spread,2020-05-15,2020-06-19,35,2863.699951171875,1.02,0.99,2920.0,2835.0,1.0196598979600102,0.9899780173687085,SPXW  200619P02920000,SPXW  200619P02835000,130.0,131.5,94.0,95.0,3625.0,3559.5,3497.0,36.25,35.595,34.97,0.012658449075702181,0.012429723995851561,0.012211474873856697,102/99,0.250688,0.285552,0.2733208874610599,-0.022632887461059903,-0.08280701731690521,3097.739990234375,0.0,3625.0,3559.5,3497.0,0.012658449075702181,0.012429723995851561,0.012211474873856697,0.250688,0.9171929826830948,0.8615342906122305,2017-05-19,2020-04-17,36,0.021620666661809184,36,short leg,0.911161311710321,0.2789771040422245,0.06460415177591083,own-history IV/RV z-score,Dynamic: 36-month IV/RV z-score,0.9981169457066744,0.9856402685601443,3.441841971456554,0.9956883658895961,0.9834641776021937,3.434243092401295,0.9933343435360513,0.981350605277264,3.426862527534278
1M 102/99 short put spread,short_put_spread,2020-06-19,2020-07-17,28,3097.739990234375,1.02,0.99,3160.0,3065.0,1.0200985266555294,0.989431007657974,SPXW  200717P03160000,SPXW  200717P03065000,141.6,143.4,98.8,100.2,4300.0,4217.000000000002,4137.0,43.0,42.170000000000016,41.37,0.013881087546261951,0.013613150275020157,0.013354897483461789,102/99,0.259977,0.298943,0.2677381591763992,-0.0077611591763991905,-0.0289878708372151,3224.72998046875,0.0,4300.0,4217.000000000002,4137.0,0.013881087546261951,0.013613150275020157,0.013354897483461789,0.259977,0.9710121291627849,0.8939845015240275,2017-06-16,2020-05-15,36,0.2028160698492972,36,short leg,0.9145772965014134,0.2782562185693939,0.08616215102996061,own-history IV/RV z-score,Dynamic: 36-month IV/RV z-score,1.0119718944114364,0.9981169457066744,3.222081094130682,1.0092428212415403,0.9956883658895961,3.2142412501646476,1.0066002218607772,0.9933343435360513,3.206642089612226
1M 102/99 short put spread,short_put_spread,2020-07-17,2020-08-21,35,3224.72998046875,1.02,0.99,3290.0,3190.0,1.0202404604188788,0.9892301120778796,SPXW  200821P03290000,SPXW  200821P03190000,118.4,119.4,74.3,75.0,4424.999999999999,4379.5,4337.0,44.24999999999999,43.795,43.37,0.013722079140892214,0.013580982055940669,0.013449188075491423,102/99,0.193752,0.222604,0.189345690691771,0.004406309308228995,0.023271241569484014,3397.159912109375,0.0,4424.999999999999,4379.5,4337.0,0.013722079140892214,0.013580982055940669,0.013449188075491423,0.193752,1.023271241569484,0.8939845015240275,2017-07-21,2020-06-19,36,0.42780366399799535,36,short leg,0.9067498417725454,0.27237120577229246,0.14461854744131908,own-history IV/RV z-score,Dynamic: 36-month IV/RV z-score,1.025858252834909,1.0119718944114364,3.1381600956999667,1.0229493298869086,1.0092428212415403,3.129697144735311,1.0201381775614142,1.0066002218607772,3.1215023520029943
1M 101/98 short put spread,short_put_spread,2020-08-21,2020-09-18,28,3397.159912109375,1.01,0.98,3430.0,3330.0,1.0096669243545364,0.9802305708748124,SPXW  200918P03430000,SPXW  200918P03330000,78.9,79.4,44.0,44.5,3490.000000000001,3462.000000000001,3437.000000000001,34.900000000000006,34.62000000000001,34.37000000000001,0.010273287364423712,0.010190865574680484,0.010117274690981174,101/98,0.155268,0.191725,0.09525106914940115,0.06001693085059884,0.6300919389835129,3319.469970703125,-10000.0,-6509.999999999999,-6537.999999999999,-6562.999999999999,-0.019163066115300383,-0.01924548790504361,-0.01931907878874292,0.155268,1.630091938983513,0.9586914831468281,2017-08-18,2020-07-17,36,2.4258185577491402,36,short leg,0.966766584008195,0.273443927970772,0.7003300515749515,own-history IV/RV z-score,Dynamic: 36-month IV/RV z-score,1.0061996633109072,1.025858252834909,3.0197526150540552,1.0032621709310976,1.0229493298869086,3.011189806639793,1.0004300477337007,1.0201381775614142,3.002914799285933
1M 102/99 short put spread,short_put_spread,2020-09-18,2020-10-16,28,3319.469970703125,1.02,0.99,3385.0,3285.0,1.0197411122484095,0.9896158208969056,SPXW  201016P03385000,SPXW  201016P03285000,107.8,109.0,64.8,65.4,4330.000000000001,4282.0,4237.000000000001,43.30000000000001,42.82,42.37000000000001,0.013044251155201223,0.012899649756714001,0.012764085945632237,102/99,0.201911,0.229368,0.21787787236911788,-0.015966872369117868,-0.07328358862467499,3483.81005859375,0.0,4330.000000000001,4282.0,4237.000000000001,0.013044251155201223,0.012899649756714001,0.012764085945632237,0.201911,0.926716411375325,0.9108018943487984,2017-09-15,2020-08-21,36,-0.009536640907483898,36,short leg,0.9294874447323467,0.2905670229071008,0.017473082923158634,own-history IV/RV z-score,Dynamic: 36-month IV/RV z-score,1.0193247844314135,1.0061996633109072,3.031205801502628,1.0162039015502693,1.0032621709310976,3.0223565201241693,1.0131996228455666,1.0004300477337007,3.013824666477676
1M 102/99 short put spread,short_put_spread,2020-10-16,2020-11-20,35,3483.81005859375,1.02,0.99,3555.0,3450.0,1.0204345071082854,0.9902950912865216,SPXW  201120P03555000,SPXW  201120P03450000,137.7,150.3,93.9,101.1,4650.0,4152.0,3656.999999999998,46.5,41.52,36.56999999999998,0.01334745557820964,0.011917986142091703,0.010497127967637125,102/99,0.214694,0.247052,0.19161848739510465,0.02307551260489535,0.1204242498653858,3557.5400390625,0.0,4650.0,4152.0,3656.999999999998,0.01334745557820964,0.011917986142091703,0.010497127967637125,0.214694,1.1204242498653858,0.9192482957980761,2017-10-20,2020-09-18,36,0.6386594735639275,36,short leg,0.9378585217406934,0.2858576998880425,0.2188483296481416,own-history IV/RV z-score,Dynamic: 36-month IV/RV z-score,1.0329301767113799,1.0193247844314135,2.925890812896002,1.028315005566485,1.0162039015502693,2.916932566525923,1.0238353089433383,1.0131996228455666,2.9083090231806366
1M 103/100 short put spread,short_put_spread,2020-11-20,2020-12-18,28,3557.5400390625,1.03,1.0,3665.0,3560.0,1.030206254815847,1.0006914780748746,SPXW  201218P03665000,SPXW  201218P03560000,142.4,145.2,83.2,84.0,6020.000000000002,5927.000000000002,5837.000000000004,60.20000000000002,59.27000000000002,58.37000000000003,0.01692180533149086,0.01666038873749939,0.01640740493686249,103/100,0.190467,0.20539,0.22515666388504263,-0.03468966388504263,-0.15406900815848823,3709.409912109375,0.0,6020.000000000002,5927.000000000002,5837.000000000004,0.01692180533149086,0.01666038873749939,0.01640740493686249,0.190467,0.8459309918415118,0.8795203907489182,2017-11-17,2020-10-16,36,-0.17088759766029385,36,short leg,0.888747968685381,0.25055637407335285,-0.038190585756408435,own-history IV/RV z-score,Dynamic: 36-month IV/RV z-score,1.0504092200827122,1.0329301767113799,2.9034955766332926,1.0454471333038264,1.028315005566485,2.8905226484463444,1.0406337894458295,1.0238353089433383,2.877930529808301
1M 101/98 short put spread,short_put_spread,2020-12-18,2021-01-15,28,3709.409912109375,1.01,0.98,3745.0,3635.0,1.009594541647835,0.9799402293430921,SPXW  210115P03745000,SPXW  210115P03635000,80.1,81.3,44.8,45.5,3554.999999999999,3504.499999999999,3456.999999999999,35.54999999999999,35.04499999999999,34.56999999999999,0.009583734567578243,0.009447594315633741,0.009319541603408716,101/98,0.157643,0.194611,0.10235516916440954,0.05528783083559047,0.5401567042186561,3768.25,0.0,3554.999999999999,3504.499999999999,3456.999999999999,0.009583734567578243,0.009447594315633741,0.009319541603408716,0.157643,1.5401567042186561,0.9586914831468281,2017-12-15,2020-11-20,36,2.1911491872153674,36,short leg,0.9652178060537493,0.2623914891416274,0.6065196481804709,own-history IV/RV z-score,Dynamic: 36-month IV/RV z-score,1.0604760632353218,1.0504092200827122,2.8317420963740068,1.0553240936977233,1.0454471333038264,2.8183650717354327,1.0503320193404828,1.0406337894458295,2.8053890351904185
1M 102/99 short put spread,short_put_spread,2021-01-15,2021-02-19,35,3768.25,1.02,0.99,3845.0,3730.0,1.020367544616201,0.9898493995886685,SPXW  210219P03845000,SPXW  210219P03730000,130.2,133.1,81.3,82.2,4989.999999999998,4891.999999999998,4796.999999999998,49.899999999999984,48.91999999999998,47.969999999999985,0.013242221190207652,0.012982153519538242,0.012730047104093407,102/99,0.184684,0.213706,0.10357143178064089,0.0811125682193591,0.7831558068169941,3906.7099609375,0.0,4989.999999999998,4891.999999999998,4796.999999999998,0.013242221190207652,0.012982153519538242,0.012730047104093407,0.184684,1.7831558068169941,0.9108018943487984,2018-01-19,2020-12-18,36,3.2775833201705598,36,short leg,0.9263592109347597,0.2614110801118088,0.9577866689571477,own-history IV/RV z-score,Dynamic: 36-month IV/RV z-score,1.0745191218316046,1.0604760632353218,2.8142401996558664,1.0690244730949747,1.0553240936977233,2.8005681515231826,1.0637027954216247,1.0503320193404828,2.7873204255038355
1M 102/99 short put spread,short_put_spread,2021-02-19,2021-03-19,28,3906.7099609375,1.02,0.99,3985.0,3870.0,1.0200398903029169,0.9906033564547775,SPXW  210319P03985000,SPXW  210319P03870000,115.2,116.0,64.0,64.5,5135.0,5099.5,5066.999999999998,51.35,50.995,50.66999999999998,0.013144052287843107,0.013053182987703199,0.012969992783349756,102/99,0.153216,0.185577,0.15186756728512862,0.001348432714871367,0.008879003851689493,3913.10009765625,-7189.990234375,-2054.990234375,-2090.490234375,-2122.990234375002,-0.005260155616676136,-0.005351024916816045,-0.005434215121169487,0.153216,1.0088790038516895,0.9108018943487984,2018-02-16,2021-01-15,36,0.22716948395684464,36,short leg,0.942024906246925,0.29429171753308525,0.1076821536180641,own-history IV/RV z-score,Dynamic: 36-month IV/RV z-score,1.068866984037676,1.0745191218316046,2.7504450869799157,1.0633040965027574,1.0690244730949747,2.7363804423260514,1.0579224056063143,1.0637027954216247,2.722758551459925
1M 103/100 short put spread,short_put_spread,2021-03-19,2021-04-16,28,3913.10009765625,1.03,1.0,4030.0,3915.0,1.0298739872291454,1.0004855235737231,SPXW  210416P04030000,SPXW  210416P03915000,141.7,143.0,74.4,75.1,6760.0,6706.999999999998,6656.999999999999,67.6,67.06999999999998,66.57,0.017275305592230825,0.017139863107558002,0.017012087178621387,103/100,0.146411,0.165461,0.18860622412244157,-0.04219522412244156,-0.22372127069915138,4185.47021484375,0.0,6760.0,6706.999999999998,6656.999999999999,0.017275305592230825,0.017139863107558002,0.017012087178621387,0.146411,0.7762787293008486,0.8795203907489182,2018-03-16,2021-02-19,36,-0.5096078002063219,36,short leg,0.9192202865739875,0.2804932679901425,-0.11738404536608704,own-history IV/RV z-score,Dynamic: 36-month IV/RV z-score,1.087331987824373,1.068866984037676,2.731509435901917,1.0815289831585204,1.0633040965027574,2.7172933734550337,1.075919873798706,1.0579224056063143,2.7035403623841785
1M 103/100 short put spread,short_put_spread,2021-04-16,2021-05-21,35,4185.47021484375,1.03,1.0,4310.0,4185.0,1.0297528781150098,0.9998876554318599,SPXW  210521P04310000,SPXW  210521P04185000,147.8,148.9,71.1,71.5,7705.000000000002,7664.500000000001,7627.000000000002,77.05000000000001,76.64500000000001,76.27000000000002,0.018408923261893625,0.018312159940400217,0.01822256427235077,103/100,0.121334,0.1335,0.12012026379867413,0.0012137362013258657,0.010104341789992421,4155.85986328125,-12500.0,-4794.999999999998,-4835.499999999999,-4872.999999999998,-0.01145629942125631,-0.011553062742749719,-0.011642658410799167,0.121334,1.0101043417899924,0.8795203907489182,2018-04-20,2021-03-19,36,0.3161113924039528,36,short leg,0.922092457970654,0.2784204743461751,0.1484717721324016,own-history IV/RV z-score,Dynamic: 36-month IV/RV z-score,1.0748751870015472,1.087331987824373,2.5978729557509577,1.0690340109579877,1.0815289831585204,2.5840083136247944,1.0633933062306775,1.075919873798706,2.5706069296179943
1M 98/95 short put spread,short_put_spread,2021-05-21,2021-06-18,28,4155.85986328125,0.98,0.95,4075.0,3950.0,0.9805431689370278,0.9504651576199411,SPXW  210618P04075000,SPXW  210618P03950000,48.2,48.7,28.2,28.7,2000.0,1972.0,1947.0,20.0,19.72,19.47,0.004812481810733879,0.004745107065383605,0.004684951042749431,98/95,0.178529,0.219112,0.14231869690226887,0.03621030309773113,0.2544311034733333,4166.4501953125,0.0,2000.0,1972.0,1947.0,0.004812481810733879,0.004745107065383605,0.004684951042749431,0.178529,1.2544311034733333,1.2003989565665913,2018-05-18,2021-04-16,36,-0.06227221410168243,36,short leg,1.278057642661745,0.37940740552170754,0.045011824286557145,own-history IV/RV z-score,Dynamic: 36-month IV/RV z-score,1.0800480042878011,1.0748751870015472,2.586408643127061,1.0741066917965199,1.0690340109579877,2.572353366395599,1.0683752518095555,1.0633933062306775,2.5587804719456484
1M 99/96 short put spread,short_put_spread,2021-06-18,2021-07-16,28,4166.4501953125,0.99,0.96,4125.0,4000.0,0.9900514362660248,0.9600498775912968,SPXW  210716P04125000,SPXW  210716P04000000,61.1,61.9,34.6,35.1,2665.0,2629.5,2597.0,26.65,26.295,25.97,0.006396332309452015,0.006311127882815787,0.006233123830261494,99/96,0.172228,0.2102,0.08283457802441589,0.0893934219755841,1.0791800249074122,4327.16015625,0.0,2665.0,2629.5,2597.0,0.006396332309452015,0.006311127882815787,0.006233123830261494,0.172228,2.079180024907412,1.154669039166896,2018-06-15,2021-05-21,36,2.5753599016459234,36,short leg,1.1920971989629399,0.3444500418669771,0.8006718413507989,own-history IV/RV z-score,Dynamic: 36-month IV/RV z-score,1.0869563502333863,1.0800480042878011,2.59224988577307,1.080885516488236,1.0741066917965199,2.577989994948104,1.0750345670512713,1.0683752518095555,2.5642338243033365
1M 98/95 short put spread,short_put_spread,2021-07-16,2021-08-20,35,4327.16015625,0.98,0.95,4240.0,4110.0,0.9798574230898043,0.9498146247403527,SPXW  210820P04240000,SPXW  210820P04110000,54.3,54.8,32.1,32.6,2220.0,2192.0,2167.0,22.2,21.92,21.67,0.005130385564290956,0.005065677998615215,0.005007903386404731,98/95,0.169994,0.20473,0.10112589254863172,0.06886810745136829,0.6810135932125339,4441.669921875,0.0,2220.0,2192.0,2167.0,0.005130385564290956,0.005065677998615215,0.005007903386404731,0.169994,1.6810135932125339,1.2286316304497122,2018-07-20,2021-06-18,36,0.9063470855662219,36,short leg,1.3076411480496202,0.4119530487921819,0.3681998343126147,own-history IV/RV z-score,Dynamic: 36-month IV/RV z-score,1.0925328554016382,1.0869563502333863,2.511939264978266,1.0863609344681322,1.080885516488236,2.497909662361451,1.0804182363001096,1.0750345670512713,2.484388208970099
1M 98/95 short put spread,short_put_spread,2021-08-20,2021-09-17,28,4441.669921875,0.98,0.95,4355.0,4220.0,0.9804870862987466,0.9500931123262252,SPXW  210917P04355000,SPXW  210917P04220000,44.3,44.9,25.9,26.4,1844.999999999999,1814.5,1787.0,18.449999999999992,18.145,17.87,0.004153843109577926,0.0040851752424548235,0.004023261591770058,98/95,0.16252,0.207227,0.08386506029187885,0.07865493970812115,0.9378749557250099,4432.990234375,0.0,1844.999999999999,1814.5,1787.0,0.004153843109577926,0.0040851752424548235,0.004023261591770058,0.16252,1.93787495572501,1.2357160158532574,2018-08-17,2021-07-16,36,1.4813509390325388,36,short leg,1.3218446851639225,0.4158570763545153,0.5682203118383267,own-history IV/RV z-score,Dynamic: 36-month IV/RV z-score,1.097071065475036,1.0925328554016382,2.459734457126067,1.0907989092619916,1.0863609344681322,2.445838960517664,1.084765041493264,1.0804182363001096,2.4324595372994837
1M 99/96 short put spread,short_put_spread,2021-09-17,2021-10-15,28,4432.990234375,0.99,0.96,4390.0,4255.0,0.990302204132633,0.9598487194952969,SPXW  211015P04390000,SPXW  211015P04255000,65.8,66.4,38.6,39.2,2719.9999999999986,2686.9999999999986,2656.9999999999977,27.199999999999985,26.869999999999987,26.56999999999998,0.00613581320100401,0.0060613713496683,0.005993696939363106,99/96,0.174623,0.217044,0.08508592149584869,0.08953707850415131,1.0523136722274296,4471.3701171875,0.0,2719.9999999999986,2686.9999999999986,2656.9999999999977,0.00613581320100401,0.0060613713496683,0.005993696939363106,0.174623,2.0523136722274296,1.156961572418057,2018-09-21,2021-08-20,36,2.079499785202697,36,short leg,1.2454086444836312,0.3880284256269573,0.7738823148102325,own-history IV/RV z-score,Dynamic: 36-month IV/RV z-score,1.1038024886010174,1.097071065475036,2.4747879139637,1.0974106465188416,1.0907989092619916,2.4606390981950397,1.0912667944023902,1.084765041493264,2.4470278167581014
1M 98/95 short put spread,short_put_spread,2021-10-15,2021-11-19,35,4471.3701171875,0.98,0.95,4380.0,4250.0,0.9795655213518822,0.9504916588460044,SPXW  211119P04380000,SPXW  211119P04250000,46.4,46.9,26.9,27.3,1955.0,1929.4999999999995,1906.9999999999995,19.55,19.294999999999995,19.069999999999997,0.00437226163069162,0.004315232131160859,0.004264911984516071,98/95,0.151845,0.186577,0.16221274243274908,-0.010367742432749072,-0.0639144759977619,4697.9599609375,0.0,1955.0,1929.4999999999995,1906.9999999999995,0.00437226163069162,0.004315232131160859,0.004264911984516071,0.151845,0.9360855240022381,1.2357160158532574,2018-10-19,2021-09-17,36,-0.9234641076237754,36,short leg,1.3509244959574171,0.4492204607958481,-0.24247520304584347,own-history IV/RV z-score,Dynamic: 36-month IV/RV z-score,1.1086286018697895,1.1038024886010174,2.468600137479362,1.1021462282017775,1.0974106465188416,2.454305096105788,1.0959209512321415,1.0912667944023902,2.4405646721296224
1M 98/95 short put spread,short_put_spread,2021-11-19,2021-12-17,28,4697.9599609375,0.98,0.95,4605.0,4465.0,0.9802126962106017,0.950412527379009,SPXW  211217P04605000,SPXW  211217P04465000,44.2,44.6,24.6,24.9,1965.000000000001,1944.5,1927.0,19.65000000000001,19.445,19.27,0.00418266655386283,0.004139030592359425,0.004101780381319934,98/95,0.15858,0.19858,0.06750313323284787,0.09107686676715213,1.3492242864192412,4620.64013671875,0.0,1965.000000000001,1944.5,1927.0,0.00418266655386283,0.004139030592359425,0.004101780381319934,0.15858,2.349224286419241,1.2357160158532574,2018-11-16,2021-10-15,36,2.215511970331318,36,short leg,1.3464017408035016,0.45263693405627264,0.901103697193008,own-history IV/RV z-score,Dynamic: 36-month IV/RV z-score,1.113265625643486,1.1086286018697895,2.359808536232304,1.1067080451575582,1.1021462282017775,2.3460102626797164,1.1004161782893829,1.0959209512321415,2.332759240914104
1M 99/96 short put spread,short_put_spread,2021-12-17,2022-01-21,35,4620.64013671875,0.99,0.96,4575.0,4435.0,0.9901225511253166,0.9598237189597331,SPXW  220121P04575000,SPXW  220121P04435000,83.2,84.1,51.0,51.7,3230.0,3187.000000000001,3147.000000000002,32.3,31.870000000000008,31.470000000000017,0.006990373421059612,0.006897312722265321,0.006810744630363657,99/96,0.182818,0.217555,0.18761110322630922,-0.004793103226309214,-0.025548078679157094,4397.93994140625,-14000.0,-10770.0,-10813.0,-10852.999999999998,-0.023308458744523846,-0.023401519443318135,-0.0234880875352198,0.182818,0.9744519213208429,1.1664255208775403,2018-12-21,2021-11-19,36,-0.7360348437104808,36,short leg,1.292285625415809,0.43181882870206345,-0.1645828182945357,own-history IV/RV z-score,Dynamic: 36-month IV/RV z-score,1.0873171197364784,1.113265625643486,2.4093320247918033,1.080809395320727,1.1067080451575582,2.3951400940378433,1.07456950676855,1.1004161782893829,2.3815232213059123
1M 102/99 short put spread,short_put_spread,2022-01-21,2022-02-18,28,4397.93994140625,1.02,0.99,4485.0,4355.0,1.0197956451778905,0.990236351114763,SPXW  220218P04485000,SPXW  220218P04355000,158.7,173.1,105.7,108.4,5884.9999999999945,5454.499999999998,5026.999999999998,58.849999999999945,54.54499999999998,50.26999999999998,0.013381265043192595,0.01240239765133289,0.011430351635026205,102/99,0.22773,0.25566,0.15286022934976137,0.07486977065023862,0.48979234800785343,4348.8701171875,-13000.0,-7115.0000000000055,-7545.500000000002,-7973.000000000002,-0.01617802901993466,-0.017156896411794367,-0.018128942428101053,0.22773,1.4897923480078534,0.948864270269055,2019-01-18,2021-12-17,36,1.389550411061775,36,short leg,1.033271765575291,0.32853833786694264,0.5700795094596782,own-history IV/RV z-score,Dynamic: 36-month IV/RV z-score,1.0697264718195099,1.0873171197364784,2.4723328063202397,1.062266060484315,1.080809395320727,2.4575355955750866,1.05508869804535,1.07456950676855,2.4433473878339367
1M 102/99 short put spread,short_put_spread,2022-02-18,2022-03-18,28,4348.8701171875,1.02,0.99,4435.0,4305.0,1.0198051173044005,0.9899122953766503,SPXW  220318P04435000,SPXW  220318P04305000,155.3,156.4,100.8,101.7,5460.000000000002,5407.000000000002,5357.000000000002,54.600000000000016,54.07000000000002,53.57000000000002,0.012554985209655081,0.012433114474103484,0.012318142082073675,102/99,0.222486,0.255971,0.22338493370835447,-0.0008989337083544768,-0.004024146541270812,4463.1201171875,0.0,5460.000000000002,5407.000000000002,5357.000000000002,0.012554985209655081,0.012433114474103484,0.012318142082073675,0.222486,0.9959758534587292,0.9899455665072372,2019-02-15,2022-01-21,36,-0.20501416389391028,36,short leg,1.0619529947522395,0.321817478560417,0.006091533873693988,own-history IV/RV z-score,Dynamic: 36-month IV/RV z-score,1.0831568718515805,1.0697264718195099,2.459780225653929,1.0754733360162714,1.062266060484315,2.4426253989192563,1.0680854305370628,1.05508869804535,2.426121428357802
1M 103/100 short put spread,short_put_spread,2022-03-18,2022-04-14,27,4463.1201171875,1.03,1.0,4595.0,4465.0,1.029548808759287,1.0004212037236597,SPXW  220414P04595000,SPXW  220414P04465000,158.9,173.5,96.2,97.0,6960.0,6571.999999999998,6186.999999999998,69.6,65.71999999999998,61.86999999999998,0.015594471619074292,0.014725124638010952,0.013862499411955836,103/100,0.169718,0.196403,0.26139175180790686,-0.09167375180790685,-0.3507140189919864,4392.58984375,-13000.0,-6040.0,-6428.000000000002,-6813.000000000002,-0.013533133416552979,-0.014402480397616319,-0.015265105623671435,0.169718,0.6492859810080136,0.948515346285109,2019-03-15,2022-02-18,36,-1.1676255687488348,36,short leg,1.01100992276934,0.3097944678865936,-0.3154712956928287,own-history IV/RV z-score,Dynamic: 36-month IV/RV z-score,1.068498365393757,1.0831568718515805,2.426905042686029,1.059983852376138,1.0754733360162714,2.4096894275254157,1.05178099362481,1.0680854305370628,2.3931361973070366
1M 102/99 short put spread,short_put_spread,2022-04-14,2022-05-20,36,4392.58984375,1.02,0.99,4480.0,4350.0,1.0198994578049148,0.9903041610382542,SPXW  220520P04480000,SPXW  220520P04350000,150.1,150.9,94.8,95.5,5535.0,5494.500000000002,5457.0,55.35,54.94500000000002,54.57,0.012600766738728132,0.012508566006493539,0.012423194958128169,102/99,0.174545,0.205867,0.16662654518958797,0.007918454810412034,0.0475221688201144,3901.360107421875,-13000.0,-7465.0,-7505.499999999998,-7543.0,-0.01699453002793234,-0.01708673076016693,-0.017172101808532302,0.174545,1.0475221688201144,0.983493991310757,2019-04-18,2022-03-18,36,-0.02615598539868708,36,short leg,1.0560665379000502,0.32666974498176327,0.06510276430263029,own-history IV/RV z-score,Dynamic: 36-month IV/RV z-score,1.0503397378382762,1.068498365393757,2.4325020168092193,1.0418721936804625,1.059983852376138,2.4131182060722947,1.0337197033220054,1.05178099362481,2.39444389537379
1M 103/100 short put spread,short_put_spread,2022-05-20,2022-06-17,28,3901.360107421875,1.03,1.0,4020.0,3900.0,1.0304098799678674,0.9996513760882294,SPXW  220617P04020000,SPXW  220617P03900000,178.8,183.0,116.9,117.9,6350.0,6217.000000000004,6087.0,63.5,62.17000000000004,60.87,0.016276374969641686,0.015935468218309042,0.015602251092946289,103/100,0.248652,0.26947,0.3390484481886693,-0.09039644818866929,-0.2666180856205147,3674.840087890625,-12000.0,-5650.0,-5782.999999999996,-5913.0,-0.014482128909996145,-0.014823035661328789,-0.01515625278669154,0.248652,0.7333819143794853,0.9494917475028616,2019-05-17,2022-04-14,36,-0.8705290058519013,36,short leg,1.0068098715794316,0.31409402255628366,-0.2276058045704341,own-history IV/RV z-score,Dynamic: 36-month IV/RV z-score,1.0351285823556107,1.0503397378382762,2.6922399084363664,1.0264284849989902,1.0418721936804625,2.6705358259506067,1.0180523861878732,1.0337197033220054,2.6496392920906637
1M 103/100 short put spread,short_put_spread,2022-06-17,2022-07-15,28,3674.840087890625,1.03,1.0,3785.0,3675.0,1.0299767906833213,1.0000435153926566,SPXW  220715P03785000,SPXW  220715P03675000,170.0,171.1,111.8,112.5,5840.0,5792.0,5747.0,58.4,57.92,57.47,0.015891847972498273,0.01576123004395719,0.015638775735949927,103/100,0.262046,0.278478,0.28579301216835973,-0.023747012168359727,-0.08309164730161578,3863.159912109375,0.0,5840.0,5792.0,5747.0,0.015891847972498273,0.01576123004395719,0.015638775735949927,0.262046,0.9169083526983842,0.9494917475028616,2019-06-21,2022-05-20,36,-0.277198544680059,36,short leg,1.0044633386312039,0.31585658587737214,-0.03431666982906467,own-history IV/RV z-score,Dynamic: 36-month IV/RV z-score,1.0515786884183937,1.0351285823556107,2.8167989833532574,1.0426062604747297,1.0264284849989902,2.793124218877684,1.033973479142914,1.0180523861878732,2.7703311214617776
1M 103/100 short put spread,short_put_spread,2022-07-15,2022-08-19,35,3863.159912109375,1.03,1.0,3980.0,3865.0,1.0302446936054552,1.0004763167801718,SPXW  220819P03980000,SPXW  220819P03865000,165.6,168.7,107.5,108.0,5939.999999999996,5846.999999999996,5756.999999999996,59.39999999999996,58.46999999999996,57.569999999999965,0.015376013768885427,0.015135278199776614,0.014902308294187441,103/100,0.20049,0.222804,0.23272850212726132,-0.032238502127261315,-0.13852408206379707,4228.47998046875,0.0,5939.999999999996,5846.999999999996,5756.999999999996,0.015376013768885427,0.015135278199776614,0.014902308294187441,0.20049,0.8614759179362029,0.9494917475028616,2019-07-19,2022-06-17,36,-0.45533288967162144,36,short leg,1.0051873892156198,0.31561847285632977,-0.09269783523462738,own-history IV/RV z-score,Dynamic: 36-month IV/RV z-score,1.0677477768105814,1.0515786884183937,2.722068752893554,1.0583863962798437,1.0426062604747297,2.69884313410532,1.0493820706971153,1.033973479142914,2.676496709084819
1M 103/100 short put spread,short_put_spread,2022-08-19,2022-09-16,28,4228.47998046875,1.03,1.0,4355.0,4230.0,1.0299209219662013,1.000359471852361,SPXW  220916P04355000,SPXW  220916P04230000,152.4,154.8,84.3,84.8,6905.000000000002,6829.500000000004,6757.000000000004,69.05000000000001,68.29500000000003,67.57000000000004,0.01632974504288547,0.01615119388419788,0.015979737473537602,103/100,0.160237,0.181846,0.17450943141623526,-0.01427243141623527,-0.08178601752585535,3873.330078125,-12500.0,-5594.999999999998,-5670.499999999996,-5742.999999999996,-0.013231705070954981,-0.013410256229642575,-0.013581712640302848,0.160237,0.9182139824741447,0.9341288468026352,2019-08-16,2022-07-15,36,-0.25258705502424417,36,short leg,0.9979985186580124,0.3158694580615373,-0.01703711900447613,own-history IV/RV z-score,Dynamic: 36-month IV/RV z-score,1.053619653137656,1.0677477768105814,2.5251338110680037,1.0441931635157629,1.0583863962798437,2.5029949323835177,1.035129664963021,1.0493820706971153,2.4817004586617095
1M 103/100 short put spread,short_put_spread,2022-09-16,2022-10-21,35,3873.330078125,1.03,1.0,3990.0,3875.0,1.0301213476573825,1.0004311333765308,SPXW  221021P03990000,SPXW  221021P03875000,171.5,172.2,113.4,114.0,5815.0,5779.5,5747.0,58.15,57.795,57.47,0.015012921395056842,0.014921268994450733,0.014837361867135282,103/100,0.227729,0.24628,0.24317540153590977,-0.015446401535909787,-0.06351958889899811,3752.75,-11500.0,-5685.0,-5720.5,-5753.0,-0.014677292885795038,-0.014768945286401146,-0.014852852413716597,0.227729,0.9364804111010019,0.9341288468026352,2019-09-20,2022-08-19,36,-0.22143169161962659,36,short leg,1.0052868084763797,0.3107341901789419,0.0025173875171671245,own-history IV/RV z-score,Dynamic: 36-month IV/RV z-score,1.038155368898325,1.053619653137656,2.720190719319464,1.0287715318153645,1.0441931635157629,2.695853806555096,1.0197550368202655,1.035129664963021,2.6724540488016095
1M 103/100 short put spread,short_put_spread,2022-10-21,2022-11-18,28,3752.75,1.03,1.0,3865.0,3755.0,1.0299113983079076,1.0005995603224302,SPXW  221118P03865000,SPXW  221118P03755000,173.2,174.0,113.6,114.3,5965.000000000002,5924.499999999998,5887.000000000002,59.65000000000002,59.24499999999998,58.87000000000002,0.015895010325761114,0.015787089467723666,0.01568716274731864,103/100,0.271077,0.281612,0.29299287337961377,-0.02191587337961376,-0.07480002201698144,3965.340087890625,0.0,5965.000000000002,5924.499999999998,5887.000000000002,0.015895010325761114,0.015787089467723666,0.01568716274731864,0.271077,0.9251999779830186,0.93853154640323,2019-10-18,2022-09-16,36,-0.2820262649444188,36,short leg,1.011704370468984,0.3067245970974145,-0.01420470997624157,own-history IV/RV z-score,Dynamic: 36-month IV/RV z-score,1.0546568592067083,1.038155368898325,2.76638563426374,1.0450128400299807,1.0287715318153645,2.7413804058766624,1.035752100045263,1.0197550368202655,2.717354038559098
1M 103/100 short put spread,short_put_spread,2022-11-18,2022-12-16,28,3965.340087890625,1.03,1.0,4085.0,3965.0,1.0301764563586344,0.999914234874415,SPXW  221216P04085000,SPXW  221216P03965000,157.6,160.8,93.2,93.7,6574.999999999998,6479.499999999998,6386.999999999996,65.74999999999999,64.79499999999999,63.86999999999996,0.01658117552156186,0.01634033867558328,0.016107067384975752,103/100,0.203982,0.219407,0.2820333606359019,-0.0780513606359019,-0.2767451356106212,3852.360107421875,-12000.0,-5425.000000000002,-5520.500000000002,-5613.000000000004,-0.013681045962657512,-0.01392188280863609,-0.01415515409924362,0.203982,0.7232548643893788,0.93853154640323,2019-11-15,2022-10-21,36,-0.9825478884667397,36,short leg,1.019115634226027,0.3011158777190364,-0.22937607461237097,own-history IV/RV z-score,Dynamic: 36-month IV/RV z-score,1.0402280502410692,1.0546568592067083,2.659688288597047,1.0304642937375634,1.0450128400299807,2.635367501570032,1.021090869460507,1.035752100045263,2.6120132878595905
1M 103/100 short put spread,short_put_spread,2022-12-16,2023-01-20,35,3852.360107421875,1.03,1.0,3970.0,3850.0,1.0305370965584142,0.999387360642291,SPXW  230120P03970000,SPXW  230120P03850000,158.6,159.7,95.1,96.0,6359.999999999998,6306.999999999996,6256.999999999996,63.59999999999998,63.069999999999965,62.569999999999965,0.016509360035545373,0.016371782035249156,0.016241991468931977,103/100,0.191024,0.208589,0.19816986883632942,-0.007145868836329422,-0.036059310521274424,3972.610107421875,0.0,6359.999999999998,6306.999999999996,6256.999999999996,0.016509360035545373,0.016371782035249156,0.016241991468931977,0.191024,0.9639406894787256,0.9320777115004072,2019-12-20,2022-11-18,36,-0.11889968514669769,36,short leg,0.9991404415571394,0.2960457972196026,0.034184894226284124,own-history IV/RV z-score,Dynamic: 36-month IV/RV z-score,1.0574015496415725,1.0402280502410692,2.7002357547961005,1.0473348305497419,1.0304642937375634,2.6748908850766386,1.0376754186512889,1.021090869460507,2.6505592441716312
1M 103/100 short put spread,short_put_spread,2023-01-20,2023-02-17,28,3972.610107421875,1.03,1.0,4090.0,3975.0,1.0295498147071644,1.0006015925332465,SPXW  230217P04090000,SPXW  230217P03975000,142.3,145.3,79.1,79.8,6435.000000000003,6339.500000000004,6247.000000000004,64.35000000000002,63.39500000000004,62.470000000000034,0.016198418233840113,0.015958022127961057,0.015725177732214327,103/100,0.167998,0.184144,0.17720276014941283,-0.009204760149412822,-0.051944789921170575,4079.090087890625,-1090.9912109375,5344.008789062503,5248.508789062504,5156.008789062504,0.01345213510653486,0.013211739000655805,0.012978894604909075,0.167998,0.9480552100788294,0.9320777115004072,2020-01-17,2022-12-16,36,-0.16732938826628316,36,short leg,0.9975983526075558,0.2960815373918947,0.017141809509319206,own-history IV/RV z-score,Dynamic: 36-month IV/RV z-score,1.0716258581492102,1.0574015496415725,2.6617299987886294,1.0611719449772612,1.0473348305497419,2.636389683933609,1.0511432985440687,1.0376754186512889,2.612074657698322
1M 103/100 short put spread,short_put_spread,2023-02-17,2023-03-17,28,4079.090087890625,1.03,1.0,4200.0,4080.0,1.0296413929342512,1.000223067421844,SPXW  230317P04200000,SPXW  230317P04080000,139.9,144.8,77.3,78.0,6470.000000000001,6327.000000000004,6187.000000000004,64.7,63.27000000000004,61.87000000000003,0.01586138050543954,0.015510812126416692,0.015167598328771941,103/100,0.157403,0.17946,0.1621120418357446,-0.0047090418357446095,-0.029048069362520912,3916.639892578125,-12000.0,-5529.999999999999,-5672.999999999996,-5812.999999999996,-0.013556945006967637,-0.013907513385990482,-0.014250727183635233,0.157403,0.9709519306374791,0.9320777115004072,2020-02-21,2023-01-20,36,-0.0677551970730948,36,short leg,0.9908951561809837,0.2943423737959125,0.041707057960322036,own-history IV/RV z-score,Dynamic: 36-month IV/RV z-score,1.0570978853222368,1.0716258581492102,2.627119860212179,1.0464136819476524,1.0611719449772612,2.601491808497942,1.036163742165611,1.0511432985440687,2.5769063097295675
1M 103/100 short put spread,short_put_spread,2023-03-17,2023-04-21,35,3916.639892578125,1.03,1.0,4035.0,3915.0,1.0302198084756689,0.9995813011604073,SPXW  230421P04035000,SPXW  230421P03915000,157.6,158.5,100.2,101.0,5745.000000000002,5699.500000000002,5657.000000000002,57.45000000000002,56.99500000000002,56.57000000000002,0.01466818537718146,0.01455201437027776,0.014443502990202875,103/100,0.198794,0.224258,0.17718052315883265,0.02161347684116735,0.12198562491991316,4133.52001953125,0.0,5745.000000000002,5699.500000000002,5657.000000000002,0.01466818537718146,0.01455201437027776,0.014443502990202875,0.198794,1.1219856249199132,0.93853154640323,2020-03-20,2023-02-17,36,0.4277819847905303,36,short leg,0.9974708976123312,0.2910705259562354,0.19546927241789702,own-history IV/RV z-score,Dynamic: 36-month IV/RV z-score,1.0726035930659699,1.0570978853222368,2.6989917743660703,1.0616411088846098,1.0464136819476524,2.671712770761908,1.0511295762739197,1.036163742165611,2.645542532845819
1M 99/96 short put spread,short_put_spread,2023-04-21,2023-05-19,28,4133.52001953125,0.99,0.96,4090.0,3970.0,0.989471438549804,0.960440491697487,SPXW  230519P04090000,SPXW  230519P03970000,47.2,47.9,23.2,23.8,2405.0,2369.5,2337.0,24.05,23.695,23.37,0.00581828559831853,0.005732402380547092,0.005653776899488734,99/96,0.156477,0.185139,0.09305932314941051,0.0634176768505895,0.6814758017181131,4191.97998046875,0.0,2405.0,2369.5,2337.0,0.00581828559831853,0.005732402380547092,0.005653776899488734,0.156477,1.681475801718113,1.1312119501747584,2020-04-17,2023-03-17,36,1.0445982146023842,36,short leg,1.25081206389778,0.4122769231271,0.4864374456602458,own-history IV/RV z-score,Dynamic: 36-month IV/RV z-score,1.0788443071042102,1.0726035930659699,2.5948914919918677,1.0677268629044667,1.0616411088846098,2.568370550688665,1.0570724283906265,1.0511295762739197,2.5429405719755533
1M 98/95 short put spread,short_put_spread,2023-05-19,2023-06-16,28,4191.97998046875,0.98,0.95,4110.0,3980.0,0.9804436135547615,0.9494320150724942,SPXW  230616P04110000,SPXW  230616P03980000,36.9,37.5,18.6,19.1,1835.0000000000002,1804.5000000000002,1777.0000000000002,18.35,18.045,17.770000000000003,0.004377406401150821,0.0043046484200962715,0.004239046961768398,98/95,0.161445,0.196994,0.14247254139682455,0.01897245860317545,0.13316572033576657,4409.58984375,0.0,1835.0000000000002,1804.5000000000002,1777.0000000000002,0.004377406401150821,0.0043046484200962715,0.004239046961768398,0.161445,1.1331657203357666,1.1997940244873084,2020-05-15,2023-04-21,36,-0.4941679775683364,36,short leg,1.35329478686313,0.445453927651398,-0.05553311884513945,own-history IV/RV z-score,Dynamic: 36-month IV/RV z-score,1.0835668470799733,1.0788443071042102,2.5735912674458263,1.072323051657963,1.0677268629044667,2.547070520086484,1.061553408056565,1.0570724283906265,2.5216542858404205
1M 103/100 short put spread,short_put_spread,2023-06-16,2023-07-21,35,4409.58984375,1.03,1.0,4540.0,4410.0,1.0295742145802604,1.0000930146032927,SPXW  230721P04540000,SPXW  230721P04410000,124.9,127.4,52.4,52.8,7355.000000000001,7279.5,7207.0,73.55000000000001,72.795,72.07,0.016679555833122944,0.01650833809479517,0.016343923710308232,103/100,0.103653,0.115942,0.11545072632825079,-0.011797726328250796,-0.10218841148480406,4536.33984375,-366.015625,6988.984375000001,6913.484375,6840.984375,0.015849511230406035,0.015678293492078256,0.01551387910759132,0.103653,0.8978115885151959,0.9532280116895473,2020-06-19,2023-05-19,36,-0.47363223019938233,36,short leg,1.0290077750394544,0.2770001240604541,-0.05813553787212844,own-history IV/RV z-score,Dynamic: 36-month IV/RV z-score,1.100740851991663,1.0835668470799733,2.457296223629015,1.0891352471801774,1.072323051657963,2.431797717372368,1.078022219295406,1.061553408056565,2.407374485319023
1M 103/100 short put spread,short_put_spread,2023-07-21,2023-08-18,28,4536.33984375,1.03,1.0,4670.0,4535.0,1.029464317236759,0.9997046421132125,SPXW  230818P04670000,SPXW  230818P04535000,131.6,133.8,49.2,49.5,8334.999999999998,8269.499999999998,8206.999999999996,83.34999999999998,82.69499999999998,82.06999999999996,0.0183738438633156,0.01822945432845691,0.018091678054736784,103/100,0.101835,0.112251,0.09358339156213479,0.00825160843786521,0.0881738554259015,4369.7099609375,-13500.0,-5165.000000000002,-5230.500000000002,-5293.000000000004,-0.01138583126023097,-0.011530220795089658,-0.011667997068809785,0.101835,1.0881738554259015,0.9532280116895473,2020-07-17,2023-06-16,36,0.21631209974370005,36,short leg,1.0281782355009927,0.27735674516587505,0.1415672242962831,own-history IV/RV z-score,Dynamic: 36-month IV/RV z-score,1.0882080023896432,1.100740851991663,2.4264955667027963,1.0765772773044753,1.0891352471801774,2.400911934939679,1.0654438592005555,1.078022219295406,2.3764141497922933
1M 102/99 short put spread,short_put_spread,2023-08-18,2023-09-15,28,4369.7099609375,1.02,0.99,4455.0,4325.0,1.0195184668604873,0.9897682085682621,SPXW  230915P04455000,SPXW  230915P04325000,105.8,106.3,49.9,50.3,5595.000000000001,5569.5,5547.0,55.95000000000001,55.695,55.47,0.012804053472692319,0.012745697196811413,0.012694206365151792,102/99,0.13359,0.158766,0.09834115862070726,0.035248841379292725,0.3584342697775633,4450.31982421875,-468.017578125,5126.982421875001,5101.482421875,5078.982421875,0.011733003946959976,0.01167464767107907,0.01162315683941945,0.13359,1.3584342697775633,0.9942995031437972,2020-08-21,2023-07-21,36,0.953659801027865,36,short leg,1.0777622061215921,0.2943104693659728,0.36622241636693675,own-history IV/RV z-score,Dynamic: 36-month IV/RV z-score,1.1009759511767945,1.0882080023896432,2.4903437805198707,1.0891459377076946,1.0765772773044753,2.4637270824114395,1.0778276802796398,1.0654438592005555,2.4382484620832128
1M 98/95 short put spread,short_put_spread,2023-09-15,2023-10-20,35,4450.31982421875,0.98,0.95,4360.0,4230.0,0.9797048689113921,0.9504934852053185,SPXW  231020P04360000,SPXW  231020P04230000,30.0,30.4,13.9,14.1,1620.0,1602.0,1587.0,16.2,16.02,15.87,0.0036401878156799433,0.0035997412843946103,0.003566035841656833,98/95,0.135024,0.160561,0.11793981862660473,0.017084181373395277,0.1448550758542666,4224.16015625,-13000.0,-11380.0,-11398.0,-11413.0,-0.025571195890393673,-0.025611642421679008,-0.025645347864416784,0.135024,1.1448550758542666,1.1997940244873084,2020-09-18,2023-08-18,36,-0.4692958981566816,36,short leg,1.3487884727304793,0.4345518417638639,-0.04579031693087332,own-history IV/RV z-score,Dynamic: 36-month IV/RV z-score,1.0728226794586402,1.1009759511767945,2.473925458537286,1.061251121406101,1.0891459377076946,2.4473430690992943,1.0501864144809712,1.0778276802796398,2.4219106105904458
1M 103/100 short put spread,short_put_spread,2023-10-20,2023-11-17,28,4224.16015625,1.03,1.0,4350.0,4225.0,1.0297905001456467,1.0001988191069786,SPXW  231117P04350000,SPXW  231117P04225000,148.6,149.9,83.6,84.0,6545.0,6499.500000000002,6457.0,65.45,64.99500000000002,64.57,0.015494204191846567,0.01538649047286582,0.015285878757334344,103/100,0.162923,0.187938,0.1289999620501261,0.03392303794987392,0.26296936379479163,4514.02001953125,0.0,6545.0,6499.500000000002,6457.0,0.015494204191846567,0.01538649047286582,0.015285878757334344,0.162923,1.2629693637947916,0.9532280116895473,2020-10-16,2023-09-15,36,0.8944973129279958,36,short leg,1.0221241492358986,0.26925202689600514,0.32493941460684095,own-history IV/RV z-score,Dynamic: 36-month IV/RV z-score,1.0894452131158163,1.0728226794586402,2.5397301233271397,1.077580051674934,1.061251121406101,2.512336374926246,1.0662394366853272,1.0501864144809712,2.4861425126770635
1M 98/95 short put spread,short_put_spread,2023-11-17,2023-12-15,28,4514.02001953125,0.98,0.95,4425.0,4290.0,0.9802792147252165,0.9503723912251251,SPXW  231215P04425000,SPXW  231215P04290000,25.0,25.3,9.9,10.2,1510.0,1492.0,1477.0,15.1,14.92,14.77,0.003345133591491699,0.0033052578268249104,0.0032720280229359203,98/95,0.127764,0.156835,0.15358771071537058,-0.025823710715370596,-0.16813656896825036,4719.18994140625,0.0,1510.0,1492.0,1477.0,0.003345133591491699,0.0033052578268249104,0.0032720280229359203,0.127764,0.8318634310317496,1.1997940244873084,2020-11-20,2023-10-20,36,-1.2061659283138746,36,short leg,1.357268747614124,0.4355995342339423,-0.3066614651733922,own-history IV/RV z-score,Dynamic: 36-month IV/RV z-score,1.0930895528942999,1.0894452131158163,2.4134700519758607,1.0811417315747631,1.077580051674934,2.3871849194564128,1.069728202001321,1.0662394366853272,2.3620618253174004
1M 103/100 short put spread,short_put_spread,2023-12-15,2024-01-19,35,4719.18994140625,1.03,1.0,4860.0,4720.0,1.0298377603660918,1.0001716520427886,SPXW  240119P04860000,SPXW  240119P04720000,131.4,135.8,49.6,50.2,8370.0,8242.000000000004,8117.000000000004,83.7,82.42000000000003,81.17000000000003,0.017736094761860468,0.017464861771475992,0.017199985804303642,103/100,0.094859,0.103176,0.06939476407309018,0.025464235926909815,0.36694751062327335,4839.81005859375,-2018.994140625,6351.005859375,6223.005859375004,6098.005859375004,0.013457830556153653,0.013186597565769176,0.012921721598596827,0.094859,1.3669475106232734,0.9532280116895473,2020-12-18,2023-11-17,36,1.2438722250249008,36,short leg,1.0226219976055324,0.27681743035209905,0.43401945165294675,own-history IV/RV z-score,Dynamic: 36-month IV/RV z-score,1.1078001668798532,1.0930895528942999,2.316265220230943,1.0953983125005984,1.0811417315747631,2.290947694410025,1.0835509320137497,1.069728202001321,2.2667623369331
1M 103/100 short put spread,short_put_spread,2024-01-19,2024-02-16,28,4839.81005859375,1.03,1.0,4985.0,4840.0,1.0299990990655605,1.0000392456323597,SPXW  240216P04985000,SPXW  240216P04840000,139.2,142.9,51.6,51.9,8930.000000000002,8827.0,8726.999999999998,89.30000000000001,88.27,87.26999999999998,0.01845113732127474,0.018238319052059585,0.01803169937320992,103/100,0.101973,0.111954,0.11146638199599988,-0.009493381995999889,-0.08516811818957726,5005.56982421875,0.0,8930.000000000002,8827.0,8726.999999999998,0.01845113732127474,0.018238319052059585,0.01803169937320992,0.101973,0.9148318818104227,0.9532280116895473,2021-01-15,2023-12-15,36,-0.3914157815839786,36,short leg,1.0236820709974181,0.27809351157610773,-0.040280110748182274,own-history IV/RV z-score,Dynamic: 36-month IV/RV z-score,1.1282403398834844,1.1078001668798532,2.288933147103162,1.115376536413072,1.0953983125005984,2.2633084754133432,1.103089196675383,1.0835509320137497,2.2388294558993196
1M 103/100 short put spread,short_put_spread,2024-02-16,2024-03-15,28,5005.56982421875,1.03,1.0,5155.0,5005.0,1.0298527802086095,0.9998861619678158,SPXW  240315P05155000,SPXW  240315P05005000,151.3,155.7,58.8,59.1,9455.0,9334.5,9217.0,94.55,93.345,92.17,0.01888895836444695,0.018648226531245905,0.01841348802169302,103/100,0.107059,0.115994,0.11937937431148893,-0.012320374311488927,-0.10320354234176299,5117.08984375,-3791.015625,5663.984375,5543.484375,5425.984375,0.011315363832496358,0.011074631999295316,0.010839893489742432,0.107059,0.896796457658237,0.9443189458921437,2021-02-19,2024-01-19,36,-0.4157959306747287,36,short leg,1.000903762694165,0.25038076940048193,-0.05032461589448456,own-history IV/RV z-score,Dynamic: 36-month IV/RV z-score,1.1410067898197653,1.1282403398834844,2.2539698366101124,1.1277289210944956,1.115376536413072,2.2282708574286163,1.11504656607703,1.103089196675383,2.2037235228209986
1M 103/100 short put spread,short_put_spread,2024-03-15,2024-04-19,35,5117.08984375,1.03,1.0,5270.0,5115.0,1.029882249661253,0.9995915952594515,SPXW  240419P05270000,SPXW  240419P05115000,146.1,154.5,64.3,64.8,8575.000000000002,8349.500000000002,8127.000000000002,85.75000000000001,83.49500000000002,81.27000000000002,0.01675757170938377,0.016316891543731754,0.01588207408538331,103/100,0.111681,0.124556,0.11704065445918542,-0.005359654459185417,-0.04579310055938246,4967.22998046875,-15500.0,-6924.999999999998,-7150.499999999998,-7372.999999999998,-0.01353308269241779,-0.013973762858069807,-0.014408580316418248,0.111681,0.9542068994406175,0.93853154640323,2021-03-19,2024-02-16,36,-0.17930451798800756,36,short leg,0.9991925305929976,0.25088955736959656,0.01670199909364878,own-history IV/RV z-score,Dynamic: 36-month IV/RV z-score,1.1255654505805242,1.1410067898197653,2.2297962800348095,1.111970304582934,1.1277289210944956,2.2038481940509618,1.0989803280731627,1.11504656607703,2.179063882255155
1M 103/100 short put spread,short_put_spread,2024-04-19,2024-05-17,28,4967.22998046875,1.03,1.0,5115.0,4965.0,1.029748978829707,0.9995510615619735,SPXW  240517P05115000,SPXW  240517P04965000,161.7,165.5,81.3,81.9,8200.0,8086.999999999998,7976.999999999997,82.0,80.86999999999998,79.76999999999997,0.01650819477302756,0.016280703796277298,0.016059252402980582,103/100,0.147183,0.165155,0.10893980513918047,0.038243194860819535,0.35104886420496517,5303.27001953125,0.0,8200.0,8086.999999999998,7976.999999999997,0.01650819477302756,0.016280703796277298,0.016059252402980582,0.147183,1.3510488642049652,0.9443189458921437,2021-04-16,2024-03-15,36,1.3982265589579415,36,short leg,1.0041349797635468,0.2481099234018008,0.43071244104772677,own-history IV/RV z-score,Dynamic: 36-month IV/RV z-score,1.144146504268498,1.1255654505805242,2.2659821570699776,1.1300739637421051,1.111970304582934,2.238612484131446,1.1166291305476,1.0989803280731627,2.2124611350679877
1M 98/95 short put spread,short_put_spread,2024-05-17,2024-06-21,35,5303.27001953125,0.98,0.95,5195.0,5040.0,0.9795842906107919,0.9503570403615768,SPXW  240621P05195000,SPXW  240621P05040000,26.5,26.8,10.6,10.8,1595.0,1579.5,1567.0,15.95,15.795,15.67,0.0030075783320966565,0.0029783510818474413,0.0029547807187432357,98/95,0.114971,0.139758,0.11659475352036235,-0.001623753520362342,-0.013926471572142995,5464.6201171875,0.0,1595.0,1579.5,1567.0,0.0030075783320966565,0.0029783510818474413,0.0029547807187432357,0.114971,0.986073528427857,1.1565322690215751,2021-05-21,2024-04-19,36,-0.8210795969186057,36,short leg,1.3264403380448704,0.4145357050575381,-0.14738779466821628,own-history IV/RV z-score,Dynamic: 36-month IV/RV z-score,1.14758761450348,1.144146504268498,2.157435884001297,1.133439720754584,1.1300739637421051,2.1309002928008387,1.119928524772529,1.1166291305476,2.1055483247792415
1M 103/100 short put spread,short_put_spread,2024-06-21,2024-07-19,28,5464.6201171875,1.03,1.0,5630.0,5465.0,1.0302637473906635,1.0000695167832994,SPXW  240719P05630000,SPXW  240719P05465000,147.7,155.5,53.2,53.6,9820.0,9611.999999999996,9406.999999999996,98.2,96.11999999999996,94.06999999999996,0.017970142094806952,0.017589511793817146,0.017214371352937775,103/100,0.098035,0.109939,0.0826413077878824,0.015393692212117602,0.18627115935324978,5505.0,-12500.0,-2680.0,-2888.0000000000036,-3093.0000000000036,-0.004904275031983975,-0.0052849053329737826,-0.005660045773853154,0.098035,1.1862711593532498,0.9443189458921437,2021-06-18,2024-05-17,36,0.6762327670481448,36,short leg,1.0147646372276307,0.25362054381699106,0.2562187431625891,own-history IV/RV z-score,Dynamic: 36-month IV/RV z-score,1.1419595292186566,1.14758761450348,2.100031822695324,1.127449599129764,1.133439720754584,2.074141836849103,1.1135896780588728,1.119928524772529,2.049416978227075
1M 103/100 short put spread,short_put_spread,2024-07-19,2024-08-16,28,5505.0,1.03,1.0,5670.0,5505.0,1.0299727520435968,1.0,SPXW  240816P05670000,SPXW  240816P05505000,167.0,168.6,74.3,74.7,9330.0,9277.0,9227.0,93.3,92.77,92.27,0.016948228882833788,0.0168519527702089,0.01676112624886467,103/100,0.117423,0.137156,0.09537907237887884,0.02204392762112116,0.23111912363285536,5554.25,-11575.0,-2245.0,-2298.0,-2348.0,-0.00407811080835604,-0.0041743869209809265,-0.004265213442325159,0.117423,1.2311191236328554,0.9443189458921437,2021-07-16,2024-06-21,36,0.9242949402368752,36,short leg,1.0066659228754753,0.24283720594625127,0.30371113381587156,own-history IV/RV z-score,Dynamic: 36-month IV/RV z-score,1.1373024917198449,1.1419595292186566,2.074404231096561,1.1227431882690915,1.127449599129764,2.048046501598118,1.1088399803947815,1.1135896780588728,2.0228695332586244
1M 98/95 short put spread,short_put_spread,2024-08-16,2024-09-20,35,5554.25,0.98,0.95,5445.0,5275.0,0.9803303776387451,0.9497231849484629,SPXW  240920P05445000,SPXW  240920P05275000,43.3,43.9,20.1,20.6,2324.999999999999,2294.5,2267.0,23.24999999999999,22.945,22.67,0.004185983706170949,0.004131070801638385,0.004081559166404105,98/95,0.142403,0.169183,0.2198294850925169,-0.0774264850925169,-0.3522115564248871,5702.5498046875,0.0,2324.999999999999,2294.5,2267.0,0.004185983706170949,0.004131070801638385,0.004081559166404105,0.142403,0.6477884435751129,1.1390103980950166,2021-08-20,2024-07-19,36,-1.678245014903256,36,short leg,1.2967368352898365,0.3866827465309843,-0.43127082539498096,own-history IV/RV z-score,Dynamic: 36-month IV/RV z-score,1.1420632214191717,1.1373024917198449,2.0476256771298464,1.1273813198718883,1.1227431882690915,2.0214127708855227,1.1133657763808371,1.1088399803947815,1.9963811142724608
1M 98/95 short put spread,short_put_spread,2024-09-20,2024-10-18,28,5702.5498046875,0.98,0.95,5590.0,5415.0,0.9802632491530395,0.9495752225695365,SPXW  241018P05590000,SPXW  241018P05415000,40.7,41.2,19.1,19.4,2170.0000000000005,2147.0000000000005,2127.000000000001,21.700000000000003,21.470000000000006,21.27000000000001,0.0038053152963543765,0.003764982461416058,0.0037299104310349125,98/95,0.144817,0.179155,0.1490349492799142,-0.0042179492799142015,-0.028301746001819672,5864.669921875,0.0,2170.0000000000005,2147.0000000000005,2127.000000000001,0.0038053152963543765,0.003764982461416058,0.0037299104310349125,0.144817,0.9716982539981803,1.1312056384347158,2021-09-17,2024-08-16,36,-0.7505042733516233,36,short leg,1.2609010988412281,0.3853447010388329,-0.14100653233770188,own-history IV/RV z-score,Dynamic: 36-month IV/RV z-score,1.1464091320650418,1.1420632214191717,2.002723799940151,1.1316258907685341,1.1273813198718883,1.976977595084185,1.1175185310037172,1.1133657763808371,1.952399916727864
1M 98/95 short put spread,short_put_spread,2024-10-18,2024-11-15,28,5864.669921875,0.98,0.95,5745.0,5570.0,0.9795947728569283,0.9497550713338713,SPXW  241115P05745000,SPXW  241115P05570000,48.9,49.3,24.0,24.3,2494.999999999999,2474.499999999999,2456.9999999999995,24.949999999999992,24.74499999999999,24.569999999999997,0.004254288874287268,0.004219333795360258,0.004189494093837202,98/95,0.163,0.193342,0.08885243897592798,0.07414756102407202,0.8345022587861677,5870.6201171875,0.0,2494.999999999999,2474.499999999999,2456.9999999999995,0.004254288874287268,0.004219333795360258,0.004189494093837202,0.163,1.8345022587861677,1.128348799285932,2021-10-15,2024-09-20,36,1.7346969359833744,36,short leg,1.2260614277683088,0.3507476253613964,0.6258290521043848,own-history IV/RV z-score,Dynamic: 36-month IV/RV z-score,1.1512862876809675,1.1464091320650418,1.9547717899501529,1.1364005981331584,1.1316258907685341,1.9295645037883746,1.1222003682891109,1.1175185310037172,1.9055096806649168
1M 98/95 short put spread,short_put_spread,2024-11-15,2024-12-20,35,5870.6201171875,0.98,0.95,5755.0,5575.0,0.9803052974167078,0.9496441412855162,SPXW  241220P05755000,SPXW  241220P05575000,50.5,50.9,25.6,25.8,2499.9999999999995,2481.9999999999995,2466.9999999999995,24.999999999999996,24.819999999999997,24.669999999999995,0.004258493907109937,0.004227832750978746,0.004202281787536086,98/95,0.15059,0.180104,0.14103151370132602,0.00955848629867398,0.06777553504046452,5930.85009765625,0.0,2499.9999999999995,2481.9999999999995,2466.9999999999995,0.004258493907109937,0.004227832750978746,0.004202281787536086,0.15059,1.0677755350404645,1.1312056384347158,2021-11-19,2024-10-18,36,-0.5071344196014305,36,short leg,1.2510174481789735,0.3613280938070096,-0.05607300851330754,own-history IV/RV z-score,Dynamic: 36-month IV/RV z-score,1.156189033322396,1.1512862876809675,1.9610982565714479,1.1412051098001776,1.1364005981331584,1.9357420092744577,1.1269161704587385,1.1222003682891109,1.911553372366283
1M 98/95 short put spread,short_put_spread,2024-12-20,2025-01-17,28,5930.85009765625,0.98,0.95,5810.0,5635.0,0.9796234779725748,0.9501167467083406,SPXW  250117P05810000,SPXW  250117P05635000,51.2,51.8,26.6,27.2,2460.0,2427.0000000000005,2397.0000000000005,24.6,24.270000000000003,23.970000000000006,0.004147803366286633,0.004092162101616935,0.004041579133735391,98/95,0.169773,0.201644,0.12998839918889074,0.039784600811109266,0.3060627029747236,5996.66015625,0.0,2460.0,2427.0000000000005,2397.0000000000005,0.004147803366286633,0.004092162101616935,0.004041579133735391,0.169773,1.3060627029747236,1.128348799285932,2021-12-17,2024-11-15,36,0.2929163245753267,36,short leg,1.2154216495295629,0.3094435025994987,0.15749908521306244,own-history IV/RV z-score,Dynamic: 36-month IV/RV z-score,1.1609846780868744,1.156189033322396,1.9494490912513505,1.1458751061006736,1.1412051098001776,1.9241847138425543,1.1314706913387336,1.1269161704587385,1.900092148516909
1M 98/95 short put spread,short_put_spread,2025-01-17,2025-02-21,35,5996.66015625,0.98,0.95,5875.0,5695.0,0.9797120141745568,0.9496953056551661,SPXW  250221P05875000,SPXW  250221P05695000,49.3,49.7,23.3,23.6,2604.9999999999995,2584.5,2567.0,26.049999999999997,25.845,25.67,0.004344084760722928,0.004309899064909178,0.004280716153848659,98/95,0.143129,0.169199,0.17492712098742877,-0.03179812098742876,-0.18177925074130696,6013.1298828125,0.0,2604.9999999999995,2584.5,2567.0,0.004344084760722928,0.004309899064909178,0.004280716153848659,0.143129,0.818220749258693,1.1312056384347158,2022-01-21,2024-12-20,36,-1.3128099056238671,36,short leg,1.2229007532770888,0.30825483741767296,-0.27668257524698125,own-history IV/RV z-score,Dynamic: 36-month IV/RV z-score,1.1660280939343846,1.1609846780868744,1.9360521487562405,1.1508137121489594,1.1458751061006736,1.9108555033027657,1.1363141962047536,1.1314706913387336,1.886834774452679
1M 98/95 short put spread,short_put_spread,2025-02-21,2025-03-21,28,6013.1298828125,0.98,0.95,5895.0,5710.0,0.9803546763308483,0.9495886686766996,SPXW  250321P05895000,SPXW  250321P05710000,52.9,53.3,26.4,26.8,2649.999999999999,2626.9999999999986,2606.9999999999986,26.49999999999999,26.269999999999985,26.069999999999986,0.004407022718026713,0.004368773086889121,0.004335512538073826,98/95,0.164794,0.198106,0.11847165954123519,0.04632234045876481,0.39099933805385656,5667.56005859375,-18500.0,-15850.0,-15873.000000000002,-15893.000000000002,-0.026358984936122043,-0.026397234567259637,-0.026430495116074933,0.164794,1.3909993380538566,1.128348799285932,2022-02-18,2025-01-17,36,0.6379543090877924,36,short leg,1.1976887981756943,0.3030162773797641,0.23277424404062041,own-history IV/RV z-score,Dynamic: 36-month IV/RV z-score,1.1352927769712728,1.1660280939343846,1.939136716915555,1.1204354126461447,1.1508137121489594,1.9138347825121207,1.1062808493916372,1.1363141962047536,1.8897216896190996
1M 100/97 short put spread,short_put_spread,2025-03-21,2025-04-17,27,5667.56005859375,1.0,0.97,5670.0,5500.0,1.0004305100221302,0.9704352389985391,SPXW  250417P05670000,SPXW  250417P05500000,98.6,99.1,47.9,48.4,5070.0,5042.0,5017.0,50.7,50.42,50.17,0.00894564847585926,0.008896244500055698,0.008852133807373947,100/97,0.172537,0.195169,0.20198870343716668,-0.029451703437166687,-0.14580866620755517,5282.7001953125,-17000.0,-11930.0,-11958.0,-11983.0,-0.021049622547731947,-0.02109902652353551,-0.021143137216217262,0.172537,0.8541913337924448,1.025969041148934,2022-03-18,2025-02-21,36,-0.8695728986605513,36,short leg,1.0850929029815444,0.26553445897953964,-0.16742971811715046,own-history IV/RV z-score,Dynamic: 36-month IV/RV z-score,1.1113952925348611,1.1352927769712728,2.003142031551695,1.0967953161568154,1.1204354126461447,1.976927286279433,1.0828906015932764,1.1062808493916372,1.951952582688873
1M 99/96 short put spread,short_put_spread,2025-04-17,2025-05-16,29,5282.7001953125,0.99,0.96,5230.0,5070.0,0.9900240041334804,0.9597364628980393,SPXW  250516P05230000,SPXW  250516P05070000,123.5,125.0,78.6,79.8,4505.000000000001,4434.500000000002,4367.000000000002,45.05000000000001,44.34500000000002,43.670000000000016,0.008527835829103882,0.00839438135053522,0.008266605785948204,99/96,0.271815,0.297186,0.47703762093733293,-0.20522262093733296,-0.4302021725961367,5958.3798828125,0.0,4505.000000000001,4434.500000000002,4367.000000000002,0.008527835829103882,0.00839438135053522,0.008266605785948204,0.271815,0.5697978274038633,1.0734737067763884,2022-04-14,2025-03-21,36,-2.042560507335818,36,short leg,1.1460394822174964,0.28211729970498883,-0.4692018781578262,own-history IV/RV z-score,Dynamic: 36-month IV/RV z-score,1.1208730891308374,1.1113952925348611,2.1038394219702945,1.1060022343041165,1.0967953161568154,2.0762020853086365,1.0918424313059563,1.0828906015932764,2.0498808593267475
1M 98/95 short put spread,short_put_spread,2025-05-16,2025-06-20,35,5958.3798828125,0.98,0.95,5840.0,5660.0,0.9801322028570253,0.9499226486593773,SPXW  250620P05840000,SPXW  250620P05660000,62.9,63.5,33.0,33.5,2995.0,2964.5,2937.000000000001,29.95,29.645,29.370000000000008,0.005026534156775327,0.004975345745495979,0.00492919225991624,98/95,0.161764,0.189689,0.18884472534624733,-0.027080725346247336,-0.1434020743581519,5967.83984375,0.0,2995.0,2964.5,2937.000000000001,0.005026534156775327,0.004975345745495979,0.00492919225991624,0.161764,0.8565979256418481,1.1268796889756298,2022-05-20,2025-04-17,36,-1.03481920068775,36,short leg,1.186174206003422,0.31848682372972453,-0.2398497070964839,own-history IV/RV z-score,Dynamic: 36-month IV/RV z-score,1.1265071959987638,1.1208730891308374,1.8811709074879566,1.1115049778150705,1.1060022343041165,1.8562130244405577,1.0972243325673976,1.0918424313059563,1.832448505768283
1M 98/95 short put spread,short_put_spread,2025-06-20,2025-07-18,28,5967.83984375,0.98,0.95,5850.0,5670.0,0.9802541879749989,0.9500925206526911,SPXW  250718P05850000,SPXW  250718P05670000,66.1,66.5,36.7,37.0,2945.0,2924.4999999999995,2906.999999999999,29.45,29.244999999999994,29.06999999999999,0.004934783903566447,0.004900433115782707,0.004871109272552685,98/95,0.188727,0.222362,0.127858204583138,0.06086879541686199,0.47606483772641206,6296.7900390625,0.0,2945.0,2924.4999999999995,2906.999999999999,0.004934783903566447,0.004900433115782707,0.004871109272552685,0.188727,1.476064837726412,1.1268796889756298,2022-06-17,2025-05-16,36,0.9102185876744651,36,short leg,1.1867877038227936,0.31781062024090073,0.3098690589305082,own-history IV/RV z-score,Dynamic: 36-month IV/RV z-score,1.1320662655768303,1.1265071959987638,1.8876297378833524,1.1169518336167128,1.1115049778150705,1.8624912982192836,1.102569032187837,1.0972243325673976,1.8385619609354944
1M 98/95 short put spread,short_put_spread,2025-07-18,2025-08-15,28,6296.7900390625,0.98,0.95,6170.0,5980.0,0.9798643374995909,0.9496902331033312,SPXW  250815P06170000,SPXW  250815P05980000,48.6,49.0,22.5,22.8,2615.0,2594.5,2576.9999999999995,26.15,25.945,25.769999999999996,0.0041529096313799516,0.004120353360847146,0.004092561422587432,98/95,0.153292,0.183418,0.07780391943511435,0.07548808056488567,0.9702349330593814,6449.7998046875,0.0,2615.0,2594.5,2576.9999999999995,0.0041529096313799516,0.004120353360847146,0.004092561422587432,0.153292,1.9702349330593814,1.128348799285932,2022-07-15,2025-06-20,36,2.408344340867714,36,short leg,1.1995106857786721,0.3200224462100886,0.7461222401319798,own-history IV/RV z-score,Dynamic: 36-month IV/RV z-score,1.1367676344745046,1.1320662655768303,1.7978466147894276,1.1215540698582598,1.1169518336167128,1.7738432227970724,1.1070813636747086,1.102569032187837,1.7510017411220422
1M 98/95 short put spread,short_put_spread,2025-08-15,2025-09-19,35,6449.7998046875,0.98,0.95,6320.0,6125.0,0.979875374644471,0.9496418781166748,SPXW  250919P06320000,SPXW  250919P06125000,52.7,52.9,26.7,27.1,2590.0,2572.0,2557.0,25.9,25.72,25.57,0.004015628513179082,0.003987720670230347,0.0039644641344397345,98/95,0.141668,0.172745,0.10290173229558128,0.03876626770441871,0.37673095330469364,6664.35986328125,0.0,2590.0,2572.0,2557.0,0.004015628513179082,0.003987720670230347,0.0039644641344397345,0.141668,1.3767309533046936,1.1312056384347158,2022-08-19,2025-07-18,36,0.4398287167776395,36,short leg,1.225768848640217,0.3432293047404572,0.2170474638101334,own-history IV/RV z-score,Dynamic: 36-month IV/RV z-score,1.1413324710003596,1.1367676344745046,1.762485145117744,1.1260265142054144,1.1215540698582598,1.7388974911177113,1.1114703480349035,1.1070813636747086,1.7164584904947262
1M 98/95 short put spread,short_put_spread,2025-09-19,2025-10-17,28,6664.35986328125,0.98,0.95,6530.0,6330.0,0.979839044403719,0.9498286601953356,SPXW  251017P06530000,SPXW  251017P06330000,45.8,46.2,21.7,22.0,2415.0,2394.5,2377.0,24.15,23.945,23.77,0.0036237538931622997,0.0035929932493487067,0.003566734163166371,98/95,0.14418,0.177665,0.08509393365808247,0.05908606634191753,0.6943628505803052,6664.009765625,0.0,2415.0,2394.5,2377.0,0.0036237538931622997,0.0035929932493487067,0.003566734163166371,0.14418,1.6943628505803052,1.1390103980950166,2022-09-16,2025-08-15,36,1.3433052605694846,36,short leg,1.2326434429949675,0.3437189007877443,0.4875745238270959,own-history IV/RV z-score,Dynamic: 36-month IV/RV z-score,1.1454683789855398,1.1413324710003596,1.7125912982112217,1.1300723198695424,1.1260265142054144,1.6896244160065605,1.115434667296586,1.1114703480349035,1.667782609037655
1M 99/96 short put spread,short_put_spread,2025-10-17,2025-11-21,35,6664.009765625,0.99,0.96,6595.0,6395.0,0.9896444080888096,0.9596324472673142,SPXW  251121P06595000,SPXW  251121P06395000,101.7,102.4,60.9,61.4,4090.000000000002,4057.000000000002,4027.000000000002,40.90000000000002,40.57000000000002,40.27000000000002,0.006137445987995804,0.006087926252640337,0.006042908311408094,99/96,0.178675,0.211405,0.12845643693574996,0.050218563064250044,0.39093847114386215,6602.990234375,0.0,4090.000000000002,4057.000000000002,4027.000000000002,0.006137445987995804,0.006087926252640337,0.006042908311408094,0.178675,1.3909384711438622,1.093889284703061,2022-10-21,2025-09-19,36,0.6431580267389841,36,short leg,1.1811758961620356,0.32614468958024145,0.2715532463794412,own-history IV/RV z-score,Dynamic: 36-month IV/RV z-score,1.1524986292925206,1.1454683789855398,1.7188876056187912,1.1369521168130583,1.1300723198695424,1.695784309469054,1.1221751367184254,1.115434667296586,1.6738190766921428
1M 100/97 short put spread,short_put_spread,2025-11-21,2025-12-19,28,6602.990234375,1.0,0.97,6605.0,6405.0,1.0003043720426144,0.9700150647892424,SPXW  251219P06605000,SPXW  251219P06405000,130.8,131.9,75.7,76.6,5520.000000000001,5467.000000000002,5417.000000000003,55.20000000000001,54.670000000000016,54.17000000000003,0.008359848801930709,0.008279582137709273,0.008203858869575845,100/97,0.195077,0.228019,0.14231923964814291,0.052757760351857086,0.37070012798192686,6834.5,0.0,5520.000000000001,5467.000000000002,5417.000000000003,0.008359848801930709,0.008279582137709273,0.008203858869575845,0.195077,1.3707001279819269,1.085611780469136,2022-11-18,2025-10-17,36,0.8108654428563781,36,short leg,1.1247538385418163,0.30331331986936455,0.26260616607309917,own-history IV/RV z-score,Dynamic: 36-month IV/RV z-score,1.1621333435778385,1.1524986292925206,1.7454192545865685,1.1463656052508544,1.1369521168130583,1.721874599926128,1.1313813031670104,1.1221751367184254,1.699495375407963
1M 98/95 short put spread,short_put_spread,2025-12-19,2026-01-16,28,6834.5,0.98,0.95,6700.0,6495.0,0.9803204330967884,0.9503255541736777,SPXW  260116P06700000,SPXW  260116P06495000,44.5,45.0,20.4,20.7,2420.0000000000005,2397.0000000000005,2377.0000000000005,24.200000000000003,23.970000000000006,23.770000000000003,0.0035408588777525794,0.0035072060867656746,0.003477942790255323,98/95,0.139536,0.172295,0.12316769468173602,0.01636830531826397,0.1328944684769775,6940.009765625,0.0,2420.0000000000005,2397.0000000000005,2377.0000000000005,0.0035408588777525794,0.0035072060867656746,0.003477942790255323,0.139536,1.1328944684769775,1.2560371423776335,2022-12-16,2025-11-21,36,-0.4383515418635357,36,short leg,1.2835852410346111,0.34376694996215057,-0.09804063092238768,own-history IV/RV z-score,Dynamic: 36-month IV/RV z-score,1.1662482937445784,1.1621333435778385,1.7003926308842467,1.150386145679249,1.1463656052508544,1.6773218307862383,1.1353161826133897,1.1313813031670104,1.6553973270422275
1M 98/95 short put spread,short_put_spread,2026-01-16,2026-02-20,35,6940.009765625,0.98,0.95,6800.0,6595.0,0.9798257105748625,0.9502868472413555,SPXW  260220P06800000,SPXW  260220P06595000,61.6,62.0,32.4,32.8,2920.0000000000005,2897.0000000000005,2876.9999999999995,29.200000000000003,28.970000000000006,28.769999999999996,0.004207486874821469,0.004174345711081436,0.004145527307829233,98/95,0.148891,0.178757,0.08500857998827482,0.06388242001172517,0.7514820271146327,6909.509765625,0.0,2920.0000000000005,2897.0000000000005,2876.9999999999995,0.004207486874821469,0.004174345711081436,0.004145527307829233,0.148891,1.7514820271146327,1.2560371423776335,2023-01-20,2025-12-19,36,1.3602616864713648,36,short leg,1.2844738653385859,0.34332229336511416,0.3944508231652606,own-history IV/RV z-score,Dynamic: 36-month IV/RV z-score,1.1711552681332915,1.1662482937445784,1.68047068106618,1.1551882551525527,1.150386145679249,1.6576145920965402,1.140022666851434,1.1353161826133897,1.6358999784651542
1M 98/95 short put spread,short_put_spread,2026-02-20,2026-03-20,28,6909.509765625,0.98,0.95,6770.0,6565.0,0.9798090211379301,0.9501397671743739,SPXW  260320P06770000,SPXW  260320P06565000,73.2,73.7,40.6,41.1,3260.0,3232.0,3207.0,32.6,32.32,32.07,0.004718135020546015,0.00467761116147384,0.004641429144445114,98/95,0.183187,0.216919,0.11883316462118158,0.0643538353788184,0.5415477706410217,6506.47998046875,-20500.0,-17240.0,-17268.0,-17293.0,-0.024951118943010213,-0.024991642802082388,-0.025027824819111116,0.183187,1.5415477706410217,1.3314749967419872,2023-02-17,2026-01-16,36,0.6825167862328505,36,short leg,1.3022592745282775,0.35059723209665855,0.1577744789898914,own-history IV/RV z-score,Dynamic: 36-month IV/RV z-score,1.141933633737365,1.1711552681332915,1.6949903941952886,1.1263182029106193,1.1551882551525527,1.6718816447726088,1.1114903792556603,1.140022666851434,1.649932781806139
1M 102/99 short put spread,short_put_spread,2026-03-20,2026-04-17,28,6506.47998046875,1.02,0.99,6635.0,6440.0,1.0197526189148423,0.989782496731211,SPXW  260417P06635000,SPXW  260417P06440000,205.3,206.6,127.5,128.8,7780.0,7711.999999999998,7646.999999999998,77.8,77.11999999999998,76.46999999999998,0.011957310286597548,0.011852799091290523,0.011752898684011751,102/99,0.213774,0.243755,0.13417735976579712,0.07959664023420288,0.5932196040608984,7126.06005859375,0.0,7780.0,7711.999999999998,7646.999999999998,0.011957310286597548,0.011852799091290523,0.011752898684011751,0.213774,1.5932196040608984,1.0218280021792516,2023-03-17,2026-02-20,36,2.0542328404596573,36,short leg,1.0350784374929682,0.27170297133553756,0.5591856953059031,own-history IV/RV z-score,Dynamic: 36-month IV/RV z-score,1.1555880885226644,1.141933633737365,1.7550713091644614,1.1396682262825821,1.1263182029106193,1.7310714953271482,1.124553613071306,1.1114903792556603,1.7082821780627144
1M 102/99 short put spread,short_put_spread,2026-04-17,2026-05-15,28,7126.06005859375,1.02,0.99,7270.0,7055.0,1.0201990918154926,0.9900281420575379,SPXW  260515P07270000,SPXW  260515P07055000,177.3,178.1,79.3,80.0,9805.0,9764.5,9727.0,98.05,97.645,97.27,0.0137593563896161,0.013702522740072047,0.013649898990494218,102/99,0.130562,0.152383,0.1875932767303727,-0.0570312767303727,-0.3040155688113684,7408.5,0.0,9805.0,9764.5,9727.0,0.0137593563896161,0.013702522740072047,0.013649898990494218,0.130562,0.6959844311886316,1.0218280021792516,2023-04-21,2026-03-20,36,-1.2248021229048245,36,short leg,1.046856206042097,0.2864722131778428,-0.3188829923389198,own-history IV/RV z-score,Dynamic: 36-month IV/RV z-score,1.171488236872243,1.1555880885226644,1.6216367516143373,1.1552845560693568,1.1396682262825821,1.5992964091120545,1.1399036562991247,1.124553613071306,1.57808607256283
1M 103/100 short put spread,short_put_spread,2026-05-15,2026-06-18,34,7408.5,1.03,1.0,7630.0,7410.0,1.0298980900317203,1.0002024701356549,SPXW  260618P07630000,SPXW  260618P07410000,252.8,257.3,133.7,134.5,12095.0,11959.499999999998,11827.0,120.95,119.59499999999998,118.27,0.016325841938314097,0.01614294391577242,0.015964095295943847,103/100,0.134489,0.154341,0.11373466510524415,0.020754334894755852,0.18248029196332416,7500.580078125,-12941.9921875,-846.9921875,-982.4921875000018,-1114.9921875,-0.0011432708206789498,-0.0013261688432206274,-0.0015050174630492003,0.134489,1.1824802919633242,0.9461565567265333,2023-05-19,2026-04-17,36,0.7315343753077823,36,short leg,0.9854097406129498,0.2693934256574885,0.24977233794628262,own-history IV/RV z-score,Dynamic: 36-month IV/RV z-score,1.1701489085542582,1.171488236872243,1.5812758815849943,1.1537524536860435,1.1552845560693568,1.5594041385831907,1.1381880813902008,1.1399036562991247,1.5386429861633593
1M 98/95 short put spread,short_put_spread,2026-06-18,2026-07-17,29,7500.580078125,0.98,0.95,7350.0,7125.0,0.9799242089869612,0.9499265291200134,SPXW  260717P07350000,SPXW  260717P07125000,59.5,59.9,28.1,28.5,3140.0,3117.0,3097.0,31.4,31.17,30.97,0.004186342879209603,0.0041556785842345005,0.004129013979908325,98/95,0.157237,0.185938,0.1644843782530378,-0.007247378253037812,-0.04406119492933647,7457.68994140625,0.0,3140.0,3117.0,3097.0,0.004186342879209603,0.0041556785842345005,0.004129013979908325,0.157237,0.9559388050706635,1.369784464952853,2023-06-16,2026-05-15,36,-0.9732807042268724,36,short leg,1.3109570435011473,0.3647644886913619,-0.30212465571832403,own-history IV/RV z-score,Dynamic: 36-month IV/RV z-score,1.1750475531051991,1.1701489085542582,1.5600778824652892,1.1585470780493345,1.1537524536860435,1.538217633394642,1.142887675890026,1.1381880813902008,1.517466741951945
1M 98/95 short put spread,short_put_spread,2026-07-17,2026-08-21,35,7457.68994140625,0.98,0.95,7310.0,7085.0,0.9801962883189534,0.9500260879260992,SPXW  260821P07310000,SPXW  260821P07085000,88.4,89.0,49.8,50.3,3865.0,3834.500000000002,3807.0,38.65,38.34500000000002,38.07,0.0051825699785947405,0.005141672595839985,0.005104797906470939,98/95,0.171511,0.202086,0.11630524664665977,0.05520575335334023,0.4746626222379944,7674.3701171875,0.0,3865.0,3834.500000000002,3807.0,0.0051825699785947405,0.005141672595839985,0.005104797906470939,0.171511,1.4746626222379944,1.369784464952853,2023-07-21,2026-06-18,36,0.45731877652423736,36,short leg,1.3062245843110807,0.3683164710775585,0.07656544512552288,own-history IV/RV z-score,Dynamic: 36-month IV/RV z-score,1.1811373192773433,1.1750475531051991,1.575618673258529,1.1645039478115313,1.1585470780493345,1.5534932226357407,1.1487218865052407,1.142887675890026,1.5324955648055794
1M 98/95 short put spread,short_put_spread,2026-08-21,2026-09-18,28,7674.3701171875,0.98,0.95,7520.0,7290.0,0.979884978854255,0.9499150925329147,SPXW  260918P07520000,SPXW  260918P07290000,52.7,53.1,23.9,24.3,2880.000000000001,2856.9999999999995,2836.9999999999995,28.800000000000008,28.569999999999997,28.369999999999994,0.003752750982846084,0.0037227810965247423,0.003696720325810533,98/95,0.142353,0.17391,0.1288172437050172,0.013535756294982798,0.10507720787737673,7650.5,0.0,2880.000000000001,2856.9999999999995,2836.9999999999995,0.003752750982846084,0.0037227810965247423,0.003696720325810533,0.142353,1.1050772078773767,1.383865145679275,2023-08-18,2026-07-17,36,-0.5531163400257076,36,short leg,1.3093308244676636,0.3692778567720375,-0.20145600073268288,own-history IV/RV z-score,Dynamic: 36-month IV/RV z-score,1.1855698335131375,1.1811373192773433,1.5390674429841105,1.1688391410952725,1.1645039478115313,1.517393518985371,1.152968390051788,1.1487218865052407,1.4968288849303293
1M 99/96 short put spread,short_put_spread,2019-11-15,2019-12-20,35,3120.4599609375,0.99,0.96,3090.0,2995.0,0.9902386310611886,0.9597944013036439,SPXW  191220P03090000,SPXW  191220P02995000,30.2,30.8,13.6,13.9,1675.0,1649.5,1627.0,16.75,16.495,16.27,0.005367798404619712,0.005286079682638934,0.0052139749279500125,99/96,0.11272,0.144816,0.058103313587985046,0.054616686412014954,0.9399926276030655,3221.219970703125,0.0,1675.0,1649.5,1627.0,0.005367798404619712,0.005286079682638934,0.0052139749279500125,0.11272,1.9399926276030655,1.17401842674828,2016-10-21,2019-10-18,36,1.8052825712635217,36,short leg,1.2363089435187833,0.3897914350282417,0.6524379715029951,own-history IV/RV z-score,Fixed 99/96,1.0053677984046197,1.0,3.2046557639520667,1.0052860796826388,1.0,3.2046557639520667,1.00521397492795,1.0,3.2046557639520667
1M 99/96 short put spread,short_put_spread,2019-12-20,2020-01-17,28,3221.219970703125,0.99,0.96,3190.0,3090.0,0.9903080289495689,0.9592638901110245,SPXW  200117P03190000,SPXW  200117P03090000,22.0,22.4,9.8,10.1,1225.0,1204.5,1187.0000000000002,12.25,12.045,11.870000000000003,0.003802907007721699,0.003739266523102683,0.0036849392801352305,99/96,0.105452,0.14867,0.07726082182080321,0.028191178179196794,0.36488322949220886,3329.6201171875,0.0,1225.0,1204.5,1187.0000000000002,0.003802907007721699,0.003739266523102683,0.0036849392801352305,0.105452,1.3648832294922089,1.17401842674828,2016-12-16,2019-11-15,36,0.2836920255309173,36,short leg,1.2498067407999827,0.4056387854994004,0.16257394125624902,own-history IV/RV z-score,Fixed 99/96,1.0091911186505103,1.0053677984046197,3.1210777517474813,1.0090451122665371,1.0052860796826388,3.1208240630123933,1.008918127389103,1.00521397492795,3.120600220010845
1M 99/96 short put spread,short_put_spread,2020-01-17,2020-02-21,35,3329.6201171875,0.99,0.96,3295.0,3195.0,0.9896023822631324,0.9595689260487733,SPXW  200221P03295000,SPXW  200221P03195000,30.4,30.8,13.6,13.9,1685.0,1664.5,1647.0,16.85,16.645,16.47,0.005060637372119509,0.004999068786880072,0.0049465102385049435,99/96,0.108047,0.140608,0.06963264619328462,0.03841435380671539,0.5516716067358083,3337.75,0.0,1685.0,1664.5,1647.0,0.005060637372119509,0.004999068786880072,0.0049465102385049435,0.108047,1.5516716067358083,1.17401842674828,2017-01-20,2019-12-20,36,0.7470050056679978,36,short leg,1.24888747840778,0.4053307889915253,0.3216756836036445,own-history IV/RV z-score,Fixed 99/96,1.0142982689411641,1.0091911186505103,3.0309497273910178,1.0140893981918229,1.0090451122665371,3.0305112197570105,1.0139087512360465,1.008918127389103,3.0301298402813805
1M 99/96 short put spread,short_put_spread,2020-02-21,2020-03-20,28,3337.75,0.99,0.96,3305.0,3205.0,0.9901880008988091,0.9602276982997529,SPXW  200320P03305000,SPXW  200320P03205000,41.7,42.3,21.5,21.9,2030.0,2002.0000000000005,1977.0,20.3,20.020000000000003,19.77,0.006081941427608419,0.005998052580331063,0.0059231518238334205,99/96,0.15686,0.191117,0.13555104714294353,0.021308952857056473,0.15720242156879394,2304.919921875,-10000.0,-7970.0,-7998.0,-8023.0,-0.023878361171447832,-0.02396225001872519,-0.02403715077522283,0.15686,1.157202421568794,1.17401842674828,2017-02-17,2020-01-17,36,-0.22531926108708314,36,short leg,1.2484542323720607,0.40498894929359375,-0.014323459322578058,own-history IV/RV z-score,Fixed 99/96,0.9900784885398127,1.0142982689411641,3.0388683063176214,0.9897895344910118,1.0140893981918229,3.038242523232186,0.9895372737102678,1.0139087512360465,3.0377012994863204
1M 99/96 short put spread,short_put_spread,2020-03-20,2020-04-17,28,2304.919921875,0.99,0.96,2280.0,2215.0,0.9891883784601383,0.9609878325829853,SPXW  200417P02280000,SPXW  200417P02215000,143.3,147.4,118.9,122.8,2450.000000000002,2247.0000000000036,2047.0000000000036,24.500000000000018,22.470000000000038,20.470000000000038,0.010629436522926933,0.009748711782455852,0.008881002678543451,99/96,0.604129,0.632767,0.8348738695538477,-0.23074486955384765,-0.2763829100043058,2874.56005859375,0.0,2450.000000000002,2247.0000000000036,2047.0000000000036,0.010629436522926933,0.009748711782455852,0.008881002678543451,0.604129,0.7236170899956942,1.1640935071613967,2017-03-17,2020-02-21,36,-1.2802195387199153,36,short leg,1.234592764667553,0.3991312889840602,-0.37838576923239575,own-history IV/RV z-score,Fixed 99/96,1.000602464986462,0.9900784885398127,4.295500590469132,0.999438707388056,0.9897895344910118,4.294246950175347,0.9983253568886074,0.9895372737102678,4.293152505295288
1M 99/96 short put spread,short_put_spread,2020-04-17,2020-05-15,28,2874.56005859375,0.99,0.96,2845.0,2760.0,0.9897166669016437,0.9601469246567792,SPXW  200515P02845000,SPXW  200515P02760000,94.7,95.7,69.4,70.4,2529.999999999999,2476.999999999999,2426.999999999999,25.29999999999999,24.769999999999992,24.269999999999992,0.008801346809353806,0.008616970769474062,0.008443031109210153,99/96,0.345552,0.380312,0.5894801972737838,-0.24392819727378373,-0.41380219115399974,2863.699951171875,0.0,2529.999999999999,2476.999999999999,2426.999999999999,0.008801346809353806,0.008616970769474062,0.008443031109210153,0.345552,0.5861978088460003,1.156961572418057,2017-04-21,2020-03-20,36,-1.5492794015549385,36,short leg,1.2178883774967708,0.40773185780226123,-0.4933299231184981,own-history IV/RV z-score,Fixed 99/96,1.0094091142991022,1.000602464986462,3.4808890563795076,1.0080508415154998,0.999438707388056,3.4768405843535817,1.0067542489339312,0.9983253568886074,3.472967468201007
1M 99/96 short put spread,short_put_spread,2020-05-15,2020-06-19,35,2863.699951171875,0.99,0.96,2835.0,2750.0,0.9899780173687085,0.9602961367774068,SPXW  200619P02835000,SPXW  200619P02750000,94.0,95.0,68.1,68.9,2600.0,2552.0,2506.999999999999,26.0,25.52,25.06999999999999,0.009079163474986392,0.008911548149294336,0.008754408781458028,99/96,0.285552,0.318706,0.2733208874610599,0.012231112538940048,0.0447500103360472,3097.739990234375,0.0,2600.0,2552.0,2506.999999999999,0.009079163474986392,0.008911548149294336,0.008754408781458028,0.285552,1.0447500103360472,1.1198032859087936,2017-05-19,2020-04-17,36,-0.33441853297594715,36,short leg,1.175701547614046,0.3915797851054427,-0.06702362505735615,own-history IV/RV z-score,Fixed 99/96,1.018573704660965,1.0094091142991022,3.5248424468702972,1.017034135126602,1.0080508415154998,3.520099377391085,1.0155677871715685,1.0067542489339312,3.5155716943108866
1M 99/96 short put spread,short_put_spread,2020-06-19,2020-07-17,28,3097.739990234375,0.99,0.96,3065.0,2975.0,0.989431007657974,0.9603775686076582,SPXW  200717P03065000,SPXW  200717P02975000,98.8,100.2,70.2,71.4,2869.999999999999,2801.999999999999,2736.999999999999,28.699999999999992,28.019999999999992,27.36999999999999,0.009264818897156229,0.009045304024331622,0.008835473631190452,99/96,0.298943,0.33376,0.2677381591763992,0.03120484082360081,0.11654984451820893,3224.72998046875,0.0,2869.999999999999,2801.999999999999,2736.999999999999,0.009264818897156229,0.009045304024331622,0.008835473631190452,0.298943,1.116549844518209,1.080388635149279,2017-06-16,2020-05-15,36,-0.14046058276293155,36,short leg,1.171634905700647,0.39217451685652094,0.03347055697594725,own-history IV/RV z-score,Fixed 99/96,1.0280106055680545,1.018573704660965,3.2881187829579583,1.0262335180819453,1.017034135126602,3.2831488063323646,1.0245408095758093,1.0155677871715685,3.2784152006725735
1M 99/96 short put spread,short_put_spread,2020-07-17,2020-08-21,35,3224.72998046875,0.99,0.96,3190.0,3095.0,0.9892301120778796,0.9597702811539301,SPXW  200821P03190000,SPXW  200821P03095000,74.3,75.0,48.4,49.0,2595.000000000001,2559.500000000001,2527.000000000001,25.95000000000001,25.59500000000001,25.27000000000001,0.008047185394489337,0.00793709865787879,0.007836315025770542,99/96,0.222604,0.252198,0.189345690691771,0.033258309308228984,0.17564862018628657,3397.159912109375,0.0,2595.000000000001,2559.500000000001,2527.000000000001,0.008047185394489337,0.00793709865787879,0.007836315025770542,0.222604,1.1756486201862866,1.080388635149279,2017-07-21,2020-06-19,36,0.0689991727132321,36,short leg,1.1499788302899288,0.3720304010461719,0.08817196140150552,own-history IV/RV z-score,Fixed 99/96,1.0362831974985618,1.0280106055680545,3.1878966976907064,1.0343788347609837,1.0262335180819453,3.1823858874930386,1.0325694341164033,1.0245408095758093,3.1771367394515337
1M 99/96 short put spread,short_put_spread,2020-08-21,2020-09-18,28,3397.159912109375,0.99,0.96,3365.0,3260.0,0.9905332945927158,0.9596251234390055,SPXW  200918P03365000,SPXW  200918P03260000,53.2,53.7,31.1,31.5,2215.0,2189.5,2167.0,22.15,21.895,21.67,0.0065201522957588865,0.00644508959438559,0.006378857799056211,99/96,0.177645,0.220133,0.09525106914940115,0.08239393085059885,0.8650184358704058,3319.469970703125,-4553.0029296875,-2338.0029296875,-2363.5029296875,-2386.0029296875,-0.0068822280674911765,-0.0069572907688644735,-0.007023522564193852,0.177645,1.8650184358704058,1.0997178465342379,2017-08-18,2020-07-17,36,1.9131484374406178,36,short leg,1.1556593846016734,0.37078097934612053,0.6959063106486938,own-history IV/RV z-score,Fixed 99/96,1.0291512601908677,1.0362831974985618,3.05043985066664,1.0271823604423924,1.0343788347609837,3.0448341011969435,1.02531715939679,1.0325694341164033,3.039507885500913
1M 99/96 short put spread,short_put_spread,2020-09-18,2020-10-16,28,3319.469970703125,0.99,0.96,3285.0,3185.0,0.9896158208969056,0.9594905295454016,SPXW  201016P03285000,SPXW  201016P03185000,64.8,65.4,38.2,38.8,2659.999999999999,2626.999999999999,2596.9999999999986,26.59999999999999,26.269999999999992,25.969999999999985,0.008013327499500055,0.007913914038040091,0.007823538163985578,99/96,0.229368,0.256411,0.21787787236911788,0.011490127630882113,0.05273655147235923,3483.81005859375,0.0,2659.999999999999,2626.999999999999,2596.9999999999986,0.008013327499500055,0.007913914038040091,0.007823538163985578,0.229368,1.0527365514723592,1.0997178465342379,2017-09-15,2020-08-21,36,-0.29441651518841455,36,short leg,1.1662563801625943,0.38557561425379605,-0.04272122636723619,own-history IV/RV z-score,Fixed 99/96,1.0373981862853003,1.0291512601908677,3.1003481558017363,1.0353113933443245,1.0271823604423924,3.094416787945264,1.03333876732352,1.02531715939679,3.088797815452474
1M 99/96 short put spread,short_put_spread,2020-10-16,2020-11-20,35,3483.81005859375,0.99,0.96,3450.0,3345.0,0.9902950912865216,0.960155675464758,SPXW  201120P03450000,SPXW  201120P03345000,93.9,101.1,61.6,69.1,3215.000000000001,2844.500000000001,2477.000000000001,32.150000000000006,28.445000000000007,24.77000000000001,0.009228402082568603,0.008164911267143513,0.007110031713381783,99/96,0.247052,0.276092,0.19161848739510465,0.055433512604895346,0.2892910457569531,3557.5400390625,0.0,3215.000000000001,2844.500000000001,2477.000000000001,0.009228402082568603,0.008164911267143513,0.007110031713381783,0.247052,1.289291045756953,1.0997178465342379,2017-10-20,2020-09-18,36,0.3134979376283224,36,short leg,1.1687467175956046,0.3845139431324226,0.1723834889286877,own-history IV/RV z-score,Fixed 99/96,1.0469717138680685,1.0373981862853003,2.9777690770663,1.0437646190048437,1.0353113933443245,2.971779103715634,1.040685838729857,1.03333876732352,2.9661168374392664
1M 99/96 short put spread,short_put_spread,2020-11-20,2020-12-18,28,3557.5400390625,0.99,0.96,3520.0,3415.0,0.9894477536021231,0.9599329768611508,SPXW  201218P03520000,SPXW  201218P03415000,67.6,68.3,40.4,41.0,2724.9999999999986,2689.499999999999,2656.999999999999,27.249999999999986,26.894999999999992,26.56999999999999,0.007659787297061887,0.0075599992423662195,0.007468643981025114,99/96,0.21493,0.245421,0.22515666388504263,-0.01022666388504262,-0.045420214123726765,3709.409912109375,0.0,2724.9999999999986,2689.499999999999,2656.999999999999,0.007659787297061887,0.0075599992423662195,0.007468643981025114,0.21493,0.9545797858762732,1.0997178465342379,2017-11-17,2020-10-16,36,-0.5618628686040747,36,short leg,1.1397120581203926,0.32949725384785233,-0.13197754416313912,own-history IV/RV z-score,Fixed 99/96,1.0549912945023383,1.0469717138680685,2.9429653703742193,1.051655478733729,1.0437646190048437,2.9339504476242007,1.0484583507554248,1.040685838729857,2.9252962083431773
1M 99/96 short put spread,short_put_spread,2020-12-18,2021-01-15,28,3709.409912109375,0.99,0.96,3670.0,3560.0,0.9893756923491466,0.9597213800444038,SPXW  210115P03670000,SPXW  210115P03560000,53.5,54.3,30.8,31.4,2280.0,2242.0,2207.0,22.8,22.42,22.07,0.0061465301868012375,0.006044088017021217,0.005949733386960672,99/96,0.182639,0.218642,0.10235516916440954,0.08028383083559046,0.7843651814656605,3768.25,0.0,2280.0,2242.0,2207.0,0.0061465301868012375,0.006044088017021217,0.005949733386960672,0.182639,1.7843651814656605,1.080388635149279,2017-12-15,2020-11-20,36,2.0520160175713205,36,short leg,1.1226499529834515,0.3224707910737398,0.6515956604996236,own-history IV/RV z-score,Fixed 99/96,1.0614758303408096,1.0549912945023383,2.844094665996113,1.0580117770107782,1.051655478733729,2.8351018184876198,1.0546963984097522,1.0484583507554248,2.8264828519833594
1M 99/96 short put spread,short_put_spread,2021-01-15,2021-02-19,35,3768.25,0.99,0.96,3730.0,3620.0,0.9898493995886685,0.9606581304318981,SPXW  210219P03730000,SPXW  210219P03620000,81.3,82.2,53.3,53.9,2815.000000000001,2774.500000000002,2737.000000000001,28.15000000000001,27.74500000000002,27.370000000000008,0.007470311152391696,0.007362834206859953,0.007263318516552779,99/96,0.213706,0.245435,0.10357143178064089,0.11013456821935912,1.063368211927577,3906.7099609375,0.0,2815.000000000001,2774.500000000002,2737.000000000001,0.007470311152391696,0.007362834206859953,0.007263318516552779,0.213706,2.063368211927577,1.080388635149279,2018-01-19,2020-12-18,36,2.711103333604563,36,short leg,1.1395197563368709,0.3407647521728351,0.9098388716783179,own-history IV/RV z-score,Fixed 99/96,1.069405385074199,1.0614758303408096,2.816893333353174,1.0658017423138137,1.0580117770107782,2.8077005957958687,1.0623569942896631,1.0546963984097522,2.7989024040595827
1M 99/96 short put spread,short_put_spread,2021-02-19,2021-03-19,28,3906.7099609375,0.99,0.96,3870.0,3750.0,0.9906033564547775,0.9598869733088928,SPXW  210319P03870000,SPXW  210319P03750000,64.0,64.5,38.2,38.6,2584.9999999999995,2559.499999999999,2536.999999999999,25.849999999999994,25.59499999999999,25.36999999999999,0.006616820869342634,0.006551548555157628,0.006493955336759095,99/96,0.185577,0.22753,0.15186756728512862,0.03370943271487137,0.22196597547113206,3913.10009765625,0.0,2584.9999999999995,2559.499999999999,2536.999999999999,0.006616820869342634,0.006551548555157628,0.006493955336759095,0.185577,1.221965975471132,1.080388635149279,2018-02-16,2021-01-15,36,0.17752778606042047,36,short leg,1.1562008339475642,0.37044984891089144,0.1310429744591779,own-history IV/RV z-score,Fixed 99/96,1.0764814489439454,1.069405385074199,2.737355462184277,1.0727843941787545,1.0658017423138137,2.7281312228718697,1.0692558931622738,1.0623569942896631,2.7193137061926334
1M 99/96 short put spread,short_put_spread,2021-03-19,2021-04-16,28,3913.10009765625,0.99,0.96,3875.0,3755.0,0.9902634492587935,0.9595972263140051,SPXW  210416P03875000,SPXW  210416P03755000,60.0,60.7,33.3,33.8,2680.0000000000005,2647.0000000000005,2617.0000000000005,26.800000000000004,26.470000000000006,26.170000000000005,0.006848789791002754,0.0067644576779045855,0.006687792120542615,99/96,0.176705,0.213429,0.18860622412244157,-0.011901224122441573,-0.06310090866733753,4185.47021484375,0.0,2680.0000000000005,2647.0000000000005,2617.0000000000005,0.006848789791002754,0.0067644576779045855,0.006687792120542615,0.176705,0.9368990913326625,1.0997178465342379,2018-03-16,2021-02-19,36,-0.6589952859598381,36,short leg,1.1731811187361927,0.35854888864551027,-0.14805502676409132,own-history IV/RV z-score,Fixed 99/96,1.0838540441016766,1.0764814489439454,2.750968342436994,1.0800411988106933,1.0727843941787545,2.7415204502979575,1.076406854299408,1.0692558931622738,2.7325033003952655
1M 99/96 short put spread,short_put_spread,2021-04-16,2021-05-21,35,4185.47021484375,0.99,0.96,4145.0,4020.0,0.9903307841732519,0.960465561490102,SPXW  210521P04145000,SPXW  210521P04020000,56.2,56.7,29.4,29.9,2680.0,2652.0,2627.0,26.8,26.52,26.27,0.006403103743267346,0.00633620564445709,0.006276475199090791,99/96,0.141554,0.17265,0.12012026379867413,0.02143373620132588,0.1784356404448928,4155.85986328125,0.0,2680.0,2652.0,2627.0,0.006403103743267346,0.00633620564445709,0.006276475199090791,0.141554,1.1784356404448928,1.0997178465342379,2018-04-20,2021-03-19,36,0.010160954033228576,36,short leg,1.1748050703841322,0.3573060215495364,0.07157999132116855,own-history IV/RV z-score,Fixed 99/96,1.0907940739886195,1.0838540441016766,2.589563390650335,1.0868845619508438,1.0800411988106933,2.5804536727566054,1.0831628952245496,1.076406854299408,2.57177043210566
1M 99/96 short put spread,short_put_spread,2021-05-21,2021-06-18,28,4155.85986328125,0.99,0.96,4115.0,3990.0,0.9901681325584956,0.9600901212414088,SPXW  210618P04115000,SPXW  210618P03990000,57.7,58.2,33.4,33.9,2430.0,2402.0,2377.0,24.3,24.02,23.77,0.005847165400041663,0.005779790654691389,0.005719634632057215,99/96,0.164039,0.206839,0.14231869690226887,0.021720303097731125,0.15261735506647156,4166.4501953125,0.0,2430.0,2402.0,2377.0,0.005847165400041663,0.005779790654691389,0.005719634632057215,0.164039,1.1526173550664716,1.1366352838927645,2018-05-18,2021-04-16,36,-0.10844302491031423,36,short leg,1.1900214785929906,0.3449195884885486,0.014060861386399504,own-history IV/RV z-score,Fixed 99/96,1.0971721273566162,1.0907940739886195,2.624713320163268,1.0931665271847357,1.0868845619508438,2.615306092377948,1.0893581912322352,1.0831628952245496,2.6063508656649956
1M 99/96 short put spread,short_put_spread,2021-06-18,2021-07-16,28,4166.4501953125,0.99,0.96,4125.0,4000.0,0.9900514362660248,0.9600498775912968,SPXW  210716P04125000,SPXW  210716P04000000,61.1,61.9,34.6,35.1,2665.0,2629.5,2597.0,26.65,26.295,25.97,0.006396332309452015,0.006311127882815787,0.006233123830261494,99/96,0.172228,0.2102,0.08283457802441589,0.0893934219755841,1.0791800249074122,4327.16015625,0.0,2665.0,2629.5,2597.0,0.006396332309452015,0.006311127882815787,0.006233123830261494,0.172228,2.079180024907412,1.154669039166896,2018-06-15,2021-05-21,36,2.5753599016459234,36,short leg,1.1920971989629399,0.3444500418669771,0.8006718413507989,own-history IV/RV z-score,Fixed 99/96,1.1041900048838575,1.0971721273566162,2.6333499164132546,1.1000656409350122,1.0931665271847357,2.6237359765265214,1.0961482957336954,1.0893581912322352,2.6145954953639596
1M 99/96 short put spread,short_put_spread,2021-07-16,2021-08-20,35,4327.16015625,0.99,0.96,4285.0,4155.0,0.9902568532876914,0.9602140549382399,SPXW  210820P04285000,SPXW  210820P04155000,65.6,66.2,38.5,39.0,2715.000000000001,2684.5,2656.999999999999,27.15000000000001,26.845,26.56999999999999,0.006274322886058537,0.006203837859161745,0.006140285785730211,99/96,0.156831,0.193429,0.10112589254863172,0.05570510745136828,0.5508491054808693,4441.669921875,0.0,2715.000000000001,2684.5,2656.999999999999,0.006274322886058537,0.006203837859161745,0.006140285785730211,0.156831,1.5508491054808693,1.154669039166896,2018-07-20,2021-06-18,36,0.8899145836477204,36,short leg,1.2173248498560905,0.3747823237795224,0.3431113616762609,own-history IV/RV z-score,Fixed 99/96,1.1111180495020574,1.1041900048838575,2.551765973554281,1.1068902698058078,1.1000656409350122,2.542234632443903,1.1028789595330415,1.0961482957336954,2.5331817084478763
1M 99/96 short put spread,short_put_spread,2021-08-20,2021-09-17,28,4441.669921875,0.99,0.96,4395.0,4265.0,0.9894927082165307,0.9602244369837323,SPXW  210917P04395000,SPXW  210917P04265000,53.2,53.7,30.8,31.2,2245.0,2219.5,2197.0,22.45,22.195,21.97,0.00505440530135634,0.004996994461630466,0.00494633783834293,99/96,0.148676,0.192916,0.08386506029187885,0.06481093970812116,0.7728002517682229,4432.990234375,0.0,2245.0,2219.5,2197.0,0.00505440530135634,0.004996994461630466,0.00494633783834293,0.148676,1.7728002517682229,1.156961572418057,2018-08-17,2021-07-16,36,1.4336069438397756,36,short leg,1.2317033940685227,0.3774373861851041,0.5322896576962872,own-history IV/RV z-score,Fixed 99/96,1.1167340904618934,1.1111180495020574,2.5015772649603187,1.11242139435366,1.1068902698058078,2.4920588185862917,1.108334171461692,1.1028789595330415,2.4830277326584276
1M 99/96 short put spread,short_put_spread,2021-09-17,2021-10-15,28,4432.990234375,0.99,0.96,4390.0,4255.0,0.990302204132633,0.9598487194952969,SPXW  211015P04390000,SPXW  211015P04255000,65.8,66.4,38.6,39.2,2719.9999999999986,2686.9999999999986,2656.9999999999977,27.199999999999985,26.869999999999987,26.56999999999998,0.00613581320100401,0.0060613713496683,0.005993696939363106,99/96,0.174623,0.217044,0.08508592149584869,0.08953707850415131,1.0523136722274296,4471.3701171875,0.0,2719.9999999999986,2686.9999999999986,2656.9999999999977,0.00613581320100401,0.0060613713496683,0.005993696939363106,0.174623,2.0523136722274296,1.156961572418057,2018-09-21,2021-08-20,36,2.079499785202697,36,short leg,1.2454086444836312,0.3880284256269573,0.7738823148102325,own-history IV/RV z-score,Fixed 99/96,1.1235861622361607,1.1167340904618934,2.519144034657094,1.1191641935221532,1.11242139435366,2.5094153957920877,1.1149771905929735,1.108334171461692,2.500195382492094
1M 99/96 short put spread,short_put_spread,2021-10-15,2021-11-19,35,4471.3701171875,0.99,0.96,4425.0,4295.0,0.9896295506808399,0.9605556881749621,SPXW  211119P04425000,SPXW  211119P04295000,57.0,57.4,32.3,32.8,2465.0000000000005,2439.5000000000005,2417.0000000000005,24.650000000000006,24.395000000000003,24.170000000000005,0.005512851621306826,0.005455822121776067,0.005405501975131278,99/96,0.13899,0.17504,0.16221274243274908,-0.023222742432749077,-0.14316225768993995,4697.9599609375,0.0,2465.0000000000005,2439.5000000000005,2417.0000000000005,0.005512851621306826,0.005455822121776067,0.005405501975131278,0.13899,0.85683774231006,1.156961572418057,2018-10-19,2021-09-17,36,-0.9880488594343751,36,short leg,1.2606251575617888,0.4086715058634687,-0.25940691312740516,own-history IV/RV z-score,Fixed 99/96,1.1297803260323223,1.1235861622361607,2.512845353412386,1.125270154287071,1.1191641935221532,2.502955837228052,1.1210042019989501,1.1149771905929735,2.4935918104992307
1M 99/96 short put spread,short_put_spread,2021-11-19,2021-12-17,28,4697.9599609375,0.99,0.96,4650.0,4510.0,0.9897913219064708,0.9599911530748781,SPXW  211217P04650000,SPXW  211217P04510000,54.5,54.9,29.4,29.8,2510.0,2486.9999999999995,2466.9999999999995,25.1,24.869999999999994,24.669999999999995,0.005342744554806971,0.00529378713458364,0.005251215464824222,99/96,0.145039,0.186052,0.06750313323284787,0.07753586676715213,1.148626190427294,4620.64013671875,-2935.986328125,-425.986328125,-448.98632812500045,-468.98632812500045,-0.0009067474641482309,-0.0009557048843715627,-0.0009982765541309809,0.145039,2.148626190427294,1.156961572418057,2018-11-16,2021-10-15,36,2.164544547261722,36,short leg,1.255757430100444,0.41249729022966164,0.8571283970449006,own-history IV/RV z-score,Fixed 99/96,1.1287559005866479,1.1297803260323223,2.404831747026787,1.1241947281043811,1.125270154287071,2.395231469921932,1.1198851297870123,1.1210042019989501,2.3861510343209664
1M 99/96 short put spread,short_put_spread,2021-12-17,2022-01-21,35,4620.64013671875,0.99,0.96,4575.0,4435.0,0.9901225511253166,0.9598237189597331,SPXW  220121P04575000,SPXW  220121P04435000,83.2,84.1,51.0,51.7,3230.0,3187.000000000001,3147.000000000002,32.3,31.870000000000008,31.470000000000017,0.006990373421059612,0.006897312722265321,0.006810744630363657,99/96,0.182818,0.217555,0.18761110322630922,-0.004793103226309214,-0.025548078679157094,4397.93994140625,-14000.0,-10770.0,-10813.0,-10852.999999999998,-0.023308458744523846,-0.023401519443318135,-0.0234880875352198,0.182818,0.9744519213208429,1.1664255208775403,2018-12-21,2021-11-19,36,-0.7360348437104808,36,short leg,1.292285625415809,0.43181882870206345,-0.1645828182945357,own-history IV/RV z-score,Fixed 99/96,1.1024463402451863,1.1287559005866479,2.442856113413346,1.0978868633165708,1.1241947281043811,2.4329848134477405,1.093581169829184,1.1198851297870123,2.423657970867809
1M 99/96 short put spread,short_put_spread,2022-01-21,2022-02-18,28,4397.93994140625,0.99,0.96,4355.0,4220.0,0.990236351114763,0.9595401611261309,SPXW  220218P04355000,SPXW  220218P04220000,105.7,108.4,63.6,68.4,4105.000000000002,3914.500000000002,3727.000000000001,41.05000000000002,39.14500000000002,37.27000000000001,0.009333915548395189,0.008900758200777823,0.008474422228713486,99/96,0.25566,0.281864,0.15286022934976137,0.10279977065023863,0.6725082847744603,4348.8701171875,-612.98828125,3492.011718750002,3301.511718750002,3114.011718750001,0.00794010778972444,0.007506950442107077,0.007080614470042739,0.25566,1.6725082847744603,1.156961572418057,2019-01-18,2021-12-17,36,0.8893778006562223,36,short leg,1.2857396600611282,0.4348755100790206,0.4456040067769125,own-history IV/RV z-score,Fixed 99/96,1.1111998830191203,1.1024463402451863,2.50673350462507,1.1061286455905286,1.0978868633165708,2.496366203139917,1.1013243964844428,1.093581169829184,2.486575952375351
1M 99/96 short put spread,short_put_spread,2022-02-18,2022-03-18,28,4348.8701171875,0.99,0.96,4305.0,4175.0,0.9899122953766503,0.9600194734489,SPXW  220318P04305000,SPXW  220318P04175000,100.8,101.7,64.2,65.1,3659.999999999999,3612.0,3567.000000000001,36.599999999999994,36.12,35.67000000000001,0.008415979096581972,0.008305605600233358,0.008202130447406532,99/96,0.255971,0.285417,0.22338493370835447,0.03258606629164554,0.14587405583130808,4463.1201171875,0.0,3659.999999999999,3612.0,3567.000000000001,0.008415979096581972,0.008305605600233358,0.008202130447406532,0.255971,1.145874055831308,1.1664255208775403,2019-02-15,2022-01-21,36,-0.4091312360152338,36,short leg,1.3175072655324778,0.41950649227569364,-0.01761918328979173,own-history IV/RV z-score,Fixed 99/96,1.1205517180067335,1.1111998830191203,2.5551461714790302,1.1153157138639238,1.1061286455905286,2.543485125524705,1.1103576028493194,1.1013243964844428,2.5324380052920294
1M 99/96 short put spread,short_put_spread,2022-03-18,2022-04-14,27,4463.1201171875,0.99,0.96,4420.0,4285.0,0.9903385712113272,0.9600906736743297,SPXW  220414P04420000,SPXW  220414P04285000,80.1,80.8,47.4,48.0,3274.999999999999,3239.499999999999,3206.999999999999,32.74999999999999,32.39499999999999,32.06999999999999,0.00733791588397533,0.00725837511637804,0.007185556103788971,99/96,0.207694,0.242909,0.26139175180790686,-0.05369775180790687,-0.20543016922495927,4392.58984375,-2741.015625,533.9843749999991,498.4843749999991,465.9843749999991,0.0011964373823227887,0.001116896614725499,0.0010440776021364308,0.207694,0.7945698307750407,1.1664255208775403,2019-03-15,2022-02-18,36,-1.2553768026516288,36,short leg,1.3197417453971585,0.41833807468231093,-0.3187993433329033,own-history IV/RV z-score,Fixed 99/96,1.1218923879709828,1.1205517180067335,2.5106913741610555,1.1165614062090885,1.1153157138639238,2.4989596618043888,1.1115169023528164,1.1103576028493194,2.487850592623143
1M 99/96 short put spread,short_put_spread,2022-04-14,2022-05-20,36,4392.58984375,0.99,0.96,4350.0,4215.0,0.9903041610382542,0.9595705836267222,SPXW  220520P04350000,SPXW  220520P04215000,94.8,95.5,57.4,57.9,3750.0,3717.0,3687.000000000002,37.5,37.17,36.87000000000002,0.008537104836536675,0.008461978313975152,0.008393681475282862,99/96,0.205867,0.232611,0.16662654518958797,0.03924045481041202,0.23549942037005067,3901.360107421875,-13500.0,-9750.0,-9783.0,-9812.999999999998,-0.022196472574995355,-0.022271599097556875,-0.022339895936249167,0.205867,1.2354994203700507,1.156961572418057,2019-04-18,2022-03-18,36,-0.16564411463112172,36,short leg,1.3062922424988768,0.42737903659587867,0.06788284920116139,own-history IV/RV z-score,Fixed 99/96,1.0969903343492888,1.1218923879709828,2.5540567817122017,1.0916937982021955,1.1165614062090885,2.5419204749967466,1.0866857304228725,1.1115169023528164,2.5304363527915976
1M 99/96 short put spread,short_put_spread,2022-05-20,2022-06-17,28,3901.360107421875,0.99,0.96,3860.0,3745.0,0.9893985414616835,0.9599216419103639,SPXW  220617P03860000,SPXW  220617P03745000,100.4,101.3,63.2,63.9,3730.0,3687.000000000001,3647.000000000001,37.3,36.87000000000001,36.470000000000006,0.009560768289254092,0.009450550317018726,0.009348021970753266,99/96,0.27675,0.29678,0.3390484481886693,-0.06229844818866931,-0.18374497367999243,3674.840087890625,-11500.0,-7770.0,-7812.999999999999,-7852.999999999999,-0.019916131262065494,-0.020026349234300862,-0.02012887758056632,0.27675,0.8162550263200076,1.1664255208775403,2019-05-17,2022-04-14,36,-1.1621063166552514,36,short leg,1.310899972656156,0.42564517484065023,-0.30020819014152567,own-history IV/RV z-score,Fixed 99/96,1.0751425308571714,1.0969903343492888,2.81181512125065,1.0698311569424779,1.0916937982021955,2.798238993948232,1.0648119663866422,1.0866857304228725,2.7854022712632496
1M 99/96 short put spread,short_put_spread,2022-06-17,2022-07-15,28,3674.840087890625,0.99,0.96,3640.0,3530.0,0.9905192914365362,0.9605860161458716,SPXW  220715P03640000,SPXW  220715P03530000,97.0,97.7,61.0,61.6,3605.0,3569.5,3537.000000000001,36.05,35.695,35.37000000000001,0.009809950674804157,0.009713347831820648,0.00962490860937096,99/96,0.28417,0.30351,0.28579301216835973,-0.0016230121683597498,-0.005678977789014827,3863.159912109375,0.0,3605.0,3569.5,3537.000000000001,0.009809950674804157,0.009713347831820648,0.00962490860937096,0.28417,0.9943210222109852,1.1664255208775403,2019-06-21,2022-05-20,36,-0.7094687542105568,36,short leg,1.3014425921853974,0.4328894939371275,-0.1475486394854214,own-history IV/RV z-score,Fixed 99/96,1.0856896260532642,1.0751425308571714,2.925685213895411,1.0802227990911792,1.0698311569424779,2.911231866844486,1.0750606842492783,1.0648119663866422,2.897573611149565
1M 99/96 short put spread,short_put_spread,2022-07-15,2022-08-19,35,3863.159912109375,0.99,0.96,3825.0,3710.0,0.9901220987539864,0.9603537219287032,SPXW  220819P03825000,SPXW  220819P03710000,91.7,92.2,56.7,57.2,3500.0,3472.0,3447.0,35.0,34.72,34.47,0.009059940772912294,0.008987461246728995,0.008922747384065337,99/96,0.230711,0.251757,0.23272850212726132,-0.002017502127261317,-0.00866890865888914,4228.47998046875,0.0,3500.0,3472.0,3447.0,0.009059940772912294,0.008987461246728995,0.008922747384065337,0.230711,0.9913310913411109,1.1664255208775403,2019-07-19,2022-06-17,36,-0.708195262830133,36,short leg,1.2989824581204172,0.43441601903668664,-0.15011196720447273,own-history IV/RV z-score,Fixed 99/96,1.0955259097630723,1.0856896260532642,2.8103667742308196,1.0899312596358441,1.0802227990911792,2.7962155946616054,1.084653179157375,1.0750606842492783,2.782853179024293
1M 99/96 short put spread,short_put_spread,2022-08-19,2022-09-16,28,4228.47998046875,0.99,0.96,4185.0,4060.0,0.9897173498113783,0.9601558996975379,SPXW  220916P04185000,SPXW  220916P04060000,67.1,67.5,34.3,34.7,3280.0,3256.999999999999,3236.9999999999986,32.8,32.56999999999999,32.36999999999998,0.007756924509871734,0.007702531441662266,0.00765523312148012,99/96,0.190044,0.211611,0.17450943141623526,0.01553456858376473,0.0890185043736238,3873.330078125,-12500.0,-9220.0,-9243.0,-9263.000000000002,-0.021804525603968717,-0.021858918672178183,-0.021906216992360332,0.190044,1.0890185043736238,1.1549098883176327,2019-08-16,2022-07-15,36,-0.4447776723476377,36,short leg,1.2821807814276789,0.43428950926088683,-0.05705326849352166,own-history IV/RV z-score,Fixed 99/96,1.0716384870138322,1.0955259097630723,2.590826762390459,1.0661065408731996,1.0899312596358441,2.577595884739223,1.0608925312533002,1.084653179157375,2.5651136677183355
1M 99/96 short put spread,short_put_spread,2022-09-16,2022-10-21,35,3873.330078125,0.99,0.96,3835.0,3720.0,0.9901041023223214,0.9604138880414694,SPXW  221021P03835000,SPXW  221021P03720000,97.1,97.7,59.9,60.4,3725.0,3694.5,3667.0,37.25,36.945,36.67,0.009617047669232456,0.00953830405744411,0.00946730571894642,99/96,0.252126,0.266987,0.24317540153590977,0.008950598464090243,0.03680717049322313,3752.75,-8225.0,-4500.0,-4530.5,-4558.0,-0.011617909935985517,-0.011696653547773864,-0.011767651886271553,0.252126,1.0368071704932231,1.1549098883176327,2019-09-20,2022-08-19,36,-0.583364777639697,36,short leg,1.2878250195452134,0.43029311791433905,-0.10226141365578822,own-history IV/RV z-score,Fixed 99/96,1.0591882875877696,1.0716384870138322,2.766710983569442,1.0536366620195903,1.0661065408731996,2.75242883867331,1.0484083172567658,1.0608925312533002,2.7389675288578985
1M 99/96 short put spread,short_put_spread,2022-10-21,2022-11-18,28,3752.75,0.99,0.96,3715.0,3605.0,0.989940710145893,0.9606288721604157,SPXW  221118P03715000,SPXW  221118P03605000,96.2,96.8,58.9,59.4,3735.0,3704.5,3677.0,37.35,37.045,36.77,0.009952701352341616,0.009871427619745519,0.009798148024781827,99/96,0.285892,0.298739,0.29299287337961377,-0.007100873379613792,-0.02423565221128643,3965.340087890625,0.0,3735.0,3704.5,3677.0,0.009952701352341616,0.009871427619745519,0.009798148024781827,0.285892,0.9757643477887136,1.1549098883176327,2019-10-18,2022-09-16,36,-0.7227012222374951,36,short leg,1.287053204702317,0.43072966716432,-0.1551164660905987,own-history IV/RV z-score,Fixed 99/96,1.069730072290029,1.0591882875877696,2.82243231653526,1.064037560066227,1.0536366620195903,2.8076388302433957,1.0586807771396598,1.0484083172567658,2.7937067943688385
1M 99/96 short put spread,short_put_spread,2022-11-18,2022-12-16,28,3965.340087890625,0.99,0.96,3925.0,3805.0,0.9898268277130086,0.9595646062287893,SPXW  221216P03925000,SPXW  221216P03805000,76.7,77.1,40.4,40.7,3635.0000000000014,3614.500000000001,3597.0000000000014,36.350000000000016,36.14500000000001,35.97000000000001,0.009166931257928121,0.009115233296225912,0.00907110088989476,99/96,0.224623,0.239326,0.2820333606359019,-0.05741036063590191,-0.20355875810740442,3852.360107421875,-7263.9892578125,-3628.9892578124986,-3649.489257812499,-3666.9892578124986,-0.009151773056981225,-0.009203471018683435,-0.009247603425014586,0.224623,0.7964412418925956,1.1549098883176327,2019-11-15,2022-10-21,36,-1.1405756658630775,36,short leg,1.2874110610190879,0.4304579115800913,-0.31038668042510364,own-history IV/RV z-score,Fixed 99/96,1.0599401454362025,1.069730072290029,2.697700697997571,1.0542447212193669,1.064037560066227,2.6833450258543783,1.048890517158986,1.0586807771396598,2.6698360132404892
1M 99/96 short put spread,short_put_spread,2022-12-16,2023-01-20,35,3852.360107421875,0.99,0.96,3815.0,3700.0,0.9903020210000882,0.9604501907471368,SPXW  230120P03815000,SPXW  230120P03700000,80.7,81.6,44.8,45.5,3600.000000000001,3557.000000000001,3517.000000000002,36.00000000000001,35.57000000000001,35.170000000000016,0.009344920774837008,0.009233300887804233,0.00912946843475049,99/96,0.21315,0.226621,0.19816986883632942,0.014980131163670585,0.0755923756302368,3972.610107421875,0.0,3600.000000000001,3557.000000000001,3517.000000000002,0.009344920774837008,0.009233300887804233,0.00912946843475049,0.21315,1.0755923756302368,1.1492457054488898,2019-12-20,2022-11-18,36,-0.42560239767701874,36,short leg,1.2556457447493523,0.4230553448520618,-0.06408840987566222,own-history IV/RV z-score,Fixed 99/96,1.0698452021213731,1.0599401454362025,2.7514046347695906,1.0639788799397647,1.0542447212193669,2.736620388079197,1.058466330026898,1.048890517158986,2.7227218845357055
1M 99/96 short put spread,short_put_spread,2023-01-20,2023-02-17,28,3972.610107421875,0.99,0.96,3935.0,3815.0,0.9905326456901448,0.9603258051608392,SPXW  230217P03935000,SPXW  230217P03815000,63.3,63.9,30.9,31.5,3239.999999999999,3207.0,3177.0,32.39999999999999,32.07,31.77,0.008155846942912498,0.00807277813145691,0.007997261030133646,99/96,0.190558,0.209535,0.17720276014941283,0.013355239850587175,0.07536699676306613,4079.090087890625,0.0,3239.999999999999,3207.0,3177.0,0.008155846942912498,0.00807277813145691,0.007997261030133646,0.190558,1.0753669967630661,1.1312119501747584,2020-01-17,2022-12-16,36,-0.406551394278694,36,short leg,1.247609887697631,0.42366818404388745,-0.04936736515474838,own-history IV/RV z-score,Fixed 99/96,1.0785706958424846,1.0698452021213731,2.6930536176269158,1.0725681453740745,1.0639788799397647,2.6782866960741347,1.0669311615597306,1.058466330026898,2.6644103030634843
1M 99/96 short put spread,short_put_spread,2023-02-17,2023-03-17,28,4079.090087890625,0.99,0.96,4040.0,3915.0,0.9904169589177082,0.959772869842284,SPXW  230317P04040000,SPXW  230317P03915000,62.6,63.3,31.4,32.0,3125.0,3089.500000000001,3057.000000000001,31.25,30.89500000000001,30.570000000000007,0.0076610222688560355,0.007573993055881833,0.0074943184242857305,99/96,0.187664,0.211614,0.1621120418357446,0.0255519581642554,0.15761912486516705,3916.639892578125,-12336.0107421875,-9211.0107421875,-9246.5107421875,-9279.0107421875,-0.02258104269266259,-0.022668071905636796,-0.022747746537232896,0.187664,1.157619124865167,1.1027841744459164,2020-02-21,2023-01-20,36,-0.18218423692139243,36,short leg,1.234379204087277,0.4213321663785315,0.04972409986460136,own-history IV/RV z-score,Fixed 99/96,1.0542154449126107,1.0785706958424846,2.6441453182031434,1.0482550935310395,1.0725681453740745,2.629429902904449,1.0426608819238943,1.0669311615597306,2.61561068417457
1M 99/96 short put spread,short_put_spread,2023-03-17,2023-04-21,35,3916.639892578125,0.99,0.96,3875.0,3760.0,0.9893684653886534,0.9600065625448612,SPXW  230421P03875000,SPXW  230421P03760000,85.9,86.7,54.6,55.3,3135.000000000002,3094.5,3057.0,31.35000000000002,30.945,30.57,0.008004310036112077,0.007900905073923065,0.007805159738562874,99/96,0.232954,0.256895,0.17718052315883265,0.055773476841167346,0.31478333987742824,4133.52001953125,0.0,3135.000000000002,3094.5,3057.0,0.008004310036112077,0.007900905073923065,0.007805159738562874,0.232954,1.3147833398774282,1.1027841744459164,2020-03-20,2023-02-17,36,0.19080664173946937,36,short leg,1.2343907791788429,0.4213299912712406,0.19223994172570436,own-history IV/RV z-score,Fixed 99/96,1.0626537121785489,1.0542154449126107,2.6916323017347255,1.0565372575182848,1.0482550935310395,2.6764142792842427,1.050799016660461,1.0426608819238943,2.662131088180189
1M 99/96 short put spread,short_put_spread,2023-04-21,2023-05-19,28,4133.52001953125,0.99,0.96,4090.0,3970.0,0.989471438549804,0.960440491697487,SPXW  230519P04090000,SPXW  230519P03970000,47.2,47.9,23.2,23.8,2405.0,2369.5,2337.0,24.05,23.695,23.37,0.00581828559831853,0.005732402380547092,0.005653776899488734,99/96,0.156477,0.185139,0.09305932314941051,0.0634176768505895,0.6814758017181131,4191.97998046875,0.0,2405.0,2369.5,2337.0,0.00581828559831853,0.005732402380547092,0.005653776899488734,0.156477,1.681475801718113,1.1312119501747584,2020-04-17,2023-03-17,36,1.0445982146023842,36,short leg,1.25081206389778,0.4122769231271,0.4864374456602458,own-history IV/RV z-score,Fixed 99/96,1.068836534968117,1.0626537121785489,2.570820286722734,1.0625937542084194,1.0565372575182848,2.556023080875506,1.0567399998668614,1.050799016660461,2.542140867094733
1M 99/96 short put spread,short_put_spread,2023-05-19,2023-06-16,28,4191.97998046875,0.99,0.96,4150.0,4025.0,0.9899856438569977,0.9601667991625098,SPXW  230616P04150000,SPXW  230616P04025000,46.2,46.8,23.4,24.0,2280.0,2247.0,2217.0,22.8,22.47,22.17,0.0054389572722745895,0.005360235522281142,0.005288670295014371,99/96,0.149999,0.185012,0.14247254139682455,0.00752645860317544,0.052827432776763716,4409.58984375,0.0,2280.0,2247.0,2217.0,0.0054389572722745895,0.005360235522281142,0.005288670295014371,0.149999,1.0528274327767637,1.1492457054488898,2020-05-15,2023-04-21,36,-0.5680147036574381,36,short leg,1.2812364525886721,0.4021181464866775,-0.083897004978988,own-history IV/RV z-score,Fixed 99/96,1.0746498912128546,1.068836534968117,2.549717651200708,1.0682895069954814,1.0625937542084194,2.5348254504058954,1.0623287493137108,1.0567399998668614,2.5208612750786465
1M 99/96 short put spread,short_put_spread,2023-06-16,2023-07-21,35,4409.58984375,0.99,0.96,4365.0,4235.0,0.9898879838420346,0.9604067838650668,SPXW  230721P04365000,SPXW  230721P04235000,37.9,38.3,15.9,16.2,2204.9999999999995,2184.499999999999,2166.999999999999,22.049999999999997,21.84499999999999,21.66999999999999,0.005000465073016463,0.004953975488437397,0.004914289257699171,99/96,0.122473,0.146048,0.11545072632825079,0.007022273671749207,0.06082485485438527,4536.33984375,0.0,2204.9999999999995,2184.499999999999,2166.999999999999,0.005000465073016463,0.004953975488437397,0.004914289257699171,0.122473,1.0608248548543853,1.1492457054488898,2020-06-19,2023-05-19,36,-0.5488666509762883,36,short leg,1.2814608254342472,0.4019846536265394,-0.07693816054763314,own-history IV/RV z-score,Fixed 99/96,1.0800236404595853,1.0746498912128546,2.4370744883132978,1.0735817870276918,1.0682895069954814,2.4226505068484725,1.067549340074608,1.0623287493137108,2.409132792292278
1M 99/96 short put spread,short_put_spread,2023-07-21,2023-08-18,28,4536.33984375,0.99,0.96,4490.0,4355.0,0.9897847504053636,0.960025075281817,SPXW  230818P04490000,SPXW  230818P04355000,34.3,34.6,12.8,13.1,2150.0000000000005,2132.0,2117.0,21.500000000000004,21.32,21.17,0.0047395038159722324,0.004699824249140836,0.004666757943448006,99/96,0.119243,0.146449,0.09358339156213479,0.025659608437865217,0.27418976817941565,4369.7099609375,-12029.00390625,-9879.00390625,-9897.00390625,-9912.00390625,-0.02177747754031463,-0.021817157107146025,-0.021850223412838855,0.119243,1.2741897681794156,1.1492457054488898,2020-07-17,2023-06-16,36,-0.014210355327216366,36,short leg,1.2799129090546968,0.40274438910896915,0.10871832031925965,own-history IV/RV z-score,Fixed 99/96,1.0565034498864678,1.0800236404595853,2.380826123394616,1.050159284512738,1.0735817870276918,2.366625570407457,1.0442231484897493,1.067549340074608,2.353327521405694
1M 99/96 short put spread,short_put_spread,2023-08-18,2023-09-15,28,4369.7099609375,0.99,0.96,4325.0,4195.0,0.9897682085682621,0.9600179502760369,SPXW  230915P04325000,SPXW  230915P04195000,49.9,50.3,23.0,23.4,2689.999999999999,2666.9999999999995,2646.999999999999,26.89999999999999,26.669999999999995,26.46999999999999,0.006156014985083524,0.0061033799127203575,0.006057610284578472,99/96,0.158766,0.183961,0.09834115862070726,0.06042484137929273,0.614441015611233,4450.31982421875,0.0,2689.999999999999,2666.9999999999995,2646.999999999999,0.006156014985083524,0.0061033799127203575,0.006057610284578472,0.158766,1.614441015611233,1.1492457054488898,2020-08-21,2023-07-21,36,0.824632037535588,36,short leg,1.2826501631656173,0.4023501844982549,0.4047831616483093,own-history IV/RV z-score,Fixed 99/96,1.0630073009557612,1.0565034498864678,2.4177885015961107,1.05656880559499,1.050159284512738,2.403269997094799,1.0505486453734356,1.0442231484897493,2.389685260176207
1M 99/96 short put spread,short_put_spread,2023-09-15,2023-10-20,35,4450.31982421875,0.99,0.96,4405.0,4270.0,0.9898165017327253,0.9594816032687258,SPXW  231020P04405000,SPXW  231020P04270000,39.9,40.3,17.4,17.7,2255.0,2234.4999999999995,2216.9999999999995,22.55,22.344999999999995,22.169999999999995,0.005067051558245847,0.005020987453170884,0.004981664436643477,99/96,0.126382,0.152544,0.11793981862660473,0.008442181373395266,0.07158041678971072,4224.16015625,-13500.0,-11245.0,-11265.5,-11283.0,-0.02526784690575368,-0.02531391101082864,-0.025353234027356047,0.126382,1.0715804167897107,1.1492457054488898,2020-09-18,2023-08-18,36,-0.5179519851064793,36,short leg,1.2756896792695287,0.3940698527062459,-0.06757935947982807,own-history IV/RV z-score,Fixed 99/96,1.0361473952155127,1.0630073009557612,2.3886087808135708,1.0298229168733408,1.05656880559499,2.374141291700243,1.023913839710161,1.0505486453734356,2.360613813992253
1M 99/96 short put spread,short_put_spread,2023-10-20,2023-11-17,28,4224.16015625,0.99,0.96,4180.0,4055.0,0.9895458139330581,0.95995413289439,SPXW  231117P04180000,SPXW  231117P04055000,67.4,67.8,36.7,37.0,3074.999999999999,3054.5000000000005,3037.000000000001,30.74999999999999,30.545000000000005,30.370000000000008,0.0072795535355123266,0.007231023178608915,0.00718959482515478,99/96,0.197367,0.223123,0.1289999620501261,0.0683670379498739,0.5299771942824929,4514.02001953125,0.0,3074.999999999999,3054.5000000000005,3037.000000000001,0.0072795535355123266,0.007231023178608915,0.00718959482515478,0.197367,1.529977194282493,1.1492457054488898,2020-10-16,2023-09-15,36,0.6444349338097728,36,short leg,1.2762131199727886,0.39377765076995574,0.3312881545073003,own-history IV/RV z-score,Fixed 99/96,1.0436900856496656,1.0361473952155127,2.4529074582611305,1.0372695902551148,1.0298229168733408,2.4379353025941293,1.0312753653535456,1.023913839710161,2.423946540462474
1M 99/96 short put spread,short_put_spread,2023-11-17,2023-12-15,28,4514.02001953125,0.99,0.96,4470.0,4335.0,0.9902481558919136,0.9603413323918222,SPXW  231215P04470000,SPXW  231215P04335000,35.6,35.9,13.1,13.4,2250.0,2231.9999999999995,2217.0,22.5,22.319999999999997,22.17,0.004984470583348558,0.004944594818681769,0.004911365014792779,99/96,0.11983,0.146344,0.15358771071537058,-0.03375771071537058,-0.2197943478559331,4719.18994140625,0.0,2250.0,2231.9999999999995,2217.0,0.004984470583348558,0.004944594818681769,0.004911365014792779,0.11983,0.7802056521440669,1.1492457054488898,2020-11-20,2023-10-20,36,-1.2692902027553938,36,short leg,1.2828988463207205,0.39604275924087323,-0.3211150161841829,own-history IV/RV z-score,Fixed 99/96,1.048892328179719,1.0436900856496656,2.312107791134798,1.0423984680966663,1.0372695902551148,2.2978843376127256,1.0363403351035605,1.0312753653535456,2.284605209749682
1M 99/96 short put spread,short_put_spread,2023-12-15,2024-01-19,35,4719.18994140625,0.99,0.96,4670.0,4530.0,0.9895766133558946,0.9599105050325917,SPXW  240119P04670000,SPXW  240119P04530000,33.7,34.2,12.6,13.0,2115.0000000000005,2089.5000000000005,2067.0000000000005,21.150000000000006,20.895000000000003,20.670000000000005,0.004481701364556141,0.004427666667252981,0.0043799889931619585,99/96,0.10938,0.132928,0.06939476407309018,0.03998523592690982,0.5761996090194252,4839.81005859375,0.0,2115.0000000000005,2089.5000000000005,2067.0000000000005,0.004481701364556141,0.004427666667252981,0.0043799889931619585,0.10938,1.5761996090194252,1.1492457054488898,2020-12-18,2023-11-17,36,0.7431214469227342,36,short leg,1.2780551203837147,0.4012056035663172,0.3715079391171354,own-history IV/RV z-score,Fixed 99/96,1.0535931503581943,1.048892328179719,2.222610959090077,1.0470138610478534,1.0423984680966663,2.208850419328633,1.040879494364484,1.0363403351035605,2.1960131886421723
1M 99/96 short put spread,short_put_spread,2024-01-19,2024-02-16,28,4839.81005859375,0.99,0.96,4790.0,4645.0,0.9897082616898766,0.9597484082566757,SPXW  240216P04790000,SPXW  240216P04645000,35.0,35.3,12.6,12.8,2245.0,2229.5000000000005,2217.0,22.45,22.295000000000005,22.17,0.004638611790174892,0.004606585739953195,0.004580758280096986,99/96,0.118486,0.144745,0.11146638199599988,0.007019618004000111,0.0629752027319952,5005.56982421875,0.0,2245.0,2229.5000000000005,2217.0,0.004638611790174892,0.004606585739953195,0.004580758280096986,0.118486,1.0629752027319952,1.1492457054488898,2021-01-15,2023-12-15,36,-0.5296601865199531,36,short leg,1.2722727433713192,0.3951543762699625,-0.07506706556123066,own-history IV/RV z-score,Fixed 99/96,1.0584803599674935,1.0535931503581943,2.1769307836521277,1.0518370201696896,1.0470138610478534,2.1633366772085116,1.045647511726877,1.040879494364484,2.1506618684678727
1M 99/96 short put spread,short_put_spread,2024-02-16,2024-03-15,28,5005.56982421875,0.99,0.96,4955.0,4805.0,0.9898972892208845,0.9599306709800909,SPXW  240315P04955000,SPXW  240315P04805000,41.1,41.5,15.5,15.8,2565.0,2544.5,2526.999999999999,25.65,25.445,25.269999999999992,0.005124291719175719,0.005083337340913301,0.00504837628629904,99/96,0.122318,0.149091,0.11937937431148893,0.002938625688511068,0.0246158576844564,5117.08984375,0.0,2565.0,2544.5,2526.999999999999,0.005124291719175719,0.005083337340913301,0.00504837628629904,0.122318,1.0246158576844564,1.1174462801024658,2021-02-19,2024-01-19,36,-0.5903201114116103,36,short leg,1.244484048671442,0.37245587052967405,-0.08307372271130309,own-history IV/RV z-score,Fixed 99/96,1.063904322110985,1.0584803599674935,2.11460512416825,1.0571838625708732,1.0518370201696896,2.1013332289972726,1.0509263338289065,1.045647511726877,2.0889679865570105
1M 99/96 short put spread,short_put_spread,2024-03-15,2024-04-19,35,5117.08984375,0.99,0.96,5065.0,4910.0,0.9898204164201607,0.9595297620183592,SPXW  240419P05065000,SPXW  240419P04910000,47.8,48.2,19.9,20.4,2785.0,2759.5,2737.0,27.85,27.595,27.37,0.005442546613484991,0.005392713601404607,0.005348743296627798,99/96,0.130171,0.15274,0.11704065445918542,0.01313034554081459,0.11218619377588523,4967.22998046875,-9777.001953125,-6992.001953125,-7017.501953125,-7040.001953125,-0.013664020305731026,-0.013713853317811409,-0.013757823622588218,0.130171,1.1121861937758852,1.0823054400019303,2021-03-19,2024-02-16,36,-0.3388581581233664,36,short leg,1.2390021009551453,0.37424481051771175,0.02760842981062872,own-history IV/RV z-score,Fixed 99/96,1.0493671118503054,1.063904322110985,2.0791198798481814,1.042685798149619,1.0571838625708732,2.0659865174384513,1.0364678746877551,1.0509263338289065,2.0537578309524998
1M 99/96 short put spread,short_put_spread,2024-04-19,2024-05-17,28,4967.22998046875,0.99,0.96,4920.0,4770.0,0.9904916863816535,0.9602937691139202,SPXW  240517P04920000,SPXW  240517P04770000,65.0,65.5,30.4,30.9,3460.0,3432.0,3407.0,34.6,34.32,34.07,0.006965652916423823,0.006909283470857388,0.006858953608744499,99/96,0.171398,0.194165,0.10893980513918047,0.06245819486081952,0.5733275801349518,5303.27001953125,0.0,3460.0,3432.0,3407.0,0.006965652916423823,0.006909283470857388,0.006858953608744499,0.171398,1.5733275801349518,1.1006023490747545,2021-04-16,2024-03-15,36,0.8872311519397486,36,short leg,1.243871187134124,0.37133095730525145,0.42951501190016916,own-history IV/RV z-score,Fixed 99/96,1.0566766389333648,1.0493671118503054,2.112580081809053,1.0498900099000716,1.042685798149619,2.099129297917513,1.0435769597571924,1.0364678746877551,2.086611408698949
1M 99/96 short put spread,short_put_spread,2024-05-17,2024-06-21,35,5303.27001953125,0.99,0.96,5250.0,5090.0,0.9899552503766424,0.9597851856032591,SPXW  240621P05250000,SPXW  240621P05090000,38.4,38.7,13.9,14.2,2449.9999999999995,2431.9999999999995,2416.999999999999,24.499999999999996,24.319999999999997,24.16999999999999,0.004619791168424331,0.0045858498455542745,0.0045575654098292265,99/96,0.107609,0.131335,0.11659475352036235,-0.00898575352036235,-0.07706824920551048,5464.6201171875,0.0,2449.9999999999995,2431.9999999999995,2416.999999999999,0.004619791168424331,0.0045858498455542745,0.0045575654098292265,0.107609,0.9229317507944895,1.1006023490747545,2021-05-21,2024-04-19,36,-0.8847225165424176,36,short leg,1.25484040768107,0.3751556569213498,-0.16143032806501612,own-history IV/RV z-score,Fixed 99/96,1.0615582643377894,1.0566766389333648,1.9925001650712917,1.0547046478398208,1.0498900099000716,1.9797031002258305,1.0483331300114767,1.0435769597571924,1.9677990294928127
1M 99/96 short put spread,short_put_spread,2024-06-21,2024-07-19,28,5464.6201171875,0.99,0.96,5410.0,5245.0,0.9900047732475113,0.9598105426401473,SPXW  240719P05410000,SPXW  240719P05245000,36.5,36.7,12.7,13.0,2375.0,2359.4999999999995,2347.0,23.75,23.594999999999995,23.47,0.004346139254090276,0.004317774976853055,0.004294900559726264,99/96,0.117087,0.14334,0.0826413077878824,0.0344456922121176,0.41680962141269906,5505.0,0.0,2375.0,2359.4999999999995,2347.0,0.004346139254090276,0.004317774976853055,0.004294900559726264,0.117087,1.416809621412699,1.0823054400019303,2021-06-18,2024-05-17,36,0.4443361165329738,36,short leg,1.2484602520068482,0.3788784281580177,0.3090663402839149,own-history IV/RV z-score,Fixed 99/96,1.0661719443809319,1.0615582643377894,1.9426021234283828,1.0592586251762341,1.0547046478398208,1.9300603248202552,1.0528356165583426,1.0483331300114767,1.918400744297349
1M 99/96 short put spread,short_put_spread,2024-07-19,2024-08-16,28,5505.0,0.99,0.96,5450.0,5285.0,0.9900090826521344,0.9600363306085377,SPXW  240816P05450000,SPXW  240816P05285000,56.0,56.4,24.3,24.7,3170.0,3147.0,3127.0,31.7,31.47,31.27,0.0057584014532243415,0.005716621253405995,0.005680290644868301,99/96,0.145533,0.171826,0.09537907237887884,0.050153927621121155,0.5258378632777252,5554.25,0.0,3170.0,3147.0,3127.0,0.0057584014532243415,0.005716621253405995,0.005680290644868301,0.145533,1.5258378632777252,1.0823054400019303,2021-07-16,2024-06-21,36,0.8389576534849332,36,short leg,1.2300610741319948,0.35255270384280746,0.40980337609224615,own-history IV/RV z-score,Fixed 99/96,1.072311390454842,1.0661719443809319,1.9367337772587316,1.0653140055457702,1.0592586251762341,1.9241755225726325,1.058816028861663,1.0528356165583426,1.9125079319860898
1M 99/96 short put spread,short_put_spread,2024-08-16,2024-09-20,35,5554.25,0.99,0.96,5500.0,5330.0,0.9902327046856011,0.9596255119953189,SPXW  240920P05500000,SPXW  240920P05330000,56.4,57.1,25.4,26.0,3105.0,3069.5,3037.0,31.05,30.695,30.37,0.005590313723725075,0.0055263987036953685,0.005467884952963947,99/96,0.134191,0.160154,0.2198294850925169,-0.0856384850925169,-0.3895677827588746,5702.5498046875,0.0,3105.0,3069.5,3037.0,0.005590313723725075,0.0055263987036953685,0.005467884952963947,0.134191,0.6104322172411254,1.0823054400019303,2021-08-20,2024-07-19,36,-1.7587023886534923,36,short leg,1.22936631740413,0.3519265704966015,-0.4359889596045672,own-history IV/RV z-score,Fixed 99/96,1.0783059475370083,1.072311390454842,1.930614197155047,1.0712013554850468,1.0653140055457702,1.9180159437291624,1.0646055130938328,1.058816028861663,1.9063168364075493
1M 99/96 short put spread,short_put_spread,2024-09-20,2024-10-18,28,5702.5498046875,0.99,0.96,5645.0,5475.0,0.9899080575078548,0.9600968316838805,SPXW  241018P05645000,SPXW  241018P05475000,52.9,53.4,24.4,24.8,2855.0,2829.4999999999995,2806.9999999999995,28.55,28.294999999999995,28.069999999999997,0.005006532336908637,0.004961815498172675,0.004922359463993885,99/96,0.133952,0.167371,0.1490349492799142,-0.015082949279914215,-0.10120410918908518,5864.669921875,0.0,2855.0,2829.4999999999995,2806.9999999999995,0.005006532336908637,0.004961815498172675,0.004922359463993885,0.133952,0.8987958908109148,1.0754796861966516,2021-09-17,2024-08-16,36,-0.8427018584005875,36,short leg,1.1970783164450438,0.35395961532618003,-0.16428371233171768,own-history IV/RV z-score,Fixed 99/96,1.0837045211324332,1.0783059475370083,1.890918947609436,1.0765164589723561,1.0712013554850468,1.8784603241948339,1.06984588411663,1.0646055130938328,1.8668938449581385
1M 99/96 short put spread,short_put_spread,2024-10-18,2024-11-15,28,5864.669921875,0.99,0.96,5805.0,5630.0,0.9898255276648336,0.9599858261417765,SPXW  241115P05805000,SPXW  241115P05630000,63.5,64.0,30.3,30.7,3325.0,3299.5,3277.0,33.25,32.995,32.77,0.005669543289380829,0.005626062581447232,0.005587697250917588,99/96,0.153083,0.182745,0.08885243897592798,0.06423056102407201,0.7228902409924103,5870.6201171875,0.0,3325.0,3299.5,3277.0,0.005669543289380829,0.005626062581447232,0.005587697250917588,0.153083,1.7228902409924103,1.0734737067763884,2021-10-15,2024-09-20,36,1.714442209349115,36,short leg,1.1650361558501405,0.32538517898136565,0.6049673411808116,own-history IV/RV z-score,Fixed 99/96,1.0898486308278912,1.0837045211324332,1.8478525399873842,1.0825730079404927,1.0765164589723561,1.8355959897367622,1.0758238590222142,1.06984588411663,1.8242218204406437
1M 99/96 short put spread,short_put_spread,2024-11-15,2024-12-20,35,5870.6201171875,0.99,0.96,5810.0,5635.0,0.9896739840123496,0.95986452666258,SPXW  241220P05810000,SPXW  241220P05635000,63.1,63.6,31.8,32.1,3139.9999999999995,3116.9999999999995,3097.0,31.399999999999995,31.169999999999995,30.97,0.005348668347330081,0.00530949020338467,0.005275422252127792,99/96,0.141673,0.170225,0.14103151370132602,0.0006414862986739711,0.004548531614235518,5930.85009765625,0.0,3139.9999999999995,3116.9999999999995,3097.0,0.005348668347330081,0.00530949020338467,0.005275422252127792,0.141673,1.0045485316142355,1.0754796861966516,2021-11-19,2024-10-18,36,-0.5527721850428619,36,short leg,1.1890931697024283,0.3338529743023941,-0.06595303983216871,own-history IV/RV z-score,Fixed 99/96,1.0956778697029814,1.0898486308278912,1.8564455016210732,1.0883209187206013,1.0825730079404927,1.8440522233265069,1.08149928414747,1.0758238590222142,1.8325557395078402
1M 99/96 short put spread,short_put_spread,2024-12-20,2025-01-17,28,5930.85009765625,0.99,0.96,5870.0,5695.0,0.9897400715488835,0.9602333402846494,SPXW  250117P05870000,SPXW  250117P05695000,64.8,65.4,33.0,33.6,3179.9999999999995,3146.9999999999995,3116.9999999999986,31.799999999999997,31.469999999999995,31.169999999999987,0.005361794595443696,0.005306153330773997,0.005255570362892451,99/96,0.158503,0.190594,0.12998839918889074,0.028514600811109264,0.21936265842980096,5996.66015625,0.0,3179.9999999999995,3146.9999999999995,3116.9999999999986,0.005361794595443696,0.005306153330773997,0.005255570362892451,0.158503,1.219362658429801,1.0734737067763884,2021-12-17,2024-11-15,36,0.21271990869967514,36,short leg,1.1573132347353987,0.2916954227448717,0.1359036096855255,own-history IV/RV z-score,Fixed 99/96,1.1015526693831021,1.0956778697029814,1.8474212830568264,1.0940957163884215,1.0883209187206013,1.835016735881899,1.087183179732725,1.08149928414747,1.823514785131488
1M 99/96 short put spread,short_put_spread,2025-01-17,2025-02-21,35,5996.66015625,0.99,0.96,5935.0,5755.0,0.9897175836810204,0.9597008751616297,SPXW  250221P05935000,SPXW  250221P05755000,64.1,64.5,29.7,30.1,3440.0,3416.999999999999,3396.999999999999,34.4,34.16999999999999,33.96999999999999,0.005736526517039107,0.005698171833930996,0.005664819935576116,99/96,0.134614,0.160519,0.17492712098742877,-0.04031312098742876,-0.23045666538081244,6013.1298828125,0.0,3440.0,3416.999999999999,3396.999999999999,0.005736526517039107,0.005698171833930996,0.005664819935576116,0.134614,0.7695433346191876,1.0754796861966516,2022-01-21,2024-12-20,36,-1.3598428600334855,36,short leg,1.1641163107662031,0.29016071470000543,-0.2844650210543572,own-history IV/RV z-score,Fixed 99/96,1.1078717554809334,1.1015526693831021,1.8369436330905167,1.1003300617831706,1.0940957163884215,1.8245084561747322,1.093341876682898,1.087183179732725,1.812981145178974
1M 99/96 short put spread,short_put_spread,2025-02-21,2025-03-21,28,6013.1298828125,0.99,0.96,5955.0,5775.0,0.9903328409754371,0.9603983470416707,SPXW  250321P05955000,SPXW  250321P05775000,67.1,67.6,33.3,33.7,3384.999999999999,3359.499999999999,3336.9999999999986,33.849999999999994,33.59499999999999,33.36999999999998,0.005629347886988839,0.005586940687249337,0.005549522569832128,99/96,0.153745,0.186149,0.11847165954123519,0.035273340458764804,0.29773652699182107,5667.56005859375,-18000.0,-14615.0,-14640.5,-14663.000000000002,-0.02430514604677752,-0.02434755324651702,-0.024384971363934232,0.153745,1.297736526991821,1.0734737067763884,2022-02-18,2025-01-17,36,0.5589722625280059,36,short leg,1.1390339510396676,0.2839185172344791,0.20891319349487159,own-history IV/RV z-score,Fixed 99/96,1.0809447706628696,1.1078717554809334,1.8424211302130606,1.0735397170151615,1.1003300617831706,1.829879086643838,1.0666807663289954,1.093341876682898,1.818257543060941
1M 99/96 short put spread,short_put_spread,2025-03-21,2025-04-17,27,5667.56005859375,0.99,0.96,5610.0,5440.0,0.9898439437785099,0.9598486727549187,SPXW  250417P05610000,SPXW  250417P05440000,77.0,77.4,36.7,37.0,4035.0,4014.4999999999995,3997.0,40.35,40.144999999999996,39.97,0.007119465798834736,0.007083295030835699,0.007052417545958474,99/96,0.180761,0.202638,0.20198870343716668,-0.02122770343716668,-0.1050935179836433,5282.7001953125,-17000.0,-12965.0,-12985.5,-13003.0,-0.022875805224756473,-0.022911975992755507,-0.022942853477632735,0.180761,0.8949064820163567,1.0734737067763884,2022-03-18,2025-02-21,36,-0.8709350478380183,36,short leg,1.1432523530163485,0.2851485557005402,-0.16634522451068146,own-history IV/RV z-score,Fixed 99/96,1.0562172886304668,1.0809447706628696,1.9072489033862596,1.0489428007916406,1.0735397170151615,1.8941832215564223,1.0422080657997004,1.0666807663289954,1.8820810989229517
1M 99/96 short put spread,short_put_spread,2025-04-17,2025-05-16,29,5282.7001953125,0.99,0.96,5230.0,5070.0,0.9900240041334804,0.9597364628980393,SPXW  250516P05230000,SPXW  250516P05070000,123.5,125.0,78.6,79.8,4505.000000000001,4434.500000000002,4367.000000000002,45.05000000000001,44.34500000000002,43.670000000000016,0.008527835829103882,0.00839438135053522,0.008266605785948204,99/96,0.271815,0.297186,0.47703762093733293,-0.20522262093733296,-0.4302021725961367,5958.3798828125,0.0,4505.000000000001,4434.500000000002,4367.000000000002,0.008527835829103882,0.00839438135053522,0.008266605785948204,0.271815,0.5697978274038633,1.0734737067763884,2022-04-14,2025-03-21,36,-2.042560507335818,36,short leg,1.1460394822174964,0.28211729970498883,-0.4692018781578262,own-history IV/RV z-score,Fixed 99/96,1.0652245362677686,1.0562172886304668,1.999389042686315,1.0577480266763841,1.0489428007916406,1.985618645787242,1.050823589026602,1.0422080657997004,1.9728699855511072
1M 99/96 short put spread,short_put_spread,2025-05-16,2025-06-20,35,5958.3798828125,0.99,0.96,5900.0,5720.0,0.9902020542562413,0.9599925000585933,SPXW  250620P05900000,SPXW  250620P05720000,79.0,79.6,40.7,41.3,3830.0,3797.000000000001,3767.0,38.3,37.970000000000006,37.67,0.006427921809832889,0.006372537627137202,0.00632218837014112,99/96,0.152874,0.180426,0.18884472534624733,-0.03597072534624732,-0.190477786871171,5967.83984375,0.0,3830.0,3797.000000000001,3767.0,0.006427921809832889,0.006372537627137202,0.00632218837014112,0.152874,0.809522213128829,1.0672778097608528,2022-05-20,2025-04-17,36,-1.0690489279465518,36,short leg,1.1275477713017688,0.29748456769308856,-0.2415075009287223,own-history IV/RV z-score,Fixed 99/96,1.0720717162968132,1.0652245362677686,1.7877754645025365,1.0644885657764096,1.0577480266763841,1.7752275744075272,1.057467093700216,1.050823589026602,1.7636062313814536
1M 99/96 short put spread,short_put_spread,2025-06-20,2025-07-18,28,5967.83984375,0.99,0.96,5910.0,5730.0,0.9903080770824347,0.960146409760127,SPXW  250718P05910000,SPXW  250718P05730000,81.0,81.5,44.5,44.8,3660.0,3637.000000000001,3617.0,36.6,36.37000000000001,36.17,0.00613287235553589,0.006094332447290721,0.006060819483599266,99/96,0.177014,0.211357,0.127858204583138,0.04915579541686199,0.3844555425842784,6296.7900390625,0.0,3660.0,3637.000000000001,3617.0,0.00613287235553589,0.006094332447290721,0.006060819483599266,0.177014,1.3844555425842784,1.0672778097608528,2022-06-17,2025-05-16,36,0.8636386818306804,36,short leg,1.127360748713125,0.29768790963158576,0.2971838540281244,own-history IV/RV z-score,Fixed 99/96,1.0786465952888418,1.0720717162968132,1.7964150251444375,1.0709759129825906,1.0644885657764096,1.783708332741582,1.0638762108649793,1.057467093700216,1.7719428158040806
1M 99/96 short put spread,short_put_spread,2025-07-18,2025-08-15,28,6296.7900390625,0.99,0.96,6235.0,6045.0,0.9901870574246272,0.9600129530283674,SPXW  250815P06235000,SPXW  250815P06045000,63.9,64.4,29.2,29.5,3480.000000000001,3457.000000000001,3437.000000000001,34.80000000000001,34.57000000000001,34.37000000000001,0.005526625436788619,0.005490098889361567,0.005458336674207609,99/96,0.142608,0.173413,0.07780391943511435,0.06480408056488567,0.8329153728422374,6449.7998046875,0.0,3480.000000000001,3457.000000000001,3437.000000000001,0.005526625436788619,0.005490098889361567,0.005458336674207609,0.142608,1.8329153728422374,1.0734737067763884,2022-07-15,2025-06-20,36,2.3172692709277145,36,short leg,1.1381978187234945,0.29980009782834344,0.7074618234911696,own-history IV/RV z-score,Fixed 99/96,1.0846078709996707,1.0786465952888418,1.7130102617323992,1.0768556766529893,1.0709759129825906,1.7008283686429593,1.0696832054035605,1.0638762108649793,1.6895532553335302
1M 99/96 short put spread,short_put_spread,2025-08-15,2025-09-19,35,6449.7998046875,0.99,0.96,6385.0,6190.0,0.9899532068204031,0.9597197102926069,SPXW  250919P06385000,SPXW  250919P06190000,67.1,67.4,33.3,33.6,3379.9999999999995,3361.9999999999995,3346.999999999998,33.8,33.62,33.469999999999985,0.00524047273148467,0.005212564888535935,0.005189308352745321,99/96,0.130903,0.162637,0.10290173229558128,0.028001267704418714,0.2721165822941265,6664.35986328125,0.0,3379.9999999999995,3361.9999999999995,3346.999999999998,0.00524047273148467,0.005212564888535935,0.005189308352745321,0.130903,1.2721165822941265,1.0754796861966516,2022-08-19,2025-07-18,36,0.345288213565872,36,short leg,1.1615751598763036,0.32014247250502953,0.1828364576488335,own-history IV/RV z-score,Fixed 99/96,1.0902917289719982,1.0846078709996707,1.681614784712254,1.0824688567431313,1.0768556766529893,1.6695955056936287,1.0752341213961525,1.0696832054035605,1.65847505007233
1M 99/96 short put spread,short_put_spread,2025-09-19,2025-10-17,28,6664.35986328125,0.99,0.96,6600.0,6400.0,0.9903426788766533,0.9603322946682699,SPXW  251017P06600000,SPXW  251017P06400000,61.3,61.7,27.8,28.2,3350.0,3327.0,3307.0,33.5,33.27,33.07,0.005026739354904225,0.004992227413064584,0.004962217028856201,99/96,0.13269,0.165985,0.08509393365808247,0.04759606634191753,0.55933559885907,6664.009765625,0.0,3350.0,3327.0,3307.0,0.005026739354904225,0.004992227413064584,0.004962217028856201,0.13269,1.55933559885907,1.0754796861966516,2022-09-16,2025-08-15,36,1.2255328047674425,36,short leg,1.1666612175963174,0.3204111548342165,0.4498977701508584,own-history IV/RV z-score,Fixed 99/96,1.0957723413143483,1.0902917289719982,1.6360036842836163,1.087872787443553,1.0824688567431313,1.6242653142235468,1.0805696664633517,1.0752341213961525,1.6134094548531066
1M 99/96 short put spread,short_put_spread,2025-10-17,2025-11-21,35,6664.009765625,0.99,0.96,6595.0,6395.0,0.9896444080888096,0.9596324472673142,SPXW  251121P06595000,SPXW  251121P06395000,101.7,102.4,60.9,61.4,4090.000000000002,4057.000000000002,4027.000000000002,40.90000000000002,40.57000000000002,40.27000000000002,0.006137445987995804,0.006087926252640337,0.006042908311408094,99/96,0.178675,0.211405,0.12845643693574996,0.050218563064250044,0.39093847114386215,6602.990234375,0.0,4090.000000000002,4057.000000000002,4027.000000000002,0.006137445987995804,0.006087926252640337,0.006042908311408094,0.178675,1.3909384711438622,1.093889284703061,2022-10-21,2025-09-19,36,0.6431580267389841,36,short leg,1.1811758961620356,0.32614468958024145,0.2715532463794412,own-history IV/RV z-score,Fixed 99/96,1.1024975848743048,1.0957723413143483,1.6443138288402235,1.0944956767457636,1.087872787443553,1.632459773776343,1.0870994498818787,1.0805696664633517,1.6215007247397213
1M 99/96 short put spread,short_put_spread,2025-11-21,2025-12-19,28,6602.990234375,0.99,0.96,6535.0,6340.0,0.9897031145039342,0.9601710399318963,SPXW  251219P06535000,SPXW  251219P06340000,107.8,108.8,63.6,64.5,4425.0,4374.500000000001,4327.0,44.25,43.74500000000001,43.27,0.006701509229808583,0.00662502872899382,0.0065530916242670595,99/96,0.20668,0.23852,0.14231923964814291,0.06436076035185709,0.45222810711311245,6834.5,0.0,4425.0,4374.500000000001,4327.0,0.006701509229808583,0.00662502872899382,0.0065530916242670595,0.20668,1.4522281071131125,1.134902659320526,2022-11-18,2025-10-17,36,0.7960380405243486,36,short leg,1.1927085106996784,0.32601406365264785,0.2796058720864847,own-history IV/RV z-score,Fixed 99/96,1.1098859826151817,1.1024975848743048,1.6696944047179265,1.1017467420479639,1.0944956767457636,1.6575757920219947,1.094223312181645,1.0870994498818787,1.6463744626222019
1M 99/96 short put spread,short_put_spread,2025-12-19,2026-01-16,28,6834.5,0.99,0.96,6765.0,6560.0,0.9898310044626527,0.959836125539542,SPXW  260116P06765000,SPXW  260116P06560000,58.7,59.2,25.7,26.0,3310.0,3287.0,3267.0,33.1,32.87,32.67,0.004843075572463238,0.004809422781476333,0.004780159484965981,99/96,0.129486,0.161665,0.12316769468173602,0.006318305318263967,0.051298397153493935,6940.009765625,0.0,3310.0,3287.0,3267.0,0.004843075572463238,0.004809422781476333,0.004780159484965981,0.129486,1.051298397153494,1.1884908916474841,2022-12-16,2025-11-21,36,-0.4964586023859491,36,short leg,1.2109248125113592,0.3215301630200598,-0.11543419933476662,own-history IV/RV z-score,Fixed 99/96,1.1152612443058048,1.1098859826151817,1.6239461300975664,1.1070455079285866,1.1017467420479639,1.6120370795931873,1.099453874126041,1.094223312181645,1.6010290616455407
1M 99/96 short put spread,short_put_spread,2026-01-16,2026-02-20,35,6940.009765625,0.99,0.96,6870.0,6660.0,0.9899121517131331,0.9596528282983211,SPXW  260220P06870000,SPXW  260220P06660000,77.8,78.2,39.5,39.8,3835.0,3814.5000000000014,3797.0000000000005,38.35,38.14500000000001,37.970000000000006,0.005525928823609702,0.005496389960276197,0.005471173857430519,99/96,0.138389,0.169386,0.08500857998827482,0.05338042001172519,0.6279415562415924,6909.509765625,0.0,3835.0,3814.5000000000014,3797.0000000000005,0.005525928823609702,0.005496389960276197,0.005471173857430519,0.138389,1.6279415562415924,1.1884908916474841,2023-01-20,2025-12-19,36,1.2977928267028456,36,short leg,1.2102499797758943,0.3218476538561856,0.3697551808621289,own-history IV/RV z-score,Fixed 99/96,1.121424098561569,1.1152612443058048,1.6070024134978536,1.1131302617439343,1.1070455079285866,1.5951641933012306,1.10546917741961,1.099453874126041,1.58422525508799
1M 99/96 short put spread,short_put_spread,2026-02-20,2026-03-20,28,6909.509765625,0.99,0.96,6840.0,6635.0,0.9899399859059737,0.9602707319424174,SPXW  260320P06840000,SPXW  260320P06635000,89.6,90.1,49.6,50.1,4000.0,3972.0,3947.0,40.0,39.72,39.47,0.005789122724596338,0.005748598865524163,0.005712416848495436,99/96,0.170161,0.205896,0.11883316462118158,0.05132783537881842,0.4319319067403631,6506.47998046875,-20500.0,-16500.0,-16528.0,-16553.0,-0.023880131238959892,-0.023920655098032064,-0.023956837115060792,0.170161,1.431931906740363,1.2457396203619637,2023-02-17,2026-01-16,36,0.6284075341535268,36,short leg,1.2255992730947423,0.3283420748981847,0.14946324523603027,own-history IV/RV z-score,Fixed 99/96,1.0946443439133864,1.121424098561569,1.6230154332231856,1.0865034566735754,1.1131302617439343,1.6110119234244198,1.078985632400448,1.10546917741961,1.599924184085171
1M 99/96 short put spread,short_put_spread,2026-03-20,2026-04-17,28,6506.47998046875,0.99,0.96,6440.0,6245.0,0.989782496731211,0.9598123745475795,SPXW  260417P06440000,SPXW  260417P06245000,127.5,128.8,77.3,78.4,5030.000000000001,4967.0,4906.999999999999,50.30000000000001,49.67,49.06999999999999,0.007730754594034149,0.007633928045440877,0.007541712284875856,99/96,0.243755,0.270405,0.13417735976579712,0.10957764023420288,0.8166626651878353,7126.06005859375,0.0,5030.000000000001,4967.0,4906.999999999999,0.007730754594034149,0.007633928045440877,0.007541712284875856,0.243755,1.8166626651878353,1.273153175236771,2023-03-17,2026-02-20,36,1.7685539061051638,36,short leg,1.2332190725912755,0.3298986763041117,0.4269003137426779,own-history IV/RV z-score,Fixed 99/96,1.1031067707039284,1.0946443439133864,1.6823910120361645,1.0947977458829443,1.0865034566735754,1.6698790435612771,1.087123031599527,1.078985632400448,1.6583246788422674
1M 99/96 short put spread,short_put_spread,2026-04-17,2026-05-15,28,7126.06005859375,0.99,0.96,7055.0,6840.0,0.9900281420575379,0.9598571922995832,SPXW  260515P07055000,SPXW  260515P06840000,79.3,80.0,37.0,37.6,4235.000000000002,4199.500000000002,4167.000000000002,42.350000000000016,41.99500000000002,41.670000000000016,0.0059429754523227145,0.0058931583027223705,0.005847551053088253,99/96,0.152383,0.181502,0.1875932767303727,-0.03521027673037272,-0.1876947689387629,7408.5,0.0,4235.000000000002,4199.500000000002,4167.000000000002,0.0059429754523227145,0.0058931583027223705,0.005847551053088253,0.152383,0.8123052310612371,1.273153175236771,2023-04-21,2026-03-20,36,-1.2650058411706595,36,short leg,1.247160164961009,0.3437572537193576,-0.3619736832450102,own-history IV/RV z-score,Fixed 99/96,1.109662507163513,1.1031067707039284,1.5479897189101355,1.1012495623088963,1.0947977458829443,1.536329664472391,1.0934800390277932,1.087123031599527,1.5255597380048729
1M 99/96 short put spread,short_put_spread,2026-05-15,2026-06-18,34,7408.5,0.99,0.96,7335.0,7110.0,0.9900789633529055,0.9597084430046569,SPXW  260618P07335000,SPXW  260618P07110000,107.1,107.8,56.2,56.8,5094.999999999998,5059.5,5027.0,50.94999999999998,50.595,50.27,0.006877235607747854,0.006829317675642843,0.006785449146250928,99/96,0.16285,0.190056,0.11373466510524415,0.04911533489475585,0.4318413814232194,7500.580078125,0.0,5094.999999999998,5059.5,5027.0,0.006877235607747854,0.006829317675642843,0.006785449146250928,0.16285,1.4318413814232194,1.2457396203619637,2023-05-19,2026-04-17,36,0.6089899579899193,36,short leg,1.223016537998318,0.3429035909133301,0.14939057730794625,own-history IV/RV z-score,Fixed 99/96,1.1172939176703605,1.109662507163513,1.4978234557110253,1.1087703454100664,1.1012495623088963,1.4864676551378773,1.1008997922250567,1.0934800390277932,1.475980345586547
1M 99/96 short put spread,short_put_spread,2026-06-18,2026-07-17,29,7500.580078125,0.99,0.96,7425.0,7200.0,0.9899234356092771,0.9599257557423293,SPXW  260717P07425000,SPXW  260717P07200000,77.1,77.6,35.8,36.2,4134.999999999999,4109.499999999999,4086.9999999999986,41.349999999999994,41.09499999999999,40.86999999999998,0.005512906944436849,0.005478909573920974,0.005448911894054026,99/96,0.147555,0.17626,0.1644843782530378,-0.016929378253037808,-0.10292392768749237,7457.68994140625,0.0,4134.999999999999,4109.499999999999,4086.9999999999986,0.005512906944436849,0.005478909573920974,0.005448911894054026,0.147555,0.8970760723125076,1.273153175236771,2023-06-16,2026-05-15,36,-0.9799663540002328,36,short leg,1.2335447032384974,0.34334712569724596,-0.29539030356997187,own-history IV/RV z-score,Fixed 99/96,1.1234534550680624,1.1172939176703605,1.489610011536151,1.1148451978708132,1.1087703454100664,1.4782461274478353,1.1068984981970733,1.1008997922250567,1.4677528681225152
1M 99/96 short put spread,short_put_spread,2026-07-17,2026-08-21,35,7457.68994140625,0.99,0.96,7385.0,7160.0,0.9902530217832383,0.960082821390384,SPXW  260821P07385000,SPXW  260821P07160000,108.0,108.6,60.0,60.6,4800.0,4767.0,4737.000000000001,48.0,47.67,47.37000000000001,0.0064363094171422395,0.006392059789899386,0.006351832856042248,99/96,0.161049,0.192017,0.11630524664665977,0.04474375335334023,0.38470967255048816,7674.3701171875,0.0,4800.0,4767.0,4737.000000000001,0.0064363094171422395,0.006392059789899386,0.006351832856042248,0.161049,1.3847096725504882,1.273153175236771,2023-07-21,2026-06-18,36,0.4490420990269353,36,short leg,1.2289961259456674,0.3467682583487131,0.08762221190939634,own-history IV/RV z-score,Fixed 99/96,1.130684349120638,1.1234534550680624,1.5064362609532405,1.1219713550320856,1.1148451978708132,1.4948934678566077,1.1139293324462254,1.1068984981970733,1.4842377557846718
1M 99/96 short put spread,short_put_spread,2026-08-21,2026-09-18,28,7674.3701171875,0.99,0.96,7600.0,7365.0,0.9903092871399386,0.9596878815507431,SPXW  260918P07600000,SPXW  260918P07365000,71.6,72.0,30.5,30.8,4115.0,4094.499999999999,4076.9999999999995,41.15,40.94499999999999,40.769999999999996,0.005362003574448483,0.005335291284466418,0.005312488110091486,99/96,0.132184,0.16335,0.1288172437050172,0.0033667562949827867,0.026135913159983648,7650.5,0.0,4115.0,4094.499999999999,4076.9999999999995,0.005362003574448483,0.005335291284466418,0.005312488110091486,0.132184,1.0261359131599836,1.2849265546429738,2023-08-18,2026-07-17,36,-0.5923188090049595,36,short leg,1.2320661232893082,0.34766785555108093,-0.20140500680593143,own-history IV/RV z-score,Fixed 99/96,1.1367470826421957,1.130684349120638,1.4733252786288742,1.1279573990240093,1.1219713550320856,1.4619719115700733,1.1198470687803281,1.1139293324462254,1.4514928462356436
