strategy,kind,entry_date,expiration_date,dte,spot_entry,target_upper_ratio,target_lower_ratio,upper_strike,lower_strike,actual_upper_ratio,actual_lower_ratio,upper_symbol,lower_symbol,upper_bid,upper_ask,lower_bid,lower_ask,premium_mid_cash,premium_realistic_cash,premium_natural_cash,premium_mid_points,premium_realistic_points,premium_natural_points,premium_mid_pct_spot_notional,premium_realistic_pct_spot_notional,premium_natural_pct_spot_notional,spread,short_leg_implied_vol,long_leg_implied_vol,realized_vol_21d,iv_minus_realized_vol,iv_rv_pct_deviation,spot_expiration,expiration_value_cash,pnl_mid_cash,pnl_realistic_cash,pnl_natural_cash,pnl_mid_pct_spot_notional,pnl_realistic_pct_spot_notional,pnl_natural_pct_spot_notional,iv_rank
1M 98/95 short put spread,short_put_spread,2016-10-21,2016-11-18,28,2141.159912109375,0.98,0.95,2100.0,2040.0,0.9807768154650224,0.9527546207374503,SPXW  161118P02100000,SPXW  161118P02040000,16.9,17.6,7.3,7.7,975.0,944.5,916.9999999999998,9.75,9.445,9.169999999999998,0.004553606643230461,0.004411160486698636,0.004282725427530596,98/95,0.138299,0.163233,0.08847944031872756,0.04981955968127244,0.5630636846459305,2181.89990234375,0.0,975.0,944.5,916.9999999999998,0.004553606643230461,0.004411160486698636,0.004282725427530596,1.0
1M 99/96 short put spread,short_put_spread,2016-10-21,2016-11-18,28,2141.159912109375,0.99,0.96,2120.0,2060.0,0.9901175470408797,0.9620953523133077,SPXW  161118P02120000,SPXW  161118P02060000,22.2,22.9,9.6,10.2,1264.9999999999995,1229.4999999999995,1196.9999999999995,12.649999999999995,12.294999999999995,11.969999999999995,0.005908012721729776,0.005742214736258308,0.0055904278481506255,99/96,0.128447,0.155203,0.08847944031872756,0.03996755968127244,0.45171578320678973,2181.89990234375,0.0,1264.9999999999995,1229.4999999999995,1196.9999999999995,0.005908012721729776,0.005742214736258308,0.0055904278481506255,2.0
1M 100/97 short put spread,short_put_spread,2016-10-21,2016-11-18,28,2141.159912109375,1.0,0.97,2140.0,2075.0,0.9994582786167371,0.9691009009952006,SPXW  161118P02140000,SPXW  161118P02075000,29.1,29.9,12.0,12.5,1725.0,1689.5,1657.0,17.25,16.895,16.57,0.00805638098417697,0.007890582998705502,0.007738796110597819,100/97,0.117974,0.149324,0.08847944031872756,0.02949455968127243,0.33334930210933544,2181.89990234375,0.0,1725.0,1689.5,1657.0,0.00805638098417697,0.007890582998705502,0.007738796110597819,3.0
1M 101/98 short put spread,short_put_spread,2016-10-21,2016-11-18,28,2141.159912109375,1.01,0.98,2165.0,2100.0,1.0111341930865587,0.9807768154650224,SPXW  161118P02165000,SPXW  161118P02100000,40.5,42.1,16.9,17.6,2405.0,2344.5,2287.0,24.05,23.445,22.87,0.01123222971996847,0.010949672589798785,0.010681126556992887,101/98,0.10392,0.138299,0.08847944031872756,0.015440559681272434,0.17451014185500324,2181.89990234375,0.0,2405.0,2344.5,2287.0,0.01123222971996847,0.010949672589798785,0.010681126556992887,4.0
1M 102/99 short put spread,short_put_spread,2016-10-21,2016-11-18,28,2141.159912109375,1.02,0.99,2185.0,2120.0,1.020474924662416,0.9901175470408797,SPXW  161118P02185000,SPXW  161118P02120000,53.1,55.1,22.2,22.9,3155.0000000000005,3084.5,3017.0,31.550000000000004,30.845,30.17,0.01473500406091498,0.014405743272866008,0.014090493582180822,102/99,0.092895,0.128447,0.08847944031872756,0.004415559681272441,0.049904923283492275,2181.89990234375,-310.009765625,2844.9902343750005,2774.490234375,2706.990234375,0.013287145057616193,0.012957884269567219,0.012642634578882034,5.0
1M 103/100 short put spread,short_put_spread,2016-10-21,2016-11-18,28,2141.159912109375,1.03,1.0,2200.0,2140.0,1.0274804733443093,0.9994582786167371,SPXW  161118P02200000,SPXW  161118P02140000,64.8,67.0,29.1,29.9,3640.000000000001,3562.000000000001,3487.000000000001,36.400000000000006,35.62000000000001,34.87000000000001,0.01700013146806039,0.016635842936601954,0.016285565502507305,103/100,0.085832,0.117974,0.08847944031872756,-0.002647440318727559,-0.029921531026764425,2181.89990234375,-1810.009765625,1829.990234375001,1751.990234375001,1676.990234375001,0.008546723782868587,0.00818243525141015,0.0078321578173155,6.0
1M 98/95 short put spread,short_put_spread,2016-12-16,2017-01-20,35,2258.070068359375,0.98,0.95,2215.0,2145.0,0.9809261594833202,0.9499262357073236,SPXW  170120P02215000,SPXW  170120P02145000,14.5,15.2,5.9,6.3,875.0,844.5000000000001,817.0000000000001,8.75,8.445,8.170000000000002,0.003874990471999572,0.0037399193755470158,0.0036181339607127437,98/95,0.116227,0.144865,0.07720428147096217,0.039022718529037825,0.5054475967594483,2271.31005859375,0.0,875.0,844.5000000000001,817.0000000000001,0.003874990471999572,0.0037399193755470158,0.0036181339607127437,1.0
1M 99/96 short put spread,short_put_spread,2016-12-16,2017-01-20,35,2258.070068359375,0.99,0.96,2235.0,2170.0,0.9897832805621763,0.9609976370558938,SPXW  170120P02235000,SPXW  170120P02170000,19.2,20.0,8.0,8.5,1135.0000000000002,1099.5000000000002,1067.0000000000002,11.350000000000001,10.995000000000003,10.670000000000002,0.0050264162122508746,0.004869202313101177,0.004725274095569765,99/96,0.108149,0.134581,0.07720428147096217,0.030944718529037823,0.40081609386749695,2271.31005859375,0.0,1135.0000000000002,1099.5000000000002,1067.0000000000002,0.0050264162122508746,0.004869202313101177,0.004725274095569765,2.0
1M 100/97 short put spread,short_put_spread,2016-12-16,2017-01-20,35,2258.070068359375,1.0,0.97,2260.0,2190.0,1.0008546819107464,0.96985475813475,SPXW  170120P02260000,SPXW  170120P02190000,27.7,28.6,10.3,10.9,1754.9999999999998,1714.4999999999993,1676.9999999999993,17.549999999999997,17.144999999999992,16.769999999999992,0.0077721237466962835,0.007592767044849444,0.00742669602462089,100/97,0.09873,0.126198,0.07720428147096217,0.021525718529037827,0.27881508795770626,2271.31005859375,0.0,1754.9999999999998,1714.4999999999993,1676.9999999999993,0.0077721237466962835,0.007592767044849444,0.00742669602462089,3.0
1M 101/98 short put spread,short_put_spread,2016-12-16,2017-01-20,35,2258.070068359375,1.01,0.98,2280.0,2215.0,1.0097118029896026,0.9809261594833202,SPXW  170120P02280000,SPXW  170120P02215000,36.8,38.8,14.5,15.2,2294.9999999999995,2224.5,2156.9999999999995,22.949999999999996,22.245,21.569999999999997,0.010163546437987446,0.009851332919957769,0.009552405083546371,101/98,0.092185,0.116227,0.07720428147096217,0.014980718529037831,0.1940399967930837,2271.31005859375,-868.994140625,1426.0058593749995,1355.505859375,1288.0058593749995,0.006315153277821354,0.006002939759791676,0.005704011923380279,4.0
1M 102/99 short put spread,short_put_spread,2016-12-16,2017-01-20,35,2258.070068359375,1.02,0.99,2305.0,2235.0,1.0207832043381728,0.9897832805621763,SPXW  170120P02305000,SPXW  170120P02235000,52.8,55.4,19.2,20.0,3449.999999999999,3362.0,3277.0,34.49999999999999,33.62,32.77,0.015278533861026879,0.014888820533557213,0.014512392887705824,102/99,0.086448,0.108149,0.07720428147096217,0.009243718529037825,0.11973064644756182,2271.31005859375,-3368.994140625,81.00585937499909,-6.994140625,-91.994140625,0.0003587393522905813,-3.097397517908586e-05,-0.00040740162103047287,5.0
1M 103/100 short put spread,short_put_spread,2016-12-16,2017-01-20,35,2258.070068359375,1.03,1.0,2325.0,2260.0,1.029640325417029,1.0008546819107464,SPXW  170120P02325000,SPXW  170120P02260000,68.2,71.4,27.7,28.6,4165.000000000001,4059.500000000002,3957.000000000002,41.650000000000006,40.59500000000002,39.57000000000002,0.018444954646717967,0.01797774150980831,0.017523814054516928,103/100,0.081518,0.09873,0.07720428147096217,0.004313718529037822,0.055874084271612334,2271.31005859375,-5368.994140625,-1203.994140624999,-1309.4941406249982,-1411.9941406249982,-0.0053319609408744965,-0.005799174077784155,-0.006253101533075533,6.0
1M 98/95 short put spread,short_put_spread,2017-01-20,2017-02-17,28,2271.31005859375,0.98,0.95,2225.0,2160.0,0.9796108600767514,0.9509930147261946,SPXW  170217P02225000,SPXW  170217P02160000,10.5,11.4,4.4,4.8,635.0,599.5,567.0000000000001,6.35,5.995,5.670000000000001,0.0027957433534774702,0.002639445890409045,0.0024963566636562614,98/95,0.109702,0.142999,0.061743754516672196,0.0479582454833278,0.7767303083322865,2351.159912109375,0.0,635.0,599.5,567.0000000000001,0.0027957433534774702,0.002639445890409045,0.0024963566636562614,1.0
1M 99/96 short put spread,short_put_spread,2017-01-20,2017-02-17,28,2271.31005859375,0.99,0.96,2250.0,2180.0,0.9906177236731194,0.9597985056032889,SPXW  170217P02250000,SPXW  170217P02180000,15.9,16.5,5.5,6.2,1035.0,999.5,966.9999999999999,10.35,9.995,9.669999999999998,0.004556841528896349,0.004400544065827924,0.004257454839075139,99/96,0.096781,0.132594,0.061743754516672196,0.03503724548332781,0.567462179091603,2351.159912109375,0.0,1035.0,999.5,966.9999999999999,0.004556841528896349,0.004400544065827924,0.004257454839075139,2.0
1M 100/97 short put spread,short_put_spread,2017-01-20,2017-02-17,28,2271.31005859375,1.0,0.97,2270.0,2205.0,0.9994232145502138,0.970805369199657,SPXW  170217P02270000,SPXW  170217P02205000,22.3,23.1,7.8,8.6,1450.0000000000005,1407.0000000000005,1367.0000000000005,14.500000000000005,14.070000000000004,13.670000000000005,0.006383980885893438,0.006194662832035908,0.006018553014494021,100/97,0.086585,0.119998,0.061743754516672196,0.0248412454833278,0.4023280682845438,2351.159912109375,0.0,1450.0000000000005,1407.0000000000005,1367.0000000000005,0.006383980885893438,0.006194662832035908,0.006018553014494021,3.0
1M 101/98 short put spread,short_put_spread,2017-01-20,2017-02-17,28,2271.31005859375,1.01,0.98,2295.0,2225.0,1.0104300781465818,0.9796108600767514,SPXW  170217P02295000,SPXW  170217P02225000,34.5,36.4,10.5,11.4,2450.0000000000005,2377.0,2307.0,24.500000000000004,23.77,23.07,0.010786726324440636,0.010465325907426687,0.010157133726728385,101/98,0.075413,0.109702,0.061743754516672196,0.013669245483327798,0.2213866906917168,2351.159912109375,0.0,2450.0000000000005,2377.0,2307.0,0.010786726324440636,0.010465325907426687,0.010157133726728385,4.0
1M 102/99 short put spread,short_put_spread,2017-01-20,2017-02-17,28,2271.31005859375,1.02,0.99,2315.0,2250.0,1.019235569023676,0.9906177236731194,SPXW  170217P02315000,SPXW  170217P02250000,49.0,51.5,15.9,16.5,3405.0,3324.5,3247.0,34.05,33.245,32.47,0.014991348218253207,0.014636927210450157,0.014295714438962749,102/99,0.069889,0.096781,0.061743754516672196,0.00814524548332781,0.13192015203948126,2351.159912109375,0.0,3405.0,3324.5,3247.0,0.014991348218253207,0.014636927210450157,0.014295714438962749,6.0
1M 103/100 short put spread,short_put_spread,2017-01-20,2017-02-17,28,2271.31005859375,1.03,1.0,2340.0,2270.0,1.0302424326200441,0.9994232145502138,SPXW  170217P02340000,SPXW  170217P02270000,68.3,78.0,22.3,23.1,5045.0,4779.500000000001,4517.000000000001,50.45,47.79500000000001,45.17000000000001,0.02221185073747061,0.021042921823536332,0.019887201145917695,103/100,0.072749,0.086585,0.061743754516672196,0.011005245483327798,0.17824062643220273,2351.159912109375,0.0,5045.0,4779.500000000001,4517.000000000001,0.02221185073747061,0.021042921823536332,0.019887201145917695,5.0
1M 98/95 short put spread,short_put_spread,2017-02-17,2017-03-17,28,2351.159912109375,0.98,0.95,2305.0,2235.0,0.9803671745713111,0.9505946356472366,SPXW  170317P02305000,SPXW  170317P02235000,11.0,11.8,4.2,4.8,690.0,652.0,617.0,6.9,6.52,6.17,0.0029347216939444886,0.002773099339785227,0.002624236645164854,98/95,0.107859,0.141786,0.05836647846604265,0.04949252153395735,0.8479614126925932,2378.25,0.0,690.0,652.0,617.0,0.0029347216939444886,0.002773099339785227,0.002624236645164854,1.0
1M 99/96 short put spread,short_put_spread,2017-02-17,2017-03-17,28,2351.159912109375,0.99,0.96,2330.0,2255.0,0.9910002241870519,0.9591010753398292,SPXW  170317P02330000,SPXW  170317P02255000,16.6,17.6,5.4,5.9,1145.0000000000002,1104.5000000000002,1067.0000000000002,11.450000000000003,11.045000000000002,10.670000000000002,0.0048699367240093334,0.004697681320234331,0.004538185575998217,99/96,0.096832,0.131486,0.05836647846604265,0.03846552153395735,0.6590344756937223,2378.25,0.0,1145.0000000000002,1104.5000000000002,1067.0000000000002,0.0048699367240093334,0.004697681320234331,0.004538185575998217,2.0
1M 100/97 short put spread,short_put_spread,2017-02-17,2017-03-17,28,2351.159912109375,1.0,0.97,2350.0,2280.0,0.9995066638796447,0.9697341249555702,SPXW  170317P02350000,SPXW  170317P02280000,23.6,24.8,7.6,8.3,1625.0000000000005,1574.5,1527.0,16.250000000000004,15.745,15.27,0.006911482250231587,0.006696694647993619,0.006494666705294542,100/97,0.089047,0.119905,0.05836647846604265,0.030680521533957353,0.5256531204260875,2378.25,0.0,1625.0000000000005,1574.5,1527.0,0.006911482250231587,0.006696694647993619,0.006494666705294542,3.0
1M 101/98 short put spread,short_put_spread,2017-02-17,2017-03-17,28,2351.159912109375,1.01,0.98,2375.0,2305.0,1.0101397134953856,0.9803671745713111,SPXW  170317P02375000,SPXW  170317P02305000,36.9,38.7,11.0,11.8,2639.9999999999995,2571.999999999999,2506.999999999999,26.399999999999995,25.71999999999999,25.06999999999999,0.01122850039422239,0.010939281444674235,0.01066282215466497,101/98,0.082618,0.107859,0.05836647846604265,0.02425152153395735,0.415504278677131,2378.25,0.0,2639.9999999999995,2571.999999999999,2506.999999999999,0.01122850039422239,0.010939281444674235,0.01066282215466497,4.0
1M 102/99 short put spread,short_put_spread,2017-02-17,2017-03-17,28,2351.159912109375,1.02,0.99,2400.0,2330.0,1.0207727631111265,0.9910002241870519,SPXW  170317P02400000,SPXW  170317P02330000,55.6,58.1,16.6,17.6,3975.0,3884.5,3797.0,39.75,38.845,37.97,0.016906548889028032,0.016521632492938212,0.01614947575638728,102/99,0.081496,0.096832,0.05836647846604265,0.02312952153395735,0.3962809157214102,2378.25,-2175.0,1800.0,1709.5,1622.0,0.007655795723333449,0.007270879327243628,0.0068987225906926965,5.0
1M 103/100 short put spread,short_put_spread,2017-02-17,2017-03-17,28,2351.159912109375,1.03,1.0,2420.0,2350.0,1.0292792028037192,0.9995066638796447,SPXW  170317P02420000,SPXW  170317P02350000,69.0,78.9,23.6,24.8,4975.0,4694.499999999998,4417.0,49.75,46.94499999999998,44.17,0.021159768735324394,0.019966740568438255,0.018786472061091023,103/100,0.077106,0.089047,0.05836647846604265,0.018739521533957346,0.3210665098607912,2378.25,-4175.0,800.0,519.4999999999982,242.0,0.003402575877037088,0.0022095477101509516,0.0010292792028037193,6.0
1M 98/95 short put spread,short_put_spread,2017-03-17,2017-04-21,35,2378.25,0.98,0.95,2330.0,2260.0,0.9797119730894566,0.9502785661726059,SPXW  170421P02330000,SPXW  170421P02260000,11.6,12.3,5.0,5.4,675.0,644.4999999999997,616.9999999999998,6.75,6.444999999999997,6.169999999999998,0.002838221381267739,0.0027099758225586027,0.002594344581099547,98/95,0.103038,0.134463,0.06961304959349786,0.033424950406502146,0.480153514343727,2348.68994140625,0.0,675.0,644.4999999999997,616.9999999999998,0.002838221381267739,0.0027099758225586027,0.002594344581099547,1.0
1M 99/96 short put spread,short_put_spread,2017-03-17,2017-04-21,35,2378.25,0.99,0.96,2355.0,2285.0,0.9902239041311889,0.9607904972143383,SPXW  170421P02355000,SPXW  170421P02285000,16.8,17.6,6.6,7.0,1040.0000000000002,1007.0000000000005,977.0000000000005,10.400000000000002,10.070000000000004,9.770000000000005,0.004372963313360665,0.004234205823609799,0.0041080626511090105,99/96,0.092571,0.123054,0.06961304959349786,0.022957950406502142,0.32979377488220996,2348.68994140625,-631.005859375,408.9941406250002,375.99414062500045,345.99414062500045,0.001719727281089037,0.0015809697913381708,0.0014548266188373824,2.0
1M 100/97 short put spread,short_put_spread,2017-03-17,2017-04-21,35,2378.25,1.0,0.97,2380.0,2305.0,1.0007358351729212,0.9692000420477241,SPXW  170421P02380000,SPXW  170421P02305000,25.1,26.3,8.4,8.8,1710.0000000000005,1667.0,1627.0,17.100000000000005,16.67,16.27,0.00719016083254494,0.007009355618627142,0.006841164721959424,100/97,0.083543,0.113962,0.06961304959349786,0.013929950406502148,0.20010544700807453,2348.68994140625,-3131.005859375,-1421.0058593749995,-1464.005859375,-1504.005859375,-0.005975006241459054,-0.006155811455376853,-0.006324002352044571,3.0
1M 101/98 short put spread,short_put_spread,2017-03-17,2017-04-21,35,2378.25,1.01,0.98,2400.0,2330.0,1.0091453800063073,0.9797119730894566,SPXW  170421P02400000,SPXW  170421P02330000,34.9,37.2,11.6,12.3,2409.9999999999995,2331.9999999999995,2256.999999999999,24.099999999999994,23.319999999999997,22.56999999999999,0.01013350152423,0.00980552927572795,0.009490171344475976,101/98,0.078766,0.103038,0.06961304959349786,0.009152950406502144,0.13148325579687103,2348.68994140625,-5131.005859375,-2721.0058593750005,-2799.0058593750005,-2874.005859375001,-0.011441210383159888,-0.011769182631661938,-0.012084540562913911,4.0
1M 102/99 short put spread,short_put_spread,2017-03-17,2017-04-21,35,2378.25,1.02,0.99,2425.0,2355.0,1.0196573110480396,0.9902239041311889,SPXW  170421P02425000,SPXW  170421P02355000,51.6,54.7,16.8,17.6,3595.000000000001,3494.500000000001,3397.000000000001,35.95000000000001,34.94500000000001,33.970000000000006,0.015116156838011147,0.014693577210133505,0.014283611899505944,102/99,0.073722,0.092571,0.06961304959349786,0.004108950406502138,0.05902557682067022,2348.68994140625,-7000.0,-3404.999999999999,-3505.499999999999,-3602.999999999999,-0.014317250078839478,-0.01473982970671712,-0.015149795017344682,5.0
1M 103/100 short put spread,short_put_spread,2017-03-17,2017-04-21,35,2378.25,1.03,1.0,2450.0,2380.0,1.030169242089772,1.0007358351729212,SPXW  170421P02450000,SPXW  170421P02380000,68.8,76.2,25.1,26.3,4680.0,4462.0,4247.0,46.8,44.62,42.47,0.01967833491012299,0.01876169452328393,0.017857668453694943,103/100,0.047042,0.083543,0.06961304959349786,-0.022571049593497858,-0.32423589722473656,2348.68994140625,-7000.0,-2320.0,-2538.0,-2753.0,-0.009755072006727636,-0.010671712393566698,-0.011575738463155683,6.0
1M 98/95 short put spread,short_put_spread,2017-04-21,2017-05-19,28,2348.68994140625,0.98,0.95,2300.0,2230.0,0.9792693192286175,0.9494654703825292,SPXW  170519P02300000,SPXW  170519P02230000,16.8,17.8,7.5,8.2,945.0,899.5000000000001,857.0000000000001,9.45,8.995000000000001,8.57,0.004023519594221928,0.003829794576722355,0.0036488426372996755,98/95,0.142926,0.173685,0.06159294016478345,0.08133305983521655,1.3204932191517584,2381.72998046875,0.0,945.0,899.5000000000001,857.0000000000001,0.004023519594221928,0.003829794576722355,0.0036488426372996755,1.0
1M 99/96 short put spread,short_put_spread,2017-04-21,2017-05-19,28,2348.68994140625,0.99,0.96,2325.0,2255.0,0.9899135509593634,0.960109702113275,SPXW  170519P02325000,SPXW  170519P02255000,22.3,23.5,9.9,10.8,1254.9999999999998,1199.5,1146.9999999999995,12.549999999999997,11.995,11.469999999999995,0.005343404328834412,0.005107102384411855,0.00488357351806619,99/96,0.129862,0.162995,0.06159294016478345,0.06826905983521656,1.1083909885219323,2381.72998046875,0.0,1254.9999999999998,1199.5,1146.9999999999995,0.005343404328834412,0.005107102384411855,0.00488357351806619,2.0
1M 100/97 short put spread,short_put_spread,2017-04-21,2017-05-19,28,2348.68994140625,1.0,0.97,2350.0,2280.0,1.0005577826901093,0.9707539338440209,SPXW  170519P02350000,SPXW  170519P02280000,29.2,31.8,13.0,14.5,1675.0,1569.5,1467.0,16.75,15.695,14.67,0.007131635259599715,0.00668244868056224,0.00624603517960166,100/97,0.115502,0.152084,0.06159294016478345,0.053909059835216544,0.8752473853495264,2381.72998046875,0.0,1675.0,1569.5,1467.0,0.007131635259599715,0.00668244868056224,0.00624603517960166,3.0
1M 101/98 short put spread,short_put_spread,2017-04-21,2017-05-19,28,2348.68994140625,1.01,0.98,2370.0,2300.0,1.0090731680747058,0.9792693192286175,SPXW  170519P02370000,SPXW  170519P02300000,37.5,40.4,16.8,17.8,2165.0000000000005,2064.5,1967.0,21.650000000000006,20.645,19.67,0.009217904678825902,0.008790006563249917,0.008374881525750829,101/98,0.104151,0.142926,0.06159294016478345,0.042558059835216544,0.6909567837053776,2381.72998046875,0.0,2165.0000000000005,2064.5,1967.0,0.009217904678825902,0.008790006563249917,0.008374881525750829,4.0
1M 102/99 short put spread,short_put_spread,2017-04-21,2017-05-19,28,2348.68994140625,1.02,0.99,2395.0,2325.0,1.0197173998054516,0.9899135509593634,SPXW  170519P02395000,SPXW  170519P02325000,52.0,56.0,22.3,23.5,3110.0,2977.0,2847.0,31.1,29.77,28.47,0.013241424273047827,0.01267515114497215,0.012121651094973365,102/99,0.093059,0.129862,0.06159294016478345,0.03146605983521655,0.5108712094443524,2381.72998046875,-1327.001953125,1782.998046875,1649.998046875,1519.998046875,0.007591457754561895,0.0070251846264862165,0.0064716845764874326,5.0
1M 103/100 short put spread,short_put_spread,2017-04-21,2017-05-19,28,2348.68994140625,1.03,1.0,2420.0,2350.0,1.0303616315361976,1.0005577826901093,SPXW  170519P02420000,SPXW  170519P02350000,72.6,76.4,29.2,31.8,4400.0,4237.0,4076.999999999999,44.0,42.37,40.76999999999999,0.01873384784611268,0.018039843937268055,0.017358613106500317,103/100,0.090933,0.115502,0.06159294016478345,0.02934005983521655,0.4763542665234237,2381.72998046875,-3827.001953125,572.998046875,409.998046875,249.9980468749991,0.0024396495968809074,0.0017456456880362784,0.0010644148572685407,6.0
1M 98/95 short put spread,short_put_spread,2017-05-19,2017-06-16,28,2381.72998046875,0.98,0.95,2335.0,2265.0,0.9803798159942745,0.9509894146582577,SPXW  170616P02335000,SPXW  170616P02265000,12.6,13.1,5.5,5.8,720.0,697.0,676.9999999999999,7.2,6.97,6.769999999999999,0.0030230127088474415,0.002926444247314815,0.0028424716720690524,98/95,0.117583,0.152493,0.087803947625503,0.02977905237449699,0.3391539125496852,2433.14990234375,0.0,720.0,697.0,676.9999999999999,0.0030230127088474415,0.002926444247314815,0.0028424716720690524,1.0
1M 99/96 short put spread,short_put_spread,2017-05-19,2017-06-16,28,2381.72998046875,0.99,0.96,2360.0,2285.0,0.9908763878999948,0.9593866721828339,SPXW  170616P02360000,SPXW  170616P02285000,17.6,18.2,6.9,7.2,1084.9999999999995,1059.5,1037.0,10.849999999999996,10.595,10.37,0.004555512207082601,0.004448447173644256,0.004353978026492774,99/96,0.104206,0.142836,0.087803947625503,0.01640205237449699,0.1868031314998979,2433.14990234375,0.0,1084.9999999999995,1059.5,1037.0,0.004555512207082601,0.004448447173644256,0.004353978026492774,2.0
1M 100/97 short put spread,short_put_spread,2017-05-19,2017-06-16,28,2381.72998046875,1.0,0.97,2380.0,2310.0,0.999273645424571,0.9698832440885542,SPXW  170616P02380000,SPXW  170616P02310000,23.4,24.2,9.2,9.6,1439.9999999999995,1407.0000000000002,1377.0000000000002,14.399999999999995,14.070000000000002,13.770000000000003,0.006046025417694881,0.005907470668539376,0.005781511805670733,100/97,0.093216,0.130265,0.087803947625503,0.0054120523744969895,0.061637916299392526,2433.14990234375,0.0,1439.9999999999995,1407.0000000000002,1377.0000000000002,0.006046025417694881,0.005907470668539376,0.005781511805670733,3.0
1M 101/98 short put spread,short_put_spread,2017-05-19,2017-06-16,28,2381.72998046875,1.01,0.98,2405.0,2335.0,1.0097702173302912,0.9803798159942745,SPXW  170616P02405000,SPXW  170616P02335000,34.6,35.3,12.6,13.1,2210.0000000000005,2177.0000000000005,2147.000000000001,22.100000000000005,21.770000000000003,21.47000000000001,0.009278969564656733,0.009140414815501225,0.009014455952632583,101/98,0.079886,0.117583,0.087803947625503,-0.007917947625503005,-0.0901775813004928,2433.14990234375,0.0,2210.0000000000005,2177.0000000000005,2147.000000000001,0.009278969564656733,0.009140414815501225,0.009014455952632583,4.0
1M 102/99 short put spread,short_put_spread,2017-05-19,2017-06-16,28,2381.72998046875,1.02,0.99,2430.0,2360.0,1.0202667892360116,0.9908763878999948,SPXW  170616P02430000,SPXW  170616P02360000,51.6,52.5,17.6,18.2,3415.0,3374.5,3336.9999999999995,34.15,33.745,33.37,0.014338317223213907,0.014168272758341238,0.014010824179755433,102/99,0.069481,0.104206,0.087803947625503,-0.018322947625503003,-0.20868022590115332,2433.14990234375,0.0,3415.0,3374.5,3336.9999999999995,0.014338317223213907,0.014168272758341238,0.014010824179755433,6.0
1M 103/100 short put spread,short_put_spread,2017-05-19,2017-06-16,28,2381.72998046875,1.03,1.0,2455.0,2380.0,1.0307633611417317,0.999273645424571,SPXW  170616P02455000,SPXW  170616P02380000,71.9,78.2,23.4,24.2,5125.000000000002,4944.500000000002,4767.000000000002,51.25000000000002,49.44500000000002,47.670000000000016,0.02151797240672659,0.020760119915133584,0.020014863309827442,103/100,0.074243,0.093216,0.087803947625503,-0.013560947625503,-0.15444576231745832,2433.14990234375,-2185.009765625,2939.990234375002,2759.490234375002,2581.990234375002,0.012343927558893054,0.011586075067300049,0.010840818461993909,5.0
1M 98/95 short put spread,short_put_spread,2017-06-16,2017-07-21,35,2433.14990234375,0.98,0.95,2385.0,2310.0,0.9802108771443266,0.9493866357246937,SPXW  170721P02385000,SPXW  170721P02310000,11.9,12.3,5.3,5.5,670.0000000000002,652.0000000000002,637.0000000000002,6.700000000000002,6.520000000000002,6.370000000000002,0.002753632233487208,0.002679654054080089,0.002618005571240823,98/95,0.102093,0.137499,0.04745491126320793,0.05463808873679207,1.1513684734071625,2472.5400390625,0.0,670.0000000000002,652.0000000000002,637.0000000000002,0.002753632233487208,0.002679654054080089,0.002618005571240823,1.0
1M 99/96 short put spread,short_put_spread,2017-06-16,2017-07-21,35,2433.14990234375,0.99,0.96,2410.0,2335.0,0.9904856242842043,0.9596613828645714,SPXW  170721P02410000,SPXW  170721P02335000,16.6,17.1,6.7,7.0,1000.0000000000002,977.0000000000002,957.0000000000002,10.000000000000002,9.770000000000003,9.570000000000002,0.004109898855951056,0.004015371182264182,0.003933173205145161,99/96,0.090183,0.12559,0.04745491126320793,0.04272808873679207,0.9003933965823134,2472.5400390625,0.0,1000.0000000000002,977.0000000000002,957.0000000000002,0.004109898855951056,0.004015371182264182,0.003933173205145161,2.0
1M 100/97 short put spread,short_put_spread,2017-06-16,2017-07-21,35,2433.14990234375,1.0,0.97,2435.0,2360.0,1.000760371424082,0.969936130004449,SPXW  170721P02435000,SPXW  170721P02360000,24.0,24.6,8.8,9.2,1530.0,1502.0,1477.0,15.3,15.02,14.77,0.0062881452496051145,0.006173068081638485,0.006070320610239708,100/97,0.078254,0.114016,0.04745491126320793,0.030799088736792074,0.6490179397020766,2472.5400390625,0.0,1530.0,1502.0,1477.0,0.0062881452496051145,0.006173068081638485,0.006070320610239708,3.0
1M 101/98 short put spread,short_put_spread,2017-06-16,2017-07-21,35,2433.14990234375,1.01,0.98,2455.0,2385.0,1.008980169135984,0.9802108771443266,SPXW  170721P02455000,SPXW  170721P02385000,33.0,33.7,11.9,12.3,2125.0,2094.4999999999995,2067.0,21.25,20.944999999999997,20.67,0.008733535068895992,0.008608183153789483,0.008495160935250832,101/98,0.069048,0.102093,0.04745491126320793,0.021593088736792068,0.4550232665493006,2472.5400390625,0.0,2125.0,2094.4999999999995,2067.0,0.008733535068895992,0.008608183153789483,0.008495160935250832,4.0
1M 102/99 short put spread,short_put_spread,2017-06-16,2017-07-21,35,2433.14990234375,1.02,0.99,2480.0,2410.0,1.0192549162758617,0.9904856242842043,SPXW  170721P02480000,SPXW  170721P02410000,49.3,50.9,16.6,17.1,3324.999999999999,3269.5,3217.0,33.24999999999999,32.695,32.17,0.013665413696037255,0.013437314309531975,0.013221544619594544,102/99,0.059584,0.090183,0.04745491126320793,0.012129088736792068,0.2555918536970445,2472.5400390625,-745.99609375,2579.003906249999,2523.50390625,2471.00390625,0.010599445203790175,0.010371345817284895,0.010155576127347464,5.0
1M 103/100 short put spread,short_put_spread,2017-06-16,2017-07-21,35,2433.14990234375,1.03,1.0,2505.0,2435.0,1.0295296634157394,1.000760371424082,SPXW  170721P02505000,SPXW  170721P02435000,68.7,75.6,24.0,24.6,4785.000000000001,4594.5,4407.000000000002,47.85000000000001,45.945,44.07000000000002,0.019665866025725804,0.018882930293667124,0.01811232425817631,103/100,0.053445,0.078254,0.04745491126320793,0.005990088736792069,0.12622695053770383,2472.5400390625,-3245.99609375,1539.003906250001,1348.50390625,1161.0039062500018,0.006325150393601084,0.005542214661542404,0.004771608626051589,6.0
1M 98/95 short put spread,short_put_spread,2017-07-21,2017-08-18,28,2472.5400390625,0.98,0.95,2425.0,2350.0,0.9807727930341118,0.9504396138681084,SPXW  170818P02425000,SPXW  170818P02350000,8.1,8.5,3.2,3.4,500.0000000000001,482.00000000000017,467.00000000000017,5.000000000000001,4.820000000000002,4.670000000000002,0.002022211944400231,0.001949412314401823,0.001888745956069816,98/95,0.087418,0.127733,0.07590144964262027,0.011516550357379723,0.15173030833541468,2425.550048828125,0.0,500.0000000000001,482.00000000000017,467.00000000000017,0.002022211944400231,0.001949412314401823,0.001888745956069816,1.0
1M 99/96 short put spread,short_put_spread,2017-07-21,2017-08-18,28,2472.5400390625,0.99,0.96,2450.0,2375.0,0.9908838527561129,0.9605506735901095,SPXW  170818P02450000,SPXW  170818P02375000,12.4,12.8,4.2,4.5,825.0000000000002,804.5000000000002,787.0000000000002,8.250000000000002,8.045000000000002,7.870000000000002,0.0033366497082603815,0.003253739018539972,0.0031829616004859637,99/96,0.073653,0.11484,0.07590144964262027,-0.002248449642620276,-0.029623276672672727,2425.550048828125,-2444.9951171875,-1619.9951171874998,-1640.4951171874998,-1657.9951171874998,-0.006551946951693226,-0.006634857641413636,-0.006705635059467644,2.0
1M 100/97 short put spread,short_put_spread,2017-07-21,2017-08-18,28,2472.5400390625,1.0,0.97,2475.0,2400.0,1.0009949124781141,0.9706617333121106,SPXW  170818P02475000,SPXW  170818P02400000,20.2,21.0,5.7,6.0,1475.0,1444.5000000000002,1417.0000000000002,14.75,14.445000000000002,14.170000000000002,0.00596552523598068,0.005842170307372267,0.005730948650430254,100/97,0.059932,0.101168,0.07590144964262027,-0.015969449642620273,-0.210397162607723,2425.550048828125,-4944.9951171875,-3469.9951171875,-3500.4951171875,-3527.9951171875,-0.01403413114597408,-0.014157486074582493,-0.014268707731524506,4.0
1M 101/98 short put spread,short_put_spread,2017-07-21,2017-08-18,28,2472.5400390625,1.01,0.98,2495.0,2425.0,1.009083760255715,0.9807727930341118,SPXW  170818P02495000,SPXW  170818P02425000,31.0,32.1,8.1,8.5,2325.0,2284.5,2247.0,23.25,22.845,22.47,0.009403285541461071,0.009239486373964653,0.009087820478134636,101/98,0.048109,0.087418,0.07590144964262027,-0.027792449642620273,-0.36616493852858145,2425.550048828125,-6944.9951171875,-4619.9951171875,-4660.4951171875,-4697.9951171875,-0.01868521861809461,-0.01884901778559103,-0.019000683681421045,6.0
1M 102/99 short put spread,short_put_spread,2017-07-21,2017-08-18,28,2472.5400390625,1.02,0.99,2520.0,2450.0,1.019194819977716,0.9908838527561129,SPXW  170818P02520000,SPXW  170818P02450000,50.7,52.2,12.4,12.8,3885.0,3834.5,3787.0,38.85,38.345,37.87,0.01571258680798979,0.015508343401605368,0.015316233266887346,102/99,0.058495,0.073653,0.07590144964262027,-0.017406449642620274,-0.22932960733395769,2425.550048828125,-7000.0,-3115.0,-3165.5,-3213.0,-0.012598380413613436,-0.012802623819997859,-0.01299473395471588,5.0
1M 103/100 short put spread,short_put_spread,2017-07-21,2017-08-18,28,2472.5400390625,1.03,1.0,2545.0,2475.0,1.0293058796997174,1.0009949124781141,SPXW  170818P02545000,SPXW  170818P02475000,71.8,78.3,20.2,21.0,5445.0,5259.5,5077.0,54.45,52.595,50.77,0.02202188807451851,0.021271647443146025,0.020533540083439942,103/100,0.061573,0.059932,0.07590144964262027,-0.01432844964262027,-0.1887770221792252,2425.550048828125,-7000.0,-1555.0,-1740.5,-1923.0,-0.006289079147084717,-0.007039319778457202,-0.007777427138163286,3.0
1M 98/95 short put spread,short_put_spread,2017-08-18,2017-09-15,28,2425.550048828125,0.98,0.95,2375.0,2305.0,0.9791593462058028,0.9502999128439475,SPXW  170915P02375000,SPXW  170915P02305000,16.3,17.0,7.8,8.3,859.9999999999997,826.9999999999997,796.9999999999997,8.599999999999996,8.269999999999996,7.969999999999996,0.0035455875273136426,0.003409535912893468,0.0032858526270569456,98/95,0.13914,0.172153,0.08548219017261914,0.05365780982738087,0.6277074758967516,2500.22998046875,0.0,859.9999999999997,826.9999999999997,796.9999999999997,0.0035455875273136426,0.003409535912893468,0.0032858526270569456,1.0
1M 99/96 short put spread,short_put_spread,2017-08-18,2017-09-15,28,2425.550048828125,0.99,0.96,2400.0,2330.0,0.9894662866921797,0.9606068533303245,SPXW  170915P02400000,SPXW  170915P02330000,21.6,22.3,10.0,10.6,1165.0000000000005,1129.5,1096.9999999999998,11.650000000000004,11.295,10.969999999999997,0.004803034266651624,0.004656675711745071,0.004522685485422171,99/96,0.126242,0.160414,0.08548219017261914,0.04075980982738085,0.47682224502053816,2500.22998046875,0.0,1165.0000000000005,1129.5,1096.9999999999998,0.004803034266651624,0.004656675711745071,0.004522685485422171,2.0
1M 100/97 short put spread,short_put_spread,2017-08-18,2017-09-15,28,2425.550048828125,1.0,0.97,2425.0,2355.0,0.9997732271785565,0.9709137938167013,SPXW  170915P02425000,SPXW  170915P02355000,28.9,29.7,13.1,13.7,1589.9999999999998,1552.0,1517.0,15.899999999999999,15.52,15.17,0.00655521414933569,0.006398548653942762,0.006254251487133486,100/97,0.112622,0.148771,0.08548219017261914,0.02713980982738086,0.3174908103381051,2500.22998046875,0.0,1589.9999999999998,1552.0,1517.0,0.00655521414933569,0.006398548653942762,0.006254251487133486,3.0
1M 101/98 short put spread,short_put_spread,2017-08-18,2017-09-15,28,2425.550048828125,1.01,0.98,2450.0,2375.0,1.0100801676649334,0.9791593462058028,SPXW  170915P02450000,SPXW  170915P02375000,38.8,40.0,16.3,17.0,2275.0,2224.4999999999995,2176.9999999999995,22.75,22.244999999999994,21.769999999999996,0.009379315842602954,0.00917111564477814,0.008975283775536979,101/98,0.097156,0.13914,0.08548219017261914,0.011673809827380865,0.13656423406802354,2500.22998046875,0.0,2275.0,2224.4999999999995,2176.9999999999995,0.009379315842602954,0.00917111564477814,0.008975283775536979,4.0
1M 102/99 short put spread,short_put_spread,2017-08-18,2017-09-15,28,2425.550048828125,1.02,0.99,2475.0,2400.0,1.0203871081513103,0.9894662866921797,SPXW  170915P02475000,SPXW  170915P02400000,53.4,54.8,21.6,22.3,3214.9999999999986,3159.4999999999986,3106.9999999999986,32.149999999999984,31.594999999999985,31.069999999999986,0.01325472546548065,0.013025911386683084,0.012809465636469172,102/99,0.081734,0.126242,0.08548219017261914,-0.0037481901726191397,-0.043847615100294,2500.22998046875,0.0,3214.9999999999986,3159.4999999999986,3106.9999999999986,0.01325472546548065,0.013025911386683084,0.012809465636469172,5.0
1M 103/100 short put spread,short_put_spread,2017-08-18,2017-09-15,28,2425.550048828125,1.03,1.0,2500.0,2425.0,1.0306940486376872,0.9997732271785565,SPXW  170915P02500000,SPXW  170915P02425000,71.2,78.5,28.9,29.7,4555.0,4349.5,4147.0,45.55,43.495,41.47,0.01877924556617866,0.017932015058198483,0.017097152878801956,103/100,0.074032,0.112622,0.08548219017261914,-0.01145019017261914,-0.13394825459545556,2500.22998046875,0.0,4555.0,4349.5,4147.0,0.01877924556617866,0.017932015058198483,0.017097152878801956,6.0
1M 98/95 short put spread,short_put_spread,2017-09-15,2017-10-20,35,2500.22998046875,0.98,0.95,2450.0,2375.0,0.9799098559487984,0.9499126154605699,SPXW  171020P02450000,SPXW  171020P02375000,11.4,11.8,5.5,5.8,595.0000000000002,574.5000000000002,557.0000000000001,5.950000000000002,5.745000000000002,5.570000000000001,0.0023797810787327973,0.002297788621398306,0.0022277950602591057,98/95,0.098592,0.136453,0.08813477567274597,0.01045722432725403,0.11865037662412448,2575.2099609375,0.0,595.0000000000002,574.5000000000002,557.0000000000001,0.0023797810787327973,0.002297788621398306,0.0022277950602591057,1.0
1M 99/96 short put spread,short_put_spread,2017-09-15,2017-10-20,35,2500.22998046875,0.99,0.96,2475.0,2400.0,0.9899089361115413,0.9599116956233128,SPXW  171020P02475000,SPXW  171020P02400000,15.3,15.8,6.9,7.2,849.9999999999999,826.9999999999999,806.9999999999999,8.499999999999998,8.27,8.069999999999999,0.0033996872553325656,0.0033076957178353314,0.0032277030765333887,99/96,0.084743,0.124368,0.08813477567274597,-0.0033917756727459697,-0.03848396557268163,2575.2099609375,0.0,849.9999999999999,826.9999999999999,806.9999999999999,0.0033996872553325656,0.0033076957178353314,0.0032277030765333887,2.0
1M 100/97 short put spread,short_put_spread,2017-09-15,2017-10-20,35,2500.22998046875,1.0,0.97,2500.0,2425.0,0.9999080162742842,0.9699107757860557,SPXW  171020P02500000,SPXW  171020P02425000,21.9,22.4,8.8,9.1,1320.0,1297.0,1277.0000000000002,13.2,12.97,12.770000000000003,0.00527951432592822,0.005187522788430986,0.005107530147129044,100/97,0.071152,0.111818,0.08813477567274597,-0.01698277567274596,-0.19269097292316095,2575.2099609375,0.0,1320.0,1297.0,1277.0000000000002,0.00527951432592822,0.005187522788430986,0.005107530147129044,3.0
1M 101/98 short put spread,short_put_spread,2017-09-15,2017-10-20,35,2500.22998046875,1.01,0.98,2525.0,2450.0,1.009907096437027,0.9799098559487984,SPXW  171020P02525000,SPXW  171020P02450000,33.8,34.6,11.4,11.8,2260.0,2227.0,2196.9999999999995,22.6,22.27,21.969999999999995,0.009039168467119529,0.008907180608971324,0.008787191647018407,101/98,0.060835,0.098592,0.08813477567274597,-0.02729977567274597,-0.309750327998939,2575.2099609375,0.0,2260.0,2227.0,2196.9999999999995,0.009039168467119529,0.008907180608971324,0.008787191647018407,4.0
1M 102/99 short put spread,short_put_spread,2017-09-15,2017-10-20,35,2500.22998046875,1.02,0.99,2550.0,2475.0,1.01990617659977,0.9899089361115413,SPXW  171020P02550000,SPXW  171020P02475000,52.1,53.7,15.3,15.8,3735.000000000001,3679.500000000001,3627.000000000001,37.35000000000001,36.79500000000001,36.27000000000001,0.014938625763137809,0.014716646183524917,0.014506665500107319,102/99,0.055026,0.084743,0.08813477567274597,-0.03310877567274597,-0.37566074707766284,2575.2099609375,0.0,3735.000000000001,3679.500000000001,3627.000000000001,0.014938625763137809,0.014716646183524917,0.014506665500107319,6.0
1M 103/100 short put spread,short_put_spread,2017-09-15,2017-10-20,35,2500.22998046875,1.03,1.0,2575.0,2500.0,1.0299052567625127,0.9999080162742842,SPXW  171020P02575000,SPXW  171020P02500000,72.7,79.8,21.9,22.4,5410.0,5216.999999999999,5027.0,54.1,52.16999999999999,50.27,0.02163800947217551,0.020866080483611757,0.020106150391243305,103/100,0.058068,0.071152,0.08813477567274597,-0.030066775672745967,-0.3411454269128361,2575.2099609375,0.0,5410.0,5216.999999999999,5027.0,0.02163800947217551,0.020866080483611757,0.020106150391243305,5.0
1M 98/95 short put spread,short_put_spread,2017-10-20,2017-11-17,28,2575.2099609375,0.98,0.95,2525.0,2445.0,0.9805025758291098,0.9494371476840291,SPXW  171117P02525000,SPXW  171117P02445000,8.8,9.0,3.9,4.1,490.0,477.0000000000001,467.00000000000017,4.9,4.770000000000001,4.670000000000002,0.0019027574738861932,0.0018522761531504376,0.0018134443679690868,98/95,0.095335,0.139213,0.03472526273776894,0.06060973726223106,1.7454075933112772,2578.85009765625,0.0,490.0,477.0000000000001,467.00000000000017,0.0019027574738861932,0.0018522761531504376,0.0018134443679690868,1.0
1M 99/96 short put spread,short_put_spread,2017-10-20,2017-11-17,28,2575.2099609375,0.99,0.96,2550.0,2470.0,0.9902105221244475,0.9591450939793669,SPXW  171117P02550000,SPXW  171117P02470000,12.4,12.7,4.9,5.1,755.0,739.5000000000002,727.0000000000002,7.55,7.395000000000002,7.270000000000002,0.002931799781191992,0.002871610514160899,0.00282307078268421,99/96,0.0812,0.126062,0.03472526273776894,0.04647473726223105,1.3383552376029337,2578.85009765625,0.0,755.0,739.5000000000002,727.0000000000002,0.002931799781191992,0.002871610514160899,0.00282307078268421,2.0
1M 100/97 short put spread,short_put_spread,2017-10-20,2017-11-17,28,2575.2099609375,1.0,0.97,2575.0,2500.0,0.9999184684197853,0.970794629533772,SPXW  171117P02575000,SPXW  171117P02500000,19.0,19.4,6.6,6.8,1250.0,1232.0000000000005,1217.0,12.5,12.320000000000004,12.17,0.004853973147668861,0.00478407593434243,0.004725828256570403,100/97,0.06789,0.109513,0.03472526273776894,0.03316473726223106,0.955060801488463,2578.85009765625,0.0,1250.0,1232.0000000000005,1217.0,0.004853973147668861,0.00478407593434243,0.004725828256570403,4.0
1M 101/98 short put spread,short_put_spread,2017-10-20,2017-11-17,28,2575.2099609375,1.01,0.98,2600.0,2525.0,1.009626414715123,0.9805025758291098,SPXW  171117P02600000,SPXW  171117P02525000,31.9,32.5,8.8,9.0,2330.0000000000005,2307.0000000000005,2287.0,23.300000000000004,23.070000000000004,22.87,0.009047805947254758,0.00895849284133765,0.008880829270974947,101/98,0.059619,0.095335,0.03472526273776894,0.024893737262231055,0.7168768585055334,2578.85009765625,-2114.990234375,215.00976562500045,192.00976562500045,172.009765625,0.0008349213030642619,0.0007456081971471549,0.0006679446267844513,6.0
1M 102/99 short put spread,short_put_spread,2017-10-20,2017-11-17,28,2575.2099609375,1.02,0.99,2625.0,2550.0,1.0193343610104606,0.9902105221244475,SPXW  171117P02625000,SPXW  171117P02550000,51.6,53.8,12.4,12.7,4015.0,3949.500000000001,3887.000000000001,40.15,39.49500000000001,38.87000000000001,0.01559096175031238,0.015336613557374534,0.015093914899991092,102/99,0.061967,0.0812,0.03472526273776894,0.02724173726223106,0.7844933375436085,2578.85009765625,-4614.990234375,-599.990234375,-665.4902343749991,-727.9902343749991,-0.002329869189215837,-0.0025842173821536817,-0.0028269160395371245,5.0
1M 103/100 short put spread,short_put_spread,2017-10-20,2017-11-17,28,2575.2099609375,1.03,1.0,2650.0,2575.0,1.0290423073057984,0.9999184684197853,SPXW  171117P02650000,SPXW  171117P02575000,73.3,79.6,19.0,19.4,5724.999999999999,5554.499999999998,5386.999999999998,57.24999999999999,55.54499999999998,53.86999999999998,0.022231197016323378,0.021569115078981342,0.020918682677193715,103/100,0.071786,0.06789,0.03472526273776894,0.03706073726223106,1.0672557769281306,2578.85009765625,-7114.990234375,-1389.990234375001,-1560.4902343750018,-1727.9902343750018,-0.00539758021854256,-0.006059662155884596,-0.006710094557672223,3.0
1M 98/95 short put spread,short_put_spread,2017-11-17,2017-12-15,28,2578.85009765625,0.98,0.95,2525.0,2450.0,0.979118562298293,0.9500358327250764,SPXW  171215P02525000,SPXW  171215P02450000,11.8,12.2,5.4,5.7,644.9999999999999,624.4999999999999,606.9999999999999,6.449999999999999,6.244999999999999,6.0699999999999985,0.002501114743296629,0.002421621949129837,0.0023537622467923315,98/95,0.110551,0.148577,0.05972911221622089,0.05082188778377911,0.8508729813328313,2675.81005859375,0.0,644.9999999999999,624.4999999999999,606.9999999999999,0.002501114743296629,0.002421621949129837,0.0023537622467923315,1.0
1M 99/96 short put spread,short_put_spread,2017-11-17,2017-12-15,28,2578.85009765625,0.99,0.96,2555.0,2475.0,0.9907516541275796,0.9597300759161486,SPXW  171215P02555000,SPXW  171215P02475000,17.1,17.5,6.9,7.2,1025.0,1004.5000000000001,987.0000000000001,10.25,10.045000000000002,9.870000000000001,0.003974639708339605,0.0038951469141728138,0.003827287211835308,99/96,0.093821,0.136355,0.05972911221622089,0.03409188778377911,0.5707750629268626,2675.81005859375,0.0,1025.0,1004.5000000000001,987.0000000000001,0.003974639708339605,0.0038951469141728138,0.003827287211835308,2.0
1M 100/97 short put spread,short_put_spread,2017-11-17,2017-12-15,28,2578.85009765625,1.0,0.97,2580.0,2500.0,1.0004458973186519,0.9694243191072208,SPXW  171215P02580000,SPXW  171215P02500000,24.4,24.9,8.9,9.2,1560.0,1537.0,1517.0,15.6,15.37,15.17,0.006049207751229058,0.005960020713871194,0.0058824667683426155,100/97,0.079833,0.123431,0.05972911221622089,0.020103887783779112,0.33658440646166876,2675.81005859375,0.0,1560.0,1537.0,1517.0,0.006049207751229058,0.005960020713871194,0.0058824667683426155,3.0
1M 101/98 short put spread,short_put_spread,2017-11-17,2017-12-15,28,2578.85009765625,1.01,0.98,2605.0,2525.0,1.0101401405097241,0.979118562298293,SPXW  171215P02605000,SPXW  171215P02525000,36.9,37.6,11.8,12.2,2525.0,2494.5000000000005,2467.0,25.25,24.945000000000004,24.67,0.00979118562298293,0.009672915856051852,0.009566279180950054,101/98,0.068626,0.110551,0.05972911221622089,0.008896887783779117,0.14895395986419757,2675.81005859375,0.0,2525.0,2494.5000000000005,2467.0,0.00979118562298293,0.009672915856051852,0.009566279180950054,4.0
1M 102/99 short put spread,short_put_spread,2017-11-17,2017-12-15,28,2578.85009765625,1.02,0.99,2630.0,2555.0,1.0198343837007964,0.9907516541275796,SPXW  171215P02630000,SPXW  171215P02555000,55.7,57.7,17.1,17.5,3940.0,3877.0,3817.0,39.4,38.77,38.17,0.015278127269129799,0.01503383234071478,0.014801170504129046,102/99,0.065428,0.093821,0.05972911221622089,0.005698887783779111,0.09541222985449704,2675.81005859375,0.0,3940.0,3877.0,3817.0,0.015278127269129799,0.01503383234071478,0.014801170504129046,5.0
1M 103/100 short put spread,short_put_spread,2017-11-17,2017-12-15,28,2578.85009765625,1.03,1.0,2655.0,2580.0,1.0295286268918684,1.0004458973186519,SPXW  171215P02655000,SPXW  171215P02580000,76.1,82.8,24.4,24.9,5479.999999999999,5296.999999999999,5116.999999999999,54.79999999999999,52.96999999999999,51.16999999999999,0.021249781074830276,0.020540162473243792,0.019842176963486592,103/100,0.06268,0.079833,0.05972911221622089,0.0029508877837791103,0.049404514386499176,2675.81005859375,0.0,5479.999999999999,5296.999999999999,5116.999999999999,0.021249781074830276,0.020540162473243792,0.019842176963486592,6.0
1M 98/95 short put spread,short_put_spread,2017-12-15,2018-01-19,35,2675.81005859375,0.98,0.95,2620.0,2540.0,0.9791427428062363,0.9492452544762748,SPXW  180119P02620000,SPXW  180119P02540000,8.6,9.0,4.2,4.4,450.00000000000006,432.00000000000006,417.00000000000006,4.500000000000001,4.32,4.170000000000001,0.0016817337185603297,0.0016144643698179164,0.0015584065791992387,98/95,0.093377,0.131005,0.06798757458325927,0.025389425416740732,0.3734421410437023,2810.300048828125,0.0,450.00000000000006,432.00000000000006,417.00000000000006,0.0016817337185603297,0.0016144643698179164,0.0015584065791992387,1.0
1M 99/96 short put spread,short_put_spread,2017-12-15,2018-01-19,35,2675.81005859375,0.99,0.96,2650.0,2570.0,0.9903543009299718,0.9604568126000104,SPXW  180119P02650000,SPXW  180119P02570000,12.8,13.3,5.3,5.6,760.0000000000001,737.0,717.0,7.600000000000001,7.37,7.17,0.0028402613913463344,0.002754306112397695,0.0026795623915727915,99/96,0.080265,0.117095,0.06798757458325927,0.012277425416740734,0.18058337118211942,2810.300048828125,0.0,760.0000000000001,737.0,717.0,0.0028402613913463344,0.002754306112397695,0.0026795623915727915,2.0
1M 100/97 short put spread,short_put_spread,2017-12-15,2018-01-19,35,2675.81005859375,1.0,0.97,2675.0,2595.0,0.9996972660330847,0.9697997777031233,SPXW  180119P02675000,SPXW  180119P02595000,19.1,19.8,6.6,7.0,1265.0000000000002,1234.5000000000002,1207.0000000000002,12.650000000000002,12.345000000000002,12.070000000000002,0.004727540342175149,0.004613556167917171,0.004510783551782928,100/97,0.070643,0.105234,0.06798757458325927,0.002655425416740728,0.039057510626281156,2810.300048828125,0.0,1265.0000000000002,1234.5000000000002,1207.0000000000002,0.004727540342175149,0.004613556167917171,0.004510783551782928,3.0
1M 101/98 short put spread,short_put_spread,2017-12-15,2018-01-19,35,2675.81005859375,1.01,0.98,2705.0,2620.0,1.0109088241568203,0.9791427428062363,SPXW  180119P02705000,SPXW  180119P02620000,33.4,34.8,8.6,9.0,2529.9999999999995,2481.999999999999,2436.999999999999,25.299999999999997,24.81999999999999,24.36999999999999,0.009455080684350295,0.009275695754370525,0.009107522382514492,101/98,0.064794,0.093377,0.06798757458325927,-0.003193574583259265,-0.046972915313346464,2810.300048828125,0.0,2529.9999999999995,2481.999999999999,2436.999999999999,0.009455080684350295,0.009275695754370525,0.009107522382514492,5.0
1M 102/99 short put spread,short_put_spread,2017-12-15,2018-01-19,35,2675.81005859375,1.02,0.99,2730.0,2650.0,1.0202517892599332,0.9903543009299718,SPXW  180119P02730000,SPXW  180119P02650000,51.1,53.4,12.8,13.3,3920.0,3847.0,3777.0,39.2,38.47,37.77,0.014649769281681092,0.014376954700670193,0.014115351677783031,102/99,0.06364,0.080265,0.06798757458325927,-0.004347574583259267,-0.06394660509524608,2810.300048828125,0.0,3920.0,3847.0,3777.0,0.014649769281681092,0.014376954700670193,0.014115351677783031,6.0
1M 103/100 short put spread,short_put_spread,2017-12-15,2018-01-19,35,2675.81005859375,1.03,1.0,2755.0,2675.0,1.0295947543630461,0.9996972660330847,SPXW  180119P02755000,SPXW  180119P02675000,70.4,77.8,19.1,19.8,5464.999999999999,5259.5,5057.0,54.64999999999999,52.595,50.57,0.020423721715404887,0.019655729983929005,0.018898949810576857,103/100,0.06529,0.070643,0.06798757458325927,-0.0026975745832592685,-0.039677464592530076,2810.300048828125,0.0,5464.999999999999,5259.5,5057.0,0.020423721715404887,0.019655729983929005,0.018898949810576857,4.0
1M 98/95 short put spread,short_put_spread,2018-01-19,2018-02-16,28,2810.300048828125,0.98,0.95,2755.0,2670.0,0.9803223684776348,0.9500764877805026,SPXW  180216P02755000,SPXW  180216P02670000,12.0,12.4,4.9,5.2,715.0,694.4999999999999,676.9999999999999,7.15,6.9449999999999985,6.769999999999999,0.002544212317464642,0.00247126636990097,0.002408995439053933,98/95,0.107419,0.144119,0.06668996721474742,0.040729032785252584,0.6107220394051418,2732.219970703125,-2278.0029296875,-1563.0029296875,-1583.5029296875,-1601.0029296875,-0.0055616941341877744,-0.0056346400817514465,-0.005696911012598483,1.0
1M 99/96 short put spread,short_put_spread,2018-01-19,2018-02-16,28,2810.300048828125,0.99,0.96,2780.0,2700.0,0.9892182157414972,0.9607515044971374,SPXW  180216P02780000,SPXW  180216P02700000,16.8,17.3,6.5,6.8,1040.0,1017.0,996.9999999999999,10.4,10.17,9.969999999999999,0.003700672461766752,0.003618830666939218,0.003547663888828318,99/96,0.097788,0.130938,0.06668996721474742,0.031098032785252583,0.4663075134692187,2732.219970703125,-4778.0029296875,-3738.0029296875,-3761.0029296875,-3781.0029296875,-0.01330108125374805,-0.013382923048575582,-0.013454089826686482,2.0
1M 100/97 short put spread,short_put_spread,2018-01-19,2018-02-16,28,2810.300048828125,1.0,0.97,2810.0,2725.0,0.999893232458132,0.9696473517609998,SPXW  180216P02810000,SPXW  180216P02725000,26.5,27.2,8.4,8.8,1825.0,1794.5,1767.0,18.25,17.945,17.67,0.006493968502619541,0.006385439166000419,0.006287584846097933,100/97,0.088781,0.120076,0.06668996721474742,0.022091032785252582,0.3312497172793256,2732.219970703125,-7778.0029296875,-5953.0029296875,-5983.5029296875,-6011.0029296875,-0.02118280192953012,-0.02129133126614924,-0.02138918558605173,3.0
1M 101/98 short put spread,short_put_spread,2018-01-19,2018-02-16,28,2810.300048828125,1.01,0.98,2840.0,2755.0,1.0105682491747667,0.9803223684776348,SPXW  180216P02840000,SPXW  180216P02755000,42.0,43.1,12.0,12.4,3035.0,2994.5,2957.0,30.35,29.945,29.57,0.010799558578328934,0.010655445852654363,0.010522008143696427,101/98,0.082678,0.107419,0.06668996721474742,0.015988032785252584,0.23973670183057294,2732.219970703125,-8500.0,-5465.0,-5505.5,-5543.0,-0.01944632211880317,-0.01959043484447774,-0.01972387255343568,5.0
1M 102/99 short put spread,short_put_spread,2018-01-19,2018-02-16,28,2810.300048828125,1.02,0.99,2865.0,2780.0,1.0194640964386292,0.9892182157414972,SPXW  180216P02865000,SPXW  180216P02780000,59.6,61.9,16.8,17.3,4370.0,4297.0,4227.0,43.7,42.97,42.27,0.015549941017231447,0.015290182277126666,0.01504109855373852,102/99,0.0815,0.097788,0.06668996721474742,0.014810032785252586,0.2220728754830994,2732.219970703125,-8500.0,-4130.0,-4203.0,-4273.0,-0.014695939679900658,-0.01495569842000544,-0.015204782143393587,6.0
1M 103/100 short put spread,short_put_spread,2018-01-19,2018-02-16,28,2810.300048828125,1.03,1.0,2895.0,2810.0,1.030139113155264,0.999893232458132,SPXW  180216P02895000,SPXW  180216P02810000,85.5,88.3,26.5,27.2,6005.0,5914.5,5827.0,60.05,59.145,58.27,0.021367825127797446,0.021045795456845626,0.020734440802610443,103/100,0.084731,0.088781,0.06668996721474742,0.018041032785252584,0.2705209424853803,2732.219970703125,-8500.0,-2495.0,-2585.5,-2673.0,-0.008878055569334659,-0.009200085240286478,-0.009511439894521662,4.0
1M 98/95 short put spread,short_put_spread,2018-02-16,2018-03-16,28,2732.219970703125,0.98,0.95,2680.0,2595.0,0.9808873475550776,0.9497771145169501,SPXW  180316P02680000,SPXW  180316P02595000,25.9,26.8,14.0,14.7,1200.0,1157.0000000000002,1117.0,12.0,11.570000000000002,11.17,0.004392032899500347,0.004234651720601586,0.0040882506239515734,98/95,0.164083,0.204474,0.25359821883934786,-0.08951521883934785,-0.3529804714285273,2752.010009765625,0.0,1200.0,1157.0000000000002,1117.0,0.004392032899500347,0.004234651720601586,0.0040882506239515734,1.0
1M 99/96 short put spread,short_put_spread,2018-02-16,2018-03-16,28,2732.219970703125,0.99,0.96,2705.0,2625.0,0.9900374160957033,0.9607571967657009,SPXW  180316P02705000,SPXW  180316P02625000,32.0,33.0,17.1,17.9,1500.0,1452.0,1407.0000000000002,15.0,14.52,14.070000000000002,0.005490041124375434,0.00531435980839542,0.005149658574664158,99/96,0.153116,0.189986,0.25359821883934786,-0.10048221883934785,-0.3962260433027821,2752.010009765625,0.0,1500.0,1452.0,1407.0000000000002,0.005490041124375434,0.00531435980839542,0.005149658574664158,2.0
1M 100/97 short put spread,short_put_spread,2018-02-16,2018-03-16,28,2732.219970703125,1.0,0.97,2730.0,2650.0,0.999187484636329,0.9699072653063266,SPXW  180316P02730000,SPXW  180316P02650000,40.1,41.7,20.5,21.3,2000.0000000000005,1937.000000000001,1877.0000000000014,20.000000000000004,19.370000000000008,18.770000000000014,0.00732005483250058,0.007089473105276814,0.006869871460301798,100/97,0.143831,0.178007,0.25359821883934786,-0.10976721883934787,-0.4328390764798091,2752.010009765625,0.0,2000.0000000000005,1937.000000000001,1877.0000000000014,0.00732005483250058,0.007089473105276814,0.006869871460301798,3.0
1M 101/98 short put spread,short_put_spread,2018-02-16,2018-03-16,28,2732.219970703125,1.01,0.98,2760.0,2680.0,1.0101675668850798,0.9808873475550776,SPXW  180316P02760000,SPXW  180316P02680000,53.3,55.2,25.9,26.8,2790.0,2716.9999999999995,2646.9999999999995,27.9,27.169999999999995,26.469999999999995,0.010211476491338307,0.009944294489952035,0.009688092570814514,101/98,0.13378,0.164083,0.25359821883934786,-0.11981821883934785,-0.4724726356033738,2752.010009765625,-798.9990234375,1991.0009765625,1918.0009765624995,1848.0009765624995,0.00728711815999985,0.007019936158613577,0.006763734239476057,4.0
1M 102/99 short put spread,short_put_spread,2018-02-16,2018-03-16,28,2732.219970703125,1.02,0.99,2785.0,2705.0,1.0193176354257056,0.9900374160957033,SPXW  180316P02785000,SPXW  180316P02705000,67.8,70.2,32.0,33.0,3650.0,3562.000000000001,3477.0,36.5,35.62000000000001,34.77,0.013359100069313557,0.013037017656683534,0.012725915326302257,102/99,0.128261,0.153116,0.25359821883934786,-0.12533721883934787,-0.49423540675081734,2752.010009765625,-3298.9990234375,351.0009765625,263.0009765625009,178.0009765625,0.0012846731973493752,0.0009625907847193531,0.0006514884543380752,5.0
1M 103/100 short put spread,short_put_spread,2018-02-16,2018-03-16,28,2732.219970703125,1.03,1.0,2815.0,2730.0,1.0302977176744565,0.999187484636329,SPXW  180316P02815000,SPXW  180316P02730000,89.2,92.3,40.1,41.7,4985.0,4864.5,4747.0,49.85,48.645,47.47,0.018245236670007693,0.01780420336634953,0.017374150144940124,103/100,0.124838,0.143831,0.25359821883934786,-0.12876021883934785,-0.5077331356215726,2752.010009765625,-6298.9990234375,-1313.9990234375,-1434.4990234375,-1551.9990234375,-0.004809272450707357,-0.0052503057543655165,-0.005680358975774925,6.0
1M 98/95 short put spread,short_put_spread,2018-03-16,2018-04-20,35,2752.010009765625,0.98,0.95,2695.0,2615.0,0.9792842287770311,0.9502145670693641,SPXW  180420P02695000,SPXW  180420P02615000,22.3,22.8,12.0,12.5,1030.0,1002.0,977.0,10.3,10.02,9.77,0.003742718944862123,0.003640975128885288,0.003550132436048829,98/95,0.137029,0.170435,0.14187787733401178,-0.004848877334011764,-0.03417641583822428,2670.139892578125,-2486.0107421875,-1456.0107421875,-1484.0107421875,-1509.0107421875,-0.005290717464764967,-0.005392461280741802,-0.005483303973578261,1.0
1M 99/96 short put spread,short_put_spread,2018-03-16,2018-04-20,35,2752.010009765625,0.99,0.96,2725.0,2640.0,0.9901853519174062,0.95929883635301,SPXW  180420P02725000,SPXW  180420P02640000,29.1,29.7,14.4,14.8,1479.9999999999998,1452.0,1427.0,14.799999999999997,14.52,14.27,0.005377887415918389,0.005276143599941555,0.005185300907105096,99/96,0.124862,0.159844,0.14187787733401178,-0.017015877334011775,-0.11993326693176165,2670.139892578125,-5486.0107421875,-4006.0107421875,-4034.0107421875,-4059.0107421875,-0.014556672134083815,-0.01465841595006065,-0.014749258642897108,2.0
1M 100/97 short put spread,short_put_spread,2018-03-16,2018-04-20,35,2752.010009765625,1.0,0.97,2750.0,2670.0,0.9992696212010522,0.9701999594933852,SPXW  180420P02750000,SPXW  180420P02670000,37.0,37.6,18.1,18.6,1894.9999999999993,1864.4999999999998,1836.9999999999998,18.949999999999992,18.644999999999996,18.369999999999997,0.006885876117003612,0.006775048031743133,0.006675121069623028,100/97,0.115245,0.147311,0.14187787733401178,-0.026632877334011776,-0.18771691425374315,2670.139892578125,-7986.0107421875,-6091.010742187501,-6121.5107421875,-6149.0107421875,-0.022132952716644522,-0.022243780801905,-0.022343707764025104,3.0
1M 101/98 short put spread,short_put_spread,2018-03-16,2018-04-20,35,2752.010009765625,1.01,0.98,2780.0,2695.0,1.0101707443414274,0.9792842287770311,SPXW  180420P02780000,SPXW  180420P02695000,50.1,51.5,22.3,22.8,2825.0,2774.5,2726.999999999999,28.25,27.745,27.269999999999992,0.0102652242905199,0.010081722050990252,0.009909120934600975,101/98,0.10595,0.137029,0.14187787733401178,-0.035927877334011774,-0.2532310040798653,2670.139892578125,-8500.0,-5675.0,-5725.5,-5773.000000000001,-0.02062129127387626,-0.020804793513405907,-0.02097739462979518,4.0
1M 102/99 short put spread,short_put_spread,2018-03-16,2018-04-20,35,2752.010009765625,1.02,0.99,2805.0,2725.0,1.0192550136250733,0.9901853519174062,SPXW  180420P02805000,SPXW  180420P02725000,64.9,66.7,29.1,29.7,3640.000000000001,3577.0000000000014,3517.0000000000014,36.400000000000006,35.77000000000001,35.170000000000016,0.013226696076988476,0.0129977724910406,0.012779750028233098,102/99,0.099949,0.124862,0.14187787733401178,-0.04192887733401178,-0.2955279436222602,2670.139892578125,-8000.0,-4359.999999999999,-4422.999999999998,-4482.999999999998,-0.015842965630678496,-0.016071889216626372,-0.016289911679433874,5.0
1M 103/100 short put spread,short_put_spread,2018-03-16,2018-04-20,35,2752.010009765625,1.03,1.0,2835.0,2750.0,1.0301561367654484,0.9992696212010522,SPXW  180420P02835000,SPXW  180420P02750000,87.1,89.5,37.0,37.6,5100.0,5021.999999999998,4947.0,51.0,50.219999999999985,49.47,0.018531909338637693,0.018248480136987936,0.017975952058478566,103/100,0.095644,0.115245,0.14187787733401178,-0.04623387733401177,-0.3258709405777691,2670.139892578125,-8500.0,-3400.0,-3478.000000000002,-3553.0,-0.012354606225758463,-0.012638035427408222,-0.012910563505917594,6.0
1M 98/95 short put spread,short_put_spread,2018-04-20,2018-05-18,28,2670.139892578125,0.98,0.95,2615.0,2535.0,0.9793494368098874,0.9493884597755505,SPXW  180518P02615000,SPXW  180518P02535000,23.1,23.7,10.9,11.4,1225.0,1194.5,1167.0,12.25,11.945,11.67,0.004587774608382838,0.004473548383439429,0.004370557524883896,98/95,0.158161,0.187913,0.23329920822442646,-0.07513820822442646,-0.32206799498498895,2712.969970703125,0.0,1225.0,1194.5,1167.0,0.004587774608382838,0.004473548383439429,0.004370557524883896,1.0
1M 99/96 short put spread,short_put_spread,2018-04-20,2018-05-18,28,2670.139892578125,0.99,0.96,2645.0,2565.0,0.9905848031977638,0.9606238261634269,SPXW  180518P02645000,SPXW  180518P02565000,30.9,31.6,14.4,14.9,1660.0,1627.0,1597.0,16.6,16.27,15.97,0.006216902734624907,0.006093313704358267,0.005980960040479504,99/96,0.146818,0.176894,0.23329920822442646,-0.08648120822442645,-0.37068796282083505,2712.969970703125,0.0,1660.0,1627.0,1597.0,0.006216902734624907,0.006093313704358267,0.005980960040479504,2.0
1M 100/97 short put spread,short_put_spread,2018-04-20,2018-05-18,28,2670.139892578125,1.0,0.97,2670.0,2590.0,0.9999476085209941,0.9699866314866571,SPXW  180518P02670000,SPXW  180518P02590000,39.4,40.4,18.2,18.8,2140.0,2097.0,2057.0,21.4,20.97,20.57,0.00801456135668512,0.00785352110512556,0.007703716219953876,100/97,0.137367,0.167683,0.23329920822442646,-0.09593220822442647,-0.4111981731722927,2712.969970703125,0.0,2140.0,2097.0,2057.0,0.00801456135668512,0.00785352110512556,0.007703716219953876,3.0
1M 101/98 short put spread,short_put_spread,2018-04-20,2018-05-18,28,2670.139892578125,1.01,0.98,2695.0,2615.0,1.0093104138442244,0.9793494368098874,SPXW  180518P02695000,SPXW  180518P02615000,50.4,51.6,23.1,23.7,2760.0,2712.0000000000005,2667.0000000000005,27.6,27.120000000000005,26.670000000000005,0.01033653707684623,0.01015677121464021,0.009988240718822065,101/98,0.12806,0.158161,0.23329920822442646,-0.10523920822442645,-0.45109115039597414,2712.969970703125,0.0,2760.0,2712.0000000000005,2667.0000000000005,0.01033653707684623,0.01015677121464021,0.009988240718822065,4.0
1M 102/99 short put spread,short_put_spread,2018-04-20,2018-05-18,28,2670.139892578125,1.02,0.99,2725.0,2645.0,1.0205457802321007,0.9905848031977638,SPXW  180518P02725000,SPXW  180518P02645000,67.7,69.0,30.9,31.6,3709.999999999999,3656.999999999999,3606.999999999999,37.099999999999994,36.56999999999999,36.06999999999999,0.013894403099673734,0.013695911626821253,0.013508655520356646,102/99,0.117929,0.146818,0.23329920822442646,-0.11537020822442645,-0.49451607273970666,2712.969970703125,-1203.0029296875,2506.997070312499,2453.997070312499,2403.997070312499,0.009389010206097835,0.009190518733245353,0.009003262626780747,5.0
1M 103/100 short put spread,short_put_spread,2018-04-20,2018-05-18,28,2670.139892578125,1.03,1.0,2750.0,2670.0,1.029908585555331,0.9999476085209941,SPXW  180518P02750000,SPXW  180518P02670000,85.0,88.4,39.4,40.4,4680.0,4567.0,4457.0,46.8,45.67,44.57,0.017527171565087086,0.017103972764477077,0.016692009330254946,103/100,0.112506,0.137367,0.23329920822442646,-0.12079320822442646,-0.5177609008780999,2712.969970703125,-3703.0029296875,976.9970703125,863.9970703125,753.9970703125,0.0036589733482809057,0.003235774547670897,0.0028238111134487646,6.0
1M 98/95 short put spread,short_put_spread,2018-05-18,2018-06-15,28,2712.969970703125,0.98,0.95,2660.0,2575.0,0.9804752830753241,0.9491443059845712,SPXW  180615P02660000,SPXW  180615P02575000,16.5,16.9,6.6,6.9,995.0,974.5000000000002,957.0,9.95,9.745000000000003,9.57,0.003667567318270479,0.0035920043735221934,0.0035274994206882897,98/95,0.126041,0.159268,0.10795951747340006,0.018081482526599926,0.16748391387591166,2779.659912109375,0.0,995.0,974.5000000000002,957.0,0.003667567318270479,0.0035920043735221934,0.0035274994206882897,1.0
1M 99/96 short put spread,short_put_spread,2018-05-18,2018-06-15,28,2712.969970703125,0.99,0.96,2685.0,2605.0,0.9896902763373101,0.9602022978989545,SPXW  180615P02685000,SPXW  180615P02605000,22.2,22.7,9.0,9.3,1330.0,1307.0,1287.0,13.3,13.07,12.87,0.00490237641537662,0.004817598477366348,0.004743878531270459,99/96,0.116393,0.147636,0.10795951747340006,0.008433482526599936,0.07811708243951587,2779.659912109375,0.0,1330.0,1307.0,1287.0,0.00490237641537662,0.004817598477366348,0.004743878531270459,2.0
1M 100/97 short put spread,short_put_spread,2018-05-18,2018-06-15,28,2712.969970703125,1.0,0.97,2715.0,2630.0,1.0007482682516935,0.9694172911609407,SPXW  180615P02715000,SPXW  180615P02630000,32.1,32.8,11.8,12.1,2050.0000000000005,2022.0000000000007,1997.0000000000011,20.500000000000004,20.220000000000006,19.970000000000013,0.007556294474828627,0.007453086550294383,0.007360936617674523,100/97,0.105035,0.137905,0.10795951747340006,-0.0029245174734000567,-0.027089019494002664,2779.659912109375,0.0,2050.0000000000005,2022.0000000000007,1997.0000000000011,0.007556294474828627,0.007453086550294383,0.007360936617674523,3.0
1M 101/98 short put spread,short_put_spread,2018-05-18,2018-06-15,28,2712.969970703125,1.01,0.98,2740.0,2660.0,1.0099632615136795,0.9804752830753241,SPXW  180615P02740000,SPXW  180615P02660000,44.2,45.0,16.5,16.9,2790.0,2757.000000000001,2727.0,27.9,27.570000000000007,27.27,0.010283932480376519,0.010162294569318305,0.010051714650174468,101/98,0.096967,0.126041,0.10795951747340006,-0.010992517473400062,-0.10182073550030901,2779.659912109375,0.0,2790.0,2757.000000000001,2727.0,0.010283932480376519,0.010162294569318305,0.010051714650174468,4.0
1M 102/99 short put spread,short_put_spread,2018-05-18,2018-06-15,28,2712.969970703125,1.02,0.99,2765.0,2685.0,1.0191782547756658,0.9896902763373101,SPXW  180615P02765000,SPXW  180615P02685000,59.6,61.7,22.2,22.7,3820.000000000001,3752.000000000001,3687.000000000001,38.20000000000001,37.52000000000001,36.87000000000001,0.014080509704314808,0.013829861887588784,0.013590272062777145,102/99,0.089881,0.116393,0.10795951747340006,-0.018078517473400058,-0.16745644938487603,2779.659912109375,0.0,3820.000000000001,3752.000000000001,3687.000000000001,0.014080509704314808,0.013829861887588784,0.013590272062777145,5.0
1M 103/100 short put spread,short_put_spread,2018-05-18,2018-06-15,28,2712.969970703125,1.03,1.0,2795.0,2715.0,1.0302362466900492,1.0007482682516935,SPXW  180615P02795000,SPXW  180615P02715000,83.8,86.3,32.1,32.8,5260.0,5177.0,5097.0,52.6,51.77,50.97,0.019388345823218814,0.019082408046920876,0.01878752826253732,103/100,0.085043,0.105035,0.10795951747340006,-0.022916517473400067,-0.2122695433410623,2779.659912109375,-1534.0087890625,3725.9912109375,3642.9912109375,3562.9912109375,0.013733993561203438,0.0134280557849055,0.013133176000521943,6.0
1M 98/95 short put spread,short_put_spread,2018-06-15,2018-07-20,35,2779.659912109375,0.98,0.95,2725.0,2640.0,0.9803357555105021,0.9497564750633856,SPXW  180720P02725000,SPXW  180720P02640000,15.8,16.2,7.1,7.4,875.0,854.5,837.0,8.75,8.545,8.37,0.003147867104850236,0.003074117075536602,0.0030111597334395975,98/95,0.116253,0.148304,0.09125687752322073,0.024996122476779264,0.2739094647460285,2801.830078125,0.0,875.0,854.5,837.0,0.003147867104850236,0.003074117075536602,0.0030111597334395975,1.0
1M 99/96 short put spread,short_put_spread,2018-06-15,2018-07-20,35,2779.659912109375,0.99,0.96,2750.0,2670.0,0.9893296615243599,0.9605491622800149,SPXW  180720P02750000,SPXW  180720P02670000,20.7,21.2,9.2,9.5,1160.0,1137.0,1117.0,11.6,11.37,11.17,0.004173172390430027,0.004090428455102536,0.004018477206991672,99/96,0.107004,0.136737,0.09125687752322073,0.01574712247677927,0.17255819949320905,2801.830078125,0.0,1160.0,1137.0,1117.0,0.004173172390430027,0.004090428455102536,0.004018477206991672,2.0
1M 100/97 short put spread,short_put_spread,2018-06-15,2018-07-20,35,2779.659912109375,1.0,0.97,2780.0,2695.0,1.0001223487409894,0.9695430682938727,SPXW  180720P02780000,SPXW  180720P02695000,29.7,30.4,11.6,11.9,1829.9999999999995,1801.9999999999995,1776.9999999999995,18.299999999999997,18.019999999999996,17.769999999999996,0.006583539202143921,0.006482807454788713,0.006392868394650135,100/97,0.097561,0.127092,0.09125687752322073,0.006304122476779264,0.06908106706998773,2801.830078125,0.0,1829.9999999999995,1801.9999999999995,1776.9999999999995,0.006583539202143921,0.006482807454788713,0.006392868394650135,3.0
1M 101/98 short put spread,short_put_spread,2018-06-15,2018-07-20,35,2779.659912109375,1.01,0.98,2805.0,2725.0,1.0091162547548471,0.9803357555105021,SPXW  180720P02805000,SPXW  180720P02725000,41.0,42.0,15.8,16.2,2550.0,2512.0,2477.0,25.5,25.12,24.77,0.009173784134134973,0.009037076762724335,0.008911162078530325,101/98,0.092189,0.116253,0.09125687752322073,0.0009321224767792624,0.010214270990611896,2801.830078125,-316.9921875,2233.0078125,2195.0078125,2160.0078125,0.008033384957534096,0.007896677586123457,0.007770762901929447,5.0
1M 102/99 short put spread,short_put_spread,2018-06-15,2018-07-20,35,2779.659912109375,1.02,0.99,2835.0,2750.0,1.0199089419714764,0.9893296615243599,SPXW  180720P02835000,SPXW  180720P02750000,60.0,61.7,20.7,21.2,3990.0,3932.0,3877.0,39.9,39.32,38.77,0.014354273998117076,0.014145615378595575,0.013947749446290703,102/99,0.090379,0.107004,0.09125687752322073,-0.0008778775232207298,-0.009619850547673559,2801.830078125,-3316.9921875,673.0078125,615.0078125,560.0078125,0.0024211876048868177,0.0022125289853653163,0.0020146630530604444,6.0
1M 103/100 short put spread,short_put_spread,2018-06-15,2018-07-20,35,2779.659912109375,1.03,1.0,2865.0,2780.0,1.030701629188106,1.0001223487409894,SPXW  180720P02865000,SPXW  180720P02780000,84.8,86.8,29.7,30.4,5575.0,5504.5,5437.0,55.75,55.045,54.37,0.020056410410902933,0.019802782261312143,0.01955994679893798,103/100,0.09625,0.097561,0.09125687752322073,0.0049931224767792715,0.054715026552478285,2801.830078125,-6316.9921875,-741.9921875,-812.4921875,-879.9921875,-0.0026693631989567067,-0.0029229913485474975,-0.0031658268109216584,4.0
1M 98/95 short put spread,short_put_spread,2018-07-20,2018-08-17,28,2801.830078125,0.98,0.95,2745.0,2660.0,0.979716800612323,0.9493794862035625,SPXW  180817P02745000,SPXW  180817P02660000,14.3,14.7,6.2,6.4,819.9999999999999,802.0,787.0,8.2,8.02,7.87,0.0029266585664921847,0.002862414841861869,0.002808878404669939,98/95,0.115816,0.152827,0.09911319517356726,0.016702804826432743,0.16852251405257146,2850.1298828125,0.0,819.9999999999999,802.0,787.0,0.0029266585664921847,0.002862414841861869,0.002808878404669939,1.0
1M 99/96 short put spread,short_put_spread,2018-07-20,2018-08-17,28,2801.830078125,0.99,0.96,2775.0,2690.0,0.990424088050709,0.9600867736419486,SPXW  180817P02775000,SPXW  180817P02690000,20.3,20.7,8.0,8.3,1235.0,1214.4999999999995,1197.0,12.35,12.144999999999996,11.97,0.004407833328802254,0.004334666864639948,0.0042722076879160315,99/96,0.102304,0.139262,0.09911319517356726,0.003190804826432747,0.03219354214991266,2850.1298828125,0.0,1235.0,1214.4999999999995,1197.0,0.004407833328802254,0.004334666864639948,0.0042722076879160315,2.0
1M 100/97 short put spread,short_put_spread,2018-07-20,2018-08-17,28,2801.830078125,1.0,0.97,2800.0,2720.0,0.9993468275826974,0.9707940610803346,SPXW  180817P02800000,SPXW  180817P02720000,27.9,28.6,10.9,11.2,1720.0,1692.0,1667.0,17.2,16.92,16.67,0.006138844798007998,0.006038910115249729,0.005949682719929845,100/97,0.091631,0.126593,0.09911319517356726,-0.007482195173567255,-0.07549141323175401,2850.1298828125,0.0,1720.0,1692.0,1667.0,0.006138844798007998,0.006038910115249729,0.005949682719929845,3.0
1M 101/98 short put spread,short_put_spread,2018-07-20,2018-08-17,28,2801.830078125,1.01,0.98,2830.0,2745.0,1.0100541150210836,0.979716800612323,SPXW  180817P02830000,SPXW  180817P02745000,42.6,43.4,14.3,14.7,2850.0,2817.0,2787.0,28.5,28.17,27.87,0.010171923066466741,0.010054142904644495,0.009947070030260635,101/98,0.081557,0.115816,0.09911319517356726,-0.017556195173567254,-0.17713277372223557,2850.1298828125,0.0,2850.0,2817.0,2787.0,0.010171923066466741,0.010054142904644495,0.009947070030260635,4.0
1M 102/99 short put spread,short_put_spread,2018-07-20,2018-08-17,28,2801.830078125,1.02,0.99,2860.0,2775.0,1.0207614024594696,0.990424088050709,SPXW  180817P02860000,SPXW  180817P02775000,61.5,68.2,20.3,20.7,4434.999999999999,4254.5,4076.999999999999,44.349999999999994,42.545,40.76999999999999,0.015828939929747366,0.015184718135537808,0.01455120362876663,102/99,0.07676,0.102304,0.09911319517356726,-0.022353195173567264,-0.22553198022142562,2850.1298828125,-987.01171875,3447.988281249999,3267.48828125,3089.988281249999,0.0123062005371768,0.011661978742967243,0.011028464236196066,6.0
1M 103/100 short put spread,short_put_spread,2018-07-20,2018-08-17,28,2801.830078125,1.03,1.0,2885.0,2800.0,1.029684141991458,0.9993468275826974,SPXW  180817P02885000,SPXW  180817P02800000,83.9,90.4,27.9,28.6,5890.0,5707.0,5527.0,58.9,57.07,55.27,0.0210219743373646,0.02036882980362305,0.019726392557319887,103/100,0.078416,0.091631,0.09911319517356726,-0.02069719517356726,-0.20882381137367512,2850.1298828125,-3487.01171875,2402.98828125,2219.98828125,2039.98828125,0.008576495412805665,0.007923350879064116,0.007280913632760954,5.0
1M 98/95 short put spread,short_put_spread,2018-08-17,2018-09-21,35,2850.1298828125,0.98,0.95,2795.0,2710.0,0.980657062983355,0.9508338607101582,SPXW  180921P02795000,SPXW  180921P02710000,17.1,17.6,8.5,8.8,870.0000000000002,847.0000000000001,827.0000000000001,8.700000000000003,8.47,8.270000000000001,0.003052492467962501,0.0029717943912232624,0.002901622150580446,98/95,0.113554,0.149124,0.08053184393874716,0.03302215606125285,0.4100509121133453,2929.669921875,0.0,870.0000000000002,847.0000000000001,827.0000000000001,0.003052492467962501,0.0029717943912232624,0.002901622150580446,1.0
1M 99/96 short put spread,short_put_spread,2018-08-17,2018-09-21,35,2850.1298828125,0.99,0.96,2820.0,2735.0,0.989428593063707,0.9596053907905102,SPXW  180921P02820000,SPXW  180921P02735000,21.9,22.5,10.2,10.6,1180.0000000000002,1151.9999999999998,1127.0000000000002,11.800000000000002,11.519999999999998,11.270000000000003,0.0041401621979261505,0.004041921061026206,0.003954205760222688,99/96,0.10306,0.138671,0.08053184393874716,0.022528156061252844,0.2797422107755021,2929.669921875,0.0,1180.0000000000002,1151.9999999999998,1127.0000000000002,0.0041401621979261505,0.004041921061026206,0.003954205760222688,2.0
1M 100/97 short put spread,short_put_spread,2018-08-17,2018-09-21,35,2850.1298828125,1.0,0.97,2850.0,2765.0,0.9999544291601294,0.9701312268869325,SPXW  180921P02850000,SPXW  180921P02765000,30.6,31.4,13.0,13.5,1775.0,1739.5,1707.0,17.75,17.395,17.07,0.006227786357049929,0.00610323062990893,0.005989200738864354,100/97,0.091368,0.126097,0.08053184393874716,0.01083615606125285,0.1345574065023878,2929.669921875,0.0,1775.0,1739.5,1707.0,0.006227786357049929,0.00610323062990893,0.005989200738864354,3.0
1M 101/98 short put spread,short_put_spread,2018-08-17,2018-09-21,35,2850.1298828125,1.01,0.98,2880.0,2795.0,1.0104802652565519,0.980657062983355,SPXW  180921P02880000,SPXW  180921P02795000,44.5,45.5,17.1,17.6,2765.0,2724.5,2687.0,27.65,27.245,26.87,0.009701312268869326,0.009559213481567623,0.009427640530362344,101/98,0.08231,0.113554,0.08053184393874716,0.001778156061252839,0.022080160769760937,2929.669921875,0.0,2765.0,2724.5,2687.0,0.009701312268869326,0.009559213481567623,0.009427640530362344,4.0
1M 102/99 short put spread,short_put_spread,2018-08-17,2018-09-21,35,2850.1298828125,1.02,0.99,2905.0,2820.0,1.0192517953369038,0.989428593063707,SPXW  180921P02905000,SPXW  180921P02820000,60.8,62.4,21.9,22.5,3939.999999999999,3882.0,3827.0,39.39999999999999,38.82,38.27,0.013823931406634769,0.013620431908770604,0.01342745824700286,102/99,0.077984,0.10306,0.08053184393874716,-0.0025478439387471574,-0.03163772011336352,2929.669921875,0.0,3939.999999999999,3882.0,3827.0,0.013823931406634769,0.013620431908770604,0.01342745824700286,6.0
1M 103/100 short put spread,short_put_spread,2018-08-17,2018-09-21,35,2850.1298828125,1.03,1.0,2935.0,2850.0,1.0297776314333262,0.9999544291601294,SPXW  180921P02935000,SPXW  180921P02850000,85.8,87.7,30.6,31.4,5575.0,5504.5,5437.0,55.75,55.045,54.37,0.019560512079184987,0.01931315493091906,0.019076323618749558,103/100,0.07872,0.091368,0.08053184393874716,-0.0018118439387471569,-0.02249847824328044,2929.669921875,-533.0078125,5041.9921875,4971.4921875,4903.9921875,0.017690394455022438,0.01744303730675651,0.017206205994587005,5.0
1M 98/95 short put spread,short_put_spread,2018-09-21,2018-10-19,28,2929.669921875,0.98,0.95,2870.0,2785.0,0.9796325444619335,0.9506190370475556,SPXW  181019P02870000,SPXW  181019P02785000,12.3,12.6,5.5,5.8,680.0,662.0,646.9999999999999,6.8,6.62,6.469999999999999,0.0023210805931502257,0.0022596402245080136,0.0022084399173061702,98/95,0.108975,0.146174,0.06373555940911248,0.045239440590887525,0.7097990668050762,2767.780029296875,-8500.0,-7820.0,-7838.0,-7853.0,-0.026692426821227595,-0.026753867189869805,-0.02680506749707165,1.0
1M 99/96 short put spread,short_put_spread,2018-09-21,2018-10-19,28,2929.669921875,0.99,0.96,2900.0,2810.0,0.9898726059023021,0.9591524215811962,SPXW  181019P02900000,SPXW  181019P02810000,17.5,17.9,6.8,7.1,1075.0,1054.5000000000002,1037.0,10.75,10.545000000000002,10.37,0.00366935534946543,0.0035993815962895785,0.003539647904554094,99/96,0.096035,0.135283,0.06373555940911248,0.03229944059088752,0.5067726853005321,2767.780029296875,-9000.0,-7925.0,-7945.5,-7963.0,-0.027050828971640496,-0.02712080272481635,-0.027180536416551833,2.0
1M 100/97 short put spread,short_put_spread,2018-09-21,2018-10-19,28,2929.669921875,1.0,0.97,2930.0,2840.0,1.0001126673426708,0.9693924830215648,SPXW  181019P02930000,SPXW  181019P02840000,26.3,26.9,9.0,9.3,1745.0,1719.5000000000005,1697.0000000000005,17.45,17.195000000000004,16.970000000000006,0.005956302404481094,0.005869261882237961,0.005792461421435197,100/97,0.084465,0.122172,0.06373555940911248,0.02072944059088752,0.32524136891663913,2767.780029296875,-9000.0,-7255.0,-7280.5,-7303.0,-0.024763881916624833,-0.024850922438867967,-0.02492772289967073,3.0
1M 101/98 short put spread,short_put_spread,2018-09-21,2018-10-19,28,2929.669921875,1.01,0.98,2960.0,2870.0,1.0103527287830394,0.9796325444619335,SPXW  181019P02960000,SPXW  181019P02870000,41.4,42.1,12.3,12.6,2930.0,2902.0,2877.0,29.3,29.02,28.77,0.010001126673426708,0.009905552766649933,0.009820218921313528,101/98,0.076726,0.108975,0.06373555940911248,0.012990440590887525,0.2038177857277932,2767.780029296875,-9000.0,-6070.0,-6098.0,-6123.0,-0.02071905764767922,-0.020814631554455995,-0.0208999653997924,5.0
1M 102/99 short put spread,short_put_spread,2018-09-21,2018-10-19,28,2929.669921875,1.02,0.99,2990.0,2900.0,1.020592790223408,0.9898726059023021,SPXW  181019P02990000,SPXW  181019P02900000,62.9,65.2,17.5,17.9,4635.0,4564.499999999999,4496.999999999999,46.35,45.64499999999999,44.96999999999999,0.015820894925369554,0.015580253481520886,0.015349852099112592,102/99,0.074872,0.096035,0.06373555940911248,0.011136440590887517,0.1747288435864156,2767.780029296875,-9000.0,-4365.0,-4435.500000000001,-4503.000000000001,-0.014899289395736374,-0.015139930839585041,-0.015370332221993336,6.0
1M 103/100 short put spread,short_put_spread,2018-09-21,2018-10-19,28,2929.669921875,1.03,1.0,3020.0,2930.0,1.0308328516637766,1.0001126673426708,SPXW  181019P03020000,SPXW  181019P02930000,88.1,93.6,26.3,26.9,6425.0,6269.5,6117.0,64.25,62.695,61.17,0.021930798251456177,0.021400021733463732,0.02087948527691166,103/100,0.077592,0.084465,0.06373555940911248,0.013856440590887517,0.21740517725661346,2767.780029296875,-9000.0,-2575.0,-2730.5,-2883.0,-0.008789386069649751,-0.009320162587642192,-0.009840699044194266,4.0
1M 98/95 short put spread,short_put_spread,2018-10-19,2018-11-16,28,2767.780029296875,0.98,0.95,2710.0,2630.0,0.9791240529647317,0.9502200218809019,SPXW  181116P02710000,SPXW  181116P02630000,33.6,34.2,18.9,19.4,1475.0000000000007,1444.5000000000011,1417.0000000000011,14.750000000000007,14.445000000000011,14.17000000000001,0.0053291807310811064,0.005218984112574008,0.005119626505723343,98/95,0.191354,0.222257,0.17521052439816331,0.016143475601836682,0.09213759080562345,2736.27001953125,0.0,1475.0000000000007,1444.5000000000011,1417.0000000000011,0.0053291807310811064,0.005218984112574008,0.005119626505723343,1.0
1M 99/96 short put spread,short_put_spread,2018-10-19,2018-11-16,28,2767.780029296875,0.99,0.96,2740.0,2655.0,0.9899630646211678,0.9592525315945988,SPXW  181116P02740000,SPXW  181116P02655000,42.0,42.7,22.6,23.1,1950.0,1917.0,1887.0,19.5,19.17,18.87,0.007045357576683494,0.006926128448462696,0.006817738331898335,99/96,0.179717,0.212822,0.17521052439816331,0.004506475601836674,0.025720347663567233,2736.27001953125,-372.998046875,1577.001953125,1544.001953125,1514.001953125,0.005697714184048147,0.005578485055827349,0.005470094939262988,2.0
1M 100/97 short put spread,short_put_spread,2018-10-19,2018-11-16,28,2767.780029296875,1.0,0.97,2770.0,2685.0,1.000802076277604,0.9700915432510349,SPXW  181116P02770000,SPXW  181116P02685000,52.4,53.2,28.0,28.6,2450.0,2411.9999999999986,2376.999999999999,24.5,24.119999999999987,23.769999999999992,0.00885185951942285,0.008714565371774655,0.008588110235782901,100/97,0.167193,0.201218,0.17521052439816331,-0.008017524398163306,-0.0457593767594896,2736.27001953125,-3372.998046875,-922.998046875,-960.9980468750014,-995.9980468750009,-0.00333479552964864,-0.003472089677296836,-0.003598544813288589,3.0
1M 101/98 short put spread,short_put_spread,2018-10-19,2018-11-16,28,2767.780029296875,1.01,0.98,2795.0,2710.0,1.0098345859913007,0.9791240529647317,SPXW  181116P02795000,SPXW  181116P02710000,62.1,64.9,33.6,34.2,2959.9999999999995,2871.9999999999995,2786.9999999999986,29.599999999999994,28.719999999999995,27.869999999999987,0.010694491501016994,0.010376547159094867,0.010069441828829172,101/98,0.156345,0.191354,0.17521052439816331,-0.018865524398163303,-0.10767346575192982,2736.27001953125,-5872.998046875,-2912.9980468750005,-3000.9980468750005,-3085.9980468750014,-0.010524673261751284,-0.01084261760367341,-0.011149722933939104,4.0
1M 102/99 short put spread,short_put_spread,2018-10-19,2018-11-16,28,2767.780029296875,1.02,0.99,2825.0,2740.0,1.0206735976477368,0.9899630646211678,SPXW  181116P02825000,SPXW  181116P02740000,78.2,81.6,42.0,42.7,3755.000000000001,3649.5,3547.000000000002,37.55000000000001,36.495,35.47000000000002,0.013566829589972577,0.01318565768005457,0.012815324781793007,102/99,0.145248,0.179717,0.17521052439816331,-0.029962524398163326,-0.17100870225166342,2736.27001953125,-8500.0,-4744.999999999999,-4850.5,-4952.999999999998,-0.017143703436596498,-0.017524875346514507,-0.017895208244776067,5.0
1M 103/100 short put spread,short_put_spread,2018-10-19,2018-11-16,28,2767.780029296875,1.03,1.0,2850.0,2770.0,1.0297061073614338,1.000802076277604,SPXW  181116P02850000,SPXW  181116P02770000,94.7,98.6,52.4,53.2,4385.0,4264.500000000002,4147.000000000002,43.85,42.64500000000002,41.47000000000002,0.015843022037824162,0.015407655069623985,0.014983127113080237,103/100,0.137661,0.167193,0.17521052439816331,-0.03754952439816331,-0.21431089557629868,2736.27001953125,-8000.0,-3615.0,-3735.499999999998,-3852.999999999998,-0.013061009046005554,-0.013496376014205731,-0.013920903970749481,6.0
1M 98/95 short put spread,short_put_spread,2018-11-16,2018-12-21,35,2736.27001953125,0.98,0.95,2680.0,2600.0,0.9794355019316078,0.9501986212769329,SPXW  181221P02680000,SPXW  181221P02600000,33.7,34.3,18.1,18.5,1570.0,1542.0000000000002,1517.0000000000005,15.7,15.420000000000002,15.170000000000005,0.005737737828479941,0.005635408746188579,0.005544043494142722,98/95,0.180444,0.202781,0.20690408889758768,-0.02646008889758769,-0.1278857708350306,2416.6201171875,-8000.0,-6430.0,-6458.0,-6483.0,-0.02349914282619492,-0.023601471908486278,-0.023692837160532138,1.0
1M 99/96 short put spread,short_put_spread,2018-11-16,2018-12-21,35,2736.27001953125,0.99,0.96,2710.0,2625.0,0.9903993321771108,0.9593351464815187,SPXW  181221P02710000,SPXW  181221P02625000,42.4,43.2,21.9,22.4,2065.0,2029.499999999999,1996.999999999999,20.65,20.29499999999999,19.96999999999999,0.007546769818987948,0.007417031161082825,0.007298256333423208,99/96,0.171968,0.195581,0.20690408889758768,-0.034936088897587675,-0.16885161179622776,2416.6201171875,-8500.0,-6435.0,-6470.500000000001,-6503.000000000001,-0.023517415876604088,-0.02364715453450921,-0.023765929362168828,2.0
1M 100/97 short put spread,short_put_spread,2018-11-16,2018-12-21,35,2736.27001953125,1.0,0.97,2735.0,2655.0,0.9995358573816967,0.9702989767270218,SPXW  181221P02735000,SPXW  181221P02655000,51.4,52.2,27.7,28.3,2380.0,2341.999999999999,2306.999999999999,23.8,23.41999999999999,23.06999999999999,0.00869797199476577,0.008559096811656062,0.00843118545879186,100/97,0.165028,0.187359,0.20690408889758768,-0.04187608889758768,-0.20239372320145532,2416.6201171875,-8000.0,-5620.0,-5658.000000000001,-5693.000000000001,-0.020538908659909087,-0.020677783843018795,-0.020805695195883,3.0
1M 101/98 short put spread,short_put_spread,2018-11-16,2018-12-21,35,2736.27001953125,1.01,0.98,2765.0,2680.0,1.0104996876271999,0.9794355019316078,SPXW  181221P02765000,SPXW  181221P02680000,64.4,65.3,33.7,34.3,3084.999999999999,3044.5,3007.0000000000014,30.84999999999999,30.445,30.070000000000014,0.011274472102458988,0.0111264603941447,0.010989412516075917,101/98,0.15663,0.180444,0.20690408889758768,-0.05027408889758769,-0.24298257789613864,2416.6201171875,-8500.0,-5415.000000000001,-5455.5,-5492.999999999998,-0.019789713593133047,-0.019937725301447336,-0.020074773179516118,4.0
1M 102/99 short put spread,short_put_spread,2018-11-16,2018-12-21,35,2736.27001953125,1.02,0.99,2790.0,2710.0,1.0196362128317857,0.9903993321771108,SPXW  181221P02790000,SPXW  181221P02710000,77.3,78.3,42.4,43.2,3500.0,3452.0,3407.0,35.0,34.52,34.07,0.01279113528642025,0.012615714002492201,0.012451256548809655,102/99,0.149476,0.171968,0.20690408889758768,-0.05742808889758769,-0.27755898495564846,2416.6201171875,-8000.0,-4500.0,-4548.0,-4593.0,-0.01644574536825461,-0.01662116665218266,-0.016785624105865204,5.0
1M 103/100 short put spread,short_put_spread,2018-11-16,2018-12-21,35,2736.27001953125,1.03,1.0,2820.0,2735.0,1.0306000430772888,0.9995358573816967,SPXW  181221P02820000,SPXW  181221P02735000,95.9,97.0,51.4,52.2,4465.0,4414.500000000002,4367.0,44.65,44.14500000000002,43.67,0.016317834015390404,0.016133276206257777,0.01595968222737064,103/100,0.142084,0.165028,0.20690408889758768,-0.0648200888975877,-0.3132856834437526,2416.6201171875,-8500.0,-4035.0,-4085.499999999998,-4133.0,-0.014746351680201632,-0.01493090948933426,-0.0151045034682214,6.0
1M 98/95 short put spread,short_put_spread,2018-12-21,2019-01-18,28,2416.6201171875,0.98,0.95,2370.0,2295.0,0.9807085454366915,0.9496734648848975,SPXW  190118P02370000,SPXW  190118P02295000,53.4,55.3,33.2,34.7,2039.9999999999986,1951.9999999999986,1866.9999999999986,20.399999999999988,19.519999999999985,18.669999999999987,0.008441541910087972,0.008077396964946922,0.007725666052026589,98/95,0.278062,0.304142,0.22562072058966787,0.05244127941033211,0.232431131649943,2670.7099609375,0.0,2039.9999999999986,1951.9999999999986,1866.9999999999986,0.008441541910087972,0.008077396964946922,0.007725666052026589,1.0
1M 99/96 short put spread,short_put_spread,2018-12-21,2019-01-18,28,2416.6201171875,0.99,0.96,2390.0,2320.0,0.9889845669171698,0.9600184917354955,SPXW  190118P02390000,SPXW  190118P02320000,60.5,62.6,38.9,40.5,2184.9999999999995,2089.5,1997.0,21.849999999999994,20.895,19.97,0.00904155346742266,0.008646373441729818,0.00826360744825769,99/96,0.271503,0.295122,0.22562072058966787,0.04588227941033213,0.2033602201536151,2670.7099609375,0.0,2184.9999999999995,2089.5,1997.0,0.00904155346742266,0.008646373441729818,0.00826360744825769,2.0
1M 100/97 short put spread,short_put_spread,2018-12-21,2019-01-18,28,2416.6201171875,1.0,0.97,2415.0,2345.0,0.9993295937677679,0.9703635185860935,SPXW  190118P02415000,SPXW  190118P02345000,70.5,72.8,45.5,47.3,2525.000000000001,2419.500000000001,2317.0,25.25000000000001,24.195000000000007,23.17,0.010448477119103995,0.010011916986008758,0.009587770885134237,100/97,0.263062,0.286204,0.22562072058966787,0.03744127941033215,0.1659478762078146,2670.7099609375,0.0,2525.000000000001,2419.500000000001,2317.0,0.010448477119103995,0.010011916986008758,0.009587770885134237,3.0
1M 101/98 short put spread,short_put_spread,2018-12-21,2019-01-18,28,2416.6201171875,1.01,0.98,2440.0,2370.0,1.009674620618366,0.9807085454366915,SPXW  190118P02440000,SPXW  190118P02370000,82.0,84.5,53.4,55.3,2890.000000000001,2777.0,2667.0,28.90000000000001,27.77,26.67,0.011958851039291304,0.01149125582564427,0.011036074644217958,101/98,0.255001,0.278062,0.22562072058966787,0.02938027941033211,0.13021977473321455,2670.7099609375,0.0,2890.000000000001,2777.0,2667.0,0.011958851039291304,0.01149125582564427,0.011036074644217958,4.0
1M 102/99 short put spread,short_put_spread,2018-12-21,2019-01-18,28,2416.6201171875,1.02,0.99,2465.0,2390.0,1.020019647468964,0.9889845669171698,SPXW  190118P02465000,SPXW  190118P02390000,94.9,97.7,60.5,62.6,3475.000000000002,3349.5,3227.000000000001,34.75000000000002,33.495,32.27000000000001,0.014379587322331243,0.013860266974431216,0.013353360658751917,102/99,0.246762,0.271503,0.22562072058966787,0.021141279410332142,0.09370273862736833,2670.7099609375,0.0,3475.000000000002,3349.5,3227.000000000001,0.014379587322331243,0.013860266974431216,0.013353360658751917,5.0
1M 103/100 short put spread,short_put_spread,2018-12-21,2019-01-18,28,2416.6201171875,1.03,1.0,2490.0,2415.0,1.030364674319562,0.9993295937677679,SPXW  190118P02490000,SPXW  190118P02415000,109.3,112.5,70.5,72.8,3924.999999999999,3784.499999999999,3647.000000000001,39.24999999999999,37.84499999999999,36.470000000000006,0.016241692155438876,0.015660301646435264,0.015091325169652383,103/100,0.238439,0.263062,0.22562072058966787,0.012818279410332145,0.05681339629104598,2670.7099609375,0.0,3924.999999999999,3784.499999999999,3647.000000000001,0.016241692155438876,0.015660301646435264,0.015091325169652383,6.0
1M 98/95 short put spread,short_put_spread,2019-01-18,2019-02-15,28,2670.7099609375,0.98,0.95,2615.0,2535.0,0.9791403927224115,0.9491858109182841,SPXW  190215P02615000,SPXW  190215P02535000,24.3,24.8,12.4,12.7,1200.0,1177.0,1157.0,12.0,11.77,11.57,0.004493187270619097,0.00440706784793223,0.004332181393421912,98/95,0.162065,0.195446,0.28365284820656644,-0.12158784820656646,-0.4286501932743566,2775.60009765625,0.0,1200.0,1177.0,1157.0,0.004493187270619097,0.00440706784793223,0.004332181393421912,1.0
1M 99/96 short put spread,short_put_spread,2019-01-18,2019-02-15,28,2670.7099609375,0.99,0.96,2645.0,2565.0,0.9903733608989592,0.960418779094832,SPXW  190215P02645000,SPXW  190215P02565000,32.3,33.0,15.6,16.1,1679.9999999999998,1646.9999999999993,1616.9999999999993,16.799999999999997,16.46999999999999,16.169999999999995,0.006290462178866735,0.006166899528924708,0.00605456984715923,99/96,0.151122,0.18226,0.28365284820656644,-0.13253084820656644,-0.4672290408663642,2775.60009765625,0.0,1679.9999999999998,1646.9999999999993,1616.9999999999993,0.006290462178866735,0.006166899528924708,0.00605456984715923,2.0
1M 100/97 short put spread,short_put_spread,2019-01-18,2019-02-15,28,2670.7099609375,1.0,0.97,2670.0,2590.0,0.999734167712749,0.9697795859086217,SPXW  190215P02670000,SPXW  190215P02590000,41.1,42.2,19.3,19.8,2210.000000000001,2167.000000000001,2127.000000000001,22.10000000000001,21.67000000000001,21.27000000000001,0.008274953223390173,0.008113947346192989,0.007964174437172353,100/97,0.142591,0.171705,0.28365284820656644,-0.14106184820656645,-0.49730453650809114,2775.60009765625,0.0,2210.000000000001,2167.000000000001,2127.000000000001,0.008274953223390173,0.008113947346192989,0.007964174437172353,3.0
1M 101/98 short put spread,short_put_spread,2019-01-18,2019-02-15,28,2670.7099609375,1.01,0.98,2695.0,2615.0,1.0090949745265387,0.9791403927224115,SPXW  190215P02695000,SPXW  190215P02615000,53.3,54.2,24.3,24.8,2920.0,2882.0,2847.0,29.2,28.82,28.47,0.01093342235850647,0.010791138094936864,0.010660086799543807,101/98,0.136754,0.162065,0.28365284820656644,-0.14689884820656646,-0.5178825072103252,2775.60009765625,0.0,2920.0,2882.0,2847.0,0.01093342235850647,0.010791138094936864,0.010660086799543807,4.0
1M 102/99 short put spread,short_put_spread,2019-01-18,2019-02-15,28,2670.7099609375,1.02,0.99,2725.0,2645.0,1.0203279427030865,0.9903733608989592,SPXW  190215P02725000,SPXW  190215P02645000,71.4,72.3,32.3,33.0,3919.999999999999,3876.9999999999995,3837.000000000001,39.19999999999999,38.769999999999996,38.37000000000001,0.014677745084022378,0.014516739206825197,0.014366966297804566,102/99,0.130661,0.151122,0.28365284820656644,-0.15299184820656644,-0.5393629895623404,2775.60009765625,0.0,3919.999999999999,3876.9999999999995,3837.000000000001,0.014677745084022378,0.014516739206825197,0.014366966297804566,5.0
1M 103/100 short put spread,short_put_spread,2019-01-18,2019-02-15,28,2670.7099609375,1.03,1.0,2750.0,2670.0,1.0296887495168763,0.999734167712749,SPXW  190215P02750000,SPXW  190215P02670000,88.7,90.9,41.1,42.2,4815.000000000001,4729.500000000002,4647.000000000002,48.150000000000006,47.295000000000016,46.47000000000002,0.01802891392335913,0.017708774330327522,0.017399867705472458,103/100,0.126158,0.142591,0.28365284820656644,-0.15749484820656645,-0.5552380284645437,2775.60009765625,0.0,4815.000000000001,4729.500000000002,4647.000000000002,0.01802891392335913,0.017708774330327522,0.017399867705472458,6.0
1M 98/95 short put spread,short_put_spread,2019-02-15,2019-03-15,28,2775.60009765625,0.98,0.95,2720.0,2635.0,0.9799682606643517,0.9493442525185907,SPXW  190315P02720000,SPXW  190315P02635000,20.0,20.3,8.7,8.9,1134.9999999999995,1119.5,1106.9999999999998,11.349999999999996,11.195,11.069999999999999,0.004089205793581025,0.004033362014021109,0.003988326707924401,98/95,0.140919,0.172076,0.1218840720750729,0.019034927924927086,0.15617239891035783,2822.47998046875,0.0,1134.9999999999995,1119.5,1106.9999999999998,0.004089205793581025,0.004033362014021109,0.003988326707924401,1.0
1M 99/96 short put spread,short_put_spread,2019-02-15,2019-03-15,28,2775.60009765625,0.99,0.96,2750.0,2665.0,0.9907767341275614,0.9601527259818005,SPXW  190315P02750000,SPXW  190315P02665000,27.4,27.8,11.5,11.8,1595.0,1574.4999999999998,1557.0,15.95,15.744999999999997,15.57,0.005746505057939857,0.005672647155941256,0.0056095977274058665,99/96,0.130049,0.161031,0.1218840720750729,0.008164927924927096,0.06698929389147756,2822.47998046875,0.0,1595.0,1574.4999999999998,1557.0,0.005746505057939857,0.005672647155941256,0.0056095977274058665,2.0
1M 100/97 short put spread,short_put_spread,2019-02-15,2019-03-15,28,2775.60009765625,1.0,0.97,2775.0,2690.0,0.9997837953469029,0.9691597872011419,SPXW  190315P02775000,SPXW  190315P02690000,36.1,36.6,14.7,15.0,2150.0,2127.0,2107.0,21.5,21.27,21.07,0.007746072648633662,0.007663207685415721,0.007591151195660989,100/97,0.121996,0.151788,0.1218840720750729,0.00011192792492709103,0.0009183146166806821,2822.47998046875,0.0,2150.0,2127.0,2107.0,0.007746072648633662,0.007663207685415721,0.007591151195660989,3.0
1M 101/98 short put spread,short_put_spread,2019-02-15,2019-03-15,28,2775.60009765625,1.01,0.98,2805.0,2720.0,1.0105922688101128,0.9799682606643517,SPXW  190315P02805000,SPXW  190315P02720000,50.5,50.9,20.0,20.3,3055.0,3034.5,3017.0,30.55,30.345,30.17,0.011006628810035274,0.010932770908036673,0.010869721479501283,101/98,0.113622,0.140919,0.1218840720750729,-0.008262072075072902,-0.06778631476952945,2822.47998046875,0.0,3055.0,3034.5,3017.0,0.011006628810035274,0.010932770908036673,0.010869721479501283,4.0
1M 102/99 short put spread,short_put_spread,2019-02-15,2019-03-15,28,2775.60009765625,1.02,0.99,2830.0,2750.0,1.0195993300294541,0.9907767341275614,SPXW  190315P02830000,SPXW  190315P02750000,66.0,66.5,27.4,27.8,3865.0,3839.4999999999995,3816.9999999999995,38.65,38.394999999999996,38.169999999999995,0.013924916645101908,0.013833044620664625,0.013751981069690552,102/99,0.107849,0.130049,0.1218840720750729,-0.014035072075072902,-0.11515099418756036,2822.47998046875,-752.001953125,3112.998046875,3087.4980468749995,3064.9980468749995,0.011215585593557419,0.011123713569120133,0.01104265001814606,5.0
1M 103/100 short put spread,short_put_spread,2019-02-15,2019-03-15,28,2775.60009765625,1.03,1.0,2860.0,2775.0,1.0304078034926638,0.9997837953469029,SPXW  190315P02860000,SPXW  190315P02775000,87.9,90.4,36.1,36.6,5280.0,5202.0,5127.0,52.8,52.02,51.27,0.019022913295249178,0.018741892985205726,0.018471681148625484,103/100,0.103164,0.121996,0.1218840720750729,-0.018720072075072897,-0.15358915858622213,2822.47998046875,-3752.001953125,1527.998046875,1449.998046875,1374.998046875,0.005505108780494927,0.005224088470451474,0.004953876633871229,6.0
1M 98/95 short put spread,short_put_spread,2019-03-15,2019-04-18,34,2822.47998046875,0.98,0.95,2765.0,2680.0,0.9796349377616476,0.9495195780112895,SPXW  190418P02765000,SPXW  190418P02680000,18.3,18.7,8.1,8.3,1030.0,1011.9999999999998,996.9999999999999,10.3,10.119999999999997,9.969999999999999,0.0036492730050433886,0.0035854993020426294,0.003532354549541998,98/95,0.124797,0.153627,0.08947841062225426,0.03531858937774575,0.3947163246657137,2905.030029296875,0.0,1030.0,1011.9999999999998,996.9999999999999,0.0036492730050433886,0.0035854993020426294,0.003532354549541998,1.0
1M 99/96 short put spread,short_put_spread,2019-03-15,2019-04-18,34,2822.47998046875,0.99,0.96,2795.0,2710.0,0.9902638882617739,0.9601485285114159,SPXW  190418P02795000,SPXW  190418P02710000,25.2,25.5,10.6,10.9,1460.0,1442.0,1427.0000000000005,14.6,14.42,14.270000000000005,0.005172755910061502,0.005108982207060744,0.005055837454560114,99/96,0.114753,0.143284,0.08947841062225426,0.025274589377745738,0.28246578366759323,2905.030029296875,0.0,1460.0,1442.0,1427.0000000000005,0.005172755910061502,0.005108982207060744,0.005055837454560114,2.0
1M 100/97 short put spread,short_put_spread,2019-03-15,2019-04-18,34,2822.47998046875,1.0,0.97,2820.0,2740.0,0.9991213470118792,0.9707774790115422,SPXW  190418P02820000,SPXW  190418P02740000,33.1,33.5,14.2,14.5,1894.9999999999995,1874.4999999999995,1856.9999999999995,18.949999999999996,18.744999999999994,18.569999999999997,0.006713953732579825,0.006641322570828961,0.0065793203595782244,100/97,0.10667,0.133114,0.08947841062225426,0.017191589377745745,0.19213114379425522,2905.030029296875,0.0,1894.9999999999995,1874.4999999999995,1856.9999999999995,0.006713953732579825,0.006641322570828961,0.0065793203595782244,3.0
1M 101/98 short put spread,short_put_spread,2019-03-15,2019-04-18,34,2822.47998046875,1.01,0.98,2850.0,2765.0,1.0097502975120056,0.9796349377616476,SPXW  190418P02850000,SPXW  190418P02765000,46.4,46.9,18.3,18.7,2815.0,2789.5,2767.0,28.15,27.895,27.67,0.009973498552618582,0.009883152473367508,0.00980343534461656,101/98,0.098063,0.124797,0.08947841062225426,0.008584589377745741,0.09594034268206664,2905.030029296875,0.0,2815.0,2789.5,2767.0,0.009973498552618582,0.009883152473367508,0.00980343534461656,4.0
1M 102/99 short put spread,short_put_spread,2019-03-15,2019-04-18,34,2822.47998046875,1.02,0.99,2880.0,2795.0,1.0203792480121319,0.9902638882617739,SPXW  190418P02880000,SPXW  190418P02795000,64.6,65.1,25.2,25.5,3949.999999999999,3926.999999999999,3906.999999999999,39.49999999999999,39.26999999999999,39.06999999999999,0.01399478482516639,0.01391329620466542,0.013842436534664578,102/99,0.090641,0.114753,0.08947841062225426,0.001162589377745743,0.012992959638652657,2905.030029296875,0.0,3949.999999999999,3926.999999999999,3906.999999999999,0.01399478482516639,0.01391329620466542,0.013842436534664578,5.0
1M 103/100 short put spread,short_put_spread,2019-03-15,2019-04-18,34,2822.47998046875,1.03,1.0,2905.0,2820.0,1.0292367067622372,0.9991213470118792,SPXW  190418P02905000,SPXW  190418P02820000,82.6,85.0,33.1,33.5,5050.0,4976.999999999998,4907.0,50.5,49.76999999999998,49.07,0.01789206667521273,0.01763342887970965,0.017385420034706705,103/100,0.08583,0.10667,0.08947841062225426,-0.003648410622254253,-0.04077420013254962,2905.030029296875,0.0,5050.0,4976.999999999998,4907.0,0.01789206667521273,0.01763342887970965,0.017385420034706705,6.0
1M 98/95 short put spread,short_put_spread,2019-04-18,2019-05-17,29,2905.030029296875,0.98,0.95,2845.0,2760.0,0.9793358317499373,0.9500762374797284,SPXW  190517P02845000,SPXW  190517P02760000,15.1,15.4,6.5,6.8,860.0,842.0,826.9999999999999,8.6,8.42,8.27,0.0029603824791035013,0.0028984209853548234,0.002846786407230925,98/95,0.12074,0.153043,0.10297909986042797,0.01776090013957203,0.1724709204454511,2859.530029296875,0.0,860.0,842.0,826.9999999999999,0.0029603824791035013,0.0028984209853548234,0.002846786407230925,1.0
1M 99/96 short put spread,short_put_spread,2019-04-18,2019-05-17,29,2905.030029296875,0.99,0.96,2875.0,2790.0,0.989662747374717,0.960403153104508,SPXW  190517P02875000,SPXW  190517P02790000,21.3,21.6,8.6,9.0,1265.0000000000005,1244.5000000000005,1227.0000000000005,12.650000000000004,12.445000000000004,12.270000000000005,0.004354516088448756,0.0042839488316794285,0.004223708490534881,99/96,0.109853,0.14194,0.10297909986042797,0.006873900139572037,0.06675043915598922,2859.530029296875,-1546.9970703125,-281.99707031249955,-302.49707031249955,-319.99707031249955,-0.0009707199838507463,-0.001041287240620074,-0.0011015275817646219,2.0
1M 100/97 short put spread,short_put_spread,2019-04-18,2019-05-17,29,2905.030029296875,1.0,0.97,2905.0,2820.0,0.9999896629994967,0.9707300687292877,SPXW  190517P02905000,SPXW  190517P02820000,30.6,31.1,11.6,12.0,1905.0,1879.5,1857.0,19.05,18.795,18.57,0.0065575914217350815,0.006469812638924454,0.006392360771738607,100/97,0.099613,0.130518,0.10297909986042797,-0.0033660998604279763,-0.03268721386174667,2859.530029296875,-4546.9970703125,-2641.9970703125,-2667.4970703125,-2689.9970703125,-0.009094560275344077,-0.009182339058154704,-0.009259790925340551,3.0
1M 101/98 short put spread,short_put_spread,2019-04-18,2019-05-17,29,2905.030029296875,1.01,0.98,2935.0,2845.0,1.0103165786242763,0.9793358317499373,SPXW  190517P02935000,SPXW  190517P02845000,44.8,45.3,15.1,15.4,2980.0,2957.0,2937.0,29.8,29.57,29.37,0.010258069520614458,0.01017889650082448,0.010110050396659282,101/98,0.091142,0.12074,0.10297909986042797,-0.011837099860427969,-0.11494662389233645,2859.530029296875,-7546.9970703125,-4566.9970703125,-4589.9970703125,-4609.9970703125,-0.015720997801244356,-0.015800170821034333,-0.01586901692519953,4.0
1M 102/99 short put spread,short_put_spread,2019-04-18,2019-05-17,29,2905.030029296875,1.02,0.99,2965.0,2875.0,1.020643494249056,0.989662747374717,SPXW  190517P02965000,SPXW  190517P02875000,64.1,66.3,21.3,21.6,4374.999999999998,4309.499999999999,4246.999999999999,43.74999999999998,43.09499999999999,42.46999999999999,0.015060085286136992,0.014834614294995973,0.01461947021947973,102/99,0.08622,0.109853,0.10297909986042797,-0.016759099860427965,-0.16274273015730667,2859.530029296875,-9000.0,-4625.000000000002,-4690.500000000001,-4753.000000000001,-0.015920661588201976,-0.016146132579342994,-0.016361276654859237,5.0
1M 103/100 short put spread,short_put_spread,2019-04-18,2019-05-17,29,2905.030029296875,1.03,1.0,2990.0,2905.0,1.0292492572697056,0.9999896629994967,SPXW  190517P02990000,SPXW  190517P02905000,84.5,87.1,30.6,31.1,5495.0,5414.5,5337.0,54.95,54.145,53.37,0.01891546711938807,0.018638361550123148,0.018371582896483007,103/100,0.084845,0.099613,0.10297909986042797,-0.018134099860427966,-0.17609495407326237,2859.530029296875,-8500.0,-3005.0,-3085.5,-3163.0,-0.010344127150820955,-0.010621232720085876,-0.010888011373726017,6.0
1M 98/95 short put spread,short_put_spread,2019-05-17,2019-06-21,35,2859.530029296875,0.98,0.95,2800.0,2715.0,0.9791818834959,0.9494567191754887,SPXW  190621P02800000,SPXW  190621P02715000,30.5,31.1,15.6,16.0,1500.0,1472.0,1447.0,15.0,14.72,14.47,0.00524561723301375,0.00514769904466416,0.005060272090780597,98/95,0.161738,0.186774,0.1320200053362063,0.029717994663793684,0.22510220771551182,2950.4599609375,0.0,1500.0,1472.0,1447.0,0.00524561723301375,0.00514769904466416,0.005060272090780597,1.0
1M 99/96 short put spread,short_put_spread,2019-05-17,2019-06-21,35,2859.530029296875,0.99,0.96,2830.0,2745.0,0.9896731179619275,0.9599479536415162,SPXW  190621P02830000,SPXW  190621P02745000,38.5,39.1,19.8,20.3,1874.9999999999995,1844.5,1817.0,18.749999999999996,18.445,18.17,0.006557021541267185,0.006450360657529241,0.006354191008257322,99/96,0.151844,0.178373,0.1320200053362063,0.019823994663793698,0.15015902031899864,2950.4599609375,0.0,1874.9999999999995,1844.5,1817.0,0.006557021541267185,0.006450360657529241,0.006354191008257322,2.0
1M 100/97 short put spread,short_put_spread,2019-05-17,2019-06-21,35,2859.530029296875,1.0,0.97,2860.0,2775.0,1.0001643524279549,0.9704391881075437,SPXW  190621P02860000,SPXW  190621P02775000,48.4,49.0,25.1,25.6,2335.0,2304.5,2277.000000000001,23.35,23.045,22.77000000000001,0.008165677492724737,0.00805901660898679,0.007962846959714874,100/97,0.14096,0.169458,0.1320200053362063,0.008939994663793693,0.06771696941707295,2950.4599609375,0.0,2335.0,2304.5,2277.000000000001,0.008165677492724737,0.00805901660898679,0.007962846959714874,3.0
1M 101/98 short put spread,short_put_spread,2019-05-17,2019-06-21,35,2859.530029296875,1.01,0.98,2890.0,2800.0,1.0106555868939824,0.9791818834959,SPXW  190621P02890000,SPXW  190621P02800000,60.7,61.3,30.5,31.1,3020.0,2986.9999999999995,2957.0,30.2,29.869999999999994,29.57,0.01056117602913435,0.010445772450008045,0.010340860105347773,101/98,0.128906,0.161738,0.1320200053362063,-0.003114005336206316,-0.02358737471852157,2950.4599609375,0.0,3020.0,2986.9999999999995,2957.0,0.01056117602913435,0.010445772450008045,0.010340860105347773,4.0
1M 102/99 short put spread,short_put_spread,2019-05-17,2019-06-21,35,2859.530029296875,1.02,0.99,2915.0,2830.0,1.0193982822823386,0.9896731179619275,SPXW  190621P02915000,SPXW  190621P02830000,73.5,74.2,38.5,39.1,3504.9999999999995,3469.5000000000005,3437.0000000000005,35.05,34.69500000000001,34.370000000000005,0.01225725893447546,0.012133112659960804,0.012019457619912173,102/99,0.118723,0.151844,0.1320200053362063,-0.013297005336206313,-0.10071962428984715,2950.4599609375,0.0,3504.9999999999995,3469.5000000000005,3437.0000000000005,0.01225725893447546,0.012133112659960804,0.012019457619912173,5.0
1M 103/100 short put spread,short_put_spread,2019-05-17,2019-06-21,35,2859.530029296875,1.03,1.0,2945.0,2860.0,1.0298895167483662,1.0001643524279549,SPXW  190621P02945000,SPXW  190621P02860000,91.9,94.5,48.4,49.0,4450.0,4367.000000000002,4287.0,44.5,43.670000000000016,42.87,0.015561997791274124,0.015271740304380704,0.014991974051953296,103/100,0.107361,0.14096,0.1320200053362063,-0.02465900533620631,-0.18678233858125448,2950.4599609375,0.0,4450.0,4367.000000000002,4287.0,0.015561997791274124,0.015271740304380704,0.014991974051953296,6.0
1M 98/95 short put spread,short_put_spread,2019-06-21,2019-07-19,28,2950.4599609375,0.98,0.95,2890.0,2805.0,0.9795082930329653,0.9506992255908192,SPXW  190719P02890000,SPXW  190719P02805000,24.1,24.4,11.1,11.4,1300.0,1282.0,1267.0,13.0,12.82,12.67,0.004406092667622335,0.004345085230686026,0.004294245699905768,98/95,0.148558,0.176434,0.12817684793362857,0.020381152066371422,0.15900806108857513,2976.610107421875,0.0,1300.0,1282.0,1267.0,0.004406092667622335,0.004345085230686026,0.004294245699905768,1.0
1M 99/96 short put spread,short_put_spread,2019-06-21,2019-07-19,28,2950.4599609375,0.99,0.96,2920.0,2830.0,0.9896761991890168,0.9591724807208621,SPXW  190719P02920000,SPXW  190719P02830000,32.1,32.5,13.8,14.2,1829.9999999999995,1806.9999999999995,1786.9999999999995,18.299999999999997,18.069999999999997,17.869999999999994,0.00620242275519144,0.006124468807995044,0.006056682766954701,99/96,0.139142,0.168162,0.12817684793362857,0.010965152066371414,0.0855470566107952,2976.610107421875,0.0,1829.9999999999995,1806.9999999999995,1786.9999999999995,0.00620242275519144,0.006124468807995044,0.006056682766954701,2.0
1M 100/97 short put spread,short_put_spread,2019-06-21,2019-07-19,28,2950.4599609375,1.0,0.97,2950.0,2860.0,0.9998441053450684,0.9693403868769137,SPXW  190719P02950000,SPXW  190719P02860000,43.1,43.6,18.2,18.5,2500.0,2477.0,2457.0,25.0,24.77,24.57,0.008473255130042953,0.008395301182846556,0.008327515141806213,100/97,0.130667,0.1583,0.12817684793362857,0.0024901520663714316,0.019427471548222552,2976.610107421875,0.0,2500.0,2477.0,2457.0,0.008473255130042953,0.008395301182846556,0.008327515141806213,3.0
1M 101/98 short put spread,short_put_spread,2019-06-21,2019-07-19,28,2950.4599609375,1.01,0.98,2980.0,2890.0,1.01001201150112,0.9795082930329653,SPXW  190719P02980000,SPXW  190719P02890000,58.0,58.5,24.1,24.4,3400.0,3377.0,3357.0,34.0,33.77,33.57,0.011523626976858416,0.01144567302966202,0.011377886988621676,101/98,0.123822,0.148558,0.12817684793362857,-0.004354847933628572,-0.03397530836367235,2976.610107421875,-338.9892578125,3061.0107421875,3038.0107421875,3018.0107421875,0.010374689989742728,0.010296736042546332,0.010228950001505989,4.0
1M 102/99 short put spread,short_put_spread,2019-06-21,2019-07-19,28,2950.4599609375,1.02,0.99,3010.0,2920.0,1.0201799176571715,0.9896761991890168,SPXW  190719P03010000,SPXW  190719P02920000,76.9,77.5,32.1,32.5,4490.0,4462.000000000001,4437.000000000001,44.9,44.62000000000001,44.37000000000001,0.015217966213557142,0.015123065756100664,0.015038333204800235,102/99,0.11838,0.139142,0.12817684793362857,-0.009796847933628575,-0.07643227378084294,2976.610107421875,-3338.9892578125,1151.0107421875,1123.010742187501,1098.010742187501,0.003901123070389912,0.003806222612933434,0.0037214900616330047,5.0
1M 103/100 short put spread,short_put_spread,2019-06-21,2019-07-19,28,2950.4599609375,1.03,1.0,3040.0,2950.0,1.0303478238132229,0.9998441053450684,SPXW  190719P03040000,SPXW  190719P02950000,98.9,101.0,43.1,43.6,5660.0,5592.000000000002,5527.0,56.6,55.920000000000016,55.27,0.019183449614417244,0.01895297707488008,0.018732672441498958,103/100,0.114466,0.130667,0.12817684793362857,-0.013710847933628575,-0.10696820958437214,2976.610107421875,-6338.9892578125,-678.9892578125,-746.9892578124982,-811.9892578125,-0.002301299684801529,-0.002531772224338691,-0.002752076857719814,6.0
1M 98/95 short put spread,short_put_spread,2019-07-19,2019-08-16,28,2976.610107421875,0.98,0.95,2915.0,2830.0,0.9793019222543603,0.950745948535108,SPXW  190816P02915000,SPXW  190816P02830000,21.6,22.0,10.4,10.7,1125.0,1104.5000000000005,1087.0,11.25,11.045000000000005,10.87,0.0037794671099010474,0.003710596820342852,0.00365180510974439,98/95,0.141389,0.17315,0.08140733802600522,0.059981661973994765,0.7368090325571619,2888.679931640625,-2632.0068359375,-1507.0068359375,-1527.5068359374995,-1545.0068359375,-0.0050628291296194,-0.005131699419177595,-0.005190491129776057,1.0
1M 99/96 short put spread,short_put_spread,2019-07-19,2019-08-16,28,2976.610107421875,0.99,0.96,2945.0,2860.0,0.9893805012140964,0.960824527494844,SPXW  190816P02945000,SPXW  190816P02860000,28.6,29.0,13.3,13.7,1530.0,1507.0000000000005,1487.0,15.3,15.070000000000004,14.87,0.005140075269465425,0.0050628061641074485,0.004995615637709207,99/96,0.129975,0.162092,0.08140733802600522,0.048567661973994786,0.5966005418145481,2888.679931640625,-5632.0068359375,-4102.0068359375,-4125.0068359375,-4145.0068359375,-0.013780799929791148,-0.013858069035149126,-0.013925259561547366,2.0
1M 100/97 short put spread,short_put_spread,2019-07-19,2019-08-16,28,2976.610107421875,1.0,0.97,2975.0,2885.0,0.9994590801738326,0.9692233432946241,SPXW  190816P02975000,SPXW  190816P02885000,38.2,38.7,16.5,16.9,2175.0000000000005,2149.500000000001,2127.000000000001,21.750000000000004,21.495000000000008,21.27000000000001,0.007306969745808693,0.007221301824650937,0.007145712482452916,100/97,0.118471,0.152714,0.08140733802600522,0.037063661973994785,0.4552864996292467,2888.679931640625,-8632.0068359375,-6457.0068359375,-6482.506835937499,-6505.006835937499,-0.02169248441318401,-0.02177815233434176,-0.021853741676539782,3.0
1M 101/98 short put spread,short_put_spread,2019-07-19,2019-08-16,28,2976.610107421875,1.01,0.98,3005.0,2915.0,1.0095376591335687,0.9793019222543603,SPXW  190816P03005000,SPXW  190816P02915000,51.5,52.0,21.6,22.0,2995.0,2969.5,2947.0,29.95,29.695,29.47,0.010061781328136565,0.009976113406978808,0.009900524064780787,101/98,0.10707,0.141389,0.08140733802600522,0.025662661973994777,0.31523769965057635,2888.679931640625,-9000.0,-6005.0,-6030.5,-6053.0,-0.020173955551071814,-0.02025962347222957,-0.02033521281442759,4.0
1M 102/99 short put spread,short_put_spread,2019-07-19,2019-08-16,28,2976.610107421875,1.02,0.99,3035.0,2945.0,1.0196162380933047,0.9893805012140964,SPXW  190816P03035000,SPXW  190816P02945000,67.1,73.1,28.6,29.0,4129.999999999999,3966.999999999999,3806.999999999999,41.29999999999999,39.66999999999999,38.06999999999999,0.013874843701236731,0.013327240911091068,0.01278971669990514,102/99,0.097649,0.129975,0.08140733802600522,0.016241661973994778,0.19951103141103133,2888.679931640625,-9000.0,-4870.000000000001,-5033.000000000001,-5193.000000000001,-0.01636089317797165,-0.01690849596811731,-0.01744602017930324,5.0
1M 103/100 short put spread,short_put_spread,2019-07-19,2019-08-16,28,2976.610107421875,1.03,1.0,3065.0,2975.0,1.029694817053041,0.9994590801738326,SPXW  190816P03065000,SPXW  190816P02975000,90.4,96.7,38.2,38.7,5510.000000000002,5337.0,5167.0,55.100000000000016,53.37,51.67,0.01851099002271536,0.017929791969370567,0.01735867249498552,103/100,0.091222,0.118471,0.08140733802600522,0.009814661973994776,0.12056237449822427,2888.679931640625,-9000.0,-3489.999999999998,-3663.0,-3833.0,-0.01172474685649302,-0.01230594490983781,-0.012877064384222857,6.0
1M 98/95 short put spread,short_put_spread,2019-08-16,2019-09-20,35,2888.679931640625,0.98,0.95,2830.0,2745.0,0.9796862466492444,0.9502610413611929,SPXW  190920P02830000,SPXW  190920P02745000,40.8,41.2,23.0,23.3,1785.0,1764.5,1747.0,17.85,17.645,17.47,0.006179293110490818,0.006108326438913752,0.0060477451339089406,98/95,0.190837,0.214615,0.2052754934076458,-0.014438493407645803,-0.07033715115215022,2992.070068359375,0.0,1785.0,1764.5,1747.0,0.006179293110490818,0.006108326438913752,0.0060477451339089406,1.0
1M 99/96 short put spread,short_put_spread,2019-08-16,2019-09-20,35,2888.679931640625,0.99,0.96,2860.0,2775.0,0.990071613221498,0.9606464079334465,SPXW  190920P02860000,SPXW  190920P02775000,49.4,49.8,28.3,28.7,2109.999999999999,2086.999999999999,2066.999999999999,21.09999999999999,20.86999999999999,20.66999999999999,0.007304374489151608,0.007224753345430998,0.007155517568282641,99/96,0.180847,0.206891,0.2052754934076458,-0.0244284934076458,-0.11900345726674022,2992.070068359375,0.0,2109.999999999999,2086.999999999999,2066.999999999999,0.007304374489151608,0.007224753345430998,0.007155517568282641,2.0
1M 100/97 short put spread,short_put_spread,2019-08-16,2019-09-20,35,2888.679931640625,1.0,0.97,2890.0,2800.0,1.0004569797937515,0.969300880076991,SPXW  190920P02890000,SPXW  190920P02800000,59.4,59.9,33.6,34.0,2585.0000000000005,2559.5,2537.0,25.850000000000005,25.595,25.37,0.00894872419642508,0.008860448580560922,0.008782558331269022,100/97,0.169523,0.200215,0.2052754934076458,-0.0357524934076458,-0.17416834720083607,2992.070068359375,0.0,2585.0000000000005,2559.5,2537.0,0.00894872419642508,0.008860448580560922,0.008782558331269022,3.0
1M 101/98 short put spread,short_put_spread,2019-08-16,2019-09-20,35,2888.679931640625,1.01,0.98,2920.0,2830.0,1.0108423463660048,0.9796862466492444,SPXW  190920P02920000,SPXW  190920P02830000,71.4,71.9,40.8,41.2,3065.000000000001,3039.500000000001,3017.000000000001,30.65000000000001,30.39500000000001,30.17000000000001,0.010610382847985636,0.010522107232121483,0.01044421698282958,101/98,0.157184,0.190837,0.2052754934076458,-0.04809149340764582,-0.23427781178020823,2992.070068359375,0.0,3065.000000000001,3039.500000000001,3017.000000000001,0.010610382847985636,0.010522107232121483,0.01044421698282958,4.0
1M 102/99 short put spread,short_put_spread,2019-08-16,2019-09-20,35,2888.679931640625,1.02,0.99,2945.0,2860.0,1.0194968185095494,0.990071613221498,SPXW  190920P02945000,SPXW  190920P02860000,83.3,83.8,49.4,49.8,3395.000000000001,3369.5,3347.0,33.95000000000001,33.695,33.47,0.011752773170933518,0.011664497555069361,0.01158660730577746,102/99,0.146258,0.180847,0.2052754934076458,-0.05901749340764581,-0.2875038438731021,2992.070068359375,0.0,3395.000000000001,3369.5,3347.0,0.011752773170933518,0.011664497555069361,0.01158660730577746,5.0
1M 103/100 short put spread,short_put_spread,2019-08-16,2019-09-20,35,2888.679931640625,1.03,1.0,2975.0,2890.0,1.029882185081803,1.0004569797937515,SPXW  190920P02975000,SPXW  190920P02890000,100.8,101.3,59.4,59.9,4140.0,4112.0,4087.0,41.4,41.12,40.87,0.014331805869709795,0.014234875781702096,0.014148331060266651,103/100,0.133893,0.169523,0.2052754934076458,-0.0713824934076458,-0.347739967507427,2992.070068359375,0.0,4140.0,4112.0,4087.0,0.014331805869709795,0.014234875781702096,0.014148331060266651,6.0
1M 98/95 short put spread,short_put_spread,2019-09-20,2019-10-18,28,2992.070068359375,0.98,0.95,2930.0,2840.0,0.9792551421118926,0.9491756326272269,SPXW  191018P02930000,SPXW  191018P02840000,26.5,27.0,12.7,13.1,1385.0000000000002,1359.5000000000002,1337.0000000000002,13.850000000000001,13.595000000000002,13.370000000000003,0.004628902292917992,0.004543677016044772,0.004468478242333108,98/95,0.155162,0.186746,0.1343077199576074,0.020854280042392592,0.15527238530275844,2986.199951171875,0.0,1385.0000000000002,1359.5000000000002,1337.0000000000002,0.004628902292917992,0.004543677016044772,0.004468478242333108,1.0
1M 99/96 short put spread,short_put_spread,2019-09-20,2019-10-18,28,2992.070068359375,0.99,0.96,2960.0,2870.0,0.9892816452734479,0.9592021357887822,SPXW  191018P02960000,SPXW  191018P02870000,33.6,34.2,16.3,16.7,1740.0000000000005,1712.0000000000007,1687.000000000001,17.400000000000006,17.120000000000008,16.870000000000008,0.0058153718337020256,0.0057217911375275115,0.005638236944514552,99/96,0.142355,0.177027,0.1343077199576074,0.008047280042392607,0.05991673483052673,2986.199951171875,0.0,1740.0000000000005,1712.0000000000007,1687.000000000001,0.0058153718337020256,0.0057217911375275115,0.005638236944514552,2.0
1M 100/97 short put spread,short_put_spread,2019-09-20,2019-10-18,28,2992.070068359375,1.0,0.97,2990.0,2900.0,0.999308148435003,0.9692286389503374,SPXW  191018P02990000,SPXW  191018P02900000,43.2,43.8,20.8,21.3,2245.0,2214.5,2187.0,22.45,22.145,21.87,0.007503166532563819,0.007401230417088007,0.007309320804773751,100/97,0.129438,0.166615,0.1343077199576074,-0.004869719957607405,-0.03625793036427449,2986.199951171875,-380.0048828125,1864.9951171875,1834.4951171875,1806.9951171875,0.006233126479588502,0.00613119036411269,0.0060392807517984344,3.0
1M 101/98 short put spread,short_put_spread,2019-09-20,2019-10-18,28,2992.070068359375,1.01,0.98,3020.0,2930.0,1.0093346515965582,0.9792551421118926,SPXW  191018P03020000,SPXW  191018P02930000,56.0,56.7,26.5,27.0,2960.0,2927.0,2897.0,29.6,29.27,28.97,0.009892816452734479,0.00978252491795737,0.009682259886341818,101/98,0.11622,0.155162,0.1343077199576074,-0.018087719957607398,-0.13467371766356073,2986.199951171875,-3380.0048828125,-420.0048828125,-453.0048828125,-483.0048828125,-0.0014037267617960528,-0.0015140182965731601,-0.0016142833281887123,4.0
1M 102/99 short put spread,short_put_spread,2019-09-20,2019-10-18,28,2992.070068359375,1.02,0.99,3050.0,2960.0,1.0193611547581134,0.9892816452734479,SPXW  191018P03050000,SPXW  191018P02960000,73.3,74.1,33.6,34.2,3979.9999999999986,3941.9999999999977,3906.9999999999977,39.79999999999998,39.41999999999998,39.06999999999998,0.013301827527663247,0.013174825154283544,0.0130578492840654,102/99,0.103763,0.142355,0.1343077199576074,-0.030544719957607408,-0.22742341220034468,2986.199951171875,-6380.0048828125,-2400.0048828125014,-2438.0048828125023,-2473.0048828125023,-0.008021218848422499,-0.008148221221802202,-0.008265197092020346,5.0
1M 103/100 short put spread,short_put_spread,2019-09-20,2019-10-18,28,2992.070068359375,1.03,1.0,3080.0,2990.0,1.0293876579196686,0.999308148435003,SPXW  191018P03080000,SPXW  191018P02990000,95.2,97.5,43.2,43.8,5285.0,5209.5,5136.999999999998,52.85,52.095,51.36999999999998,0.01766335640293977,0.01741102274004063,0.01716871558030304,103/100,0.094331,0.129438,0.1343077199576074,-0.039976719957607404,-0.29765020186647173,2986.199951171875,-9000.0,-3715.0,-3790.5,-3863.000000000002,-0.012416153081725874,-0.012668486744625014,-0.012910793904362604,6.0
1M 98/95 short put spread,short_put_spread,2019-10-18,2019-11-15,28,2986.199951171875,0.98,0.95,2925.0,2835.0,0.9795057423573199,0.9493671041309408,SPXW  191115P02925000,SPXW  191115P02835000,22.1,22.5,9.4,9.7,1275.0,1254.5000000000005,1237.0,12.75,12.545000000000005,12.37,0.004269640415403703,0.004200991294999174,0.004142388387336769,98/95,0.145338,0.17303,0.1404735367074696,0.004864463292530402,0.03462903694565944,3120.4599609375,0.0,1275.0,1254.5000000000005,1237.0,0.004269640415403703,0.004200991294999174,0.004142388387336769,1.0
1M 99/96 short put spread,short_put_spread,2019-10-18,2019-11-15,28,2986.199951171875,0.99,0.96,2955.0,2865.0,0.9895519550994463,0.9594133168730672,SPXW  191115P02955000,SPXW  191115P02865000,29.3,29.8,12.6,12.9,1680.0,1657.0,1637.0,16.8,16.57,16.37,0.005625879135590761,0.005548858171234458,0.005481883419620283,99/96,0.13504,0.164572,0.1404735367074696,-0.0054335367074695995,-0.038680144565482966,3120.4599609375,0.0,1680.0,1657.0,1637.0,0.005625879135590761,0.005548858171234458,0.005481883419620283,2.0
1M 100/97 short put spread,short_put_spread,2019-10-18,2019-11-15,28,2986.199951171875,1.0,0.97,2985.0,2895.0,0.9995981678415726,0.9694595296151935,SPXW  191115P02985000,SPXW  191115P02895000,38.9,39.4,16.7,17.1,2225.0,2199.5,2177.0,22.25,21.995,21.77,0.007450941117077049,0.007365548308768975,0.0072902017132030275,100/97,0.124012,0.155355,0.1404735367074696,-0.016461536707469596,-0.11718603441835507,3120.4599609375,0.0,2225.0,2199.5,2177.0,0.007450941117077049,0.007365548308768975,0.0072902017132030275,3.0
1M 101/98 short put spread,short_put_spread,2019-10-18,2019-11-15,28,2986.199951171875,1.01,0.98,3015.0,2925.0,1.009644380583699,0.9795057423573199,SPXW  191115P03015000,SPXW  191115P02925000,51.8,52.3,22.1,22.5,2975.0,2949.5,2927.0,29.75,29.495,29.27,0.009962494302608638,0.009877101494300565,0.009801754898734617,101/98,0.112695,0.145338,0.1404735367074696,-0.02777853670746959,-0.19774925127226817,3120.4599609375,0.0,2975.0,2949.5,2927.0,0.009962494302608638,0.009877101494300565,0.009801754898734617,4.0
1M 102/99 short put spread,short_put_spread,2019-10-18,2019-11-15,28,2986.199951171875,1.02,0.99,3045.0,2955.0,1.0196905933258253,0.9895519550994463,SPXW  191115P03045000,SPXW  191115P02955000,69.3,69.8,29.3,29.8,4000.0,3972.0,3947.0,40.0,39.72,39.47,0.013394950322835145,0.013301185670575299,0.01321746723105758,102/99,0.102647,0.13504,0.1404735367074696,-0.03782653670746959,-0.2692787381458318,3120.4599609375,0.0,4000.0,3972.0,3947.0,0.013394950322835145,0.013301185670575299,0.01321746723105758,5.0
1M 103/100 short put spread,short_put_spread,2019-10-18,2019-11-15,28,2986.199951171875,1.03,1.0,3075.0,2985.0,1.0297368060679517,0.9995981678415726,SPXW  191115P03075000,SPXW  191115P02985000,89.2,93.9,38.9,39.4,5240.000000000002,5107.000000000002,4977.000000000002,52.40000000000002,51.07000000000002,49.77000000000002,0.017547384922914046,0.017102002824679777,0.016666666939187634,103/100,0.092337,0.124012,0.1404735367074696,-0.04813653670746959,-0.3426733449995778,3120.4599609375,0.0,5240.000000000002,5107.000000000002,4977.000000000002,0.017547384922914046,0.017102002824679777,0.016666666939187634,6.0
1M 98/95 short put spread,short_put_spread,2019-11-15,2019-12-20,35,3120.4599609375,0.98,0.95,3060.0,2965.0,0.9806246637693324,0.9501804340117878,SPXW  191220P03060000,SPXW  191220P02965000,23.1,23.7,10.7,11.1,1250.0000000000002,1222.0000000000002,1197.0000000000002,12.500000000000002,12.220000000000002,11.970000000000002,0.004005819704940084,0.003916089343549426,0.0038359729494506245,98/95,0.122995,0.154443,0.057965859359547026,0.06502914064045297,1.1218524379513508,3221.219970703125,0.0,1250.0000000000002,1222.0000000000002,1197.0000000000002,0.004005819704940084,0.003916089343549426,0.0038359729494506245,1.0
1M 99/96 short put spread,short_put_spread,2019-11-15,2019-12-20,35,3120.4599609375,0.99,0.96,3090.0,2995.0,0.9902386310611886,0.9597944013036439,SPXW  191220P03090000,SPXW  191220P02995000,30.2,30.8,13.6,13.9,1675.0,1649.5,1627.0,16.75,16.495,16.27,0.005367798404619712,0.005286079682638934,0.0052139749279500125,99/96,0.11272,0.144816,0.057965859359547026,0.054754140640452975,0.9445929249634237,3221.219970703125,0.0,1675.0,1649.5,1627.0,0.005367798404619712,0.005286079682638934,0.0052139749279500125,2.0
1M 100/97 short put spread,short_put_spread,2019-11-15,2019-12-20,35,3120.4599609375,1.0,0.97,3120.0,3025.0,0.9998525983530447,0.9694083685955002,SPXW  191220P03120000,SPXW  191220P03025000,40.0,40.7,17.2,17.7,2290.0,2256.9999999999995,2227.0,22.9,22.569999999999997,22.27,0.007338661699450233,0.007232908059239813,0.007136768386321253,100/97,0.10263,0.134813,0.057965859359547026,0.04466414064045297,0.7705249457859844,3221.219970703125,0.0,2290.0,2256.9999999999995,2227.0,0.007338661699450233,0.007232908059239813,0.007136768386321253,3.0
1M 101/98 short put spread,short_put_spread,2019-11-15,2019-12-20,35,3120.4599609375,1.01,0.98,3150.0,3060.0,1.009466565644901,0.9806246637693324,SPXW  191220P03150000,SPXW  191220P03060000,53.7,55.1,23.1,23.7,3100.000000000001,3047.0000000000005,2997.0000000000005,31.00000000000001,30.470000000000006,29.970000000000006,0.00993443286825141,0.009764586112761948,0.009604353324564345,101/98,0.094133,0.122995,0.057965859359547026,0.03616714064045297,0.6239386604469654,3221.219970703125,0.0,3100.000000000001,3047.0000000000005,2997.0000000000005,0.00993443286825141,0.009764586112761948,0.009604353324564345,4.0
1M 102/99 short put spread,short_put_spread,2019-11-15,2019-12-20,35,3120.4599609375,1.02,0.99,3185.0,3090.0,1.0206828608187333,0.9902386310611886,SPXW  191220P03185000,SPXW  191220P03090000,76.0,78.1,30.2,30.8,4655.0,4584.500000000001,4517.0,46.55,45.845000000000006,45.17,0.01491767258119687,0.014691744349838252,0.014475430085771485,102/99,0.086932,0.11272,0.057965859359547026,0.02896614064045297,0.4997103633154749,3221.219970703125,0.0,4655.0,4584.500000000001,4517.0,0.01491767258119687,0.014691744349838252,0.014475430085771485,5.0
1M 103/100 short put spread,short_put_spread,2019-11-15,2019-12-20,35,3120.4599609375,1.03,1.0,3215.0,3120.0,1.0302968281105893,0.9998525983530447,SPXW  191220P03215000,SPXW  191220P03120000,100.1,102.7,40.0,40.7,6105.0,6019.5,5937.0,61.05,60.195,59.37,0.019564423438927368,0.019290425371109466,0.01902604127058342,103/100,0.083806,0.10263,0.057965859359547026,0.02584014064045298,0.4457820676852795,3221.219970703125,0.0,6105.0,6019.5,5937.0,0.019564423438927368,0.019290425371109466,0.01902604127058342,6.0
1M 98/95 short put spread,short_put_spread,2019-12-20,2020-01-17,28,3221.219970703125,0.98,0.95,3155.0,3060.0,0.9794425803560783,0.9499506484594611,SPXW  200117P03155000,SPXW  200117P03060000,16.0,16.3,8.0,8.3,799.9999999999998,781.9999999999999,766.9999999999997,7.999999999999997,7.8199999999999985,7.669999999999996,0.002483531107083558,0.002427651657174178,0.0023810854489163605,98/95,0.12049,0.161079,0.07719617913288594,0.04329382086711406,0.5608285455759128,3329.6201171875,0.0,799.9999999999998,781.9999999999999,766.9999999999997,0.002483531107083558,0.002427651657174178,0.0023810854489163605,1.0
1M 99/96 short put spread,short_put_spread,2019-12-20,2020-01-17,28,3221.219970703125,0.99,0.96,3190.0,3090.0,0.9903080289495689,0.9592638901110245,SPXW  200117P03190000,SPXW  200117P03090000,22.0,22.4,9.8,10.1,1225.0,1204.5,1187.0000000000002,12.25,12.045,11.870000000000003,0.003802907007721699,0.003739266523102683,0.0036849392801352305,99/96,0.105452,0.14867,0.07719617913288594,0.028255820867114062,0.3660261580883988,3329.6201171875,0.0,1225.0,1204.5,1187.0000000000002,0.003802907007721699,0.003739266523102683,0.0036849392801352305,2.0
1M 100/97 short put spread,short_put_spread,2019-12-20,2020-01-17,28,3221.219970703125,1.0,0.97,3220.0,3125.0,0.9996212706011323,0.970129338704515,SPXW  200117P03220000,SPXW  200117P03125000,30.4,31.0,12.6,12.9,1795.0,1769.4999999999995,1747.0,17.95,17.694999999999997,17.47,0.005572422921518734,0.005493260367480444,0.005423411055093721,100/97,0.094022,0.133612,0.07719617913288594,0.016825820867114052,0.217961835107797,3329.6201171875,0.0,1795.0,1769.4999999999995,1747.0,0.005572422921518734,0.005493260367480444,0.005423411055093721,3.0
1M 101/98 short put spread,short_put_spread,2019-12-20,2020-01-17,28,3221.219970703125,1.01,0.98,3255.0,3155.0,1.010486719194623,0.9794425803560783,SPXW  200117P03255000,SPXW  200117P03155000,46.6,47.7,16.0,16.3,3100.000000000001,3062.000000000001,3027.000000000001,31.00000000000001,30.620000000000008,30.27000000000001,0.009623683039948792,0.009505715312362323,0.009397060826427417,101/98,0.084591,0.12049,0.07719617913288594,0.0073948208671140575,0.09579257613753867,3329.6201171875,0.0,3100.000000000001,3062.000000000001,3027.000000000001,0.009623683039948792,0.009505715312362323,0.009397060826427417,4.0
1M 102/99 short put spread,short_put_spread,2019-12-20,2020-01-17,28,3221.219970703125,1.02,0.99,3285.0,3190.0,1.0197999608461863,0.9903080289495689,SPXW  200117P03285000,SPXW  200117P03190000,66.8,68.5,22.0,22.4,4545.000000000001,4489.500000000002,4437.000000000001,45.45000000000001,44.89500000000002,44.37000000000001,0.01410956110211847,0.013937266131564551,0.01377428440266219,102/99,0.080164,0.105452,0.07719617913288594,0.002967820867114057,0.03844517825170124,3329.6201171875,0.0,4545.000000000001,4489.500000000002,4437.000000000001,0.01410956110211847,0.013937266131564551,0.01377428440266219,5.0
1M 103/100 short put spread,short_put_spread,2019-12-20,2020-01-17,28,3221.219970703125,1.03,1.0,3320.0,3220.0,1.0306654094396768,0.9996212706011323,SPXW  200117P03320000,SPXW  200117P03220000,94.9,99.8,30.4,31.0,6665.0,6524.5,6387.0,66.65,65.245,63.87,0.020690918535889898,0.020254748385208347,0.01982789147617836,103/100,0.078764,0.094022,0.07719617913288594,0.0015678208671140587,0.020309565638154226,3329.6201171875,0.0,6665.0,6524.5,6387.0,0.020690918535889898,0.020254748385208347,0.01982789147617836,6.0
1M 98/95 short put spread,short_put_spread,2020-01-17,2020-02-21,35,3329.6201171875,0.98,0.95,3265.0,3165.0,0.9805923453988247,0.9505588891844655,SPXW  200221P03265000,SPXW  200221P03165000,23.5,23.8,10.9,11.2,1260.0,1242.0,1227.0,12.6,12.42,12.27,0.003784215483009247,0.0037301552618234004,0.003685105077501862,98/95,0.117796,0.149898,0.06955561040931817,0.04824038959068183,0.6935513800655138,3337.75,0.0,1260.0,1242.0,1227.0,0.003784215483009247,0.0037301552618234004,0.003685105077501862,1.0
1M 99/96 short put spread,short_put_spread,2020-01-17,2020-02-21,35,3329.6201171875,0.99,0.96,3295.0,3195.0,0.9896023822631324,0.9595689260487733,SPXW  200221P03295000,SPXW  200221P03195000,30.4,30.8,13.6,13.9,1685.0,1664.5,1647.0,16.85,16.645,16.47,0.005060637372119509,0.004999068786880072,0.0049465102385049435,99/96,0.108047,0.140608,0.06955561040931817,0.03849138959068184,0.5533901487481627,3337.75,0.0,1685.0,1664.5,1647.0,0.005060637372119509,0.004999068786880072,0.0049465102385049435,2.0
1M 100/97 short put spread,short_put_spread,2020-01-17,2020-02-21,35,3329.6201171875,1.0,0.97,3330.0,3230.0,1.0001140919381581,0.970080635723799,SPXW  200221P03330000,SPXW  200221P03230000,42.3,42.8,17.7,18.1,2465.0,2439.5,2417.0,24.65,24.395,24.17,0.007403246956839519,0.007326661643492903,0.007259086367010594,100/97,0.097928,0.129358,0.06955561040931817,0.028372389590681835,0.40790943280803793,3337.75,0.0,2465.0,2439.5,2417.0,0.007403246956839519,0.007326661643492903,0.007259086367010594,3.0
1M 101/98 short put spread,short_put_spread,2020-01-17,2020-02-21,35,3329.6201171875,1.01,0.98,3365.0,3265.0,1.0106258016131837,0.9805923453988247,SPXW  200221P03365000,SPXW  200221P03265000,60.0,60.5,23.5,23.8,3660.0,3637.0,3617.0000000000005,36.6,36.37,36.17,0.010992244974455431,0.010923168025162406,0.010863101112733689,101/98,0.090055,0.117796,0.06955561040931817,0.02049938959068183,0.29471942622669567,3337.75,-2725.0,935.0,912.0,892.0000000000005,0.002808128156042576,0.00273905120674955,0.002678984294320833,4.0
1M 102/99 short put spread,short_put_spread,2020-01-17,2020-02-21,35,3329.6201171875,1.02,0.99,3395.0,3295.0,1.0196358384774915,0.9896023822631324,SPXW  200221P03395000,SPXW  200221P03295000,78.2,83.0,30.4,30.8,4999.999999999999,4866.999999999998,4736.999999999998,49.99999999999999,48.66999999999998,47.36999999999998,0.015016728107179548,0.01461728313952857,0.0142268482087419,102/99,0.08571,0.108047,0.06955561040931817,0.016154389590681828,0.23225142437277313,3337.75,-5725.0,-725.0000000000009,-858.0000000000018,-988.0000000000018,-0.0021774255755410378,-0.0025768705431920163,-0.002967305473978685,5.0
1M 103/100 short put spread,short_put_spread,2020-01-17,2020-02-21,35,3329.6201171875,1.03,1.0,3430.0,3330.0,1.030147548152517,1.0001140919381581,SPXW  200221P03430000,SPXW  200221P03330000,106.4,112.1,42.3,42.8,6670.0,6512.0,6357.0,66.7,65.12,63.57,0.02003231529497752,0.019557786686790646,0.019092268115468082,103/100,0.082819,0.097928,0.06955561040931817,0.013263389590681837,0.19068755938780435,3337.75,-9225.0,-2555.0,-2713.0,-2868.0,-0.00767354806276875,-0.008148076670955623,-0.00861359524227819,6.0
1M 98/95 short put spread,short_put_spread,2020-02-21,2020-03-20,28,3337.75,0.98,0.95,3270.0,3170.0,0.9797018949891394,0.9497415923900832,SPXW  200320P03270000,SPXW  200320P03170000,33.2,33.7,17.0,17.3,1630.0000000000007,1607.0000000000007,1587.0000000000007,16.300000000000008,16.070000000000007,15.870000000000006,0.004883529323646171,0.004814620627668341,0.004754700022470229,98/95,0.170037,0.201473,0.13579074674188546,0.034246253258114534,0.25219872546404565,2304.919921875,-10000.0,-8370.0,-8393.0,-8413.0,-0.02507677327541008,-0.02514568197138791,-0.025205602576586023,1.0
1M 99/96 short put spread,short_put_spread,2020-02-21,2020-03-20,28,3337.75,0.99,0.96,3305.0,3205.0,0.9901880008988091,0.9602276982997529,SPXW  200320P03305000,SPXW  200320P03205000,41.7,42.3,21.5,21.9,2030.0,2002.0000000000005,1977.0,20.3,20.020000000000003,19.77,0.006081941427608419,0.005998052580331063,0.0059231518238334205,99/96,0.15686,0.191117,0.13579074674188546,0.02106925325811454,0.15515971274658003,2304.919921875,-10000.0,-7970.0,-7998.0,-8023.0,-0.023878361171447832,-0.02396225001872519,-0.02403715077522283,2.0
1M 100/97 short put spread,short_put_spread,2020-02-21,2020-03-20,28,3337.75,1.0,0.97,3340.0,3240.0,1.0006741068084788,0.9707138042094225,SPXW  200320P03340000,SPXW  200320P03240000,52.6,53.3,27.2,27.6,2555.0,2524.500000000001,2497.000000000001,25.55,25.245000000000008,24.97000000000001,0.007654857314058872,0.007563478391131753,0.007481087558984348,100/97,0.14269,0.180078,0.13579074674188546,0.006899253258114552,0.05080797788989866,2304.919921875,-10000.0,-7445.0,-7475.499999999999,-7502.999999999999,-0.02230544528499738,-0.022396824207924496,-0.0224792150400719,3.0
1M 101/98 short put spread,short_put_spread,2020-02-21,2020-03-20,28,3337.75,1.01,0.98,3370.0,3270.0,1.0096621975881956,0.9797018949891394,SPXW  200320P03370000,SPXW  200320P03270000,64.5,65.1,33.2,33.7,3134.9999999999995,3104.5000000000005,3076.9999999999995,31.349999999999994,31.045000000000005,30.769999999999996,0.009392554864804134,0.009301175941877014,0.009218785109729608,101/98,0.129382,0.170037,0.13579074674188546,-0.006408746741885463,-0.04719575446526836,2304.919921875,-10000.0,-6865.0,-6895.5,-6923.0,-0.020567747734252115,-0.020659126657179238,-0.020741517489326643,4.0
1M 102/99 short put spread,short_put_spread,2020-02-21,2020-03-20,28,3337.75,1.02,0.99,3405.0,3305.0,1.0201483034978653,0.9901880008988091,SPXW  200320P03405000,SPXW  200320P03305000,82.6,83.3,41.7,42.3,4094.999999999998,4059.5,4027.0,40.94999999999998,40.595,40.27,0.01226874391431353,0.012162384840086886,0.012065013856639953,102/99,0.113549,0.15686,0.13579074674188546,-0.022241746741885463,-0.16379427373032385,2304.919921875,-10000.0,-5905.000000000002,-5940.5,-5973.0,-0.01769155868474272,-0.017797917758969366,-0.017895288742416297,5.0
1M 103/100 short put spread,short_put_spread,2020-02-21,2020-03-20,28,3337.75,1.03,1.0,3440.0,3340.0,1.030634409407535,1.0006741068084788,SPXW  200320P03440000,SPXW  200320P03340000,105.5,109.1,52.6,53.3,5435.0,5324.5,5217.0,54.35,53.245,52.17,0.01628342446258707,0.0159523631188675,0.015630289865927644,103/100,0.099525,0.14269,0.13579074674188546,-0.03626574674188546,-0.2670708248686512,2304.919921875,-10000.0,-4565.0,-4675.5,-4783.0,-0.013676878136469178,-0.01400793948018875,-0.014330012733128604,6.0
1M 98/95 short put spread,short_put_spread,2020-03-20,2020-04-17,28,2304.919921875,0.98,0.95,2260.0,2190.0,0.9805112874210143,0.9501414687840802,SPXW  200417P02260000,SPXW  200417P02190000,135.4,139.5,110.4,114.3,2509.999999999998,2307.0,2107.0,25.09999999999998,23.07,21.07,0.010889749254100639,0.010009024513629557,0.009141315409717155,98/95,0.613161,0.643469,0.8469389429800559,-0.23377794298005594,-0.27602691423950854,2874.56005859375,0.0,2509.999999999998,2307.0,2107.0,0.010889749254100639,0.010009024513629557,0.009141315409717155,1.0
1M 99/96 short put spread,short_put_spread,2020-03-20,2020-04-17,28,2304.919921875,0.99,0.96,2280.0,2215.0,0.9891883784601383,0.9609878325829853,SPXW  200417P02280000,SPXW  200417P02215000,143.3,147.4,118.9,122.8,2450.000000000002,2247.0000000000036,2047.0000000000036,24.500000000000018,22.470000000000038,20.470000000000038,0.010629436522926933,0.009748711782455852,0.008881002678543451,99/96,0.604129,0.632767,0.8469389429800559,-0.24280994298005587,-0.286691201287427,2874.56005859375,0.0,2450.000000000002,2247.0000000000036,2047.0000000000036,0.010629436522926933,0.009748711782455852,0.008881002678543451,2.0
1M 100/97 short put spread,short_put_spread,2020-03-20,2020-04-17,28,2304.919921875,1.0,0.97,2305.0,2235.0,1.0000347422590434,0.9696649236221093,SPXW  200417P02305000,SPXW  200417P02235000,153.7,157.7,126.0,130.0,2769.999999999998,2566.999999999998,2366.999999999998,27.69999999999998,25.66999999999998,23.66999999999998,0.01201777108918676,0.011137046348715672,0.01026933724480327,100/97,0.59255,0.624044,0.8469389429800559,-0.2543889429800559,-0.3003627889455147,2874.56005859375,0.0,2769.999999999998,2566.999999999998,2366.999999999998,0.01201777108918676,0.011137046348715672,0.01026933724480327,3.0
1M 101/98 short put spread,short_put_spread,2020-03-20,2020-04-17,28,2304.919921875,1.01,0.98,2330.0,2260.0,1.0108811060579483,0.9805112874210143,SPXW  200417P02330000,SPXW  200417P02260000,163.5,168.6,135.4,139.5,2860.000000000002,2627.0,2397.0,28.60000000000002,26.27,23.97,0.012408240185947357,0.011397359079889402,0.010399493610390139,101/98,0.578468,0.613161,0.8469389429800559,-0.2684709429800559,-0.3169897254168156,2874.56005859375,0.0,2860.000000000002,2627.0,2397.0,0.012408240185947357,0.011397359079889402,0.010399493610390139,4.0
1M 102/99 short put spread,short_put_spread,2020-03-20,2020-04-17,28,2304.919921875,1.02,0.99,2350.0,2280.0,1.0195581970970724,0.9891883784601383,SPXW  200417P02350000,SPXW  200417P02280000,172.6,177.7,143.3,147.4,2979.9999999999945,2746.9999999999927,2516.9999999999927,29.799999999999944,27.469999999999928,25.169999999999927,0.012928865648294766,0.01191798454223681,0.010920119072737548,102/99,0.56856,0.604129,0.8469389429800559,-0.27837894298005594,-0.3286883255132257,2874.56005859375,0.0,2979.9999999999945,2746.9999999999927,2516.9999999999927,0.012928865648294766,0.01191798454223681,0.010920119072737548,5.0
1M 103/100 short put spread,short_put_spread,2020-03-20,2020-04-17,28,2304.919921875,1.03,1.0,2375.0,2305.0,1.0304045608959775,1.0000347422590434,SPXW  200417P02375000,SPXW  200417P02305000,184.5,191.5,153.7,157.7,3230.000000000002,2952.000000000002,2677.000000000002,32.30000000000002,29.520000000000017,26.770000000000017,0.014013502028185302,0.012807386373747062,0.011614286355867509,103/100,0.559583,0.59255,0.8469389429800559,-0.28735594298005585,-0.33928767281494887,2874.56005859375,0.0,3230.000000000002,2952.000000000002,2677.000000000002,0.014013502028185302,0.012807386373747062,0.011614286355867509,6.0
1M 98/95 short put spread,short_put_spread,2020-04-17,2020-05-15,28,2874.56005859375,0.98,0.95,2815.0,2730.0,0.9792802872858092,0.9497105450409447,SPXW  200515P02815000,SPXW  200515P02730000,84.9,85.9,62.2,63.1,2274.999999999999,2224.499999999999,2176.999999999999,22.74999999999999,22.24499999999999,21.769999999999992,0.007914254542007868,0.0077385754851413205,0.007573332807890606,98/95,0.358076,0.392192,0.5793542155931635,-0.22127821559316346,-0.38193942434096373,2863.699951171875,0.0,2274.999999999999,2224.499999999999,2176.999999999999,0.007914254542007868,0.0077385754851413205,0.007573332807890606,1.0
1M 99/96 short put spread,short_put_spread,2020-04-17,2020-05-15,28,2874.56005859375,0.99,0.96,2845.0,2760.0,0.9897166669016437,0.9601469246567792,SPXW  200515P02845000,SPXW  200515P02760000,94.7,95.7,69.4,70.4,2529.999999999999,2476.999999999999,2426.999999999999,25.29999999999999,24.769999999999992,24.269999999999992,0.008801346809353806,0.008616970769474062,0.008443031109210153,99/96,0.345552,0.380312,0.5793542155931635,-0.23380221559316344,-0.40355659681148326,2863.699951171875,0.0,2529.999999999999,2476.999999999999,2426.999999999999,0.008801346809353806,0.008616970769474062,0.008443031109210153,2.0
1M 100/97 short put spread,short_put_spread,2020-04-17,2020-05-15,28,2874.56005859375,1.0,0.97,2875.0,2790.0,1.0001530465174784,0.9705833042726137,SPXW  200515P02875000,SPXW  200515P02790000,105.8,107.0,77.5,78.4,2845.0,2789.499999999999,2737.000000000001,28.45,27.894999999999992,27.370000000000008,0.009897166669016437,0.009704093646123495,0.009521457002846397,100/97,0.333707,0.36818,0.5793542155931635,-0.2456472155931635,-0.42400177470299605,2863.699951171875,-1130.0048828125,1714.9951171875,1659.495117187499,1606.995117187501,0.005966113360757141,0.005773040337864198,0.0055904036945870995,3.0
1M 101/98 short put spread,short_put_spread,2020-04-17,2020-05-15,28,2874.56005859375,1.01,0.98,2905.0,2815.0,1.0105894261333128,0.9792802872858092,SPXW  200515P02905000,SPXW  200515P02815000,118.3,119.4,84.9,85.9,3345.0,3289.499999999998,3236.999999999998,33.45,32.89499999999998,32.36999999999998,0.01163656327165553,0.011443490248762584,0.011260853605485479,101/98,0.321663,0.358076,0.5793542155931635,-0.2576912155931635,-0.44479043848732513,2863.699951171875,-4130.0048828125,-785.0048828125,-840.5048828125018,-893.0048828125018,-0.0027308696524383233,-0.002923942675331269,-0.0031065793186083736,4.0
1M 102/99 short put spread,short_put_spread,2020-04-17,2020-05-15,28,2874.56005859375,1.02,0.99,2930.0,2845.0,1.0192864091465084,0.9897166669016437,SPXW  200515P02930000,SPXW  200515P02845000,129.8,131.0,94.7,95.7,3520.0,3462.000000000002,3407.000000000002,35.2,34.62000000000002,34.07000000000002,0.012245352082579212,0.012043582076673083,0.011852248450382784,102/99,0.311891,0.345552,0.5793542155931635,-0.2674632155931635,-0.46165749449035276,2863.699951171875,-6630.0048828125,-3110.0048828125,-3168.004882812498,-3223.004882812498,-0.010819063854710105,-0.011020833860616234,-0.011212167486906533,5.0
1M 103/100 short put spread,short_put_spread,2020-04-17,2020-05-15,28,2874.56005859375,1.03,1.0,2960.0,2875.0,1.0297227887623428,1.0001530465174784,SPXW  200515P02960000,SPXW  200515P02875000,144.7,146.8,105.8,107.0,3935.0,3849.5,3766.999999999998,39.35,38.495,37.66999999999998,0.01368905126276966,0.013391614443718374,0.013104614004282918,103/100,0.300433,0.333707,0.5793542155931635,-0.27892121559316346,-0.48143468725362426,2863.699951171875,-8500.0,-4565.0,-4650.5,-4733.000000000002,-0.015880690982094915,-0.016178127801146202,-0.016465128240581658,6.0
1M 98/95 short put spread,short_put_spread,2020-05-15,2020-06-19,35,2863.699951171875,0.98,0.95,2805.0,2720.0,0.9795020595129549,0.9498201789216533,SPXW  200619P02805000,SPXW  200619P02720000,83.9,84.8,60.7,61.4,2330.0,2287.000000000001,2247.000000000001,23.3,22.870000000000008,22.47000000000001,0.008136327267968573,0.00798617187203611,0.007846492433959396,98/95,0.297501,0.329622,0.27371626561021856,0.02378473438978146,0.08689558268214781,3097.739990234375,0.0,2330.0,2287.000000000001,2247.000000000001,0.008136327267968573,0.00798617187203611,0.007846492433959396,1.0
1M 99/96 short put spread,short_put_spread,2020-05-15,2020-06-19,35,2863.699951171875,0.99,0.96,2835.0,2750.0,0.9899780173687085,0.9602961367774068,SPXW  200619P02835000,SPXW  200619P02750000,94.0,95.0,68.1,68.9,2600.0,2552.0,2506.999999999999,26.0,25.52,25.06999999999999,0.009079163474986392,0.008911548149294336,0.008754408781458028,99/96,0.285552,0.318706,0.27371626561021856,0.011835734389781416,0.043240888017360035,3097.739990234375,0.0,2600.0,2552.0,2506.999999999999,0.009079163474986392,0.008911548149294336,0.008754408781458028,2.0
1M 100/97 short put spread,short_put_spread,2020-05-15,2020-06-19,35,2863.699951171875,1.0,0.97,2865.0,2780.0,1.0004539752244619,0.9707720946331603,SPXW  200619P02865000,SPXW  200619P02780000,105.4,106.5,76.3,77.2,2920.0,2867.0000000000027,2817.0,29.2,28.670000000000027,28.17,0.010196598979600102,0.010011523724148465,0.009836924426552563,100/97,0.273482,0.307291,0.27371626561021856,-0.00023426561021855363,-0.000855870255632385,3097.739990234375,0.0,2920.0,2867.0000000000027,2817.0,0.010196598979600102,0.010011523724148465,0.009836924426552563,3.0
1M 101/98 short put spread,short_put_spread,2020-05-15,2020-06-19,35,2863.699951171875,1.01,0.98,2890.0,2805.0,1.0091839401042566,0.9795020595129549,SPXW  200619P02890000,SPXW  200619P02805000,116.0,117.1,83.9,84.8,3220.0,3167.000000000002,3117.000000000002,32.2,31.67000000000002,31.17000000000002,0.011244194765175453,0.011059119509723814,0.010884520212127923,101/98,0.263179,0.297501,0.27371626561021856,-0.01053726561021856,-0.03849703848153474,3097.739990234375,0.0,3220.0,3167.000000000002,3117.000000000002,0.011244194765175453,0.011059119509723814,0.010884520212127923,4.0
1M 102/99 short put spread,short_put_spread,2020-05-15,2020-06-19,35,2863.699951171875,1.02,0.99,2920.0,2835.0,1.0196598979600102,0.9899780173687085,SPXW  200619P02920000,SPXW  200619P02835000,130.0,131.5,94.0,95.0,3625.0,3559.5,3497.0,36.25,35.595,34.97,0.012658449075702181,0.012429723995851561,0.012211474873856697,102/99,0.250688,0.285552,0.27371626561021856,-0.023028265610218535,-0.08413188583761988,3097.739990234375,0.0,3625.0,3559.5,3497.0,0.012658449075702181,0.012429723995851561,0.012211474873856697,5.0
1M 103/100 short put spread,short_put_spread,2020-05-15,2020-06-19,35,2863.699951171875,1.03,1.0,2950.0,2865.0,1.0301358558157636,1.0004539752244619,SPXW  200619P02950000,SPXW  200619P02865000,146.0,147.5,105.4,106.5,4080.0,4012.0,3947.0,40.8,40.12,39.47,0.014247302683824799,0.014009847639094386,0.013782868552219725,103/100,0.238122,0.273482,0.27371626561021856,-0.035594265610218556,-0.13004073956242712,3097.739990234375,0.0,4080.0,4012.0,3947.0,0.014247302683824799,0.014009847639094386,0.013782868552219725,6.0
1M 98/95 short put spread,short_put_spread,2020-06-19,2020-07-17,28,3097.739990234375,0.98,0.95,3035.0,2945.0,0.9797465279745353,0.9506930889242197,SPXW  200717P03035000,SPXW  200717P02945000,88.3,89.6,62.6,63.7,2579.9999999999973,2516.999999999998,2456.999999999998,25.799999999999972,25.16999999999998,24.569999999999983,0.008328652527757162,0.008125278454404954,0.007931588860736184,98/95,0.311127,0.344777,0.27223907763297,0.03888792236702998,0.1428447477311039,3224.72998046875,0.0,2579.9999999999973,2516.999999999998,2456.999999999998,0.008328652527757162,0.008125278454404954,0.007931588860736184,1.0
1M 99/96 short put spread,short_put_spread,2020-06-19,2020-07-17,28,3097.739990234375,0.99,0.96,3065.0,2975.0,0.989431007657974,0.9603775686076582,SPXW  200717P03065000,SPXW  200717P02975000,98.8,100.2,70.2,71.4,2869.999999999999,2801.999999999999,2736.999999999999,28.699999999999992,28.019999999999992,27.36999999999999,0.009264818897156229,0.009045304024331622,0.008835473631190452,99/96,0.298943,0.33376,0.27223907763297,0.02670392236703001,0.09808996782979107,3224.72998046875,0.0,2869.999999999999,2801.999999999999,2736.999999999999,0.009264818897156229,0.009045304024331622,0.008835473631190452,2.0
1M 100/97 short put spread,short_put_spread,2020-06-19,2020-07-17,28,3097.739990234375,1.0,0.97,3100.0,3005.0,1.0007295672886523,0.9700620482910968,SPXW  200717P03100000,SPXW  200717P03005000,112.7,114.2,78.7,80.0,3410.000000000001,3337.0,3267.0,34.10000000000001,33.37,32.67,0.011008025240175178,0.01077236956787817,0.010546398375264603,100/97,0.284464,0.322507,0.27223907763297,0.012224922367029989,0.04490509765652195,3224.72998046875,0.0,3410.000000000001,3337.0,3267.0,0.011008025240175178,0.01077236956787817,0.010546398375264603,3.0
1M 101/98 short put spread,short_put_spread,2020-06-19,2020-07-17,28,3097.739990234375,1.01,0.98,3130.0,3035.0,1.0104140469720908,0.9797465279745353,SPXW  200717P03130000,SPXW  200717P03035000,126.3,127.9,88.3,89.6,3815.000000000002,3739.499999999998,3666.999999999998,38.15000000000002,37.39499999999998,36.66999999999998,0.012315429997439387,0.012071703925406171,0.011837662333056406,101/98,0.272141,0.311127,0.27223907763297,-9.807763296998395e-05,-0.0003602628756412818,3224.72998046875,0.0,3815.000000000002,3739.499999999998,3666.999999999998,0.012315429997439387,0.012071703925406171,0.011837662333056406,4.0
1M 102/99 short put spread,short_put_spread,2020-06-19,2020-07-17,28,3097.739990234375,1.02,0.99,3160.0,3065.0,1.0200985266555294,0.989431007657974,SPXW  200717P03160000,SPXW  200717P03065000,141.6,143.4,98.8,100.2,4300.0,4217.000000000002,4137.0,43.0,42.170000000000016,41.37,0.013881087546261951,0.013613150275020157,0.013354897483461789,102/99,0.259977,0.298943,0.27223907763297,-0.012262077632969992,-0.04504157793798291,3224.72998046875,0.0,4300.0,4217.000000000002,4137.0,0.013881087546261951,0.013613150275020157,0.013354897483461789,5.0
1M 103/100 short put spread,short_put_spread,2020-06-19,2020-07-17,28,3097.739990234375,1.03,1.0,3190.0,3100.0,1.029783006338968,1.0007295672886523,SPXW  200717P03190000,SPXW  200717P03100000,159.0,160.8,112.7,114.2,4645.0,4559.499999999998,4477.0,46.45,45.594999999999985,44.77,0.014994802709857386,0.014718795038879382,0.014452471847584827,103/100,0.248374,0.284464,0.27223907763297,-0.023865077632969994,-0.08766220426717963,3224.72998046875,0.0,4645.0,4559.499999999998,4477.0,0.014994802709857386,0.014718795038879382,0.014452471847584827,6.0
1M 98/95 short put spread,short_put_spread,2020-07-17,2020-08-21,35,3224.72998046875,0.98,0.95,3160.0,3065.0,0.9799270075755798,0.9504671766516304,SPXW  200821P03160000,SPXW  200821P03065000,64.8,65.5,42.3,42.9,2255.000000000002,2219.500000000002,2187.000000000002,22.55000000000002,22.195000000000018,21.87000000000002,0.006992833550895361,0.0068827468142848135,0.006781963182176566,98/95,0.231981,0.261269,0.19009030943688815,0.04189069056311184,0.22037257284290956,3397.159912109375,0.0,2255.000000000002,2219.500000000002,2187.000000000002,0.006992833550895361,0.0068827468142848135,0.006781963182176566,1.0
1M 99/96 short put spread,short_put_spread,2020-07-17,2020-08-21,35,3224.72998046875,0.99,0.96,3190.0,3095.0,0.9892301120778796,0.9597702811539301,SPXW  200821P03190000,SPXW  200821P03095000,74.3,75.0,48.4,49.0,2595.000000000001,2559.500000000001,2527.000000000001,25.95000000000001,25.59500000000001,25.27000000000001,0.008047185394489337,0.00793709865787879,0.007836315025770542,99/96,0.222604,0.252198,0.19009030943688815,0.03251369056311185,0.17104338805817298,3397.159912109375,0.0,2595.000000000001,2559.500000000001,2527.000000000001,0.008047185394489337,0.00793709865787879,0.007836315025770542,2.0
1M 100/97 short put spread,short_put_spread,2020-07-17,2020-08-21,35,3224.72998046875,1.0,0.97,3225.0,3130.0,1.0000837339972293,0.97062390307328,SPXW  200821P03225000,SPXW  200821P03130000,87.3,88.0,56.6,57.2,3074.999999999999,3039.5,3007.000000000002,30.74999999999999,30.395,30.070000000000018,0.009535682114857301,0.009425595378246755,0.009324811746138513,100/97,0.211791,0.241274,0.19009030943688815,0.021700690563111857,0.11415989919421277,3397.159912109375,0.0,3074.999999999999,3039.5,3007.000000000002,0.009535682114857301,0.009425595378246755,0.009324811746138513,3.0
1M 101/98 short put spread,short_put_spread,2020-07-17,2020-08-21,35,3224.72998046875,1.01,0.98,3255.0,3160.0,1.0093868384995293,0.9799270075755798,SPXW  200821P03255000,SPXW  200821P03160000,100.3,101.2,64.8,65.5,3559.999999999999,3517.0,3477.0,35.599999999999994,35.17,34.77,0.01103968400939577,0.010906339511529474,0.010782298118165477,101/98,0.202867,0.231981,0.19009030943688815,0.012776690563111842,0.06721379222834001,3397.159912109375,0.0,3559.999999999999,3517.0,3477.0,0.01103968400939577,0.010906339511529474,0.010782298118165477,4.0
1M 102/99 short put spread,short_put_spread,2020-07-17,2020-08-21,35,3224.72998046875,1.02,0.99,3290.0,3190.0,1.0202404604188788,0.9892301120778796,SPXW  200821P03290000,SPXW  200821P03190000,118.4,119.4,74.3,75.0,4424.999999999999,4379.5,4337.0,44.24999999999999,43.795,43.37,0.013722079140892214,0.013580982055940669,0.013449188075491423,102/99,0.193752,0.222604,0.19009030943688815,0.003661690563111858,0.019262899692041202,3397.159912109375,0.0,4424.999999999999,4379.5,4337.0,0.013722079140892214,0.013580982055940669,0.013449188075491423,5.0
1M 103/100 short put spread,short_put_spread,2020-07-17,2020-08-21,35,3224.72998046875,1.03,1.0,3320.0,3225.0,1.0295435649211788,1.0000837339972293,SPXW  200821P03320000,SPXW  200821P03225000,136.6,137.7,87.3,88.0,4949.999999999998,4901.999999999996,4856.999999999996,49.49999999999998,49.01999999999996,48.569999999999965,0.015350122428794678,0.015201272756757875,0.015061726189223378,103/100,0.187486,0.211791,0.19009030943688815,-0.002604309436888136,-0.0137003798068559,3397.159912109375,0.0,4949.999999999998,4901.999999999996,4856.999999999996,0.015350122428794678,0.015201272756757875,0.015061726189223378,6.0
1M 98/95 short put spread,short_put_spread,2020-08-21,2020-09-18,28,3397.159912109375,0.98,0.95,3330.0,3225.0,0.9802305708748124,0.949322399721102,SPXW  200918P03330000,SPXW  200918P03225000,44.0,44.5,26.4,26.8,1765.0,1739.4999999999995,1716.9999999999995,17.65,17.394999999999996,17.169999999999995,0.005195516389171303,0.005120453687798005,0.005054221892468625,98/95,0.191725,0.233971,0.0950247231147814,0.09670027688521861,1.0176328192865483,3319.469970703125,-1053.0029296875,711.9970703125,686.4970703124995,663.9970703124995,0.002095859743824672,0.0020207970424513744,0.001954565247121995,1.0
1M 99/96 short put spread,short_put_spread,2020-08-21,2020-09-18,28,3397.159912109375,0.99,0.96,3365.0,3260.0,0.9905332945927158,0.9596251234390055,SPXW  200918P03365000,SPXW  200918P03260000,53.2,53.7,31.1,31.5,2215.0,2189.5,2167.0,22.15,21.895,21.67,0.0065201522957588865,0.00644508959438559,0.006378857799056211,99/96,0.177645,0.220133,0.0950247231147814,0.0826202768852186,0.86946085373404,3319.469970703125,-4553.0029296875,-2338.0029296875,-2363.5029296875,-2386.0029296875,-0.0068822280674911765,-0.0069572907688644735,-0.007023522564193852,2.0
1M 100/97 short put spread,short_put_spread,2020-08-21,2020-09-18,28,3397.159912109375,1.0,0.97,3395.0,3295.0,0.999364200636633,0.9699278471569089,SPXW  200918P03395000,SPXW  200918P03295000,63.5,64.0,36.9,37.3,2665.0000000000005,2639.5000000000005,2617.0000000000005,26.650000000000006,26.395000000000003,26.170000000000005,0.007844788202346473,0.007769725500973176,0.0077034937056437965,100/97,0.166718,0.206131,0.0950247231147814,0.07169327688521861,0.754469726774363,3319.469970703125,-7553.0029296875,-4888.0029296875,-4913.5029296875,-4936.0029296875,-0.014388498204820821,-0.014463560906194117,-0.014529792701523497,3.0
1M 101/98 short put spread,short_put_spread,2020-08-21,2020-09-18,28,3397.159912109375,1.01,0.98,3430.0,3330.0,1.0096669243545364,0.9802305708748124,SPXW  200918P03430000,SPXW  200918P03330000,78.9,79.4,44.0,44.5,3490.000000000001,3462.000000000001,3437.000000000001,34.900000000000006,34.62000000000001,34.37000000000001,0.010273287364423712,0.010190865574680484,0.010117274690981174,101/98,0.155268,0.191725,0.0950247231147814,0.06024327688521859,0.633974768991961,3319.469970703125,-10000.0,-6509.999999999999,-6537.999999999999,-6562.999999999999,-0.019163066115300383,-0.01924548790504361,-0.01931907878874292,4.0
1M 102/99 short put spread,short_put_spread,2020-08-21,2020-09-18,28,3397.159912109375,1.02,0.99,3465.0,3365.0,1.0199696480724398,0.9905332945927158,SPXW  200918P03465000,SPXW  200918P03365000,97.3,100.2,53.2,53.7,4530.0,4442.0,4357.0,45.3,44.42,43.57,0.013334668126315015,0.013075628215693443,0.012825419211115787,102/99,0.145454,0.177645,0.0950247231147814,0.0504292768852186,0.5306963833433593,3319.469970703125,-10000.0,-5470.0,-5558.0,-5643.0,-0.01610168535340908,-0.01636072526403065,-0.016610934268608307,5.0
1M 103/100 short put spread,short_put_spread,2020-08-21,2020-09-18,28,3397.159912109375,1.03,1.0,3500.0,3395.0,1.0302723717903433,0.999364200636633,SPXW  200918P03500000,SPXW  200918P03395000,121.4,125.2,63.5,64.0,5955.000000000002,5844.5,5737.0,59.55000000000002,58.445,57.37,0.017529348497175704,0.017204076791224748,0.016887635991317713,103/100,0.139607,0.166718,0.0950247231147814,0.04458227688521861,0.46916502804609284,3319.469970703125,-10500.0,-4544.999999999998,-4655.5,-4763.0,-0.013378822656534596,-0.013704094362485552,-0.014020535162392586,6.0
1M 98/95 short put spread,short_put_spread,2020-09-18,2020-10-16,28,3319.469970703125,0.98,0.95,3255.0,3155.0,0.9805782334914543,0.9504529421399504,SPXW  201016P03255000,SPXW  201016P03155000,55.4,56.0,32.5,33.2,2285.0,2249.4999999999995,2217.0000000000005,22.85,22.494999999999994,22.170000000000005,0.006883629073818658,0.006776684289520818,0.006678777092628432,98/95,0.237636,0.264447,0.21947352379770374,0.018162476202296246,0.08275474821754458,3483.81005859375,0.0,2285.0,2249.4999999999995,2217.0000000000005,0.006883629073818658,0.006776684289520818,0.006678777092628432,1.0
1M 99/96 short put spread,short_put_spread,2020-09-18,2020-10-16,28,3319.469970703125,0.99,0.96,3285.0,3185.0,0.9896158208969056,0.9594905295454016,SPXW  201016P03285000,SPXW  201016P03185000,64.8,65.4,38.2,38.8,2659.999999999999,2626.999999999999,2596.9999999999986,26.59999999999999,26.269999999999992,25.969999999999985,0.008013327499500055,0.007913914038040091,0.007823538163985578,99/96,0.229368,0.256411,0.21947352379770374,0.009894476202296248,0.04508277823714324,3483.81005859375,0.0,2659.999999999999,2626.999999999999,2596.9999999999986,0.008013327499500055,0.007913914038040091,0.007823538163985578,2.0
1M 100/97 short put spread,short_put_spread,2020-09-18,2020-10-16,28,3319.469970703125,1.0,0.97,3320.0,3220.0,1.000159672869932,0.9700343815184279,SPXW  201016P03320000,SPXW  201016P03220000,77.6,78.3,46.1,46.7,3154.999999999998,3119.499999999999,3086.999999999999,31.549999999999983,31.19499999999999,30.86999999999999,0.009504529421399498,0.009397584637101662,0.009299677440209275,100/97,0.219613,0.247267,0.21947352379770374,0.00013947620229626256,0.0006355035444951529,3483.81005859375,0.0,3154.999999999998,3119.499999999999,3086.999999999999,0.009504529421399498,0.009397584637101662,0.009299677440209275,3.0
1M 101/98 short put spread,short_put_spread,2020-09-18,2020-10-16,28,3319.469970703125,1.01,0.98,3355.0,3255.0,1.0107035248429583,0.9805782334914543,SPXW  201016P03355000,SPXW  201016P03255000,92.7,93.7,55.4,56.0,3750.0,3707.0,3667.0,37.5,37.07,36.67,0.01129698425681399,0.011167445504002524,0.011046944338596506,101/98,0.209999,0.237636,0.21947352379770374,-0.009474523797703749,-0.043169324635425,3483.81005859375,0.0,3750.0,3707.0,3667.0,0.01129698425681399,0.011167445504002524,0.011046944338596506,4.0
1M 102/99 short put spread,short_put_spread,2020-09-18,2020-10-16,28,3319.469970703125,1.02,0.99,3385.0,3285.0,1.0197411122484095,0.9896158208969056,SPXW  201016P03385000,SPXW  201016P03285000,107.8,109.0,64.8,65.4,4330.000000000001,4282.0,4237.000000000001,43.30000000000001,42.82,42.37000000000001,0.013044251155201223,0.012899649756714001,0.012764085945632237,102/99,0.201911,0.229368,0.21947352379770374,-0.017562523797703733,-0.08002115013149247,3483.81005859375,0.0,4330.000000000001,4282.0,4237.000000000001,0.013044251155201223,0.012899649756714001,0.012764085945632237,5.0
1M 103/100 short put spread,short_put_spread,2020-09-18,2020-10-16,28,3319.469970703125,1.03,1.0,3420.0,3320.0,1.030284964221436,1.000159672869932,SPXW  201016P03420000,SPXW  201016P03320000,128.3,129.8,77.6,78.3,5110.000000000003,5052.000000000004,4997.000000000004,51.10000000000003,50.52000000000004,49.970000000000034,0.015394023880618538,0.015219297190779819,0.015053608088346547,103/100,0.193437,0.219613,0.21947352379770374,-0.026036523797703742,-0.11863172991063153,3483.81005859375,0.0,5110.000000000003,5052.000000000004,4997.000000000004,0.015394023880618538,0.015219297190779819,0.015053608088346547,6.0
1M 98/95 short put spread,short_put_spread,2020-10-16,2020-11-20,35,3483.81005859375,0.98,0.95,3415.0,3310.0,0.9802486193459338,0.95010920352417,SPXW  201120P03415000,SPXW  201120P03310000,81.8,89.1,52.7,60.6,2879.9999999999973,2496.9999999999973,2116.9999999999973,28.799999999999972,24.969999999999974,21.169999999999973,0.008266811196826608,0.007167440124470846,0.006076680313778445,98/95,0.257104,0.284103,0.1916132851322795,0.06549071486772051,0.3417858778555425,3557.5400390625,0.0,2879.9999999999973,2496.9999999999973,2116.9999999999973,0.008266811196826608,0.007167440124470846,0.006076680313778445,1.0
1M 99/96 short put spread,short_put_spread,2020-10-16,2020-11-20,35,3483.81005859375,0.99,0.96,3450.0,3345.0,0.9902950912865216,0.960155675464758,SPXW  201120P03450000,SPXW  201120P03345000,93.9,101.1,61.6,69.1,3215.000000000001,2844.500000000001,2477.000000000001,32.150000000000006,28.445000000000007,24.77000000000001,0.009228402082568603,0.008164911267143513,0.007110031713381783,99/96,0.247052,0.276092,0.1916132851322795,0.05543871486772051,0.2893260497540586,3557.5400390625,0.0,3215.000000000001,2844.500000000001,2477.000000000001,0.009228402082568603,0.008164911267143513,0.007110031713381783,2.0
1M 100/97 short put spread,short_put_spread,2020-10-16,2020-11-20,35,3483.81005859375,1.0,0.97,3485.0,3380.0,1.0003415632271095,0.9702021474053458,SPXW  201120P03485000,SPXW  201120P03380000,107.5,114.7,71.1,78.6,3625.000000000001,3254.500000000001,2887.000000000001,36.25000000000001,32.54500000000001,28.870000000000008,0.010405274509894613,0.009341783694469523,0.008286904140707794,100/97,0.23656,0.266935,0.1916132851322795,0.044946714867720505,0.2345699299330508,3557.5400390625,0.0,3625.000000000001,3254.500000000001,2887.000000000001,0.010405274509894613,0.009341783694469523,0.008286904140707794,3.0
1M 101/98 short put spread,short_put_spread,2020-10-16,2020-11-20,35,3483.81005859375,1.01,0.98,3520.0,3415.0,1.0103880351676975,0.9802486193459338,SPXW  201120P03520000,SPXW  201120P03415000,119.9,132.0,81.8,89.1,4050.000000000002,3562.000000000002,3077.0,40.50000000000002,35.62000000000002,30.77,0.011625203245537433,0.010224438014964034,0.008832284046053991,101/98,0.224409,0.257104,0.1916132851322795,0.03279571486772051,0.17115574656047516,3557.5400390625,0.0,4050.000000000002,3562.000000000002,3077.0,0.011625203245537433,0.010224438014964034,0.008832284046053991,4.0
1M 102/99 short put spread,short_put_spread,2020-10-16,2020-11-20,35,3483.81005859375,1.02,0.99,3555.0,3450.0,1.0204345071082854,0.9902950912865216,SPXW  201120P03555000,SPXW  201120P03450000,137.7,150.3,93.9,101.1,4650.0,4152.0,3656.999999999998,46.5,41.52,36.56999999999998,0.01334745557820964,0.011917986142091703,0.010497127967637125,102/99,0.214694,0.247052,0.1916132851322795,0.02308071486772051,0.12045466916235381,3557.5400390625,0.0,4650.0,4152.0,3656.999999999998,0.01334745557820964,0.011917986142091703,0.010497127967637125,5.0
1M 103/100 short put spread,short_put_spread,2020-10-16,2020-11-20,35,3483.81005859375,1.03,1.0,3590.0,3485.0,1.0304809790488731,1.0003415632271095,SPXW  201120P03590000,SPXW  201120P03485000,158.0,171.4,107.5,114.7,5360.0,4842.0,4327.000000000002,53.6,48.42,43.27000000000002,0.015385454171871756,0.013898576324664748,0.012420309739121104,103/100,0.205857,0.23656,0.1916132851322795,0.014243714867720525,0.07433573751364597,3557.5400390625,-3245.99609375,2114.00390625,1596.00390625,1081.0039062500018,0.006068080264695383,0.004581202417488373,0.0031029358319447304,6.0
1M 98/95 short put spread,short_put_spread,2020-11-20,2020-12-18,28,3557.5400390625,0.98,0.95,3485.0,3380.0,0.9796094946884657,0.9500947179474932,SPXW  201218P03485000,SPXW  201218P03380000,56.6,57.4,34.2,34.9,2245.0000000000005,2204.5000000000005,2167.000000000001,22.450000000000003,22.045000000000005,21.67000000000001,0.006310540360331724,0.006196697650045116,0.006091287733113073,98/95,0.224553,0.255989,0.22598712206904553,-0.0014341220690455292,-0.006346034481590324,3709.409912109375,0.0,2245.0000000000005,2204.5000000000005,2167.000000000001,0.006310540360331724,0.006196697650045116,0.006091287733113073,1.0
1M 99/96 short put spread,short_put_spread,2020-11-20,2020-12-18,28,3557.5400390625,0.99,0.96,3520.0,3415.0,0.9894477536021231,0.9599329768611508,SPXW  201218P03520000,SPXW  201218P03415000,67.6,68.3,40.4,41.0,2724.9999999999986,2689.499999999999,2656.999999999999,27.249999999999986,26.894999999999992,26.56999999999999,0.007659787297061887,0.0075599992423662195,0.007468643981025114,99/96,0.21493,0.245421,0.22598712206904553,-0.011057122069045522,-0.04892810691074356,3709.409912109375,0.0,2724.9999999999986,2689.499999999999,2656.999999999999,0.007659787297061887,0.0075599992423662195,0.007468643981025114,2.0
1M 100/97 short put spread,short_put_spread,2020-11-20,2020-12-18,28,3557.5400390625,1.0,0.97,3560.0,3450.0,1.0006914780748746,0.9697712357748082,SPXW  201218P03560000,SPXW  201218P03450000,83.2,84.0,47.7,48.5,3550.0,3507.0,3466.999999999998,35.5,35.07,34.66999999999998,0.009978805469566867,0.009857935431484789,0.00974549818675727,100/97,0.20539,0.234945,0.22598712206904553,-0.020597122069045543,-0.09114290177452034,3709.409912109375,0.0,3550.0,3507.0,3466.999999999998,0.009978805469566867,0.009857935431484789,0.00974549818675727,3.0
1M 101/98 short put spread,short_put_spread,2020-11-20,2020-12-18,28,3557.5400390625,1.01,0.98,3595.0,3485.0,1.010529736988532,0.9796094946884657,SPXW  201218P03595000,SPXW  201218P03485000,98.6,100.9,56.6,57.4,4275.0,4194.5,4117.0,42.75,41.945,41.17,0.012016730530253058,0.011790450575238936,0.011572603413579378,101/98,0.196761,0.224553,0.22598712206904553,-0.02922612206904554,-0.1293264934809698,3709.409912109375,0.0,4275.0,4194.5,4117.0,0.012016730530253058,0.011790450575238936,0.011572603413579378,4.0
1M 102/99 short put spread,short_put_spread,2020-11-20,2020-12-18,28,3557.5400390625,1.02,0.99,3630.0,3520.0,1.0203679959021894,0.9894477536021231,SPXW  201218P03630000,SPXW  201218P03520000,118.9,121.3,67.6,68.3,5215.000000000001,5134.500000000002,5057.000000000002,52.150000000000006,51.34500000000002,50.57000000000002,0.014659005781349639,0.01443272582633552,0.014214878664675962,102/99,0.192384,0.21493,0.22598712206904553,-0.03360312206904553,-0.14869485376595404,3709.409912109375,0.0,5215.000000000001,5134.500000000002,5057.000000000002,0.014659005781349639,0.01443272582633552,0.014214878664675962,5.0
1M 103/100 short put spread,short_put_spread,2020-11-20,2020-12-18,28,3557.5400390625,1.03,1.0,3665.0,3560.0,1.030206254815847,1.0006914780748746,SPXW  201218P03665000,SPXW  201218P03560000,142.4,145.2,83.2,84.0,6020.000000000002,5927.000000000002,5837.000000000004,60.20000000000002,59.27000000000002,58.37000000000003,0.01692180533149086,0.01666038873749939,0.01640740493686249,103/100,0.190467,0.20539,0.22598712206904553,-0.035520122069045534,-0.15717763801688278,3709.409912109375,0.0,6020.000000000002,5927.000000000002,5837.000000000004,0.01692180533149086,0.01666038873749939,0.01640740493686249,6.0
1M 98/95 short put spread,short_put_spread,2020-12-18,2021-01-15,28,3709.409912109375,0.98,0.95,3635.0,3525.0,0.9799402293430921,0.9502859170383493,SPXW  210115P03635000,SPXW  210115P03525000,44.8,45.5,26.0,26.7,1880.0,1841.999999999999,1806.9999999999995,18.8,18.41999999999999,18.069999999999997,0.005068191557537863,0.00496574938775784,0.004871394757697296,98/95,0.194611,0.229789,0.10197715660468755,0.09263384339531246,0.9083783709954352,3768.25,0.0,1880.0,1841.999999999999,1806.9999999999995,0.005068191557537863,0.00496574938775784,0.004871394757697296,1.0
1M 99/96 short put spread,short_put_spread,2020-12-18,2021-01-15,28,3709.409912109375,0.99,0.96,3670.0,3560.0,0.9893756923491466,0.9597213800444038,SPXW  210115P03670000,SPXW  210115P03560000,53.5,54.3,30.8,31.4,2280.0,2242.0,2207.0,22.8,22.42,22.07,0.0061465301868012375,0.006044088017021217,0.005949733386960672,99/96,0.182639,0.218642,0.10197715660468755,0.08066184339531245,0.7909795299352824,3768.25,0.0,2280.0,2242.0,2207.0,0.0061465301868012375,0.006044088017021217,0.005949733386960672,2.0
1M 100/97 short put spread,short_put_spread,2020-12-18,2021-01-15,28,3709.409912109375,1.0,0.97,3710.0,3600.0,1.0001590786417804,0.9705047663370375,SPXW  210115P03710000,SPXW  210115P03600000,66.1,67.0,37.7,38.3,2855.0,2814.499999999999,2776.9999999999995,28.55,28.144999999999992,27.769999999999996,0.007696641966367339,0.007587460180154421,0.00748636593366098,100/97,0.169036,0.206352,0.10197715660468755,0.06705884339531244,0.6575869109124579,3768.25,0.0,2855.0,2814.499999999999,2776.9999999999995,0.007696641966367339,0.007587460180154421,0.00748636593366098,3.0
1M 101/98 short put spread,short_put_spread,2020-12-18,2021-01-15,28,3709.409912109375,1.01,0.98,3745.0,3635.0,1.009594541647835,0.9799402293430921,SPXW  210115P03745000,SPXW  210115P03635000,80.1,81.3,44.8,45.5,3554.999999999999,3504.499999999999,3456.999999999999,35.54999999999999,35.04499999999999,34.56999999999999,0.009583734567578243,0.009447594315633741,0.009319541603408716,101/98,0.157643,0.194611,0.10197715660468755,0.055665843395312456,0.5458658119984656,3768.25,0.0,3554.999999999999,3504.499999999999,3456.999999999999,0.009583734567578243,0.009447594315633741,0.009319541603408716,4.0
1M 102/99 short put spread,short_put_spread,2020-12-18,2021-01-15,28,3709.409912109375,1.02,0.99,3785.0,3670.0,1.0203779279404686,0.9893756923491466,SPXW  210115P03785000,SPXW  210115P03670000,100.5,101.8,53.5,54.3,4725.0,4669.500000000001,4617.0,47.25,46.69500000000001,46.17,0.012737875058173618,0.012588255573363327,0.012446723628272507,102/99,0.145348,0.182639,0.10197715660468755,0.043370843395312456,0.42529959492240677,3768.25,-1675.0,3050.0,2994.500000000001,2942.0,0.008222332048133234,0.008072712563322945,0.007931180618232123,5.0
1M 103/100 short put spread,short_put_spread,2020-12-18,2021-01-15,28,3709.409912109375,1.03,1.0,3820.0,3710.0,1.0298133909465232,1.0001590786417804,SPXW  210115P03820000,SPXW  210115P03710000,122.8,124.1,66.1,67.0,5689.999999999998,5631.999999999997,5576.999999999998,56.899999999999984,56.31999999999997,55.76999999999998,0.015339367001271505,0.015183007900028314,0.015034736338504603,103/100,0.136008,0.169036,0.10197715660468755,0.03403084339531244,0.33371045563892654,3768.25,-5175.0,514.9999999999982,456.99999999999727,401.9999999999982,0.0013883609851765904,0.0012320018839333986,0.001083730322409687,6.0
1M 98/95 short put spread,short_put_spread,2021-01-15,2021-02-19,35,3768.25,0.98,0.95,3695.0,3580.0,0.9805612684933325,0.9500431234657998,SPXW  210219P03695000,SPXW  210219P03580000,70.9,71.7,45.8,46.4,2520.000000000002,2482.000000000002,2447.000000000002,25.200000000000017,24.820000000000018,24.470000000000017,0.006687454388641947,0.006586611822464014,0.006493730511510653,98/95,0.223835,0.25652,0.10355966579712887,0.12027533420287113,1.1614109921761226,3906.7099609375,0.0,2520.000000000002,2482.000000000002,2447.000000000002,0.006687454388641947,0.006586611822464014,0.006493730511510653,1.0
1M 99/96 short put spread,short_put_spread,2021-01-15,2021-02-19,35,3768.25,0.99,0.96,3730.0,3620.0,0.9898493995886685,0.9606581304318981,SPXW  210219P03730000,SPXW  210219P03620000,81.3,82.2,53.3,53.9,2815.000000000001,2774.500000000002,2737.000000000001,28.15000000000001,27.74500000000002,27.370000000000008,0.007470311152391696,0.007362834206859953,0.007263318516552779,99/96,0.213706,0.245435,0.10355966579712887,0.11014633420287114,1.0636026425446894,3906.7099609375,0.0,2815.000000000001,2774.500000000002,2737.000000000001,0.007470311152391696,0.007362834206859953,0.007263318516552779,2.0
1M 100/97 short put spread,short_put_spread,2021-01-15,2021-02-19,35,3768.25,1.0,0.97,3770.0,3655.0,1.0004644065547668,0.9699462615272342,SPXW  210219P03770000,SPXW  210219P03655000,95.6,96.5,60.8,62.0,3465.0,3409.499999999998,3357.0,34.65,34.094999999999985,33.57,0.00919524978438267,0.009047966562728053,0.008908644596298016,100/97,0.202593,0.235963,0.10355966579712887,0.09903333420287112,0.9562925241268667,3906.7099609375,0.0,3465.0,3409.499999999998,3357.0,0.00919524978438267,0.009047966562728053,0.008908644596298016,3.0
1M 101/98 short put spread,short_put_spread,2021-01-15,2021-02-19,35,3768.25,1.01,0.98,3805.0,3695.0,1.0097525376501029,0.9805612684933325,SPXW  210219P03805000,SPXW  210219P03695000,109.7,112.1,70.9,71.7,3959.999999999999,3877.0,3797.0,39.599999999999994,38.77,37.97,0.010508856896437336,0.010288595501890797,0.010076295362568832,101/98,0.193222,0.223835,0.10355966579712887,0.08966233420287113,0.8658036264670619,3906.7099609375,0.0,3959.999999999999,3877.0,3797.0,0.010508856896437336,0.010288595501890797,0.010076295362568832,4.0
1M 102/99 short put spread,short_put_spread,2021-01-15,2021-02-19,35,3768.25,1.02,0.99,3845.0,3730.0,1.020367544616201,0.9898493995886685,SPXW  210219P03845000,SPXW  210219P03730000,130.2,133.1,81.3,82.2,4989.999999999998,4891.999999999998,4796.999999999998,49.899999999999984,48.91999999999998,47.969999999999985,0.013242221190207652,0.012982153519538242,0.012730047104093407,102/99,0.184684,0.213706,0.10355966579712887,0.08112433420287112,0.7833584009607748,3906.7099609375,0.0,4989.999999999998,4891.999999999998,4796.999999999998,0.013242221190207652,0.012982153519538242,0.012730047104093407,5.0
1M 103/100 short put spread,short_put_spread,2021-01-15,2021-02-19,35,3768.25,1.03,1.0,3880.0,3770.0,1.0296556757115372,1.0004644065547668,SPXW  210219P03880000,SPXW  210219P03770000,151.7,155.1,95.6,96.5,5734.999999999998,5624.499999999998,5516.999999999998,57.34999999999998,56.24499999999998,55.16999999999998,0.015219266237643464,0.014926026670204998,0.014640748357991106,103/100,0.179681,0.202593,0.10355966579712887,0.07612133420287114,0.7350480866942075,3906.7099609375,0.0,5734.999999999998,5624.499999999998,5516.999999999998,0.015219266237643464,0.014926026670204998,0.014640748357991106,6.0
1M 98/95 short put spread,short_put_spread,2021-02-19,2021-03-19,28,3906.7099609375,0.98,0.95,3830.0,3710.0,0.980364562072816,0.9496481789269313,SPXW  210319P03830000,SPXW  210319P03710000,53.4,53.9,32.4,32.9,2100.0,2072.0,2047.0,21.0,20.72,20.47,0.0053753670505298,0.0053036954898560695,0.00523970302496881,98/95,0.199555,0.240742,0.15255260533897866,0.04700239466102135,0.30810614185565655,3913.10009765625,0.0,2100.0,2072.0,2047.0,0.0053753670505298,0.0053036954898560695,0.00523970302496881,1.0
1M 99/96 short put spread,short_put_spread,2021-02-19,2021-03-19,28,3906.7099609375,0.99,0.96,3870.0,3750.0,0.9906033564547775,0.9598869733088928,SPXW  210319P03870000,SPXW  210319P03750000,64.0,64.5,38.2,38.6,2584.9999999999995,2559.499999999999,2536.999999999999,25.849999999999994,25.59499999999999,25.36999999999999,0.006616820869342634,0.006551548555157628,0.006493955336759095,99/96,0.185577,0.22753,0.15255260533897866,0.033024394661021333,0.21647873261580597,3913.10009765625,0.0,2584.9999999999995,2559.499999999999,2536.999999999999,0.006616820869342634,0.006551548555157628,0.006493955336759095,2.0
1M 100/97 short put spread,short_put_spread,2021-02-19,2021-03-19,28,3906.7099609375,1.0,0.97,3905.0,3790.0,0.9995623015389938,0.9701257676908545,SPXW  210319P03905000,SPXW  210319P03790000,75.7,76.4,45.0,45.5,3080.000000000001,3047.000000000002,3017.000000000002,30.800000000000008,30.470000000000017,30.17000000000002,0.007883871674110376,0.007799401620459195,0.007722610662594484,100/97,0.174034,0.21369,0.15255260533897866,0.021481394661021336,0.14081303045129068,3913.10009765625,0.0,3080.000000000001,3047.000000000002,3017.000000000002,0.007883871674110376,0.007799401620459195,0.007722610662594484,3.0
1M 101/98 short put spread,short_put_spread,2021-02-19,2021-03-19,28,3906.7099609375,1.01,0.98,3945.0,3830.0,1.0098010959209553,0.980364562072816,SPXW  210319P03945000,SPXW  210319P03830000,93.0,93.8,53.4,53.9,3975.0,3939.5,3907.0,39.75,39.395,39.07,0.010174801917074264,0.010083932616934356,0.010000742412580919,101/98,0.162469,0.199555,0.15255260533897866,0.009916394661021344,0.0650031157382509,3913.10009765625,-3189.990234375,785.009765625,749.509765625,717.009765625,0.0020093883945165457,0.0019185190943766372,0.0018353288900231997,4.0
1M 102/99 short put spread,short_put_spread,2021-02-19,2021-03-19,28,3906.7099609375,1.02,0.99,3985.0,3870.0,1.0200398903029169,0.9906033564547775,SPXW  210319P03985000,SPXW  210319P03870000,115.2,116.0,64.0,64.5,5135.0,5099.5,5066.999999999998,51.35,50.995,50.66999999999998,0.013144052287843107,0.013053182987703199,0.012969992783349756,102/99,0.153216,0.185577,0.15255260533897866,0.0006633946610213326,0.0043486288519769545,3913.10009765625,-7189.990234375,-2054.990234375,-2090.490234375,-2122.990234375002,-0.005260155616676136,-0.005351024916816045,-0.005434215121169487,5.0
1M 103/100 short put spread,short_put_spread,2021-02-19,2021-03-19,28,3906.7099609375,1.03,1.0,4025.0,3905.0,1.0302786846848784,0.9995623015389938,SPXW  210319P04025000,SPXW  210319P03905000,139.4,145.5,75.7,76.4,6639.999999999997,6466.999999999997,6296.999999999997,66.39999999999998,64.66999999999997,62.96999999999997,0.016996398674056123,0.016553570817036286,0.01611842205580292,103/100,0.14555,0.174034,0.15255260533897866,-0.007002605338978646,-0.04590288919300034,3913.10009765625,-11189.990234375,-4549.990234375003,-4722.990234375003,-4892.990234375003,-0.011646603612424644,-0.01208943146944448,-0.012524580230677845,6.0
1M 98/95 short put spread,short_put_spread,2021-03-19,2021-04-16,28,3913.10009765625,0.98,0.95,3835.0,3715.0,0.9800413749438641,0.9493751519990756,SPXW  210416P03835000,SPXW  210416P03715000,49.0,49.7,27.5,28.0,2160.0,2127.0,2097.0,21.6,21.27,20.97,0.00551992013006192,0.005435588016963752,0.005358922459601781,98/95,0.1891,0.224929,0.18853832641956939,0.000561673580430605,0.0029790949728738525,4185.47021484375,0.0,2160.0,2127.0,2097.0,0.00551992013006192,0.005435588016963752,0.005358922459601781,1.0
1M 99/96 short put spread,short_put_spread,2021-03-19,2021-04-16,28,3913.10009765625,0.99,0.96,3875.0,3755.0,0.9902634492587935,0.9595972263140051,SPXW  210416P03875000,SPXW  210416P03755000,60.0,60.7,33.3,33.8,2680.0000000000005,2647.0000000000005,2617.0000000000005,26.800000000000004,26.470000000000006,26.170000000000005,0.006848789791002754,0.0067644576779045855,0.006687792120542615,99/96,0.176705,0.213429,0.18853832641956939,-0.011833326419569384,-0.06276350620210625,4185.47021484375,0.0,2680.0000000000005,2647.0000000000005,2617.0000000000005,0.006848789791002754,0.0067644576779045855,0.006687792120542615,2.0
1M 100/97 short put spread,short_put_spread,2021-03-19,2021-04-16,28,3913.10009765625,1.0,0.97,3915.0,3795.0,1.0004855235737231,0.9698193006289346,SPXW  210416P03915000,SPXW  210416P03795000,74.4,75.1,40.3,40.9,3415.0000000000005,3379.500000000001,3347.000000000002,34.150000000000006,33.79500000000001,33.47000000000002,0.008727095946371046,0.008636375036826049,0.008553320683017248,100/97,0.165461,0.201398,0.18853832641956939,-0.02307732641956939,-0.12240124784078954,4185.47021484375,0.0,3415.0000000000005,3379.500000000001,3347.000000000002,0.008727095946371046,0.008636375036826049,0.008553320683017248,3.0
1M 101/98 short put spread,short_put_spread,2021-03-19,2021-04-16,28,3913.10009765625,1.01,0.98,3950.0,3835.0,1.0094298385992864,0.9800413749438641,SPXW  210416P03950000,SPXW  210416P03835000,90.1,91.3,49.0,49.7,4134.999999999998,4084.499999999999,4037.0,41.34999999999998,40.84499999999999,40.37,0.010567069323058348,0.010438015634832364,0.01031662850234258,101/98,0.156657,0.1891,0.18853832641956939,-0.031881326419569395,-0.16909732373788733,4185.47021484375,0.0,4134.999999999998,4084.499999999999,4037.0,0.010567069323058348,0.010438015634832364,0.01031662850234258,4.0
1M 102/99 short put spread,short_put_spread,2021-03-19,2021-04-16,28,3913.10009765625,1.02,0.99,3990.0,3875.0,1.0196519129142159,0.9902634492587935,SPXW  210416P03990000,SPXW  210416P03875000,113.3,114.5,60.0,60.7,5355.0,5304.499999999999,5257.000000000002,53.55,53.04499999999999,52.57000000000002,0.013684801989111844,0.013555748300885857,0.013434361168396075,102/99,0.149634,0.176705,0.18853832641956939,-0.038904326419569396,-0.20634704443590157,4185.47021484375,0.0,5355.0,5304.499999999999,5257.000000000002,0.013684801989111844,0.013555748300885857,0.013434361168396075,5.0
1M 103/100 short put spread,short_put_spread,2021-03-19,2021-04-16,28,3913.10009765625,1.03,1.0,4030.0,3915.0,1.0298739872291454,1.0004855235737231,SPXW  210416P04030000,SPXW  210416P03915000,141.7,143.0,74.4,75.1,6760.0,6706.999999999998,6656.999999999999,67.6,67.06999999999998,66.57,0.017275305592230825,0.017139863107558002,0.017012087178621387,103/100,0.146411,0.165461,0.18853832641956939,-0.04212732641956937,-0.2234417119298071,4185.47021484375,0.0,6760.0,6706.999999999998,6656.999999999999,0.017275305592230825,0.017139863107558002,0.017012087178621387,6.0
1M 98/95 short put spread,short_put_spread,2021-04-16,2021-05-21,35,4185.47021484375,0.98,0.95,4100.0,3975.0,0.979579304007318,0.949714081324168,SPXW  210521P04100000,SPXW  210521P03975000,43.8,44.3,23.8,24.3,2000.0,1972.0,1947.0,20.0,19.72,19.47,0.00477843562930399,0.004711537530493734,0.004651807085127434,98/95,0.151991,0.184159,0.11988335566595551,0.03210764433404448,0.26782403742108807,4155.85986328125,0.0,2000.0,1972.0,1947.0,0.00477843562930399,0.004711537530493734,0.004651807085127434,1.0
1M 99/96 short put spread,short_put_spread,2021-04-16,2021-05-21,35,4185.47021484375,0.99,0.96,4145.0,4020.0,0.9903307841732519,0.960465561490102,SPXW  210521P04145000,SPXW  210521P04020000,56.2,56.7,29.4,29.9,2680.0,2652.0,2627.0,26.8,26.52,26.27,0.006403103743267346,0.00633620564445709,0.006276475199090791,99/96,0.141554,0.17265,0.11988335566595551,0.021670644334044503,0.18076441232115537,4155.85986328125,0.0,2680.0,2652.0,2627.0,0.006403103743267346,0.00633620564445709,0.006276475199090791,2.0
1M 100/97 short put spread,short_put_spread,2021-04-16,2021-05-21,35,4185.47021484375,1.0,0.97,4185.0,4060.0,0.9998876554318599,0.9700224327487099,SPXW  210521P04185000,SPXW  210521P04060000,71.1,71.5,35.7,36.1,3539.9999999999995,3516.999999999998,3496.999999999998,35.4,35.16999999999998,34.969999999999985,0.008457831063868061,0.008402879054131061,0.008355094697838022,100/97,0.1335,0.162123,0.11988335566595551,0.013616644334044498,0.11358244235326609,4155.85986328125,-2914.013671875,625.9863281249995,602.9863281249982,582.9863281249982,0.001495617686884838,0.001440665677147839,0.001392881320854799,3.0
1M 101/98 short put spread,short_put_spread,2021-04-16,2021-05-21,35,4185.47021484375,1.01,0.98,4225.0,4100.0,1.009444526690468,0.979579304007318,SPXW  210521P04225000,SPXW  210521P04100000,90.4,91.1,43.8,44.3,4670.0,4637.0,4607.0,46.7,46.37,46.07,0.011157647194424816,0.0110788030065413,0.01100712647210174,101/98,0.127262,0.151991,0.11988335566595551,0.007378644334044476,0.06154853017798745,4155.85986328125,-6914.013671875,-2244.013671875,-2277.013671875,-2307.013671875,-0.0053614374411663866,-0.005440281629049902,-0.005511958163489462,4.0
1M 102/99 short put spread,short_put_spread,2021-04-16,2021-05-21,35,4185.47021484375,1.02,0.99,4270.0,4145.0,1.0201960068564018,0.9903307841732519,SPXW  210521P04270000,SPXW  210521P04145000,118.2,119.1,56.2,56.7,6220.0,6182.000000000002,6147.000000000002,62.2,61.82000000000002,61.47000000000002,0.014860934807135408,0.014770144530178636,0.014686521906665816,102/99,0.122888,0.141554,0.11988335566595551,0.0030046443340444873,0.02506306498807609,4155.85986328125,-11414.013671875,-5194.013671875,-5232.013671874998,-5267.013671874998,-0.012409629994389772,-0.012500420271346542,-0.012584042894859362,5.0
1M 103/100 short put spread,short_put_spread,2021-04-16,2021-05-21,35,4185.47021484375,1.03,1.0,4310.0,4185.0,1.0297528781150098,0.9998876554318599,SPXW  210521P04310000,SPXW  210521P04185000,147.8,148.9,71.1,71.5,7705.000000000002,7664.500000000001,7627.000000000002,77.05000000000001,76.64500000000001,76.27000000000002,0.018408923261893625,0.018312159940400217,0.01822256427235077,103/100,0.121334,0.1335,0.11988335566595551,0.0014506443340444874,0.012100464872593086,4155.85986328125,-12500.0,-4794.999999999998,-4835.499999999999,-4872.999999999998,-0.01145629942125631,-0.011553062742749719,-0.011642658410799167,6.0
1M 98/95 short put spread,short_put_spread,2021-05-21,2021-06-18,28,4155.85986328125,0.98,0.95,4075.0,3950.0,0.9805431689370278,0.9504651576199411,SPXW  210618P04075000,SPXW  210618P03950000,48.2,48.7,28.2,28.7,2000.0,1972.0,1947.0,20.0,19.72,19.47,0.004812481810733879,0.004745107065383605,0.004684951042749431,98/95,0.178529,0.219112,0.14253281854059877,0.03599618145940123,0.2525466192836714,4166.4501953125,0.0,2000.0,1972.0,1947.0,0.004812481810733879,0.004745107065383605,0.004684951042749431,1.0
1M 99/96 short put spread,short_put_spread,2021-05-21,2021-06-18,28,4155.85986328125,0.99,0.96,4115.0,3990.0,0.9901681325584956,0.9600901212414088,SPXW  210618P04115000,SPXW  210618P03990000,57.7,58.2,33.4,33.9,2430.0,2402.0,2377.0,24.3,24.02,23.77,0.005847165400041663,0.005779790654691389,0.005719634632057215,99/96,0.164039,0.206839,0.14253281854059877,0.021506181459401225,0.15088582180303578,4166.4501953125,0.0,2430.0,2402.0,2377.0,0.005847165400041663,0.005779790654691389,0.005719634632057215,2.0
1M 100/97 short put spread,short_put_spread,2021-05-21,2021-06-18,28,4155.85986328125,1.0,0.97,4155.0,4030.0,0.9997930961799634,0.9697150848628766,SPXW  210618P04155000,SPXW  210618P04030000,69.9,70.5,39.7,40.1,3029.9999999999995,3002.0,2977.0,30.299999999999997,30.02,29.77,0.007290909943261825,0.007223535197911552,0.007163379175277379,100/97,0.149447,0.193991,0.14253281854059877,0.006914181459401231,0.04850939966104595,4166.4501953125,0.0,3029.9999999999995,3002.0,2977.0,0.007290909943261825,0.007223535197911552,0.007163379175277379,3.0
1M 101/98 short put spread,short_put_spread,2021-05-21,2021-06-18,28,4155.85986328125,1.01,0.98,4195.0,4075.0,1.009418059801431,0.9805431689370278,SPXW  210618P04195000,SPXW  210618P04075000,86.0,86.7,48.2,48.7,3790.0,3757.0,3727.0,37.9,37.57,37.27,0.009119653031340701,0.00904024708146359,0.008968059854302584,101/98,0.135263,0.178529,0.14253281854059877,-0.007269818540598771,-0.05100452383552667,4166.4501953125,-2854.98046875,935.01953125,902.01953125,872.01953125,0.0022498822434107715,0.0021704762935336624,0.002098289066372654,4.0
1M 102/99 short put spread,short_put_spread,2021-05-21,2021-06-18,28,4155.85986328125,1.02,0.99,4240.0,4115.0,1.0202461438755823,0.9901681325584956,SPXW  210618P04240000,SPXW  210618P04115000,110.2,110.9,57.7,58.2,5260.000000000002,5227.000000000002,5197.000000000002,52.600000000000016,52.27000000000002,51.97000000000002,0.012656827162230105,0.012577421212352996,0.012505233985191988,102/99,0.120073,0.164039,0.14253281854059877,-0.022459818540598767,-0.15757647095290794,4166.4501953125,-7354.98046875,-2094.980468749998,-2127.980468749998,-2157.980468749998,-0.00504102769985105,-0.00512043364972816,-0.005192620876889168,5.0
1M 103/100 short put spread,short_put_spread,2021-05-21,2021-06-18,28,4155.85986328125,1.03,1.0,4280.0,4155.0,1.0298711074970501,0.9997930961799634,SPXW  210618P04280000,SPXW  210618P04155000,137.7,138.4,69.9,70.5,6785.000000000002,6749.500000000001,6716.999999999998,67.85000000000002,67.495,67.16999999999999,0.01632634454291469,0.01624092299077416,0.016162720161349727,103/100,0.106721,0.149447,0.14253281854059877,-0.03581181854059877,-0.25125314230980567,4166.4501953125,-11354.98046875,-4569.980468749998,-4605.480468749999,-4637.980468750002,-0.010996473940634226,-0.011081895492774755,-0.011160098322199186,6.0
1M 98/95 short put spread,short_put_spread,2021-06-18,2021-07-16,28,4166.4501953125,0.98,0.95,4080.0,3960.0,0.9792508751431227,0.9504493788153837,SPXW  210716P04080000,SPXW  210716P03960000,49.6,50.2,29.1,29.6,2055.000000000001,2024.500000000001,1997.000000000001,20.550000000000008,20.245000000000008,19.97000000000001,0.004932256246125289,0.0048590524429589525,0.004793049013874551,98/95,0.186379,0.22183,0.08282741151401478,0.10355158848598521,1.250209158938449,4327.16015625,0.0,2055.000000000001,2024.500000000001,1997.000000000001,0.004932256246125289,0.0048590524429589525,0.004793049013874551,1.0
1M 99/96 short put spread,short_put_spread,2021-06-18,2021-07-16,28,4166.4501953125,0.99,0.96,4125.0,4000.0,0.9900514362660248,0.9600498775912968,SPXW  210716P04125000,SPXW  210716P04000000,61.1,61.9,34.6,35.1,2665.0,2629.5,2597.0,26.65,26.295,25.97,0.006396332309452015,0.006311127882815787,0.006233123830261494,99/96,0.172228,0.2102,0.08282741151401478,0.08940058848598521,1.0793599226610895,4327.16015625,0.0,2665.0,2629.5,2597.0,0.006396332309452015,0.006311127882815787,0.006233123830261494,2.0
1M 100/97 short put spread,short_put_spread,2021-06-18,2021-07-16,28,4166.4501953125,1.0,0.97,4170.0,4040.0,1.000851997388927,0.9696503763672097,SPXW  210716P04170000,SPXW  210716P04040000,75.7,76.6,41.4,41.9,3450.000000000001,3412.000000000001,3377.000000000002,34.50000000000001,34.12000000000001,33.77000000000002,0.008280430194224937,0.008189225455853764,0.008105221091564528,100/97,0.157177,0.198545,0.08282741151401478,0.07434958848598523,0.8976447184203618,4327.16015625,0.0,3450.000000000001,3412.000000000001,3377.000000000002,0.008280430194224937,0.008189225455853764,0.008105221091564528,3.0
1M 101/98 short put spread,short_put_spread,2021-06-18,2021-07-16,28,4166.4501953125,1.01,0.98,4210.0,4080.0,1.0104524961648398,0.9792508751431227,SPXW  210716P04210000,SPXW  210716P04080000,92.1,93.2,49.6,50.2,4274.999999999999,4229.5,4187.0,42.74999999999999,42.295,41.87,0.010260533066756982,0.010151327393180974,0.010049322093686898,101/98,0.143166,0.186379,0.08282741151401478,0.06033858848598521,0.7284857438261927,4327.16015625,0.0,4274.999999999999,4229.5,4187.0,0.010260533066756982,0.010151327393180974,0.010049322093686898,4.0
1M 102/99 short put spread,short_put_spread,2021-06-18,2021-07-16,28,4166.4501953125,1.02,0.99,4250.0,4125.0,1.0200529949407529,0.9900514362660248,SPXW  210716P04250000,SPXW  210716P04125000,113.8,114.9,61.1,61.9,5285.0,5234.499999999998,5186.999999999998,52.85,52.344999999999985,51.86999999999998,0.012684659007675007,0.012563452710629102,0.012449446787665136,102/99,0.130968,0.172228,0.08282741151401478,0.04814058848598522,0.5812156580293424,4327.16015625,0.0,5285.0,5234.499999999998,5186.999999999998,0.012684659007675007,0.012563452710629102,0.012449446787665136,5.0
1M 103/100 short put spread,short_put_spread,2021-06-18,2021-07-16,28,4166.4501953125,1.03,1.0,4290.0,4170.0,1.0296534937166657,1.000851997388927,SPXW  210716P04290000,SPXW  210716P04170000,141.6,142.7,75.7,76.6,6599.999999999997,6546.999999999996,6496.999999999997,65.99999999999997,65.46999999999997,64.96999999999997,0.01584082298025639,0.01571361637147554,0.01559361013677663,103/100,0.122415,0.157177,0.08282741151401478,0.03958758848598522,0.477952742484133,4327.16015625,0.0,6599.999999999997,6546.999999999996,6496.999999999997,0.01584082298025639,0.01571361637147554,0.01559361013677663,6.0
1M 98/95 short put spread,short_put_spread,2021-07-16,2021-08-20,35,4327.16015625,0.98,0.95,4240.0,4110.0,0.9798574230898043,0.9498146247403527,SPXW  210820P04240000,SPXW  210820P04110000,54.3,54.8,32.1,32.6,2220.0,2192.0,2167.0,22.2,21.92,21.67,0.005130385564290956,0.005065677998615215,0.005007903386404731,98/95,0.169994,0.20473,0.10108001185283198,0.06891398814716802,0.6817766132388641,4441.669921875,0.0,2220.0,2192.0,2167.0,0.005130385564290956,0.005065677998615215,0.005007903386404731,1.0
1M 99/96 short put spread,short_put_spread,2021-07-16,2021-08-20,35,4327.16015625,0.99,0.96,4285.0,4155.0,0.9902568532876914,0.9602140549382399,SPXW  210820P04285000,SPXW  210820P04155000,65.6,66.2,38.5,39.0,2715.000000000001,2684.5,2656.999999999999,27.15000000000001,26.845,26.56999999999999,0.006274322886058537,0.006203837859161745,0.006140285785730211,99/96,0.156831,0.193429,0.10108001185283198,0.055750988147168015,0.5515530432301392,4441.669921875,0.0,2715.000000000001,2684.5,2656.999999999999,0.006274322886058537,0.006203837859161745,0.006140285785730211,2.0
1M 100/97 short put spread,short_put_spread,2021-07-16,2021-08-20,35,4327.16015625,1.0,0.97,4325.0,4195.0,0.9995007912413688,0.9694579928919173,SPXW  210820P04325000,SPXW  210820P04195000,78.2,78.8,45.2,45.7,3305.0,3274.499999999999,3247.0,33.05,32.74499999999999,32.47,0.007637803734225951,0.007567318707329159,0.007503766633897629,100/97,0.144757,0.182679,0.10108001185283198,0.043676988147168014,0.432103116595987,4441.669921875,0.0,3305.0,3274.499999999999,3247.0,0.007637803734225951,0.007567318707329159,0.007503766633897629,3.0
1M 101/98 short put spread,short_put_spread,2021-07-16,2021-08-20,35,4327.16015625,1.01,0.98,4370.0,4240.0,1.0099002214392558,0.9798574230898043,SPXW  210820P04370000,SPXW  210820P04240000,96.5,97.2,54.3,54.8,4230.0,4197.0,4167.0,42.3,41.97,41.67,0.00977546438601385,0.00969920189789601,0.009629872363243431,101/98,0.131605,0.169994,0.10108001185283198,0.030524988147168017,0.3019883712678135,4441.669921875,0.0,4230.0,4197.0,4167.0,0.00977546438601385,0.00969920189789601,0.009629872363243431,4.0
1M 102/99 short put spread,short_put_spread,2021-07-16,2021-08-20,35,4327.16015625,1.02,0.99,4415.0,4285.0,1.020299651637143,0.9902568532876914,SPXW  210820P04415000,SPXW  210820P04285000,121.0,121.8,65.6,66.2,5549.999999999999,5511.999999999999,5476.999999999998,55.49999999999999,55.11999999999999,54.76999999999998,0.012825963910727389,0.012738146500167455,0.012657262043072775,102/99,0.120539,0.156831,0.10108001185283198,0.01945898814716801,0.19251074263326595,4441.669921875,0.0,5549.999999999999,5511.999999999999,5476.999999999998,0.012825963910727389,0.012738146500167455,0.012657262043072775,5.0
1M 103/100 short put spread,short_put_spread,2021-07-16,2021-08-20,35,4327.16015625,1.03,1.0,4455.0,4325.0,1.0295435895908203,0.9995007912413688,SPXW  210820P04455000,SPXW  210820P04325000,149.0,149.8,78.2,78.8,7090.0,7051.999999999997,7017.0,70.9,70.51999999999997,70.17,0.016384880022893192,0.016297062612333248,0.016216178155238577,103/100,0.11435,0.144757,0.10108001185283198,0.01326998814716801,0.13128202009402745,4441.669921875,-1333.0078125,5756.9921875,5718.992187499997,5683.9921875,0.01330431964526388,0.01321650223470394,0.013135617777609269,6.0
1M 98/95 short put spread,short_put_spread,2021-08-20,2021-09-17,28,4441.669921875,0.98,0.95,4355.0,4220.0,0.9804870862987466,0.9500931123262252,SPXW  210917P04355000,SPXW  210917P04220000,44.3,44.9,25.9,26.4,1844.999999999999,1814.5,1787.0,18.449999999999992,18.145,17.87,0.004153843109577926,0.0040851752424548235,0.004023261591770058,98/95,0.16252,0.207227,0.08385887413558875,0.07866112586441125,0.9380179101525568,4432.990234375,0.0,1844.999999999999,1814.5,1787.0,0.004153843109577926,0.0040851752424548235,0.004023261591770058,1.0
1M 99/96 short put spread,short_put_spread,2021-08-20,2021-09-17,28,4441.669921875,0.99,0.96,4395.0,4265.0,0.9894927082165307,0.9602244369837323,SPXW  210917P04395000,SPXW  210917P04265000,53.2,53.7,30.8,31.2,2245.0,2219.5,2197.0,22.45,22.195,21.97,0.00505440530135634,0.004996994461630466,0.00494633783834293,99/96,0.148676,0.192916,0.08385887413558875,0.06481712586441125,0.7729310288570117,4432.990234375,0.0,2245.0,2219.5,2197.0,0.00505440530135634,0.004996994461630466,0.00494633783834293,2.0
1M 100/97 short put spread,short_put_spread,2021-08-20,2021-09-17,28,4441.669921875,1.0,0.97,4440.0,4310.0,0.9996240328740378,0.9703557616412394,SPXW  210917P04440000,SPXW  210917P04310000,66.6,67.2,36.8,37.3,2985.0000000000014,2954.5000000000005,2926.9999999999995,29.850000000000012,29.545000000000005,29.269999999999996,0.006720445356146406,0.0066517774890233,0.006589863838338532,100/97,0.133371,0.178136,0.08385887413558875,0.04951212586441124,0.5904220200280372,4432.990234375,-700.9765625,2284.0234375000014,2253.5234375000005,2226.0234374999995,0.0051422628823706625,0.005073595015247557,0.005011681364562788,3.0
1M 101/98 short put spread,short_put_spread,2021-08-20,2021-09-17,28,4441.669921875,1.01,0.98,4485.0,4355.0,1.009755357531545,0.9804870862987466,SPXW  210917P04485000,SPXW  210917P04355000,85.9,86.5,44.3,44.9,4160.000000000001,4127.000000000003,4097.000000000001,41.60000000000001,41.270000000000024,40.970000000000006,0.00936584679449549,0.009291550413673777,0.009224008249290391,101/98,0.119992,0.16252,0.08385887413558875,0.03613312586441125,0.4308801690562736,4432.990234375,-5200.9765625,-1040.976562499999,-1073.9765624999973,-1103.976562499999,-0.002343660336787392,-0.002417956717609107,-0.0024854988819924917,4.0
1M 102/99 short put spread,short_put_spread,2021-08-20,2021-09-17,28,4441.669921875,1.02,0.99,4530.0,4395.0,1.0198866821890522,0.9894927082165307,SPXW  210917P04530000,SPXW  210917P04395000,113.0,113.6,53.2,53.7,5985.0,5954.5,5927.0,59.85,59.545,59.27,0.013474661794484496,0.013405993927361392,0.013344080276676627,102/99,0.110408,0.148676,0.08385887413558875,0.026549125864411258,0.31659292040440246,4432.990234375,-9700.9765625,-3715.9765625,-3746.4765625,-3773.9765625,-0.008366169994305526,-0.00843483786142863,-0.008496751512113397,5.0
1M 103/100 short put spread,short_put_spread,2021-08-20,2021-09-17,28,4441.669921875,1.03,1.0,4575.0,4440.0,1.0300180068465592,0.9996240328740378,SPXW  210917P04575000,SPXW  210917P04440000,148.0,148.5,66.6,67.2,8134.999999999999,8104.499999999999,8076.999999999998,81.35,81.04499999999999,80.76999999999998,0.01831518357529346,0.018246515708170357,0.01818460205748559,103/100,0.106428,0.133371,0.08385887413558875,0.022569125864411246,0.26913223075139237,4432.990234375,-13500.0,-5365.000000000001,-5395.500000000001,-5423.000000000002,-0.01207879039722796,-0.012147458264351063,-0.01220937191503583,6.0
1M 98/95 short put spread,short_put_spread,2021-09-17,2021-10-15,28,4432.990234375,0.98,0.95,4345.0,4210.0,0.9801510425868544,0.9496975579495183,SPXW  211015P04345000,SPXW  211015P04210000,54.8,55.4,32.6,33.2,2219.9999999999986,2186.9999999999995,2156.9999999999995,22.199999999999985,21.869999999999994,21.569999999999997,0.005007906362584155,0.004933464511248447,0.0048657901009432555,98/95,0.189395,0.230159,0.08504200839091232,0.10435299160908769,1.2270758132781698,4471.3701171875,0.0,2219.9999999999986,2186.9999999999995,2156.9999999999995,0.005007906362584155,0.004933464511248447,0.0048657901009432555,1.0
1M 99/96 short put spread,short_put_spread,2021-09-17,2021-10-15,28,4432.990234375,0.99,0.96,4390.0,4255.0,0.990302204132633,0.9598487194952969,SPXW  211015P04390000,SPXW  211015P04255000,65.8,66.4,38.6,39.2,2719.9999999999986,2686.9999999999986,2656.9999999999977,27.199999999999985,26.869999999999987,26.56999999999998,0.00613581320100401,0.0060613713496683,0.005993696939363106,99/96,0.174623,0.217044,0.08504200839091232,0.08958099160908768,1.0533734245469724,4471.3701171875,0.0,2719.9999999999986,2686.9999999999986,2656.9999999999977,0.00613581320100401,0.0060613713496683,0.005993696939363106,2.0
1M 100/97 short put spread,short_put_spread,2021-09-17,2021-10-15,28,4432.990234375,1.0,0.97,4435.0,4300.0,1.0004533656784118,0.9699998810410756,SPXW  211015P04435000,SPXW  211015P04300000,79.8,80.5,45.8,46.4,3405.000000000002,3369.500000000002,3337.000000000002,34.05000000000002,33.69500000000002,33.37000000000002,0.0076810455696392195,0.007600964184111409,0.007527650239614119,100/97,0.159663,0.203284,0.08504200839091232,0.07462099160908768,0.8774603636602467,4471.3701171875,0.0,3405.000000000002,3369.500000000002,3337.000000000002,0.0076810455696392195,0.007600964184111409,0.007527650239614119,3.0
1M 101/98 short put spread,short_put_spread,2021-09-17,2021-10-15,28,4432.990234375,1.01,0.98,4475.0,4345.0,1.0094766203857706,0.9801510425868544,SPXW  211015P04475000,SPXW  211015P04345000,96.0,96.7,54.8,55.4,4125.000000000001,4089.500000000001,4057.000000000001,41.25000000000001,40.89500000000001,40.57000000000001,0.00930523141696381,0.009225150031436,0.009151836086938708,101/98,0.146961,0.189395,0.08504200839091232,0.06191899160908769,0.7280988864287501,4471.3701171875,-362.98828125,3762.011718750001,3726.511718750001,3694.011718750001,0.008486397487587519,0.00840631610205971,0.008333002157562419,4.0
1M 102/99 short put spread,short_put_spread,2021-09-17,2021-10-15,28,4432.990234375,1.02,0.99,4520.0,4390.0,1.0196277819315493,0.990302204132633,SPXW  211015P04520000,SPXW  211015P04390000,120.3,121.0,65.8,66.4,5455.000000000001,5419.5,5387.000000000001,54.55000000000001,54.195,53.87000000000001,0.012305463607160625,0.012225382221632813,0.012152068277135525,102/99,0.135591,0.174623,0.08504200839091232,0.05054899160908767,0.5944002565970607,4471.3701171875,-4862.98828125,592.0117187500009,556.51171875,524.0117187500009,0.0013354681320056363,0.0012553867464778245,0.001182072801980536,5.0
1M 103/100 short put spread,short_put_spread,2021-09-17,2021-10-15,28,4432.990234375,1.03,1.0,4565.0,4435.0,1.029778943477328,1.0004533656784118,SPXW  211015P04565000,SPXW  211015P04435000,152.3,153.1,79.8,80.5,7254.999999999997,7214.5,7177.000000000002,72.54999999999997,72.145,71.77000000000002,0.016365928225472094,0.016274567771560094,0.01618997475867861,103/100,0.130715,0.159663,0.08504200839091232,0.04567299160908768,0.5370638872866547,4471.3701171875,-9362.98828125,-2107.9882812500027,-2148.48828125,-2185.988281249998,-0.004755228795461591,-0.004846589249373593,-0.004931182262255078,6.0
1M 98/95 short put spread,short_put_spread,2021-10-15,2021-11-19,35,4471.3701171875,0.98,0.95,4380.0,4250.0,0.9795655213518822,0.9504916588460044,SPXW  211119P04380000,SPXW  211119P04250000,46.4,46.9,26.9,27.3,1955.0,1929.4999999999995,1906.9999999999995,19.55,19.294999999999995,19.069999999999997,0.00437226163069162,0.004315232131160859,0.004264911984516071,98/95,0.151845,0.186577,0.162499040694304,-0.010654040694303979,-0.065563714399684,4697.9599609375,0.0,1955.0,1929.4999999999995,1906.9999999999995,0.00437226163069162,0.004315232131160859,0.004264911984516071,1.0
1M 99/96 short put spread,short_put_spread,2021-10-15,2021-11-19,35,4471.3701171875,0.99,0.96,4425.0,4295.0,0.9896295506808399,0.9605556881749621,SPXW  211119P04425000,SPXW  211119P04295000,57.0,57.4,32.3,32.8,2465.0000000000005,2439.5000000000005,2417.0000000000005,24.650000000000006,24.395000000000003,24.170000000000005,0.005512851621306826,0.005455822121776067,0.005405501975131278,99/96,0.13899,0.17504,0.162499040694304,-0.023509040694303984,-0.14467187371603996,4697.9599609375,0.0,2465.0000000000005,2439.5000000000005,2417.0000000000005,0.005512851621306826,0.005455822121776067,0.005405501975131278,2.0
1M 100/97 short put spread,short_put_spread,2021-10-15,2021-11-19,35,4471.3701171875,1.0,0.97,4470.0,4335.0,0.9996935800097976,0.9695014920229245,SPXW  211119P04470000,SPXW  211119P04335000,71.3,71.8,38.2,38.6,3314.9999999999995,3289.499999999999,3266.999999999999,33.15,32.89499999999999,32.66999999999999,0.007413834938998834,0.007356805439468072,0.0073064852928232836,100/97,0.126802,0.164253,0.162499040694304,-0.03569704069430399,-0.2196753934163702,4697.9599609375,0.0,3314.9999999999995,3289.499999999999,3266.999999999999,0.007413834938998834,0.007356805439468072,0.0073064852928232836,3.0
1M 101/98 short put spread,short_put_spread,2021-10-15,2021-11-19,35,4471.3701171875,1.01,0.98,4515.0,4380.0,1.0097576093387552,0.9795655213518822,SPXW  211119P04515000,SPXW  211119P04380000,90.9,91.5,46.4,46.9,4455.0,4424.500000000002,4397.0,44.55,44.24500000000002,43.97,0.009963389035668117,0.009895177281327407,0.009833674879872661,101/98,0.115921,0.151845,0.162499040694304,-0.04657804069430399,-0.2866357887116848,4697.9599609375,0.0,4455.0,4424.500000000002,4397.0,0.009963389035668117,0.009895177281327407,0.009833674879872661,4.0
1M 102/99 short put spread,short_put_spread,2021-10-15,2021-11-19,35,4471.3701171875,1.02,0.99,4560.0,4425.0,1.019821638667713,0.9896295506808399,SPXW  211119P04560000,SPXW  211119P04425000,117.5,118.1,57.0,57.4,6060.0,6032.0,6006.999999999999,60.6,60.32,60.06999999999999,0.013552892829663028,0.013490272202727291,0.013434360928677523,102/99,0.107847,0.13899,0.162499040694304,-0.05465204069430399,-0.3363222358777881,4697.9599609375,0.0,6060.0,6032.0,6006.999999999999,0.013552892829663028,0.013490272202727291,0.013434360928677523,5.0
1M 103/100 short put spread,short_put_spread,2021-10-15,2021-11-19,35,4471.3701171875,1.03,1.0,4605.0,4470.0,1.0298856679966706,0.9996935800097976,SPXW  211119P04605000,SPXW  211119P04470000,150.9,151.6,71.3,71.8,7970.0,7936.999999999998,7907.0,79.7,79.36999999999998,79.07,0.01782451416706507,0.017750711285319378,0.017683617756459664,103/100,0.103049,0.126802,0.162499040694304,-0.059450040694303985,-0.36584856403024824,4697.9599609375,0.0,7970.0,7936.999999999998,7907.0,0.01782451416706507,0.017750711285319378,0.017683617756459664,6.0
1M 98/95 short put spread,short_put_spread,2021-11-19,2021-12-17,28,4697.9599609375,0.98,0.95,4605.0,4465.0,0.9802126962106017,0.950412527379009,SPXW  211217P04605000,SPXW  211217P04465000,44.2,44.6,24.6,24.9,1965.000000000001,1944.5,1927.0,19.65000000000001,19.445,19.27,0.00418266655386283,0.004139030592359425,0.004101780381319934,98/95,0.15858,0.19858,0.06744732855527096,0.09113267144472904,1.3511679913319132,4620.64013671875,0.0,1965.000000000001,1944.5,1927.0,0.00418266655386283,0.004139030592359425,0.004101780381319934,1.0
1M 99/96 short put spread,short_put_spread,2021-11-19,2021-12-17,28,4697.9599609375,0.99,0.96,4650.0,4510.0,0.9897913219064708,0.9599911530748781,SPXW  211217P04650000,SPXW  211217P04510000,54.5,54.9,29.4,29.8,2510.0,2486.9999999999995,2466.9999999999995,25.1,24.869999999999994,24.669999999999995,0.005342744554806971,0.00529378713458364,0.005251215464824222,99/96,0.145039,0.186052,0.06744732855527096,0.07759167144472905,1.1504039241694373,4620.64013671875,-2935.986328125,-425.986328125,-448.98632812500045,-468.98632812500045,-0.0009067474641482309,-0.0009557048843715627,-0.0009982765541309809,2.0
1M 100/97 short put spread,short_put_spread,2021-11-19,2021-12-17,28,4697.9599609375,1.0,0.97,4700.0,4555.0,1.0004342393463252,0.9695697787707472,SPXW  211217P04700000,SPXW  211217P04555000,70.4,70.8,35.5,35.9,3489.9999999999986,3466.9999999999995,3447.0000000000005,34.899999999999984,34.669999999999995,34.470000000000006,0.0074287563730184554,0.0073797989527951266,0.00733722728303571,100/97,0.130699,0.173269,0.06744732855527096,0.06325167144472905,0.9377935761072629,4620.64013671875,-7935.986328125,-4445.986328125002,-4468.986328125,-4488.986328125,-0.009463653085791272,-0.0095126105060146,-0.009555182175774017,3.0
1M 101/98 short put spread,short_put_spread,2021-11-19,2021-12-17,28,4697.9599609375,1.01,0.98,4745.0,4605.0,1.0100128650421945,0.9802126962106017,SPXW  211217P04745000,SPXW  211217P04605000,90.3,90.9,44.2,44.6,4619.999999999999,4591.999999999997,4566.999999999997,46.19999999999999,45.91999999999997,45.66999999999997,0.009834055714425579,0.00977445537676239,0.009721240789563117,101/98,0.11914,0.15858,0.06744732855527096,0.05169267144472904,0.7664154022404095,4620.64013671875,-12435.986328125,-7815.986328125001,-7843.986328125003,-7868.986328125003,-0.01663697944025322,-0.016696579777916408,-0.016749794365115683,4.0
1M 102/99 short put spread,short_put_spread,2021-11-19,2021-12-17,28,4697.9599609375,1.02,0.99,4790.0,4650.0,1.0195914907380634,0.9897913219064708,SPXW  211217P04790000,SPXW  211217P04650000,117.2,117.7,54.5,54.9,6275.0,6249.5,6226.999999999999,62.75,62.495,62.26999999999999,0.013356861387017428,0.01330258250807417,0.013254689379594823,102/99,0.10983,0.145039,0.06744732855527096,0.04238267144472904,0.6283817662251483,4620.64013671875,-14000.0,-7725.0,-7750.5,-7773.000000000001,-0.016443307444575242,-0.0164975863235185,-0.016545479451997847,5.0
1M 103/100 short put spread,short_put_spread,2021-11-19,2021-12-17,28,4697.9599609375,1.03,1.0,4840.0,4700.0,1.030234408177918,1.0004342393463252,SPXW  211217P04840000,SPXW  211217P04700000,154.9,155.5,70.4,70.8,8460.0,8432.0,8407.0,84.6,84.32,84.07,0.018007816308233855,0.01794821597057067,0.017895001383371398,103/100,0.102385,0.130699,0.06744732855527096,0.03493767144472905,0.5179993365652538,4620.64013671875,-14000.0,-5540.0,-5568.0,-5593.0,-0.011792352523358814,-0.011851952861022,-0.011905167448221272,6.0
1M 98/95 short put spread,short_put_spread,2021-12-17,2022-01-21,35,4620.64013671875,0.98,0.95,4530.0,4390.0,0.980383640786379,0.9500848086207955,SPXW  220121P04530000,SPXW  220121P04390000,71.0,71.8,43.5,44.3,2750.000000000001,2707.000000000001,2667.0,27.50000000000001,27.070000000000007,26.67,0.005951556318239609,0.005858495619445317,0.005771927527543648,98/95,0.194518,0.227624,0.18767996456827407,0.006838035431725925,0.0364345520176097,4397.93994140625,-13206.005859375,-10456.005859375,-10499.005859375,-10539.005859375,-0.022628911903968596,-0.022721972602762888,-0.022808540694664554,1.0
1M 99/96 short put spread,short_put_spread,2021-12-17,2022-01-21,35,4620.64013671875,0.99,0.96,4575.0,4435.0,0.9901225511253166,0.9598237189597331,SPXW  220121P04575000,SPXW  220121P04435000,83.2,84.1,51.0,51.7,3230.0,3187.000000000001,3147.000000000002,32.3,31.870000000000008,31.470000000000017,0.006990373421059612,0.006897312722265321,0.006810744630363657,99/96,0.182818,0.217555,0.18767996456827407,-0.004861964568274063,-0.02590561320414886,4397.93994140625,-14000.0,-10770.0,-10813.0,-10852.999999999998,-0.023308458744523846,-0.023401519443318135,-0.0234880875352198,2.0
1M 100/97 short put spread,short_put_spread,2021-12-17,2022-01-21,35,4620.64013671875,1.0,0.97,4620.0,4480.0,0.999861461464254,0.9695626292986705,SPXW  220121P04620000,SPXW  220121P04480000,97.7,98.6,59.6,60.3,3820.0,3777.000000000002,3737.000000000002,38.2,37.77000000000002,37.37000000000002,0.0082672527766092,0.008174192077814913,0.008087623985913246,100/97,0.170387,0.206814,0.18767996456827407,-0.01729296456827406,-0.09214070669745489,4397.93994140625,-14000.0,-10180.0,-10222.999999999998,-10262.999999999998,-0.022031579388974255,-0.022124640087768543,-0.022211208179670212,3.0
1M 101/98 short put spread,short_put_spread,2021-12-17,2022-01-21,35,4620.64013671875,1.01,0.98,4665.0,4530.0,1.0096003718031916,0.980383640786379,SPXW  220121P04665000,SPXW  220121P04530000,115.0,116.0,71.0,71.8,4409.999999999999,4361.999999999999,4316.999999999999,44.099999999999994,43.61999999999999,43.16999999999999,0.009544132132158786,0.009440250421876786,0.009342861318487411,101/98,0.157206,0.194518,0.18767996456827407,-0.03047396456827406,-0.16237196462805314,4397.93994140625,-13500.0,-9090.0,-9138.0,-9183.0,-0.01967259888465383,-0.01977648059493583,-0.019873869698325206,4.0
1M 102/99 short put spread,short_put_spread,2021-12-17,2022-01-21,35,4620.64013671875,1.02,0.99,4715.0,4575.0,1.0204213832909,0.9901225511253166,SPXW  220121P04715000,SPXW  220121P04575000,138.9,139.9,83.2,84.1,5575.0,5524.5,5477.0,55.75,55.245,54.77,0.01206542780879484,0.011956135592768986,0.011853335983635756,102/99,0.142295,0.182818,0.18767996456827407,-0.04538496456827407,-0.2418210418606721,4397.93994140625,-14000.0,-8425.0,-8475.5,-8523.0,-0.018233404356788614,-0.01834269657281447,-0.0184454961819477,5.0
1M 103/100 short put spread,short_put_spread,2021-12-17,2022-01-21,35,4620.64013671875,1.03,1.0,4760.0,4620.0,1.0301602936298375,0.999861461464254,SPXW  220121P04760000,SPXW  220121P04620000,165.6,166.6,97.7,98.6,6795.0,6744.5,6697.0,67.95,67.445,66.97,0.014705754611795685,0.01459646239576983,0.0144936627866366,103/100,0.128941,0.170387,0.18767996456827407,-0.05873896456827407,-0.31297408172147245,4397.93994140625,-14000.0,-7205.0,-7255.5,-7303.0,-0.015593077553787771,-0.015702369769813627,-0.015805169378946854,6.0
1M 98/95 short put spread,short_put_spread,2022-01-21,2022-02-18,28,4397.93994140625,0.98,0.95,4310.0,4180.0,0.9800042877852191,0.9504449937220918,SPXW  220218P04310000,SPXW  220218P04180000,88.0,94.0,57.6,59.1,3265.0,3074.5,2887.0,32.65,30.745,28.87,0.007423930393546961,0.0069907730459295965,0.0065644370738652605,98/95,0.263814,0.29293,0.15350750568160215,0.11030649431839784,0.7185739474341419,4348.8701171875,0.0,3265.0,3074.5,2887.0,0.007423930393546961,0.0069907730459295965,0.0065644370738652605,1.0
1M 99/96 short put spread,short_put_spread,2022-01-21,2022-02-18,28,4397.93994140625,0.99,0.96,4355.0,4220.0,0.990236351114763,0.9595401611261309,SPXW  220218P04355000,SPXW  220218P04220000,105.7,108.4,63.6,68.4,4105.000000000002,3914.500000000002,3727.000000000001,41.05000000000002,39.14500000000002,37.27000000000001,0.009333915548395189,0.008900758200777823,0.008474422228713486,99/96,0.25566,0.281864,0.15350750568160215,0.10215249431839785,0.665456023565894,4348.8701171875,-612.98828125,3492.011718750002,3301.511718750002,3114.011718750001,0.00794010778972444,0.007506950442107077,0.007080614470042739,2.0
1M 100/97 short put spread,short_put_spread,2022-01-21,2022-02-18,28,4397.93994140625,1.0,0.97,4400.0,4265.0,1.0004684144443072,0.969772224455675,SPXW  220218P04400000,SPXW  220218P04265000,123.7,127.5,75.0,80.6,4780.0,4542.000000000001,4306.999999999999,47.8,45.42000000000001,43.06999999999999,0.010868725047826792,0.010327562587286463,0.009793221502299158,100/97,0.247619,0.27342,0.15350750568160215,0.09411149431839785,0.6130742200553982,4348.8701171875,-5112.98828125,-332.98828125,-570.9882812499991,-805.9882812500009,-0.0007571460403880058,-0.0012983085009283335,-0.001832649585915638,3.0
1M 101/98 short put spread,short_put_spread,2022-01-21,2022-02-18,28,4397.93994140625,1.01,0.98,4440.0,4310.0,1.0095635818483464,0.9800042877852191,SPXW  220218P04440000,SPXW  220218P04310000,141.3,145.5,88.0,94.0,5240.0,4982.000000000002,4727.000000000002,52.4,49.82000000000002,47.27000000000002,0.011914669299291294,0.011328031001730772,0.010748214079723277,101/98,0.238548,0.263814,0.15350750568160215,0.08504049431839786,0.5539826469122933,4348.8701171875,-9112.98828125,-3872.98828125,-4130.988281249998,-4385.988281249998,-0.00880636919296266,-0.00939300749052318,-0.009972824412530676,4.0
1M 102/99 short put spread,short_put_spread,2022-01-21,2022-02-18,28,4397.93994140625,1.02,0.99,4485.0,4355.0,1.0197956451778905,0.990236351114763,SPXW  220218P04485000,SPXW  220218P04355000,158.7,173.1,105.7,108.4,5884.9999999999945,5454.499999999998,5026.999999999998,58.849999999999945,54.54499999999998,50.26999999999998,0.013381265043192595,0.01240239765133289,0.011430351635026205,102/99,0.22773,0.25566,0.15350750568160215,0.07422249431839784,0.48351052275154904,4348.8701171875,-13000.0,-7115.0000000000055,-7545.500000000002,-7973.000000000002,-0.01617802901993466,-0.017156896411794367,-0.018128942428101053,5.0
1M 103/100 short put spread,short_put_spread,2022-01-21,2022-02-18,28,4397.93994140625,1.03,1.0,4530.0,4400.0,1.0300277085074343,1.0004684144443072,SPXW  220218P04530000,SPXW  220218P04400000,182.7,196.0,123.7,127.5,6375.0,5944.499999999996,5517.0,63.75,59.444999999999965,55.17,0.014495423050187405,0.013516555658327682,0.012544509642021006,103/100,0.2117,0.247619,0.15350750568160215,0.05819249431839785,0.37908566138191246,4348.8701171875,-13000.0,-6625.0,-7055.500000000004,-7483.0,-0.015063871012939852,-0.016042738404799573,-0.017014784421106252,6.0
1M 98/95 short put spread,short_put_spread,2022-02-18,2022-03-18,28,4348.8701171875,0.98,0.95,4260.0,4130.0,0.9795647800939675,0.9496719581662173,SPXW  220318P04260000,SPXW  220318P04130000,86.5,87.3,54.7,55.5,3180.0,3137.0,3097.0,31.8,31.37,30.97,0.007312244133095814,0.007213367875950179,0.007121389962326332,98/95,0.266627,0.294873,0.2237159462134066,0.042911053786593406,0.19181043869648784,4463.1201171875,0.0,3180.0,3137.0,3097.0,0.007312244133095814,0.007213367875950179,0.007121389962326332,1.0
1M 99/96 short put spread,short_put_spread,2022-02-18,2022-03-18,28,4348.8701171875,0.99,0.96,4305.0,4175.0,0.9899122953766503,0.9600194734489,SPXW  220318P04305000,SPXW  220318P04175000,100.8,101.7,64.2,65.1,3659.999999999999,3612.0,3567.000000000001,36.599999999999994,36.12,35.67000000000001,0.008415979096581972,0.008305605600233358,0.008202130447406532,99/96,0.255971,0.285417,0.2237159462134066,0.03225505378659341,0.14417860833140939,4463.1201171875,0.0,3659.999999999999,3612.0,3567.000000000001,0.008415979096581972,0.008305605600233358,0.008202130447406532,2.0
1M 100/97 short put spread,short_put_spread,2022-02-18,2022-03-18,28,4348.8701171875,1.0,0.97,4350.0,4220.0,1.000259810659333,0.9703669887315828,SPXW  220318P04350000,SPXW  220318P04220000,117.3,118.2,75.3,76.1,4205.000000000001,4159.500000000001,4117.000000000001,42.05000000000001,41.595000000000006,41.17000000000001,0.009669178169706888,0.009564553292959762,0.009466826759734424,100/97,0.244865,0.275672,0.2237159462134066,0.021149053786593403,0.09453529864348131,4463.1201171875,0.0,4205.000000000001,4159.500000000001,4117.000000000001,0.009669178169706888,0.009564553292959762,0.009466826759734424,3.0
1M 101/98 short put spread,short_put_spread,2022-02-18,2022-03-18,28,4348.8701171875,1.01,0.98,4390.0,4260.0,1.0094576020217176,0.9795647800939675,SPXW  220318P04390000,SPXW  220318P04260000,133.9,134.9,86.5,87.3,4750.0,4702.0,4656.999999999998,47.5,47.02,46.56999999999998,0.010922377242831797,0.010812003746483181,0.01070852859365635,101/98,0.234451,0.266627,0.2237159462134066,0.010735053786593396,0.04798519715869087,4463.1201171875,0.0,4750.0,4702.0,4656.999999999998,0.010922377242831797,0.010812003746483181,0.01070852859365635,4.0
1M 102/99 short put spread,short_put_spread,2022-02-18,2022-03-18,28,4348.8701171875,1.02,0.99,4435.0,4305.0,1.0198051173044005,0.9899122953766503,SPXW  220318P04435000,SPXW  220318P04305000,155.3,156.4,100.8,101.7,5460.000000000002,5407.000000000002,5357.000000000002,54.600000000000016,54.07000000000002,53.57000000000002,0.012554985209655081,0.012433114474103484,0.012318142082073675,102/99,0.222486,0.255971,0.2237159462134066,-0.0012299462134066075,-0.0054978030588545,4463.1201171875,0.0,5460.000000000002,5407.000000000002,5357.000000000002,0.012554985209655081,0.012433114474103484,0.012318142082073675,5.0
1M 103/100 short put spread,short_put_spread,2022-02-18,2022-03-18,28,4348.8701171875,1.03,1.0,4480.0,4350.0,1.0301526325870831,1.000259810659333,SPXW  220318P04480000,SPXW  220318P04350000,179.9,181.0,117.3,118.2,6270.0,6217.0,6166.999999999996,62.7,62.17,61.669999999999966,0.014417537960537971,0.014295667224986375,0.014180694832956559,103/100,0.210112,0.244865,0.2237159462134066,-0.013603946213406604,-0.06080901448316767,4463.1201171875,-1687.98828125,4582.01171875,4529.01171875,4479.011718749996,0.010536096952266023,0.010414226216714426,0.010299253824684608,6.0
1M 98/95 short put spread,short_put_spread,2022-03-18,2022-04-14,27,4463.1201171875,0.98,0.95,4375.0,4240.0,0.9802559386989947,0.9500080411619971,SPXW  220414P04375000,SPXW  220414P04240000,66.9,67.6,40.0,40.6,2695.0000000000005,2659.5000000000005,2627.0000000000014,26.950000000000003,26.595000000000006,26.270000000000014,0.006038376582385809,0.005958835814788519,0.005886016802199453,98/95,0.219232,0.254399,0.2611452971678253,-0.0419132971678253,-0.16049799717775382,4392.58984375,0.0,2695.0000000000005,2659.5000000000005,2627.0000000000014,0.006038376582385809,0.005958835814788519,0.005886016802199453,1.0
1M 99/96 short put spread,short_put_spread,2022-03-18,2022-04-14,27,4463.1201171875,0.99,0.96,4420.0,4285.0,0.9903385712113272,0.9600906736743297,SPXW  220414P04420000,SPXW  220414P04285000,80.1,80.8,47.4,48.0,3274.999999999999,3239.499999999999,3206.999999999999,32.74999999999999,32.39499999999999,32.06999999999999,0.00733791588397533,0.00725837511637804,0.007185556103788971,99/96,0.207694,0.242909,0.2611452971678253,-0.05345129716782532,-0.2046802977021439,4392.58984375,-2741.015625,533.9843749999991,498.4843749999991,465.9843749999991,0.0011964373823227887,0.001116896614725499,0.0010440776021364308,2.0
1M 100/97 short put spread,short_put_spread,2022-03-18,2022-04-14,27,4463.1201171875,1.0,0.97,4465.0,4330.0,1.0004212037236597,0.9701733061866622,SPXW  220414P04465000,SPXW  220414P04330000,96.2,97.0,56.2,56.8,4010.0,3972.0,3936.999999999998,40.1,39.72,39.36999999999998,0.008984745860989643,0.0088996036308855,0.008821183155789577,100/97,0.196403,0.231016,0.2611452971678253,-0.06474229716782531,-0.24791676461329726,4392.58984375,-7241.015625,-3231.015625,-3269.015625,-3304.015625000002,-0.007239365152995415,-0.0073245073830995565,-0.00740292785819548,3.0
1M 101/98 short put spread,short_put_spread,2022-03-18,2022-04-14,27,4463.1201171875,1.01,0.98,4510.0,4375.0,1.0105038362359922,0.9802559386989947,SPXW  220414P04510000,SPXW  220414P04375000,116.1,116.9,66.9,67.6,4925.0,4884.5,4847.000000000001,49.25,48.845,48.470000000000006,0.011034881138497255,0.010944137445886262,0.010860115508283493,101/98,0.185941,0.219232,0.2611452971678253,-0.07520429716782531,-0.28797875352698843,4392.58984375,-11741.015625,-6816.015625,-6856.515625,-6894.015624999999,-0.01527186238782032,-0.015362606080431312,-0.015446628018034082,4.0
1M 102/99 short put spread,short_put_spread,2022-03-18,2022-04-14,27,4463.1201171875,1.02,0.99,4550.0,4420.0,1.0194661762469546,0.9903385712113272,SPXW  220414P04550000,SPXW  220414P04420000,132.2,144.9,80.1,80.8,5810.000000000003,5472.000000000002,5137.0,58.10000000000003,54.72000000000002,51.37,0.013017798865922655,0.012260481134996344,0.011509885159078253,102/99,0.179244,0.207694,0.2611452971678253,-0.08190129716782532,-0.3136234810891171,4392.58984375,-13000.0,-7189.999999999997,-7527.999999999998,-7863.0,-0.016109806169704616,-0.016867123900630925,-0.017617719876549018,5.0
1M 103/100 short put spread,short_put_spread,2022-03-18,2022-04-14,27,4463.1201171875,1.03,1.0,4595.0,4465.0,1.029548808759287,1.0004212037236597,SPXW  220414P04595000,SPXW  220414P04465000,158.9,173.5,96.2,97.0,6960.0,6571.999999999998,6186.999999999998,69.6,65.71999999999998,61.86999999999998,0.015594471619074292,0.014725124638010952,0.013862499411955836,103/100,0.169718,0.196403,0.2611452971678253,-0.0914272971678253,-0.3501012584158062,4392.58984375,-13000.0,-6040.0,-6428.000000000002,-6813.000000000002,-0.013533133416552979,-0.014402480397616319,-0.015265105623671435,6.0
1M 98/95 short put spread,short_put_spread,2022-04-14,2022-05-20,36,4392.58984375,0.98,0.95,4305.0,4175.0,0.9800596352344102,0.9504643384677498,SPXW  220520P04305000,SPXW  220520P04175000,80.5,81.2,49.2,49.7,3139.999999999999,3107.0,3077.0,31.39999999999999,31.07,30.77,0.0071484024497933734,0.0070732759272318525,0.007004979088539559,98/95,0.215461,0.239839,0.16679562410194682,0.0486653758980532,0.291766502629041,3901.360107421875,-13000.0,-9860.0,-9893.0,-9923.0,-0.022446894316867097,-0.022522020839428617,-0.022590317678120912,1.0
1M 99/96 short put spread,short_put_spread,2022-04-14,2022-05-20,36,4392.58984375,0.99,0.96,4350.0,4215.0,0.9903041610382542,0.9595705836267222,SPXW  220520P04350000,SPXW  220520P04215000,94.8,95.5,57.4,57.9,3750.0,3717.0,3687.000000000002,37.5,37.17,36.87000000000002,0.008537104836536675,0.008461978313975152,0.008393681475282862,99/96,0.205867,0.232611,0.16679562410194682,0.03907137589805318,0.23424700802805498,3901.360107421875,-13500.0,-9750.0,-9783.0,-9812.999999999998,-0.022196472574995355,-0.022271599097556875,-0.022339895936249167,2.0
1M 100/97 short put spread,short_put_spread,2022-04-14,2022-05-20,36,4392.58984375,1.0,0.97,4395.0,4260.0,1.0005486868420983,0.9698151094305663,SPXW  220520P04395000,SPXW  220520P04260000,111.2,112.0,68.1,68.7,4319.999999999999,4281.999999999999,4246.999999999996,43.19999999999999,42.81999999999999,42.46999999999996,0.009834744771690248,0.009748235442680008,0.009668555797538994,100/97,0.195467,0.224296,0.16679562410194682,0.028671375898053186,0.17189525236302972,3901.360107421875,-13500.0,-9180.0,-9218.0,-9253.000000000004,-0.02089883263984178,-0.020985341968852017,-0.021065021613993033,3.0
1M 101/98 short put spread,short_put_spread,2022-04-14,2022-05-20,36,4392.58984375,1.01,0.98,4435.0,4305.0,1.0096549320010706,0.9800596352344102,SPXW  220520P04435000,SPXW  220520P04305000,128.0,128.8,80.5,81.2,4755.000000000001,4714.499999999999,4677.000000000001,47.55000000000001,47.14499999999999,46.77000000000001,0.010825048932728506,0.010732848200493904,0.010647477152128543,101/98,0.185639,0.215461,0.16679562410194682,0.018843375898053183,0.11297284325958068,3901.360107421875,-13000.0,-8245.0,-8285.5,-8323.0,-0.01877024783393197,-0.018862448566166565,-0.01894781961453193,4.0
1M 102/99 short put spread,short_put_spread,2022-04-14,2022-05-20,36,4392.58984375,1.02,0.99,4480.0,4350.0,1.0198994578049148,0.9903041610382542,SPXW  220520P04480000,SPXW  220520P04350000,150.1,150.9,94.8,95.5,5535.0,5494.500000000002,5457.0,55.35,54.94500000000002,54.57,0.012600766738728132,0.012508566006493539,0.012423194958128169,102/99,0.174545,0.205867,0.16679562410194682,0.00774937589805319,0.04646030697613934,3901.360107421875,-13000.0,-7465.0,-7505.499999999998,-7543.0,-0.01699453002793234,-0.01708673076016693,-0.017172101808532302,5.0
1M 103/100 short put spread,short_put_spread,2022-04-14,2022-05-20,36,4392.58984375,1.03,1.0,4525.0,4395.0,1.0301439836087587,1.0005486868420983,SPXW  220520P04525000,SPXW  220520P04395000,174.0,179.0,111.2,112.0,6490.0,6342.0,6197.0,64.9,63.42,61.97,0.014774882770432804,0.014437951699550824,0.014107850312538072,103/100,0.163641,0.195467,0.16679562410194682,-0.003154624101946807,-0.018913110694191104,3901.360107421875,-13000.0,-6510.0,-6658.0,-6803.0,-0.014820413996227667,-0.015157345067109647,-0.0154874464541224,6.0
1M 98/95 short put spread,short_put_spread,2022-05-20,2022-06-17,28,3901.360107421875,0.98,0.95,3825.0,3705.0,0.9804273111634558,0.949668807283818,SPXW  220617P03825000,SPXW  220617P03705000,87.5,88.4,53.3,54.0,3430.0,3387.0,3347.0,34.3,33.87,33.47,0.008791805692263146,0.008681587720027778,0.008579059373762318,98/95,0.28294,0.303434,0.3414754075613532,-0.05853540756135317,-0.17141910153760065,3674.840087890625,-12000.0,-8570.0,-8613.0,-8653.0,-0.02196669818737468,-0.022076916159610053,-0.02217944450587551,1.0
1M 99/96 short put spread,short_put_spread,2022-05-20,2022-06-17,28,3901.360107421875,0.99,0.96,3860.0,3745.0,0.9893985414616835,0.9599216419103639,SPXW  220617P03860000,SPXW  220617P03745000,100.4,101.3,63.2,63.9,3730.0,3687.000000000001,3647.000000000001,37.3,36.87000000000001,36.470000000000006,0.009560768289254092,0.009450550317018726,0.009348021970753266,99/96,0.27675,0.29678,0.3414754075613532,-0.0647254075613532,-0.18954632201361066,3674.840087890625,-11500.0,-7770.0,-7812.999999999999,-7852.999999999999,-0.019916131262065494,-0.020026349234300862,-0.02012887758056632,2.0
1M 100/97 short put spread,short_put_spread,2022-05-20,2022-06-17,28,3901.360107421875,1.0,0.97,3900.0,3785.0,0.9996513760882294,0.9701744765369099,SPXW  220617P03900000,SPXW  220617P03785000,116.9,117.9,74.5,75.3,4249.999999999999,4201.999999999999,4156.999999999999,42.49999999999999,42.01999999999999,41.56999999999999,0.010893636790705062,0.010770602775186511,0.01065525838563787,100/97,0.26947,0.289871,0.3414754075613532,-0.07200540756135321,-0.21086557323580013,3674.840087890625,-11500.0,-7250.000000000001,-7298.000000000001,-7343.000000000001,-0.018583262760614522,-0.018706296776133075,-0.01882164116568172,3.0
1M 101/98 short put spread,short_put_spread,2022-05-20,2022-06-17,28,3901.360107421875,1.01,0.98,3940.0,3825.0,1.0099042107147753,0.9804273111634558,SPXW  220617P03940000,SPXW  220617P03825000,135.7,136.6,87.5,88.4,4819.999999999998,4771.999999999996,4726.999999999998,48.19999999999998,47.71999999999996,47.26999999999998,0.012354665724987857,0.0122316317094693,0.012116287319920663,101/98,0.262275,0.28294,0.3414754075613532,-0.07920040756135321,-0.23193590462915903,3674.840087890625,-11500.0,-6680.000000000002,-6728.000000000004,-6773.000000000002,-0.01712223382633173,-0.017245267841850286,-0.017360612231398922,4.0
1M 102/99 short put spread,short_put_spread,2022-05-20,2022-06-17,28,3901.360107421875,1.02,0.99,3980.0,3860.0,1.0201570453413213,0.9893985414616835,SPXW  220617P03980000,SPXW  220617P03860000,156.6,158.0,100.4,101.3,5645.000000000002,5584.500000000004,5527.000000000004,56.45000000000002,55.845000000000034,55.27000000000004,0.014469312866712967,0.014314238742986464,0.014166854245229865,102/99,0.255352,0.27675,0.3414754075613532,-0.08612340756135317,-0.25220969257026016,3674.840087890625,-12000.0,-6354.999999999998,-6415.499999999996,-6472.999999999996,-0.016289191012924864,-0.016444265136651363,-0.016591649634407964,5.0
1M 103/100 short put spread,short_put_spread,2022-05-20,2022-06-17,28,3901.360107421875,1.03,1.0,4020.0,3900.0,1.0304098799678674,0.9996513760882294,SPXW  220617P04020000,SPXW  220617P03900000,178.8,183.0,116.9,117.9,6350.0,6217.000000000004,6087.0,63.5,62.17000000000004,60.87,0.016276374969641686,0.015935468218309042,0.015602251092946289,103/100,0.248652,0.26947,0.3414754075613532,-0.09282340756135318,-0.27183043201925317,3674.840087890625,-12000.0,-5650.0,-5782.999999999996,-5913.0,-0.014482128909996145,-0.014823035661328789,-0.01515625278669154,6.0
1M 98/95 short put spread,short_put_spread,2022-06-17,2022-07-15,28,3674.840087890625,0.98,0.95,3600.0,3490.0,0.9796344640581126,0.9497011887674481,SPXW  220715P03600000,SPXW  220715P03490000,82.2,82.8,51.3,51.9,3090.000000000001,3057.000000000001,3027.000000000001,30.90000000000001,30.570000000000007,30.27000000000001,0.008408529149832136,0.008318729323960142,0.008237093118621966,98/95,0.290948,0.311136,0.28759249964042083,0.0033555003595791555,0.011667551705188961,3863.159912109375,0.0,3090.000000000001,3057.000000000001,3027.000000000001,0.008408529149832136,0.008318729323960142,0.008237093118621966,1.0
1M 99/96 short put spread,short_put_spread,2022-06-17,2022-07-15,28,3674.840087890625,0.99,0.96,3640.0,3530.0,0.9905192914365362,0.9605860161458716,SPXW  220715P03640000,SPXW  220715P03530000,97.0,97.7,61.0,61.6,3605.0,3569.5,3537.000000000001,36.05,35.695,35.37000000000001,0.009809950674804157,0.009713347831820648,0.00962490860937096,99/96,0.28417,0.30351,0.28759249964042083,-0.0034224996404208508,-0.011900517728035465,3863.159912109375,0.0,3605.0,3569.5,3537.000000000001,0.009809950674804157,0.009713347831820648,0.00962490860937096,2.0
1M 100/97 short put spread,short_put_spread,2022-06-17,2022-07-15,28,3674.840087890625,1.0,0.97,3675.0,3565.0,1.0000435153926566,0.9701102401019921,SPXW  220715P03675000,SPXW  220715P03565000,111.8,112.5,70.9,71.5,4095.0,4059.500000000001,4027.000000000002,40.95,40.595000000000006,40.27000000000002,0.01114334202866103,0.011046739185677525,0.010958299963227837,100/97,0.278478,0.29716,0.28759249964042083,-0.009114499640420826,-0.03169241079588914,3863.159912109375,0.0,4095.0,4059.500000000001,4027.000000000002,0.01114334202866103,0.011046739185677525,0.010958299963227837,3.0
1M 101/98 short put spread,short_put_spread,2022-06-17,2022-07-15,28,3674.840087890625,1.01,0.98,3710.0,3600.0,1.0095677393487772,0.9796344640581126,SPXW  220715P03710000,SPXW  220715P03600000,128.4,129.1,82.2,82.8,4625.0,4589.499999999998,4557.0,46.25,45.89499999999998,45.57,0.012585581656302141,0.012488978813318629,0.012400539590868943,101/98,0.273046,0.290948,0.28759249964042083,-0.014546499640420818,-0.05058024690702445,3863.159912109375,0.0,4625.0,4589.499999999998,4557.0,0.012585581656302141,0.012488978813318629,0.012400539590868943,4.0
1M 102/99 short put spread,short_put_spread,2022-06-17,2022-07-15,28,3674.840087890625,1.02,0.99,3750.0,3640.0,1.0204525667272006,0.9905192914365362,SPXW  220715P03750000,SPXW  220715P03640000,149.3,150.4,97.0,97.7,5250.000000000002,5202.000000000002,5157.000000000004,52.50000000000002,52.02000000000002,51.570000000000036,0.014286335934180815,0.014155718005639733,0.014033263697632473,102/99,0.266757,0.28417,0.28759249964042083,-0.020835499640420807,-0.07244799383318967,3863.159912109375,0.0,5250.000000000002,5202.000000000002,5157.000000000004,0.014286335934180815,0.014155718005639733,0.014033263697632473,5.0
1M 103/100 short put spread,short_put_spread,2022-06-17,2022-07-15,28,3674.840087890625,1.03,1.0,3785.0,3675.0,1.0299767906833213,1.0000435153926566,SPXW  220715P03785000,SPXW  220715P03675000,170.0,171.1,111.8,112.5,5840.0,5792.0,5747.0,58.4,57.92,57.47,0.015891847972498273,0.01576123004395719,0.015638775735949927,103/100,0.262046,0.278478,0.28759249964042083,-0.025546499640420828,-0.08882881046050162,3863.159912109375,0.0,5840.0,5792.0,5747.0,0.015891847972498273,0.01576123004395719,0.015638775735949927,6.0
1M 98/95 short put spread,short_put_spread,2022-07-15,2022-08-19,35,3863.159912109375,0.98,0.95,3785.0,3670.0,0.979767880727801,0.9499995039025176,SPXW  220819P03785000,SPXW  220819P03670000,78.0,78.5,47.4,47.9,3060.0,3032.0,3007.0,30.6,30.32,30.07,0.00792097679003189,0.007848497263848593,0.007783783401184933,98/95,0.238533,0.258141,0.23263590560016276,0.005897094399837238,0.025349029353932684,4228.47998046875,0.0,3060.0,3032.0,3007.0,0.00792097679003189,0.007848497263848593,0.007783783401184933,1.0
1M 99/96 short put spread,short_put_spread,2022-07-15,2022-08-19,35,3863.159912109375,0.99,0.96,3825.0,3710.0,0.9901220987539864,0.9603537219287032,SPXW  220819P03825000,SPXW  220819P03710000,91.7,92.2,56.7,57.2,3500.0,3472.0,3447.0,35.0,34.72,34.47,0.009059940772912294,0.008987461246728995,0.008922747384065337,99/96,0.230711,0.251757,0.23263590560016276,-0.0019249056001627574,-0.008274327194664144,4228.47998046875,0.0,3500.0,3472.0,3447.0,0.009059940772912294,0.008987461246728995,0.008922747384065337,2.0
1M 100/97 short put spread,short_put_spread,2022-07-15,2022-08-19,35,3863.159912109375,1.0,0.97,3865.0,3745.0,1.0004763167801718,0.9694136627016154,SPXW  220819P03865000,SPXW  220819P03745000,107.5,108.0,66.0,66.5,4150.0,4122.0,4097.0,41.5,41.22,40.97,0.010742501202167434,0.010670021675984135,0.010605307813320477,100/97,0.222804,0.245865,0.23263590560016276,-0.009831905600162755,-0.042263061563080906,4228.47998046875,0.0,4150.0,4122.0,4097.0,0.010742501202167434,0.010670021675984135,0.010605307813320477,3.0
1M 101/98 short put spread,short_put_spread,2022-07-15,2022-08-19,35,3863.159912109375,1.01,0.98,3900.0,3785.0,1.0095362575530842,0.979767880727801,SPXW  220819P03900000,SPXW  220819P03785000,123.2,123.8,78.0,78.5,4525.0,4494.5,4467.0,45.25,44.945,44.67,0.011713209142122323,0.011634258229672659,0.011563072980742634,101/98,0.215879,0.238533,0.23263590560016276,-0.01675690560016277,-0.07203060747193213,4228.47998046875,0.0,4525.0,4494.5,4467.0,0.011713209142122323,0.011634258229672659,0.011563072980742634,4.0
1M 102/99 short put spread,short_put_spread,2022-07-15,2022-08-19,35,3863.159912109375,1.02,0.99,3940.0,3825.0,1.0198904755792697,0.9901220987539864,SPXW  220819P03940000,SPXW  220819P03825000,143.6,144.2,91.7,92.2,5194.999999999998,5164.499999999996,5136.999999999996,51.94999999999998,51.64499999999996,51.36999999999996,0.013447540661508385,0.013368589749058716,0.01329740450012869,102/99,0.208,0.230711,0.23263590560016276,-0.024635905600162766,-0.10589898208793758,4228.47998046875,0.0,5194.999999999998,5164.499999999996,5136.999999999996,0.013447540661508385,0.013368589749058716,0.01329740450012869,5.0
1M 103/100 short put spread,short_put_spread,2022-07-15,2022-08-19,35,3863.159912109375,1.03,1.0,3980.0,3865.0,1.0302446936054552,1.0004763167801718,SPXW  220819P03980000,SPXW  220819P03865000,165.6,168.7,107.5,108.0,5939.999999999996,5846.999999999996,5756.999999999996,59.39999999999996,58.46999999999996,57.569999999999965,0.015376013768885427,0.015135278199776614,0.014902308294187441,103/100,0.20049,0.222804,0.23263590560016276,-0.032145905600162755,-0.13818118710966631,4228.47998046875,0.0,5939.999999999996,5846.999999999996,5756.999999999996,0.015376013768885427,0.015135278199776614,0.014902308294187441,6.0
1M 98/95 short put spread,short_put_spread,2022-08-19,2022-09-16,28,4228.47998046875,0.98,0.95,4145.0,4015.0,0.9802576857749494,0.9495137776565553,SPXW  220916P04145000,SPXW  220916P04015000,54.4,54.8,26.8,27.1,2764.9999999999986,2744.499999999999,2726.999999999999,27.649999999999988,27.44499999999999,27.269999999999992,0.0065389927651815045,0.006490511986994807,0.00644912595683543,98/95,0.197064,0.219386,0.17348380101162372,0.023580198988376266,0.13592161833482286,3873.330078125,-13000.0,-10235.000000000002,-10255.5,-10273.0,-0.024204915353212567,-0.02425339613139926,-0.024294782161558635,1.0
1M 99/96 short put spread,short_put_spread,2022-08-19,2022-09-16,28,4228.47998046875,0.99,0.96,4185.0,4060.0,0.9897173498113783,0.9601558996975379,SPXW  220916P04185000,SPXW  220916P04060000,67.1,67.5,34.3,34.7,3280.0,3256.999999999999,3236.9999999999986,32.8,32.56999999999999,32.36999999999998,0.007756924509871734,0.007702531441662266,0.00765523312148012,99/96,0.190044,0.211611,0.17348380101162372,0.016560198988376268,0.09545674519355685,3873.330078125,-12500.0,-9220.0,-9243.0,-9263.000000000002,-0.021804525603968717,-0.021858918672178183,-0.021906216992360332,2.0
1M 100/97 short put spread,short_put_spread,2022-08-19,2022-09-16,28,4228.47998046875,1.0,0.97,4230.0,4100.0,1.000359471852361,0.9696155637339668,SPXW  220916P04230000,SPXW  220916P04100000,84.3,84.8,42.7,43.1,4164.999999999999,4139.499999999999,4116.999999999999,41.64999999999999,41.39499999999999,41.16999999999999,0.009849875177931636,0.009789569819699402,0.00973635920949449,100/97,0.181846,0.204779,0.17348380101162372,0.008362198988376285,0.04820161271320078,3873.330078125,-13000.0,-8835.0,-8860.5,-8883.0,-0.02089403294046243,-0.020954338298694666,-0.021007548908899578,3.0
1M 101/98 short put spread,short_put_spread,2022-08-19,2022-09-16,28,4228.47998046875,1.01,0.98,4270.0,4145.0,1.0098191358887898,0.9802576857749494,SPXW  220916P04270000,SPXW  220916P04145000,102.8,103.3,54.4,54.8,4845.000000000001,4819.5,4797.0,48.45000000000001,48.195,47.97,0.011458018064124562,0.011397712705892325,0.011344502095687412,101/98,0.174658,0.197064,0.17348380101162372,0.0011741989883762849,0.0067683494454771065,3873.330078125,-12500.0,-7654.999999999999,-7680.5,-7703.0,-0.01810343204971589,-0.018163737407948126,-0.01821694801815304,4.0
1M 102/99 short put spread,short_put_spread,2022-08-19,2022-09-16,28,4228.47998046875,1.02,0.99,4315.0,4185.0,1.0204612579297725,0.9897173498113783,SPXW  220916P04315000,SPXW  220916P04185000,127.5,128.0,67.1,67.5,6045.0,6019.499999999999,5997.0,60.45,60.19499999999999,59.97,0.014295917275053242,0.014235611916821005,0.014182401306616094,102/99,0.166625,0.190044,0.17348380101162372,-0.0068588010116237275,-0.03953568558925091,3873.330078125,-13000.0,-6955.0,-6980.500000000001,-7003.0,-0.016447990843340827,-0.016508296201573062,-0.016561506811777975,5.0
1M 103/100 short put spread,short_put_spread,2022-08-19,2022-09-16,28,4228.47998046875,1.03,1.0,4355.0,4230.0,1.0299209219662013,1.000359471852361,SPXW  220916P04355000,SPXW  220916P04230000,152.4,154.8,84.3,84.8,6905.000000000002,6829.500000000004,6757.000000000004,69.05000000000001,68.29500000000003,67.57000000000004,0.01632974504288547,0.01615119388419788,0.015979737473537602,103/100,0.160237,0.181846,0.17348380101162372,-0.013246801011623732,-0.07635756730241439,3873.330078125,-12500.0,-5594.999999999998,-5670.499999999996,-5742.999999999996,-0.013231705070954981,-0.013410256229642575,-0.013581712640302848,6.0
1M 98/95 short put spread,short_put_spread,2022-09-16,2022-10-21,35,3873.330078125,0.98,0.95,3795.0,3680.0,0.979777071268112,0.9500868569872601,SPXW  221021P03795000,SPXW  221021P03680000,82.6,83.1,50.0,50.5,3260.0,3232.0,3207.0,32.6,32.32,32.07,0.00841653030918062,0.008344241091801154,0.008279697147712347,98/95,0.257496,0.271799,0.24583074547105196,0.011665254528948038,0.04745238235598026,3752.75,-4225.0,-965.0,-993.0,-1018.0,-0.0024913962418280054,-0.002563685459207471,-0.0026282294032962793,1.0
1M 99/96 short put spread,short_put_spread,2022-09-16,2022-10-21,35,3873.330078125,0.99,0.96,3835.0,3720.0,0.9901041023223214,0.9604138880414694,SPXW  221021P03835000,SPXW  221021P03720000,97.1,97.7,59.9,60.4,3725.0,3694.5,3667.0,37.25,36.945,36.67,0.009617047669232456,0.00953830405744411,0.00946730571894642,99/96,0.252126,0.266987,0.24583074547105196,0.006295254528948052,0.02560808460668862,3752.75,-8225.0,-4500.0,-4530.5,-4558.0,-0.011617909935985517,-0.011696653547773864,-0.011767651886271553,2.0
1M 100/97 short put spread,short_put_spread,2022-09-16,2022-10-21,35,3873.330078125,1.0,0.97,3875.0,3755.0,1.0004311333765308,0.9694500402139027,SPXW  221021P03875000,SPXW  221021P03755000,113.4,114.0,69.8,70.3,4365.0,4334.500000000002,4307.0,43.65,43.34500000000002,43.07,0.011269372637905952,0.01119062902611761,0.011119630687619916,100/97,0.24628,0.262675,0.24583074547105196,0.0004492545289480343,0.001827495287813452,3752.75,-12000.0,-7635.0,-7665.499999999998,-7693.0,-0.019711720524722094,-0.019790464136510436,-0.01986146247500813,3.0
1M 101/98 short put spread,short_put_spread,2022-09-16,2022-10-21,35,3873.330078125,1.01,0.98,3910.0,3795.0,1.009467285548964,0.979777071268112,SPXW  221021P03910000,SPXW  221021P03795000,129.2,129.8,82.6,83.1,4665.0,4634.5,4606.999999999998,46.65,46.345,46.06999999999998,0.012043899966971654,0.011965156355183307,0.011894158016685613,101/98,0.240782,0.257496,0.24583074547105196,-0.005048745471051969,-0.020537485908761144,3752.75,-11500.0,-6835.0,-6865.5,-6893.000000000002,-0.017646314313880227,-0.017725057925668572,-0.017796056264166266,4.0
1M 102/99 short put spread,short_put_spread,2022-09-16,2022-10-21,35,3873.330078125,1.02,0.99,3950.0,3835.0,1.0197943166031733,0.9901041023223214,SPXW  221021P03950000,SPXW  221021P03835000,149.2,149.9,97.1,97.7,5215.000000000002,5179.499999999998,5146.999999999996,52.15000000000002,51.79499999999998,51.46999999999996,0.013463866736925444,0.013372214336319327,0.01328830720900387,102/99,0.234322,0.252126,0.24583074547105196,-0.011508745471051962,-0.04681572863882144,3752.75,-11500.0,-6284.999999999998,-6320.500000000002,-6353.000000000004,-0.016226347543926434,-0.016317999944532553,-0.016401907071848007,5.0
1M 103/100 short put spread,short_put_spread,2022-09-16,2022-10-21,35,3873.330078125,1.03,1.0,3990.0,3875.0,1.0301213476573825,1.0004311333765308,SPXW  221021P03990000,SPXW  221021P03875000,171.5,172.2,113.4,114.0,5815.0,5779.5,5747.0,58.15,57.795,57.47,0.015012921395056842,0.014921268994450733,0.014837361867135282,103/100,0.227729,0.24628,0.24583074547105196,-0.018101745471051978,-0.0736349940133244,3752.75,-11500.0,-5685.0,-5720.5,-5753.0,-0.014677292885795038,-0.014768945286401146,-0.014852852413716597,6.0
1M 98/95 short put spread,short_put_spread,2022-10-21,2022-11-18,28,3752.75,0.98,0.95,3680.0,3565.0,0.980614216241423,0.9499700219838785,SPXW  221118P03680000,SPXW  221118P03565000,82.8,83.3,48.6,49.1,3420.0,3392.0,3367.0,34.2,33.92,33.67,0.00911331690093931,0.00903870494970355,0.008972087136100194,98/95,0.289959,0.303358,0.2920497145512619,-0.002090714551261863,-0.007158762522587181,3965.340087890625,0.0,3420.0,3392.0,3367.0,0.00911331690093931,0.00903870494970355,0.008972087136100194,1.0
1M 99/96 short put spread,short_put_spread,2022-10-21,2022-11-18,28,3752.75,0.99,0.96,3715.0,3605.0,0.989940710145893,0.9606288721604157,SPXW  221118P03715000,SPXW  221118P03605000,96.2,96.8,58.9,59.4,3735.0,3704.5,3677.0,37.35,37.045,36.77,0.009952701352341616,0.009871427619745519,0.009798148024781827,99/96,0.285892,0.298739,0.2920497145512619,-0.006157714551261906,-0.021084473788044344,3965.340087890625,0.0,3735.0,3704.5,3677.0,0.009952701352341616,0.009871427619745519,0.009798148024781827,2.0
1M 100/97 short put spread,short_put_spread,2022-10-21,2022-11-18,28,3752.75,1.0,0.97,3755.0,3640.0,1.0005995603224302,0.9699553660648857,SPXW  221118P03755000,SPXW  221118P03640000,113.6,114.3,69.2,69.8,4444.999999999998,4409.499999999999,4377.0,44.44999999999998,44.09499999999999,43.77,0.011844647258676965,0.011750049963360201,0.011663446805675838,100/97,0.281612,0.294613,0.2920497145512619,-0.010437714551261912,-0.03573951293634914,3965.340087890625,0.0,4444.999999999998,4409.499999999999,4377.0,0.011844647258676965,0.011750049963360201,0.011663446805675838,3.0
1M 101/98 short put spread,short_put_spread,2022-10-21,2022-11-18,28,3752.75,1.01,0.98,3790.0,3680.0,1.0099260542269002,0.980614216241423,SPXW  221118P03790000,SPXW  221118P03680000,130.7,131.4,82.8,83.3,4800.000000000002,4767.0,4736.999999999998,48.00000000000002,47.67,47.36999999999998,0.012790620211844652,0.012702684697888215,0.012622743321564182,101/98,0.278051,0.289959,0.2920497145512619,-0.013998714551261893,-0.04793264247072149,3965.340087890625,0.0,4800.000000000002,4767.0,4736.999999999998,0.012790620211844652,0.012702684697888215,0.012622743321564182,4.0
1M 102/99 short put spread,short_put_spread,2022-10-21,2022-11-18,28,3752.75,1.02,0.99,3830.0,3715.0,1.0205849044034374,0.989940710145893,SPXW  221118P03830000,SPXW  221118P03715000,152.4,153.1,96.2,96.8,5625.0,5589.499999999998,5557.0,56.25,55.89499999999998,55.57,0.014989008060755446,0.014894410765438673,0.014807807607754313,102/99,0.274242,0.285892,0.2920497145512619,-0.0178077145512619,-0.060974942497799334,3965.340087890625,0.0,5625.0,5589.499999999998,5557.0,0.014989008060755446,0.014894410765438673,0.014807807607754313,5.0
1M 103/100 short put spread,short_put_spread,2022-10-21,2022-11-18,28,3752.75,1.03,1.0,3865.0,3755.0,1.0299113983079076,1.0005995603224302,SPXW  221118P03865000,SPXW  221118P03755000,173.2,174.0,113.6,114.3,5965.000000000002,5924.499999999998,5887.000000000002,59.65000000000002,59.24499999999998,58.87000000000002,0.015895010325761114,0.015787089467723666,0.01568716274731864,103/100,0.271077,0.281612,0.2920497145512619,-0.020972714551261873,-0.07181213850349666,3965.340087890625,0.0,5965.000000000002,5924.499999999998,5887.000000000002,0.015895010325761114,0.015787089467723666,0.01568716274731864,6.0
1M 98/95 short put spread,short_put_spread,2022-11-18,2022-12-16,28,3965.340087890625,0.98,0.95,3885.0,3765.0,0.9797394205516021,0.9494771990673827,SPXW  221216P03885000,SPXW  221216P03765000,62.5,62.9,32.0,32.4,3049.9999999999995,3026.9999999999995,3006.9999999999995,30.499999999999996,30.269999999999996,30.069999999999997,0.007691647960572422,0.007633645369394335,0.007583208333587303,98/95,0.229669,0.244075,0.27872742239465015,-0.049058422394650136,-0.17600859640279065,3852.360107421875,-3263.9892578125,-213.98925781250045,-236.98925781250045,-256.98925781250045,-0.0005396491929304674,-0.0005976517841085546,-0.0006480888199155868,1.0
1M 99/96 short put spread,short_put_spread,2022-11-18,2022-12-16,28,3965.340087890625,0.99,0.96,3925.0,3805.0,0.9898268277130086,0.9595646062287893,SPXW  221216P03925000,SPXW  221216P03805000,76.7,77.1,40.4,40.7,3635.0000000000014,3614.500000000001,3597.0000000000014,36.350000000000016,36.14500000000001,35.97000000000001,0.009166931257928121,0.009115233296225912,0.00907110088989476,99/96,0.224623,0.239326,0.27872742239465015,-0.05410442239465016,-0.19411230488130338,3852.360107421875,-7263.9892578125,-3628.9892578124986,-3649.489257812499,-3666.9892578124986,-0.009151773056981225,-0.009203471018683435,-0.009247603425014586,2.0
1M 100/97 short put spread,short_put_spread,2022-11-18,2022-12-16,28,3965.340087890625,1.0,0.97,3965.0,3845.0,0.999914234874415,0.9696520133901957,SPXW  221216P03965000,SPXW  221216P03845000,93.2,93.7,50.5,50.9,4275.0,4249.5,4226.999999999999,42.75,42.495,42.26999999999999,0.01078091640375315,0.010716609183099185,0.01065986751781627,100/97,0.219407,0.234685,0.27872742239465015,-0.05932042239465016,-0.2128259282312681,3852.360107421875,-11263.9892578125,-6988.9892578125,-7014.4892578125,-7036.989257812501,-0.017625195072562654,-0.01768950229321662,-0.01774624395849953,3.0
1M 101/98 short put spread,short_put_spread,2022-11-18,2022-12-16,28,3965.340087890625,1.01,0.98,4005.0,3885.0,1.0100016420358215,0.9797394205516021,SPXW  221216P04005000,SPXW  221216P03885000,112.3,112.8,62.5,62.9,4985.0,4959.5,4936.999999999999,49.85,49.595,49.36999999999999,0.012571431174902796,0.012507123954248831,0.012450382288965917,101/98,0.214079,0.229669,0.27872742239465015,-0.06464842239465016,-0.23194137784948354,3852.360107421875,-12000.0,-7015.0,-7040.5,-7063.000000000001,-0.017690790309316574,-0.01775509752997054,-0.017811839195253455,4.0
1M 102/99 short put spread,short_put_spread,2022-11-18,2022-12-16,28,3965.340087890625,1.02,0.99,4045.0,3925.0,1.0200890491972279,0.9898268277130086,SPXW  221216P04045000,SPXW  221216P03925000,134.2,134.7,76.7,77.1,5754.999999999997,5729.499999999998,5706.999999999999,57.549999999999976,57.29499999999998,57.06999999999999,0.014513257053473533,0.01444894983281957,0.01439220816753666,102/99,0.208929,0.224623,0.27872742239465015,-0.06979842239465014,-0.2504182107199433,3852.360107421875,-12000.0,-6245.000000000003,-6270.500000000002,-6293.000000000001,-0.01574896443074584,-0.015813271651399802,-0.01587001331668271,5.0
1M 103/100 short put spread,short_put_spread,2022-11-18,2022-12-16,28,3965.340087890625,1.03,1.0,4085.0,3965.0,1.0301764563586344,0.999914234874415,SPXW  221216P04085000,SPXW  221216P03965000,157.6,160.8,93.2,93.7,6574.999999999998,6479.499999999998,6386.999999999996,65.74999999999999,64.79499999999999,63.86999999999996,0.01658117552156186,0.01634033867558328,0.016107067384975752,103/100,0.203982,0.219407,0.27872742239465015,-0.07474542239465015,-0.2681667334791986,3852.360107421875,-12000.0,-5425.000000000002,-5520.500000000002,-5613.000000000004,-0.013681045962657512,-0.01392188280863609,-0.01415515409924362,6.0
1M 98/95 short put spread,short_put_spread,2022-12-16,2023-01-20,35,3852.360107421875,0.98,0.95,3775.0,3660.0,0.9799187756947139,0.9500669454417623,SPXW  230120P03775000,SPXW  230120P03660000,66.4,67.2,36.0,36.6,3050.0000000000014,3012.0000000000014,2977.0000000000014,30.500000000000014,30.120000000000015,29.770000000000014,0.007917224545348022,0.007818583714946965,0.0077277303185249386,98/95,0.218166,0.231297,0.1978928750522701,0.020273124947729898,0.10244494624869693,3972.610107421875,0.0,3050.0000000000014,3012.0000000000014,2977.0000000000014,0.007917224545348022,0.007818583714946965,0.0077277303185249386,1.0
1M 99/96 short put spread,short_put_spread,2022-12-16,2023-01-20,35,3852.360107421875,0.99,0.96,3815.0,3700.0,0.9903020210000882,0.9604501907471368,SPXW  230120P03815000,SPXW  230120P03700000,80.7,81.6,44.8,45.5,3600.000000000001,3557.000000000001,3517.000000000002,36.00000000000001,35.57000000000001,35.170000000000016,0.009344920774837008,0.009233300887804233,0.00912946843475049,99/96,0.21315,0.226621,0.1978928750522701,0.015257124947729905,0.07709789927353361,3972.610107421875,0.0,3600.000000000001,3557.000000000001,3517.000000000002,0.009344920774837008,0.009233300887804233,0.00912946843475049,2.0
1M 100/97 short put spread,short_put_spread,2022-12-16,2023-01-20,35,3852.360107421875,1.0,0.97,3850.0,3735.0,0.999387360642291,0.9695355303893394,SPXW  230120P03850000,SPXW  230120P03735000,95.1,96.0,54.0,54.8,4115.0,4069.499999999999,4027.0,41.15,40.69499999999999,40.27,0.010681763607903967,0.01056365419255533,0.01045333221118573,100/97,0.208589,0.2227,0.1978928750522701,0.010696124947729896,0.05405007605708234,3972.610107421875,0.0,4115.0,4069.499999999999,4027.0,0.010681763607903967,0.01056365419255533,0.01045333221118573,3.0
1M 101/98 short put spread,short_put_spread,2022-12-16,2023-01-20,35,3852.360107421875,1.01,0.98,3890.0,3775.0,1.0097706059476654,0.9799187756947139,SPXW  230120P03890000,SPXW  230120P03775000,113.5,114.6,66.4,67.2,4724.999999999999,4674.499999999998,4626.999999999998,47.24999999999999,46.74499999999998,46.26999999999998,0.012265208516973568,0.012134120044993214,0.012010819006991892,101/98,0.202713,0.218166,0.1978928750522701,0.0048201249477299035,0.024357243516001992,3972.610107421875,0.0,4724.999999999999,4674.499999999998,4626.999999999998,0.012265208516973568,0.012134120044993214,0.012010819006991892,4.0
1M 102/99 short put spread,short_put_spread,2022-12-16,2023-01-20,35,3852.360107421875,1.02,0.99,3930.0,3815.0,1.02015385125304,0.9903020210000882,SPXW  230120P03930000,SPXW  230120P03815000,134.6,135.7,80.7,81.6,5399.999999999997,5346.999999999996,5296.999999999997,53.99999999999997,53.46999999999996,52.96999999999997,0.014017381162255501,0.013879803161959288,0.01375001259564211,102/99,0.196708,0.21315,0.1978928750522701,-0.0011848750522701068,-0.005987456859965934,3972.610107421875,0.0,5399.999999999997,5346.999999999996,5296.999999999997,0.014017381162255501,0.013879803161959288,0.01375001259564211,5.0
1M 103/100 short put spread,short_put_spread,2022-12-16,2023-01-20,35,3852.360107421875,1.03,1.0,3970.0,3850.0,1.0305370965584142,0.999387360642291,SPXW  230120P03970000,SPXW  230120P03850000,158.6,159.7,95.1,96.0,6359.999999999998,6306.999999999996,6256.999999999996,63.59999999999998,63.069999999999965,62.569999999999965,0.016509360035545373,0.016371782035249156,0.016241991468931977,103/100,0.191024,0.208589,0.1978928750522701,-0.006868875052270101,-0.034710067507260245,3972.610107421875,0.0,6359.999999999998,6306.999999999996,6256.999999999996,0.016509360035545373,0.016371782035249156,0.016241991468931977,6.0
1M 98/95 short put spread,short_put_spread,2023-01-20,2023-02-17,28,3972.610107421875,0.98,0.95,3895.0,3775.0,0.9804636988470429,0.9502568583177373,SPXW  230217P03895000,SPXW  230217P03775000,50.2,50.8,24.1,24.6,2615.0,2584.5,2557.0,26.15,25.845,25.57,0.006582573998677836,0.006505798278999184,0.006436574269452859,98/95,0.196909,0.215937,0.1766969165177582,0.020212083482241794,0.11438843348582406,4079.090087890625,0.0,2615.0,2584.5,2557.0,0.006582573998677836,0.006505798278999184,0.006436574269452859,1.0
1M 99/96 short put spread,short_put_spread,2023-01-20,2023-02-17,28,3972.610107421875,0.99,0.96,3935.0,3815.0,0.9905326456901448,0.9603258051608392,SPXW  230217P03935000,SPXW  230217P03815000,63.3,63.9,30.9,31.5,3239.999999999999,3207.0,3177.0,32.39999999999999,32.07,31.77,0.008155846942912498,0.00807277813145691,0.007997261030133646,99/96,0.190558,0.209535,0.1766969165177582,0.013861083482241798,0.07844553122605702,4079.090087890625,0.0,3239.999999999999,3207.0,3177.0,0.008155846942912498,0.00807277813145691,0.007997261030133646,2.0
1M 100/97 short put spread,short_put_spread,2023-01-20,2023-02-17,28,3972.610107421875,1.0,0.97,3975.0,3855.0,1.0006015925332465,0.9703947520039411,SPXW  230217P03975000,SPXW  230217P03855000,79.1,79.8,39.6,40.2,3954.9999999999986,3919.4999999999986,3886.9999999999986,39.54999999999998,39.194999999999986,38.86999999999998,0.009955671191116953,0.009866309287884425,0.009784499094784222,100/97,0.184144,0.203458,0.1766969165177582,0.007447083482241795,0.042146086241937164,4079.090087890625,0.0,3954.9999999999986,3919.4999999999986,3886.9999999999986,0.009955671191116953,0.009866309287884425,0.009784499094784222,3.0
1M 101/98 short put spread,short_put_spread,2023-01-20,2023-02-17,28,3972.610107421875,1.01,0.98,4010.0,3895.0,1.0094119210209607,0.9804636988470429,SPXW  230217P04010000,SPXW  230217P03895000,95.7,96.3,50.2,50.8,4550.0,4517.0,4487.0,45.5,45.17,44.87,0.011453427034028357,0.011370358222572766,0.011294841121249503,101/98,0.17889,0.196909,0.1766969165177582,0.0021930834822417866,0.012411554912568956,4079.090087890625,0.0,4550.0,4517.0,4487.0,0.011453427034028357,0.011370358222572766,0.011294841121249503,4.0
1M 102/99 short put spread,short_put_spread,2023-01-20,2023-02-17,28,3972.610107421875,1.02,0.99,4050.0,3935.0,1.0194808678640626,0.9905326456901448,SPXW  230217P04050000,SPXW  230217P03935000,117.6,118.4,63.3,63.9,5440.000000000001,5402.000000000001,5367.000000000001,54.400000000000006,54.02000000000001,53.67000000000001,0.013693767706618521,0.013598112711609054,0.013510009426731914,102/99,0.172884,0.190558,0.1766969165177582,-0.003812916517758197,-0.021578851475741456,4079.090087890625,0.0,5440.000000000001,5402.000000000001,5367.000000000001,0.013693767706618521,0.013598112711609054,0.013510009426731914,5.0
1M 103/100 short put spread,short_put_spread,2023-01-20,2023-02-17,28,3972.610107421875,1.03,1.0,4090.0,3975.0,1.0295498147071644,1.0006015925332465,SPXW  230217P04090000,SPXW  230217P03975000,142.3,145.3,79.1,79.8,6435.000000000003,6339.500000000004,6247.000000000004,64.35000000000002,63.39500000000004,62.470000000000034,0.016198418233840113,0.015958022127961057,0.015725177732214327,103/100,0.167998,0.184144,0.1766969165177582,-0.008698916517758198,-0.04923072054222266,4079.090087890625,-1090.9912109375,5344.008789062503,5248.508789062504,5156.008789062504,0.01345213510653486,0.013211739000655805,0.012978894604909075,6.0
1M 98/95 short put spread,short_put_spread,2023-02-17,2023-03-17,28,4079.090087890625,0.98,0.95,4000.0,3875.0,0.9806108504135725,0.9499667613381484,SPXW  230317P04000000,SPXW  230317P03875000,50.5,51.0,24.9,25.4,2560.0,2532.0,2507.0,25.6,25.32,25.07,0.006275909442646864,0.006207266683117914,0.006145978504967065,98/95,0.195509,0.218554,0.1618169973348861,0.03369200266511388,0.20821052930173378,3916.639892578125,-8336.0107421875,-5776.0107421875,-5804.0107421875,-5829.0107421875,-0.014160047014736036,-0.014228689774264986,-0.014289977952415834,1.0
1M 99/96 short put spread,short_put_spread,2023-02-17,2023-03-17,28,4079.090087890625,0.99,0.96,4040.0,3915.0,0.9904169589177082,0.959772869842284,SPXW  230317P04040000,SPXW  230317P03915000,62.6,63.3,31.4,32.0,3125.0,3089.500000000001,3057.000000000001,31.25,30.89500000000001,30.570000000000007,0.0076610222688560355,0.007573993055881833,0.0074943184242857305,99/96,0.187664,0.211614,0.1618169973348861,0.02584700266511389,0.1597298373521454,3916.639892578125,-12336.0107421875,-9211.0107421875,-9246.5107421875,-9279.0107421875,-0.02258104269266259,-0.022668071905636796,-0.022747746537232896,2.0
1M 100/97 short put spread,short_put_spread,2023-02-17,2023-03-17,28,4079.090087890625,1.0,0.97,4080.0,3955.0,1.000223067421844,0.9695789783464198,SPXW  230317P04080000,SPXW  230317P03955000,77.3,78.0,39.4,40.0,3795.0000000000005,3759.500000000001,3727.000000000001,37.95,37.595000000000006,37.27000000000001,0.00930354544329877,0.009216516230324566,0.009136841598728464,100/97,0.17946,0.204293,0.1618169973348861,0.0176430026651139,0.10903058983724101,3916.639892578125,-12500.0,-8705.0,-8740.5,-8773.0,-0.021340543632125373,-0.021427572845099576,-0.02150724747669568,3.0
1M 101/98 short put spread,short_put_spread,2023-02-17,2023-03-17,28,4079.090087890625,1.01,0.98,4120.0,4000.0,1.0100291759259796,0.9806108504135725,SPXW  230317P04120000,SPXW  230317P04000000,95.0,96.0,50.5,51.0,4475.0,4434.5,4397.0,44.75,44.345,43.97,0.010970583889001842,0.010871297040397469,0.010779364773171195,101/98,0.171473,0.195509,0.1618169973348861,0.009656002665113878,0.05967236337435211,3916.639892578125,-12000.0,-7525.0,-7565.5,-7603.0,-0.018447741623405334,-0.018547028472009706,-0.01863896073923598,4.0
1M 102/99 short put spread,short_put_spread,2023-02-17,2023-03-17,28,4079.090087890625,1.02,0.99,4160.0,4040.0,1.0198352844301155,0.9904169589177082,SPXW  230317P04160000,SPXW  230317P04040000,116.5,117.4,62.6,63.3,5400.0,5357.0,5317.0,54.0,53.57,53.17,0.013238246480583228,0.01313283081416377,0.013034769729122413,102/99,0.163956,0.187664,0.1618169973348861,0.0021390026651138816,0.01321865255407717,3916.639892578125,-12000.0,-6600.0,-6643.0,-6683.0,-0.016180079031823946,-0.016285494698243405,-0.01638355578328476,5.0
1M 103/100 short put spread,short_put_spread,2023-02-17,2023-03-17,28,4079.090087890625,1.03,1.0,4200.0,4080.0,1.0296413929342512,1.000223067421844,SPXW  230317P04200000,SPXW  230317P04080000,139.9,144.8,77.3,78.0,6470.000000000001,6327.000000000004,6187.000000000004,64.7,63.27000000000004,61.87000000000003,0.01586138050543954,0.015510812126416692,0.015167598328771941,103/100,0.157403,0.17946,0.1618169973348861,-0.004413997334886122,-0.02727771128858114,3916.639892578125,-12000.0,-5529.999999999999,-5672.999999999996,-5812.999999999996,-0.013556945006967637,-0.013907513385990482,-0.014250727183635233,6.0
1M 98/95 short put spread,short_put_spread,2023-03-17,2023-04-21,35,3916.639892578125,0.98,0.95,3840.0,3720.0,0.9804322340883689,0.9497937267731072,SPXW  230421P03840000,SPXW  230421P03720000,75.0,75.7,46.5,47.0,2859.999999999999,2827.0,2797.0,28.59999999999999,28.27,27.97,0.007302177576803994,0.0072179216816870275,0.007141325413398874,98/95,0.240414,0.264755,0.17737149080002135,0.06304250919997864,0.3554263930219561,4133.52001953125,0.0,2859.999999999999,2827.0,2797.0,0.007302177576803994,0.0072179216816870275,0.007141325413398874,1.0
1M 99/96 short put spread,short_put_spread,2023-03-17,2023-04-21,35,3916.639892578125,0.99,0.96,3875.0,3760.0,0.9893684653886534,0.9600065625448612,SPXW  230421P03875000,SPXW  230421P03760000,85.9,86.7,54.6,55.3,3135.000000000002,3094.5,3057.0,31.35000000000002,30.945,30.57,0.008004310036112077,0.007900905073923065,0.007805159738562874,99/96,0.232954,0.256895,0.17737149080002135,0.05558250919997865,0.3133677737570888,4133.52001953125,0.0,3135.000000000002,3094.5,3057.0,0.008004310036112077,0.007900905073923065,0.007805159738562874,2.0
1M 100/97 short put spread,short_put_spread,2023-03-17,2023-04-21,35,3916.639892578125,1.0,0.97,3915.0,3800.0,0.9995813011604073,0.970219398316615,SPXW  230421P03915000,SPXW  230421P03800000,100.2,101.0,64.1,64.8,3615.000000000001,3574.500000000002,3537.0,36.150000000000006,35.74500000000002,35.37,0.009229850328722537,0.009126445366533531,0.009030700031173336,100/97,0.224258,0.248846,0.17737149080002135,0.046886509199978665,0.26434072910195683,4133.52001953125,0.0,3615.000000000001,3574.500000000002,3537.0,0.009229850328722537,0.009126445366533531,0.009030700031173336,3.0
1M 101/98 short put spread,short_put_spread,2023-03-17,2023-04-21,35,3916.639892578125,1.01,0.98,3955.0,3840.0,1.009794136932161,0.9804322340883689,SPXW  230421P03955000,SPXW  230421P03840000,116.8,117.5,75.0,75.7,4180.000000000001,4142.000000000001,4107.000000000003,41.80000000000001,41.42000000000001,41.07000000000003,0.010672413381482768,0.010575391441651106,0.010486029128648265,101/98,0.215617,0.240414,0.17737149080002135,0.038245509199978656,0.2156237681009221,4133.52001953125,0.0,4180.000000000001,4142.000000000001,4107.000000000003,0.010672413381482768,0.010575391441651106,0.010486029128648265,4.0
1M 102/99 short put spread,short_put_spread,2023-03-17,2023-04-21,35,3916.639892578125,1.02,0.99,3995.0,3875.0,1.020006972703915,0.9893684653886534,SPXW  230421P03995000,SPXW  230421P03875000,135.8,136.7,85.9,86.7,4994.999999999998,4949.499999999998,4907.0,49.94999999999998,49.49499999999998,49.07,0.012753278669977606,0.012637107663073906,0.012528596282999026,102/99,0.207163,0.232954,0.17737149080002135,0.029791509199978666,0.16796109152381944,4133.52001953125,0.0,4994.999999999998,4949.499999999998,4907.0,0.012753278669977606,0.012637107663073906,0.012528596282999026,5.0
1M 103/100 short put spread,short_put_spread,2023-03-17,2023-04-21,35,3916.639892578125,1.03,1.0,4035.0,3915.0,1.0302198084756689,0.9995813011604073,SPXW  230421P04035000,SPXW  230421P03915000,157.6,158.5,100.2,101.0,5745.000000000002,5699.500000000002,5657.000000000002,57.45000000000002,56.99500000000002,56.57000000000002,0.01466818537718146,0.01455201437027776,0.014443502990202875,103/100,0.198794,0.224258,0.17737149080002135,0.02142250919997865,0.12077763513941253,4133.52001953125,0.0,5745.000000000002,5699.500000000002,5657.000000000002,0.01466818537718146,0.01455201437027776,0.014443502990202875,6.0
1M 98/95 short put spread,short_put_spread,2023-04-21,2023-05-19,28,4133.52001953125,0.98,0.95,4050.0,3925.0,0.9797944562656984,0.9495538866278682,SPXW  230519P04050000,SPXW  230519P03925000,37.3,37.9,17.8,18.3,1954.9999999999995,1924.4999999999995,1896.9999999999995,19.549999999999997,19.244999999999994,18.969999999999995,0.004729625091356641,0.004655838101440336,0.004589308848237109,98/95,0.166452,0.195121,0.09263254519486437,0.07381945480513562,0.7969062563254306,4191.97998046875,0.0,1954.9999999999995,1924.4999999999995,1896.9999999999995,0.004729625091356641,0.004655838101440336,0.004589308848237109,1.0
1M 99/96 short put spread,short_put_spread,2023-04-21,2023-05-19,28,4133.52001953125,0.99,0.96,4090.0,3970.0,0.989471438549804,0.960440491697487,SPXW  230519P04090000,SPXW  230519P03970000,47.2,47.9,23.2,23.8,2405.0,2369.5,2337.0,24.05,23.695,23.37,0.00581828559831853,0.005732402380547092,0.005653776899488734,99/96,0.156477,0.185139,0.09263254519486437,0.06384445480513563,0.689222720490198,4191.97998046875,0.0,2405.0,2369.5,2337.0,0.00581828559831853,0.005732402380547092,0.005653776899488734,2.0
1M 100/97 short put spread,short_put_spread,2023-04-21,2023-05-19,28,4133.52001953125,1.0,0.97,4135.0,4010.0,1.0003580436194228,0.9701174739815928,SPXW  230519P04135000,SPXW  230519P04010000,61.5,62.3,29.5,30.0,3215.0,3179.5,3147.0,32.15,31.795,31.47,0.007777874510849926,0.007691991293078489,0.00761336581202013,100/97,0.144593,0.176044,0.09263254519486437,0.05196045480513563,0.5609308768946182,4191.97998046875,0.0,3215.0,3179.5,3147.0,0.007777874510849926,0.007691991293078489,0.00761336581202013,3.0
1M 101/98 short put spread,short_put_spread,2023-04-21,2023-05-19,28,4133.52001953125,1.01,0.98,4175.0,4050.0,1.0100350259035287,0.9797944562656984,SPXW  230519P04175000,SPXW  230519P04050000,77.8,79.7,37.3,37.9,4115.0,4049.500000000002,3987.000000000001,41.15,40.49500000000002,39.87000000000001,0.0099551955247737,0.009796734939871475,0.009645532091682322,101/98,0.134514,0.166452,0.09263254519486437,0.04188145480513562,0.4521246254977951,4191.97998046875,0.0,4115.0,4049.500000000002,3987.000000000001,0.0099551955247737,0.009796734939871475,0.009645532091682322,4.0
1M 102/99 short put spread,short_put_spread,2023-04-21,2023-05-19,28,4133.52001953125,1.02,0.99,4215.0,4090.0,1.0197120081876343,0.989471438549804,SPXW  230519P04215000,SPXW  230519P04090000,99.2,101.4,47.2,47.9,5275.000000000002,5199.500000000003,5127.000000000003,52.75000000000002,51.995000000000026,51.270000000000024,0.012761520387164348,0.012578867346551855,0.01240347204265244,102/99,0.125121,0.156477,0.09263254519486437,0.03248845480513564,0.35072397867069327,4191.97998046875,-2302.001953125,2972.998046875002,2897.4980468750027,2824.9980468750027,0.007192412357572533,0.007009759316960041,0.006834364013060625,5.0
1M 103/100 short put spread,short_put_spread,2023-04-21,2023-05-19,28,4133.52001953125,1.03,1.0,4260.0,4135.0,1.030598613257253,1.0003580436194228,SPXW  230519P04260000,SPXW  230519P04135000,129.7,132.4,61.5,62.3,6915.000000000002,6824.500000000001,6736.999999999998,69.15000000000002,68.245,67.36999999999998,0.01672908312364767,0.016510141399469776,0.016298457412004957,103/100,0.116774,0.144593,0.09263254519486437,0.02414145480513563,0.2606152595111255,4191.97998046875,-6802.001953125,112.99804687500182,22.49804687500091,-65.00195312500182,0.00027337002443698346,5.442830025909064e-05,-0.00015725568720572733,6.0
1M 98/95 short put spread,short_put_spread,2023-05-19,2023-06-16,28,4191.97998046875,0.98,0.95,4110.0,3980.0,0.9804436135547615,0.9494320150724942,SPXW  230616P04110000,SPXW  230616P03980000,36.9,37.5,18.6,19.1,1835.0000000000002,1804.5000000000002,1777.0000000000002,18.35,18.045,17.770000000000003,0.004377406401150821,0.0043046484200962715,0.004239046961768398,98/95,0.161445,0.196994,0.1420820392355564,0.019362960764443604,0.1362801439831669,4409.58984375,0.0,1835.0000000000002,1804.5000000000002,1777.0000000000002,0.004377406401150821,0.0043046484200962715,0.004239046961768398,1.0
1M 99/96 short put spread,short_put_spread,2023-05-19,2023-06-16,28,4191.97998046875,0.99,0.96,4150.0,4025.0,0.9899856438569977,0.9601667991625098,SPXW  230616P04150000,SPXW  230616P04025000,46.2,46.8,23.4,24.0,2280.0,2247.0,2217.0,22.8,22.47,22.17,0.0054389572722745895,0.005360235522281142,0.005288670295014371,99/96,0.149999,0.185012,0.1420820392355564,0.007916960764443592,0.055721052478125976,4409.58984375,0.0,2280.0,2247.0,2217.0,0.0054389572722745895,0.005360235522281142,0.005288670295014371,2.0
1M 100/97 short put spread,short_put_spread,2023-05-19,2023-06-16,28,4191.97998046875,1.0,0.97,4190.0,4065.0,0.9995276741592338,0.9697088294647459,SPXW  230616P04190000,SPXW  230616P04065000,58.5,59.3,28.9,29.5,2970.0,2932.0,2897.0,29.7,29.32,28.97,0.007084957499410321,0.006994308211539077,0.0069108154463945115,100/97,0.139061,0.174068,0.1420820392355564,-0.003021039235556411,-0.021262639893194768,4409.58984375,0.0,2970.0,2932.0,2897.0,0.007084957499410321,0.006994308211539077,0.0069108154463945115,3.0
1M 101/98 short put spread,short_put_spread,2023-05-19,2023-06-16,28,4191.97998046875,1.01,0.98,4235.0,4110.0,1.0102624582492494,0.9804436135547615,SPXW  230616P04235000,SPXW  230616P04110000,77.4,78.8,36.9,37.5,4089.9999999999986,4037.0,3987.000000000001,40.899999999999984,40.37,39.87000000000001,0.009756725984036431,0.009630294082531807,0.009511018703753857,101/98,0.128416,0.161445,0.1420820392355564,-0.013666039235556399,-0.09618414339408243,4409.58984375,0.0,4089.9999999999986,4037.0,3987.000000000001,0.009756725984036431,0.009630294082531807,0.009511018703753857,4.0
1M 102/99 short put spread,short_put_spread,2023-05-19,2023-06-16,28,4191.97998046875,1.02,0.99,4275.0,4150.0,1.0198044885514856,0.9899856438569977,SPXW  230616P04275000,SPXW  230616P04150000,99.6,101.8,46.2,46.8,5419.999999999998,5347.0,5277.0,54.19999999999998,53.47,52.77,0.012929451059529942,0.012755309006514136,0.012588323476225004,102/99,0.120701,0.149999,0.1420820392355564,-0.0213810392355564,-0.1504837581906393,4409.58984375,0.0,5419.999999999998,5347.0,5277.0,0.012929451059529942,0.012755309006514136,0.012588323476225004,5.0
1M 103/100 short put spread,short_put_spread,2023-05-19,2023-06-16,28,4191.97998046875,1.03,1.0,4320.0,4190.0,1.0305392726415012,0.9995276741592338,SPXW  230616P04320000,SPXW  230616P04190000,131.5,134.2,58.5,59.3,7395.0,7304.500000000003,7217.0,73.95,73.04500000000003,72.17,0.01764082852125903,0.017424940085670946,0.017216208172809524,103/100,0.115352,0.139061,0.1420820392355564,-0.026730039235556405,-0.1881310219037674,4409.58984375,0.0,7395.0,7304.500000000003,7217.0,0.01764082852125903,0.017424940085670946,0.017216208172809524,6.0
1M 98/95 short put spread,short_put_spread,2023-06-16,2023-07-21,35,4409.58984375,0.98,0.95,4320.0,4190.0,0.9796829530807766,0.9502017531038087,SPXW  230721P04320000,SPXW  230721P04190000,27.7,28.0,12.2,12.5,1550.0,1532.0,1517.0000000000005,15.5,15.32,15.170000000000005,0.0035150661511000082,0.003474246028054976,0.0034402292588507836,98/95,0.130033,0.155353,0.11516321673072089,0.014869783269279124,0.12911920742929772,4536.33984375,0.0,1550.0,1532.0,1517.0000000000005,0.0035150661511000082,0.003474246028054976,0.0034402292588507836,1.0
1M 99/96 short put spread,short_put_spread,2023-06-16,2023-07-21,35,4409.58984375,0.99,0.96,4365.0,4235.0,0.9898879838420346,0.9604067838650668,SPXW  230721P04365000,SPXW  230721P04235000,37.9,38.3,15.9,16.2,2204.9999999999995,2184.499999999999,2166.999999999999,22.049999999999997,21.84499999999999,21.66999999999999,0.005000465073016463,0.004953975488437397,0.004914289257699171,99/96,0.122473,0.146048,0.11516321673072089,0.007309783269279113,0.06347324672574173,4536.33984375,0.0,2204.9999999999995,2184.499999999999,2166.999999999999,0.005000465073016463,0.004953975488437397,0.004914289257699171,2.0
1M 100/97 short put spread,short_put_spread,2023-06-16,2023-07-21,35,4409.58984375,1.0,0.97,4410.0,4275.0,1.0000930146032927,0.9694779223195185,SPXW  230721P04410000,SPXW  230721P04275000,52.4,52.8,20.5,20.8,3194.999999999999,3174.499999999999,3156.9999999999995,31.949999999999992,31.74499999999999,31.569999999999997,0.007245571840493241,0.007199082255914177,0.007159396025175952,100/97,0.115942,0.138293,0.11516321673072089,0.000778783269279118,0.006762430673503239,4536.33984375,0.0,3194.999999999999,3174.499999999999,3156.9999999999995,0.007245571840493241,0.007199082255914177,0.007159396025175952,3.0
1M 101/98 short put spread,short_put_spread,2023-06-16,2023-07-21,35,4409.58984375,1.01,0.98,4455.0,4320.0,1.0102980453645507,0.9796829530807766,SPXW  230721P04455000,SPXW  230721P04320000,72.1,72.6,27.7,28.0,4449.999999999999,4426.999999999999,4406.999999999999,44.49999999999999,44.26999999999999,44.06999999999999,0.010091641530577442,0.010039482484464344,0.009994126792192087,101/98,0.110392,0.130033,0.11516321673072089,-0.004771216730720881,-0.041430040477916874,4536.33984375,0.0,4449.999999999999,4426.999999999999,4406.999999999999,0.010091641530577442,0.010039482484464344,0.009994126792192087,4.0
1M 102/99 short put spread,short_put_spread,2023-06-16,2023-07-21,35,4409.58984375,1.02,0.99,4500.0,4365.0,1.020503076125809,0.9898879838420346,SPXW  230721P04500000,SPXW  230721P04365000,98.0,98.4,37.9,38.3,6010.0,5987.0,5967.0,60.1,59.87,59.67,0.013629385527813582,0.013577226481700485,0.013531870789428226,102/99,0.106244,0.122473,0.11516321673072089,-0.00891921673072088,-0.07744848558351869,4536.33984375,0.0,6010.0,5987.0,5967.0,0.013629385527813582,0.013577226481700485,0.013531870789428226,5.0
1M 103/100 short put spread,short_put_spread,2023-06-16,2023-07-21,35,4409.58984375,1.03,1.0,4540.0,4410.0,1.0295742145802604,1.0000930146032927,SPXW  230721P04540000,SPXW  230721P04410000,124.9,127.4,52.4,52.8,7355.000000000001,7279.5,7207.0,73.55000000000001,72.795,72.07,0.016679555833122944,0.01650833809479517,0.016343923710308232,103/100,0.103653,0.115942,0.11516321673072089,-0.01151021673072089,-0.09994698878231689,4536.33984375,-366.015625,6988.984375000001,6913.484375,6840.984375,0.015849511230406035,0.015678293492078256,0.01551387910759132,6.0
1M 98/95 short put spread,short_put_spread,2023-07-21,2023-08-18,28,4536.33984375,0.98,0.95,4445.0,4310.0,0.9798648586975148,0.9501051835739682,SPXW  230818P04445000,SPXW  230818P04310000,24.2,24.5,9.7,10.0,1450.0,1432.0,1417.0000000000005,14.5,14.32,14.170000000000005,0.003196409550306854,0.0031567299834754582,0.0031236636777826295,98/95,0.127539,0.156943,0.09342024118924853,0.03411875881075148,0.365218055278133,4369.7099609375,-7529.00390625,-6079.00390625,-6097.00390625,-6112.00390625,-0.01340068009813115,-0.013440359664962546,-0.013473425970655376,1.0
1M 99/96 short put spread,short_put_spread,2023-07-21,2023-08-18,28,4536.33984375,0.99,0.96,4490.0,4355.0,0.9897847504053636,0.960025075281817,SPXW  230818P04490000,SPXW  230818P04355000,34.3,34.6,12.8,13.1,2150.0000000000005,2132.0,2117.0,21.500000000000004,21.32,21.17,0.0047395038159722324,0.004699824249140836,0.004666757943448006,99/96,0.119243,0.146449,0.09342024118924853,0.025822758810751467,0.2764150304262256,4369.7099609375,-12029.00390625,-9879.00390625,-9897.00390625,-9912.00390625,-0.02177747754031463,-0.021817157107146025,-0.021850223412838855,2.0
1M 100/97 short put spread,short_put_spread,2023-07-21,2023-08-18,28,4536.33984375,1.0,0.97,4535.0,4400.0,0.9997046421132125,0.9699449669896659,SPXW  230818P04535000,SPXW  230818P04400000,49.2,49.5,17.4,17.7,3180.0,3162.0000000000014,3147.0000000000005,31.8,31.620000000000015,31.470000000000006,0.007010056806879858,0.006970377240048466,0.006937310934355634,100/97,0.112251,0.136682,0.09342024118924853,0.01883075881075147,0.2015704366744735,4369.7099609375,-13500.0,-10320.0,-10337.999999999998,-10353.0,-0.02274961831666671,-0.0227892978834981,-0.022822364189190935,3.0
1M 101/98 short put spread,short_put_spread,2023-07-21,2023-08-18,28,4536.33984375,1.01,0.98,4580.0,4445.0,1.0096245338210614,0.9798648586975148,SPXW  230818P04580000,SPXW  230818P04445000,70.3,70.7,24.2,24.5,4615.0,4594.500000000001,4577.0,46.15,45.94500000000001,45.77,0.010173400051493883,0.010128209433713684,0.010089632077072048,101/98,0.106969,0.127539,0.09342024118924853,0.01354875881075146,0.14503022726418258,4369.7099609375,-13500.0,-8885.0,-8905.5,-8923.0,-0.019586275072052687,-0.019631465689832886,-0.01967004304647452,4.0
1M 102/99 short put spread,short_put_spread,2023-07-21,2023-08-18,28,4536.33984375,1.02,0.99,4625.0,4490.0,1.0195444255289101,0.9897847504053636,SPXW  230818P04625000,SPXW  230818P04490000,97.6,99.7,34.3,34.6,6420.0,6357.0,6296.999999999999,64.2,63.57,62.96999999999999,0.014152378836531034,0.014013500352621151,0.013881235129849831,102/99,0.103862,0.119243,0.09342024118924853,0.010441758810751461,0.11177191021803079,4369.7099609375,-13500.0,-7080.0,-7143.0,-7203.000000000001,-0.015607296287015534,-0.01574617477092542,-0.015878439993696737,5.0
1M 103/100 short put spread,short_put_spread,2023-07-21,2023-08-18,28,4536.33984375,1.03,1.0,4670.0,4535.0,1.029464317236759,0.9997046421132125,SPXW  230818P04670000,SPXW  230818P04535000,131.6,133.8,49.2,49.5,8334.999999999998,8269.499999999998,8206.999999999996,83.34999999999998,82.69499999999998,82.06999999999996,0.0183738438633156,0.01822945432845691,0.018091678054736784,103/100,0.101835,0.112251,0.09342024118924853,0.00841475881075146,0.09007425696648586,4369.7099609375,-13500.0,-5165.000000000002,-5230.500000000002,-5293.000000000004,-0.01138583126023097,-0.011530220795089658,-0.011667997068809785,6.0
1M 98/95 short put spread,short_put_spread,2023-08-18,2023-09-15,28,4369.7099609375,0.98,0.95,4280.0,4150.0,0.979470042236338,0.9497197839441128,SPXW  230915P04280000,SPXW  230915P04150000,38.2,38.6,17.7,18.1,2050.000000000001,2027.0000000000005,2007.0000000000002,20.50000000000001,20.270000000000003,20.070000000000004,0.00469138688454321,0.004638751812180041,0.004592982184038155,98/95,0.167573,0.192936,0.09850685606667098,0.06906614393332902,0.7011303242343252,4450.31982421875,0.0,2050.000000000001,2027.0000000000005,2007.0000000000002,0.00469138688454321,0.004638751812180041,0.004592982184038155,1.0
1M 99/96 short put spread,short_put_spread,2023-08-18,2023-09-15,28,4369.7099609375,0.99,0.96,4325.0,4195.0,0.9897682085682621,0.9600179502760369,SPXW  230915P04325000,SPXW  230915P04195000,49.9,50.3,23.0,23.4,2689.999999999999,2666.9999999999995,2646.999999999999,26.89999999999999,26.669999999999995,26.46999999999999,0.006156014985083524,0.0061033799127203575,0.006057610284578472,99/96,0.158766,0.183961,0.09850685606667098,0.06025914393332901,0.6117253797293529,4450.31982421875,0.0,2689.999999999999,2666.9999999999995,2646.999999999999,0.006156014985083524,0.0061033799127203575,0.006057610284578472,2.0
1M 100/97 short put spread,short_put_spread,2023-08-18,2023-09-15,28,4369.7099609375,1.0,0.97,4370.0,4240.0,1.0000663749001861,0.970316116607961,SPXW  230915P04370000,SPXW  230915P04240000,65.0,65.4,30.2,30.5,3485.0,3464.499999999999,3447.0,34.85,34.64499999999999,34.47,0.007975357703723453,0.00792844383487802,0.007888395410253872,100/97,0.14985,0.175481,0.09850685606667098,0.05134314393332903,0.5212139132587805,4450.31982421875,0.0,3485.0,3464.499999999999,3447.0,0.007975357703723453,0.00792844383487802,0.007888395410253872,3.0
1M 101/98 short put spread,short_put_spread,2023-08-18,2023-09-15,28,4369.7099609375,1.01,0.98,4415.0,4280.0,1.0103645412321103,0.979470042236338,SPXW  230915P04415000,SPXW  230915P04280000,84.3,84.8,38.2,38.6,4615.0,4589.499999999999,4566.999999999999,46.15,45.89499999999999,45.66999999999999,0.010561341693739953,0.010502985417859047,0.010451494586199426,101/98,0.14101,0.167573,0.09850685606667098,0.04250314393332902,0.43147396669082827,4450.31982421875,0.0,4615.0,4589.499999999999,4566.999999999999,0.010561341693739953,0.010502985417859047,0.010451494586199426,4.0
1M 102/99 short put spread,short_put_spread,2023-08-18,2023-09-15,28,4369.7099609375,1.02,0.99,4455.0,4325.0,1.0195184668604873,0.9897682085682621,SPXW  230915P04455000,SPXW  230915P04325000,105.8,106.3,49.9,50.3,5595.000000000001,5569.5,5547.0,55.95000000000001,55.695,55.47,0.012804053472692319,0.012745697196811413,0.012694206365151792,102/99,0.13359,0.158766,0.09850685606667098,0.03508314393332901,0.35614926040867845,4450.31982421875,-468.017578125,5126.982421875001,5101.482421875,5078.982421875,0.011733003946959976,0.01167464767107907,0.01162315683941945,5.0
1M 103/100 short put spread,short_put_spread,2023-08-18,2023-09-15,28,4369.7099609375,1.03,1.0,4500.0,4370.0,1.0298166331924115,1.0000663749001861,SPXW  230915P04500000,SPXW  230915P04370000,127.8,136.3,65.0,65.4,6685.000000000002,6459.500000000001,6237.000000000001,66.85000000000002,64.59500000000001,62.37000000000001,0.01529849820642505,0.014782445649125295,0.014273258536046825,103/100,0.116501,0.14985,0.09850685606667098,0.017994143933329015,0.18266894967341463,4450.31982421875,-4968.017578125,1716.9824218750018,1491.482421875001,1268.982421875001,0.003929282348768593,0.003413229791468838,0.002904042678390368,6.0
1M 98/95 short put spread,short_put_spread,2023-09-15,2023-10-20,35,4450.31982421875,0.98,0.95,4360.0,4230.0,0.9797048689113921,0.9504934852053185,SPXW  231020P04360000,SPXW  231020P04230000,30.0,30.4,13.9,14.1,1620.0,1602.0,1587.0,16.2,16.02,15.87,0.0036401878156799433,0.0035997412843946103,0.003566035841656833,98/95,0.135024,0.160561,0.11792864541692533,0.01709535458307468,0.14496354573255466,4224.16015625,-13000.0,-11380.0,-11398.0,-11413.0,-0.025571195890393673,-0.025611642421679008,-0.025645347864416784,1.0
1M 99/96 short put spread,short_put_spread,2023-09-15,2023-10-20,35,4450.31982421875,0.99,0.96,4405.0,4270.0,0.9898165017327253,0.9594816032687258,SPXW  231020P04405000,SPXW  231020P04270000,39.9,40.3,17.4,17.7,2255.0,2234.4999999999995,2216.9999999999995,22.55,22.344999999999995,22.169999999999995,0.005067051558245847,0.005020987453170884,0.004981664436643477,99/96,0.126382,0.152544,0.11792864541692533,0.008453354583074668,0.07168194422303964,4224.16015625,-13500.0,-11245.0,-11265.5,-11283.0,-0.02526784690575368,-0.02531391101082864,-0.025353234027356047,2.0
1M 100/97 short put spread,short_put_spread,2023-09-15,2023-10-20,35,4450.31982421875,1.0,0.97,4450.0,4315.0,0.9999281345540585,0.9695932360900589,SPXW  231020P04450000,SPXW  231020P04315000,53.5,53.9,22.7,23.1,3080.0,3057.0,3037.0,30.8,30.57,30.37,0.0069208509088235955,0.006869169229959004,0.006824228639641968,100/97,0.118179,0.143703,0.11792864541692533,0.00025035458307468006,0.0021229327462346514,4224.16015625,-13500.0,-10420.0,-10443.0,-10463.0,-0.02341404755517593,-0.02346572923404052,-0.02351066982435756,3.0
1M 101/98 short put spread,short_put_spread,2023-09-15,2023-10-20,35,4450.31982421875,1.01,0.98,4495.0,4360.0,1.0100397673753916,0.9797048689113921,SPXW  231020P04495000,SPXW  231020P04360000,72.1,72.5,30.0,30.4,4210.0,4187.0,4166.999999999999,42.1,41.87,41.66999999999999,0.009459994261736148,0.009408312582871557,0.009363371992554518,101/98,0.110887,0.135024,0.11792864541692533,-0.007041645416925327,-0.05971106843490204,4224.16015625,-13500.0,-9290.0,-9313.0,-9333.0,-0.020874904202263376,-0.02092658588112797,-0.020971526471445005,4.0
1M 102/99 short put spread,short_put_spread,2023-09-15,2023-10-20,35,4450.31982421875,1.02,0.99,4540.0,4405.0,1.020151400196725,0.9898165017327253,SPXW  231020P04540000,SPXW  231020P04405000,96.7,97.2,39.9,40.3,5685.0,5659.5,5637.0,56.85,56.595,56.37,0.012774362797617579,0.012717063544963356,0.012666505380856691,102/99,0.104891,0.126382,0.11792864541692533,-0.013037645416925328,-0.11055537330079557,4224.16015625,-13500.0,-7815.0,-7840.5,-7863.0,-0.01756053566638195,-0.01761783491903617,-0.017668393083142834,5.0
1M 103/100 short put spread,short_put_spread,2023-09-15,2023-10-20,35,4450.31982421875,1.03,1.0,4585.0,4450.0,1.030263033018058,0.9999281345540585,SPXW  231020P04585000,SPXW  231020P04450000,127.0,128.9,53.5,53.9,7425.0,7364.5,7306.999999999999,74.25,73.645,73.07,0.016684194155199738,0.016548248869490703,0.016419044672329224,103/100,0.10059,0.118179,0.11792864541692533,-0.017338645416925327,-0.14702657997661406,4224.16015625,-13500.0,-6075.0,-6135.5,-6193.000000000001,-0.013650704308799787,-0.013786649594508822,-0.013915853791670303,6.0
1M 98/95 short put spread,short_put_spread,2023-10-20,2023-11-17,28,4224.16015625,0.98,0.95,4140.0,4015.0,0.9800764760006843,0.9504847949620163,SPXW  231117P04140000,SPXW  231117P04015000,55.5,55.8,30.2,30.5,2530.0,2512.0,2497.0,25.3,25.12,24.97,0.005989356242226404,0.005946744221530722,0.005911234204284321,98/95,0.20548,0.231372,0.12927793310045965,0.07620206689954034,0.5894437285002463,4514.02001953125,0.0,2530.0,2512.0,2497.0,0.005989356242226404,0.005946744221530722,0.005911234204284321,1.0
1M 99/96 short put spread,short_put_spread,2023-10-20,2023-11-17,28,4224.16015625,0.99,0.96,4180.0,4055.0,0.9895458139330581,0.95995413289439,SPXW  231117P04180000,SPXW  231117P04055000,67.4,67.8,36.7,37.0,3074.999999999999,3054.5000000000005,3037.000000000001,30.74999999999999,30.545000000000005,30.370000000000008,0.0072795535355123266,0.007231023178608915,0.00718959482515478,99/96,0.197367,0.223123,0.12927793310045965,0.06808906689954033,0.5266874652662454,4514.02001953125,0.0,3074.999999999999,3054.5000000000005,3037.000000000001,0.0072795535355123266,0.007231023178608915,0.00718959482515478,2.0
1M 100/97 short put spread,short_put_spread,2023-10-20,2023-11-17,28,4224.16015625,1.0,0.97,4225.0,4095.0,1.0001988191069786,0.9694234708267638,SPXW  231117P04225000,SPXW  231117P04095000,83.6,84.0,44.6,44.9,3905.0,3884.499999999998,3867.0,39.05,38.844999999999985,38.67,0.009244441156479885,0.009195910799576464,0.009154482446122334,100/97,0.187938,0.214848,0.12927793310045965,0.05866006689954034,0.45375158383725567,4514.02001953125,0.0,3905.0,3884.499999999998,3867.0,0.009244441156479885,0.009195910799576464,0.009154482446122334,3.0
1M 101/98 short put spread,short_put_spread,2023-10-20,2023-11-17,28,4224.16015625,1.01,0.98,4265.0,4140.0,1.0096681570393524,0.9800764760006843,SPXW  231117P04265000,SPXW  231117P04140000,101.0,101.4,55.5,55.8,4555.0,4534.500000000001,4517.0,45.55,45.345000000000006,45.17,0.01078320857049062,0.010734678213587208,0.01069324986013307,101/98,0.179635,0.20548,0.12927793310045965,0.05035706689954034,0.38952561888817283,4514.02001953125,0.0,4555.0,4534.500000000001,4517.0,0.01078320857049062,0.010734678213587208,0.01069324986013307,4.0
1M 102/99 short put spread,short_put_spread,2023-10-20,2023-11-17,28,4224.16015625,1.02,0.99,4310.0,4180.0,1.0203211622132728,0.9895458139330581,SPXW  231117P04310000,SPXW  231117P04180000,124.3,124.9,67.4,67.8,5700.000000000001,5671.999999999999,5647.0,57.00000000000001,56.71999999999999,56.47,0.013493806553632613,0.013427521188105992,0.013368337826028658,102/99,0.170446,0.197367,0.12927793310045965,0.041168066899540334,0.3184462027834971,4514.02001953125,0.0,5700.000000000001,5671.999999999999,5647.0,0.013493806553632613,0.013427521188105992,0.013368337826028658,5.0
1M 103/100 short put spread,short_put_spread,2023-10-20,2023-11-17,28,4224.16015625,1.03,1.0,4350.0,4225.0,1.0297905001456467,1.0001988191069786,SPXW  231117P04350000,SPXW  231117P04225000,148.6,149.9,83.6,84.0,6545.0,6499.500000000002,6457.0,65.45,64.99500000000002,64.57,0.015494204191846567,0.01538649047286582,0.015285878757334344,103/100,0.162923,0.187938,0.12927793310045965,0.03364506689954036,0.2602537501384352,4514.02001953125,0.0,6545.0,6499.500000000002,6457.0,0.015494204191846567,0.01538649047286582,0.015285878757334344,6.0
1M 98/95 short put spread,short_put_spread,2023-11-17,2023-12-15,28,4514.02001953125,0.98,0.95,4425.0,4290.0,0.9802792147252165,0.9503723912251251,SPXW  231215P04425000,SPXW  231215P04290000,25.0,25.3,9.9,10.2,1510.0,1492.0,1477.0,15.1,14.92,14.77,0.003345133591491699,0.0033052578268249104,0.0032720280229359203,98/95,0.127764,0.156835,0.15321656446952164,-0.025452564469521655,-0.1661214931795757,4719.18994140625,0.0,1510.0,1492.0,1477.0,0.003345133591491699,0.0033052578268249104,0.0032720280229359203,1.0
1M 99/96 short put spread,short_put_spread,2023-11-17,2023-12-15,28,4514.02001953125,0.99,0.96,4470.0,4335.0,0.9902481558919136,0.9603413323918222,SPXW  231215P04470000,SPXW  231215P04335000,35.6,35.9,13.1,13.4,2250.0,2231.9999999999995,2217.0,22.5,22.319999999999997,22.17,0.004984470583348558,0.004944594818681769,0.004911365014792779,99/96,0.11983,0.146344,0.15321656446952164,-0.03338656446952164,-0.21790440599627858,4719.18994140625,0.0,2250.0,2231.9999999999995,2217.0,0.004984470583348558,0.004944594818681769,0.004911365014792779,2.0
1M 100/97 short put spread,short_put_spread,2023-11-17,2023-12-15,28,4514.02001953125,1.0,0.97,4515.0,4380.0,1.0002170970586106,0.9703102735585193,SPXW  231215P04515000,SPXW  231215P04380000,51.2,51.5,17.9,18.2,3330.0,3312.0000000000014,3297.0000000000005,33.3,33.12000000000001,32.970000000000006,0.007377016463355866,0.00733714069868908,0.0073039108948000885,100/97,0.113358,0.136729,0.15321656446952164,-0.03985856446952164,-0.2601452695896366,4719.18994140625,0.0,3330.0,3312.0000000000014,3297.0000000000005,0.007377016463355866,0.00733714069868908,0.0073039108948000885,3.0
1M 101/98 short put spread,short_put_spread,2023-11-17,2023-12-15,28,4514.02001953125,1.01,0.98,4560.0,4425.0,1.0101860382253078,0.9802792147252165,SPXW  231215P04560000,SPXW  231215P04425000,73.1,73.5,25.0,25.3,4815.0,4794.499999999999,4777.0,48.15,47.94499999999999,47.77,0.010666767048365914,0.010621352983050959,0.010582584878513806,101/98,0.108721,0.127764,0.15321656446952164,-0.044495564469521645,-0.29040962133290005,4719.18994140625,0.0,4815.0,4794.499999999999,4777.0,0.010666767048365914,0.010621352983050959,0.010582584878513806,4.0
1M 102/99 short put spread,short_put_spread,2023-11-17,2023-12-15,28,4514.02001953125,1.02,0.99,4605.0,4470.0,1.0201549793920048,0.9902481558919136,SPXW  231215P04605000,SPXW  231215P04470000,100.9,102.9,35.6,35.9,6615.0,6554.5,6497.0,66.15,65.545,64.97,0.01465434351504476,0.014520316639359166,0.01439293572445137,102/99,0.105745,0.11983,0.15321656446952164,-0.04747156446952164,-0.3098331086712549,4719.18994140625,0.0,6615.0,6554.5,6497.0,0.01465434351504476,0.014520316639359166,0.01439293572445137,5.0
1M 103/100 short put spread,short_put_spread,2023-11-17,2023-12-15,28,4514.02001953125,1.03,1.0,4650.0,4515.0,1.030123920558702,1.0002170970586106,SPXW  231215P04650000,SPXW  231215P04515000,134.7,137.7,51.2,51.5,8484.999999999998,8399.499999999998,8316.999999999998,84.84999999999998,83.99499999999998,83.16999999999999,0.018796992399872224,0.01860758251770498,0.018424818596315534,103/100,0.103701,0.113358,0.15321656446952164,-0.04951556446952164,-0.3231737027974638,4719.18994140625,0.0,8484.999999999998,8399.499999999998,8316.999999999998,0.018796992399872224,0.01860758251770498,0.018424818596315534,6.0
1M 98/95 short put spread,short_put_spread,2023-12-15,2024-01-19,35,4719.18994140625,0.98,0.95,4625.0,4485.0,0.9800410785376902,0.9503749702143871,SPXW  240119P04625000,SPXW  240119P04485000,24.0,24.5,9.7,10.0,1440.0,1417.0,1397.0,14.4,14.17,13.97,0.003051371141825457,0.003002633963865745,0.002960253809118169,98/95,0.116088,0.141844,0.0691525533743957,0.046935446625604296,0.6787232623427977,4839.81005859375,0.0,1440.0,1417.0,1397.0,0.003051371141825457,0.003002633963865745,0.002960253809118169,1.0
1M 99/96 short put spread,short_put_spread,2023-12-15,2024-01-19,35,4719.18994140625,0.99,0.96,4670.0,4530.0,0.9895766133558946,0.9599105050325917,SPXW  240119P04670000,SPXW  240119P04530000,33.7,34.2,12.6,13.0,2115.0000000000005,2089.5000000000005,2067.0000000000005,21.150000000000006,20.895000000000003,20.670000000000005,0.004481701364556141,0.004427666667252981,0.0043799889931619585,99/96,0.10938,0.132928,0.0691525533743957,0.040227446625604305,0.5817203365985737,4839.81005859375,0.0,2115.0000000000005,2089.5000000000005,2067.0000000000005,0.004481701364556141,0.004427666667252981,0.0043799889931619585,2.0
1M 100/97 short put spread,short_put_spread,2023-12-15,2024-01-19,35,4719.18994140625,1.0,0.97,4720.0,4580.0,1.0001716520427886,0.9705055437194856,SPXW  240119P04720000,SPXW  240119P04580000,49.6,50.2,17.4,17.9,3225.000000000001,3194.500000000001,3167.000000000001,32.25000000000001,31.945000000000007,31.67000000000001,0.006833799953046598,0.006769170217056545,0.006710897504278628,100/97,0.103176,0.123626,0.0691525533743957,0.0340234466256043,0.49200564498897825,4839.81005859375,0.0,3225.000000000001,3194.500000000001,3167.000000000001,0.006833799953046598,0.006769170217056545,0.006710897504278628,3.0
1M 101/98 short put spread,short_put_spread,2023-12-15,2024-01-19,35,4719.18994140625,1.01,0.98,4765.0,4625.0,1.0097071868609933,0.9800410785376902,SPXW  240119P04765000,SPXW  240119P04625000,70.0,70.6,24.0,24.5,4605.0,4574.500000000001,4547.0,46.05,45.74500000000001,45.47,0.009758030630629326,0.009693400894639274,0.009635128181861356,101/98,0.099037,0.116088,0.0691525533743957,0.0298844466256043,0.43215246823654185,4839.81005859375,0.0,4605.0,4574.500000000001,4547.0,0.009758030630629326,0.009693400894639274,0.009635128181861356,4.0
1M 102/99 short put spread,short_put_spread,2023-12-15,2024-01-19,35,4719.18994140625,1.02,0.99,4815.0,4670.0,1.020302225547887,0.9895766133558946,SPXW  240119P04815000,SPXW  240119P04670000,98.6,102.2,33.7,34.2,6645.0,6539.5,6437.0,66.45,65.395,64.37,0.014080806414882057,0.013857251098588593,0.013640052805507268,102/99,0.096139,0.10938,0.0691525533743957,0.026986446625604302,0.3902451219624272,4839.81005859375,0.0,6645.0,6539.5,6437.0,0.014080806414882057,0.013857251098588593,0.013640052805507268,5.0
1M 103/100 short put spread,short_put_spread,2023-12-15,2024-01-19,35,4719.18994140625,1.03,1.0,4860.0,4720.0,1.0298377603660918,1.0001716520427886,SPXW  240119P04860000,SPXW  240119P04720000,131.4,135.8,49.6,50.2,8370.0,8242.000000000004,8117.000000000004,83.7,82.42000000000003,81.17000000000003,0.017736094761860468,0.017464861771475992,0.017199985804303642,103/100,0.094859,0.103176,0.0691525533743957,0.0257064466256043,0.3717353209855925,4839.81005859375,-2018.994140625,6351.005859375,6223.005859375004,6098.005859375004,0.013457830556153653,0.013186597565769176,0.012921721598596827,6.0
1M 98/95 short put spread,short_put_spread,2024-01-19,2024-02-16,28,4839.81005859375,0.98,0.95,4745.0,4600.0,0.9804103761416418,0.950450522708441,SPXW  240216P04745000,SPXW  240216P04600000,24.9,25.2,9.6,9.8,1534.9999999999995,1519.5,1507.0,15.349999999999996,15.195,15.07,0.0031716120703422965,0.0031395860201206003,0.0031137585602643925,98/95,0.125673,0.154156,0.1113735602072665,0.014299439792733501,0.12839169158391095,5005.56982421875,0.0,1534.9999999999995,1519.5,1507.0,0.0031716120703422965,0.0031395860201206003,0.0031137585602643925,1.0
1M 99/96 short put spread,short_put_spread,2024-01-19,2024-02-16,28,4839.81005859375,0.99,0.96,4790.0,4645.0,0.9897082616898766,0.9597484082566757,SPXW  240216P04790000,SPXW  240216P04645000,35.0,35.3,12.6,12.8,2245.0,2229.5000000000005,2217.0,22.45,22.295000000000005,22.17,0.004638611790174892,0.004606585739953195,0.004580758280096986,99/96,0.118486,0.144745,0.1113735602072665,0.007112439792733488,0.06386111550620477,5005.56982421875,0.0,2245.0,2229.5000000000005,2217.0,0.004638611790174892,0.004606585739953195,0.004580758280096986,2.0
1M 100/97 short put spread,short_put_spread,2024-01-19,2024-02-16,28,4839.81005859375,1.0,0.97,4840.0,4695.0,1.0000392456323597,0.9700793921991587,SPXW  240216P04840000,SPXW  240216P04695000,51.6,51.9,17.5,17.7,3415.0,3399.5,3387.0,34.15,33.995,33.87,0.0070560620327159256,0.007024035982494228,0.006998208522638021,100/97,0.111954,0.134834,0.1113735602072665,0.000580439792733492,0.005211648003828673,5005.56982421875,0.0,3415.0,3399.5,3387.0,0.0070560620327159256,0.007024035982494228,0.006998208522638021,3.0
1M 101/98 short put spread,short_put_spread,2024-01-19,2024-02-16,28,4839.81005859375,1.01,0.98,4890.0,4745.0,1.0103702295748427,0.9804103761416418,SPXW  240216P04890000,SPXW  240216P04745000,74.4,76.6,24.9,25.2,5045.0,4979.5,4917.000000000002,50.45,49.795,49.170000000000016,0.010423962797965402,0.010288626908318874,0.010159489609037838,101/98,0.107107,0.125673,0.1113735602072665,-0.004266560207266512,-0.038308555453614224,5005.56982421875,0.0,5045.0,4979.5,4917.000000000002,0.010423962797965402,0.010288626908318874,0.010159489609037838,4.0
1M 102/99 short put spread,short_put_spread,2024-01-19,2024-02-16,28,4839.81005859375,1.02,0.99,4935.0,4790.0,1.0196681151230775,0.9897082616898766,SPXW  240216P04935000,SPXW  240216P04790000,102.0,104.8,35.0,35.3,6825.0,6744.5,6667.0,68.25,67.445,66.67,0.014101793081489369,0.013935464240015391,0.013775333988906905,102/99,0.104002,0.118486,0.1113735602072665,-0.007371560207266509,-0.06618770373819438,5005.56982421875,0.0,6825.0,6744.5,6667.0,0.014101793081489369,0.013935464240015391,0.013775333988906905,5.0
1M 103/100 short put spread,short_put_spread,2024-01-19,2024-02-16,28,4839.81005859375,1.03,1.0,4985.0,4840.0,1.0299990990655605,1.0000392456323597,SPXW  240216P04985000,SPXW  240216P04840000,139.2,142.9,51.6,51.9,8930.000000000002,8827.0,8726.999999999998,89.30000000000001,88.27,87.26999999999998,0.01845113732127474,0.018238319052059585,0.01803169937320992,103/100,0.101973,0.111954,0.1113735602072665,-0.009400560207266512,-0.08440567213414063,5005.56982421875,0.0,8930.000000000002,8827.0,8726.999999999998,0.01845113732127474,0.018238319052059585,0.01803169937320992,6.0
1M 98/95 short put spread,short_put_spread,2024-02-16,2024-03-15,28,5005.56982421875,0.98,0.95,4905.0,4755.0,0.9799084164739533,0.9499417982331596,SPXW  240315P04905000,SPXW  240315P04755000,29.1,29.4,11.8,12.0,1735.0,1719.5,1707.0,17.35,17.195,17.07,0.0034661388431851355,0.0034351733376696485,0.0034102011558023206,98/95,0.13024,0.159545,0.11949937063816615,0.010740629361833842,0.08988021697918014,5117.08984375,0.0,1735.0,1719.5,1707.0,0.0034661388431851355,0.0034351733376696485,0.0034102011558023206,1.0
1M 99/96 short put spread,short_put_spread,2024-02-16,2024-03-15,28,5005.56982421875,0.99,0.96,4955.0,4805.0,0.9898972892208845,0.9599306709800909,SPXW  240315P04955000,SPXW  240315P04805000,41.1,41.5,15.5,15.8,2565.0,2544.5,2526.999999999999,25.65,25.445,25.269999999999992,0.005124291719175719,0.005083337340913301,0.00504837628629904,99/96,0.122318,0.149091,0.11949937063816615,0.0028186293618338437,0.023586980808195213,5117.08984375,0.0,2565.0,2544.5,2526.999999999999,0.005124291719175719,0.005083337340913301,0.00504837628629904,2.0
1M 100/97 short put spread,short_put_spread,2024-02-16,2024-03-15,28,5005.56982421875,1.0,0.97,5005.0,4855.0,0.9998861619678158,0.969919543727022,SPXW  240315P05005000,SPXW  240315P04855000,58.8,59.1,21.0,21.2,3785.0,3769.5,3756.9999999999995,37.85,37.695,37.56999999999999,0.007561576669426938,0.007530611163911452,0.0075056389820441225,100/97,0.115994,0.139176,0.11949937063816615,-0.0035053706381661526,-0.029333799997826926,5117.08984375,0.0,3785.0,3769.5,3756.9999999999995,0.007561576669426938,0.007530611163911452,0.0075056389820441225,3.0
1M 101/98 short put spread,short_put_spread,2024-02-16,2024-03-15,28,5005.56982421875,1.01,0.98,5055.0,4905.0,1.009875034714747,0.9799084164739533,SPXW  240315P05055000,SPXW  240315P04905000,83.4,83.9,29.1,29.4,5440.0,5417.0,5397.0,54.4,54.17,53.97,0.010867893548661174,0.01082194473402529,0.010781989243037566,101/98,0.111682,0.13024,0.11949937063816615,-0.007817370638166149,-0.06541767204646187,5117.08984375,0.0,5440.0,5417.0,5397.0,0.010867893548661174,0.01082194473402529,0.010781989243037566,4.0
1M 102/99 short put spread,short_put_spread,2024-02-16,2024-03-15,28,5005.56982421875,1.02,0.99,5105.0,4955.0,1.0198639074616782,0.9898972892208845,SPXW  240315P05105000,SPXW  240315P04955000,113.4,117.7,41.1,41.5,7425.000000000002,7304.5,7187.0,74.25000000000001,73.045,71.87,0.014833476029192874,0.014592744195991828,0.014358005686438944,102/99,0.109025,0.122318,0.11949937063816615,-0.010474370638166156,-0.08765209877030777,5117.08984375,0.0,7425.000000000002,7304.5,7187.0,0.014833476029192874,0.014592744195991828,0.014358005686438944,5.0
1M 103/100 short put spread,short_put_spread,2024-02-16,2024-03-15,28,5005.56982421875,1.03,1.0,5155.0,5005.0,1.0298527802086095,0.9998861619678158,SPXW  240315P05155000,SPXW  240315P05005000,151.3,155.7,58.8,59.1,9455.0,9334.5,9217.0,94.55,93.345,92.17,0.01888895836444695,0.018648226531245905,0.01841348802169302,103/100,0.107059,0.115994,0.11949937063816615,-0.012440370638166151,-0.10410406826187002,5117.08984375,-3791.015625,5663.984375,5543.484375,5425.984375,0.011315363832496358,0.011074631999295316,0.010839893489742432,6.0
1M 98/95 short put spread,short_put_spread,2024-03-15,2024-04-19,35,5117.08984375,0.98,0.95,5015.0,4860.0,0.9800492375808698,0.9497585831790682,SPXW  240419P05015000,SPXW  240419P04860000,35.6,36.1,15.6,16.0,2005.0,1979.5,1957.0,20.05,19.795,19.57,0.003918242714555621,0.003868409702475238,0.0038244393976984295,98/95,0.136728,0.161545,0.11653151267206713,0.02019648732793286,0.17331352579939518,4967.22998046875,-4777.001953125,-2772.001953125,-2797.501953125,-2820.001953125,-0.005417145365369568,-0.0054669783774499514,-0.00551094868222676,1.0
1M 99/96 short put spread,short_put_spread,2024-03-15,2024-04-19,35,5117.08984375,0.99,0.96,5065.0,4910.0,0.9898204164201607,0.9595297620183592,SPXW  240419P05065000,SPXW  240419P04910000,47.8,48.2,19.9,20.4,2785.0,2759.5,2737.0,27.85,27.595,27.37,0.005442546613484991,0.005392713601404607,0.005348743296627798,99/96,0.130171,0.15274,0.11653151267206713,0.013639487327932881,0.11704548422293248,4967.22998046875,-9777.001953125,-6992.001953125,-7017.501953125,-7040.001953125,-0.013664020305731026,-0.013713853317811409,-0.013757823622588218,2.0
1M 100/97 short put spread,short_put_spread,2024-03-15,2024-04-19,35,5117.08984375,1.0,0.97,5115.0,4965.0,0.9995915952594515,0.970278058741579,SPXW  240419P05115000,SPXW  240419P04965000,64.3,64.8,26.8,27.2,3755.0,3729.5,3707.0,37.55,37.295,37.07,0.007338155308307411,0.007288322296227027,0.007244351991450218,100/97,0.124556,0.143931,0.11653151267206713,0.008024487327932872,0.06886109296902965,4967.22998046875,-14777.001953125,-11022.001953125,-11047.501953125,-11070.001953125,-0.02153959045019943,-0.021589423462279815,-0.021633393767056624,3.0
1M 101/98 short put spread,short_put_spread,2024-03-15,2024-04-19,35,5117.08984375,1.01,0.98,5170.0,5015.0,1.0103398919826714,0.9800492375808698,SPXW  240419P05170000,SPXW  240419P05015000,88.4,89.0,35.6,36.1,5285.0,5254.500000000002,5227.0,52.85,52.545000000000016,52.27,0.010328136033130403,0.010268531842210733,0.01021479035859463,101/98,0.119199,0.136728,0.11653151267206713,0.0026674873279328715,0.0228906951155734,4967.22998046875,-15500.0,-10215.0,-10245.499999999998,-10273.0,-0.019962518368671158,-0.02002212255959083,-0.02007586404320693,4.0
1M 102/99 short put spread,short_put_spread,2024-03-15,2024-04-19,35,5117.08984375,1.02,0.99,5220.0,5065.0,1.0201110708219623,0.9898204164201607,SPXW  240419P05220000,SPXW  240419P05065000,116.4,117.0,47.8,48.2,6870.0,6842.000000000002,6817.0,68.7,68.42000000000002,68.17,0.013425599725185595,0.01337088112368557,0.013322025229489113,102/99,0.115182,0.130171,0.11653151267206713,-0.0013495126720671213,-0.011580667247191756,4967.22998046875,-15500.0,-8630.0,-8657.999999999998,-8683.0,-0.016865054676615965,-0.01691977327811599,-0.016968629172312448,5.0
1M 103/100 short put spread,short_put_spread,2024-03-15,2024-04-19,35,5117.08984375,1.03,1.0,5270.0,5115.0,1.029882249661253,0.9995915952594515,SPXW  240419P05270000,SPXW  240419P05115000,146.1,154.5,64.3,64.8,8575.000000000002,8349.500000000002,8127.000000000002,85.75000000000001,83.49500000000002,81.27000000000002,0.01675757170938377,0.016316891543731754,0.01588207408538331,103/100,0.111681,0.124556,0.11653151267206713,-0.0048505126720671254,-0.04162404280906418,4967.22998046875,-15500.0,-6924.999999999998,-7150.499999999998,-7372.999999999998,-0.01353308269241779,-0.013973762858069807,-0.014408580316418248,6.0
1M 98/95 short put spread,short_put_spread,2024-04-19,2024-05-17,28,4967.22998046875,0.98,0.95,4870.0,4720.0,0.9804257139590757,0.9502277966913424,SPXW  240517P04870000,SPXW  240517P04720000,50.5,51.0,23.7,24.2,2680.0,2652.0,2627.0,26.8,26.52,26.27,0.00539536121850169,0.005338991772935254,0.0052886619108223655,98/95,0.178724,0.202402,0.10916942368308422,0.06955457631691578,0.6371250664364665,5303.27001953125,0.0,2680.0,2652.0,2627.0,0.00539536121850169,0.005338991772935254,0.0052886619108223655,1.0
1M 99/96 short put spread,short_put_spread,2024-04-19,2024-05-17,28,4967.22998046875,0.99,0.96,4920.0,4770.0,0.9904916863816535,0.9602937691139202,SPXW  240517P04920000,SPXW  240517P04770000,65.0,65.5,30.4,30.9,3460.0,3432.0,3407.0,34.6,34.32,34.07,0.006965652916423823,0.006909283470857388,0.006858953608744499,99/96,0.171398,0.194165,0.10916942368308422,0.06222857631691578,0.5700183642771954,5303.27001953125,0.0,3460.0,3432.0,3407.0,0.006965652916423823,0.006909283470857388,0.006858953608744499,2.0
1M 100/97 short put spread,short_put_spread,2024-04-19,2024-05-17,28,4967.22998046875,1.0,0.97,4965.0,4820.0,0.9995510615619735,0.970359741536498,SPXW  240517P04965000,SPXW  240517P04820000,81.3,81.9,39.1,39.6,4224.999999999999,4194.499999999999,4166.999999999998,42.24999999999999,41.94499999999999,41.66999999999998,0.008505746697078221,0.008444344265300498,0.008388981416976318,100/97,0.165155,0.186158,0.10916942368308422,0.05598557631691578,0.5128320222651386,5303.27001953125,0.0,4224.999999999999,4194.499999999999,4166.999999999998,0.008505746697078221,0.008444344265300498,0.008388981416976318,3.0
1M 101/98 short put spread,short_put_spread,2024-04-19,2024-05-17,28,4967.22998046875,1.01,0.98,5015.0,4870.0,1.0096170339845514,0.9804257139590757,SPXW  240517P05015000,SPXW  240517P04870000,103.6,104.2,50.5,51.0,5315.0,5284.5,5257.0,53.15,52.845,52.57,0.01070012868520018,0.010638726253422456,0.010583363405098278,101/98,0.158468,0.178724,0.10916942368308422,0.04929857631691578,0.45157860739494393,5303.27001953125,0.0,5315.0,5284.5,5257.0,0.01070012868520018,0.010638726253422456,0.010583363405098278,4.0
1M 102/99 short put spread,short_put_spread,2024-04-19,2024-05-17,28,4967.22998046875,1.02,0.99,5065.0,4920.0,1.0196830064071292,0.9904916863816535,SPXW  240517P05065000,SPXW  240517P04920000,130.7,131.4,65.0,65.5,6580.000000000002,6547.0,6516.999999999998,65.80000000000001,65.47,65.16999999999999,0.013246819708112362,0.013180384290123345,0.013119988455587874,102/99,0.152192,0.171398,0.10916942368308422,0.04302257631691578,0.39408998294072806,5303.27001953125,0.0,6580.000000000002,6547.0,6516.999999999998,0.013246819708112362,0.013180384290123345,0.013119988455587874,5.0
1M 103/100 short put spread,short_put_spread,2024-04-19,2024-05-17,28,4967.22998046875,1.03,1.0,5115.0,4965.0,1.029748978829707,0.9995510615619735,SPXW  240517P05115000,SPXW  240517P04965000,161.7,165.5,81.3,81.9,8200.0,8086.999999999998,7976.999999999997,82.0,80.86999999999998,79.76999999999997,0.01650819477302756,0.016280703796277298,0.016059252402980582,103/100,0.147183,0.165155,0.10916942368308422,0.03801357631691579,0.3482071722506124,5303.27001953125,0.0,8200.0,8086.999999999998,7976.999999999997,0.01650819477302756,0.016280703796277298,0.016059252402980582,6.0
1M 98/95 short put spread,short_put_spread,2024-05-17,2024-06-21,35,5303.27001953125,0.98,0.95,5195.0,5040.0,0.9795842906107919,0.9503570403615768,SPXW  240621P05195000,SPXW  240621P05040000,26.5,26.8,10.6,10.8,1595.0,1579.5,1567.0,15.95,15.795,15.67,0.0030075783320966565,0.0029783510818474413,0.0029547807187432357,98/95,0.114971,0.139758,0.11654228032751797,-0.0015712803275179654,-0.013482491702601074,5464.6201171875,0.0,1595.0,1579.5,1567.0,0.0030075783320966565,0.0029783510818474413,0.0029547807187432357,1.0
1M 99/96 short put spread,short_put_spread,2024-05-17,2024-06-21,35,5303.27001953125,0.99,0.96,5250.0,5090.0,0.9899552503766424,0.9597851856032591,SPXW  240621P05250000,SPXW  240621P05090000,38.4,38.7,13.9,14.2,2449.9999999999995,2431.9999999999995,2416.999999999999,24.499999999999996,24.319999999999997,24.16999999999999,0.004619791168424331,0.0045858498455542745,0.0045575654098292265,99/96,0.107609,0.131335,0.11654228032751797,-0.008933280327517973,-0.07665269893821225,5464.6201171875,0.0,2449.9999999999995,2431.9999999999995,2416.999999999999,0.004619791168424331,0.0045858498455542745,0.0045575654098292265,2.0
1M 100/97 short put spread,short_put_spread,2024-05-17,2024-06-21,35,5303.27001953125,1.0,0.97,5305.0,5145.0,1.000326210142493,0.9701561453691095,SPXW  240621P05305000,SPXW  240621P05145000,56.3,56.8,19.2,19.5,3720.0,3697.0,3677.0,37.2,36.97,36.77,0.007014540059811638,0.006971170591699899,0.0069334580107331695,100/97,0.101718,0.122309,0.11654228032751797,-0.014824280327517966,-0.1272008775343797,5464.6201171875,0.0,3720.0,3697.0,3677.0,0.007014540059811638,0.006971170591699899,0.0069334580107331695,3.0
1M 101/98 short put spread,short_put_spread,2024-05-17,2024-06-21,35,5303.27001953125,1.01,0.98,5355.0,5195.0,1.0097543553841752,0.9795842906107919,SPXW  240621P05355000,SPXW  240621P05195000,79.5,79.9,26.5,26.8,5305.0,5284.499999999999,5267.0,53.05,52.84499999999999,52.67,0.01000326210142493,0.00996460670593403,0.009931608197588144,101/98,0.097831,0.114971,0.11654228032751797,-0.018711280327517968,-0.16055357999632225,5464.6201171875,0.0,5305.0,5284.499999999999,5267.0,0.01000326210142493,0.00996460670593403,0.009931608197588144,4.0
1M 102/99 short put spread,short_put_spread,2024-05-17,2024-06-21,35,5303.27001953125,1.02,0.99,5410.0,5250.0,1.0201253151500258,0.9899552503766424,SPXW  240621P05410000,SPXW  240621P05250000,108.3,117.8,38.4,38.7,7450.0,7202.0,6957.0,74.5,72.02,69.57,0.01404793641010664,0.013580300406119197,0.013118321289276764,102/99,0.094795,0.107609,0.11654228032751797,-0.021747280327517965,-0.18660421150505835,5464.6201171875,0.0,7450.0,7202.0,6957.0,0.01404793641010664,0.013580300406119197,0.013118321289276764,5.0
1M 103/100 short put spread,short_put_spread,2024-05-17,2024-06-21,35,5303.27001953125,1.03,1.0,5460.0,5305.0,1.029553460391708,1.000326210142493,SPXW  240621P05460000,SPXW  240621P05305000,146.0,153.3,56.3,56.8,9310.0,9111.999999999998,8917.0,93.1,91.11999999999998,89.17,0.01755520644001246,0.017181851888441835,0.01681415422401623,103/100,0.092296,0.101718,0.11654228032751797,-0.024246280327517966,-0.20804707321135996,5464.6201171875,0.0,9310.0,9111.999999999998,8917.0,0.01755520644001246,0.017181851888441835,0.01681415422401623,6.0
1M 98/95 short put spread,short_put_spread,2024-06-21,2024-07-19,28,5464.6201171875,0.98,0.95,5355.0,5190.0,0.9799400297117233,0.9497457991043593,SPXW  240719P05355000,SPXW  240719P05190000,25.2,25.5,9.4,9.6,1585.0,1569.5,1557.0000000000005,15.85,15.695,15.570000000000004,0.00290047609167709,0.002872111814439869,0.002849237397313079,98/95,0.12525,0.153174,0.0825013883589128,0.0427486116410872,0.5181562697480226,5505.0,0.0,1585.0,1569.5,1557.0000000000005,0.00290047609167709,0.002872111814439869,0.002849237397313079,1.0
1M 99/96 short put spread,short_put_spread,2024-06-21,2024-07-19,28,5464.6201171875,0.99,0.96,5410.0,5245.0,0.9900047732475113,0.9598105426401473,SPXW  240719P05410000,SPXW  240719P05245000,36.5,36.7,12.7,13.0,2375.0,2359.4999999999995,2347.0,23.75,23.594999999999995,23.47,0.004346139254090276,0.004317774976853055,0.004294900559726264,99/96,0.117087,0.14334,0.0825013883589128,0.0345856116410872,0.41921248028731917,5505.0,0.0,2375.0,2359.4999999999995,2347.0,0.004346139254090276,0.004317774976853055,0.004294900559726264,2.0
1M 100/97 short put spread,short_put_spread,2024-06-21,2024-07-19,28,5464.6201171875,1.0,0.97,5465.0,5300.0,1.0000695167832994,0.9698752861759353,SPXW  240719P05465000,SPXW  240719P05300000,53.2,53.6,17.7,18.0,3555.000000000001,3534.5,3517.0,35.55000000000001,35.345,35.17,0.006505484230859342,0.006467970186771403,0.006435946002793896,100/97,0.109939,0.134031,0.0825013883589128,0.027437611641087198,0.33257151409044194,5505.0,0.0,3555.000000000001,3534.5,3517.0,0.006505484230859342,0.006467970186771403,0.006435946002793896,3.0
1M 101/98 short put spread,short_put_spread,2024-06-21,2024-07-19,28,5464.6201171875,1.01,0.98,5520.0,5355.0,1.0101342603190875,0.9799400297117233,SPXW  240719P05520000,SPXW  240719P05355000,77.5,77.9,25.2,25.5,5235.0,5214.499999999999,5197.0,52.35,52.14499999999999,51.97,0.009579805892700041,0.009542291848612102,0.009510267664634597,101/98,0.104259,0.12525,0.0825013883589128,0.021757611641087207,0.2637241878455818,5505.0,-1500.0,3735.0,3714.499999999999,3697.0,0.00683487583748513,0.006797361793397191,0.006765337609419685,4.0
1M 102/99 short put spread,short_put_spread,2024-06-21,2024-07-19,28,5464.6201171875,1.02,0.99,5575.0,5410.0,1.0201990038548754,0.9900047732475113,SPXW  240719P05575000,SPXW  240719P05410000,108.2,114.4,36.5,36.7,7470.000000000002,7307.000000000002,7147.000000000002,74.70000000000002,73.07000000000002,71.47000000000001,0.013669751674970263,0.013371469275636908,0.013078676736413984,102/99,0.101592,0.117087,0.0825013883589128,0.019090611641087205,0.23139745913166565,5505.0,-7000.0,470.0000000000018,307.0000000000018,147.00000000000182,0.0008600780839673422,0.0005617956846339885,0.00026900314541106467,5.0
1M 103/100 short put spread,short_put_spread,2024-06-21,2024-07-19,28,5464.6201171875,1.03,1.0,5630.0,5465.0,1.0302637473906635,1.0000695167832994,SPXW  240719P05630000,SPXW  240719P05465000,147.7,155.5,53.2,53.6,9820.0,9611.999999999996,9406.999999999996,98.2,96.11999999999996,94.06999999999996,0.017970142094806952,0.017589511793817146,0.017214371352937775,103/100,0.098035,0.109939,0.0825013883589128,0.0155336116410872,0.18828303317163586,5505.0,-12500.0,-2680.0,-2888.0000000000036,-3093.0000000000036,-0.004904275031983975,-0.0052849053329737826,-0.005660045773853154,6.0
1M 98/95 short put spread,short_put_spread,2024-07-19,2024-08-16,28,5505.0,0.98,0.95,5395.0,5230.0,0.9800181653042689,0.9500454132606722,SPXW  240816P05395000,SPXW  240816P05230000,42.2,42.5,18.9,19.2,2330.0,2312.0000000000014,2297.0000000000005,23.3,23.120000000000015,22.970000000000006,0.004232515894641235,0.004199818346957314,0.004172570390554043,98/95,0.153987,0.18161,0.09553625819281758,0.05845074180718243,0.6118173656038872,5554.25,0.0,2330.0,2312.0000000000014,2297.0000000000005,0.004232515894641235,0.004199818346957314,0.004172570390554043,1.0
1M 99/96 short put spread,short_put_spread,2024-07-19,2024-08-16,28,5505.0,0.99,0.96,5450.0,5285.0,0.9900090826521344,0.9600363306085377,SPXW  240816P05450000,SPXW  240816P05285000,56.0,56.4,24.3,24.7,3170.0,3147.0,3127.0,31.7,31.47,31.27,0.0057584014532243415,0.005716621253405995,0.005680290644868301,99/96,0.145533,0.171826,0.09553625819281758,0.049996741807182415,0.5233274021081682,5554.25,0.0,3170.0,3147.0,3127.0,0.0057584014532243415,0.005716621253405995,0.005680290644868301,2.0
1M 100/97 short put spread,short_put_spread,2024-07-19,2024-08-16,28,5505.0,1.0,0.97,5505.0,5340.0,1.0,0.9700272479564033,SPXW  240816P05505000,SPXW  240816P05340000,74.3,74.7,31.9,32.2,4245.0,4224.500000000001,4207.0,42.45,42.24500000000001,42.07,0.007711171662125341,0.007673932788374207,0.007642143505903724,100/97,0.137156,0.162694,0.09553625819281758,0.04161974180718242,0.43564341533224704,5554.25,0.0,4245.0,4224.500000000001,4207.0,0.007711171662125341,0.007673932788374207,0.007642143505903724,3.0
1M 101/98 short put spread,short_put_spread,2024-07-19,2024-08-16,28,5505.0,1.01,0.98,5560.0,5395.0,1.0099909173478656,0.9800181653042689,SPXW  240816P05560000,SPXW  240816P05395000,98.3,98.8,42.2,42.5,5620.0,5597.0,5577.0,56.2,55.97,55.77,0.010208900999091735,0.010167120799273387,0.010130790190735695,101/98,0.129281,0.153987,0.09553625819281758,0.03374474180718243,0.3532139780802024,5554.25,-575.0,5045.0,5022.0,5002.0,0.00916439600363306,0.009122615803814713,0.009086285195277021,4.0
1M 102/99 short put spread,short_put_spread,2024-07-19,2024-08-16,28,5505.0,1.02,0.99,5615.0,5450.0,1.0199818346957312,0.9900090826521344,SPXW  240816P05615000,SPXW  240816P05450000,129.1,129.8,56.0,56.4,7324.999999999998,7294.499999999998,7266.999999999995,73.24999999999999,72.94499999999998,72.66999999999996,0.01330608537693006,0.013250681198910078,0.013200726612170746,102/99,0.122365,0.145533,0.09553625819281758,0.02682874180718242,0.2808226145201844,5554.25,-6075.0,1249.9999999999982,1219.4999999999982,1191.9999999999955,0.0022706630336058096,0.0022152588555858278,0.002165304268846495,5.0
1M 103/100 short put spread,short_put_spread,2024-07-19,2024-08-16,28,5505.0,1.03,1.0,5670.0,5505.0,1.0299727520435968,1.0,SPXW  240816P05670000,SPXW  240816P05505000,167.0,168.6,74.3,74.7,9330.0,9277.0,9227.0,93.3,92.77,92.27,0.016948228882833788,0.0168519527702089,0.01676112624886467,103/100,0.117423,0.137156,0.09553625819281758,0.02188674180718242,0.22909356323134555,5554.25,-11575.0,-2245.0,-2298.0,-2348.0,-0.00407811080835604,-0.0041743869209809265,-0.004265213442325159,6.0
1M 98/95 short put spread,short_put_spread,2024-08-16,2024-09-20,35,5554.25,0.98,0.95,5445.0,5275.0,0.9803303776387451,0.9497231849484629,SPXW  240920P05445000,SPXW  240920P05275000,43.3,43.9,20.1,20.6,2324.999999999999,2294.5,2267.0,23.24999999999999,22.945,22.67,0.004185983706170949,0.004131070801638385,0.004081559166404105,98/95,0.142403,0.169183,0.22046726632731992,-0.07806426632731991,-0.35408551857952764,5702.5498046875,0.0,2324.999999999999,2294.5,2267.0,0.004185983706170949,0.004131070801638385,0.004081559166404105,1.0
1M 99/96 short put spread,short_put_spread,2024-08-16,2024-09-20,35,5554.25,0.99,0.96,5500.0,5330.0,0.9902327046856011,0.9596255119953189,SPXW  240920P05500000,SPXW  240920P05330000,56.4,57.1,25.4,26.0,3105.0,3069.5,3037.0,31.05,30.695,30.37,0.005590313723725075,0.0055263987036953685,0.005467884952963947,99/96,0.134191,0.160154,0.22046726632731992,-0.08627626632731991,-0.3913336785299846,5702.5498046875,0.0,3105.0,3069.5,3037.0,0.005590313723725075,0.0055263987036953685,0.005467884952963947,2.0
1M 100/97 short put spread,short_put_spread,2024-08-16,2024-09-20,35,5554.25,1.0,0.97,5555.0,5390.0,1.000135031732457,0.9704280505918891,SPXW  240920P05555000,SPXW  240920P05390000,74.0,74.8,33.4,34.0,4070.0000000000005,4032.0,3997.0,40.7,40.32,39.97,0.007327722014673449,0.007259305936895171,0.007196291128415177,100/97,0.126587,0.150783,0.22046726632731992,-0.09388026632731991,-0.4258240594680356,5702.5498046875,0.0,4070.0000000000005,4032.0,3997.0,0.007327722014673449,0.007259305936895171,0.007196291128415177,3.0
1M 101/98 short put spread,short_put_spread,2024-08-16,2024-09-20,35,5554.25,1.01,0.98,5610.0,5445.0,1.0100373587793132,0.9803303776387451,SPXW  240920P05610000,SPXW  240920P05445000,96.9,98.0,43.3,43.9,5385.000000000001,5339.500000000003,5297.000000000001,53.85000000000001,53.395000000000024,52.970000000000006,0.00969527839042175,0.009613359139397763,0.009536841157672055,101/98,0.119381,0.142403,0.22046726632731992,-0.10108626632731992,-0.4585091837499392,5702.5498046875,0.0,5385.000000000001,5339.500000000003,5297.000000000001,0.00969527839042175,0.009613359139397763,0.009536841157672055,4.0
1M 102/99 short put spread,short_put_spread,2024-08-16,2024-09-20,35,5554.25,1.02,0.99,5665.0,5500.0,1.0199396858261691,0.9902327046856011,SPXW  240920P05665000,SPXW  240920P05500000,124.4,129.6,56.4,57.1,7025.0,6874.5,6727.0,70.25,68.745,67.27,0.012647972273484269,0.0123770085970203,0.012111446189854616,102/99,0.112943,0.134191,0.22046726632731992,-0.10752426632731991,-0.4877107977003827,5702.5498046875,0.0,7025.0,6874.5,6727.0,0.012647972273484269,0.0123770085970203,0.012111446189854616,5.0
1M 103/100 short put spread,short_put_spread,2024-08-16,2024-09-20,35,5554.25,1.03,1.0,5720.0,5555.0,1.0298420128730252,1.000135031732457,SPXW  240920P05720000,SPXW  240920P05555000,161.2,166.3,74.0,74.8,8935.0,8784.5,8636.999999999996,89.35,87.845,86.36999999999996,0.016086780393392446,0.01581581671692848,0.015550254309762788,103/100,0.108011,0.126587,0.22046726632731992,-0.11245626632731992,-0.5100814656102285,5702.5498046875,-1745.01953125,7189.98046875,7039.48046875,6891.980468749996,0.01294500692037629,0.012674043243912319,0.012408480836746628,6.0
1M 98/95 short put spread,short_put_spread,2024-09-20,2024-10-18,28,5702.5498046875,0.98,0.95,5590.0,5415.0,0.9802632491530395,0.9495752225695365,SPXW  241018P05590000,SPXW  241018P05415000,40.7,41.2,19.1,19.4,2170.0000000000005,2147.0000000000005,2127.000000000001,21.700000000000003,21.470000000000006,21.27000000000001,0.0038053152963543765,0.003764982461416058,0.0037299104310349125,98/95,0.144817,0.179155,0.1493059770771641,-0.004488977077164086,-0.03006562205372465,5864.669921875,0.0,2170.0000000000005,2147.0000000000005,2127.000000000001,0.0038053152963543765,0.003764982461416058,0.0037299104310349125,1.0
1M 99/96 short put spread,short_put_spread,2024-09-20,2024-10-18,28,5702.5498046875,0.99,0.96,5645.0,5475.0,0.9899080575078548,0.9600968316838805,SPXW  241018P05645000,SPXW  241018P05475000,52.9,53.4,24.4,24.8,2855.0,2829.4999999999995,2806.9999999999995,28.55,28.294999999999995,28.069999999999997,0.005006532336908637,0.004961815498172675,0.004922359463993885,99/96,0.133952,0.167371,0.1493059770771641,-0.0153539770771641,-0.10283564916646892,5864.669921875,0.0,2855.0,2829.4999999999995,2806.9999999999995,0.005006532336908637,0.004961815498172675,0.004922359463993885,2.0
1M 100/97 short put spread,short_put_spread,2024-09-20,2024-10-18,28,5702.5498046875,1.0,0.97,5705.0,5530.0,1.0004296666221988,0.9697416400386957,SPXW  241018P05705000,SPXW  241018P05530000,71.9,72.5,31.0,31.4,4100.0,4072.0000000000014,4047.000000000001,41.0,40.72000000000001,40.470000000000006,0.0071897662281349955,0.007140665385601393,0.007096825347624959,100/97,0.123267,0.156613,0.1493059770771641,-0.026038977077164085,-0.1744000982874695,5864.669921875,0.0,4100.0,4072.0000000000014,4047.000000000001,0.0071897662281349955,0.007140665385601393,0.007096825347624959,3.0
1M 101/98 short put spread,short_put_spread,2024-09-20,2024-10-18,28,5702.5498046875,1.01,0.98,5760.0,5590.0,1.0100744749770139,0.9802632491530395,SPXW  241018P05760000,SPXW  241018P05590000,96.8,97.5,40.7,41.2,5620.0,5587.0,5557.000000000002,56.2,55.87,55.57000000000002,0.009855240537102116,0.009797371686973224,0.009744763641401508,101/98,0.115664,0.144817,0.1493059770771641,-0.033641977077164084,-0.22532237312761627,5864.669921875,0.0,5620.0,5587.0,5557.000000000002,0.009855240537102116,0.009797371686973224,0.009744763641401508,4.0
1M 102/99 short put spread,short_put_spread,2024-09-20,2024-10-18,28,5702.5498046875,1.02,0.99,5815.0,5645.0,1.0197192833318292,0.9899080575078548,SPXW  241018P05815000,SPXW  241018P05645000,123.2,134.9,52.9,53.4,7590.000000000002,7282.000000000002,6977.000000000002,75.90000000000002,72.82000000000002,69.77000000000002,0.01330983552964503,0.012769726261775378,0.012234877798462896,102/99,0.108153,0.133952,0.1493059770771641,-0.04115297707716409,-0.2756284636608719,5864.669921875,0.0,7590.000000000002,7282.000000000002,6977.000000000002,0.01330983552964503,0.012769726261775378,0.012234877798462896,6.0
1M 103/100 short put spread,short_put_spread,2024-09-20,2024-10-18,28,5702.5498046875,1.03,1.0,5875.0,5705.0,1.030240892446173,1.0004296666221988,SPXW  241018P05875000,SPXW  241018P05705000,171.5,181.7,71.9,72.5,10440.0,10167.0,9897.0,104.4,101.67,98.97,0.018307599858958377,0.01782886664425573,0.017355394234110255,103/100,0.110964,0.123267,0.1493059770771641,-0.038341977077164094,-0.2568013540231431,5864.669921875,-1033.0078125,9406.9921875,9133.9921875,8863.9921875,0.016496115789760304,0.016017382575057654,0.01554391016491218,5.0
1M 98/95 short put spread,short_put_spread,2024-10-18,2024-11-15,28,5864.669921875,0.98,0.95,5745.0,5570.0,0.9795947728569283,0.9497550713338713,SPXW  241115P05745000,SPXW  241115P05570000,48.9,49.3,24.0,24.3,2494.999999999999,2474.499999999999,2456.9999999999995,24.949999999999992,24.74499999999999,24.569999999999997,0.004254288874287268,0.004219333795360258,0.004189494093837202,98/95,0.163,0.193342,0.0888531221720699,0.0741468778279301,0.8344881532056894,5870.6201171875,0.0,2494.999999999999,2474.499999999999,2456.9999999999995,0.004254288874287268,0.004219333795360258,0.004189494093837202,1.0
1M 99/96 short put spread,short_put_spread,2024-10-18,2024-11-15,28,5864.669921875,0.99,0.96,5805.0,5630.0,0.9898255276648336,0.9599858261417765,SPXW  241115P05805000,SPXW  241115P05630000,63.5,64.0,30.3,30.7,3325.0,3299.5,3277.0,33.25,32.995,32.77,0.005669543289380829,0.005626062581447232,0.005587697250917588,99/96,0.153083,0.182745,0.0888531221720699,0.06422987782793009,0.7228769936023713,5870.6201171875,0.0,3325.0,3299.5,3277.0,0.005669543289380829,0.005626062581447232,0.005587697250917588,2.0
1M 100/97 short put spread,short_put_spread,2024-10-18,2024-11-15,28,5864.669921875,1.0,0.97,5865.0,5690.0,1.0000562824727388,0.9702165809496818,SPXW  241115P05865000,SPXW  241115P05690000,83.1,83.6,38.7,39.1,4445.0,4419.499999999999,4396.999999999999,44.45,44.19499999999999,43.96999999999999,0.007579284186856478,0.0075358034789228786,0.007497438148393234,100/97,0.143716,0.172285,0.0888531221720699,0.054862877827930104,0.6174558247000543,5870.6201171875,0.0,4445.0,4419.499999999999,4396.999999999999,0.007579284186856478,0.0075358034789228786,0.007497438148393234,3.0
1M 101/98 short put spread,short_put_spread,2024-10-18,2024-11-15,28,5864.669921875,1.01,0.98,5925.0,5745.0,1.010287037280644,0.9795947728569283,SPXW  241115P05925000,SPXW  241115P05745000,109.0,109.5,48.9,49.3,6015.000000000001,5989.5,5967.0,60.150000000000006,59.895,59.67,0.01025633169492502,0.010212850986991422,0.010174485656461778,101/98,0.135145,0.163,0.0888531221720699,0.04629187782793008,0.5209932605213672,5870.6201171875,-5437.98828125,577.0117187500009,551.51171875,529.01171875,0.0009838775693032078,0.000940396861369609,0.0009020315308399643,4.0
1M 102/99 short put spread,short_put_spread,2024-10-18,2024-11-15,28,5864.669921875,1.02,0.99,5980.0,5805.0,1.0196652291878905,0.9898255276648336,SPXW  241115P05980000,SPXW  241115P05805000,139.3,139.8,63.5,64.0,7580.000000000002,7552.000000000002,7527.000000000002,75.80000000000001,75.52000000000002,75.27000000000002,0.012924853573986976,0.012877110051550086,0.012834481906517148,102/99,0.128332,0.153083,0.0888531221720699,0.039478877827930095,0.4443161575287884,5870.6201171875,-10937.98828125,-3357.988281249998,-3385.988281249998,-3410.988281249998,-0.005725792458881321,-0.005773535981318212,-0.005816164126351151,5.0
1M 103/100 short put spread,short_put_spread,2024-10-18,2024-11-15,28,5864.669921875,1.03,1.0,6040.0,5865.0,1.0298959839957957,1.0000562824727388,SPXW  241115P06040000,SPXW  241115P05865000,178.5,181.9,83.1,83.6,9685.0,9584.5,9487.0,96.85,95.845,94.87,0.0165141433857604,0.01634277824272799,0.01617652847709953,103/100,0.122511,0.143716,0.0888531221720699,0.03365787782793009,0.3788035468551054,5870.6201171875,-16937.98828125,-7252.98828125,-7353.48828125,-7450.98828125,-0.012367257455013153,-0.012538622598045565,-0.012704872363674027,6.0
1M 98/95 short put spread,short_put_spread,2024-11-15,2024-12-20,35,5870.6201171875,0.98,0.95,5755.0,5575.0,0.9803052974167078,0.9496441412855162,SPXW  241220P05755000,SPXW  241220P05575000,50.5,50.9,25.6,25.8,2499.9999999999995,2481.9999999999995,2466.9999999999995,24.999999999999996,24.819999999999997,24.669999999999995,0.004258493907109937,0.004227832750978746,0.004202281787536086,98/95,0.15059,0.180104,0.14067907950291522,0.00991092049708478,0.0704505640220614,5930.85009765625,0.0,2499.9999999999995,2481.9999999999995,2466.9999999999995,0.004258493907109937,0.004227832750978746,0.004202281787536086,1.0
1M 99/96 short put spread,short_put_spread,2024-11-15,2024-12-20,35,5870.6201171875,0.99,0.96,5810.0,5635.0,0.9896739840123496,0.95986452666258,SPXW  241220P05810000,SPXW  241220P05635000,63.1,63.6,31.8,32.1,3139.9999999999995,3116.9999999999995,3097.0,31.399999999999995,31.169999999999995,30.97,0.005348668347330081,0.00530949020338467,0.005275422252127792,99/96,0.141673,0.170225,0.14067907950291522,0.0009939204970847715,0.007065162073826237,5930.85009765625,0.0,3139.9999999999995,3116.9999999999995,3097.0,0.005348668347330081,0.00530949020338467,0.005275422252127792,2.0
1M 100/97 short put spread,short_put_spread,2024-11-15,2024-12-20,35,5870.6201171875,1.0,0.97,5870.0,5695.0,0.9998943693894135,0.9700849120396439,SPXW  241220P05870000,SPXW  241220P05695000,81.4,81.9,39.9,40.3,4155.000000000002,4129.500000000002,4107.000000000002,41.55000000000002,41.295000000000016,41.07000000000002,0.007077616873616721,0.007034180235764199,0.006995853790600209,100/97,0.132524,0.160433,0.14067907950291522,-0.008155079502915219,-0.05796938344870406,5930.85009765625,0.0,4155.000000000002,4129.500000000002,4107.000000000002,0.007077616873616721,0.007034180235764199,0.006995853790600209,3.0
1M 101/98 short put spread,short_put_spread,2024-11-15,2024-12-20,35,5870.6201171875,1.01,0.98,5930.0,5755.0,1.0101147547664773,0.9803052974167078,SPXW  241220P05930000,SPXW  241220P05755000,105.7,106.3,50.5,50.9,5530.0,5502.0,5476.999999999999,55.3,55.02,54.76999999999999,0.009419788522527183,0.009372093390767552,0.009329508451696451,101/98,0.124221,0.15059,0.14067907950291522,-0.016458079502915224,-0.1169902416270372,5930.85009765625,0.0,5530.0,5502.0,5476.999999999999,0.009419788522527183,0.009372093390767552,0.009329508451696451,4.0
1M 102/99 short put spread,short_put_spread,2024-11-15,2024-12-20,35,5870.6201171875,1.02,0.99,5990.0,5810.0,1.0203351401435412,0.9896739840123496,SPXW  241220P05990000,SPXW  241220P05810000,137.7,138.3,63.1,63.6,7465.0,7434.5,7406.999999999998,74.65,74.345,74.06999999999998,0.012715862806630276,0.012663909180963533,0.012617065747985321,102/99,0.117581,0.141673,0.14067907950291522,-0.023098079502915217,-0.16418986806376257,5930.85009765625,-5914.990234375,1550.009765625,1519.509765625,1492.0097656249982,0.0026402828571499863,0.0025883292314832452,0.0025414857985050325,5.0
1M 103/100 short put spread,short_put_spread,2024-11-15,2024-12-20,35,5870.6201171875,1.03,1.0,6045.0,5870.0,1.0297038267391831,0.9998943693894135,SPXW  241220P06045000,SPXW  241220P05870000,169.2,179.5,81.4,81.9,9270.0,8996.999999999996,8727.0,92.7,89.96999999999997,87.27,0.01579049540756365,0.01532546787290724,0.014865550530939372,103/100,0.113107,0.132524,0.14067907950291522,-0.027572079502915223,-0.19599274888874907,5930.85009765625,-11414.990234375,-2144.990234375,-2417.9902343750036,-2687.990234375,-0.0036537711375585025,-0.004118798672214914,-0.004578716014182781,6.0
1M 98/95 short put spread,short_put_spread,2024-12-20,2025-01-17,28,5930.85009765625,0.98,0.95,5810.0,5635.0,0.9796234779725748,0.9501167467083406,SPXW  250117P05810000,SPXW  250117P05635000,51.2,51.8,26.6,27.2,2460.0,2427.0000000000005,2397.0000000000005,24.6,24.270000000000003,23.970000000000006,0.004147803366286633,0.004092162101616935,0.004041579133735391,98/95,0.169773,0.201644,0.13116456689205994,0.03860843310794007,0.29435108903849283,5996.66015625,0.0,2460.0,2427.0000000000005,2397.0000000000005,0.004147803366286633,0.004092162101616935,0.004041579133735391,1.0
1M 99/96 short put spread,short_put_spread,2024-12-20,2025-01-17,28,5930.85009765625,0.99,0.96,5870.0,5695.0,0.9897400715488835,0.9602333402846494,SPXW  250117P05870000,SPXW  250117P05695000,64.8,65.4,33.0,33.6,3179.9999999999995,3146.9999999999995,3116.9999999999986,31.799999999999997,31.469999999999995,31.169999999999987,0.005361794595443696,0.005306153330773997,0.005255570362892451,99/96,0.158503,0.190594,0.13116456689205994,0.02733843310794007,0.20842849372908656,5996.66015625,0.0,3179.9999999999995,3146.9999999999995,3116.9999999999986,0.005361794595443696,0.005306153330773997,0.005255570362892451,2.0
1M 100/97 short put spread,short_put_spread,2024-12-20,2025-01-17,28,5930.85009765625,1.0,0.97,5930.0,5755.0,0.9998566651251924,0.9703499338609582,SPXW  250117P05930000,SPXW  250117P05755000,82.4,83.0,41.4,42.0,4100.0,4067.000000000002,4037.0,41.0,40.670000000000016,40.37,0.006913005610477722,0.006857364345808026,0.006806781377926479,100/97,0.146944,0.179812,0.13116456689205994,0.015779433107940055,0.12030255946276647,5996.66015625,0.0,4100.0,4067.000000000002,4037.0,0.006913005610477722,0.006857364345808026,0.006806781377926479,3.0
1M 101/98 short put spread,short_put_spread,2024-12-20,2025-01-17,28,5930.85009765625,1.01,0.98,5990.0,5810.0,1.0099732587015013,0.9796234779725748,SPXW  250117P05990000,SPXW  250117P05810000,105.3,106.0,51.2,51.8,5415.0,5379.5,5347.000000000002,54.15,53.795,53.47000000000002,0.009130225702618747,0.009070369190625586,0.009015570975420583,101/98,0.135291,0.169773,0.13116456689205994,0.0041264331079400585,0.031459968234682334,5996.66015625,0.0,5415.0,5379.5,5347.000000000002,0.009130225702618747,0.009070369190625586,0.009015570975420583,4.0
1M 102/99 short put spread,short_put_spread,2024-12-20,2025-01-17,28,5930.85009765625,1.02,0.99,6050.0,5870.0,1.0200898522778101,0.9897400715488835,SPXW  250117P06050000,SPXW  250117P05870000,135.4,136.4,64.8,65.4,7080.000000000001,7037.0,6996.999999999999,70.80000000000001,70.37,69.96999999999998,0.011937580420044457,0.011865078166080909,0.011797634208905516,102/99,0.124478,0.158503,0.13116456689205994,-0.006686566892059931,-0.05097845439891213,5996.66015625,-5333.984375,1746.015625000001,1703.015625,1663.015624999999,0.002943955076001652,0.0028714528220381034,0.0028040088648627094,5.0
1M 103/100 short put spread,short_put_spread,2024-12-20,2025-01-17,28,5930.85009765625,1.03,1.0,6110.0,5930.0,1.030206445854119,0.9998566651251924,SPXW  250117P06110000,SPXW  250117P05930000,170.3,180.6,82.4,83.0,9275.0,8999.5,8727.0,92.75,89.995,87.27,0.015638567570044115,0.0151740473149986,0.014714585356741238,103/100,0.116729,0.146944,0.13116456689205994,-0.014435566892059937,-0.11005690968308146,5996.66015625,-11333.984375,-2058.984375,-2334.484375,-2606.984375,-0.0034716513503075526,-0.003936171605353068,-0.004395633563610429,6.0
1M 98/95 short put spread,short_put_spread,2025-01-17,2025-02-21,35,5996.66015625,0.98,0.95,5875.0,5695.0,0.9797120141745568,0.9496953056551661,SPXW  250221P05875000,SPXW  250221P05695000,49.3,49.7,23.3,23.6,2604.9999999999995,2584.5,2567.0,26.049999999999997,25.845,25.67,0.004344084760722928,0.004309899064909178,0.004280716153848659,98/95,0.143129,0.169199,0.17566845976835044,-0.03253945976835043,-0.1852322255871054,6013.1298828125,0.0,2604.9999999999995,2584.5,2567.0,0.004344084760722928,0.004309899064909178,0.004280716153848659,1.0
1M 99/96 short put spread,short_put_spread,2025-01-17,2025-02-21,35,5996.66015625,0.99,0.96,5935.0,5755.0,0.9897175836810204,0.9597008751616297,SPXW  250221P05935000,SPXW  250221P05755000,64.1,64.5,29.7,30.1,3440.0,3416.999999999999,3396.999999999999,34.4,34.16999999999999,33.96999999999999,0.005736526517039107,0.005698171833930996,0.005664819935576116,99/96,0.134614,0.160519,0.17566845976835044,-0.041054459768350426,-0.23370421658212237,6013.1298828125,0.0,3440.0,3416.999999999999,3396.999999999999,0.005736526517039107,0.005698171833930996,0.005664819935576116,2.0
1M 100/97 short put spread,short_put_spread,2025-01-17,2025-02-21,35,5996.66015625,1.0,0.97,5995.0,5815.0,0.999723153187484,0.9697064446680932,SPXW  250221P05995000,SPXW  250221P05815000,83.8,84.3,38.1,38.5,4575.0,4549.5,4527.0,45.75,45.495,45.27,0.007629246748678464,0.007586723078275993,0.007549202192626755,100/97,0.126576,0.151718,0.17566845976835044,-0.049092459768350444,-0.2794608652747763,6013.1298828125,0.0,4575.0,4549.5,4527.0,0.007629246748678464,0.007586723078275993,0.007549202192626755,3.0
1M 101/98 short put spread,short_put_spread,2025-01-17,2025-02-21,35,5996.66015625,1.01,0.98,6055.0,5875.0,1.0097287226939475,0.9797120141745568,SPXW  250221P06055000,SPXW  250221P05875000,110.0,110.6,49.3,49.7,6080.0,6052.0,6027.0,60.8,60.52,60.27,0.010138977099883073,0.010092284442186242,0.010050594569242646,101/98,0.119549,0.143129,0.17566845976835044,-0.056119459768350435,-0.3194623544963834,6013.1298828125,-4187.01171875,1892.98828125,1864.98828125,1839.98828125,0.0031567376371613104,0.0031100449794644806,0.0030683551065208824,4.0
1M 102/99 short put spread,short_put_spread,2025-01-17,2025-02-21,35,5996.66015625,1.02,0.99,6115.0,5935.0,1.0197342922004111,0.9897175836810204,SPXW  250221P06115000,SPXW  250221P05935000,143.8,144.4,64.1,64.5,7980.000000000002,7952.000000000001,7927.000000000002,79.80000000000001,79.52000000000001,79.27000000000002,0.013307407443596537,0.013260714785899705,0.013219024912956108,102/99,0.113829,0.134614,0.17566845976835044,-0.06183945976835044,-0.352023691958685,6013.1298828125,-10187.01171875,-2207.011718749998,-2235.011718749999,-2260.011718749998,-0.003680401525588785,-0.0037270941832856165,-0.003768784056229213,5.0
1M 103/100 short put spread,short_put_spread,2025-01-17,2025-02-21,35,5996.66015625,1.03,1.0,6175.0,5995.0,1.0297398617068747,0.999723153187484,SPXW  250221P06175000,SPXW  250221P05995000,181.8,191.4,83.8,84.3,10255.000000000004,9999.5,9747.0,102.55000000000004,99.995,97.47,0.017101185881463973,0.01667511537998039,0.016254047663250053,103/100,0.111452,0.126576,0.17566845976835044,-0.06421645976835044,-0.36555486313838614,6013.1298828125,-16187.01171875,-5932.011718749996,-6187.51171875,-6440.01171875,-0.009892192594184909,-0.010318263095668488,-0.010739330812398829,6.0
1M 98/95 short put spread,short_put_spread,2025-02-21,2025-03-21,28,6013.1298828125,0.98,0.95,5895.0,5710.0,0.9803546763308483,0.9495886686766996,SPXW  250321P05895000,SPXW  250321P05710000,52.9,53.3,26.4,26.8,2649.999999999999,2626.9999999999986,2606.9999999999986,26.49999999999999,26.269999999999985,26.069999999999986,0.004407022718026713,0.004368773086889121,0.004335512538073826,98/95,0.164794,0.198106,0.11880125125339586,0.04599274874660414,0.38714027218875335,5667.56005859375,-18500.0,-15850.0,-15873.000000000002,-15893.000000000002,-0.026358984936122043,-0.026397234567259637,-0.026430495116074933,1.0
1M 99/96 short put spread,short_put_spread,2025-02-21,2025-03-21,28,6013.1298828125,0.99,0.96,5955.0,5775.0,0.9903328409754371,0.9603983470416707,SPXW  250321P05955000,SPXW  250321P05775000,67.1,67.6,33.3,33.7,3384.999999999999,3359.499999999999,3336.9999999999986,33.849999999999994,33.59499999999999,33.36999999999998,0.005629347886988839,0.005586940687249337,0.005549522569832128,99/96,0.153745,0.186149,0.11880125125339586,0.034943748746604136,0.294136201243127,5667.56005859375,-18000.0,-14615.0,-14640.5,-14663.000000000002,-0.02430514604677752,-0.02434755324651702,-0.024384971363934232,2.0
1M 100/97 short put spread,short_put_spread,2025-02-21,2025-03-21,28,6013.1298828125,1.0,0.97,6015.0,5835.0,1.0003110056200257,0.9703765116862595,SPXW  250321P06015000,SPXW  250321P05835000,85.5,86.1,41.8,42.3,4375.0,4344.5,4317.0,43.75,43.445,43.17,0.00727574505334599,0.007225022716402664,0.007179289461781632,100/97,0.142374,0.175542,0.11880125125339586,0.023572748746604144,0.19842172113427403,5667.56005859375,-18000.0,-13625.0,-13655.5,-13683.0,-0.022658748880420368,-0.022709471217363695,-0.022755204471984727,3.0
1M 101/98 short put spread,short_put_spread,2025-02-21,2025-03-21,28,6013.1298828125,1.01,0.98,6075.0,5895.0,1.0102891702646146,0.9803546763308483,SPXW  250321P06075000,SPXW  250321P05895000,109.4,110.0,52.9,53.3,5660.000000000001,5632.000000000002,5607.0,56.60000000000001,56.32000000000002,56.07,0.009412735314728757,0.009366170546387343,0.009324594860368221,101/98,0.130653,0.164794,0.11880125125339586,0.011851748746604135,0.09976114410887038,5667.56005859375,-18000.0,-12340.0,-12367.999999999998,-12393.0,-0.020521758619037603,-0.020568323387379014,-0.02060989907339814,4.0
1M 102/99 short put spread,short_put_spread,2025-02-21,2025-03-21,28,6013.1298828125,1.02,0.99,6135.0,5955.0,1.0202673349092035,0.9903328409754371,SPXW  250321P06135000,SPXW  250321P05955000,140.9,141.4,67.1,67.6,7380.000000000001,7352.000000000001,7327.000000000001,73.80000000000001,73.52000000000001,73.27000000000001,0.012273142512844209,0.012226577744502795,0.012185002058483675,102/99,0.119684,0.153745,0.11880125125339586,0.0008827487466041423,0.007430466744170028,5667.56005859375,-18000.0,-10620.0,-10648.0,-10673.0,-0.017661351420922154,-0.017707916189263567,-0.017749491875282686,5.0
1M 103/100 short put spread,short_put_spread,2025-02-21,2025-03-21,28,6013.1298828125,1.03,1.0,6195.0,6015.0,1.0302454995537922,1.0003110056200257,SPXW  250321P06195000,SPXW  250321P06015000,177.5,186.1,85.5,86.1,9600.0,9367.000000000002,9137.0,96.0,93.67000000000002,91.37,0.015965063431342057,0.015577578037643864,0.015195081726267956,103/100,0.111139,0.142374,0.11880125125339586,-0.007662251253395855,-0.064496385118476,5667.56005859375,-18000.0,-8400.0,-8632.999999999998,-8863.0,-0.013969430502424302,-0.014356915896122495,-0.014739412207498402,6.0
1M 98/95 short put spread,short_put_spread,2025-03-21,2025-04-17,27,5667.56005859375,0.98,0.95,5555.0,5385.0,0.9801395913885245,0.9501443203649332,SPXW  250417P05555000,SPXW  250417P05385000,60.9,61.4,28.7,29.0,3230.0,3207.0,3187.0,32.3,32.07,31.87,0.00569910149448233,0.005658519657215118,0.005623231103069716,98/95,0.188078,0.209749,0.2025422311155494,-0.014464231115549397,-0.07141340863030987,5282.7001953125,-17000.0,-13770.0,-13793.0,-13813.0,-0.024296169529108878,-0.02433675136637609,-0.02437203992052149,1.0
1M 99/96 short put spread,short_put_spread,2025-03-21,2025-04-17,27,5667.56005859375,0.99,0.96,5610.0,5440.0,0.9898439437785099,0.9598486727549187,SPXW  250417P05610000,SPXW  250417P05440000,77.0,77.4,36.7,37.0,4035.0,4014.4999999999995,3997.0,40.35,40.144999999999996,39.97,0.007119465798834736,0.007083295030835699,0.007052417545958474,99/96,0.180761,0.202638,0.2025422311155494,-0.021781231115549388,-0.10753920797447569,5282.7001953125,-17000.0,-12965.0,-12985.5,-13003.0,-0.022875805224756473,-0.022911975992755507,-0.022942853477632735,2.0
1M 100/97 short put spread,short_put_spread,2025-03-21,2025-04-17,27,5667.56005859375,1.0,0.97,5670.0,5500.0,1.0004305100221302,0.9704352389985391,SPXW  250417P05670000,SPXW  250417P05500000,98.6,99.1,47.9,48.4,5070.0,5042.0,5017.0,50.7,50.42,50.17,0.00894564847585926,0.008896244500055698,0.008852133807373947,100/97,0.172537,0.195169,0.2025422311155494,-0.030005231115549397,-0.1481430857667977,5282.7001953125,-17000.0,-11930.0,-11958.0,-11983.0,-0.021049622547731947,-0.02109902652353551,-0.021143137216217262,3.0
1M 101/98 short put spread,short_put_spread,2025-03-21,2025-04-17,27,5667.56005859375,1.01,0.98,5725.0,5555.0,1.0101348624121156,0.9801395913885245,SPXW  250417P05725000,SPXW  250417P05555000,122.8,123.3,60.9,61.4,6190.0,6162.0,6137.0,61.9,61.62,61.37,0.01092180750800174,0.010872403532198177,0.010828292839516427,101/98,0.164684,0.188078,0.2025422311155494,-0.037858231115549396,-0.18691524679587168,5282.7001953125,-17000.0,-10810.0,-10838.0,-10863.0,-0.01907346351558947,-0.01912286749139303,-0.01916697818407478,4.0
1M 102/99 short put spread,short_put_spread,2025-03-21,2025-04-17,27,5667.56005859375,1.02,0.99,5780.0,5610.0,1.0198392148021012,0.9898439437785099,SPXW  250417P05780000,SPXW  250417P05610000,151.8,152.4,77.0,77.4,7490.000000000002,7462.000000000001,7437.000000000001,74.90000000000002,74.62,74.37,0.013215563527452836,0.013166159551649272,0.01312204885896752,102/99,0.156768,0.180761,0.2025422311155494,-0.0457742311155494,-0.22599845406776142,5282.7001953125,-17000.0,-9509.999999999998,-9538.0,-9563.0,-0.01677970749613837,-0.016829111471941938,-0.01687322216462369,5.0
1M 103/100 short put spread,short_put_spread,2025-03-21,2025-04-17,27,5667.56005859375,1.03,1.0,5840.0,5670.0,1.0304257810457216,1.0004305100221302,SPXW  250417P05840000,SPXW  250417P05670000,187.7,195.7,98.6,99.1,9285.0,9069.5,8857.0,92.85,90.695,88.57,0.01638271126200261,0.01600247709108591,0.01562753620329102,103/100,0.151976,0.172537,0.2025422311155494,-0.05056623111554939,-0.24965771748955212,5282.7001953125,-17000.0,-7715.0,-7930.5,-8143.0,-0.013612559761588598,-0.013992793932505299,-0.014367734820300189,6.0
1M 98/95 short put spread,short_put_spread,2025-04-17,2025-05-16,29,5282.7001953125,0.98,0.95,5175.0,5020.0,0.9796126618337975,0.9502716062619639,SPXW  250516P05175000,SPXW  250516P05020000,106.1,107.4,67.9,69.2,3819.999999999999,3751.999999999998,3686.999999999998,38.19999999999999,37.51999999999998,36.86999999999998,0.007231150469961556,0.00710242841971093,0.006979385283441951,98/95,0.280836,0.304887,0.4710522922952449,-0.19021629229524495,-0.40381141416040844,5958.3798828125,0.0,3819.999999999999,3751.999999999998,3686.999999999998,0.007231150469961556,0.00710242841971093,0.006979385283441951,1.0
1M 99/96 short put spread,short_put_spread,2025-04-17,2025-05-16,29,5282.7001953125,0.99,0.96,5230.0,5070.0,0.9900240041334804,0.9597364628980393,SPXW  250516P05230000,SPXW  250516P05070000,123.5,125.0,78.6,79.8,4505.000000000001,4434.500000000002,4367.000000000002,45.05000000000001,44.34500000000002,43.670000000000016,0.008527835829103882,0.00839438135053522,0.008266605785948204,99/96,0.271815,0.297186,0.4710522922952449,-0.19923729229524495,-0.42296215421103933,5958.3798828125,0.0,4505.000000000001,4434.500000000002,4367.000000000002,0.008527835829103882,0.00839438135053522,0.008266605785948204,2.0
1M 100/97 short put spread,short_put_spread,2025-04-17,2025-05-16,29,5282.7001953125,1.0,0.97,5285.0,5125.0,1.0004353464331632,0.9701478051977221,SPXW  250516P05285000,SPXW  250516P05125000,143.4,144.7,92.1,93.4,5130.000000000002,5062.000000000002,4997.000000000004,51.30000000000002,50.62000000000002,49.970000000000034,0.009710942908613301,0.009582220858362675,0.0094591777220937,100/97,0.262225,0.288777,0.4710522922952449,-0.20882729229524494,-0.4433208280925989,5958.3798828125,0.0,5130.000000000002,5062.000000000002,4997.000000000004,0.009710942908613301,0.009582220858362675,0.0094591777220937,3.0
1M 101/98 short put spread,short_put_spread,2025-04-17,2025-05-16,29,5282.7001953125,1.01,0.98,5335.0,5175.0,1.0099002030692386,0.9796126618337975,SPXW  250516P05335000,SPXW  250516P05175000,163.4,165.4,106.1,107.4,5765.0,5679.5,5597.0,57.65,56.795,55.97,0.010912979701394866,0.010751130652917976,0.010594960518422734,101/98,0.253208,0.280836,0.4710522922952449,-0.21784429229524493,-0.4624630765170018,5958.3798828125,0.0,5765.0,5679.5,5597.0,0.010912979701394866,0.010751130652917976,0.010594960518422734,4.0
1M 102/99 short put spread,short_put_spread,2025-04-17,2025-05-16,29,5282.7001953125,1.02,0.99,5390.0,5230.0,1.0203115453689215,0.9900240041334804,SPXW  250516P05390000,SPXW  250516P05230000,189.0,190.6,123.5,125.0,6555.0,6474.5,6397.0,65.55,64.745,63.97,0.012408427049894769,0.012256042858053956,0.012109337580194788,102/99,0.24321,0.271815,0.4710522922952449,-0.2278422922952449,-0.48368789627381437,5958.3798828125,0.0,6555.0,6474.5,6397.0,0.012408427049894769,0.012256042858053956,0.012109337580194788,5.0
1M 103/100 short put spread,short_put_spread,2025-04-17,2025-05-16,29,5282.7001953125,1.03,1.0,5440.0,5285.0,1.0297764020049969,1.0004353464331632,SPXW  250516P05440000,SPXW  250516P05285000,214.6,216.6,143.4,144.7,7154.999999999998,7069.5,6987.000000000002,71.54999999999998,70.695,69.87000000000002,0.013544209846223806,0.01338236079774692,0.013226190663251682,103/100,0.233576,0.262225,0.4710522922952449,-0.23747629229524492,-0.5041399780438818,5958.3798828125,0.0,7154.999999999998,7069.5,6987.000000000002,0.013544209846223806,0.01338236079774692,0.013226190663251682,6.0
1M 98/95 short put spread,short_put_spread,2025-05-16,2025-06-20,35,5958.3798828125,0.98,0.95,5840.0,5660.0,0.9801322028570253,0.9499226486593773,SPXW  250620P05840000,SPXW  250620P05660000,62.9,63.5,33.0,33.5,2995.0,2964.5,2937.000000000001,29.95,29.645,29.370000000000008,0.005026534156775327,0.004975345745495979,0.00492919225991624,98/95,0.161764,0.189689,0.18776947108246297,-0.026005471082462983,-0.13849680106433337,5967.83984375,0.0,2995.0,2964.5,2937.000000000001,0.005026534156775327,0.004975345745495979,0.00492919225991624,1.0
1M 99/96 short put spread,short_put_spread,2025-05-16,2025-06-20,35,5958.3798828125,0.99,0.96,5900.0,5720.0,0.9902020542562413,0.9599925000585933,SPXW  250620P05900000,SPXW  250620P05720000,79.0,79.6,40.7,41.3,3830.0,3797.000000000001,3767.0,38.3,37.970000000000006,37.67,0.006427921809832889,0.006372537627137202,0.00632218837014112,99/96,0.152874,0.180426,0.18776947108246297,-0.034895471082462964,-0.18584209073656,5967.83984375,0.0,3830.0,3797.000000000001,3767.0,0.006427921809832889,0.006372537627137202,0.00632218837014112,2.0
1M 100/97 short put spread,short_put_spread,2025-05-16,2025-06-20,35,5958.3798828125,1.0,0.97,5960.0,5780.0,1.0002719056554574,0.9700623514578093,SPXW  250620P05960000,SPXW  250620P05780000,99.9,100.4,50.4,51.0,4945.0,4914.5,4887.0,49.45,49.145,48.87,0.00829923586152053,0.008248047450241183,0.008201893964661443,100/97,0.144655,0.170964,0.18776947108246297,-0.04311447108246297,-0.22961384954601238,5967.83984375,0.0,4945.0,4914.5,4887.0,0.00829923586152053,0.008248047450241183,0.008201893964661443,3.0
1M 101/98 short put spread,short_put_spread,2025-05-16,2025-06-20,35,5958.3798828125,1.01,0.98,6020.0,5840.0,1.0103417570546733,0.9801322028570253,SPXW  250620P06020000,SPXW  250620P05840000,126.7,127.6,62.9,63.5,6395.0,6354.500000000002,6317.000000000002,63.95,63.545000000000016,63.170000000000016,0.010732783282997734,0.01066481178605303,0.010601875214807929,101/98,0.137793,0.161764,0.18776947108246297,-0.049976471082462975,-0.26615866143924294,5967.83984375,-5216.015625,1178.984375,1138.4843750000018,1100.9843750000018,0.0019786995763745947,0.0019107280794298895,0.0018477915081847895,4.0
1M 102/99 short put spread,short_put_spread,2025-05-16,2025-06-20,35,5958.3798828125,1.02,0.99,6080.0,5900.0,1.0204116084538895,0.9902020542562413,SPXW  250620P06080000,SPXW  250620P05900000,156.3,165.2,79.0,79.6,8145.0,7904.500000000001,7667.000000000003,81.45,79.04500000000002,76.67000000000003,0.013669823274435739,0.01326619006418383,0.012867591779631534,102/99,0.132091,0.152874,0.18776947108246297,-0.05567847108246299,-0.2965256852537578,5967.83984375,-11216.015625,-3071.015625,-3311.515624999999,-3549.0156249999973,-0.005154111831403415,-0.005557745041655322,-0.005956343326207619,5.0
1M 103/100 short put spread,short_put_spread,2025-05-16,2025-06-20,35,5958.3798828125,1.03,1.0,6135.0,5960.0,1.0296423055698374,1.0002719056554574,SPXW  250620P06135000,SPXW  250620P05960000,193.3,202.0,99.9,100.4,9750.0,9517.000000000004,9287.0,97.5,95.17000000000003,92.87,0.016363508523726023,0.01597246262772314,0.015586451657419852,103/100,0.128339,0.144655,0.18776947108246297,-0.059430471082462966,-0.3165076342807761,5967.83984375,-16716.015625,-6966.015625,-7199.015624999996,-7429.015625,-0.011691123698061143,-0.012082169594064026,-0.012468180564367312,6.0
1M 98/95 short put spread,short_put_spread,2025-06-20,2025-07-18,28,5967.83984375,0.98,0.95,5850.0,5670.0,0.9802541879749989,0.9500925206526911,SPXW  250718P05850000,SPXW  250718P05670000,66.1,66.5,36.7,37.0,2945.0,2924.4999999999995,2906.999999999999,29.45,29.244999999999994,29.06999999999999,0.004934783903566447,0.004900433115782707,0.004871109272552685,98/95,0.188727,0.222362,0.127681493467327,0.061045506532673016,0.4781077106393201,6296.7900390625,0.0,2945.0,2924.4999999999995,2906.999999999999,0.004934783903566447,0.004900433115782707,0.004871109272552685,1.0
1M 99/96 short put spread,short_put_spread,2025-06-20,2025-07-18,28,5967.83984375,0.99,0.96,5910.0,5730.0,0.9903080770824347,0.960146409760127,SPXW  250718P05910000,SPXW  250718P05730000,81.0,81.5,44.5,44.8,3660.0,3637.000000000001,3617.0,36.6,36.37000000000001,36.17,0.00613287235553589,0.006094332447290721,0.006060819483599266,99/96,0.177014,0.211357,0.127681493467327,0.049332506532673015,0.38637162828375704,6296.7900390625,0.0,3660.0,3637.000000000001,3617.0,0.00613287235553589,0.006094332447290721,0.006060819483599266,2.0
1M 100/97 short put spread,short_put_spread,2025-06-20,2025-07-18,28,5967.83984375,1.0,0.97,5970.0,5790.0,1.0003619661898706,0.9702002988675629,SPXW  250718P05970000,SPXW  250718P05790000,100.0,100.6,54.1,54.5,4600.0,4572.0,4547.0,46.0,45.72,45.47,0.007707981649034179,0.007661063499866144,0.007619172295251829,100/97,0.165527,0.200149,0.127681493467327,0.03784550653267302,0.29640557534955114,6296.7900390625,0.0,4600.0,4572.0,4547.0,0.007707981649034179,0.007661063499866144,0.007619172295251829,3.0
1M 101/98 short put spread,short_put_spread,2025-06-20,2025-07-18,28,5967.83984375,1.01,0.98,6030.0,5850.0,1.0104158552973064,0.9802541879749989,SPXW  250718P06030000,SPXW  250718P05850000,124.3,125.0,66.1,66.5,5835.0,5804.499999999999,5777.000000000002,58.35,58.04499999999999,57.77000000000002,0.009777407156981398,0.00972629988735193,0.009680219562276188,101/98,0.154588,0.188727,0.127681493467327,0.026906506532673014,0.21073145216270706,6296.7900390625,0.0,5835.0,5804.499999999999,5777.000000000002,0.009777407156981398,0.00972629988735193,0.009680219562276188,4.0
1M 102/99 short put spread,short_put_spread,2025-06-20,2025-07-18,28,5967.83984375,1.02,0.99,6085.0,5910.0,1.019631920312456,0.9903080770824347,SPXW  250718P06085000,SPXW  250718P05910000,152.2,153.0,81.0,81.5,7135.0,7099.499999999998,7066.999999999998,71.35,70.99499999999998,70.66999999999999,0.01195574979692584,0.011896264286373508,0.011841805720374897,102/99,0.145286,0.177014,0.127681493467327,0.01760450653267301,0.13787829429781784,6296.7900390625,0.0,7135.0,7099.499999999998,7066.999999999998,0.01195574979692584,0.011896264286373508,0.011841805720374897,5.0
1M 103/100 short put spread,short_put_spread,2025-06-20,2025-07-18,28,5967.83984375,1.03,1.0,6145.0,5970.0,1.029685809419892,1.0003619661898706,SPXW  250718P06145000,SPXW  250718P05970000,185.1,196.3,100.0,100.6,9040.0,8741.999999999998,8446.999999999996,90.4,87.41999999999999,84.46999999999997,0.015147859588536733,0.014648516429534082,0.014154200215085148,103/100,0.137639,0.165527,0.127681493467327,0.009957506532673022,0.07798707754950485,6296.7900390625,0.0,9040.0,8741.999999999998,8446.999999999996,0.015147859588536733,0.014648516429534082,0.014154200215085148,6.0
1M 98/95 short put spread,short_put_spread,2025-07-18,2025-08-15,28,6296.7900390625,0.98,0.95,6170.0,5980.0,0.9798643374995909,0.9496902331033312,SPXW  250815P06170000,SPXW  250815P05980000,48.6,49.0,22.5,22.8,2615.0,2594.5,2576.9999999999995,26.15,25.945,25.769999999999996,0.0041529096313799516,0.004120353360847146,0.004092561422587432,98/95,0.153292,0.183418,0.07763622512269092,0.0756557748773091,0.9744906421937434,6449.7998046875,0.0,2615.0,2594.5,2576.9999999999995,0.0041529096313799516,0.004120353360847146,0.004092561422587432,1.0
1M 99/96 short put spread,short_put_spread,2025-07-18,2025-08-15,28,6296.7900390625,0.99,0.96,6235.0,6045.0,0.9901870574246272,0.9600129530283674,SPXW  250815P06235000,SPXW  250815P06045000,63.9,64.4,29.2,29.5,3480.000000000001,3457.000000000001,3437.000000000001,34.80000000000001,34.57000000000001,34.37000000000001,0.005526625436788619,0.005490098889361567,0.005458336674207609,99/96,0.142608,0.173413,0.07763622512269092,0.0649717748773091,0.8368744716095122,6449.7998046875,0.0,3480.000000000001,3457.000000000001,3437.000000000001,0.005526625436788619,0.005490098889361567,0.005458336674207609,2.0
1M 100/97 short put spread,short_put_spread,2025-07-18,2025-08-15,28,6296.7900390625,1.0,0.97,6295.0,6110.0,0.9997157219708145,0.9703356729534037,SPXW  250815P06295000,SPXW  250815P06110000,83.2,83.7,38.0,38.3,4530.0,4507.0,4487.0,45.3,45.07,44.87,0.007194141732371389,0.007157615184944338,0.00712585296979038,100/97,0.133351,0.16308,0.07763622512269092,0.05571477487730908,0.7176388958796143,6449.7998046875,0.0,4530.0,4507.0,4487.0,0.007194141732371389,0.007157615184944338,0.00712585296979038,3.0
1M 101/98 short put spread,short_put_spread,2025-07-18,2025-08-15,28,6296.7900390625,1.01,0.98,6360.0,6170.0,1.0100384418958506,0.9798643374995909,SPXW  250815P06360000,SPXW  250815P06170000,112.0,112.4,48.6,49.0,6340.0,6317.0,6297.0,63.4,63.17,62.97,0.010068622203804549,0.010032095656377497,0.01000033344122354,101/98,0.125137,0.153292,0.07763622512269092,0.04750077487730908,0.6118377703480835,6449.7998046875,0.0,6340.0,6317.0,6297.0,0.010068622203804549,0.010032095656377497,0.01000033344122354,4.0
1M 102/99 short put spread,short_put_spread,2025-07-18,2025-08-15,28,6296.7900390625,1.02,0.99,6425.0,6235.0,1.0203611618208868,0.9901870574246272,SPXW  250815P06425000,SPXW  250815P06235000,148.1,153.3,63.9,64.4,8654.999999999996,8509.499999999996,8366.999999999996,86.54999999999997,85.09499999999997,83.66999999999996,0.013745098607875131,0.01351402849263009,0.013287722709658143,102/99,0.119748,0.142608,0.07763622512269092,0.04211177487730908,0.5424242975590137,6449.7998046875,0.0,8654.999999999996,8509.499999999996,8366.999999999996,0.013745098607875131,0.01351402849263009,0.013287722709658143,5.0
1M 103/100 short put spread,short_put_spread,2025-07-18,2025-08-15,28,6296.7900390625,1.03,1.0,6485.0,6295.0,1.0298898263670742,0.9997157219708145,SPXW  250815P06485000,SPXW  250815P06295000,190.6,196.5,83.2,83.7,11010.0,10847.0,10687.000000000004,110.1,108.47,106.87000000000003,0.01748509944225364,0.017226237388748886,0.016972139667517233,103/100,0.115537,0.133351,0.07763622512269092,0.037900774877309085,0.4881841539489242,6449.7998046875,-3520.01953125,7489.98046875,7326.98046875,7166.980468750004,0.011894918557368872,0.01163605650386412,0.011381958782632463,6.0
1M 98/95 short put spread,short_put_spread,2025-08-15,2025-09-19,35,6449.7998046875,0.98,0.95,6320.0,6125.0,0.979875374644471,0.9496418781166748,SPXW  250919P06320000,SPXW  250919P06125000,52.7,52.9,26.7,27.1,2590.0,2572.0,2557.0,25.9,25.72,25.57,0.004015628513179082,0.003987720670230347,0.0039644641344397345,98/95,0.141668,0.172745,0.10286200942853951,0.038805990571460475,0.3772626141279094,6664.35986328125,0.0,2590.0,2572.0,2557.0,0.004015628513179082,0.003987720670230347,0.0039644641344397345,1.0
1M 99/96 short put spread,short_put_spread,2025-08-15,2025-09-19,35,6449.7998046875,0.99,0.96,6385.0,6190.0,0.9899532068204031,0.9597197102926069,SPXW  250919P06385000,SPXW  250919P06190000,67.1,67.4,33.3,33.6,3379.9999999999995,3361.9999999999995,3346.999999999998,33.8,33.62,33.469999999999985,0.00524047273148467,0.005212564888535935,0.005189308352745321,99/96,0.130903,0.162637,0.10286200942853951,0.028040990571460478,0.27260784352984246,6664.35986328125,0.0,3379.9999999999995,3361.9999999999995,3346.999999999998,0.00524047273148467,0.005212564888535935,0.005189308352745321,2.0
1M 100/97 short put spread,short_put_spread,2025-08-15,2025-09-19,35,6449.7998046875,1.0,0.97,6450.0,6255.0,1.0000310389963352,0.969797542468539,SPXW  250919P06450000,SPXW  250919P06255000,86.9,87.3,41.8,42.1,4515.0,4494.499999999999,4476.999999999999,45.15,44.94499999999999,44.76999999999999,0.007000217272974346,0.006968433340727174,0.006941300715638126,100/97,0.120744,0.152419,0.10286200942853951,0.01788199057146049,0.17384446085397065,6664.35986328125,0.0,4515.0,4494.499999999999,4476.999999999999,0.007000217272974346,0.006968433340727174,0.006941300715638126,3.0
1M 101/98 short put spread,short_put_spread,2025-08-15,2025-09-19,35,6449.7998046875,1.01,0.98,6515.0,6320.0,1.0101088711722672,0.979875374644471,SPXW  250919P06515000,SPXW  250919P06320000,114.7,115.1,52.7,52.9,6210.0,6192.000000000003,6177.000000000003,62.1,61.92000000000003,61.770000000000024,0.009628205817313553,0.009600297974364822,0.00957704143857421,101/98,0.112371,0.141668,0.10286200942853951,0.009508990571460485,0.09244414555275227,6664.35986328125,0.0,6210.0,6192.000000000003,6177.000000000003,0.009628205817313553,0.009600297974364822,0.00957704143857421,4.0
1M 102/99 short put spread,short_put_spread,2025-08-15,2025-09-19,35,6449.7998046875,1.02,0.99,6580.0,6385.0,1.0201867033481993,0.9899532068204031,SPXW  250919P06580000,SPXW  250919P06385000,149.4,155.1,67.1,67.4,8500.0,8346.999999999998,8197.0,85.0,83.46999999999998,81.97,0.013178703614680385,0.012941486949616136,0.012708921591710014,102/99,0.106341,0.130903,0.10286200942853951,0.0034789905714604913,0.03382191919823829,6664.35986328125,0.0,8500.0,8346.999999999998,8197.0,0.013178703614680385,0.012941486949616136,0.012708921591710014,5.0
1M 103/100 short put spread,short_put_spread,2025-08-15,2025-09-19,35,6449.7998046875,1.03,1.0,6645.0,6450.0,1.0302645355241313,1.0000310389963352,SPXW  250919P06645000,SPXW  250919P06450000,195.7,202.2,86.9,87.3,11185.0,11009.500000000002,10837.000000000002,111.85,110.09500000000001,108.37000000000002,0.017341623521200014,0.01706952205244985,0.016802071890857806,103/100,0.102776,0.120744,0.10286200942853951,-8.600942853950744e-05,-0.0008361632153341958,6664.35986328125,0.0,11185.0,11009.500000000002,10837.000000000002,0.017341623521200014,0.01706952205244985,0.016802071890857806,6.0
1M 98/95 short put spread,short_put_spread,2025-09-19,2025-10-17,28,6664.35986328125,0.98,0.95,6530.0,6330.0,0.979839044403719,0.9498286601953356,SPXW  251017P06530000,SPXW  251017P06330000,45.8,46.2,21.7,22.0,2415.0,2394.5,2377.0,24.15,23.945,23.77,0.0036237538931622997,0.0035929932493487067,0.003566734163166371,98/95,0.14418,0.177665,0.08485597023593702,0.05932402976406298,0.6991143887591647,6664.009765625,0.0,2415.0,2394.5,2377.0,0.0036237538931622997,0.0035929932493487067,0.003566734163166371,1.0
1M 99/96 short put spread,short_put_spread,2025-09-19,2025-10-17,28,6664.35986328125,0.99,0.96,6600.0,6400.0,0.9903426788766533,0.9603322946682699,SPXW  251017P06600000,SPXW  251017P06400000,61.3,61.7,27.8,28.2,3350.0,3327.0,3307.0,33.5,33.27,33.07,0.005026739354904225,0.004992227413064584,0.004962217028856201,99/96,0.13269,0.165985,0.08485597023593702,0.04783402976406298,0.5637084772121901,6664.009765625,0.0,3350.0,3327.0,3307.0,0.005026739354904225,0.004992227413064584,0.004962217028856201,2.0
1M 100/97 short put spread,short_put_spread,2025-09-19,2025-10-17,28,6664.35986328125,1.0,0.97,6665.0,6465.0,1.000096053744378,0.9700856695359945,SPXW  251017P06665000,SPXW  251017P06465000,81.7,82.1,35.5,35.9,4620.0,4597.0,4577.000000000002,46.2,45.97,45.77000000000002,0.006932398752136573,0.006897886810296932,0.006867876426088552,100/97,0.122795,0.155147,0.08485597023593702,0.03793902976406298,0.4470991217067668,6664.009765625,-99.0234375,4520.9765625,4497.9765625,4477.976562500002,0.006783812181886081,0.00674930024004644,0.006719289855838059,3.0
1M 101/98 short put spread,short_put_spread,2025-09-19,2025-10-17,28,6664.35986328125,1.01,0.98,6730.0,6530.0,1.0098494286121025,0.979839044403719,SPXW  251017P06730000,SPXW  251017P06530000,110.4,110.8,45.8,46.2,6460.0,6437.0,6417.0,64.6,64.37,64.17,0.00969335409930785,0.009658842157468208,0.009628831773259825,101/98,0.114677,0.14418,0.08485597023593702,0.02982102976406298,0.35143113302631934,6664.009765625,-6599.0234375,-139.0234375,-162.0234375,-182.0234375,-0.00020860733866725906,-0.00024311928050690002,-0.00027312966471528346,4.0
1M 102/99 short put spread,short_put_spread,2025-09-19,2025-10-17,28,6664.35986328125,1.02,0.99,6800.0,6600.0,1.0203530630850368,0.9903426788766533,SPXW  251017P06800000,SPXW  251017P06600000,148.4,156.4,61.3,61.7,9090.0,8877.0,8667.0,90.9,88.77,86.67,0.01363971962271027,0.013320109030890986,0.013004999996702961,102/99,0.108398,0.13269,0.08485597023593702,0.02354202976406297,0.27743516099816845,6664.009765625,-13599.0234375,-4509.0234375,-4722.0234375,-4932.0234375,-0.006765876288199039,-0.007085486880018322,-0.007400595914206349,5.0
1M 103/100 short put spread,short_put_spread,2025-09-19,2025-10-17,28,6664.35986328125,1.03,1.0,6860.0,6665.0,1.0293561783475518,1.000096053744378,SPXW  251017P06860000,SPXW  251017P06665000,191.6,201.7,81.7,82.1,11474.999999999996,11209.499999999996,10946.999999999996,114.74999999999996,112.09499999999997,109.46999999999997,0.01721845793955999,0.0168200700891937,0.016426183796458667,103/100,0.104737,0.122795,0.08485597023593702,0.019881029764062974,0.23429146716235683,6664.009765625,-19500.0,-8025.000000000004,-8290.500000000004,-8553.000000000004,-0.012041666663613858,-0.012440054513980147,-0.012833940806715181,6.0
1M 98/95 short put spread,short_put_spread,2025-10-17,2025-11-21,35,6664.009765625,0.98,0.95,6530.0,6330.0,0.9798905208218236,0.9498785600003282,SPXW  251121P06530000,SPXW  251121P06330000,85.8,86.3,51.8,52.3,3400.0,3372.0,3347.0,34.0,33.72,33.47,0.005102033339654212,0.005060016594504118,0.005022501643477249,98/95,0.189483,0.221531,0.1292718305394038,0.06021116946059621,0.46577177107616663,6602.990234375,0.0,3400.0,3372.0,3347.0,0.005102033339654212,0.005060016594504118,0.005022501643477249,1.0
1M 99/96 short put spread,short_put_spread,2025-10-17,2025-11-21,35,6664.009765625,0.99,0.96,6595.0,6395.0,0.9896444080888096,0.9596324472673142,SPXW  251121P06595000,SPXW  251121P06395000,101.7,102.4,60.9,61.4,4090.000000000002,4057.000000000002,4027.000000000002,40.90000000000002,40.57000000000002,40.27000000000002,0.006137445987995804,0.006087926252640337,0.006042908311408094,99/96,0.178675,0.211405,0.1292718305394038,0.0494031694605962,0.38216500264949405,6602.990234375,0.0,4090.000000000002,4057.000000000002,4027.000000000002,0.006137445987995804,0.006087926252640337,0.006042908311408094,2.0
1M 100/97 short put spread,short_put_spread,2025-10-17,2025-11-21,35,6664.009765625,1.0,0.97,6665.0,6465.0,1.000148594376333,0.9701366335548376,SPXW  251121P06665000,SPXW  251121P06465000,123.0,123.6,72.7,73.1,5039.999999999999,5012.0,4987.000000000001,50.39999999999999,50.12,49.87000000000001,0.00756301412701683,0.0075209973818667385,0.00748348243083987,100/97,0.166978,0.200194,0.1292718305394038,0.037706169460596184,0.2916812526229591,6602.990234375,-6200.9765625,-1160.976562500001,-1188.9765625,-1213.976562499999,-0.0017421591554212196,-0.0017841759005713116,-0.0018216908515981795,3.0
1M 101/98 short put spread,short_put_spread,2025-10-17,2025-11-21,35,6664.009765625,1.01,0.98,6730.0,6530.0,1.009902481643319,0.9798905208218236,SPXW  251121P06730000,SPXW  251121P06530000,147.7,148.4,85.8,86.3,6200.000000000002,6167.0,6136.999999999998,62.00000000000002,61.67,61.36999999999998,0.009303707854663565,0.009254188119308095,0.00920917017807585,101/98,0.156553,0.189483,0.1292718305394038,0.027281169460596194,0.2110372332994892,6602.990234375,-12700.9765625,-6500.976562499998,-6533.9765625,-6563.976562500002,-0.009755352694760477,-0.009804872430115947,-0.009849890371348194,4.0
1M 102/99 short put spread,short_put_spread,2025-10-17,2025-11-21,35,6664.009765625,1.02,0.99,6795.0,6595.0,1.0196563689103049,0.9896444080888096,SPXW  251121P06795000,SPXW  251121P06595000,178.2,178.9,101.7,102.4,7649.999999999998,7612.0,7577.0,76.49999999999999,76.12,75.77,0.011479575014221973,0.011422552288661136,0.011370031357223519,102/99,0.146573,0.178675,0.1292718305394038,0.017301169460596205,0.1338355725946232,6602.990234375,-19200.9765625,-11550.976562500002,-11588.9765625,-11623.9765625,-0.017333372802188062,-0.0173903955277489,-0.017442916459186518,5.0
1M 103/100 short put spread,short_put_spread,2025-10-17,2025-11-21,35,6664.009765625,1.03,1.0,6865.0,6665.0,1.0301605551978283,1.000148594376333,SPXW  251121P06865000,SPXW  251121P06665000,213.0,226.2,123.0,123.6,9630.0,9282.000000000002,8937.0,96.3,92.82000000000002,89.37,0.014450759135550018,0.013928551017256001,0.013410844693085204,103/100,0.137664,0.166978,0.1292718305394038,0.008392169460596205,0.06491877948644165,6602.990234375,-20000.0,-10370.0,-10717.999999999998,-11063.0,-0.015561201685945346,-0.016083409804239363,-0.01660111612841016,6.0
1M 98/95 short put spread,short_put_spread,2025-11-21,2025-12-19,28,6602.990234375,0.98,0.95,6470.0,6275.0,0.9798590896465883,0.9503270150745504,SPXW  251219P06470000,SPXW  251219P06275000,90.2,91.2,53.6,54.4,3670.0,3622.0,3577.0,36.7,36.22,35.77,0.0055580878809937855,0.005485393543585692,0.005417242602265605,98/95,0.217369,0.24894,0.14255126383118064,0.07481773616881937,0.5248479330034133,6834.5,0.0,3670.0,3622.0,3577.0,0.0055580878809937855,0.005485393543585692,0.005417242602265605,1.0
1M 99/96 short put spread,short_put_spread,2025-11-21,2025-12-19,28,6602.990234375,0.99,0.96,6535.0,6340.0,0.9897031145039342,0.9601710399318963,SPXW  251219P06535000,SPXW  251219P06340000,107.8,108.8,63.6,64.5,4425.0,4374.500000000001,4327.0,44.25,43.74500000000001,43.27,0.006701509229808583,0.00662502872899382,0.0065530916242670595,99/96,0.20668,0.23852,0.14255126383118064,0.06412873616881937,0.44986438173403487,6834.5,0.0,4425.0,4374.500000000001,4327.0,0.006701509229808583,0.00662502872899382,0.0065530916242670595,2.0
1M 100/97 short put spread,short_put_spread,2025-11-21,2025-12-19,28,6602.990234375,1.0,0.97,6605.0,6405.0,1.0003043720426144,0.9700150647892424,SPXW  251219P06605000,SPXW  251219P06405000,130.8,131.9,75.7,76.6,5520.000000000001,5467.000000000002,5417.000000000003,55.20000000000001,54.670000000000016,54.17000000000003,0.008359848801930709,0.008279582137709273,0.008203858869575845,100/97,0.195077,0.228019,0.14255126383118064,0.052525736168819365,0.3684691019717936,6834.5,0.0,5520.000000000001,5467.000000000002,5417.000000000003,0.008359848801930709,0.008279582137709273,0.008203858869575845,3.0
1M 101/98 short put spread,short_put_spread,2025-11-21,2025-12-19,28,6602.990234375,1.01,0.98,6670.0,6470.0,1.0101483968999605,0.9798590896465883,SPXW  251219P06670000,SPXW  251219P06470000,156.7,157.8,90.2,91.2,6655.0,6599.5,6546.999999999998,66.55,65.995,65.46999999999998,0.010078766988559576,0.009994714160931468,0.009915204729391362,101/98,0.184149,0.217369,0.14255126383118064,0.04159773616881937,0.29180896086675445,6834.5,0.0,6655.0,6599.5,6546.999999999998,0.010078766988559576,0.009994714160931468,0.009915204729391362,4.0
1M 102/99 short put spread,short_put_spread,2025-11-21,2025-12-19,28,6602.990234375,1.02,0.99,6735.0,6535.0,1.0199924217573064,0.9897031145039342,SPXW  251219P06735000,SPXW  251219P06535000,187.8,189.0,107.8,108.8,8010.0,7952.000000000004,7897.0,80.1,79.52000000000004,78.97,0.012130867554975536,0.012043028563940763,0.011959732968993985,102/99,0.173305,0.20668,0.14255126383118064,0.03075373616881935,0.2157380814612777,6834.5,0.0,8010.0,7952.000000000004,7897.0,0.012130867554975536,0.012043028563940763,0.011959732968993985,5.0
1M 103/100 short put spread,short_put_spread,2025-11-21,2025-12-19,28,6602.990234375,1.03,1.0,6800.0,6605.0,1.0298364466146523,1.0003043720426144,SPXW  251219P06800000,SPXW  251219P06605000,221.2,228.3,130.8,131.9,9339.999999999998,9131.999999999996,8926.999999999996,93.39999999999998,91.31999999999996,89.26999999999997,0.01414510648732478,0.013830097691889707,0.013519632292542643,103/100,0.161416,0.195077,0.14255126383118064,0.018864736168819368,0.13233650591242974,6834.5,0.0,9339.999999999998,9131.999999999996,8926.999999999996,0.01414510648732478,0.013830097691889707,0.013519632292542643,6.0
1M 98/95 short put spread,short_put_spread,2025-12-19,2026-01-16,28,6834.5,0.98,0.95,6700.0,6495.0,0.9803204330967884,0.9503255541736777,SPXW  260116P06700000,SPXW  260116P06495000,44.5,45.0,20.4,20.7,2420.0000000000005,2397.0000000000005,2377.0000000000005,24.200000000000003,23.970000000000006,23.770000000000003,0.0035408588777525794,0.0035072060867656746,0.003477942790255323,98/95,0.139536,0.172295,0.12322913746529611,0.016306862534703884,0.13232960053214882,6940.009765625,0.0,2420.0000000000005,2397.0000000000005,2377.0000000000005,0.0035408588777525794,0.0035072060867656746,0.003477942790255323,1.0
1M 99/96 short put spread,short_put_spread,2025-12-19,2026-01-16,28,6834.5,0.99,0.96,6765.0,6560.0,0.9898310044626527,0.959836125539542,SPXW  260116P06765000,SPXW  260116P06560000,58.7,59.2,25.7,26.0,3310.0,3287.0,3267.0,33.1,32.87,32.67,0.004843075572463238,0.004809422781476333,0.004780159484965981,99/96,0.129486,0.161665,0.12322913746529611,0.00625686253470388,0.05077421349691691,6940.009765625,0.0,3310.0,3287.0,3267.0,0.004843075572463238,0.004809422781476333,0.004780159484965981,2.0
1M 100/97 short put spread,short_put_spread,2025-12-19,2026-01-16,28,6834.5,1.0,0.97,6835.0,6630.0,1.0000731582412759,0.9700782793181651,SPXW  260116P06835000,SPXW  260116P06630000,80.0,80.6,33.6,34.0,4650.0,4622.000000000001,4597.0,46.5,46.220000000000006,45.97,0.0068037164386568144,0.006762747823542323,0.0067261687029043825,100/97,0.118968,0.150641,0.12322913746529611,-0.004261137465296105,-0.034578976636074676,6940.009765625,0.0,4650.0,4622.000000000001,4597.0,0.0068037164386568144,0.006762747823542323,0.0067261687029043825,3.0
1M 101/98 short put spread,short_put_spread,2025-12-19,2026-01-16,28,6834.5,1.01,0.98,6905.0,6700.0,1.010315312019899,0.9803204330967884,SPXW  260116P06905000,SPXW  260116P06700000,110.3,111.0,44.5,45.0,6590.0,6557.0,6527.000000000002,65.9,65.57,65.27000000000002,0.009642256200160949,0.009593971760918868,0.009550076816153342,101/98,0.109617,0.139536,0.12322913746529611,-0.013612137465296104,-0.11046200391631866,6940.009765625,0.0,6590.0,6557.0,6527.000000000002,0.009642256200160949,0.009593971760918868,0.009550076816153342,4.0
1M 102/99 short put spread,short_put_spread,2025-12-19,2026-01-16,28,6834.5,1.02,0.99,6970.0,6765.0,1.0198258833857634,0.9898310044626527,SPXW  260116P06970000,SPXW  260116P06765000,146.5,151.8,58.7,59.2,9020.0,8871.999999999998,8727.0,90.2,88.71999999999998,87.27,0.013197746726168703,0.012981198331992096,0.012769039432292047,102/99,0.103116,0.129486,0.12322913746529611,-0.02011313746529611,-0.16321738412687004,6940.009765625,-2999.0234375,6020.9765625,5872.976562499998,5727.9765625,0.008809681121515839,0.008593132727339232,0.008380973827639183,5.0
1M 103/100 short put spread,short_put_spread,2025-12-19,2026-01-16,28,6834.5,1.03,1.0,7040.0,6835.0,1.0300680371643867,1.0000731582412759,SPXW  260116P07040000,SPXW  260116P06835000,198.3,204.1,80.0,80.6,12090.0,11927.0,11767.0,120.9,119.27,117.67,0.01768966274050772,0.017451166873948352,0.017217060501865535,103/100,0.098234,0.118968,0.12322913746529611,-0.024995137465296108,-0.2028346378090592,6940.009765625,-9999.0234375,2090.9765625,1927.9765625,1767.9765625,0.003059443357231692,0.0028209474906723243,0.002586841118589509,6.0
1M 98/95 short put spread,short_put_spread,2026-01-16,2026-02-20,35,6940.009765625,0.98,0.95,6800.0,6595.0,0.9798257105748625,0.9502868472413555,SPXW  260220P06800000,SPXW  260220P06595000,61.6,62.0,32.4,32.8,2920.0000000000005,2897.0000000000005,2876.9999999999995,29.200000000000003,28.970000000000006,28.769999999999996,0.004207486874821469,0.004174345711081436,0.004145527307829233,98/95,0.148891,0.178757,0.08504142354601785,0.06384957645398215,0.7508055932228332,6909.509765625,0.0,2920.0000000000005,2897.0000000000005,2876.9999999999995,0.004207486874821469,0.004174345711081436,0.004145527307829233,1.0
1M 99/96 short put spread,short_put_spread,2026-01-16,2026-02-20,35,6940.009765625,0.99,0.96,6870.0,6660.0,0.9899121517131331,0.9596528282983211,SPXW  260220P06870000,SPXW  260220P06660000,77.8,78.2,39.5,39.8,3835.0,3814.5000000000014,3797.0000000000005,38.35,38.14500000000001,37.970000000000006,0.005525928823609702,0.005496389960276197,0.005471173857430519,99/96,0.138389,0.169386,0.08504142354601785,0.053347576453982165,0.6273128344931171,6909.509765625,0.0,3835.0,3814.5000000000014,3797.0000000000005,0.005525928823609702,0.005496389960276197,0.005471173857430519,2.0
1M 100/97 short put spread,short_put_spread,2026-01-16,2026-02-20,35,6940.009765625,1.0,0.97,6940.0,6730.0,0.9999985928514037,0.9697392694365917,SPXW  260220P06940000,SPXW  260220P06730000,99.2,99.7,49.1,49.5,5015.0,4989.5,4967.0,50.15,49.895,49.67,0.007226214615489611,0.007189471151343053,0.007157050447684326,100/97,0.128052,0.159181,0.08504142354601785,0.04301057645398215,0.5057603066899292,6909.509765625,-3049.0234375,1965.9765625,1940.4765625,1917.9765625,0.002832815268125129,0.002796071803978572,0.0027636511003198447,3.0
1M 101/98 short put spread,short_put_spread,2026-01-16,2026-02-20,35,6940.009765625,1.01,0.98,7010.0,6800.0,1.0100850339896743,0.9798257105748625,SPXW  260220P07010000,SPXW  260220P06800000,127.7,128.3,61.6,62.0,6620.0,6592.0,6566.999999999998,66.2,65.92,65.66999999999999,0.009538891476478807,0.009498545711925726,0.009462522707860471,101/98,0.118242,0.148891,0.08504142354601785,0.03320057645398215,0.39040475887632065,6909.509765625,-10049.0234375,-3429.0234375,-3457.0234375,-3482.023437500002,-0.0049409490091563155,-0.0049812947737093985,-0.005017317777774653,4.0
1M 102/99 short put spread,short_put_spread,2026-01-16,2026-02-20,35,6940.009765625,1.02,0.99,7080.0,6870.0,1.020171475127945,0.9899121517131331,SPXW  260220P07080000,SPXW  260220P06870000,165.4,166.0,77.8,78.2,8770.0,8742.0,8716.999999999996,87.7,87.42,87.16999999999996,0.012636869826090505,0.012596524061537422,0.012560501057472164,102/99,0.10967,0.138389,0.08504142354601785,0.024628576453982157,0.2896068224993327,6909.509765625,-17049.0234375,-8279.0234375,-8307.0234375,-8332.023437500004,-0.011929411797815261,-0.011969757562368344,-0.012005780566433602,5.0
1M 103/100 short put spread,short_put_spread,2026-01-16,2026-02-20,35,6940.009765625,1.03,1.0,7150.0,6940.0,1.0302579162662155,0.9999985928514037,SPXW  260220P07150000,SPXW  260220P06940000,211.6,216.4,99.2,99.7,11455.0,11319.5,11187.0,114.55,113.195,111.87,0.016505740462698603,0.016310495780664933,0.016119573859119097,103/100,0.103779,0.128052,0.08504142354601785,0.01873757645398215,0.220334698934606,6909.509765625,-21000.0,-9545.0,-9680.5,-9813.0,-0.013753582952113326,-0.013948827634146994,-0.01413974955569283,6.0
1M 98/95 short put spread,short_put_spread,2026-02-20,2026-03-20,28,6909.509765625,0.98,0.95,6770.0,6565.0,0.9798090211379301,0.9501397671743739,SPXW  260320P06770000,SPXW  260320P06565000,73.2,73.7,40.6,41.1,3260.0,3232.0,3207.0,32.6,32.32,32.07,0.004718135020546015,0.00467761116147384,0.004641429144445114,98/95,0.183187,0.216919,0.11874186088305391,0.06444513911694608,0.542733107243591,6506.47998046875,-20500.0,-17240.0,-17268.0,-17293.0,-0.024951118943010213,-0.024991642802082388,-0.025027824819111116,1.0
1M 99/96 short put spread,short_put_spread,2026-02-20,2026-03-20,28,6909.509765625,0.99,0.96,6840.0,6635.0,0.9899399859059737,0.9602707319424174,SPXW  260320P06840000,SPXW  260320P06635000,89.6,90.1,49.6,50.1,4000.0,3972.0,3947.0,40.0,39.72,39.47,0.005789122724596338,0.005748598865524163,0.005712416848495436,99/96,0.170161,0.205896,0.11874186088305391,0.051419139116946094,0.4330329568237743,6506.47998046875,-20500.0,-16500.0,-16528.0,-16553.0,-0.023880131238959892,-0.023920655098032064,-0.023956837115060792,2.0
1M 100/97 short put spread,short_put_spread,2026-02-20,2026-03-20,28,6909.509765625,1.0,0.97,6910.0,6700.0,1.0000709506740173,0.9696780563698865,SPXW  260320P06910000,SPXW  260320P06700000,110.2,110.8,59.8,60.3,5045.0,5014.5,4987.0,50.45,50.145,49.87,0.00730153103639713,0.007257388975622083,0.007217588756890484,100/97,0.156516,0.195255,0.11874186088305391,0.037774139116946076,0.3181198175271056,6506.47998046875,-21000.0,-15955.0,-15985.5,-16013.0,-0.02309136326773364,-0.023135505328508686,-0.023175305547240288,3.0
1M 101/98 short put spread,short_put_spread,2026-02-20,2026-03-20,28,6909.509765625,1.01,0.98,6980.0,6770.0,1.010201915442061,0.9798090211379301,SPXW  260320P06980000,SPXW  260320P06770000,136.6,137.3,73.2,73.7,6349.999999999998,6316.999999999998,6286.999999999996,63.49999999999998,63.16999999999998,62.86999999999996,0.009190232325296683,0.009142472062818763,0.009099053642384287,101/98,0.14243,0.183187,0.11874186088305391,0.02368813911694609,0.19949273946680002,6506.47998046875,-21000.0,-14650.000000000002,-14683.000000000002,-14713.000000000004,-0.021202661978834088,-0.021250422241312007,-0.021293840661746482,4.0
1M 102/99 short put spread,short_put_spread,2026-02-20,2026-03-20,28,6909.509765625,1.02,0.99,7050.0,6840.0,1.0203328802101044,0.9899399859059737,SPXW  260320P07050000,SPXW  260320P06840000,171.4,172.1,89.6,90.1,8190.0,8157.0,8127.0,81.9,81.57,81.27,0.011853228778611,0.01180546851613308,0.011762050095698608,102/99,0.129035,0.170161,0.11874186088305391,0.010293139116946098,0.08668500763251119,6506.47998046875,-21000.0,-12810.0,-12843.0,-12873.0,-0.01853966552551977,-0.01858742578799769,-0.01863084420843216,5.0
1M 103/100 short put spread,short_put_spread,2026-02-20,2026-03-20,28,6909.509765625,1.03,1.0,7115.0,6910.0,1.0297402046375734,1.0000709506740173,SPXW  260320P07115000,SPXW  260320P06910000,209.3,218.6,110.2,110.8,10345.0,10094.5,9847.0,103.45,100.945,98.47,0.014972118646487278,0.014609574835859432,0.014251372867275033,103/100,0.119354,0.156516,0.11874186088305391,0.0006121391169460894,0.005155209059330534,6506.47998046875,-20500.0,-10155.0,-10405.5,-10653.0,-0.014697135317068951,-0.015059679127696797,-0.015417881096281196,6.0
1M 98/95 short put spread,short_put_spread,2026-03-20,2026-04-17,28,6506.47998046875,0.98,0.95,6375.0,6180.0,0.9797924560033339,0.9498223338197024,SPXW  260417P06375000,SPXW  260417P06180000,108.2,109.4,65.4,66.5,4285.000000000002,4224.500000000003,4167.000000000002,42.850000000000016,42.245000000000026,41.670000000000016,0.006585742233685157,0.006492758008448763,0.006404384571240618,98/95,0.252918,0.279417,0.13452177658075593,0.11839622341924405,0.8801268198251053,7126.06005859375,0.0,4285.000000000002,4224.500000000003,4167.000000000002,0.006585742233685157,0.006492758008448763,0.006404384571240618,1.0
1M 99/96 short put spread,short_put_spread,2026-03-20,2026-04-17,28,6506.47998046875,0.99,0.96,6440.0,6245.0,0.989782496731211,0.9598123745475795,SPXW  260417P06440000,SPXW  260417P06245000,127.5,128.8,77.3,78.4,5030.000000000001,4967.0,4906.999999999999,50.30000000000001,49.67,49.06999999999999,0.007730754594034149,0.007633928045440877,0.007541712284875856,99/96,0.243755,0.270405,0.13452177658075593,0.10923322341924407,0.8120114541727699,7126.06005859375,0.0,5030.000000000001,4967.0,4906.999999999999,0.007730754594034149,0.007633928045440877,0.007541712284875856,2.0
1M 100/97 short put spread,short_put_spread,2026-03-20,2026-04-17,28,6506.47998046875,1.0,0.97,6505.0,6310.0,0.9997725374590881,0.9698024152754567,SPXW  260417P06505000,SPXW  260417P06310000,150.0,151.3,91.5,92.6,5860.0,5797.0,5737.0,58.6,57.97,57.37,0.00900640594851692,0.008909579399923649,0.008817363639358628,100/97,0.234386,0.261639,0.13452177658075593,0.09986422341924409,0.742364737944817,7126.06005859375,0.0,5860.0,5797.0,5737.0,0.00900640594851692,0.008909579399923649,0.008817363639358628,3.0
1M 101/98 short put spread,short_put_spread,2026-03-20,2026-04-17,28,6506.47998046875,1.01,0.98,6570.0,6375.0,1.0097625781869652,0.9797924560033339,SPXW  260417P06570000,SPXW  260417P06375000,175.5,177.1,108.2,109.4,6749.999999999998,6677.0,6607.0,67.49999999999999,66.77,66.07,0.010374273063564709,0.010262077221543937,0.010154492167551415,101/98,0.224212,0.252918,0.13452177658075593,0.08969022341924407,0.6667338604869031,7126.06005859375,0.0,6749.999999999998,6677.0,6607.0,0.010374273063564709,0.010262077221543937,0.010154492167551415,4.0
1M 102/99 short put spread,short_put_spread,2026-03-20,2026-04-17,28,6506.47998046875,1.02,0.99,6635.0,6440.0,1.0197526189148423,0.989782496731211,SPXW  260417P06635000,SPXW  260417P06440000,205.3,206.6,127.5,128.8,7780.0,7711.999999999998,7646.999999999998,77.8,77.11999999999998,76.46999999999998,0.011957310286597548,0.011852799091290523,0.011752898684011751,102/99,0.213774,0.243755,0.13452177658075593,0.07925222341924407,0.5891404754951886,7126.06005859375,0.0,7780.0,7711.999999999998,7646.999999999998,0.011957310286597548,0.011852799091290523,0.011752898684011751,5.0
1M 103/100 short put spread,short_put_spread,2026-03-20,2026-04-17,28,6506.47998046875,1.03,1.0,6700.0,6505.0,1.0297426596427195,0.9997725374590881,SPXW  260417P06700000,SPXW  260417P06505000,239.0,240.5,150.0,151.3,8910.0,8836.999999999998,8766.999999999998,89.1,88.36999999999998,87.66999999999999,0.013694040443905419,0.013581844601884642,0.01347425954789212,103/100,0.202584,0.234386,0.13452177658075593,0.06806222341924406,0.5059569175284051,7126.06005859375,0.0,8910.0,8836.999999999998,8766.999999999998,0.013694040443905419,0.013581844601884642,0.01347425954789212,6.0
1M 98/95 short put spread,short_put_spread,2026-04-17,2026-05-15,28,7126.06005859375,0.98,0.95,6985.0,6770.0,0.9802050421363433,0.9500340923783887,SPXW  260515P06985000,SPXW  260515P06770000,61.4,62.0,29.4,29.9,3205.0,3174.5,3147.000000000001,32.05,31.745,31.47000000000001,0.004497576463918369,0.004454775814261735,0.004416185064571329,98/95,0.161508,0.191433,0.18684188722615325,-0.025333887226153234,-0.13558997718476862,7408.5,0.0,3205.0,3174.5,3147.000000000001,0.004497576463918369,0.004454775814261735,0.004416185064571329,1.0
1M 99/96 short put spread,short_put_spread,2026-04-17,2026-05-15,28,7126.06005859375,0.99,0.96,7055.0,6840.0,0.9900281420575379,0.9598571922995832,SPXW  260515P07055000,SPXW  260515P06840000,79.3,80.0,37.0,37.6,4235.000000000002,4199.500000000002,4167.000000000002,42.350000000000016,41.99500000000002,41.670000000000016,0.0059429754523227145,0.0058931583027223705,0.005847551053088253,99/96,0.152383,0.181502,0.18684188722615325,-0.034458887226153256,-0.1844280623458071,7408.5,0.0,4235.000000000002,4199.500000000002,4167.000000000002,0.0059429754523227145,0.0058931583027223705,0.005847551053088253,2.0
1M 100/97 short put spread,short_put_spread,2026-04-17,2026-05-15,28,7126.06005859375,1.0,0.97,7125.0,6910.0,0.9998512419787324,0.9696802922207778,SPXW  260515P07125000,SPXW  260515P06910000,103.2,104.0,47.1,47.7,5619.999999999999,5582.0,5546.999999999998,56.19999999999999,55.82,55.469999999999985,0.007886545936730492,0.007833220537158294,0.007784105037552319,100/97,0.144132,0.171822,0.18684188722615325,-0.04270988722615324,-0.22858839556922927,7408.5,0.0,5619.999999999999,5582.0,5546.999999999998,0.007886545936730492,0.007833220537158294,0.007784105037552319,3.0
1M 101/98 short put spread,short_put_spread,2026-04-17,2026-05-15,28,7126.06005859375,1.01,0.98,7195.0,6985.0,1.009674341899927,0.9802050421363433,SPXW  260515P07195000,SPXW  260515P06985000,134.5,135.3,61.4,62.0,7320.0,7281.999999999998,7247.0,73.2,72.81999999999998,72.47,0.01027215591759203,0.010218830518019828,0.010169715018413858,101/98,0.13691,0.161508,0.18684188722615325,-0.04993188722615324,-0.2672413984221629,7408.5,0.0,7320.0,7281.999999999998,7247.0,0.01027215591759203,0.010218830518019828,0.010169715018413858,4.0
1M 102/99 short put spread,short_put_spread,2026-04-17,2026-05-15,28,7126.06005859375,1.02,0.99,7270.0,7055.0,1.0201990918154926,0.9900281420575379,SPXW  260515P07270000,SPXW  260515P07055000,177.3,178.1,79.3,80.0,9805.0,9764.5,9727.0,98.05,97.645,97.27,0.0137593563896161,0.013702522740072047,0.013649898990494218,102/99,0.130562,0.152383,0.18684188722615325,-0.056279887226153236,-0.30121664933748027,7408.5,0.0,9805.0,9764.5,9727.0,0.0137593563896161,0.013702522740072047,0.013649898990494218,5.0
1M 103/100 short put spread,short_put_spread,2026-04-17,2026-05-15,28,7126.06005859375,1.03,1.0,7340.0,7125.0,1.0300221917366872,0.9998512419787324,SPXW  260515P07340000,SPXW  260515P07125000,218.3,233.8,103.2,104.0,12245.0,11834.5,11427.0,122.45,118.345,114.27,0.01718340836214678,0.016607353716768154,0.016035508971355757,103/100,0.125591,0.144132,0.18684188722615325,-0.06125088722615324,-0.3278220324975375,7408.5,0.0,12245.0,11834.5,11427.0,0.01718340836214678,0.016607353716768154,0.016035508971355757,6.0
1M 98/95 short put spread,short_put_spread,2026-05-15,2026-06-18,34,7408.5,0.98,0.95,7260.0,7040.0,0.9799554565701559,0.9502598366740905,SPXW  260618P07260000,SPXW  260618P07040000,86.1,86.7,46.3,46.8,3985.0,3954.5,3927.0,39.85,39.545,39.27,0.005378956603900925,0.005337787676317743,0.005300668151447661,98/95,0.171785,0.198552,0.11351280909521656,0.05827219090478343,0.5133534388696492,7500.580078125,0.0,3985.0,3954.5,3927.0,0.005378956603900925,0.005337787676317743,0.005300668151447661,1.0
1M 99/96 short put spread,short_put_spread,2026-05-15,2026-06-18,34,7408.5,0.99,0.96,7335.0,7110.0,0.9900789633529055,0.9597084430046569,SPXW  260618P07335000,SPXW  260618P07110000,107.1,107.8,56.2,56.8,5094.999999999998,5059.5,5027.0,50.94999999999998,50.595,50.27,0.006877235607747854,0.006829317675642843,0.006785449146250928,99/96,0.16285,0.190056,0.11351280909521656,0.04933719090478343,0.43463985516734516,7500.580078125,0.0,5094.999999999998,5059.5,5027.0,0.006877235607747854,0.006829317675642843,0.006785449146250928,2.0
1M 100/97 short put spread,short_put_spread,2026-05-15,2026-06-18,34,7408.5,1.0,0.97,7410.0,7185.0,1.0002024701356549,0.9698319497874064,SPXW  260618P07410000,SPXW  260618P07185000,133.7,134.5,69.5,70.0,6435.0,6399.499999999998,6366.999999999998,64.35,63.99499999999998,63.66999999999998,0.00868596881959911,0.008638050887494092,0.008594182358102177,100/97,0.154341,0.180913,0.11351280909521656,0.04082819090478344,0.3596791518967346,7500.580078125,0.0,6435.0,6399.499999999998,6366.999999999998,0.00868596881959911,0.008638050887494092,0.008594182358102177,3.0
1M 101/98 short put spread,short_put_spread,2026-05-15,2026-06-18,34,7408.5,1.01,0.98,7485.0,7260.0,1.0103259769184045,0.9799554565701559,SPXW  260618P07485000,SPXW  260618P07260000,167.1,168.0,86.1,86.7,8115.0,8074.499999999998,8037.000000000002,81.15,80.74499999999998,80.37000000000002,0.010953634338935007,0.010898967402308156,0.010848349868394414,101/98,0.146469,0.171785,0.11351280909521656,0.032956190904783425,0.29033015011670793,7500.580078125,0.0,8115.0,8074.499999999998,8037.000000000002,0.010953634338935007,0.010898967402308156,0.010848349868394414,4.0
1M 102/99 short put spread,short_put_spread,2026-05-15,2026-06-18,34,7408.5,1.02,0.99,7555.0,7335.0,1.0197745832489709,0.9900789633529055,SPXW  260618P07555000,SPXW  260618P07335000,205.4,206.3,107.1,107.8,9840.000000000005,9797.000000000005,9757.000000000005,98.40000000000005,97.97000000000006,97.57000000000005,0.01328204089896741,0.013223999460079646,0.013170007423904981,102/99,0.139991,0.16285,0.11351280909521656,0.02647819090478344,0.23326170073522778,7500.580078125,-5441.9921875,4398.0078125000055,4355.0078125000055,4315.0078125000055,0.005936434922723906,0.005878393483836141,0.005824401447661477,5.0
1M 103/100 short put spread,short_put_spread,2026-05-15,2026-06-18,34,7408.5,1.03,1.0,7630.0,7410.0,1.0298980900317203,1.0002024701356549,SPXW  260618P07630000,SPXW  260618P07410000,252.8,257.3,133.7,134.5,12095.0,11959.499999999998,11827.0,120.95,119.59499999999998,118.27,0.016325841938314097,0.01614294391577242,0.015964095295943847,103/100,0.134489,0.154341,0.11351280909521656,0.020976190904783434,0.18479139994842542,7500.580078125,-12941.9921875,-846.9921875,-982.4921875000018,-1114.9921875,-0.0011432708206789498,-0.0013261688432206274,-0.0015050174630492003,6.0
1M 98/95 short put spread,short_put_spread,2026-06-18,2026-07-17,29,7500.580078125,0.98,0.95,7350.0,7125.0,0.9799242089869612,0.9499265291200134,SPXW  260717P07350000,SPXW  260717P07125000,59.5,59.9,28.1,28.5,3140.0,3117.0,3097.0,31.4,31.17,30.97,0.004186342879209603,0.0041556785842345005,0.004129013979908325,98/95,0.157237,0.185938,0.16505121145905874,-0.00781421145905875,-0.047344163002384754,7457.68994140625,0.0,3140.0,3117.0,3097.0,0.004186342879209603,0.0041556785842345005,0.004129013979908325,1.0
1M 99/96 short put spread,short_put_spread,2026-06-18,2026-07-17,29,7500.580078125,0.99,0.96,7425.0,7200.0,0.9899234356092771,0.9599257557423293,SPXW  260717P07425000,SPXW  260717P07200000,77.1,77.6,35.8,36.2,4134.999999999999,4109.499999999999,4086.9999999999986,41.349999999999994,41.09499999999999,40.86999999999998,0.005512906944436849,0.005478909573920974,0.005448911894054026,99/96,0.147555,0.17626,0.16505121145905874,-0.017496211459058747,-0.10600474425114237,7457.68994140625,0.0,4134.999999999999,4109.499999999999,4086.9999999999986,0.005512906944436849,0.005478909573920974,0.005448911894054026,2.0
1M 100/97 short put spread,short_put_spread,2026-06-18,2026-07-17,29,7500.580078125,1.0,0.97,7500.0,7275.0,0.999922662231593,0.9699249823646452,SPXW  260717P07500000,SPXW  260717P07275000,100.5,101.1,46.0,46.4,5460.0,5432.0,5406.999999999999,54.6,54.32,54.06999999999999,0.007279436981045997,0.007242106534989351,0.00720877577958163,100/97,0.138126,0.166714,0.16505121145905874,-0.02692521145905874,-0.16313246792337288,7457.68994140625,-4231.005859375,1228.994140625,1200.994140625,1175.994140624999,0.001638532123947705,0.001601201677891059,0.001567870922483338,3.0
1M 101/98 short put spread,short_put_spread,2026-06-18,2026-07-17,29,7500.580078125,1.01,0.98,7575.0,7350.0,1.009921888853909,0.9799242089869612,SPXW  260717P07575000,SPXW  260717P07350000,131.4,132.0,59.5,59.9,7199.999999999998,7171.999999999998,7146.999999999997,71.99999999999999,71.71999999999998,71.46999999999997,0.009599257557423291,0.009561927111366645,0.009528596355958924,101/98,0.129106,0.157237,0.16505121145905874,-0.03594521145905874,-0.2177821728256446,7457.68994140625,-11731.005859375,-4531.005859375002,-4559.005859375002,-4584.005859375003,-0.006040873921990932,-0.006078204368047578,-0.0061115351234552985,4.0
1M 102/99 short put spread,short_put_spread,2026-06-18,2026-07-17,29,7500.580078125,1.02,0.99,7650.0,7425.0,1.0199211154762249,0.9899234356092771,SPXW  260717P07650000,SPXW  260717P07425000,171.6,172.3,77.1,77.6,9460.0,9426.999999999996,9396.999999999996,94.6,94.26999999999997,93.96999999999997,0.01261235784628116,0.012568361249142965,0.0125283643426537,102/99,0.121148,0.147555,0.16505121145905874,-0.04390321145905873,-0.26599751114186165,7457.68994140625,-19231.005859375,-9771.005859375,-9804.005859375004,-9834.005859375004,-0.013027000255448992,-0.013070996852587188,-0.01311099375907645,5.0
1M 103/100 short put spread,short_put_spread,2026-06-18,2026-07-17,29,7500.580078125,1.03,1.0,7725.0,7500.0,1.0299203420985408,0.999922662231593,SPXW  260717P07725000,SPXW  260717P07500000,218.8,225.3,100.5,101.1,12125.0,11944.500000000002,11767.0,121.25,119.44500000000002,117.67,0.016165416372744087,0.015924768318700353,0.01568811995530554,103/100,0.114219,0.138126,0.16505121145905874,-0.05083221145905874,-0.3079784208167885,7457.68994140625,-22500.0,-10375.0,-10555.499999999998,-10733.0,-0.013832263494203703,-0.014072911548247437,-0.01430955991164225,6.0
1M 98/95 short put spread,short_put_spread,2026-07-17,2026-08-21,35,7457.68994140625,0.98,0.95,7310.0,7085.0,0.9801962883189534,0.9500260879260992,SPXW  260821P07310000,SPXW  260821P07085000,88.4,89.0,49.8,50.3,3865.0,3834.500000000002,3807.0,38.65,38.34500000000002,38.07,0.0051825699785947405,0.005141672595839985,0.005104797906470939,98/95,0.171511,0.202086,0.11640551996352842,0.055105480036471574,0.47339232756090044,7674.3701171875,0.0,3865.0,3834.500000000002,3807.0,0.0051825699785947405,0.005141672595839985,0.005104797906470939,1.0
1M 99/96 short put spread,short_put_spread,2026-07-17,2026-08-21,35,7457.68994140625,0.99,0.96,7385.0,7160.0,0.9902530217832383,0.960082821390384,SPXW  260821P07385000,SPXW  260821P07160000,108.0,108.6,60.0,60.6,4800.0,4767.0,4737.000000000001,48.0,47.67,47.37000000000001,0.0064363094171422395,0.006392059789899386,0.006351832856042248,99/96,0.161049,0.192017,0.11640551996352842,0.044643480036471575,0.3835168645821869,7674.3701171875,0.0,4800.0,4767.0,4737.000000000001,0.0064363094171422395,0.006392059789899386,0.006351832856042248,2.0
1M 100/97 short put spread,short_put_spread,2026-07-17,2026-08-21,35,7457.68994140625,1.0,0.97,7460.0,7235.0,1.000309755247523,0.9701395548546687,SPXW  260821P07460000,SPXW  260821P07235000,132.5,133.0,72.6,73.3,5980.000000000001,5947.000000000002,5917.000000000002,59.80000000000001,59.47000000000002,59.170000000000016,0.00801856881552304,0.007974319188280189,0.00793409225442305,100/97,0.150409,0.181803,0.11640551996352842,0.034003480036471564,0.2921122644967813,7674.3701171875,0.0,5980.000000000001,5947.000000000002,5917.000000000002,0.00801856881552304,0.007974319188280189,0.00793409225442305,3.0
1M 101/98 short put spread,short_put_spread,2026-07-17,2026-08-21,35,7457.68994140625,1.01,0.98,7530.0,7310.0,1.0096960398141888,0.9801962883189534,SPXW  260821P07530000,SPXW  260821P07310000,161.0,161.8,88.4,89.0,7270.0,7231.999999999998,7197.0,72.7,72.31999999999998,71.97,0.009748326971380016,0.00969737285516097,0.009650441432327645,101/98,0.140755,0.171511,0.11640551996352842,0.02434948003647157,0.2091780531035008,7674.3701171875,0.0,7270.0,7231.999999999998,7197.0,0.009748326971380016,0.00969737285516097,0.009650441432327645,4.0
1M 102/99 short put spread,short_put_spread,2026-07-17,2026-08-21,35,7457.68994140625,1.02,0.99,7605.0,7385.0,1.0197527732784735,0.9902530217832383,SPXW  260821P07605000,SPXW  260821P07385000,199.2,200.0,108.0,108.6,9130.0,9091.999999999998,9057.0,91.3,90.91999999999999,90.57,0.012242396870522634,0.012191442754303589,0.012144511331470263,102/99,0.130835,0.161049,0.11640551996352842,0.014429480036471584,0.12395872670808528,7674.3701171875,0.0,9130.0,9091.999999999998,9057.0,0.012242396870522634,0.012191442754303589,0.012144511331470263,5.0
1M 103/100 short put spread,short_put_spread,2026-07-17,2026-08-21,35,7457.68994140625,1.03,1.0,7680.0,7460.0,1.0298095067427582,1.000309755247523,SPXW  260821P07680000,SPXW  260821P07460000,243.8,249.9,132.5,133.0,11410.000000000004,11242.0,11077.0,114.10000000000004,112.42,110.77,0.015299643843665202,0.01507437301406522,0.014853124877850954,103/100,0.121953,0.150409,0.11640551996352842,0.005547480036471583,0.04765650321573833,7674.3701171875,-562.98828125,10847.011718750004,10679.01171875,10514.01171875,0.014544734098592265,0.014319463268992283,0.014098215132778017,6.0
1M 98/95 short put spread,short_put_spread,2026-08-21,2026-09-18,28,7674.3701171875,0.98,0.95,7520.0,7290.0,0.979884978854255,0.9499150925329147,SPXW  260918P07520000,SPXW  260918P07290000,52.7,53.1,23.9,24.3,2880.000000000001,2856.9999999999995,2836.9999999999995,28.800000000000008,28.569999999999997,28.369999999999994,0.003752750982846084,0.0037227810965247423,0.003696720325810533,98/95,0.142353,0.17391,0.12846109068160114,0.01389190931839887,0.10814098840894038,7650.5,0.0,2880.000000000001,2856.9999999999995,2836.9999999999995,0.003752750982846084,0.0037227810965247423,0.003696720325810533,1.0
1M 99/96 short put spread,short_put_spread,2026-08-21,2026-09-18,28,7674.3701171875,0.99,0.96,7600.0,7365.0,0.9903092871399386,0.9596878815507431,SPXW  260918P07600000,SPXW  260918P07365000,71.6,72.0,30.5,30.8,4115.0,4094.499999999999,4076.9999999999995,41.15,40.94499999999999,40.769999999999996,0.005362003574448483,0.005335291284466418,0.005312488110091486,99/96,0.132184,0.16335,0.12846109068160114,0.0037229093183988593,0.028980832239906107,7650.5,0.0,4115.0,4094.499999999999,4076.9999999999995,0.005362003574448483,0.005335291284466418,0.005312488110091486,2.0
1M 100/97 short put spread,short_put_spread,2026-08-21,2026-09-18,28,7674.3701171875,1.0,0.97,7675.0,7445.0,1.000082076157767,0.9701121898364267,SPXW  260918P07675000,SPXW  260918P07445000,96.4,96.8,40.2,40.5,5625.0,5604.5,5587.0,56.25,56.045,55.87,0.007329591763371256,0.0073028794733891915,0.007280076299014259,100/97,0.123316,0.152438,0.12846109068160114,-0.005145090681601142,-0.0400517437171195,7650.5,-2450.0,3175.0,3154.5,3137.0,0.004137147350880665,0.0041104350608986,0.004087631886523667,3.0
1M 101/98 short put spread,short_put_spread,2026-08-21,2026-09-18,28,7674.3701171875,1.01,0.98,7750.0,7520.0,1.0098548651755952,0.979884978854255,SPXW  260918P07750000,SPXW  260918P07520000,130.5,131.0,52.7,53.1,7784.999999999999,7759.499999999999,7736.999999999999,77.85,77.59499999999998,77.36999999999999,0.010144155000505818,0.010110927517845201,0.010081609150791716,101/98,0.115855,0.142353,0.12846109068160114,-0.012606090681601137,-0.09813158688529366,7650.5,-9950.0,-2165.000000000001,-2190.500000000001,-2213.000000000001,-0.0028210784298131155,-0.002854305912473732,-0.002883624279527217,4.0
1M 102/99 short put spread,short_put_spread,2026-08-21,2026-09-18,28,7674.3701171875,1.02,0.99,7830.0,7600.0,1.0202791734612788,0.9903092871399386,SPXW  260918P07830000,SPXW  260918P07600000,176.5,180.9,71.6,72.0,10690.0,10567.0,10447.0,106.9,105.67,104.47,0.013929481946744662,0.013769208206852278,0.013612843582567024,102/99,0.109348,0.132184,0.12846109068160114,-0.019113090681601136,-0.14878505686187993,7650.5,-17950.0,-7260.0,-7383.0,-7503.0,-0.009460059769257834,-0.009620333509150219,-0.009776698133435473,5.0
1M 103/100 short put spread,short_put_spread,2026-08-21,2026-09-18,28,7674.3701171875,1.03,1.0,7905.0,7675.0,1.0300519624791071,1.000082076157767,SPXW  260918P07905000,SPXW  260918P07675000,231.1,236.8,96.4,96.8,13735.0,13579.499999999998,13426.999999999998,137.35,135.795,134.26999999999998,0.01789723428798297,0.017694611795679993,0.01749589841898415,103/100,0.104256,0.123316,0.12846109068160114,-0.024205090681601135,-0.18842351838343774,7650.5,-23000.0,-9265.0,-9420.500000000002,-9573.000000000002,-0.012072652033357277,-0.012275274525660254,-0.012473987902356097,6.0
