date,"99/96 monthly, no hedge","103/100 monthly, surplus-funded put"
2016-09-22,1000000.0,1000000.0
2016-09-23,1000000.0,1000000.0
2016-09-26,1000000.0,1000000.0
2016-09-27,1000000.0,1000000.0
2016-09-28,1000000.0,1000000.0
2016-09-29,1000000.0,1000000.0
2016-09-30,1000000.0,1000000.0
2016-10-03,1000000.0,1000000.0
2016-10-04,1000000.0,1000000.0
2016-10-05,1000000.0,1000000.0
2016-10-06,1000000.0,1000000.0
2016-10-07,1000000.0,1000000.0
2016-10-10,1000000.0,1000000.0
2016-10-11,1000000.0,1000000.0
2016-10-12,1000000.0,1000000.0
2016-10-13,1000000.0,1000000.0
2016-10-14,1000000.0,1000000.0
2016-10-17,1000000.0,1000000.0
2016-10-18,1000000.0,1000000.0
2016-10-19,1000000.0,1000000.0
2016-10-20,1000000.0,1000000.0
2016-10-21,999856.1320754717,999547.7272727273
2016-10-24,1001035.3773584906,998956.8181818182
2016-10-25,1000257.0754716981,998956.8181818182
2016-10-26,999691.037735849,999547.7272727273
2016-10-27,998346.6981132076,1000070.4545454546
2016-10-28,998441.037735849,1000956.8181818182
2016-10-31,998299.5283018867,1000979.5454545454
2016-11-01,995870.283018868,1002979.5454545454
2016-11-02,994030.6603773584,1004388.6363636364
2016-11-03,993464.6226415094,1006775.0
2016-11-04,993370.283018868,1007729.5454545454
2016-11-07,999549.5283018867,1000865.9090909091
2016-11-08,1000445.7547169811,1001252.2727272727
2016-11-09,1004136.7924528302,996161.3636363636
2016-11-10,1004761.7924528302,996615.9090909091
2016-11-11,1004891.5094339623,994411.3636363636
2016-11-14,1005492.9245283019,992286.3636363636
2016-11-15,1006224.0566037736,997956.8181818182
2016-11-16,1006318.3962264151,995547.7272727273
2016-11-17,1006365.5660377359,1000445.4545454546
2016-11-18,1006436.320754717,998965.2272727274
2016-11-21,1006436.320754717,998965.2272727274
2016-11-22,1006436.320754717,998965.2272727274
2016-11-23,1006436.320754717,998965.2272727274
2016-11-25,1006436.320754717,998965.2272727274
2016-11-28,1006436.320754717,998965.2272727274
2016-11-29,1006436.320754717,998965.2272727274
2016-11-30,1006436.320754717,998965.2272727274
2016-12-01,1006436.320754717,998965.2272727274
2016-12-02,1006436.320754717,998965.2272727274
2016-12-05,1006436.320754717,998965.2272727274
2016-12-06,1006436.320754717,998965.2272727274
2016-12-07,1006436.320754717,998965.2272727274
2016-12-08,1006436.320754717,998965.2272727274
2016-12-09,1006436.320754717,998965.2272727274
2016-12-12,1006436.320754717,998965.2272727274
2016-12-13,1006436.320754717,998965.2272727274
2016-12-14,1006436.320754717,998965.2272727274
2016-12-15,1006436.320754717,998965.2272727274
2016-12-16,1006276.8185699545,998420.7269127977
2016-12-19,1006950.7714633171,997048.757501951
2016-12-20,1007467.4686815616,997198.8166562623
2016-12-21,1007040.6318490987,996427.083862661
2016-12-22,1006995.7016562079,995805.4102233711
2016-12-23,1007287.7479099983,995333.7957383926
2016-12-27,1007579.7941637888,995012.2404077254
2016-12-28,1005894.9119303824,995119.4255179479
2016-12-29,1005849.9817374916,995140.8625399923
2016-12-30,1004502.0759507666,995805.4102233711
2017-01-03,1007332.6781028891,992461.2347844325
2017-01-04,1009062.4905291863,991539.4428365198
2017-01-05,1009365.7693311995,990617.6508886073
2017-01-06,1010152.0477067891,990939.2062192744
2017-01-09,1010219.4429961253,988838.3780589155
2017-01-10,1010556.4194428066,987209.164383535
2017-01-11,1010994.4888234922,988431.0746400703
2017-01-12,1010859.6982448198,986201.6243474445
2017-01-13,1011612.2789757412,986373.1205238004
2017-01-17,1011398.8605595097,983264.7523273509
2017-01-18,1011589.8138792958,984240.1368303747
2017-01-19,1011601.0464275185,982450.1454896607
2017-01-20,1011845.7461975592,980216.6031333668
2017-01-23,1011418.4550210012,979839.1337830012
2017-01-24,1012790.2845878451,979797.1927440717
2017-01-25,1014240.8256872129,981432.8932623228
2017-01-26,1014409.4932569067,981118.3354703514
2017-01-27,1014274.5592011516,979964.9568997897
2017-01-30,1013240.0647736955,978706.7257319043
2017-01-31,1013285.0427922806,978245.3743036797
2017-02-01,1013554.9109037908,977595.2882002721
2017-02-02,1013768.5564920699,977196.8483304417
2017-02-03,1015252.8311053764,977742.0818365255
2017-02-06,1015207.8530867914,976567.732746499
2017-02-07,1015500.2102075941,975833.7645652326
2017-02-08,1015702.6112912268,976064.4402793449
2017-02-09,1016174.8804863698,979514.0907312975
2017-02-10,1016309.814542125,982376.5666382369
2017-02-13,1016366.0370653563,987052.9924788778
2017-02-14,1016388.5260746488,990219.540918056
2017-02-15,1016411.0150839413,991823.78565711
2017-02-16,1016455.9931025264,992043.9761114899
2017-02-17,1016334.8333279819,991372.3382759395
2017-02-21,1017449.7053608245,990798.0767182343
2017-02-22,1017580.866776453,990818.5860595809
2017-02-23,1017843.18960771,991085.2074970868
2017-02-24,1018149.2329108432,990880.1140836207
2017-02-27,1018291.3244444409,990982.6607903538
2017-02-28,1017624.5872483292,990880.1140836207
2017-03-01,1019515.4976569738,993669.3845067598
2017-03-02,1019460.8470671286,991495.3943240191
2017-03-03,1019941.7722577666,989916.17504033
2017-03-06,1019908.9819038594,988254.9183912545
2017-03-07,1019602.9386007262,986286.0216219799
2017-03-08,1019548.2880108809,985834.8161123545
2017-03-09,1019570.148246819,986552.6430594858
2017-03-10,1020029.2132015189,986409.0776700595
2017-03-13,1020302.4661507449,986716.7177902587
2017-03-14,1020094.7939093332,984440.1809007849
2017-03-15,1020521.0685101259,988736.8879129
2017-03-16,1020597.5793359092,987598.619468163
2017-03-17,1020607.5658714138,985266.9005018083
2017-03-20,1020369.1740113107,984159.8952246038
2017-03-21,1016728.2801479158,987662.0573743051
2017-03-22,1016749.9521351979,987541.2931622464
2017-03-23,1016229.8244404272,988668.4258081273
2017-03-24,1016988.3439953012,987098.4910513647
2017-03-27,1016078.1205294525,986152.5047235717
2017-03-28,1018332.0072067921,982730.8520485763
2017-03-29,1019458.950545462,981563.4646653426
2017-03-30,1020715.9258078244,980476.5867568146
2017-03-31,1019979.0782402327,980375.9499134324
2017-04-03,1019740.6863801294,980174.676226668
2017-04-04,1020152.4541384896,979107.9256868165
2017-04-05,1018201.9752830995,981684.2288774012
2017-04-06,1019523.9665073083,979268.944636228
2017-04-07,1019567.3104818725,979470.2183229924
2017-04-10,1020000.7502275148,977578.2456674067
2017-04-11,1019968.2422465916,977618.5004047595
2017-04-12,1017855.2234865857,980335.6951760795
2017-04-13,1014669.4413561152,984502.0604921033
2017-04-17,1019881.5542974632,978423.5951518173
2017-04-18,1018201.9752830995,980194.8035953444
2017-04-19,1016923.3280334548,981845.2478268128
2017-04-20,1023023.9924533693,973975.4466743233
2017-04-21,1023014.3516541672,975307.4369928602
2017-04-24,1026007.1080288064,971313.7968319533
2017-04-25,1026865.3249303574,972604.6704193172
2017-04-26,1026832.31658799,972281.9520224762
2017-04-27,1027085.3805461397,972705.51991833
2017-04-28,1026865.3249303574,972463.4811206993
2017-05-01,1027316.4389427111,972423.1413210941
2017-05-02,1027272.4278195546,972302.1219222788
2017-05-03,1027228.4166963982,971737.3647278071
2017-05-04,1027382.4556274458,971918.8938260302
2017-05-05,1027679.5307087519,974863.6991972039
2017-05-08,1028064.6280363709,972957.6436658619
2017-05-09,1028064.6280363709,972322.2918220813
2017-05-10,1028163.653063473,973098.8329644799
2017-05-11,1028119.6419403164,972070.1680745493
2017-05-12,1028262.6780905749,970799.4643869881
2017-05-15,1028350.7003368879,973643.420259149
2017-05-16,1028372.7058984662,973350.956712012
2017-05-17,1027052.3722037723,963326.5165101397
2017-05-18,1028295.6864329423,961158.2522813645
2017-05-19,1028426.6132350314,965815.6133096891
2017-05-22,1029690.4943655694,964535.9988191943
2017-05-23,1030126.3154450654,964614.7443263016
2017-05-24,1030583.9275785361,964339.1350514258
2017-05-25,1031226.7636707925,965835.299686466
2017-05-26,1031335.7189406664,965756.5541793586
2017-05-30,1031379.3010486161,964634.4307030784
2017-05-31,1031335.7189406664,964732.8625869626
2017-06-01,1032033.0326678599,968118.91939258
2017-06-02,1032294.5253155574,969201.6701153065
2017-06-05,1032338.107423507,968591.3924352243
2017-06-06,1032305.4208425448,967548.0144660515
2017-06-07,1032425.2716394062,967715.3486686547
2017-06-08,1032610.495598192,967715.3486686547
2017-06-09,1032468.8537473558,967803.9373641505
2017-06-12,1032566.9134902423,966849.1480904735
2017-06-13,1032871.9882458894,969802.1046070002
2017-06-14,1032861.092718902,968935.9040288191
2017-06-15,1032959.1524617886,967912.2124364232
2017-06-16,1032882.3602721913,967341.2985206714
2017-06-19,1034103.9352468884,968228.4031352883
2017-06-20,1033246.6896506099,967726.9961792005
2017-06-21,1032903.7914120983,967206.3043401863
2017-06-22,1033010.9471116331,966145.6357792313
2017-06-23,1033568.1567492143,965412.8102280261
2017-06-26,1033889.6238478188,964487.1358475563
2017-06-27,1032303.7194947033,964641.4149109679
2017-06-28,1034146.7975267024,964159.2928378066
2017-06-29,1032132.2703754476,964911.4032719383
2017-06-30,1032346.5817745172,964197.8626036595
2017-07-03,1032732.3422928427,963812.1649451305
2017-07-05,1033461.0010496795,962770.7812671019
2017-07-06,1031017.8511002853,964313.5719012183
2017-07-07,1033407.4231999121,961073.711569574
2017-07-10,1034028.926257214,960109.4674232514
2017-07-11,1034318.2466459582,959145.2232769286
2017-07-12,1035904.1509990736,958855.9500330319
2017-07-13,1036397.0672169338,958778.810501326
2017-07-14,1036761.3965953522,960697.6563525081
2017-07-17,1036782.8277352592,961150.8511012798
2017-07-18,1036804.2588751662,960601.2319378759
2017-07-19,1036932.845714608,965219.9613987615
2017-07-20,1036943.5612845614,965624.943940217
2017-07-21,1036910.0143746885,960854.6728467409
2017-07-24,1037080.0139056941,959737.8643910937
2017-07-25,1037568.7625573353,960078.5856148505
2017-07-26,1037664.387293526,960040.7277010997
2017-07-27,1037505.0127332082,959832.5091754706
2017-07-28,1037547.5126159596,959207.8535985831
2017-07-31,1037526.2626745839,958431.7663666926
2017-08-01,1037961.8864727858,958374.9794960665
2017-08-02,1038174.3858865428,957844.9687035559
2017-08-03,1037983.1364141615,957788.1818329297
2017-08-04,1038270.0106227335,957163.5262560423
2017-08-07,1038716.2593916233,956822.8050322855
2017-08-08,1038280.6355934214,956747.089204784
2017-08-09,1038280.6355934214,956728.1602479086
2017-08-10,1033850.0228165872,960797.8859761148
2017-08-11,1034678.7705302397,957901.755574182
2017-08-14,1038206.2607986064,953813.1008891005
2017-08-15,1038811.884127814,952298.7843390702
2017-08-16,1039332.5076915186,951238.762754049
2017-08-17,1034700.0204716154,958204.6188841881
2017-08-18,1034573.0776902239,958171.7127734413
2017-08-21,1034852.7362227567,956042.5957504871
2017-08-22,1037326.6386259301,956080.9582193692
2017-08-23,1036294.0532750402,955831.6021716357
2017-08-24,1036509.1752231423,954527.2782296457
2017-08-25,1037068.4922882076,953414.7666320659
2017-08-28,1037423.443502576,952436.5236755734
2017-08-29,1037778.3947169443,952724.2421921889
2017-08-30,1038423.7605612504,953587.3977420352
2017-08-31,1039198.1995744177,955467.1587172562
2017-09-01,1039445.589814735,956100.1394538102
2017-09-05,1038897.0288470748,953203.7730532147
2017-09-06,1039370.2971328993,953510.6728042711
2017-09-07,1039520.8824965707,953376.4041631839
2017-09-08,1039208.9556718228,953242.1355220967
2017-09-11,1039972.6385875851,959274.6337538006
2017-09-12,1039972.6385875851,961672.2880589294
2017-09-13,1040026.4190746106,962103.8658338526
2017-09-14,1040058.6873668259,962535.4436087757
2017-09-15,1040026.5660354954,963620.9810497819
2017-09-18,1040572.8933854495,963040.4650491417
2017-09-19,1040635.931156598,963752.065307991
2017-09-20,1040719.9815181295,963190.2756299521
2017-09-21,1040593.9059758324,962235.2331772859
2017-09-22,1040488.8430239181,961954.3383382665
2017-09-25,1040341.7548912382,961130.3801438094
2017-09-26,1040215.679348941,960924.3905951951
2017-09-27,1040783.0192892781,961617.2645314431
2017-09-28,1041360.8655248065,960718.4010465809
2017-09-29,1041886.1802843779,961860.70672526
2017-10-02,1042527.064291055,963171.5493073508
2017-10-03,1042674.1524237349,964819.4656962649
2017-10-04,1042821.2405564149,965605.9712455194
2017-10-05,1043146.9357073491,968499.1880874196
2017-10-06,1043104.9105265834,967516.0561508515
2017-10-09,1043020.860165052,967403.6982152438
2017-10-10,1043188.9608881149,968340.0143453086
2017-10-11,1043336.0490207948,969285.6936366741
2017-10-12,1043346.5553159863,968134.0247966944
2017-10-13,1043451.6182679005,969023.525120256
2017-10-16,1043504.1497438577,970193.920282837
2017-10-17,1043472.6308582834,970699.530993072
2017-10-18,1043546.1749246233,971457.9470584245
2017-10-19,1043546.1749246233,971420.494413222
2017-10-20,1043535.2719694071,975535.8821816932
2017-10-23,1042512.1359827399,976602.1702052449
2017-10-24,1042819.07677874,976399.9431662954
2017-10-25,1041877.7916710062,976399.9431662954
2017-10-26,1042205.1951867397,976069.0261934691
2017-10-27,1043985.4518035407,974708.5897496272
2017-10-30,1043228.3311734069,974377.6727768008
2017-10-31,1043780.8246062072,973623.9174498074
2017-11-01,1043903.6009246074,973770.9916599524
2017-11-02,1044200.3103607409,973182.6948193721
2017-11-03,1044988.1250704746,972649.5508075963
2017-11-06,1045561.0812230082,972208.3281771612
2017-11-07,1045458.7676243415,972428.9394923787
2017-11-08,1045735.0143407417,972300.2495585018
2017-11-09,1045141.5954684747,972098.0225195524
2017-11-10,1044896.0428316746,971472.9571264358
2017-11-13,1045540.6185032749,969910.2936436445
2017-11-14,1045632.700742075,968329.2458845851
2017-11-15,1044742.5724336745,968108.6345693675
2017-11-16,1046440.978171542,967281.3421373016
2017-11-17,1046459.1578977332,962829.4240066843
2017-11-20,1047054.2511420731,961577.3607006444
2017-11-21,1048121.3148905446,961885.8400659007
2017-11-22,1048131.5751188954,961450.339785539
2017-11-24,1048624.0660797283,961577.3607006444
2017-11-27,1048706.147906534,961323.3188704335
2017-11-28,1049321.7616075752,965587.5924489752
2017-11-29,1049260.2002374711,965896.0718142313
2017-11-30,1049609.0480013944,969035.3030018387
2017-12-01,1049321.7616075752,969579.6783522909
2017-12-04,1049485.9252611862,968490.9276513866
2017-12-05,1049516.7059462382,966621.9056148343
2017-12-06,1049629.568458096,966386.0096296383
2017-12-07,1049988.6764503699,968000.9898359796
2017-12-08,1050111.7991905783,970650.2832081801
2017-12-11,1050152.8401039809,972664.472004853
2017-12-12,1050173.3605606824,973045.5347501695
2017-12-13,1050183.620789033,973490.1079530386
2017-12-14,1050163.1003323316,972564.6698572701
2017-12-15,1050123.5934619275,973783.2255512325
2017-12-18,1050893.4874780457,974681.881167282
2017-12-19,1049926.184739846,974875.708849175
2017-12-20,1049985.4073564704,973906.5704397098
2017-12-21,1050498.6700338826,973924.1911380638
2017-12-22,1050360.4839284255,973853.7083446481
2017-12-26,1050577.6335227152,973148.8804104916
2017-12-27,1050735.5605003806,972655.5008565821
2017-12-28,1050893.4874780457,971933.0522240717
2017-12-29,1049886.7029954295,971774.4659388865
2018-01-02,1051771.9562913089,970770.0861327136
2018-01-03,1052768.8703378208,973325.0873940308
2018-01-04,1053242.6512708168,975527.6746882697
2018-01-05,1053449.9304290025,979668.538801439
2018-01-08,1053617.7278427717,980549.5737191346
2018-01-09,1053676.9504593962,981448.2293351841
2018-01-10,1053726.3026399165,981227.9706057601
2018-01-11,1053795.395692645,984813.7827207812
2018-01-12,1053795.395692645,986382.0248742793
2018-01-16,1053785.525256541,986064.8523039089
2018-01-17,1053815.1365648534,987174.9563002053
2018-01-18,1053834.8774370616,987342.3529345675
2018-01-19,1053787.3246742564,987171.463585635
2018-01-22,1055300.9682781077,988382.4427628121
2018-01-23,1055395.5710033483,988860.0120157835
2018-01-24,1055338.809368204,989269.3570897589
2018-01-25,1055338.809368204,989354.6373135037
2018-01-26,1056767.3105193386,992168.8846970845
2018-01-29,1055263.1271880113,992032.4363390928
2018-01-30,1053579.1986787268,990446.2241774381
2018-01-31,1054184.6561202675,988842.9559710345
2018-02-01,1054033.2917598821,987973.0976888367
2018-02-02,1047165.1339074069,992458.837457817
2018-02-05,1013108.1528207524,1038987.7275330202
2018-02-06,1038404.9215501174,1014290.5747365048
2018-02-07,1033050.4073014933,1017889.4001785384
2018-02-08,1028566.2381250839,1043507.5793914985
2018-02-09,1028301.3504944099,1034365.539406048
2018-02-12,1028793.2846656615,1021522.3377100701
2018-02-13,1029360.9010171058,1018742.2024159872
2018-02-14,1031385.3993372569,1007382.87661317
2018-02-15,1039549.61452553,994283.8342459574
2018-02-16,1039320.7120596122,993327.8737886543
2018-02-20,1037843.9111275456,993539.3341233998
2018-02-21,1036290.3932639433,993662.6859853346
2018-02-22,1037863.0903604296,990790.3497717096
2018-02-23,1041238.6353480102,988904.8284535633
2018-02-26,1043252.4548008281,991301.3789140111
2018-02-27,1041085.2014849384,989926.886738166
2018-02-28,1038400.1088811811,988446.6643949483
2018-03-01,1034103.9607151694,992129.5985584304
2018-03-02,1035484.8654828161,988270.4474493271
2018-03-05,1039013.8443334685,984781.3519260281
2018-03-06,1039972.8059776674,983547.83330668
2018-03-07,1040107.0606078553,982701.9919676984
2018-03-08,1042149.6489099993,981838.5289341548
2018-03-09,1044978.5857603864,987345.308484816
2018-03-12,1045189.5573221102,987371.7410266591
2018-03-13,1045045.7130754803,983274.6970409672
2018-03-14,1044527.8737876129,978842.840858595
2018-03-15,1045400.528883834,976675.3724274548
2018-03-16,1045513.6457858538,975992.1027187313
2018-03-19,1042789.2502534806,978902.1914518815
2018-03-20,1042923.5514416962,978075.6573738271
2018-03-21,1042578.2055291419,977972.3406140702
2018-03-22,1034923.0378008538,993211.5626782005
2018-03-23,1029646.9196923847,1005695.6711488157
2018-03-26,1035249.1978293774,988493.4306493059
2018-03-27,1030414.3550536166,1000667.5888406506
2018-03-28,1029627.7338083539,1002785.5824156654
2018-03-29,1032678.2893692506,992230.0534605107
2018-04-02,1026404.50529118,1011533.0680750757
2018-04-03,1029493.4326201383,999048.9596044605
2018-04-04,1033138.7505859898,989078.8922879279
2018-04-05,1034903.8519168231,983689.201320614
2018-04-06,1027881.8183615514,1000460.955321137
2018-04-09,1028860.298447122,996087.2124914319
2018-04-10,1033100.3788179281,985135.6359572094
2018-04-11,1030164.9385612162,989061.6728279684
2018-04-12,1033215.494122113,981071.8434067747
2018-04-13,1030951.5598064789,982328.8639838159
2018-04-16,1035824.7743503014,974545.6680821358
2018-04-17,1042798.8431954961,966228.6689217122
2018-04-18,1044074.7044835441,964489.5034658058
2018-04-19,1038395.6828104281,970464.6560717416
2018-04-20,1030212.247238967,976846.0314367587
2018-04-23,1030212.247238967,975584.4064343573
2018-04-24,1026608.9760229134,976970.4170003757
2018-04-25,1027485.4473997913,976846.0314367587
2018-04-26,1030699.1757816769,974464.936361804
2018-04-27,1030718.6529233853,972741.3078373966
2018-04-30,1028498.258768628,971568.5296661502
2018-05-01,1029238.390153547,970697.830720831
2018-05-02,1026297.341755579,971781.7620609223
2018-05-03,1027212.7674158737,969915.9786066668
2018-05-04,1031439.3071665961,967694.8078277912
2018-05-07,1032257.3471183487,967215.0349395542
2018-05-08,1032559.2428148289,966522.0296565449
2018-05-09,1035032.8398117954,968334.5050121074
2018-05-10,1035977.4811846528,972705.7691049345
2018-05-11,1036435.1940148,975131.2875954667
2018-05-14,1036474.1482982169,975726.5613642053
2018-05-15,1036230.6840268619,970315.7893468644
2018-05-16,1036571.5340067588,973807.4698112569
2018-05-17,1036659.1811444466,972252.650266044
2018-05-18,1036589.8552725961,969876.2908067864
2018-05-21,1038192.1705172469,969338.2430041695
2018-05-22,1037825.3754612425,968713.4132979048
2018-05-23,1038443.1355555657,967949.7325458034
2018-05-24,1038520.3555673561,966995.1316056767
2018-05-25,1037748.1554494521,966648.0039910852
2018-05-29,1034987.5400279452,969286.1738619808
2018-05-30,1038404.5255496706,966665.3603718148
2018-05-31,1036995.2603344957,965866.9668582543
2018-06-01,1039456.6482103148,965571.9083858515
2018-06-04,1040277.1108355878,965953.7487619022
2018-06-05,1040605.295885697,966526.5093259782
2018-06-06,1041194.0984755988,970119.2801370005
2018-06-07,1041097.5734608609,970396.9822286736
2018-06-08,1041309.9284932844,971273.4794555173
2018-06-11,1041464.3685168652,971889.6309714173
2018-06-12,1041589.8510360246,972297.5059185623
2018-06-13,1041618.8085404461,970049.8546140821
2018-06-14,1041696.0285522365,973295.4978105129
2018-06-15,1041638.0180904898,972543.3649956573
2018-06-18,1041411.1451352687,971881.2234162801
2018-06-19,1040163.3438815529,972730.12287702
2018-06-20,1040900.6809860214,971830.2894486358
2018-06-21,1038839.9183094301,973867.6481544116
2018-06-22,1039879.7526875266,971949.1353731393
2018-06-25,1035436.8239811144,978519.6171992666
2018-06-26,1036022.9124487687,975921.9848494023
2018-06-27,1032846.691075674,981762.4131392933
2018-06-28,1034586.0503990354,977857.4756198894
2018-06-29,1034983.0780706723,976380.3905582019
2018-07-02,1035606.9786975302,974020.4500573449
2018-07-03,1033319.343065718,977908.4095875338
2018-07-05,1037384.1501800951,970981.3899878957
2018-07-06,1041033.0235432336,966397.3328998999
2018-07-09,1044218.6979561292,964444.8641401981
2018-07-10,1044861.5046625889,964937.2258274272
2018-07-11,1043103.2392596258,963816.6785392505
2018-07-12,1045154.5488964161,964258.1062588353
2018-07-13,1045731.1843242695,964003.4364206133
2018-07-16,1045759.5434436722,962288.6595099185
2018-07-17,1046307.8197521231,964453.3531348055
2018-07-18,1046421.2562297336,965268.2966171158
2018-07-19,1046449.6153491362,961830.253801119
2018-07-20,1046438.3369034613,958830.7554808042
2018-07-23,1047382.8457361577,958481.5491620165
2018-07-24,1047798.4296225442,959312.992778178
2018-07-25,1048742.9384552408,961325.0863292887
2018-07-26,1048875.1696918183,961108.9109890867
2018-07-27,1047760.6492692364,958647.8378852487
2018-07-30,1046759.4699065781,957766.5076521176
2018-07-31,1048062.8920956993,957018.2083975723
2018-08-01,1047798.4296225442,956353.053504643
2018-08-02,1048979.065663415,957051.4661422187
2018-08-03,1049668.5571112833,958082.456226259
2018-08-06,1050074.695909343,959495.9103737335
2018-08-07,1050320.2682058439,961092.2821167635
2018-08-08,1050348.603470825,959928.2610541374
2018-08-09,1050320.2682058439,959795.2300755515
2018-08-10,1049866.9039661495,957134.6105038349
2018-08-13,1049592.9964046676,954407.4754428252
2018-08-14,1050376.9387358057,956095.305983633
2018-08-15,1050254.152587555,951181.4742121187
2018-08-16,1050594.175767326,956303.1668876734
2018-08-17,1050537.413197068,958242.9627059711
2018-08-20,1051039.4941324666,957770.2159698308
2018-08-21,1051244.0456246661,957982.1369205143
2018-08-22,1051337.023575666,957378.9772916457
2018-08-23,1051095.2809030665,956971.4370018695
2018-08-24,1052378.3766268634,957688.7079118756
2018-08-27,1053475.5164486605,959547.0916332547
2018-08-28,1053494.1120388603,959840.5206418935
2018-08-29,1054014.788564459,961486.9834125891
2018-08-30,1053401.1340878606,960867.5221721294
2018-08-31,1053642.87676046,960345.8706012159
2018-09-04,1053680.0679408598,959465.5835752995
2018-09-05,1053270.964956461,958308.1691523353
2018-09-06,1052750.2884308624,957460.4853496009
2018-09-07,1052768.8840210622,956368.2773730009
2018-09-10,1053596.3877849602,954998.9419993531
2018-09-11,1054303.0202125583,955487.9903470845
2018-09-12,1054358.8069831582,954917.4339413978
2018-09-13,1054916.6746891567,957900.6288625591
2018-09-14,1055009.6526401564,958161.4546480158
2018-09-17,1054730.7187871572,954721.8146023053
2018-09-18,1055121.2261813562,958022.890949492
2018-09-19,1055149.1195666562,959033.5908681367
2018-09-20,1055186.310747056,965904.7201537623
2018-09-21,1055167.502817659,964476.6140405128
2018-09-24,1054603.494110365,963965.3460995775
2018-09-25,1054257.8113542816,963645.8036364929
2018-09-26,1053439.089037242,963837.5291143437
2018-09-27,1054494.3311347598,962543.3821388511
2018-09-28,1054658.0755981677,961792.4573506024
2018-10-01,1055731.511524953,960801.8757150401
2018-10-02,1055713.3176956852,960658.0816066521
2018-10-03,1055931.643646896,960130.8365425626
2018-10-04,1053220.7630860317,963358.2154197168
2018-10-05,1051656.0937690225,963917.4147301149
2018-10-08,1051819.8382324306,962942.8102177068
2018-10-09,1050782.7899641804,963917.4147301149
2018-10-10,1034972.3523306831,995711.8898070309
2018-10-11,1031970.370501538,1006800.0132760659
2018-10-12,1031133.454355231,999178.9255314986
2018-10-15,1028768.25655045,1005362.0721921853
2018-10-16,1034317.3744770514,983137.8938846525
2018-10-17,1032952.8372819856,983808.9330571302
2018-10-18,1028422.5737943667,997709.0302013095
2018-10-19,1027916.6882826257,998874.5847312446
2018-10-22,1027222.5733442125,996805.7627609062
2018-10-23,1026340.8597737955,996805.7627609062
2018-10-24,1019174.5920312579,1002503.7893741264
2018-10-25,1020581.5817712849,1001118.7305973744
2018-10-26,1019531.0294320647,1000540.1617412628
2018-10-29,1016341.8526880034,1002591.4513220221
2018-10-30,1020318.9436864798,997875.2385252337
2018-10-31,1023114.1633033336,993369.4144033949
2018-11-01,1026134.5012785916,991230.46287474
2018-11-02,1024802.550991366,990459.0377332579
2018-11-05,1026528.4584057991,989389.5619689304
2018-11-06,1028667.0828106402,989985.6632146211
2018-11-07,1033535.2673111337,995113.8871665193
2018-11-08,1033554.027174334,993702.5298053985
2018-11-09,1032090.757844706,987557.4272579104
2018-11-12,1026397.1393633966,982078.5555144295
2018-11-13,1026359.6196369958,980412.9785044112
2018-11-14,1020393.9831392813,980290.2517773572
2018-11-15,1029895.8538502639,977651.6271456968
2018-11-16,1035097.6729685563,976271.6601658664
2018-11-19,1031780.3516411538,976427.2093570285
2018-11-20,1027166.6058869504,980125.8234579922
2018-11-21,1027547.9071889507,976962.9899043643
2018-11-23,1025507.9452232491,978725.8807375339
2018-11-26,1028996.8521365518,972210.0979521914
2018-11-27,1030483.9272143529,971605.1844310057
2018-11-28,1035154.8681638563,972452.0633606656
2018-11-29,1035555.2345309566,973005.1271514639
2018-11-30,1036470.3576557572,973661.890403037
2018-12-03,1039368.2475509593,974111.2547330605
2018-12-04,1032256.9782686541,971622.4676744682
2018-12-06,1031532.5057948536,970741.0222578833
2018-12-07,1025698.5958742492,974854.4342019458
2018-12-10,1025507.9452232491,970360.7909017095
2018-12-11,1024726.2775541486,968839.8654770142
2018-12-12,1025832.0513299494,966852.2924788328
2018-12-13,1023734.8941689478,965314.083810675
2018-12-14,1017767.5287926435,971829.8665960175
2018-12-17,1014221.4266840408,984844.1489232403
2018-12-18,1013801.9952518404,990253.8041269862
2018-12-19,1012562.7660203396,999621.3220836325
2018-12-20,1012524.6358901395,1005791.4399997261
2018-12-21,1012024.7624510038,1031309.6023049165
2018-12-24,1007555.6707244528,1033033.0336160994
2018-12-26,1014629.9675806994,1033033.0336160994
2018-12-27,1015858.4382922632,1034195.8306453313
2018-12-28,1016027.8825283409,1033406.7898040668
2018-12-31,1017785.8664776478,1033946.659853353
2019-01-02,1018781.3513646047,1034476.1477863068
2019-01-03,1015434.8277020688,1029233.179038431
2019-01-04,1019903.9194286198,1035763.5302115277
2019-01-07,1020613.4671671954,1037393.5224757189
2019-01-08,1021142.9804049385,1038805.4902969289
2019-01-09,1021344.1954352808,1039594.5311381933
2019-01-10,1021587.7715246426,1040310.8971651308
2019-01-11,1021746.6254959655,1040757.3281674252
2019-01-14,1021725.4449664558,1040830.0029817522
2019-01-15,1021767.8060254753,1041141.466471725
2019-01-16,1021778.3962902301,1041266.0518677142
2019-01-17,1021788.9865549849,1041307.5803330438
2019-01-18,1021661.5043751879,1040910.9716195547
2019-01-22,1018281.2950623878,1044432.4494171604
2019-01-23,1018686.9201799239,1042766.3739000135
2019-01-24,1018532.3963256244,1040626.9814745865
2019-01-25,1021236.5637758644,1038563.3197544843
2019-01-28,1019169.8072246095,1039244.896102408
2019-01-29,1019131.1762610347,1038885.1752521149
2019-01-30,1023071.5345456703,1037484.1572036052
2019-01-31,1025118.9756151376,1037843.8780538982
2019-02-01,1025466.6542873114,1036613.2540923693
2019-02-04,1026847.7112351125,1037900.6760828919
2019-02-05,1027127.7857210302,1039642.4823053634
2019-02-06,1027301.6250571171,1039462.6218802169
2019-02-07,1026355.1664495331,1035553.0242178214
2019-02-08,1026731.8183443879,1034738.9191355793
2019-02-11,1027127.7857210303,1034606.3904012608
2019-02-12,1027939.0359561023,1042889.4362961665
2019-02-13,1028054.9288468269,1044262.0553301794
2019-02-14,1028093.5598104018,1043779.2720837335
2019-02-15,1028074.8622343886,1047607.0568390948
2019-02-19,1028504.8165006409,1046049.8107807772
2019-02-20,1029420.8060243961,1045097.1426039241
2019-02-21,1028411.3481818904,1045097.1426039241
2019-02-22,1030112.47158315,1043924.6279247203
2019-02-25,1030523.7321856522,1044382.6414712843
2019-02-26,1030187.2462381504,1043997.9100921706
2019-02-27,1030822.8308056539,1043118.5240827677
2019-02-28,1030654.587831903,1042019.2915710141
2019-03-01,1032000.5316219105,1042074.2531966018
2019-03-04,1031178.010416906,1040462.0455126965
2019-03-05,1031430.3748775324,1039509.3773358434
2019-03-06,1029738.5983081479,1038629.9913264405
2019-03-07,1027439.2776668849,1038886.4789125163
2019-03-08,1027570.1333131357,1036871.2193076347
2019-03-11,1032393.0985606627,1033775.0477328621
2019-03-12,1033224.9665975424,1033628.4833979616
2019-03-13,1033869.8979969211,1038355.183198502
2019-03-14,1033925.9789881713,1035973.5127563693
2019-03-15,1033980.8995735826,1041158.8304244899
2019-03-18,1034571.7785112801,1041230.4085171268
2019-03-19,1034054.7594407947,1041785.1387350622
2019-03-20,1033334.6257354759,1041785.1387350622
2019-03-21,1035587.3516854477,1042357.7634761569
2019-03-22,1031469.6640883681,1045865.0900153616
2019-03-25,1031155.7596527162,1044594.5788710578
2019-03-26,1032928.3964658089,1041641.9825497885
2019-03-27,1031838.963424429,1041946.1894434951
2019-03-28,1033205.3709678545,1039870.4247570271
2019-03-29,1035033.4026813563,1038617.8081358825
2019-04-01,1037433.8483657525,1039190.4328769771
2019-04-02,1037535.4056831693,1038134.6560105839
2019-04-03,1037923.1699860332,1039852.5302338678
2019-04-04,1038237.0744216851,1039727.2685717534
2019-04-05,1038874.1157763902,1041301.9866097636
2019-04-08,1039077.2304112237,1041552.5099339925
2019-04-09,1038698.6985917613,1039208.3274001364
2019-04-10,1039271.1125626557,1040818.8344844651
2019-04-11,1039363.4373966709,1040049.3699886191
2019-04-12,1039575.784514906,1044102.4794841796
2019-04-15,1039631.1794153152,1044236.6884078737
2019-04-16,1039631.1794153152,1045095.6255195156
2019-04-17,1039649.6443821182,1043082.4916641047
2019-04-18,1039612.5688477608,1046585.5273720942
2019-04-22,1040099.9219294713,1045397.0419257462
2019-04-23,1041634.1816311525,1046795.2600979203
2019-04-24,1041020.4777504801,1047022.4705508986
2019-04-25,1040966.3274080678,1046131.1064661377
2019-04-26,1042013.2340280385,1046568.049644942
2019-04-29,1042157.6349411379,1046235.9728290507
2019-04-30,1042518.6372238864,1047057.4260052029
2019-05-01,1040767.7761525561,1046078.6732846812
2019-05-02,1040713.6258101438,1044540.6332952897
2019-05-03,1042843.5392783601,1045187.3091999202
2019-05-06,1041561.9811746029,1045799.0296502464
2019-05-07,1037085.5528685212,1049696.5628051814
2019-05-08,1036724.5505857727,1049556.740987964
2019-05-09,1035244.4412265038,1049993.6841667683
2019-05-10,1037897.8080047054,1042618.0833085505
2019-05-13,1025064.1768529956,1061703.7613587254
2019-05-14,1030605.5618931854,1050203.4168925944
2019-05-15,1034414.1359761822,1044540.6332952897
2019-05-16,1040812.9014378997,1036378.534715224
2019-05-17,1037569.3884926555,1041305.6445506974
2019-05-20,1036251.6983007393,1040158.0563489854
2019-05-21,1038081.8235672894,1038922.1921317572
2019-05-22,1037679.1960086484,1037756.9487269418
2019-05-23,1034403.2717815237,1038427.8464448658
2019-05-24,1035647.7569627778,1036838.8781655722
2019-05-28,1033085.5815896076,1036821.222962469
2019-05-29,1030614.912479765,1037862.8799455614
2019-05-30,1031346.9625863851,1035426.4619173112
2019-05-31,1026972.9631993303,1040511.1604110507
2019-06-03,1025783.3817760727,1039787.297083817
2019-06-04,1032682.9540309666,1031824.8004842459
2019-06-05,1035373.2381727953,1029617.9000963381
2019-06-06,1037532.7859873244,1029776.7969242674
2019-06-07,1040058.3588551636,1032689.9054363057
2019-06-10,1041385.1996734124,1033537.3551852622
2019-06-11,1041394.3502997452,1032778.1814518219
2019-06-12,1041549.9109474019,1031171.5579694251
2019-06-13,1042565.6304703372,1032848.802264235
2019-06-14,1043004.8605343093,1031039.1439461507
2019-06-17,1043517.2956089433,1030730.1778918436
2019-06-18,1044231.0444628978,1037933.5007579745
2019-06-19,1044569.6176372096,1040228.6771613985
2019-06-20,1044606.2201425406,1046972.9647468445
2019-06-21,1044606.2886656898,1048481.4248956918
2019-06-24,1044874.6162108385,1047496.5962302085
2019-06-25,1042441.779801489,1048550.5356792344
2019-06-26,1042155.5637533301,1048187.7040656353
2019-06-27,1043586.6439941241,1046632.7114359249
2019-06-28,1045697.487349295,1045630.605074556
2019-07-01,1047647.3341773767,1043263.560738219
2019-07-02,1048971.0834001112,1042693.3967739918
2019-07-03,1049892.3413051222,1045354.1619403852
2019-07-05,1049847.6200475972,1043108.0614752478
2019-07-08,1049534.5712449236,1040481.8517006257
2019-07-09,1049776.0660355575,1040965.6271854246
2019-07-10,1050482.6619044496,1043315.393825876
2019-07-11,1050697.3239405686,1044827.1922158722
2019-07-12,1050885.153222173,1047315.180423409
2019-07-15,1051001.4284917375,1048101.315586207
2019-07-16,1051001.4284917375,1045224.5792212427
2019-07-17,1050938.8187312027,1038382.6116505166
2019-07-18,1051064.0382522722,1041967.7335467936
2019-07-19,1051080.3104910713,1034094.5209624401
2019-07-22,1052222.4806569307,1032119.595658052
2019-07-23,1053507.4220935223,1032102.7159545957
2019-07-24,1054274.817673709,1032507.8288375471
2019-07-25,1053436.036458156,1031596.3248509065
2019-07-26,1054488.9745798076,1032541.5882444597
2019-07-29,1054524.6673974907,1032018.3174373142
2019-07-30,1053739.4254084623,1032001.4377338579
2019-07-31,1051794.1668447333,1032136.4753615083
2019-08-01,1048885.2022035606,1033841.3254105955
2019-08-02,1047511.0287227613,1032592.2273548286
2019-08-05,1036107.1734730105,1058975.2038570386
2019-08-06,1040604.4685010812,1043412.1172703224
2019-08-07,1041175.5535840109,1041774.7860350604
2019-08-08,1049420.594468807,1026903.7672900527
2019-08-09,1046351.0121480605,1030229.0688709455
2019-08-12,1039123.2165672326,1040897.0414553324
2019-08-13,1048920.8950212437,1025452.1127928102
2019-08-14,1030699.7115940207,1054063.210151253
2019-08-15,1028647.3745772424,1051396.2170051562
2019-08-16,1037334.900186585,1036358.6453298215
2019-08-19,1039525.6278590756,1036202.1051441333
2019-08-20,1037986.6869321194,1034410.5896857023
2019-08-21,1039996.3627308503,1035123.7171982817
2019-08-22,1039525.6278590756,1035175.8972601778
2019-08-23,1034999.3310150868,1033106.0881383012
2019-08-26,1037099.5327506976,1033227.8416160585
2019-08-27,1035759.748884877,1032445.1406876178
2019-08-28,1037841.8454331118,1032514.7141034792
2019-08-29,1040376.5716657453,1034741.063411044
2019-08-30,1040195.5197919859,1034984.5703665589
2019-09-03,1039290.2604231881,1032236.4204400337
2019-09-04,1041680.1451568141,1034114.9026682914
2019-09-05,1043472.5587070336,1037628.3601692921
2019-09-06,1044214.8713894478,1038419.7577747155
2019-09-09,1044441.1862316473,1038350.1843588541
2019-09-10,1044640.3432927828,1038454.5444826462
2019-09-11,1045083.9203834936,1040863.5240068472
2019-09-12,1045174.4463203733,1041898.4285677855
2019-09-13,1045246.8670698772,1041872.3385368375
2019-09-16,1045319.287819381,1041228.7844401195
2019-09-17,1045364.550787821,1042246.2956470925
2019-09-18,1045391.7085688849,1043037.6932525159
2019-09-19,1045464.1293183886,1044020.4177515581
2019-09-20,1045437.647961805,1044204.1300155212
2019-09-23,1046232.3970285796,1042627.1819646189
2019-09-24,1044183.7105453385,1044051.5221396274
2019-09-25,1045525.9534136688,1042525.4433806897
2019-09-26,1045172.7316062135,1041677.6218479465
2019-09-27,1043795.1665571375,1042576.3126726543
2019-09-30,1045225.7148773317,1040304.1509649026
2019-10-01,1041728.8189835236,1042898.4848550967
2019-10-02,1035300.1820878359,1052309.3038685457
2019-10-03,1038814.7390720168,1044475.432905999
2019-10-04,1042965.0953096175,1038405.030731558
2019-10-07,1041569.8691701686,1038201.5535636996
2019-10-08,1035512.1151723091,1046493.2481539277
2019-10-09,1038585.1448971708,1039965.0223518054
2019-10-10,1041728.8189835236,1036115.9125931514
2019-10-11,1046091.1083055974,1031096.809119312
2019-10-14,1047177.2653635227,1026739.0064410121
2019-10-15,1050453.3976276712,1027366.3943752421
2019-10-16,1050682.9918025173,1024958.5812222515
2019-10-17,1051371.774327055,1024670.3219011188
2019-10-18,1051501.9965153444,1019613.8917244826
2019-10-21,1053082.9247241218,1018073.7920343672
2019-10-22,1052283.5790005827,1017494.1846241087
2019-10-23,1053260.5571071305,1017047.0589076235
2019-10-24,1053473.715966741,1016219.04832154
2019-10-25,1054734.9058861027,1015771.9226050548
2019-10-28,1055480.9618947394,1017196.1008131186
2019-10-29,1055463.1986564384,1017113.2997545103
2019-10-30,1056253.6627608272,1018040.6716109238
2019-10-31,1055774.0553267037,1016914.5772138502
2019-11-01,1056839.849624756,1019630.4519362043
2019-11-04,1057195.1143907735,1021071.1903559897
2019-11-05,1057221.7592482246,1020516.4232633137
2019-11-06,1057470.444584437,1021178.8317321806
2019-11-07,1057550.3791567907,1022420.8476113059
2019-11-08,1057701.366682348,1023174.337244642
2019-11-11,1057719.129920649,1023306.8189384154
2019-11-12,1057728.0115397994,1024250.7510065506
2019-11-13,1057719.129920649,1024979.4003223042
2019-11-14,1057745.7747781004,1025517.6072032586
2019-11-15,1057658.652733137,1025688.1035104865
2019-11-18,1057967.2359392173,1025192.6799881046
2019-11-19,1057778.6573132793,1025384.4568354782
2019-11-20,1057332.9260156078,1024777.1634854616
2019-11-21,1056852.9076950385,1025160.717180209
2019-11-22,1057675.796244586,1023418.7441498983
2019-11-25,1059150.1382291913,1022603.6925485602
2019-11-26,1059870.1657100453,1022747.5251840905
2019-11-27,1060247.322961921,1023370.7999380549
2019-11-29,1059698.7305955563,1023226.9673025246
2019-12-02,1057675.796244586,1024089.9631157061
2019-12-03,1055721.435939411,1025288.5684117913
2019-12-04,1057470.074107199,1023115.09747489
2019-12-05,1058087.2405193595,1022252.1016617086
2019-12-06,1060144.4618932276,1022284.0644696042
2019-12-09,1059441.5779238227,1021820.6037551179
2019-12-10,1059784.4481528008,1020989.570749832
2019-12-11,1060453.045099308,1020382.2773998154
2019-12-12,1061490.2275419666,1023035.1904551509
2019-12-13,1062218.8267785448,1022236.1202577607
2019-12-16,1062724.5603662874,1025855.9082519384
2019-12-17,1062827.4214349808,1025088.8008624439
2019-12-18,1062878.8519693275,1026159.5549269468
2019-12-19,1062895.9954807765,1029395.7892263772
2019-12-20,1062862.3359694208,1031049.4920671757
2019-12-23,1063095.2177215277,1030521.295258289
2019-12-24,1063095.2177215277,1030272.7320541069
2019-12-26,1064026.7447299552,1031096.0976679599
2019-12-27,1063244.9274193107,1031608.7592765853
2019-12-30,1062097.153069641,1031701.9704781536
2019-12-31,1063477.8091714175,1029977.5632491407
2020-01-02,1065074.7126144364,1030567.900859073
2020-01-03,1063344.7338844994,1030008.6336496635
2020-01-06,1064384.384563548,1028408.5080227418
2020-01-07,1064151.5028114412,1026963.7343984338
2020-01-08,1065607.0137621092,1029060.9864337195
2020-01-09,1066330.6106347272,1030754.3232622095
2020-01-10,1066289.0246075653,1027942.4520149005
2020-01-13,1066995.9870693183,1032603.0120933134
2020-01-14,1067020.9386856155,1032004.9068832503
2020-01-15,1067112.427945372,1033496.2861083425
2020-01-16,1067162.3311779662,1039252.0778051824
2020-01-17,1067120.7863222351,1041121.0742863545
2020-01-21,1066634.2267708092,1041546.8496290765
2020-01-22,1066699.101377666,1041607.6746780368
2020-01-23,1067072.1303670926,1041516.4371045964
2020-01-24,1064558.2393513918,1043919.0265385284
2020-01-27,1060146.7660851297,1050883.4946444829
2020-01-28,1063163.4353039707,1045424.4465002958
2020-01-29,1062612.001145688,1045454.8590247759
2020-01-30,1064477.1460928207,1041942.2124473185
2020-01-31,1058168.0905759975,1052890.7212601728
2020-02-03,1060195.4220402723,1046823.4226263828
2020-02-04,1065271.8600268166,1039281.1165553053
2020-02-05,1068191.2173353722,1037806.109118018
2020-02-06,1069083.243179653,1037471.5713487363
2020-02-07,1067883.0629528025,1036513.5768276115
2020-02-10,1069894.175765363,1036559.1956143318
2020-02-11,1070194.2208220758,1036635.2269255321
2020-02-12,1071451.166329926,1038125.4406250595
2020-02-13,1071378.1823972124,1037745.2840690577
2020-02-14,1071759.3207124958,1037669.2527578573
2020-02-18,1071929.616555495,1034354.2875895208
2020-02-19,1072229.6616122078,1037790.9028557779
2020-02-20,1072229.6616122078,1032780.439447673
2020-02-21,1072236.1258515136,1022622.3541668109
2020-02-24,1064903.42097962,1031023.383465267
2020-02-25,1057132.7005512195,1045714.0329287619
2020-02-26,1054747.9491880152,1050724.912351027
2020-02-27,1064092.2810601627,1061876.7211542872
2020-02-28,1048923.964566312,1088626.1932037075
2020-03-02,1051000.4827601227,1061386.0415669437
2020-03-03,1048339.9438243029,1080433.3310029123
2020-03-04,1053920.5864701688,1048375.59796314
2020-03-05,1049556.6537034889,1074604.6522684083
2020-03-06,1047528.8039048456,1089904.9339464814
2020-03-09,1046685.21838861,1153217.4697921914
2020-03-10,1046685.21838861,1118483.3026396364
2020-03-11,1046506.7676063295,1155314.0098472042
2020-03-12,1046425.6536143838,1235725.9858579133
2020-03-13,1046247.2028321032,1168443.4060782427
2020-03-16,1046409.4308159946,1251606.161593756
2020-03-17,1046068.7520498226,1228588.8282238266
2020-03-18,1046376.9852192163,1253167.4148262125
2020-03-19,1046490.5448079404,1256408.87391836
2020-03-20,1045441.2383998353,1243789.9823615057
2020-03-23,1042859.8678636117,1238747.9570139253
2020-03-24,1049105.8626432242,1246752.007696246
2020-03-25,1049405.4860090357,1247634.0330181466
2020-03-26,1052378.6717159362,1251715.0457015666
2020-03-27,1050857.5069356617,1249687.7039168999
2020-03-30,1053346.68566702,1252741.8811509432
2020-03-31,1053346.68566702,1252412.767224861
2020-04-01,1050603.9794722826,1248055.2988435319
2020-04-02,1052908.7745939107,1251148.9697487052
2020-04-03,1052908.7745939107,1250990.9950641857
2020-04-06,1055789.768495946,1255611.7545863807
2020-04-07,1055928.0562032438,1255624.919143424
2020-04-08,1056746.2584714217,1257309.9824449653
2020-04-09,1057034.3578616253,1257941.8811830431
2020-04-13,1057218.7414713555,1258297.324223212
2020-04-14,1057230.2654469637,1258363.1470084284
2020-04-15,1057241.789422572,1258389.476122515
2020-04-16,1057230.2654469637,1258389.476122515
2020-04-17,1057044.834010131,1257953.3100688476
2020-04-20,1054517.8589071175,1257676.977432862
2020-04-21,1051006.1067419,1254701.0875068624
2020-04-22,1053570.2432434876,1253914.602312134
2020-04-23,1053180.0485584633,1252129.0683565342
2020-04-24,1055707.0236614768,1250683.636106763
2020-04-27,1058233.9987644902,1252299.1192094486
2020-04-28,1058196.8373659167,1252362.8882792913
2020-04-29,1061522.7825382652,1258208.386348219
2020-04-30,1059831.9389031606,1255168.7273523766
2020-05-01,1055502.6359693212,1248558.000445335
2020-05-04,1055781.3464586243,1246177.2885045356
2020-05-05,1058048.1917716218,1248876.8457945492
2020-05-06,1056338.7674372303,1245358.9187748856
2020-05-07,1060166.3914903242,1249780.2409506561
2020-05-08,1063640.9822569678,1255817.0462291122
2020-05-11,1064402.7909277293,1254764.8565767054
2020-05-12,1059330.2600224153,1241872.8762901435
2020-05-13,1054777.9886971337,1235145.2394217234
2020-05-14,1061281.2334475361,1236303.7108572016
2020-05-15,1066284.0536410662,1232461.8094165295
2020-05-18,1069933.4190115433,1235554.2925261562
2020-05-19,1068950.1703106894,1234271.0172221614
2020-05-20,1070614.129650596,1235617.4044263526
2020-05-21,1069479.6119188415,1233997.5323213101
2020-05-22,1070160.3225578943,1234460.3529227509
2020-05-26,1071767.5560112132,1236595.638879398
2020-05-27,1072675.1701966168,1238204.9923344075
2020-05-28,1072694.0788254794,1238289.1415346696
2020-05-29,1073166.7945470437,1238751.9621361103
2020-06-01,1073261.3376913567,1238604.7010356518
2020-06-02,1073923.1397015469,1239582.935488697
2020-06-03,1074584.941711737,1240697.9123921678
2020-06-04,1074660.5762271874,1240729.468342266
2020-06-05,1075237.2894074959,1242149.4860966862
2020-06-08,1075350.7411806714,1242475.5642477013
2020-06-09,1075284.5609796522,1242212.5979968829
2020-06-10,1075303.4696085148,1242160.004746719
2020-06-11,1072429.3580214034,1236458.896428972
2020-06-12,1073752.9620417836,1237857.876883327
2020-06-15,1075076.566062164,1240676.8750921022
2020-06-16,1075445.2843249843,1242223.1166469154
2020-06-17,1075530.3731548658,1242738.53049852
2020-06-18,1075539.827469297,1242833.1983488146
2020-06-19,1075364.197767639,1242577.8808075986
2020-06-22,1077858.569165087,1242813.885761171
2020-06-23,1078123.9278243901,1243069.5577942082
2020-06-24,1074975.005067328,1239588.4847290118
2020-06-25,1076231.0360546955,1239647.485967405
2020-06-26,1073205.9473386414,1235792.7383923852
2020-06-29,1075611.8658496551,1235104.3906111317
2020-06-30,1077858.569165087,1239037.806504009
2020-07-01,1079043.837843307,1239883.4909209777
2020-07-02,1080547.5369126908,1242499.212489741
2020-07-06,1082228.141754943,1245842.6159986868
2020-07-07,1081113.6353858705,1242607.3814267952
2020-07-08,1082564.2627233935,1245409.94025047
2020-07-09,1081856.6396319189,1243207.227350459
2020-07-10,1083837.9842880478,1247061.9749254787
2020-07-13,1082935.7648464176,1243944.7428303733
2020-07-14,1084271.403431576,1247701.155008071
2020-07-15,1084979.0265230506,1251683.7385996094
2020-07-16,1084996.7171003376,1251831.2416955922
2020-07-17,1084937.6935195501,1253346.7781654315
2020-07-20,1086760.3194826732,1253365.6857337307
2020-07-21,1086879.556695214,1253951.8203510018
2020-07-22,1087646.081632976,1254329.971716983
2020-07-23,1085925.658994888,1252855.1813896557
2020-07-24,1084852.524082021,1250397.197510777
2020-07-27,1086726.2517076614,1250548.4580571696
2020-07-28,1085653.1167947948,1248998.0374566459
2020-07-29,1087731.251070505,1250888.7942865528
2020-07-30,1087390.5733203886,1250453.9202156742
2020-07-31,1088157.0982581505,1251569.4667453193
2020-08-03,1089332.4364960522,1252855.181389656
2020-08-04,1089928.622558756,1253479.131143525
2020-08-05,1090831.4185965646,1255039.005528198
2020-08-06,1091751.2485218788,1257600.9810327217
2020-08-07,1091853.451846914,1257534.804543675
2020-08-10,1092296.3329220652,1258347.829980535
2020-08-11,1091666.0790843498,1256466.5269347776
2020-08-12,1092781.7987159812,1259624.090840722
2020-08-13,1092960.6545347923,1259888.796796909
2020-08-14,1093199.1289598737,1259954.9732859558
2020-08-17,1093471.6711599668,1262034.8057988533
2020-08-18,1093471.6711599668,1262403.503380685
2020-08-19,1093454.637272461,1262252.2428342924
2020-08-20,1093531.2897662374,1262932.9152930588
2020-08-21,1093499.016749546,1262699.973824399
2020-08-24,1095110.0854039213,1263531.2253456155
2020-08-25,1095728.4753924694,1263892.6390504923
2020-08-26,1096525.8730092812,1266476.7470403614
2020-08-27,1096590.9666922863,1266747.807319019
2020-08-28,1097469.7314128547,1266079.191964997
2020-08-31,1097160.5364185807,1267109.2210238958
2020-09-01,1097892.8403523876,1267723.6243221862
2020-09-02,1098706.5113899508,1269133.1377712055
2020-09-03,1094979.8980379112,1267850.119118893
2020-09-04,1093499.016749546,1265067.2335913419
2020-09-08,1088047.4207978724,1260115.86583453
2020-09-09,1092929.4470232518,1257441.4044184417
2020-09-10,1088503.0765789077,1254821.155058085
2020-09-11,1087787.046065852,1250213.1303209062
2020-09-14,1093645.4775363074,1247050.7604032343
2020-09-15,1096493.3261677788,1247520.5982195742
2020-09-16,1096664.1970856672,1242406.5942955676
2020-09-17,1095118.2221142969,1236560.7276191858
2020-09-18,1098245.831934681,1232597.1017925134
2020-09-21,1096109.1636443953,1231877.1804655136
2020-09-22,1097578.1230939666,1231301.243403914
2020-09-23,1093588.5627706992,1230149.3692807145
2020-09-24,1094005.8807961454,1229213.471555615
2020-09-25,1097127.4196264844,1228259.5757973408
2020-09-28,1100198.88029377,1229933.3928826149
2020-09-29,1099614.635058145,1228907.5049916403
2020-09-30,1099915.1040364665,1228727.5246598904
2020-10-01,1101350.678044002,1230221.3614134146
2020-10-02,1100015.2603625737,1227773.628901616
2020-10-05,1103287.0336820735,1230842.2935579517
2020-10-06,1101751.3033484307,1227431.6662712912
2020-10-07,1104739.300410627,1232300.134245126
2020-10-08,1106199.9134996892,1235845.746780599
2020-10-09,1106984.4713875283,1238896.4134037597
2020-10-12,1107251.5549238143,1241749.1016619958
2020-10-13,1107259.901284323,1241281.1527994461
2020-10-14,1107276.594005341,1241092.1734511086
2020-10-15,1107343.3648894124,1242109.0623254955
2020-10-16,1106188.6609899846,1240726.1794914652
2020-10-19,1104768.1193860609,1239177.2753355387
2020-10-20,1105058.6847141362,1239020.6445781977
2020-10-21,1105074.8272323627,1238324.5078789047
2020-10-22,1105865.8106254565,1238637.7693935866
2020-10-23,1106027.2358077206,1238028.6497817053
2020-10-26,1103347.577782137,1237750.195101988
2020-10-27,1102734.1620895336,1237523.950674718
2020-10-28,1097568.5562570838,1242275.083647392
2020-10-29,1098650.1049782531,1238568.1557236572
2020-10-30,1097616.983811763,1237697.9848495412
2020-11-02,1098585.5349053475,1233834.4261684655
2020-11-03,1100990.770121082,1232894.6416244202
2020-11-04,1105833.5255890037,1233086.0792167257
2020-11-05,1109740.0149997938,1237941.6326942937
2020-11-06,1109949.8677367372,1236114.27385865
2020-11-09,1111903.1124421323,1240151.8667145486
2020-11-10,1112161.3927337548,1239699.3778600083
2020-11-11,1113694.9319652633,1242831.9930068261
2020-11-12,1112629.5257623205,1239777.6932386786
2020-11-13,1114251.8488440744,1244128.5476092591
2020-11-16,1115236.542455885,1248723.0498245922
2020-11-17,1115268.827492338,1248209.6490088638
2020-11-18,1115260.7562332246,1243928.4083082124
2020-11-19,1115365.6826016963,1247931.1943291465
2020-11-20,1115334.0480720405,1246911.9868445732
2020-11-23,1117457.2142439804,1246571.1962237153
2020-11-24,1119707.1366052898,1249024.8886938924
2020-11-25,1119802.2037473167,1248411.4655763481
2020-11-27,1120039.8716023846,1248496.6632315626
2020-11-30,1120008.1825550422,1247286.856527517
2020-12-01,1121022.2320699985,1249263.4421284928
2020-12-02,1121497.5677801345,1250098.3791495946
2020-12-03,1121719.391111531,1250234.695397938
2020-12-04,1122464.083724077,1251393.3835088548
2020-12-07,1122844.3522921856,1251546.7392882407
2020-12-08,1123280.0766931435,1252645.7890405075
2020-12-09,1122765.1296738298,1249953.54313573
2020-12-10,1122923.5749105418,1249689.4304045653
2020-12-11,1122971.1084815552,1249979.1024322943
2020-12-14,1123145.3982419383,1248803.3747903346
2020-12-15,1123921.7799018268,1253778.91785486
2020-12-16,1124127.7587095522,1254869.4478416054
2020-12-17,1124127.7587095522,1256573.400945895
2020-12-18,1124154.2662876528,1256729.3101068037
2020-12-21,1122748.9283383745,1258388.8554312321
2020-12-22,1122412.869263547,1256318.531561153
2020-12-23,1122886.4070508038,1254215.3454074217
2020-12-24,1124062.6138126997,1252375.057522907
2020-12-28,1126216.4469740936,1252917.2852031658
2020-12-29,1125788.7354243132,1252637.9557921232
2020-12-30,1125880.387899266,1251750.674133518
2020-12-31,1127087.1454861464,1253722.411152641
2021-01-04,1123894.5842752862,1250239.0090855237
2021-01-05,1125849.8370742819,1249729.643688917
2021-01-06,1127484.3062109426,1252292.9018137767
2021-01-07,1130188.0542220538,1256532.1364048913
2021-01-08,1130745.6067780175,1259161.1190970554
2021-01-11,1130493.5624718969,1255718.794884503
2021-01-12,1131066.3904403527,1255562.6990371558
2021-01-13,1131570.479052594,1258848.9274023608
2021-01-14,1131631.5807025624,1256293.884848414
2021-01-15,1131638.536085209,1247216.1926011113
2021-01-19,1133550.0902291138,1247328.7346033417
2021-01-20,1135537.4996961895,1249161.5614968045
2021-01-21,1135658.8682132629,1249000.7872079043
2021-01-22,1135400.960114482,1248373.7674811932
2021-01-25,1135840.9209888729,1249081.1743523544
2021-01-26,1135856.092053507,1248823.935490114
2021-01-27,1129620.7844888652,1253389.9252948815
2021-01-28,1133019.1029669181,1249097.2517812445
2021-01-29,1129560.1002303283,1246653.4825899606
2021-02-01,1132457.773575454,1244466.9522609168
2021-02-02,1135825.7499242388,1246428.3985855002
2021-02-03,1136553.9610266786,1245688.836856559
2021-02-04,1137828.3304559486,1248679.2386301039
2021-02-05,1138662.7390108276,1249925.2393690809
2021-02-08,1139254.4105315602,1251902.763122554
2021-02-09,1139368.1935163164,1252047.4599825642
2021-02-10,1139398.5356455846,1251959.0341236691
2021-02-11,1139656.4437443656,1252449.395704815
2021-02-12,1140270.8718620492,1254844.9326094287
2021-02-16,1140369.4837821713,1255053.939184999
2021-02-17,1140414.9969760738,1255889.9654872804
2021-02-18,1140430.168040708,1255801.5396283853
2021-02-19,1140400.6444345356,1256399.167867397
2021-02-22,1139146.5554607299,1254679.3816964084
2021-02-23,1139176.063436584,1253616.241154343
2021-02-24,1141876.0432272484,1253866.391870123
2021-02-25,1136254.7738270129,1258744.3308278355
2021-02-26,1134661.3431308833,1257102.7167555285
2021-03-01,1140990.8039516206,1251349.2502925855
2021-03-02,1139190.817424511,1249973.4213557949
2021-03-03,1134956.4228894257,1250348.647429465
2021-03-04,1131887.5934005834,1252318.5843162334
2021-03-05,1136903.9492958065,1246909.0750874882
2021-03-08,1135885.9241288346,1245064.2135586098
2021-03-09,1139058.031533167,1244829.6972625658
2021-03-10,1142156.3689978637,1244266.8581520605
2021-03-11,1144221.9273076616,1246846.5374085433
2021-03-12,1145343.2303901233,1245939.7410638402
2021-03-15,1146619.4503458198,1249402.7650354214
2021-03-16,1146958.7920681436,1249684.184590674
2021-03-17,1147563.7055731558,1250872.4004906297
2021-03-18,1146877.6451345445,1237934.9181588762
2021-03-19,1147731.361840171,1231177.724891244
2021-03-22,1150089.3208587966,1229219.73775078
2021-03-23,1148621.1576962562,1228684.3506420595
2021-03-24,1147375.443497737,1227812.4344935718
2021-03-25,1149051.225693364,1226680.473177991
2021-03-26,1151587.1438832064,1230489.3700371746
2021-03-29,1151527.8241594676,1231055.3506949649
2021-03-30,1151364.6949191852,1228730.2409656642
2021-03-31,1152002.3819493796,1229082.0667799662
2021-04-01,1153737.4838687456,1232936.8539627544
2021-04-05,1154619.8647593632,1236233.3088750194
2021-04-06,1154708.844344972,1236279.1991986241
2021-04-07,1154960.9531708627,1236936.9605036236
2021-04-08,1155198.2320658187,1237854.766975716
2021-04-09,1155346.5313751663,1238604.3089279246
2021-04-12,1155428.0959953074,1239093.8057130408
2021-04-13,1155428.0959953074,1239346.202492866
2021-04-14,1155435.5109607747,1239307.960556529
2021-04-15,1155450.3408917096,1239437.9831400753
2021-04-16,1155379.6089558145,1239318.8615532848
2021-04-19,1154514.4111193032,1240096.228604867
2021-04-20,1152309.5521165805,1242154.8117229452
2021-04-21,1154598.1399421913,1239390.8399839867
2021-04-22,1152700.286623392,1240830.4085980277
2021-04-23,1155226.106113853,1238455.1203848603
2021-04-26,1155951.7559122173,1237461.818041172
2021-04-27,1156216.8971846965,1236957.9690262577
2021-04-28,1156440.1740457318,1235863.8968795869
2021-04-29,1157361.191097502,1237073.1345153812
2021-04-30,1156495.9932609906,1236396.537266782
2021-05-03,1157068.1402173932,1234222.7886595803
2021-05-04,1155365.6541519999,1234064.4361120358
2021-05-05,1155909.8915007731,1232941.572593084
2021-05-06,1158240.343737828,1232927.1769069436
2021-05-07,1159900.9653917775,1234352.349834844
2021-05-10,1157514.6939394637,1231358.047117639
2021-05-11,1154528.3659231178,1231300.4643730775
2021-05-12,1147313.7323509178,1239621.1709622333
2021-05-13,1151821.133983066,1229630.5647807901
2021-05-14,1158449.6657950487,1224404.930711822
2021-05-17,1158058.931288237,1221050.7358411069
2021-05-18,1154612.0947460062,1219611.1672270661
2021-05-19,1153118.930737833,1218862.5915477648
2021-05-20,1160766.1632282888,1213363.4394421289
2021-05-21,1162528.9928804296,1211092.6298759081
2021-05-24,1164537.3914694942,1209930.9796304433
2021-05-25,1164014.0763441746,1208995.992847508
2021-05-26,1164749.5462500292,1207777.6767364107
2021-05-27,1165527.447111991,1208146.0048630214
2021-05-28,1165753.7455445617,1207026.8540167809
2021-06-01,1165612.309024205,1206290.1977635592
2021-06-02,1166079.049541382,1205836.8708384996
2021-06-03,1165357.7232875628,1204236.0601343834
2021-06-04,1167111.5361399855,1207012.6875503727
2021-06-07,1167592.4203091983,1206261.8648307428
2021-06-08,1167408.5528327348,1206672.692356578
2021-06-09,1167295.4036164493,1206474.3618268645
2021-06-10,1168313.7465630174,1207806.0096692268
2021-06-11,1168660.2660378912,1209300.5718752823
2021-06-14,1168829.9898623193,1210483.4718203596
2021-06-15,1168738.0561240874,1209279.3221756702
2021-06-16,1168490.5422134632,1205567.7079767454
2021-06-17,1168914.8517745333,1204342.3086324441
2021-06-18,1169132.3369198986,1192872.3896206338
2021-06-21,1172367.593511398,1193178.302112464
2021-06-22,1173275.7357125205,1193150.491885934
2021-06-23,1173289.9254344131,1192399.6157696233
2021-06-24,1174013.6012509326,1194082.13447469
2021-06-25,1174666.3284579895,1195097.2077430363
2021-06-28,1174822.4153988075,1195403.1202348666
2021-06-29,1174950.1228958403,1195903.7043124074
2021-06-30,1175106.209836658,1196126.1861246475
2021-07-01,1175304.8659431539,1197002.2082603436
2021-07-02,1175773.1267656076,1198330.1465771527
2021-07-06,1175680.893573306,1197746.131820022
2021-07-07,1175893.7394016942,1198434.4349266402
2021-07-08,1175262.296777476,1196265.2372572976
2021-07-09,1176056.9212034584,1198935.0190041808
2021-07-12,1176198.8184223839,1199491.2235347815
2021-07-13,1176191.7235614376,1199379.9826286612
2021-07-14,1176248.4824490077,1199894.471819467
2021-07-15,1176283.9567537392,1199852.756479672
2021-07-16,1176214.3214908945,1199976.7152461142
2021-07-19,1173493.4449371307,1200799.2673154573
2021-07-20,1176791.477123511,1199882.3240250421
2021-07-21,1178220.6244042758,1199545.2125212129
2021-07-22,1178591.6530252437,1199787.9328039698
2021-07-23,1179897.1240990192,1201311.6768012776
2021-07-26,1180281.8945207635,1201581.3660043408
2021-07-27,1179237.517661743,1200853.20515607
2021-07-28,1179677.2552865937,1200178.9821484117
2021-07-29,1180336.8617238698,1200313.8267499434
2021-07-30,1180089.5093098914,1199949.7463258079
2021-08-02,1179787.1896928065,1198641.753690951
2021-08-03,1180900.2755557098,1199747.4794235104
2021-08-04,1180790.341149497,1198075.406364518
2021-08-05,1181546.1401922093,1199990.1997062676
2021-08-06,1182219.4884302618,1200354.2801304029
2021-08-09,1182370.6482388042,1200084.5909273396
2021-08-10,1182473.7117446286,1200448.6713514752
2021-08-11,1182927.1911702561,1201790.3751367151
2021-08-12,1183160.8017834579,1203550.0971867032
2021-08-13,1183332.5742931652,1204965.9655027855
2021-08-16,1183373.799695495,1205592.9928999078
2021-08-17,1183202.0271857877,1201945.4464284764
2021-08-18,1182590.5170512297,1195398.7410241147
2021-08-19,1183346.316093942,1196140.3863325387
2021-08-20,1183435.8176711886,1204716.147527101
2021-08-23,1185697.818633352,1203648.40670825
2021-08-24,1185805.5329648836,1203648.40670825
2021-08-25,1186344.1046225415,1203661.588693668
2021-08-26,1185213.1041414598,1203753.8625915933
2021-08-27,1187057.7120689382,1203147.4912623693
2021-08-30,1187677.0694752447,1204294.3239937278
2021-08-31,1187730.9266410107,1204505.2357604143
2021-09-01,1187811.7123896594,1203635.224722832
2021-09-02,1188027.1410527225,1204768.8754687726
2021-09-03,1188336.8197558757,1204175.6861249665
2021-09-07,1188000.2124698395,1201868.8386768317
2021-09-08,1188134.8553842541,1200682.4599892194
2021-09-09,1187502.033686506,1198059.2448910545
2021-09-10,1186451.8189540731,1196424.678699233
2021-09-13,1187730.9266410107,1193287.3661697698
2021-09-14,1187333.7300434879,1187289.5628046189
2021-09-15,1189218.7308452907,1190183.008603851
2021-09-16,1189413.9630711917,1186676.600482686
2021-09-17,1189539.8643227902,1183096.1577502047
2021-09-20,1185701.0374372622,1186569.4066953368
2021-09-21,1185294.0946578777,1184158.868248342
2021-09-22,1188210.5179101338,1178936.0349465203
2021-09-23,1191154.0706810157,1178495.3988863172
2021-09-24,1191805.179128031,1177393.8087358088
2021-09-27,1191398.2363486465,1175683.10403149
2021-09-28,1185809.5555117647,1177536.3674611687
2021-09-29,1186582.7467925956,1175760.8633362318
2021-09-30,1182635.4018325652,1176590.2959201438
2021-10-01,1185823.1202710776,1171872.8980991438
2021-10-04,1180817.7240846474,1173972.3993271713
2021-10-05,1184670.115729488,1168866.204982462
2021-10-06,1186162.2392538982,1167259.1793511324
2021-10-07,1189743.3357124825,1165678.07348805
2021-10-08,1189349.9576924106,1162217.7844270417
2021-10-11,1186230.0630504622,1161193.953581275
2021-10-12,1183978.3130045342,1160558.9192592173
2021-10-13,1188203.7355304775,1157150.4697347032
2021-10-14,1196179.8140064152,1159755.4064435523
2021-10-15,1196504.1448789078,1165741.5836249108
2021-10-18,1197167.4000154766,1165260.0324644907
2021-10-19,1198534.5177459556,1166197.7899874141
2021-10-20,1198899.9848620242,1166286.496780123
2021-10-21,1199441.4176265702,1166768.0479405434
2021-10-22,1199184.237063411,1166869.4271322107
2021-10-25,1199969.3145720027,1167122.8751113792
2021-10-26,1199982.8503911162,1167895.891447843
2021-10-27,1199373.738531002,1167579.0814738825
2021-10-28,1200334.7816880713,1168542.183794723
2021-10-29,1200673.1771659125,1169188.4761416025
2021-11-01,1200916.8219099583,1168542.183794723
2021-11-02,1201322.8964833678,1168947.7005613926
2021-11-03,1202013.223258164,1169479.9413176463
2021-11-04,1202297.4754595507,1170227.6128561934
2021-11-05,1202351.6187360054,1170417.6988405697
2021-11-08,1202514.0485653693,1170683.8192186968
2021-11-09,1202459.9052889147,1169872.7856853576
2021-11-10,1202263.6359117667,1168592.8733905565
2021-11-11,1202615.5672087215,1168890.6747660795
2021-11-12,1202872.747771881,1170981.6205942198
2021-11-15,1202967.4985056766,1171311.1029671389
2021-11-16,1202940.4268674492,1171678.602536933
2021-11-17,1202967.4985056766,1171748.3007312045
2021-11-18,1202981.0343247904,1171849.6799228718
2021-11-19,1202948.3025106003,1171791.9586212235
2021-11-22,1202275.656601151,1171913.1465940382
2021-11-23,1201991.075639461,1171622.2954592826
2021-11-24,1203245.818970549,1170628.5540822006
2021-11-26,1197424.8447541613,1183147.2716739762
2021-11-29,1200619.9128240452,1172276.7105124828
2021-11-30,1196118.3594300386,1178978.405409145
2021-12-01,1191733.22552036,1188237.1665322008
2021-12-02,1195523.3265101414,1178433.059531478
2021-12-03,1193156.1303288103,1182444.3814316501
2021-12-06,1196609.908363867,1171743.4834320974
2021-12-07,1203543.3354304978,1164811.5313870872
2021-12-08,1204500.562301637,1161454.6245401155
2021-12-09,1202379.1405872202,1161345.555364582
2021-12-10,1206195.1125735187,1158836.9643273144
2021-12-13,1203582.1419252735,1156328.3732900466
2021-12-14,1200102.4928936996,1157431.1838426618
2021-12-15,1207896.1305945297,1154122.7521848162
2021-12-16,1206654.3227617005,1150087.192690081
2021-12-17,1205967.7977051488,1148559.5634064493
2021-12-20,1204067.6258851576,1147134.2233359031
2021-12-21,1206944.274890422,1147822.7350648956
2021-12-22,1209081.9681879121,1148619.9591721504
2021-12-23,1210164.0104742958,1149550.0539639473
2021-12-27,1211734.2913533165,1151929.647132571
2021-12-28,1211998.204106093,1152134.992735955
2021-12-29,1212196.1386706755,1151845.0930605896
2021-12-30,1212090.5735695648,1151410.2435475416
2021-12-31,1212077.377931926,1150914.9982687924
2022-01-03,1212657.9859880344,1151820.934754309
2022-01-04,1212671.181625673,1151675.9849166265
2022-01-05,1210520.2926905444,1146771.8487416964
2022-01-06,1210388.336314156,1145962.5454813014
2022-01-07,1210229.9886624902,1142954.8363493863
2022-01-10,1210229.9886624902,1142000.5832513086
2022-01-11,1211839.8564544271,1146101.455742414
2022-01-12,1212677.7794444927,1147176.5003718939
2022-01-13,1210229.9886624902,1139844.454415779
2022-01-14,1211430.7916876234,1139578.7130466942
2022-01-18,1206403.25374723,1128544.4066531016
2022-01-19,1202075.0846016947,1124691.156801371
2022-01-20,1192244.334560768,1124292.5447477435
2022-01-21,1177931.065432931,1122470.1687740055
2022-01-24,1179110.889641577,1123365.0169176247
2022-01-25,1176724.118828684,1122147.0291665872
2022-01-26,1176547.8232572773,1121326.7517016027
2022-01-27,1176330.844092469,1119537.055414364
2022-01-28,1179992.3674986113,1121127.8965585763
2022-01-31,1183233.4937729375,1123576.3005070905
2022-02-01,1185308.357036418,1125937.7053305306
2022-02-02,1185443.9690144234,1125950.1337769697
2022-02-03,1184074.28803657,1123700.584971482
2022-02-04,1183952.2372563654,1122420.4549882486
2022-02-07,1184616.7359485913,1121842.532228828
2022-02-08,1186054.222915447,1124390.3637488554
2022-02-09,1187430.6844922006,1128249.396368214
2022-02-10,1185254.112245216,1122526.0967829817
2022-02-11,1181890.935190685,1116243.517107987
2022-02-14,1182284.2099269005,1113130.191274978
2022-02-15,1186271.2020802556,1119213.9158069459
2022-02-16,1187668.00545371,1120295.1906471527
2022-02-17,1185030.3524815072,1105443.1971523585
2022-02-18,1188322.0443137446,1100269.9593228088
2022-02-22,1187010.7413785763,1097801.350604274
2022-02-23,1182759.3592308732,1096290.7094481557
2022-02-24,1185161.1140805497,1096094.2032815062
2022-02-25,1190144.0652341887,1098796.1630729372
2022-02-28,1189757.575948034,1098869.852885431
2022-03-01,1187273.0019656098,1098268.0527500666
2022-03-02,1190116.4588566064,1098722.4732604437
2022-03-03,1189798.9855144077,1097825.913875105
2022-03-04,1187687.0976293474,1095443.2766044796
2022-03-07,1180523.2426466914,1090763.9735111375
2022-03-08,1177734.9985108601,1087730.4095634855
2022-03-09,1185326.7523460444,1088934.0098342139
2022-03-10,1184401.9386970312,1085360.0539282756
2022-03-11,1179280.9556554793,1082129.9838139738
2022-03-14,1176685.9561627256,1080864.9753661675
2022-03-15,1183670.369691095,1081147.4529807263
2022-03-16,1193981.3517181547,1086987.3706208419
2022-03-17,1197763.4254469557,1092200.9248547624
2022-03-18,1198329.6158311618,1091091.8174903207
2022-03-21,1198397.4768718474,1089772.812264434
2022-03-22,1200474.024716829,1090961.1052607282
2022-03-23,1198126.0327091047,1088632.0509879917
2022-03-24,1200962.6242097658,1090022.3537936558
2022-03-25,1201966.9676119136,1090687.7978715806
2022-03-28,1203568.4881720955,1091662.198128542
2022-03-29,1204803.5591125747,1093824.8913817971
2022-03-30,1204491.3983254207,1092589.0666656513
2022-03-31,1203202.0385523927,1088525.1046183251
2022-04-01,1203785.6435022897,1086992.2066531056
2022-04-04,1205543.2444560486,1091020.519910543
2022-04-05,1203772.0712941524,1086065.3381159962
2022-04-06,1201817.6733224052,1080860.6147922277
2022-04-07,1203310.6162174898,1082981.7177906127
2022-04-08,1203568.4881720955,1079969.3950450069
2022-04-11,1197827.4441300877,1071663.2270009106
2022-04-12,1197888.519066705,1068858.8555296564
2022-04-13,1204803.5591125747,1069571.8313274328
2022-04-14,1200679.2439874748,1066901.8087894474
2022-04-18,1201439.225279717,1065980.926961838
2022-04-19,1202807.1916057528,1066559.429648413
2022-04-20,1204230.429298497,1067303.2188168669
2022-04-21,1201024.690029403,1064894.7586523502
2022-04-22,1195041.564583206,1064906.5648296273
2022-04-25,1196989.8802596813,1063230.0876562875
2022-04-26,1189210.4353954573,1067787.2720852257
2022-04-27,1192554.3530813227,1063123.832060794
2022-04-28,1195096.8359499145,1061648.0599011637
2022-04-29,1187676.6549692962,1065024.6266023978
2022-05-02,1187427.9338191077,1062840.483806145
2022-05-03,1188547.1789949553,1058436.7796818083
2022-05-04,1195870.6350838337,1056063.738049123
2022-05-05,1187096.3056188566,1059688.234473175
2022-05-06,1182964.770957395,1059322.2429775866
2022-05-09,1177617.266228346,1069286.6565994099
2022-05-10,1176940.1919861666,1068306.7438854154
2022-05-11,1175406.4115600053,1073560.492773699
2022-05-12,1173706.8170337183,1074599.4363740787
2022-05-13,1174770.7908428572,1060054.225968763
2022-05-16,1173927.9025005524,1057787.439931571
2022-05-17,1174508.2518509917,1048673.0710736949
2022-05-18,1173637.7278253327,1070951.3275954728
2022-05-19,1173665.363508687,1072793.0912506913
2022-05-20,1173437.9042867383,1072455.0498789425
2022-05-23,1176554.2458789207,1073163.0282914198
2022-05-24,1175338.1125746544,1072321.4690463997
2022-05-25,1176493.4392137073,1072147.8139640938
2022-05-26,1179488.167475463,1074605.701282883
2022-05-27,1182239.6690763654,1078092.1610122526
2022-05-31,1181966.0390829055,1077023.5143519095
2022-06-01,1181631.6024242323,1076041.6952327192
2022-06-02,1183349.3907165085,1078813.4975079843
2022-06-03,1182786.9290632852,1077137.0580595708
2022-06-06,1183182.1723871718,1077344.1083500125
2022-06-07,1184132.2765311298,1079174.16575585
2022-06-08,1183987.860701248,1077998.6544294725
2022-06-09,1181327.5690981657,1072414.9756291797
2022-06-10,1176067.7925572142,1064961.165173286
2022-06-13,1163967.2661797649,1057640.9355499356
2022-06-14,1160683.7062582457,1055116.2578148749
2022-06-15,1165487.4328100977,1054261.3404866005
2022-06-16,1151441.0931458222,1051629.7980855054
2022-06-17,1148577.562752338,1050669.5385879998
2022-06-21,1152175.107077506,1051655.1364566037
2022-06-22,1152332.8941093115,1051016.5800910294
2022-06-23,1153248.0588937842,1051766.189737573
2022-06-24,1156829.8245157718,1055819.6344929584
2022-06-27,1157366.3004239108,1055882.1019635038
2022-06-28,1155330.8477136183,1052835.0775669042
2022-06-29,1155236.175494535,1052363.101122784
2022-06-30,1154242.1171941597,1050947.1717904233
2022-07-01,1156151.3402790076,1052689.3201356318
2022-07-05,1156814.0458125912,1053154.3557496914
2022-07-06,1157839.6615193277,1054521.699271628
2022-07-07,1159030.9536094603,1057353.557936349
2022-07-08,1159551.6508144187,1058380.8007853166
2022-07-11,1159614.765627141,1057068.9839038649
2022-07-12,1158991.5068515087,1054736.8650035062
2022-07-13,1159504.314704877,1053987.2553569623
2022-07-14,1159843.5568232592,1055937.6286039883
2022-07-15,1159869.0960795966,1060566.2570620393
2022-07-18,1158762.2118630551,1059979.8604414351
2022-07-19,1162931.9811719442,1062178.8477687011
2022-07-20,1163220.0743241948,1061632.4327358652
2022-07-21,1164872.8192502635,1062498.700470849
2022-07-22,1164220.818958328,1061285.9256418718
2022-07-25,1164766.6796678556,1061352.561621486
2022-07-26,1163174.5859317342,1059846.588482207
2022-07-27,1166464.912986385,1063098.424287376
2022-07-28,1168314.774279783,1065723.8818841723
2022-07-29,1169285.1933189426,1067103.2466621848
2022-08-01,1169088.0769516132,1066783.393960037
2022-08-02,1168451.239457165,1065610.6007188284
2022-08-03,1169770.4028385223,1067736.288468519
2022-08-04,1170035.7517945427,1068036.1503767825
2022-08-05,1170111.565781977,1068036.1503767825
2022-08-08,1170361.7519405102,1068509.2658320428
2022-08-09,1170293.5193518195,1068136.1043462036
2022-08-10,1170718.0776814518,1070055.2205590904
2022-08-11,1170748.4032764256,1070161.838126473
2022-08-12,1170809.054466373,1070448.3728388136
2022-08-15,1170831.7986626034,1070501.681622505
2022-08-16,1170831.7986626034,1070488.354426582
2022-08-17,1170831.7986626034,1070495.0180245435
2022-08-18,1170839.3800613468,1070501.681622505
2022-08-19,1170775.7046641065,1070300.6346460206
2022-08-22,1165913.4762322675,1071124.1026038826
2022-08-23,1164949.4136983682,1070964.3252389242
2022-08-24,1166109.0831232034,1068555.3741980148
2022-08-25,1169168.9337742745,1067117.3779133903
2022-08-26,1159989.3818210613,1073152.046082199
2022-08-29,1157697.9868129531,1074000.0951731314
2022-08-30,1154232.9504592288,1077429.163236467
2022-08-31,1151466.5101445618,1080403.480337998
2022-09-01,1150893.6613925346,1079985.6010757992
2022-09-02,1148588.2944636454,1084459.3672946312
2022-09-06,1146939.6078114703,1088367.7674528414
2022-09-07,1149384.6939481709,1073766.5744089617
2022-09-08,1150991.4648380028,1067264.8647118134
2022-09-09,1155700.0021412491,1059312.868163505
2022-09-12,1161498.349265425,1056117.3208643396
2022-09-13,1145486.528050231,1078916.3217872323
2022-09-14,1145528.4438125745,1075192.280127051
2022-09-15,1144243.027100709,1085024.7333552528
2022-09-16,1144005.1143710236,1094913.577109988
2022-09-19,1145106.0720405176,1094366.059410089
2022-09-20,1143484.3911489658,1094201.8041001193
2022-09-21,1140151.7625277953,1092874.073677864
2022-09-22,1138634.2262806552,1091039.889383202
2022-09-23,1135658.665011753,1092874.073677864
2022-09-26,1133694.7945742775,1094776.6976850133
2022-09-27,1133501.383091799,1094366.059410089
2022-09-28,1136878.645132003,1090300.740488338
2022-09-29,1132623.5925174728,1092011.733300523
2022-09-30,1129543.886604159,1092162.3006679951
2022-10-03,1133724.5501869665,1086495.4924740393
2022-10-04,1140419.5630419967,1086358.6130490645
2022-10-05,1140315.418397585,1085386.7691317436
2022-10-06,1137250.5902906158,1084921.3790868295
2022-10-07,1129781.9315056712,1084592.86846689
2022-10-10,1127907.3279062628,1084360.173444433
2022-10-11,1126702.2255923573,1086276.4853940797
2022-10-12,1125988.0908878208,1085920.5988891453
2022-10-13,1129737.2980866376,1079774.7127077777
2022-10-14,1123860.5645805558,1079815.7765352703
2022-10-17,1128666.096029833,1075380.8831660873
2022-10-18,1132772.370580918,1075209.783884869
2022-10-19,1126598.0809479458,1074381.6633637715
2022-10-20,1122506.6842032052,1073669.8903539027
2022-10-21,1128213.2960218654,1073936.393951437
2022-10-24,1129742.9556010792,1073922.5348478416
2022-10-25,1131757.25979945,1074518.4763024356
2022-10-26,1131939.0015316338,1074019.548573008
2022-10-27,1129243.1658375736,1071594.2054438463
2022-10-28,1134740.8532361342,1075904.3866619568
2022-10-31,1133968.450874353,1074241.2942305314
2022-11-01,1133105.1776464798,1073007.8340105577
2022-11-02,1129000.8435279953,1068143.2886486389
2022-11-03,1127016.8296183217,1065620.9317943105
2022-11-04,1130257.8905089332,1067533.4880904495
2022-11-07,1133196.0485125717,1069730.1560102904
2022-11-08,1133771.5639978205,1070825.025194312
2022-11-09,1129818.6813228223,1065967.4093841908
2022-11-10,1139291.9691129043,1079833.442531199
2022-11-11,1139996.2183251164,1082903.233977538
2022-11-14,1140124.95205208,1082910.1635293358
2022-11-15,1140215.822918172,1083817.9348148222
2022-11-16,1140314.2663564382,1084393.0876140234
2022-11-17,1140314.2663564382,1084684.1287895227
2022-11-18,1140285.7089844062,1084988.630129746
2022-11-21,1140126.1166597283,1083210.8215266543
2022-11-22,1142795.6609997952,1083701.7089767617
2022-11-23,1144406.092639727,1084298.7342539192
2022-11-25,1144609.2101438625,1084033.3896862937
2022-11-28,1141214.2461461686,1081618.7541209008
2022-11-29,1140387.267736474,1080318.5657395353
2022-11-30,1146611.3683989127,1085466.250351472
2022-12-01,1146799.9775098958,1084683.4838769764
2022-12-02,1146974.0782277263,1084179.3291984878
2022-12-05,1143579.1142300323,1080093.0228570534
2022-12-06,1139719.8816514572,1077678.3872916605
2022-12-07,1139008.970386983,1076776.2157617335
2022-12-08,1141301.2965050838,1077293.6376686033
2022-12-09,1139444.222181559,1075117.8122140733
2022-12-12,1142273.358846304,1077811.0595754732
2022-12-13,1147358.5506462685,1079011.7437439791
2022-12-14,1149063.2868416917,1076119.48795686
2022-12-15,1138443.1430540339,1064019.7756731324
2022-12-16,1133535.1821026513,1063090.7336880357
2022-12-19,1132155.208938801,1061135.6021278172
2022-12-20,1132585.5231511844,1060492.8191491151
2022-12-21,1135998.3600080188,1061296.2978724926
2022-12-22,1132496.4926244842,1060077.6884753702
2022-12-23,1134010.0115783848,1059916.9927306946
2022-12-27,1133371.959470368,1058618.0354612342
2022-12-28,1130448.7905103837,1057078.0345747606
2022-12-29,1134366.1336851849,1058417.16578039
2022-12-30,1134158.3957895515,1057975.2524825323
2023-01-03,1132526.1694667176,1055872.8164896944
2023-01-04,1134870.6400031517,1056435.2515960587
2023-01-05,1131932.6326220508,1053917.6849294757
2023-01-06,1138164.7694910527,1058115.8612591233
2023-01-09,1138238.961596636,1057901.6002662226
2023-01-10,1140405.3710796703,1059910.2970746665
2023-01-11,1142215.658455904,1063673.2557624844
2023-01-12,1144129.8147799547,1067014.3881205295
2023-01-13,1144471.0984656382,1069264.1285459865
2023-01-17,1144634.3210979216,1069404.7373225775
2023-01-18,1144537.871360663,1061423.5153370274
2023-01-19,1144597.22504513,1055517.9467202027
2023-01-20,1144701.537837084,1072654.3376350803
2023-01-23,1147130.777859993,1072785.3454916892
2023-01-24,1147596.2609781553,1072379.2211362016
2023-01-25,1147116.2315125505,1071802.7865671227
2023-01-26,1148847.2468582164,1072955.6557052808
2023-01-27,1149443.6471033616,1073165.2682758549
2023-01-30,1147465.3438511721,1071488.3677112614
2023-01-31,1149501.832493132,1073099.7643475505
2023-02-01,1151756.51634673,1075326.8979099016
2023-02-02,1152192.9067700072,1076689.3796186338
2023-02-03,1152076.5359904666,1075418.6034095278
2023-02-06,1151756.51634673,1073885.811487204
2023-02-07,1152869.3119260867,1076427.363905416
2023-02-08,1152178.3604225647,1073833.4083445603
2023-02-09,1151029.1989746017,1071566.9724252266
2023-02-10,1151814.7017365003,1071763.48421014
2023-02-13,1153203.8779172658,1075733.022265389
2023-02-14,1153640.268340543,1077796.3960069788
2023-02-15,1153785.7318149684,1079833.568177247
2023-02-16,1153582.0829507725,1075962.2860144544
2023-02-17,1153742.5114988715,1076016.0377650438
2023-02-21,1149392.4475133405,1075683.6483778937
2023-02-22,1148850.472328258,1075146.7116755743
2023-02-23,1149977.2102130349,1072781.6333439297
2023-02-24,1146853.7216463748,1073510.3331542201
2023-02-27,1147795.046967834,1070697.8075706428
2023-02-28,1145812.5587908216,1070672.2391562467
2023-03-01,1144785.658440139,1070812.8654354254
2023-03-02,1146953.559180469,1067872.4977798674
2023-03-03,1152772.6611676712,1066018.7877361458
2023-03-06,1153172.011304048,1064983.2669531014
2023-03-07,1147196.021763269,1064740.3670163378
2023-03-08,1148023.2470457635,1063410.8094677376
2023-03-09,1140307.2319107724,1071592.7020745084
2023-03-10,1134944.5300794293,1078470.605547075
2023-03-13,1135172.7301573588,1078048.7267095381
2023-03-14,1136513.4056151947,1065430.714205034
2023-03-15,1133375.654543664,1068601.1975901579
2023-03-16,1140663.7945325372,1055343.9747257498
2023-03-17,1136644.6475186106,1052215.2431976863
2023-03-20,1138237.2846258096,1052046.326604352
2023-03-21,1140253.6508716214,1052124.288108968
2023-03-22,1137872.0008856265,1049733.4686340832
2023-03-23,1137988.8916824851,1050071.3018207515
2023-03-24,1139318.5244967523,1050785.9489463966
2023-03-27,1140034.4806275116,1049915.37881152
2023-03-28,1139888.3671314383,1048810.924162796
2023-03-29,1142065.4582229308,1051903.3971792231
2023-03-30,1143000.5845978,1053436.6401033339
2023-03-31,1144330.217412067,1055879.433914629
2023-04-03,1145002.3394940044,1056834.462346173
2023-04-04,1144812.3919491093,1055905.4210828345
2023-04-05,1144797.780599502,1055249.2450856513
2023-04-06,1145287.2608113475,1056243.2542695028
2023-04-10,1145630.6275271198,1057256.7538295083
2023-04-11,1145718.2956247637,1057451.657591048
2023-04-12,1145740.2126491747,1056957.901395148
2023-04-13,1146127.413413769,1059790.502729522
2023-04-14,1146215.081511413,1060173.8134605498
2023-04-17,1146258.915560235,1060719.5439928605
2023-04-18,1146244.3042106277,1060758.5247451684
2023-04-19,1146273.5269098424,1060914.4477543999
2023-04-20,1146288.1382594497,1061005.4028431184
2023-04-21,1146210.4862170154,1060823.6557115512
2023-04-24,1146573.9480644525,1059928.0112801085
2023-04-25,1143624.3153794827,1060761.4581815898
2023-04-26,1141779.0475386486,1061159.5223733422
2023-04-27,1146629.8652717504,1058186.480441192
2023-04-28,1148712.7812436009,1058124.2829112308
2023-05-01,1148838.5949600216,1056818.1347820435
2023-05-02,1145847.0243695783,1056544.4656502136
2023-05-03,1144588.8872053733,1055574.1841828173
2023-05-04,1141331.7098802647,1057639.1421775327
2023-05-05,1147692.2922104124,1052899.6903944814
2023-05-08,1148503.0917162334,1050921.8089417121
2023-05-09,1147189.0373447305,1050324.7126540837
2023-05-10,1149355.829127528,1048782.2139110435
2023-05-11,1149076.243091038,1046742.1349283127
2023-05-12,1149076.243091038,1044515.4633556982
2023-05-15,1151075.2832519417,1043694.455960209
2023-05-16,1149586.4876076323,1042015.1226512538
2023-05-17,1152766.7787727062,1044229.3547178762
2023-05-18,1153423.8059584578,1051506.4657233483
2023-05-19,1153416.1775542644,1048549.341951199
2023-05-22,1153818.241529881,1048318.9664284126
2023-05-23,1151073.1150756702,1049131.3432719226
2023-05-24,1149145.9808477142,1051168.3478944546
2023-05-25,1151045.3865256277,1048755.4674189552
2023-05-26,1154566.9123810295,1047518.7146124179
2023-05-30,1154622.3694811147,1045299.8345771595
2023-05-31,1153388.449004222,1043832.7062478358
2023-06-01,1156341.5395837517,1042814.2039365696
2023-06-02,1158587.552137197,1045990.9611455186
2023-06-05,1158677.6699248352,1044996.7088892827
2023-06-06,1159128.2588630263,1045990.9611455186
2023-06-07,1159017.3446628563,1043917.5814404412
2023-06-08,1159564.9835261963,1046354.7119709708
2023-06-09,1159759.083376494,1047518.7146124177
2023-06-12,1159897.7261267067,1050519.6589223982
2023-06-13,1160057.1652894511,1053253.852627047
2023-06-14,1160112.6223895364,1054290.5424795859
2023-06-15,1160112.6223895364,1054939.2314516422
2023-06-16,1160100.039448286,1054721.4163696948
2023-06-20,1158355.844045002,1054686.7520315847
2023-06-21,1157576.2415541403,1053843.2531375762
2023-06-22,1158567.2616696425,1052387.3509369588
2023-06-23,1156083.104580117,1054039.684386866
2023-06-26,1154959.9484492145,1054559.649458515
2023-06-27,1158672.9704819627,1050607.914913982
2023-06-28,1159373.2913635843,1049706.6421231234
2023-06-29,1160496.4474944868,1048793.814552895
2023-06-30,1163535.5758486937,1048551.1641861255
2023-07-03,1164024.4791056747,1048435.6163924257
2023-07-05,1163773.4206764142,1047984.9799969965
2023-07-06,1161553.5356176891,1047742.329630227
2023-07-07,1161408.1860007488,1045928.22926914
2023-07-10,1162214.2156946906,1044980.7373608017
2023-07-11,1163852.7022856544,1045142.5042719814
2023-07-12,1166323.64577364,1045858.9005929201
2023-07-13,1166812.549030621,1049683.5325643835
2023-07-14,1167023.9666552613,1048805.369332265
2023-07-17,1167208.957076822,1050671.4662005168
2023-07-18,1167268.418283752,1056298.643753697
2023-07-19,1167301.452287602,1057956.754593289
2023-07-20,1167288.238686062,1054565.4268482
2023-07-21,1167274.760242004,1054850.2293421254
2023-07-24,1168518.528015934,1054366.0721198658
2023-07-25,1169334.7506175756,1054568.7425849978
2023-07-26,1169658.64847537,1053195.087210215
2023-07-27,1168052.1151007102,1053296.422442781
2023-07-28,1170202.7968764643,1052733.4489285257
2023-07-31,1170811.7248491177,1052609.5947553895
2023-08-01,1170112.105476282,1051765.1344840068
2023-08-02,1166290.1107543092,1053014.9356856532
2023-08-03,1166419.6698974269,1052001.583359994
2023-08-04,1163724.8397205782,1053735.5417839
2023-08-07,1167624.5699284216,1048927.7479721606
2023-08-08,1165590.4913814734,1050042.435530386
2023-08-09,1162727.2343185716,1052519.5189931088
2023-08-10,1162183.0859174773,1052485.7405822536
2023-08-11,1162623.5870040776,1050853.1173909134
2023-08-14,1166238.287097062,1046551.9997420037
2023-08-15,1157078.455678639,1056471.59306318
2023-08-16,1150445.0275510116,1063384.907818234
2023-08-17,1142256.8897059716,1071694.3968886407
2023-08-18,1139142.393616607,1070946.93460551
2023-08-21,1140559.8348463334,1069558.5540326447
2023-08-22,1140257.972362225,1068490.5689765948
2023-08-23,1142607.2499559382,1069689.0855394953
2023-08-24,1139667.371849839,1067078.4554024842
2023-08-25,1141885.4048852443,1066591.9288769502
2023-08-28,1143460.33958494,1067030.989399993
2023-08-29,1145376.510136237,1071575.8591385172
2023-08-30,1145921.1750532151,1072952.3732107594
2023-08-31,1146058.9818394387,1072275.982675261
2023-09-01,1146242.7242210698,1073047.3052157417
2023-09-05,1146137.7285744234,1071296.9963738818
2023-09-06,1145822.7416344841,1067742.9794373596
2023-09-07,1145822.7416344841,1065583.276324014
2023-09-08,1146321.4709560545,1066722.4603838008
2023-09-11,1146669.2690355708,1070525.6738334012
2023-09-12,1146577.397844755,1066781.7928869147
2023-09-13,1146787.389138048,1067695.5134348685
2023-09-14,1146807.075821794,1075628.269101196
2023-09-15,1146773.7825969572,1070661.150467571
2023-09-18,1146838.5023105426,1070463.708152512
2023-09-19,1146178.3612319715,1070440.4796448583
2023-09-20,1142916.4876672667,1072891.0872023555
2023-09-21,1137428.255955224,1080870.079581506
2023-09-22,1137078.7695018628,1081067.521896565
2023-09-25,1137920.1257784732,1078303.3294857386
2023-09-26,1133221.4745721724,1086909.4915715472
2023-09-27,1132859.0441760942,1087095.319632779
2023-09-28,1133842.7838225923,1083576.2007231975
2023-09-29,1133092.0351450017,1084586.6408061467
2023-10-02,1132444.8380091474,1084458.8840140498
2023-10-03,1127603.803432959,1096456.4082173428
2023-10-04,1128924.0855901013,1090695.7383191497
2023-10-05,1128289.8323969643,1091415.8220564239
2023-10-06,1133130.8669731528,1079964.1677829998
2023-10-09,1135836.1510010231,1074586.7682610978
2023-10-10,1138269.6122318343,1070161.73755301
2023-10-11,1141686.813109144,1064946.937584686
2023-10-12,1136755.1709339358,1070196.5803144912
2023-10-13,1132923.7638896797,1076410.2061119373
2023-10-16,1140185.3157539624,1064865.637807897
2023-10-17,1138942.6972531227,1065992.2204291164
2023-10-18,1129636.0024395408,1076596.0341731692
2023-10-19,1121157.719959852,1089069.7427833695
2023-10-20,1118708.3539382028,1100197.4077057664
2023-10-23,1119122.21617934,1098165.7094644515
2023-10-24,1120510.6572463796,1098001.6592958982
2023-10-25,1117520.1687942937,1096335.9191228945
2023-10-26,1114583.0819217092,1094745.8944123
2023-10-27,1112673.9754545293,1095503.0490363927
2023-10-30,1116105.026937503,1092108.4724717112
2023-10-31,1117613.6215584213,1090758.2133920796
2023-11-01,1121111.425015772,1091326.0793601489
2023-11-02,1124889.5867655058,1097749.2744212006
2023-11-03,1126291.378227421,1101825.2901475653
2023-11-06,1126545.0357300534,1102292.2021657557
2023-11-07,1126838.7444173119,1103453.1725893642
2023-11-08,1126972.2483660658,1103737.105573399
2023-11-09,1126785.3428378103,1100979.8008173287
2023-11-10,1127219.2306712603,1106690.0086073598
2023-11-13,1127245.931461011,1106456.5525982648
2023-11-14,1127279.3074481995,1108507.179705182
2023-11-15,1127299.3330405126,1108563.966301989
2023-11-16,1127312.683435388,1108582.8951675913
2023-11-17,1127274.064551452,1108262.5681438097
2023-11-20,1129199.0630098318,1107239.6326678768
2023-11-21,1128708.377128284,1106894.6893097134
2023-11-22,1129903.6376089773,1106442.694564534
2023-11-24,1130419.486869066,1105443.5482857157
2023-11-27,1130318.8333549022,1104432.5074083405
2023-11-28,1130532.7220725,1104408.7182112257
2023-11-29,1130406.9051797953,1104777.4507665038
2023-11-30,1130859.8459935319,1104860.7129564052
2023-12-01,1131872.6719798036,1106169.1187977146
2023-12-04,1131262.4600501864,1103611.7801078828
2023-12-05,1131526.675524866,1103266.8367497195
2023-12-06,1130947.917818425,1101613.4875502468
2023-12-07,1132073.9790081307,1103576.0963122107
2023-12-08,1132929.5338785218,1104575.2425910288
2023-12-11,1133244.0761102831,1106698.428433517
2023-12-12,1133401.3472261638,1110837.7487314774
2023-12-13,1133432.80144934,1116053.5301988788
2023-12-14,1133426.5106047047,1116588.7871339598
2023-12-15,1133396.6582302183,1116342.6563161623
2023-12-18,1134289.9101462967,1116262.6474024504
2023-12-19,1135509.0783020256,1116342.6563161623
2023-12-20,1131923.9996658727,1117165.6051429128
2023-12-21,1134470.9747238802,1116754.1307295377
2023-12-22,1134808.9619353693,1116068.340040579
2023-12-26,1136281.620499715,1115393.9791964362
2023-12-27,1136945.5239508543,1114822.4869556373
2023-12-28,1137066.2336692433,1114273.8544044704
2023-12-29,1136595.4657675263,1112890.8431817372
2024-01-02,1135726.3557951257,1111244.9455282367
2024-01-03,1133179.3807371182,1111439.2528901082
2024-01-04,1131887.7867503562,1111850.7273034833
2024-01-05,1133070.741990568,1109679.0567884478
2024-01-08,1137549.0725427992,1108227.4664968187
2024-01-09,1137681.853233027,1106810.1657396373
2024-01-10,1138695.8148674946,1108421.7738586902
2024-01-11,1138913.0923605948,1106947.3238774291
2024-01-12,1139154.5117973727,1106044.366136967
2024-01-16,1139226.937628406,1103129.7557088928
2024-01-17,1138762.2052126084,1099792.2410226273
2024-01-18,1139739.9539315593,1102249.6576580624
2024-01-19,1139775.7609211223,1115765.49317546
2024-01-22,1140557.7569232679,1114593.8585648378
2024-01-23,1141778.144623586,1113544.966627709
2024-01-24,1141458.2371681626,1113801.6103995598
2024-01-25,1142631.231171381,1114571.5417151116
2024-01-26,1142536.4437771817,1113634.2340266136
2024-01-29,1143863.467295974,1114694.2843886055
2024-01-30,1143827.9220231492,1113957.828347643
2024-01-31,1140628.8474689175,1112462.5994159915
2024-02-01,1144135.9810542974,1113734.6598503813
2024-02-02,1145000.9160263676,1116100.2459213522
2024-02-05,1145036.4612991924,1113968.9867725058
2024-02-06,1145463.00457309,1114314.897943261
2024-02-07,1145972.486816912,1118499.3072669124
2024-02-08,1146043.5773625616,1118817.32237551
2024-02-09,1146108.7436960738,1121601.349378846
2024-02-12,1146114.6679082112,1121099.2202600078
2024-02-13,1145978.4110290494,1114381.8484924394
2024-02-14,1146150.213181036,1121171.7500216176
2024-02-15,1146173.910029586,1123944.6186000905
2024-02-16,1146156.0528863457,1124315.555034934
2024-02-20,1144551.6070922262,1124946.9874841955
2024-02-21,1145151.8314180837,1124391.7623995002
2024-02-22,1149734.3132904968,1123509.9343238077
2024-02-23,1150230.6526368791,1122736.973911781
2024-02-26,1149976.7115759393,1121278.1472186602
2024-02-27,1150565.3931262996,1121441.4487141587
2024-02-28,1149942.0832494476,1120690.2618348652
2024-02-29,1150957.8474932066,1121615.636976024
2024-03-01,1151754.2990025177,1124642.1580259313
2024-03-04,1151754.2990025177,1124010.7255766701
2024-03-05,1150819.3341872394,1120875.336863097
2024-03-06,1151356.0732478623,1122399.4841544172
2024-03-07,1152065.9539409438,1125480.4390361574
2024-03-08,1151962.0689614685,1123967.1785112037
2024-03-11,1152019.7828389548,1122911.1621736463
2024-03-12,1152481.4938588452,1129160.1660680592
2024-03-13,1152504.5794098398,1129056.7417875768
2024-03-14,1152481.4938588452,1128240.2343100838
2024-03-15,1152498.721724269,1121495.0992441787
2024-03-18,1154003.0323211097,1120828.2489292496
2024-03-19,1155303.7520101073,1120150.813688687
2024-03-20,1157249.176240608,1121251.6459546015
2024-03-21,1157735.5322982334,1121516.2690954462
2024-03-22,1157475.3883604337,1120690.6448960104
2024-03-25,1157441.45654246,1119642.7372582648
2024-03-26,1157531.9413903903,1119092.3211253076
2024-03-27,1158561.206535597,1121103.4569957284
2024-03-28,1158482.032293658,1121198.7213264324
2024-04-01,1158414.1686577103,1120193.1533912222
2024-04-02,1157452.7671484512,1118383.1311078435
2024-04-03,1157792.0853281897,1118340.7914053083
2024-04-04,1154794.7747404994,1116626.033452634
2024-04-05,1156943.7898788434,1118054.998413196
2024-04-08,1157893.8807821113,1116795.3922627748
2024-04-09,1158210.5777498672,1117504.5822802389
2024-04-10,1155677.0020078197,1113027.1587371444
2024-04-11,1158289.751991806,1114202.0854824954
2024-04-12,1154455.456560761,1111005.43794109
2024-04-15,1148687.0475052062,1112275.6290171451
2024-04-16,1148268.5550835286,1110772.5695771466
2024-04-17,1143981.835412832,1113799.8583084112
2024-04-18,1141589.6422456754,1115239.4081946071
2024-04-19,1131797.8837466177,1123757.7998272793
2024-04-22,1134011.1612801137,1121459.3819326516
2024-04-23,1136683.149183246,1122925.9914463665
2024-04-24,1135960.6803510687,1122006.6242885154
2024-04-25,1137336.811459978,1123418.5095666437
2024-04-26,1137749.6507926509,1123484.1786493475
2024-04-29,1138414.7808286238,1124151.8143235012
2024-04-30,1135914.809314105,1119303.2470505487
2024-05-01,1135616.6475738413,1118154.038103235
2024-05-02,1137440.0212931463,1119773.8754765915
2024-05-03,1139509.9518361308,1124879.6466567998
2024-05-06,1139968.6622057674,1127840.2278020226
2024-05-07,1140089.0736777969,1128869.0434310462
2024-05-08,1140169.3479924833,1128655.6189122593
2024-05-09,1140272.5578256515,1130565.4947342237
2024-05-10,1140306.9611033741,1130850.060759273
2024-05-13,1140318.4288626153,1130735.1398645416
2024-05-14,1140318.4288626153,1131692.813987303
2024-05-15,1140341.364381097,1132157.969989787
2024-05-16,1140335.6305014766,1132163.442413346
2024-05-17,1140291.6433358253,1131746.242480581
2024-05-20,1140648.3377910347,1131189.4461703026
2024-05-21,1141577.9051591558,1130467.673175497
2024-05-22,1140886.1340945074,1130797.626544551
2024-05-23,1138778.3941319073,1130890.4259295973
2024-05-24,1141069.8857835545,1128982.8830147544
2024-05-28,1141145.5482437506,1129003.5051003203
2024-05-29,1138421.699676698,1131076.0246996903
2024-05-30,1135697.8511096456,1133261.9657696723
2024-05-31,1139610.681194062,1128797.2842446617
2024-06-03,1139621.4901169473,1128508.5750467393
2024-06-04,1139751.1971915688,1128436.397747259
2024-06-05,1143004.6829799926,1128250.798977166
2024-06-06,1143307.3328207764,1127291.8719983532
2024-06-07,1143372.186358087,1125446.1953402078
2024-06-10,1144118.002037161,1125611.1720247348
2024-06-11,1144885.435562005,1126549.4769179819
2024-06-12,1146290.5955370718,1129632.4787100793
2024-06-13,1146522.987379102,1130364.5627476675
2024-06-14,1146479.7516875616,1130436.7400471482
2024-06-17,1146636.481069396,1135953.1479360182
2024-06-18,1146679.7167609364,1138200.955262698
2024-06-20,1146690.5256838216,1136556.3439388198
2024-06-21,1146674.2008483722,1135846.9438042454
2024-06-24,1145662.396015846,1135656.0571466868
2024-06-25,1146874.453888143,1134370.0838747122
2024-06-26,1147127.4050962743,1133596.49057829
2024-06-27,1148139.2099288006,1132611.9172919348
2024-06-28,1147527.911175816,1131948.837323573
2024-07-01,1148160.2891961448,1130019.8774156112
2024-07-02,1149888.789118377,1130009.830749424
2024-07-03,1150900.593950903,1130703.0507163475
2024-07-05,1151669.98720897,1132380.8439696268
2024-07-08,1152091.5725558556,1132320.563972503
2024-07-09,1152254.9368777738,1132501.4039638743
2024-07-10,1152560.586254266,1137795.9970445817
2024-07-11,1152534.2371700858,1132762.6172847443
2024-07-12,1152760.8392940369,1136359.3237797979
2024-07-15,1152829.346912906,1138057.2103654516
2024-07-16,1152876.7752644306,1141302.2835439497
2024-07-17,1152829.346912906,1131958.8839897602
2024-07-18,1152808.2676455616,1124564.5376759071
2024-07-19,1152865.186808112,1115178.5658324703
2024-07-22,1155678.9706132608,1113728.0621857592
2024-07-23,1155341.7380972877,1112796.9956557758
2024-07-24,1149408.55351939,1115482.3875422543
2024-07-25,1146963.6177785867,1118177.5801290486
2024-07-26,1150515.097712426,1113365.4362740815
2024-07-29,1150420.2510673087,1112767.593554829
2024-07-30,1146405.0764240064,1115923.419056457
2024-07-31,1154256.2709365,1111385.6948103271
2024-08-01,1148049.0849393744,1114316.1042046961
2024-08-02,1142242.3625549662,1123048.5281859094
2024-08-05,1136699.1030736621,1145952.7648235022
2024-08-06,1134612.4768810798,1137739.7779590166
2024-08-07,1132009.4633984142,1143032.1561294487
2024-08-08,1140197.8904268807,1121735.2343436168
2024-08-09,1140608.8925557225,1117158.3072962246
2024-08-12,1140756.4317814608,1116246.8421668722
2024-08-13,1150135.7111319564,1102761.0785325859
2024-08-14,1154308.9635171208,1097233.4835545789
2024-08-15,1159999.7622241632,1095689.8732548694
2024-08-16,1160378.3553793048,1096030.4544976887
2024-08-19,1162205.6749069486,1095439.3794534684
2024-08-20,1162205.6749069486,1096402.2597674401
2024-08-21,1162625.7483615794,1096993.3348116605
2024-08-22,1161176.4949431033,1096831.2658479228
2024-08-23,1163224.3530344283,1096268.791209068
2024-08-26,1162793.7777434317,1094981.7729676205
2024-08-27,1163402.8842526465,1094695.7689139654
2024-08-28,1161922.125325073,1095162.9088682686
2024-08-29,1162898.7961070894,1093237.148240325
2024-08-30,1164369.053198297,1093561.2861678007
2024-09-03,1159695.7360155298,1093103.6796819528
2024-09-04,1158235.980760688,1094466.9656710415
2024-09-05,1158151.9660697617,1092207.5336471673
2024-09-06,1151420.2889593036,1100044.0447173137
2024-09-09,1155967.5841056816,1091702.2598190433
2024-09-10,1157301.3173241345,1090481.9758567822
2024-09-11,1161113.4839249086,1087211.9961766603
2024-09-12,1163644.426489059,1086134.7142412264
2024-09-13,1165272.2111257534,1087135.728429019
2024-09-16,1165723.7900894813,1086906.9251860948
2024-09-17,1166002.0887531743,1087221.5296451154
2024-09-18,1166653.202607852,1084409.1564508413
2024-09-19,1167608.869717137,1095539.4808722478
2024-09-20,1167619.3667070721,1092992.125395676
2024-09-23,1168681.8291148487,1091867.964277424
2024-09-24,1169341.9999313313,1091375.563126454
2024-09-25,1169135.6965511807,1091041.1019673045
2024-09-26,1169806.1825366707,1090994.6490285338
2024-09-27,1169032.5448611053,1092165.2630855567
2024-09-30,1169878.3887197236,1091830.8019264073
2024-10-01,1167928.8217772983,1092648.3736487725
2024-10-02,1168238.2768475246,1091747.18663662
2024-10-03,1167629.6818760796,1091970.1607427194
2024-10-04,1170229.1044659798,1089954.1032000692
2024-10-07,1167980.3976223362,1089721.8385062153
2024-10-08,1170559.189874221,1088737.0362042754
2024-10-09,1171931.107352224,1089220.1467674912
2024-10-10,1172271.5079294727,1087445.6445064489
2024-10-11,1173225.6610626702,1088829.942081817
2024-10-14,1173865.2015411376,1093382.3300813502
2024-10-15,1173834.256034115,1087631.4562615317
2024-10-16,1174035.401829762,1091161.8796081084
2024-10-17,1174117.9231818223,1091984.0966243506
2024-10-18,1174097.2319055076,1096567.5200961232
2024-10-21,1173653.7804346504,1096223.6439871904
2024-10-22,1173301.0349464684,1095906.9159921207
2024-10-23,1171114.0129197403,1097173.8279723995
2024-10-24,1171879.9745512211,1096630.865695137
2024-10-25,1171386.1308677664,1097381.9635120167
2024-10-28,1172252.8769244421,1095798.3235366682
2024-10-29,1173028.9169984423,1095029.1269772132
2024-10-30,1171194.6404598963,1095816.4222792436
2024-10-31,1165752.2814993751,1101662.3161311015
2024-11-01,1166911.3023891158,1098648.8754922955
2024-11-04,1165621.2617466217,1098621.7273784324
2024-11-05,1170176.7177654284,1093599.326313756
2024-11-06,1178924.8058723402,1088106.3579421185
2024-11-07,1180673.4156494704,1091137.8973235
2024-11-08,1180940.4943762368,1093155.9071206583
2024-11-11,1181232.7692093018,1093115.1849498637
2024-11-12,1181308.357528198,1091264.5885215278
2024-11-13,1181424.259617172,1091771.3533136393
2024-11-14,1181409.141953393,1082409.778716508
2024-11-15,1181438.199195583,1071407.1075190871
2024-11-18,1182146.2807976298,1070524.841486006
2024-11-19,1182874.5933025922,1071442.3981604106
2024-11-20,1182783.554239472,1071971.7577802592
2024-11-21,1183774.8684823373,1072121.743005883
2024-11-22,1184907.799045612,1071239.4769728018
2024-11-25,1185878.882385562,1071027.7331248624
2024-11-26,1186617.3103419822,1072174.6789678677
2024-11-27,1186354.308604079,1070666.004051299
2024-11-29,1187052.274754668,1072307.01887283
2024-12-02,1187497.3546188115,1072739.3292290398
2024-12-03,1187679.4327450523,1072845.2011530094
2024-12-04,1188013.24264316,1074450.9253332173
2024-12-05,1188023.3580946177,1073912.7430530377
2024-12-06,1188281.3021067919,1074592.08789851
2024-12-09,1188073.9353519068,1072183.5016281987
2024-12-10,1188094.1662548224,1071733.5459513273
2024-12-11,1188468.4379587614,1074322.9967584205
2024-12-12,1188402.6875242856,1072161.4449773717
2024-12-13,1188498.7843131348,1071689.4326496732
2024-12-16,1188539.246118966,1074225.9474947816
2024-12-17,1188529.1306675083,1071954.1124595976
2024-12-18,1183714.1757735903,1059240.6589228986
2024-12-19,1185398.3984413159,1052103.1267152724
2024-12-20,1188680.1032541697,1047030.1386799488
2024-12-23,1190412.8451820128,1045160.4587735315
2024-12-24,1193062.3284786565,1045484.878118024
2024-12-26,1192941.4395069464,1045194.6081782149
2024-12-27,1190755.363935191,1042650.4775293001
2024-12-30,1187279.805998529,1040285.6312549732
2024-12-31,1186332.842386801,1039098.9394422245
2025-01-02,1185315.360208242,1039064.790037541
2025-01-03,1189858.770728342,1037263.4089404906
2025-01-06,1192135.5130288799,1038031.7705458675
2025-01-07,1188327.5104200155,1035615.7001645155
2025-01-08,1188710.325497097,1034890.0253149929
2025-01-10,1181174.9129271752,1036204.7773953045
2025-01-13,1182585.2842637915,1034480.2324587918
2025-01-14,1183935.211114553,1033122.7936226259
2025-01-15,1194079.8106572153,1028538.2360438767
2025-01-16,1194271.2181957562,1025486.1330002961
2025-01-17,1196033.3350449647,1030622.2656909062
2025-01-21,1198383.3248463797,1029631.9676939066
2025-01-22,1199437.8074495785,1030056.3811211921
2025-01-23,1200241.2227663016,1030930.173471486
2025-01-24,1199899.7712566943,1030089.6684488223
2025-01-27,1196927.1345848192,1030439.1853889399
2025-01-28,1198604.2640584784,1029615.3240300915
2025-01-29,1197640.1656784108,1029082.7267880077
2025-01-30,1199056.1851741353,1028450.267563033
2025-01-31,1197800.8487417554,1028084.1069591005
2025-02-03,1195932.9081303745,1028758.1753436128
2025-02-04,1197720.507210083,1026785.9011815211
2025-02-05,1199688.8747360546,1026386.4532499582
2025-02-06,1200301.4789150557,1025828.8905121516
2025-02-07,1198865.3740364134,1023898.2255095978
2025-02-10,1200853.826945303,1023665.2142161861
2025-02-11,1201265.5772951236,1023873.2600138751
2025-02-12,1201014.5100086476,1022017.4914984893
2025-02-13,1202766.9596682496,1026328.2004266053
2025-02-14,1203158.624635152,1025737.3503611685
2025-02-18,1203479.9907618414,1027168.7054492689
2025-02-19,1203545.268256325,1028104.9115388694
2025-02-20,1203590.4603678908,1024322.6389368833
2025-02-21,1203579.2477961604,1007112.1272253573
2025-02-24,1202279.925627375,1007055.3887879528
2025-02-25,1200859.7362800979,1007347.1864660333
2025-02-26,1200527.3515392458,1007087.8107521839
2025-02-27,1195239.4124802358,1010889.2860582886
2025-02-28,1199872.654322416,1006763.5911098722
2025-03-03,1194816.3773555148,1011018.9739152134
2025-03-04,1192006.2154555838,1014666.44489122
2025-03-05,1193114.1645917573,1011318.8770843516
2025-03-06,1188279.477452091,1020972.5169341826
2025-03-07,1188138.4657438507,1016935.9823874019
2025-03-10,1179859.0640171717,1036721.4860594735
2025-03-11,1178237.4293724087,1041965.7387738652
2025-03-12,1176827.312290006,1040247.3746696132
2025-03-13,1175054.5936721284,1048968.883047798
2025-03-14,1175558.2069158435,1035546.1898560935
2025-03-17,1176132.326013679,1027084.0571917582
2025-03-18,1174691.9921366533,1035927.1479358098
2025-03-19,1174561.0526932874,1026241.0861217477
2025-03-20,1173966.7890657033,1028915.8981708193
2025-03-21,1173833.0420330693,1036351.9556118833
2025-03-24,1177752.946254348,1036723.8058607047
2025-03-25,1178305.485945113,1036688.3915512932
2025-03-26,1175824.2699752613,1035262.9655974775
2025-03-27,1175250.8797301275,1035006.2118542437
2025-03-28,1169162.5178545245,1035980.1053630618
2025-03-31,1171080.768856427,1034501.5579451288
2025-04-01,1172582.008770959,1034103.1469642486
2025-04-02,1176481.0624378691,1034607.8008733634
2025-04-03,1160405.2850197535,1047480.9023444691
2025-04-04,1151022.535553927,1095095.4413483245
2025-04-07,1151502.0983044028,1090677.5062492313
2025-04-08,1149302.3648185257,1109048.679256483
2025-04-09,1163355.6384628965,1041752.6377971476
2025-04-10,1155244.772813549,1060947.1934982184
2025-04-11,1157183.8743698196,1048791.2317926972
2025-04-14,1154994.5661611268,1037219.6061924667
2025-04-15,1150970.409168006,1036024.3732498263
2025-04-16,1147102.6313326487,1054386.6926797251
2025-04-17,1146458.8161092647,1054065.1285566203
2025-04-21,1141233.0553467234,1052552.1639023242
2025-04-22,1145913.329599605,1052532.8904672374
2025-04-23,1148608.0329573245,1053467.6520689365
2025-04-24,1151859.132554897,1056667.0422933083
2025-04-25,1152862.8277326713,1057264.5187809921
2025-04-28,1152906.466653444,1056773.0461862844
2025-04-29,1153910.1618312183,1057919.8155739356
2025-04-30,1154095.6272445025,1058469.108473903
2025-05-01,1154422.9191502985,1058546.2022142494
2025-05-02,1155950.281377346,1061027.656981646
2025-05-05,1155939.3716471528,1060478.3640816787
2025-05-06,1155644.8089319365,1059485.78217472
2025-05-07,1156179.385711403,1060449.4539290487
2025-05-08,1156544.8616728752,1061509.4928588106
2025-05-09,1156686.6881653867,1061682.9537745898
2025-05-12,1156883.0633088644,1063350.1059095785
2025-05-13,1156866.6987135746,1063359.742627122
2025-05-14,1156888.518173961,1063403.1078560667
2025-05-15,1156893.9730390576,1063412.74457361
2025-05-16,1156834.8840645584,1063089.397934203
2025-05-19,1156815.325325287,1063729.174707361
2025-05-20,1156189.445668602,1063149.9173586909
2025-05-21,1152062.5516823335,1065709.0244513233
2025-05-22,1152277.6978143188,1064662.9029708891
2025-05-23,1150233.809560456,1066893.4760448728
2025-05-27,1156257.9012560518,1059951.0334929004
2025-05-28,1154380.262285996,1059613.853842182
2025-05-29,1155211.5087050311,1059242.0916631848
2025-05-30,1155358.1992495668,1058221.9070789595
2025-06-02,1157118.485783994,1057279.5331833619
2025-06-03,1158419.141945543,1056570.591353646
2025-06-04,1158565.8324900786,1055861.6495239304
2025-06-05,1157490.101830151,1055057.605741448
2025-06-06,1160492.368308313,1054858.7562038447
2025-06-09,1160981.3367900983,1054227.6250627562
2025-06-10,1162184.1992552902,1055904.8776842789
2025-06-11,1162105.9642982045,1055671.4456183969
2025-06-12,1162663.3883674399,1057288.1788154317
2025-06-13,1160189.207849606,1053095.047261625
2025-06-16,1163387.061720482,1054789.591147287
2025-06-17,1160961.7780508269,1051158.4256780113
2025-06-18,1163245.2608607644,1046852.9009072987
2025-06-20,1164759.8499979342,1045763.9069060624
2025-06-23,1166812.5169758822,1045314.5193240016
2025-06-24,1168747.3274766277,1045729.9908621333
2025-06-25,1168904.4694462314,1045068.6280055154
2025-06-26,1169866.9640100538,1046543.9759164322
2025-06-27,1170466.067769168,1047459.7091025184
2025-06-30,1170917.8509317786,1048146.508992083
2025-07-01,1170976.77917038,1048027.8028383311
2025-07-02,1171399.0982136899,1049045.2841562047
2025-07-03,1171811.5958838994,1050579.9851439972
2025-07-07,1171634.8111680953,1048960.494046382
2025-07-08,1172047.308838305,1049621.8569029998
2025-07-09,1172302.6645389108,1051148.07887981
2025-07-10,1172356.6820909623,1051724.651626605
2025-07-11,1172366.5034640625,1051186.2344292302
2025-07-14,1172440.1637623142,1051771.2861870076
2025-07-15,1172440.1637623142,1051347.3356378935
2025-07-16,1172494.1813143655,1052538.6366809038
2025-07-17,1172499.0920009154,1052975.3057464913
2025-07-18,1172480.2761326162,1052671.0453700074
2025-07-21,1173127.5064741967,1051659.2943906474
2025-07-22,1173071.2255749288,1051432.662171271
2025-07-23,1175181.7592974736,1051222.217967564
2025-07-24,1175416.263044423,1050639.4494034527
2025-07-25,1176157.2948847832,1050712.2954739665
2025-07-28,1176438.6993811224,1050056.6808393414
2025-07-29,1175904.030838078,1050040.4928236715
2025-07-30,1176767.0046268518,1050647.5434112875
2025-07-31,1174900.3548011342,1048138.4009824748
2025-08-01,1170491.684358485,1049684.3564789367
2025-08-04,1175510.0645432028,1046220.1211256082
2025-08-05,1174187.463410408,1044641.7895978066
2025-08-06,1176326.1375825866,1044269.4652374021
2025-08-07,1176682.5832779498,1043524.8165165932
2025-08-08,1178436.6713051316,1045904.454820048
2025-08-11,1177962.9737362936,1043516.7225087583
2025-08-12,1179252.7443445155,1049890.7536787263
2025-08-13,1179360.6160681122,1052412.0371192913
2025-08-14,1179407.5168175022,1052023.524743217
2025-08-15,1179435.3411363144,1050248.5207825755
2025-08-18,1179647.1114346688,1049262.5985600192
2025-08-19,1178431.7340701995,1049459.7830045305
2025-08-20,1177492.578834019,1049649.0800712612
2025-08-21,1176304.8236823785,1050903.173138353
2025-08-22,1180540.2296494683,1047574.6997150028
2025-08-25,1179849.674328747,1046257.5076256675
2025-08-26,1180972.9776504533,1046139.1969589607
2025-08-27,1181147.9183317027,1046833.2862036404
2025-08-28,1182105.488376436,1046312.7192701306
2025-08-29,1180641.5110965073,1045500.3193587442
2025-09-02,1179251.1930507887,1045192.7116253066
2025-09-03,1180346.8741596662,1044254.113669433
2025-09-04,1182602.6882073553,1044648.4825584556
2025-09-05,1182096.28097216,1042313.8187354421
2025-09-08,1183099.8880382746,1042006.2110020046
2025-09-09,1183790.4433589957,1042865.9351800737
2025-09-10,1184075.8728915604,1043473.2632691684
2025-09-11,1185378.7205966543,1046904.2726036644
2025-09-12,1185452.3798308645,1046580.890114666
2025-09-15,1185677.9612356336,1049207.3869155562
2025-09-16,1185682.5649377718,1048797.2432709725
2025-09-17,1185931.1648532313,1047925.6880262328
2025-09-18,1186096.8981302043,1051841.7710942265
2025-09-19,1186170.7467293332,1055824.6590826712
2025-09-22,1186879.0668144731,1055747.8970126968
2025-09-23,1185830.0358023038,1055893.7449456481
2025-09-24,1185408.6301820308,1054803.7235520126
2025-09-25,1183866.4649333716,1055602.0490797455
2025-09-26,1186152.8145752791,1052493.1852457852
2025-09-29,1186843.2025063648,1051763.945581029
2025-09-30,1187497.726129342,1051502.9545431163
2025-10-01,1188636.4179117822,1051495.2783361187
2025-10-02,1188986.0949158387,1051955.8507559649
2025-10-03,1189165.4164563804,1050566.4572894294
2025-10-06,1190250.3117766578,1050167.2945255628
2025-10-07,1189559.9238455722,1049537.8455517732
2025-10-08,1191039.3265550416,1050052.1514206012
2025-10-09,1190662.7513199039,1048125.4234642455
2025-10-10,1181355.9633657872,1053659.968709395
2025-10-13,1188313.639138807,1043934.214443647
2025-10-14,1187632.2172847483,1044003.3003066238
2025-10-15,1189923.0499651693,1041662.0571724067
2025-10-16,1187112.1848171772,1043312.4416768549
2025-10-17,1192575.9168499361,1031226.3267050495
2025-10-20,1194844.1571004386,1029894.4241174549
2025-10-21,1194754.1475666885,1029288.3336141112
2025-10-22,1193962.0636696876,1028794.4820928683
2025-10-23,1195051.1790280638,1028540.0737334401
2025-10-24,1196419.3239410655,1029931.8371114885
2025-10-27,1197904.481247942,1032131.7211606617
2025-10-28,1197886.479341192,1032438.5077117368
2025-10-29,1197625.4516933167,1032296.3383344093
2025-10-30,1197076.393537441,1030702.5447885797
2025-10-31,1197103.3963975662,1030747.44038142
2025-11-03,1197742.464087192,1030927.022752781
2025-11-04,1195888.2676919398,1028061.1874098105
2025-11-05,1196824.366842941,1028158.4611942978
2025-11-06,1194925.1656808136,1025382.4170370077
2025-11-07,1195240.1990489392,1024768.8439348574
2025-11-10,1198579.5527510678,1029348.1944045649
2025-11-11,1199164.6147204435,1030219.9171655468
2025-11-12,1199317.6309278186,1030160.0563750932
2025-11-13,1196905.375423316,1023878.4146768587
2025-11-14,1196770.3611226908,1022741.0596582385
2025-11-17,1194520.1227789382,1018139.261392111
2025-11-18,1191027.7528694344,1014487.7531744357
2025-11-19,1193485.013140812,1013851.7322758652
2025-11-20,1185717.1903781784,1009594.1335548463
2025-11-21,1197104.0160191627,1008215.0035203426
2025-11-24,1200206.5061151725,1008133.7274992137
2025-11-25,1201912.8756679778,1008909.5440645363
2025-11-26,1202907.497492875,1009929.1886932461
2025-11-28,1203473.2456868533,1010276.458965343
2025-12-01,1203162.9966772522,1009278.9805242138
2025-12-02,1203737.8698421011,1009544.9747751816
2025-12-03,1204294.4930652087,1010424.233549214
2025-12-04,1204549.9922495862,1010586.785591472
2025-12-05,1204896.7411426695,1011222.2163021173
2025-12-08,1204750.7416087396,1010150.8505690526
2025-12-09,1204787.241492222,1009870.0788596978
2025-12-10,1205403.1770259887,1012068.2257947788
2025-12-11,1205672.363666672,1013313.2266638919
2025-12-12,1205521.801647307,1010265.3758715526
2025-12-15,1205686.0511229779,1010040.0196311494
2025-12-16,1205749.9259190722,1008891.0722415524
2025-12-17,1205494.426734695,1003730.0448998581
2025-12-18,1205873.1130258255,1007165.8039748586
2025-12-19,1205900.7898364512,1011277.4660343379
2025-12-22,1207695.934381655,1009930.6682988259
2025-12-23,1208486.8644040467,1010116.9275601201
2025-12-24,1209153.37846786,1009959.3235697942
2025-12-26,1209322.2286973593,1009264.433248812
2025-12-29,1208984.5282383605,1008017.9289616892
2025-12-30,1208886.7728423346,1007373.1853649016
2025-12-31,1207296.0259433668,1006398.906151978
2026-01-02,1207891.4451737069,1005073.5998696922
2026-01-05,1209651.0423021738,1005087.9275051764
2026-01-06,1210779.6727835643,1006893.2095761818
2026-01-07,1210357.5472098158,1005209.7124067919
2026-01-08,1210566.388283144,1005145.2380471131
2026-01-09,1211797.2175876524,1006549.3463245617
2026-01-12,1212041.6060777174,1007409.004453612
2026-01-13,1212046.0495048093,1005661.0329245433
2026-01-14,1212032.719223533,1000839.78358412
2026-01-15,1212352.6459741634,1001570.4929938127
2026-01-16,1212330.0371309351,1001085.7651414464
2026-01-20,1206989.5854686145,1005156.5790773889
2026-01-21,1210297.6741424738,1000450.3550759734
2026-01-22,1211459.0244215946,998774.5483098908
2026-01-23,1211397.4376643684,998697.7404997787
2026-01-26,1213051.482001298,997992.5051523856
2026-01-27,1213966.4852515145,998348.614090178
2026-01-28,1214036.8701169158,998201.9809981459
2026-01-29,1213421.0025446548,998013.4527369615
2026-01-30,1212505.9992944384,997727.1690810891
2026-02-02,1214485.573633849,996170.0652942706
2026-02-03,1211872.535505827,995981.5370330863
2026-02-04,1210913.5417147349,996658.8422677114
2026-02-05,1205441.1184297868,1001288.2584590147
2026-02-06,1212602.778484365,993432.9142430023
2026-02-09,1214687.9301218775,992378.5524860086
2026-02-10,1214177.6398477182,991023.9420167585
2026-02-11,1214415.1887684476,989662.3490193163
2026-02-12,1208291.7054785378,992301.7446758965
2026-02-13,1208344.4941275888,989857.8598086926
2026-02-17,1209312.2860268562,986715.7221222876
2026-02-18,1213139.4630830497,983014.9821805218
2026-02-19,1212884.3179459702,982358.6245304728
2026-02-20,1219543.0504065428,977416.1271351337
2026-02-23,1217018.5196051337,977032.4050825454
2026-02-24,1218778.57981175,975860.6823862487
2026-02-25,1221107.5483679795,975456.4037951288
2026-02-26,1219863.0613532003,974085.9678930276
2026-02-27,1218707.4662680482,974188.7505856851
2026-03-02,1218591.906759533,974284.6810988322
2026-03-03,1216165.1570807137,974654.6987923996
2026-03-04,1218707.4662680482,972523.6709646321
2026-03-05,1216716.2870444015,973167.7758386197
2026-03-06,1212911.7124563623,977217.413929329
2026-03-09,1214742.8862066802,971728.8181414133
2026-03-10,1215267.34859148,969878.7296735765
2026-03-11,1213649.515472267,968309.5805656705
2026-03-12,1207187.0721883778,974003.7417389015
2026-03-13,1203489.1679158912,975655.1170009335
2026-03-16,1206822.6152769069,965671.4914541255
2026-03-17,1206947.0639783847,962875.8022138389
2026-03-18,1195631.1213368569,972133.0967325332
2026-03-19,1192875.4715184171,970570.7998041377
2026-03-20,1189781.8180561597,973261.3446627003
2026-03-23,1191812.4541009828,973896.9127783275
2026-03-24,1191316.280587768,973557.461625663
2026-03-25,1192161.6132399114,973059.1184440918
2026-03-26,1189432.6589172308,971376.3074106699
2026-03-27,1184296.3442156198,969910.1673257573
2026-03-30,1183129.417619726,967028.4437105844
2026-03-31,1190792.5418793748,968292.3575768883
2026-04-01,1192676.163549912,969801.8318515028
2026-04-02,1192997.7574936622,969354.0452245836
2026-04-06,1194201.4376831274,969910.1673257573
2026-04-07,1194183.0608863416,970827.4076744465
2026-04-08,1198327.0285615234,976139.4570953982
2026-04-09,1199232.0858032205,977901.7141432734
2026-04-10,1199402.0711734884,978125.6074567329
2026-04-13,1199650.1579300957,980173.1479201453
2026-04-14,1199751.2303124173,980996.4975244805
2026-04-15,1199801.766503578,981285.3921224928
2026-04-16,1199829.3316987567,981375.6716843715
2026-04-17,1199773.7222168655,980820.4745640378
2026-04-20,1199154.7266225861,981207.1621815882
2026-04-21,1198595.0867702237,981740.5244126925
2026-04-22,1199926.3512675099,980807.1405082601
2026-04-23,1198985.138788537,980980.483233369
2026-04-24,1200782.769829458,980680.4669783728
2026-04-27,1201545.9150826796,979047.045145616
2026-04-28,1200714.9346958385,978000.321767074
2026-04-29,1199527.8198574942,978026.9898786292
2026-04-30,1203648.8042248893,977786.9768746323
2026-05-01,1204047.335634905,977680.3044284115
2026-05-04,1203326.587340196,976693.5843008687
2026-05-05,1205480.3528326205,978347.0072172917
2026-05-06,1206692.9058460721,982893.9202374554
2026-05-07,1206764.980675543,981853.8638868021
2026-05-08,1207201.6693482196,984163.9890502724
2026-05-11,1207307.6617445005,984944.0313132623
2026-05-12,1207430.612924186,985007.368078206
2026-05-13,1207515.4068412106,986847.4677755156
2026-05-14,1207562.0434955743,987544.1721898955
2026-05-15,1207507.9188577926,987434.4526156656
2026-05-18,1207877.833648423,986167.5920220463
2026-05-19,1206554.360730834,985540.625299694
2026-05-20,1208749.1884885747,985521.2345763223
2026-05-21,1209612.323000046,984874.8771305982
2026-05-22,1210376.8135673488,985152.8108322596
2026-05-26,1211576.9815547275,985495.3802784934
2026-05-27,1212094.86226161,985152.8108322596
2026-05-28,1213253.9286055856,986342.1085323918
2026-05-29,1213533.4197807286,986923.8302335435
2026-06-01,1213895.1142426785,987654.2141472118
2026-06-02,1214232.1477185863,987906.2935510442
2026-06-03,1213467.6571512832,985728.068958954
2026-06-04,1214232.1477185863,986432.5985747933
2026-06-05,1207532.5798438345,981087.2224986551
2026-06-08,1209620.5433287264,978624.6006304463
2026-06-09,1208362.833040583,978514.7198646733
2026-06-10,1202189.3662013947,978488.8655668444
2026-06-11,1209415.0351117095,977041.0248884223
2026-06-12,1212325.0314646692,976032.7072730928
2026-06-15,1215354.2225834986,984748.837428682
2026-06-16,1215185.7058455448,979619.9910968614
2026-06-17,1214355.4526487964,970732.5762181553
2026-06-18,1215974.364935042,976637.2352956588
2026-06-22,1215199.572741152,975976.0266839805
2026-06-23,1210909.670699192,979219.0974936406
2026-06-24,1211920.9784049012,976970.9882139345
2026-06-25,1210746.5565531098,977795.924672314
2026-06-26,1209457.954799061,977273.2550078445
2026-06-29,1213935.4381090156,972436.9863052835
2026-06-30,1216561.5758609378,969962.1769301448
2026-07-01,1216447.3959586804,968860.1625773477
2026-07-02,1216243.5032760778,967607.0148275956
2026-07-06,1220052.2185870954,966013.8169346945
2026-07-07,1218543.4127358359,965069.2332037257
2026-07-08,1217189.5653233542,964779.5608595618
2026-07-09,1220688.363756816,963992.407750421
2026-07-10,1222131.9239496426,964533.9690895098
2026-07-13,1219995.1286359667,962285.8598098038
2026-07-14,1222095.2232667743,960963.4425864472
2026-07-15,1223020.8960457903,961353.8705285811
2026-07-16,1222763.991265711,957600.7245041977
2026-07-17,1223447.4843065073,954550.7357832919
2026-07-20,1223422.6668200411,953403.0074855505
2026-07-21,1225317.0682869505,953223.0933199587
2026-07-22,1225747.238052362,952931.5082929649
2026-07-23,1222777.4121719238,952031.9374650054
2026-07-24,1222653.3247395933,951200.6099412361
2026-07-27,1222827.0471448558,950158.348568152
2026-07-28,1223505.3917749282,949854.3556676692
2026-07-29,1218343.3545899878,949854.3556676692
2026-07-30,1224572.5436929688,948086.233695473
2026-07-31,1226169.1353222851,947918.7274033702
2026-08-03,1228973.5112929498,951858.2272361581
2026-08-04,1230346.7455440718,956269.2262615316
2026-08-05,1230462.5604809134,955971.4372977933
2026-08-06,1230570.1029222663,955717.0758912668
2026-08-07,1230987.863944445,957134.675437396
2026-08-10,1231062.3164038432,957528.6254206748
2026-08-11,1231099.5426335423,957019.9026076219
2026-08-12,1231335.3087549699,958245.1801146701
2026-08-13,1231434.5787008342,959684.4934394052
2026-08-14,1231517.303655721,959755.8387119675
2026-08-17,1231529.712398954,959327.7670765937
2026-08-18,1231513.1674079767,957572.0529778866
2026-08-19,1231566.938628653,958871.7777258694
2026-08-20,1231579.3473718863,954439.06492189
2026-08-21,1231566.9660457564,958381.320076518
2026-08-24,1231097.937539113,957885.0805633517
2026-08-25,1231858.0871878108,957158.8763977427
2026-08-26,1232302.855599283,956686.8436900967
2026-08-27,1233758.4613095555,955603.5891430632
2026-08-28,1233653.3342304802,954677.6788319116
2026-08-31,1233248.99931096,953884.9059511217
2026-09-01,1230911.9434761337,954980.2639009154
2026-09-02,1232707.1905188032,952946.89223721
2026-09-03,1235286.8473053416,953019.5126537709
2026-09-04,1234680.3449260613,951294.7777604493
2026-09-08,1233507.773659453,950423.3327617184
2026-09-09,1232076.4280443517,950502.0048796594
2026-09-10,1229949.6263676758,951845.4825860362
2026-09-11,1234001.0622612676,947355.12016202
2026-09-14,1232367.5491864062,948057.1175221088
2026-09-15,1230588.4755405176,948686.4944656367
2026-09-16,1227555.9636441167,951682.0866487741
2026-09-17,1236528.1555082684,942144.6052737748
2026-09-18,1238570.0468518452,938737.4973967922
2026-09-21,1238570.0468518452,938737.4973967922
2026-09-22,1238570.0468518452,938737.4973967922
