entry_date,expiration_date,entry_dte,spot_entry,baseline_credit_cash,itm_credit_cash,credit_surplus_cash,hedge_strike,hedge_symbol,hedge_abs_delta,hedge_otm_pct,hedge_debit_cash,surplus_spent_pct,trade_id,strategy,structure,short_strike,long_strike,short_symbol,long_symbol,entry_credit_cash,entry_credit_points,package_entry_cash,has_hedge,spot_expiration,core_expiration_debit_cash,hedge_expiration_value_cash,pnl_per_spread,pre_trade_equity,contracts,dollar_pnl,post_trade_equity
2016-10-21,2016-11-18,28,2139.5032,1364.4999999999995,3562.000000000001,2197.5000000000014,2115.0,SPXW  161118P02115000,0.381138,1.1452752209017536,2131.5,0.9699658703071666,baseline_20161021,"99/96 monthly, no hedge",99/96,2120.0,2050.0,SPXW  161118P02120000,SPXW  161118P02050000,1364.4999999999995,13.644999999999996,1364.4999999999995,False,2183.4185,0.0,0.0,1364.4999999999995,1000000.0,4.716981132075472,6436.3207547169795,1006436.320754717
2016-12-16,2017-01-20,35,2261.932,1239.5,4489.5,3250.0,2255.0,SPXW  170120P02255000,0.471314,0.30646367795317264,2631.5,0.8096923076923077,baseline_20161216,"99/96 monthly, no hedge",99/96,2240.0,2170.0,SPXW  170120P02240000,SPXW  170120P02170000,1239.5,12.395,1239.5,False,2270.498,0.0,0.0,1239.5,1006436.320754717,4.493019289083558,5569.097408819071,1012005.4181635361
2017-01-20,2017-02-17,28,2270.498,999.5,4779.500000000001,3780.000000000001,2265.0,SPXW  170217P02265000,0.47276,0.24214951962080455,2101.4999999999995,0.5559523809523808,baseline_20170120,"99/96 monthly, no hedge",99/96,2250.0,2180.0,SPXW  170217P02250000,SPXW  170217P02180000,999.5,9.995,999.5,False,2350.1245,0.0,0.0,999.5,1012005.4181635361,4.497801858504605,4495.552957575353,1016500.9711211114
2017-02-17,2017-03-17,28,2350.1245,972.0,4694.499999999998,3722.499999999998,2345.0,SPXW  170317P02345000,0.475389,0.2180522776559224,2251.5000000000005,0.6048354600402959,baseline_20170217,"99/96 monthly, no hedge",99/96,2325.0,2255.0,SPXW  170317P02325000,SPXW  170317P02255000,972.0,9.72,972.0,False,2379.9404,0.0,0.0,972.0,1016500.9711211114,4.372047187617683,4249.629866364388,1020750.6009874758
2017-03-17,2017-04-21,35,2379.9404,1007.0000000000005,4462.0,3454.9999999999995,2375.0,SPXW  170421P02375000,0.476688,0.20758503028058817,2379.0,0.6885672937771347,baseline_20170317,"99/96 monthly, no hedge",99/96,2355.0,2285.0,SPXW  170421P02355000,SPXW  170421P02285000,1007.0000000000005,10.070000000000004,1007.0000000000005,False,2350.7163,428.36999999999534,0.0,578.6300000000051,1020750.6009874758,4.334397456422403,2508.0124002097173,1023258.6133876855
2017-04-21,2017-05-19,28,2350.7163,1199.5,4237.0,3037.5,2345.0,SPXW  170519P02345000,0.4724,0.2431726874059681,2939.0,0.9675720164609054,baseline_20170421,"99/96 monthly, no hedge",99/96,2325.0,2255.0,SPXW  170519P02325000,SPXW  170519P02255000,1199.5,11.995,1199.5,False,2383.1675,0.0,0.0,1199.5,1023258.6133876855,4.4011123156459595,5279.134222617328,1028537.7476103029
2017-05-19,2017-06-16,28,2383.1675,1019.5,4762.000000000001,3742.500000000001,2380.0,SPXW  170616P02380000,0.484923,0.13291134592932075,2401.4999999999995,0.6416833667334667,baseline_20170519,"99/96 monthly, no hedge",99/96,2360.0,2290.0,SPXW  170616P02360000,SPXW  170616P02290000,1019.5,10.195,1019.5,False,2435.2048,0.0,0.0,1019.5,1028537.7476103029,4.358210794958911,4443.1959054606095,1032980.9435157635
2017-06-16,2017-07-21,35,2435.2048,937.0000000000002,5104.5,4167.5,2430.0,SPXW  170721P02430000,0.471632,0.21373151038467375,2266.5,0.5438512297540492,baseline_20170616,"99/96 monthly, no hedge",99/96,2410.0,2340.0,SPXW  170721P02410000,SPXW  170721P02340000,937.0000000000002,9.370000000000003,937.0000000000002,False,2464.7412,0.0,0.0,937.0000000000002,1032980.9435157635,4.28622798139321,4016.1956185654385,1036997.1391343289
2017-07-21,2017-08-18,28,2464.7412,654.5000000000002,5182.000000000001,4527.500000000001,2460.0,SPXW  170818P02460000,0.435642,0.19236096674165593,1536.5,0.3393705135284373,baseline_20170721,"99/96 monthly, no hedge",99/96,2440.0,2365.0,SPXW  170818P02440000,SPXW  170818P02365000,654.5000000000002,6.545000000000003,654.5000000000002,False,2428.136,1186.4000000000033,0.0,-531.900000000003,1036997.1391343289,4.2499882751406926,-2260.5687635473473,1034736.5703707816
2017-08-18,2017-09-15,28,2428.136,1252.0000000000005,4174.499999999999,2922.4999999999986,2420.0,SPXW  170915P02420000,0.458292,0.33507184111598587,2781.5,0.9517536355859714,baseline_20170818,"99/96 monthly, no hedge",99/96,2405.0,2330.0,SPXW  170915P02405000,SPXW  170915P02330000,1252.0000000000005,12.520000000000005,1252.0000000000005,False,2501.47,0.0,0.0,1252.0000000000005,1034736.5703707816,4.3024389620406716,5386.653580474923,1040123.2239512565
2017-09-15,2017-10-20,35,2501.47,826.9999999999999,5216.999999999999,4389.999999999999,2495.0,SPXW  171020P02495000,0.462458,0.25864791502595574,2066.5,0.4707289293849659,baseline_20170915,"99/96 monthly, no hedge",99/96,2475.0,2400.0,SPXW  171020P02475000,SPXW  171020P02400000,826.9999999999999,8.27,826.9999999999999,False,2576.7188,0.0,0.0,826.9999999999999,1040123.2239512565,4.202518076570733,3475.4824493239958,1043598.7064005805
2017-10-20,2017-11-17,28,2576.7188,719.5000000000003,6044.499999999999,5324.999999999999,2570.0,SPXW  171117P02570000,0.453773,0.26075022233703615,1751.5,0.3289201877934273,baseline_20171020,"99/96 monthly, no hedge",99/96,2550.0,2475.0,SPXW  171117P02550000,SPXW  171117P02475000,719.5000000000003,7.195000000000004,719.5000000000003,False,2577.6365,0.0,0.0,719.5000000000003,1043598.7064005805,4.092543946668943,2944.585369628306,1046543.2917702087
2017-11-17,2017-12-15,28,2577.6365,894.5000000000001,5296.999999999999,4402.499999999999,2575.0,SPXW  171215P02575000,0.486335,0.10228362300115368,2299.0,0.5222032935831915,baseline_20171117,"99/96 monthly, no hedge",99/96,2550.0,2475.0,SPXW  171215P02550000,SPXW  171215P02475000,894.5000000000001,8.945,894.5000000000001,False,2684.536,0.0,0.0,894.5000000000001,1046543.2917702087,4.104091340275328,3671.1097038762814,1050214.401474085
2017-12-15,2018-01-19,35,2684.536,927.0,5874.499999999998,4947.499999999998,2680.0,SPXW  180119P02680000,0.472145,0.16896774712650275,2151.4999999999995,0.4348660939868621,baseline_20171215,"99/96 monthly, no hedge",99/96,2660.0,2575.0,SPXW  180119P02660000,SPXW  180119P02575000,927.0,9.27,927.0,False,2812.081,0.0,0.0,927.0,1050214.401474085,3.9481744416318985,3659.95770739277,1053874.3591814777
2018-01-19,2018-02-16,28,2812.081,1147.0000000000002,5914.5,4767.5,2805.0,SPXW  180216P02805000,0.458054,0.25180640244716335,2504.0,0.5252228631358155,baseline_20180119,"99/96 monthly, no hedge",99/96,2785.0,2700.0,SPXW  180216P02785000,SPXW  180216P02700000,1147.0000000000002,11.470000000000002,1147.0000000000002,False,2735.582,4941.800000000012,0.0,-3794.800000000012,1053874.3591814777,3.784109009628286,-14359.936869737465,1039514.4223117402
2018-02-16,2018-03-16,28,2735.582,1594.5000000000005,5077.0,3482.4999999999995,2710.0,SPXW  180316P02710000,0.404433,0.9351574911664051,3424.0,0.9832017229002155,baseline_20180216,"99/96 monthly, no hedge",99/96,2710.0,2625.0,SPXW  180316P02710000,SPXW  180316P02625000,1594.5000000000005,15.945000000000004,1594.5000000000005,False,2753.758,0.0,0.0,1594.5000000000005,1039514.4223117402,3.835846576796089,6116.257366701366,1045630.6796784416
2018-03-16,2018-04-20,35,2753.758,1394.5,4809.499999999998,3414.999999999998,2740.0,SPXW  180420P02740000,0.438301,0.49960817181465833,3406.5000000000005,0.9975109809663257,baseline_20180316,"99/96 monthly, no hedge",99/96,2725.0,2645.0,SPXW  180420P02725000,SPXW  180420P02645000,1394.5,13.945,1394.5,False,2671.2083,5379.170000000022,0.0,-3984.670000000022,1045630.6796784416,3.8371768061594187,-15289.883304199335,1030340.7963742423
2018-04-20,2018-05-18,28,2671.2083,1627.0,4567.0,2940.0,2635.0,SPXW  180518P02635000,0.363547,1.3555026764479505,2854.0,0.9707482993197278,baseline_20180420,"99/96 monthly, no hedge",99/96,2645.0,2565.0,SPXW  180518P02645000,SPXW  180518P02565000,1627.0,16.27,1627.0,False,2712.9102,0.0,0.0,1627.0,1030340.7963742423,3.8954283416795548,6337.861911912635,1036678.658286155
2018-05-18,2018-06-15,28,2712.9102,1307.0,5177.0,3870.0,2710.0,SPXW  180615P02710000,0.478466,0.10727225692910292,3066.5,0.7923772609819122,baseline_20180518,"99/96 monthly, no hedge",99/96,2685.0,2605.0,SPXW  180615P02685000,SPXW  180615P02605000,1307.0,13.07,1307.0,False,2781.4343,0.0,0.0,1307.0,1036678.658286155,3.8610005895201303,5046.32777050281,1041724.9860566577
2018-06-15,2018-07-20,35,2781.4343,1267.0,5504.5,4237.5,2775.0,SPXW  180720P02775000,0.437599,0.23133028883695061,2846.5000000000005,0.6717404129793512,baseline_20180615,"99/96 monthly, no hedge",99/96,2755.0,2670.0,SPXW  180720P02755000,SPXW  180720P02670000,1267.0,12.67,1267.0,False,2799.096,0.0,0.0,1267.0,1041724.9860566577,3.781215920350845,4790.80057108452,1046515.7866277422
2018-07-20,2018-08-17,28,2800.0964,1094.5,5707.0,4612.5,2795.0,SPXW  180817P02795000,0.466783,0.18200801943818457,2649.0,0.5743089430894309,baseline_20180720,"99/96 monthly, no hedge",99/96,2770.0,2690.0,SPXW  180817P02770000,SPXW  180817P02690000,1094.5,10.945,1094.5,False,2851.56,0.0,0.0,1094.5,1046515.7866277422,3.7780353307860732,4135.059669545357,1050650.8462972876
2018-08-17,2018-09-21,35,2852.25,1234.5,5964.5,4730.0,2845.0,SPXW  180921P02845000,0.459143,0.2541852923130916,2944.0,0.6224101479915434,baseline_20180817,"99/96 monthly, no hedge",99/96,2825.0,2740.0,SPXW  180921P02825000,SPXW  180921P02740000,1234.5,12.345,1234.5,False,2929.681,0.0,0.0,1234.5,1050650.8462972876,3.7191180399903985,4591.251220368147,1055242.0975176557
2018-09-21,2018-10-19,28,2931.413,1024.5000000000002,6269.5,5245.0,2925.0,SPXW  181019P02925000,0.458707,0.2187682186031159,2489.0,0.4745471877979028,baseline_20180921,"99/96 monthly, no hedge",99/96,2900.0,2815.0,SPXW  181019P02900000,SPXW  181019P02815000,1024.5000000000002,10.245000000000003,1024.5000000000002,False,2765.3765,8500.0,0.0,-7475.5,1055242.0975176557,3.6387658535091574,-27201.594137907705,1028040.503379748
2018-10-19,2018-11-16,28,2766.504,1917.0,4454.500000000003,2537.5000000000027,2665.0,SPXW  181116P02665000,0.249956,3.669034998684262,2469.0,0.9730049261083733,baseline_20181019,"99/96 monthly, no hedge",99/96,2740.0,2655.0,SPXW  181116P02740000,SPXW  181116P02655000,1917.0,19.17,1917.0,False,2741.9958,0.0,0.0,1917.0,1028040.503379748,3.751972640072073,7192.531551018164,1035233.0349307661
2018-11-16,2018-12-21,35,2743.0,2019.5,4346.999999999998,2327.499999999998,2630.0,SPXW  181221P02630000,0.232862,4.119577105359095,2319.0,0.996348012889367,baseline_20181116,"99/96 monthly, no hedge",99/96,2715.0,2635.0,SPXW  181221P02715000,SPXW  181221P02635000,2019.5,20.195,2019.5,False,2409.7803,8000.0,0.0,-5980.5,1035233.0349307661,3.813013020002822,-22803.724366126877,1012429.3105646392
2018-12-21,2019-01-18,28,2411.6863,2209.5,3699.499999999998,1489.9999999999982,2155.0,SPXW  190118P02155000,0.117513,10.643436503329639,1456.5,0.9775167785234912,baseline_20181221,"99/96 monthly, no hedge",99/96,2390.0,2315.0,SPXW  190118P02390000,SPXW  190118P02315000,2209.5,22.095,2209.5,False,2669.3652,0.0,0.0,2209.5,1012429.3105646392,4.2361059019440965,9359.67599034548,1021788.9865549847
2019-01-18,2019-02-15,28,2670.6636,1646.9999999999993,4729.500000000002,3082.5000000000027,2635.0,SPXW  190215P02635000,0.368572,1.335383460500228,2976.5,0.9656123276561224,baseline_20190118,"99/96 monthly, no hedge",99/96,2645.0,2565.0,SPXW  190215P02645000,SPXW  190215P02565000,1646.9999999999993,16.46999999999999,1646.9999999999993,False,2775.9978,0.0,0.0,1646.9999999999993,1021788.9865549847,3.8630963574857646,6362.519700779052,1028151.5062557637
2019-02-15,2019-03-15,28,2777.0,1574.4999999999998,5202.0,3627.5,2770.0,SPXW  190315P02770000,0.463801,0.25207057976233127,3451.500000000001,0.9514817367332876,baseline_20190215,"99/96 monthly, no hedge",99/96,2750.0,2665.0,SPXW  190315P02750000,SPXW  190315P02665000,1574.4999999999998,15.744999999999997,1574.4999999999998,False,2824.827,0.0,0.0,1574.4999999999998,1028151.5062557637,3.738732750020959,5886.634714907999,1034038.1409706717
2019-03-15,2019-04-18,34,2826.768,1529.4999999999998,5197.000000000002,3667.500000000002,2820.0,SPXW  190418P02820000,0.464176,0.23942537909018569,3341.5,0.9111111111111106,baseline_20190315,"99/96 monthly, no hedge",99/96,2800.0,2715.0,SPXW  190418P02800000,SPXW  190418P02715000,1529.4999999999998,15.294999999999998,1529.4999999999998,False,2906.686,0.0,0.0,1529.4999999999998,1034038.1409706717,3.6929933606095418,5648.433345052294,1039686.574315724
2019-04-18,2019-05-17,29,2908.3357,1374.5,5664.5,4290.0,2905.0,SPXW  190517P02905000,0.478103,0.11469446254089855,3099.0,0.7223776223776224,baseline_20190418,"99/96 monthly, no hedge",99/96,2880.0,2790.0,SPXW  190517P02880000,SPXW  190517P02790000,1374.5,13.745,1374.5,False,2860.6995,1930.049999999983,0.0,-555.5499999999829,1039686.574315724,3.6100228274851527,-2005.5481818093149,1037681.0261339146
2019-05-17,2019-06-21,35,2862.0,1914.5,4759.5,2845.0,2785.0,SPXW  190621P02785000,0.289219,2.6904262753319363,2749.0,0.9662565905096661,baseline_20190517,"99/96 monthly, no hedge",99/96,2835.0,2750.0,SPXW  190621P02835000,SPXW  190621P02750000,1914.5,19.145,1914.5,False,2953.9,0.0,0.0,1914.5,1037681.0261339146,3.660250533100228,7007.549645620386,1044688.575779535
2019-06-21,2019-07-19,28,2948.2878,1806.9999999999995,5192.000000000002,3385.0000000000023,2920.0,SPXW  190719P02920000,0.393781,0.959465354773037,3241.5,0.9576070901033967,baseline_20190621,"99/96 monthly, no hedge",99/96,2920.0,2830.0,SPXW  190719P02920000,SPXW  190719P02830000,1806.9999999999995,18.069999999999997,1806.9999999999995,False,2974.8926,0.0,0.0,1806.9999999999995,1044688.575779535,3.577700601984709,6464.904987786367,1051153.4807673213
2019-07-19,2019-08-16,28,2975.8484,1564.5000000000007,5337.0,3772.499999999999,2970.0,SPXW  190816P02970000,0.469852,0.19652882855187848,3679.0,0.975215374420146,baseline_20190719,"99/96 monthly, no hedge",99/96,2945.0,2855.0,SPXW  190816P02945000,SPXW  190816P02855000,1564.5000000000007,15.645000000000007,1564.5000000000007,False,2890.8984,5410.159999999996,0.0,-3845.6599999999953,1051153.4807673213,3.5692817683100895,-13726.244125119361,1037427.2366422019
2019-08-16,2019-09-20,35,2891.5,2239.5,4427.0,2187.5,2735.0,SPXW  190920P02735000,0.194393,5.412415701193152,2163.9999999999995,0.9892571428571426,baseline_20190816,"99/96 monthly, no hedge",99/96,2865.0,2775.0,SPXW  190920P02865000,SPXW  190920P02775000,2239.5,22.395,2239.5,False,3013.61,0.0,0.0,2239.5,1037427.2366422019,3.6210374751909318,8109.313425690092,1045536.550067892
2019-09-20,2019-10-18,28,2988.3555,1712.0000000000007,5209.5,3497.499999999999,2960.0,SPXW  191018P02960000,0.39683,0.9488663581023071,3406.5000000000005,0.9739814152966408,baseline_20190920,"99/96 monthly, no hedge",99/96,2960.0,2870.0,SPXW  191018P02960000,SPXW  191018P02870000,1712.0000000000007,17.120000000000008,1712.0000000000007,False,2988.246,0.0,0.0,1712.0000000000007,1045536.550067892,3.532218074553689,6047.157343635918,1051583.7074115279
2019-10-18,2019-11-15,28,2988.468,1737.0,5352.0,3615.0,2975.0,SPXW  191115P02975000,0.442172,0.4506656922543595,3571.4999999999995,0.9879668049792529,baseline_20191018,"99/96 monthly, no hedge",99/96,2960.0,2870.0,SPXW  191115P02960000,SPXW  191115P02870000,1737.0,17.37,1737.0,False,3118.5403,0.0,0.0,1737.0,1051583.7074115279,3.5526476601740806,6170.948985722378,1057754.6563972502
2019-11-15,2019-12-20,35,3118.25,1512.0,5594.5,4082.5,3115.0,SPXW  191220P03115000,0.480679,0.10422512627275005,3864.0,0.9464788732394366,baseline_20191115,"99/96 monthly, no hedge",99/96,3085.0,2995.0,SPXW  191220P03085000,SPXW  191220P02995000,1512.0,15.12,1512.0,False,3231.02,0.0,0.0,1512.0,1057754.6563972502,3.42870228978039,5184.197862147949,1062938.8542593983
2019-12-20,2020-01-17,28,3225.613,1277.0,6334.500000000001,5057.500000000001,3220.0,SPXW  200117P03220000,0.468154,0.17401343558572924,3086.5,0.6102817597627285,baseline_20191220,"99/96 monthly, no hedge",99/96,3195.0,3095.0,SPXW  200117P03195000,SPXW  200117P03095000,1277.0,12.77,1277.0,False,3324.9531,0.0,0.0,1277.0,1062938.8542593983,3.3268821729558633,4248.428534864637,1067187.282794263
2020-01-17,2020-02-21,35,3325.3462,1584.5000000000005,6279.5,4695.0,3320.0,SPXW  200221P03320000,0.473197,0.16077123037595564,3871.4999999999995,0.8246006389776357,baseline_20200117,"99/96 monthly, no hedge",99/96,3290.0,3190.0,SPXW  200221P03290000,SPXW  200221P03190000,1584.5000000000005,15.845000000000004,1584.5000000000005,False,3339.6414,0.0,0.0,1584.5000000000005,1067187.282794263,3.2437303428397053,5139.690728229514,1072326.9735224925
2020-02-21,2020-03-20,28,3339.25,2002.0000000000005,5324.5,3322.4999999999995,3265.0,SPXW  200320P03265000,0.309729,2.223553193082284,3249.0,0.9778781038374719,baseline_20200221,"99/96 monthly, no hedge",99/96,3305.0,3205.0,SPXW  200320P03305000,SPXW  200320P03205000,2002.0000000000005,20.020000000000003,2002.0000000000005,False,2437.98,10000.0,0.0,-7998.0,1072326.9735224925,3.244559677829024,-25949.988303276536,1046376.985219216
2020-03-20,2020-04-17,28,2294.2344,2357.000000000002,2889.5,532.4999999999982,1300.0,SPXW  200417P01300000,0.015583,43.336217084008496,419.00000000000006,0.7868544600938995,baseline_20200320,"99/96 monthly, no hedge",99/96,2270.0,2200.0,SPXW  200417P02270000,SPXW  200417P02200000,2357.000000000002,23.570000000000018,2357.000000000002,False,2875.9666,0.0,0.0,2357.000000000002,1046376.985219216,4.609590243256458,10864.804203355481,1057241.7894225714
2020-04-17,2020-05-15,28,2873.9485,2476.999999999999,3849.5,1372.500000000001,2355.0,SPXW  200515P02355000,0.070669,18.056986755329817,1369.0,0.9974499089253182,baseline_20200417,"99/96 monthly, no hedge",99/96,2845.0,2760.0,SPXW  200515P02845000,SPXW  200515P02760000,2476.999999999999,24.769999999999992,2476.999999999999,False,2851.5916,0.0,0.0,2476.999999999999,1057241.7894225714,3.7161398573728346,9204.878426712508,1066446.667849284
2020-05-15,2020-06-19,35,2846.5,2417.0,3707.0,1290.0,2355.0,SPXW  200619P02355000,0.070814,17.266818900404,1289.0,0.9992248062015504,baseline_20200515,"99/96 monthly, no hedge",99/96,2820.0,2735.0,SPXW  200619P02820000,SPXW  200619P02735000,2417.0,24.17,2417.0,False,3161.26,0.0,0.0,2417.0,1066446.667849284,3.781725772515191,9140.431192169217,1075587.099041453
2020-06-19,2020-07-17,28,3068.494,2677.0,4027.000000000002,1350.0000000000018,2560.0,SPXW  200717P02560000,0.071068,16.57145166325892,1329.0,0.9844444444444431,baseline_20200619,"99/96 monthly, no hedge",99/96,3040.0,2945.0,SPXW  200717P03040000,SPXW  200717P02945000,2677.0,26.77,2677.0,False,3223.3735,0.0,0.0,2677.0,1075587.099041453,3.538115457373201,9471.535079388059,1085058.634120841
2020-07-17,2020-08-21,35,3218.2795,2499.5,4781.999999999998,2282.499999999998,2920.0,SPXW  200821P02920000,0.139551,9.268290712475412,2251.5,0.986418400876233,baseline_20200717,"99/96 monthly, no hedge",99/96,3185.0,3090.0,SPXW  200821P03185000,SPXW  200821P03090000,2499.5,24.995,2499.5,False,3396.6716,0.0,0.0,2499.5,1085058.634120841,3.406777501164336,8515.240364160258,1093573.8744850012
2020-08-21,2020-09-18,28,3392.5,2116.9999999999995,5664.5,3547.5000000000005,3285.0,SPXW  200918P03285000,0.280105,3.16875460574797,3541.5,0.9983086680761099,baseline_20200821,"99/96 monthly, no hedge",99/96,3360.0,3255.0,SPXW  200918P03360000,SPXW  200918P03255000,2116.9999999999995,21.169999999999995,2116.9999999999995,False,3353.6,640.0000000000091,0.0,1476.9999999999905,1093573.8744850012,3.25468415025298,4807.168489923621,1098381.042974925
2020-09-18,2020-10-16,28,3325.3396,2694.5,5172.000000000002,2477.500000000002,3100.0,SPXW  201016P03100000,0.171771,6.776438713206911,2466.5,0.9955600403632687,baseline_20200918,"99/96 monthly, no hedge",99/96,3290.0,3190.0,SPXW  201016P03290000,SPXW  201016P03190000,2694.5,26.945,2694.5,False,3471.2793,0.0,0.0,2694.5,1098381.042974925,3.3385442035712005,8995.7073565226,1107376.7503314475
2020-10-16,2020-11-20,35,3466.3809,2502.0,4454.5,1952.5,3055.0,SPXW  201120P03055000,0.105328,11.867735020118541,1944.0,0.9956466069142126,baseline_20201016,"99/96 monthly, no hedge",99/96,3430.0,3330.0,SPXW  201120P03430000,SPXW  201120P03330000,2502.0,25.02,2502.0,False,3558.3684,0.0,0.0,2502.0,1107376.7503314475,3.228503645281188,8077.716120493532,1115454.466451941
2020-11-20,2020-12-18,28,3554.25,2781.9999999999995,5786.999999999999,3004.9999999999995,3345.0,SPXW  201218P03345000,0.19471,5.887317999577968,2944.0,0.9797004991680534,baseline_20201120,"99/96 monthly, no hedge",99/96,3520.0,3410.0,SPXW  201218P03520000,SPXW  201218P03410000,2781.9999999999995,27.819999999999997,2781.9999999999995,False,3726.25,0.0,0.0,2781.9999999999995,1115454.466451941,3.168904734238469,8815.89297065142,1124270.3594225924
2020-12-18,2021-01-15,28,3715.6113,2451.9999999999986,5794.499999999997,3342.4999999999986,3570.0,SPXW  210115P03570000,0.24217,3.9189056185720994,3286.5,0.9832460732984297,baseline_20201218,"99/96 monthly, no hedge",99/96,3680.0,3565.0,SPXW  210115P03680000,SPXW  210115P03565000,2451.9999999999986,24.519999999999985,2451.9999999999986,False,3771.3953,0.0,0.0,2451.9999999999986,1124270.3594225924,3.055082498430958,7491.0622861527045,1131761.4217087452
2021-01-15,2021-02-19,35,3766.4573,2874.500000000002,5814.499999999998,2939.9999999999964,3455.0,SPXW  210219P03455000,0.156586,8.269237513989601,2891.5,0.9835034013605455,baseline_20210115,"99/96 monthly, no hedge",99/96,3730.0,3615.0,SPXW  210219P03730000,SPXW  210219P03615000,2874.500000000002,28.74500000000002,2874.500000000002,False,3907.0725,0.0,0.0,2874.500000000002,1131761.4217087452,3.034212926833097,8721.845058181743,1140483.266766927
2021-02-19,2021-03-19,28,3903.0,2492.0000000000005,6094.500000000001,3602.5000000000005,3730.0,SPXW  210319P03730000,0.232112,4.432487829874454,3549.0,0.985149201943095,baseline_20210219,"99/96 monthly, no hedge",99/96,3865.0,3745.0,SPXW  210319P03865000,SPXW  210319P03745000,2492.0000000000005,24.920000000000005,2492.0000000000005,False,3912.62,0.0,0.0,2492.0000000000005,1140483.266766927,2.9507975854254256,7353.387582880162,1147836.6543498072
2021-03-19,2021-04-16,28,3908.5752,2569.5000000000005,6527.000000000002,3957.5000000000014,3785.0,SPXW  210416P03785000,0.275664,3.1616431481221174,3886.5,0.982059380922299,baseline_20210319,"99/96 monthly, no hedge",99/96,3870.0,3750.0,SPXW  210416P03870000,SPXW  210416P03750000,2569.5000000000005,25.695000000000004,2569.5000000000005,False,4185.2163,0.0,0.0,2569.5000000000005,1147836.6543498072,2.9659861869504063,7621.1015073690705,1155457.7558571761
2021-04-16,2021-05-21,35,4180.366,2562.0,7481.999999999999,4919.999999999999,4115.0,SPXW  210521P04115000,0.357174,1.563642992025105,4789.0,0.9733739837398376,baseline_20210416,"99/96 monthly, no hedge",99/96,4140.0,4015.0,SPXW  210521P04140000,SPXW  210521P04015000,2562.0,25.62,2562.0,False,4155.865,0.0,0.0,2562.0,1155457.7558571761,2.790960762940039,7150.44147465238,1162608.1973318285
2021-05-21,2021-06-18,28,4151.75,2341.9999999999995,6539.499999999997,4197.499999999998,4040.0,SPXW  210618P04040000,0.2935,2.6916360570843567,4179.0,0.9955926146515788,baseline_20210521,"99/96 monthly, no hedge",99/96,4110.0,3985.0,SPXW  210618P04110000,SPXW  210618P03985000,2341.9999999999995,23.419999999999995,2341.9999999999995,False,4187.25,0.0,0.0,2341.9999999999995,1162608.1973318285,2.8287304071334027,6624.886613506428,1169233.083945335
2021-06-18,2021-07-16,28,4162.443,2489.500000000001,6906.999999999995,4417.4999999999945,4050.0,SPXW  210716P04050000,0.296994,2.7013703250711285,4369.0,0.9890209394453889,baseline_20210618,"99/96 monthly, no hedge",99/96,4120.0,4000.0,SPXW  210716P04120000,SPXW  210716P04000000,2489.500000000001,24.89500000000001,2489.500000000001,False,4327.541,0.0,0.0,2489.500000000001,1169233.083945335,2.8379443785080944,7065.062530295903,1176298.1464756308
2021-07-16,2021-08-20,35,4322.606,2624.4999999999986,6671.999999999997,4047.4999999999986,4165.0,SPXW  210820P04165000,0.255006,3.6460875684714233,4039.0,0.9978999382334778,baseline_20210716,"99/96 monthly, no hedge",99/96,4280.0,4150.0,SPXW  210820P04280000,SPXW  210820P04150000,2624.4999999999986,26.244999999999987,2624.4999999999986,False,4441.1587,0.0,0.0,2624.4999999999986,1176298.1464756308,2.7483601553168944,7213.071227629185,1183511.21770326
2021-08-20,2021-09-17,28,4437.0,2272.0,7854.500000000003,5582.500000000003,4400.0,SPXW  210917P04400000,0.410463,0.8338967771016503,5479.0,0.9814599193909533,baseline_20210820,"99/96 monthly, no hedge",99/96,4395.0,4260.0,SPXW  210917P04395000,SPXW  210917P04260000,2272.0,22.72,2272.0,False,4464.33,0.0,0.0,2272.0,1183511.21770326,2.6928582882895564,6118.174030993872,1189629.3917342538
2021-09-17,2021-10-15,28,4431.0938,2557.0000000000005,7384.500000000002,4827.500000000002,4310.0,SPXW  211015P04310000,0.298967,2.7328196031417673,4809.0,0.9961677887105123,baseline_20210917,"99/96 monthly, no hedge",99/96,4385.0,4255.0,SPXW  211015P04385000,SPXW  211015P04255000,2557.0000000000005,25.570000000000004,2557.0000000000005,False,4472.2046,0.0,0.0,2557.0000000000005,1189629.3917342538,2.712951862563863,6937.017912575799,1196566.4096468296
2021-10-15,2021-11-19,35,4466.8735,2377.0,7726.999999999997,5349.999999999997,4410.0,SPXW  211119P04410000,0.377879,1.2732283553586132,5349.0,0.9998130841121501,baseline_20211015,"99/96 monthly, no hedge",99/96,4420.0,4290.0,SPXW  211119P04420000,SPXW  211119P04290000,2377.0,23.77,2377.0,False,4698.7915,0.0,0.0,2377.0,1196566.4096468296,2.707163822730384,6434.9284066301225,1203001.3380534598
2021-11-19,2021-12-17,28,4694.5,2544.5000000000005,8212.0,5667.5,4655.0,SPXW  211217P04655000,0.408156,0.8414101608264946,5621.5,0.991883546537274,baseline_20211119,"99/96 monthly, no hedge",99/96,4650.0,4505.0,SPXW  211217P04650000,SPXW  211217P04505000,2544.5000000000005,25.445000000000004,2544.5000000000005,False,4636.46,1353.9999999999964,0.0,1190.500000000004,1203001.3380534598,2.5870996517278706,3079.9421353820408,1206081.2801888417
2021-12-17,2022-01-21,35,4618.0864,3037.000000000001,6417.000000000002,3380.000000000001,4310.0,SPXW  220121P04310000,0.171437,6.671300043238693,3346.4999999999995,0.9900887573964493,baseline_20211217,"99/96 monthly, no hedge",99/96,4570.0,4435.0,SPXW  220121P04570000,SPXW  220121P04435000,3037.000000000001,30.370000000000008,3037.000000000001,False,4398.1626,13500.0,0.0,-10463.0,1206081.2801888417,2.639127527765518,-27613.19132301062,1178468.088865831
2022-01-21,2022-02-18,28,4389.3447,3681.999999999999,5886.999999999998,2204.999999999999,3890.0,SPXW  220218P03890000,0.100904,11.376292684418242,2179.0,0.9882086167800458,baseline_20220121,"99/96 monthly, no hedge",99/96,4345.0,4215.0,SPXW  220218P04345000,SPXW  220218P04215000,3681.999999999999,36.81999999999999,3681.999999999999,False,4347.7515,0.0,0.0,3681.999999999999,1178468.088865831,2.71223956010548,9986.466060308376,1188454.5549261393
2022-02-18,2022-03-18,28,4349.725,3612.0,6217.0,2605.0,3920.0,SPXW  220318P03920000,0.122446,9.87936018943727,2569.0,0.9861804222648752,baseline_20220218,"99/96 monthly, no hedge",99/96,4305.0,4175.0,SPXW  220318P04305000,SPXW  220318P04175000,3612.0,36.12,3612.0,False,4409.35,0.0,0.0,3612.0,1188454.5549261393,2.7606377582488717,9971.423582794925,1198425.9785089341
2022-03-18,2022-04-14,27,4461.01,3079.5,6769.499999999998,3689.999999999998,4215.0,SPXW  220414P04215000,0.200899,5.514670444585423,3689.0,0.9997289972899734,baseline_20220318,"99/96 monthly, no hedge",99/96,4415.0,4285.0,SPXW  220414P04415000,SPXW  220414P04285000,3079.5,30.795,3079.5,False,4392.842,2215.8000000000357,0.0,863.6999999999643,1198425.9785089341,2.7144416274268046,2344.463233608434,1200770.4417425427
2022-04-14,2022-05-20,36,4386.6816,3657.0,6409.5,2752.5,4020.0,SPXW  220520P04020000,0.139297,8.35897458342999,2719.0,0.9878292461398729,baseline_20220414,"99/96 monthly, no hedge",99/96,4345.0,4210.0,SPXW  220520P04345000,SPXW  220520P04210000,3657.0,36.57,3657.0,False,3899.1387,13500.0,0.0,-9843.0,1200770.4417425427,2.763568335425875,-27201.803125596885,1173568.6386169458
2022-05-20,2022-06-17,28,3896.9763,3817.0,6174.500000000004,2357.5000000000036,3515.0,SPXW  220617P03515000,0.124135,9.801863562783275,2339.0,0.9921527041357355,baseline_20220520,"99/96 monthly, no hedge",99/96,3860.0,3740.0,SPXW  220617P03860000,SPXW  220617P03740000,3817.0,38.17,3817.0,False,3667.25,12000.0,0.0,-8183.0,1173568.6386169458,3.040333260665663,-24879.04707202712,1148689.5915449187
2022-06-17,2022-07-15,28,3676.5195,3569.5,5792.0,2222.5,3285.0,SPXW  220715P03285000,0.117265,10.649188723193227,2189.0,0.9849268841394826,baseline_20220617,"99/96 monthly, no hedge",99/96,3640.0,3530.0,SPXW  220715P03640000,SPXW  220715P03530000,3569.5,35.695,3569.5,False,3860.3147,0.0,0.0,3569.5,1148689.5915449187,3.155740636112414,11264.416200603262,1159954.007745522
2022-07-15,2022-08-19,35,3861.6934,3592.0,6056.999999999996,2464.9999999999964,3530.0,SPXW  220819P03530000,0.13836,8.589325087279065,2431.4999999999995,0.9864097363083177,baseline_20220715,"99/96 monthly, no hedge",99/96,3825.0,3705.0,SPXW  220819P03825000,SPXW  220819P03705000,3592.0,35.92,3592.0,False,4228.0366,0.0,0.0,3592.0,1159954.007745522,3.032559497373914,10892.9537145671,1170846.961460089
2022-08-19,2022-09-16,28,4230.5405,3429.5,6829.500000000004,3400.0000000000036,4055.0,SPXW  220916P04055000,0.22666,4.149363420584207,3364.0,0.9894117647058813,baseline_20220819,"99/96 monthly, no hedge",99/96,4190.0,4060.0,SPXW  220916P04190000,SPXW  220916P04060000,3429.5,34.295,3429.5,False,3864.875,13000.0,0.0,-9570.5,1170846.961460089,2.7943841562293295,-26743.653567192796,1144103.3078928962
2022-09-16,2022-10-21,35,3882.8804,3817.0,5949.5,2132.5,3495.0,SPXW  221021P03495000,0.116161,9.989501608136065,2104.0,0.9866354044548652,baseline_20220916,"99/96 monthly, no hedge",99/96,3845.0,3730.0,SPXW  221021P03845000,SPXW  221021P03730000,3817.0,38.17,3817.0,False,3753.7642,9123.579999999993,0.0,-5306.579999999993,1144103.3078928962,2.975561268902201,-15790.05391833102,1128313.2539745653
2022-10-21,2022-11-18,28,3760.252,3977.0,6324.5,2347.5,3415.0,SPXW  221118P03415000,0.130596,9.181618678748126,2291.5,0.9761448349307774,baseline_20221021,"99/96 monthly, no hedge",99/96,3725.0,3610.0,SPXW  221118P03725000,SPXW  221118P03610000,3977.0,39.77,3977.0,False,3963.1184,0.0,0.0,3977.0,1128313.2539745653,3.0290288697303764,12046.447814917707,1140359.701789483
2022-11-18,2022-12-16,28,3969.875,3689.499999999999,6586.999999999996,2897.4999999999973,3745.0,SPXW  221216P03745000,0.187235,5.664536037028878,2874.0,0.9918895599654884,baseline_20221118,"99/96 monthly, no hedge",99/96,3930.0,3810.0,SPXW  221216P03930000,SPXW  221216P03810000,3689.499999999999,36.89499999999999,3689.499999999999,False,3870.0,6000.0,0.0,-2310.500000000001,1140359.701789483,2.90167863050759,-6704.32847578779,1133655.3733136952
2022-12-16,2023-01-20,35,3856.6917,3754.5,6094.499999999996,2339.9999999999964,3580.0,SPXW  230120P03580000,0.150686,7.1743276757123216,2336.5,0.9985042735042751,baseline_20221216,"99/96 monthly, no hedge",99/96,3820.0,3700.0,SPXW  230120P03820000,SPXW  230120P03700000,3754.5,37.545,3754.5,False,3968.5784,0.0,0.0,3754.5,1133655.3733136952,2.9676842233342806,11142.170416508556,1144797.5437302038
2023-01-20,2023-02-17,28,3977.2615,3107.0,6679.5,3572.5,3835.0,SPXW  230217P03835000,0.25288,3.576870668423493,3554.0000000000005,0.99482155353394,baseline_20230120,"99/96 monthly, no hedge",99/96,3935.0,3820.0,SPXW  230217P03935000,SPXW  230217P03820000,3107.0,31.07,3107.0,False,4077.011,0.0,0.0,3107.0,1144797.5437302038,2.9092694885138597,9039.100300812563,1153836.6440310164
2023-02-17,2023-03-17,28,4086.11,3076.999999999999,6799.499999999998,3722.499999999999,3940.0,SPXW  230317P03940000,0.253431,3.5757725562943765,3666.5,0.9849563465413032,baseline_20230217,"99/96 monthly, no hedge",99/96,4045.0,3925.0,SPXW  230317P04045000,SPXW  230317P03925000,3076.999999999999,30.769999999999992,3076.999999999999,False,3954.375,9062.5,0.0,-5985.500000000001,1153836.6440310164,2.8525009741187057,-17073.644580587516,1136762.9994504289
2023-03-17,2023-04-21,35,3930.4944,3264.499999999999,5954.5,2690.000000000001,3580.0,SPXW  230421P03580000,0.140227,8.917310758666897,2641.5,0.981970260223048,baseline_20230317,"99/96 monthly, no hedge",99/96,3890.0,3775.0,SPXW  230421P03890000,SPXW  230421P03775000,3264.499999999999,32.64499999999999,3264.499999999999,False,4133.559,0.0,0.0,3264.499999999999,1136762.9994504289,2.9222699214663983,9539.750158627055,1146302.749609056
2023-04-21,2023-05-19,28,4143.1504,2577.0,6824.500000000003,4247.500000000003,4070.0,SPXW  230519P04070000,0.337139,1.7655743320348805,4246.5,0.9997645673925832,baseline_20230421,"99/96 monthly, no hedge",99/96,4100.0,3975.0,SPXW  230519P04100000,SPXW  230519P03975000,2577.0,25.77,2577.0,False,4189.8813,0.0,0.0,2577.0,1146302.749609056,2.7958603649001366,7204.932160347652,1153507.6817694036
2023-05-19,2023-06-16,28,4200.9326,2397.0,7334.500000000002,4937.500000000002,4155.0,SPXW  230616P04155000,0.386764,1.0933905485653428,4804.000000000001,0.9729620253164555,baseline_20230519,"99/96 monthly, no hedge",99/96,4160.0,4035.0,SPXW  230616P04160000,SPXW  230616P04035000,2397.0,23.97,2397.0,False,4450.0,0.0,0.0,2397.0,1153507.6817694036,2.772855004253374,6646.533445195338,1160154.215214599
2023-06-16,2023-07-21,35,4432.05,2714.5,8442.0,5727.5,4420.0,SPXW  230721P04420000,0.462169,0.27188321431391715,5661.5,0.9884766477520733,baseline_20230616,"99/96 monthly, no hedge",99/96,4390.0,4255.0,SPXW  230721P04390000,SPXW  230721P04255000,2714.5,27.145,2714.5,False,4537.459,0.0,0.0,2714.5,1160154.215214599,2.64272030800592,7173.66427608207,1167327.879490681
2023-07-21,2023-08-18,28,4549.122,2474.4999999999995,8874.5,6400.0,4545.0,SPXW  230818P04545000,0.482165,0.0906108915083026,5361.5,0.837734375,baseline_20230721,"99/96 monthly, no hedge",99/96,4505.0,4365.0,SPXW  230818P04505000,SPXW  230818P04365000,2474.4999999999995,24.744999999999994,2474.4999999999995,False,4371.7134,13328.660000000036,0.0,-10854.160000000036,1167327.879490681,2.5911828623544526,-28125.1133772533,1139202.7661134277
2023-08-18,2023-09-15,28,4384.4487,2907.0,7004.500000000001,4097.500000000001,4290.0,SPXW  230915P04290000,0.309485,2.1541750505599477,4091.5,0.9985356924954238,baseline_20230818,"99/96 monthly, no hedge",99/96,4340.0,4210.0,SPXW  230915P04340000,SPXW  230915P04210000,2907.0,29.07,2907.0,False,4482.875,0.0,0.0,2907.0,1139202.7661134277,2.624891166159972,7630.558620027038,1146833.3247334547
2023-09-15,2023-10-20,35,4473.668,2656.999999999999,8357.000000000002,5700.000000000003,4455.0,SPXW  231020P04455000,0.446998,0.4172862179312342,5561.5,0.9757017543859644,baseline_20230915,"99/96 monthly, no hedge",99/96,4430.0,4295.0,SPXW  231020P04430000,SPXW  231020P04295000,2656.999999999999,26.56999999999999,2656.999999999999,False,4220.681,13500.0,0.0,-10843.0,1146833.3247334547,2.5887885434163764,-28070.23417626377,1118763.090557191
2023-10-20,2023-11-17,28,4232.39,3204.5000000000014,7024.500000000002,3820.0000000000005,4060.0,SPXW  231117P04060000,0.239812,4.073112354957842,3784.0000000000005,0.9905759162303664,baseline_20231020,"99/96 monthly, no hedge",99/96,4190.0,4065.0,SPXW  231117P04190000,SPXW  231117P04065000,3204.5000000000014,32.045000000000016,3204.5000000000014,False,4512.3643,0.0,0.0,3204.5000000000014,1118763.090557191,2.6700789750768283,8556.2680756337,1127319.3586328248
2023-11-17,2023-12-15,28,4525.423,2441.999999999999,8767.000000000004,6325.000000000005,4520.0,SPXW  231215P04520000,0.47856,0.11983410169612574,5354.000000000001,0.8464822134387348,baseline_20231117,"99/96 monthly, no hedge",99/96,4480.0,4345.0,SPXW  231215P04480000,SPXW  231215P04345000,2441.999999999999,24.41999999999999,2441.999999999999,False,4713.25,0.0,0.0,2441.999999999999,1127319.3586328248,2.5163378540911268,6144.897039690529,1133464.2556725154
2023-12-15,2024-01-19,35,4741.503,2631.9999999999995,9451.999999999998,6819.999999999998,4735.0,SPXW  240119P04735000,0.476429,0.1371506039329673,5616.5,0.8235337243401761,baseline_20231215,"99/96 monthly, no hedge",99/96,4695.0,4550.0,SPXW  240119P04695000,SPXW  240119P04550000,2631.9999999999995,26.319999999999997,2631.9999999999995,False,4842.912,0.0,0.0,2631.9999999999995,1133464.2556725154,2.4141943677795856,6354.159575995868,1139818.4152485111
2024-01-19,2024-02-16,28,4856.663,2691.999999999999,9519.5,6827.500000000001,4850.0,SPXW  240216P04850000,0.475839,0.1371929656226789,5594.0,0.8193335774441596,baseline_20240119,"99/96 monthly, no hedge",99/96,4810.0,4660.0,SPXW  240216P04810000,SPXW  240216P04660000,2691.999999999999,26.91999999999999,2691.999999999999,False,5000.3643,0.0,0.0,2691.999999999999,1139818.4152485111,2.3696848549865095,6379.191629623681,1146197.606878135
2024-02-16,2024-03-15,28,5015.2217,2752.0,9714.5,6962.5,5010.0,SPXW  240315P05010000,0.48051,0.10411703235372327,6121.5,0.8792100538599641,baseline_20240216,"99/96 monthly, no hedge",99/96,4965.0,4815.0,SPXW  240315P04965000,SPXW  240315P04815000,2752.0,27.52,2752.0,False,5117.125,0.0,0.0,2752.0,1146197.606878135,2.3085550994524366,6353.143633693106,1152550.7505118279
2024-03-15,2024-04-19,35,5144.714,3357.0000000000005,9379.5,6022.5,5100.0,SPXW  240419P05100000,0.403681,0.8691250864479527,5919.0,0.9828144458281445,baseline_20240315,"99/96 monthly, no hedge",99/96,5095.0,4940.0,SPXW  240419P05095000,SPXW  240419P04940000,3357.0000000000005,33.57000000000001,3357.0000000000005,False,4969.9985,12500.15000000003,0.0,-9143.15000000003,1152550.7505118279,2.262121198256777,-20682.913433841517,1131867.8370779864
2024-04-19,2024-05-17,28,4983.274,3694.5000000000014,8674.500000000004,4980.000000000002,4865.0,SPXW  240517P04865000,0.305803,2.3734195631225696,4966.5,0.9972891566265056,baseline_20240419,"99/96 monthly, no hedge",99/96,4935.0,4785.0,SPXW  240517P04935000,SPXW  240517P04785000,3694.5000000000014,36.945000000000014,3694.5000000000014,False,5305.7446,0.0,0.0,3694.5000000000014,1131867.8370779864,2.2935518481823434,8473.527303109671,1140341.364381096
2024-05-17,2024-06-21,35,5325.929,2947.0,10727.0,7780.0,5320.0,SPXW  240621P05320000,0.479536,0.11132330153106329,6289.0,0.8083547557840617,baseline_20240517,"99/96 monthly, no hedge",99/96,5275.0,5115.0,SPXW  240621P05275000,SPXW  240621P05115000,2947.0,29.47,2947.0,False,5465.625,0.0,0.0,2947.0,1140341.364381096,2.1617845770257746,6370.779148494958,1146712.1435295912
2024-06-21,2024-07-19,28,5492.558,2942.0,10467.0,7525.0,5490.0,SPXW  240719P05490000,0.487562,0.046572107203968205,6351.500000000001,0.8440531561461795,baseline_20240621,"99/96 monthly, no hedge",99/96,5440.0,5275.0,SPXW  240719P05440000,SPXW  240719P05275000,2942.0,29.42,2942.0,False,5509.5405,0.0,0.0,2942.0,1146712.1435295912,2.1079267344293955,6201.520452691281,1152913.6639822824
2024-07-19,2024-08-16,28,5523.1245,3577.0,10004.5,6427.5,5475.0,SPXW  240816P05475000,0.404199,0.8713274524229875,6401.5,0.995954881369117,baseline_20240719,"99/96 monthly, no hedge",99/96,5470.0,5300.0,SPXW  240816P05470000,SPXW  240816P05300000,3577.0,35.77,3577.0,False,5557.187,0.0,0.0,3577.0,1152913.6639822824,2.107703224830498,7539.2544352186915,1160452.918417501
2024-08-16,2024-09-20,35,5580.834,3439.5000000000014,10101.999999999996,6662.4999999999945,5530.0,SPXW  240920P05530000,0.402401,0.9108674438264908,6594.0,0.9897185741088188,baseline_20240816,"99/96 monthly, no hedge",99/96,5525.0,5360.0,SPXW  240920P05525000,SPXW  240920P05360000,3439.5000000000014,34.39500000000001,3439.5000000000014,False,5699.99,0.0,0.0,3439.5000000000014,1160452.918417501,2.100367273153848,7224.2132360126625,1167677.1316535138
2024-09-20,2024-10-18,28,5715.5938,3132.0000000000005,10572.0,7440.0,5710.0,SPXW  241018P05710000,0.481267,0.09786909629581064,7426.5,0.9981854838709677,baseline_20240920,"99/96 monthly, no hedge",99/96,5660.0,5485.0,SPXW  241018P05660000,SPXW  241018P05485000,3132.0000000000005,31.320000000000004,3132.0000000000005,False,5871.206,0.0,0.0,3132.0000000000005,1167677.1316535138,2.063033801507975,6461.4218663229785,1174138.5535198366
2024-10-18,2024-11-15,28,5884.9673,3644.499999999999,10309.499999999996,6664.999999999997,5810.0,SPXW  241115P05810000,0.372625,1.273877936416068,6529.000000000001,0.9795948987246818,baseline_20241018,"99/96 monthly, no hedge",99/96,5825.0,5650.0,SPXW  241115P05825000,SPXW  241115P05650000,3644.499999999999,36.44499999999999,3644.499999999999,False,5877.5796,0.0,0.0,3644.499999999999,1174138.5535198366,2.0156885038967154,7346.176752451577,1181484.7302722882
2024-11-15,2024-12-20,35,5900.0864,3586.9999999999986,10149.500000000004,6562.5000000000055,5815.0,SPXW  241220P05815000,0.361395,1.4421212543599404,6489.0,0.9887999999999991,baseline_20241115,"99/96 monthly, no hedge",99/96,5840.0,5665.0,SPXW  241220P05840000,SPXW  241220P05665000,3586.9999999999986,35.86999999999998,3586.9999999999986,False,5840.26,0.0,0.0,3586.9999999999986,1181484.7302722882,2.0230902915621374,7256.824875833384,1188741.5551481217
2024-12-20,2025-01-17,28,5958.2207,3644.5000000000014,9801.999999999998,6157.499999999996,5855.0,SPXW  250117P05855000,0.33951,1.7324081331864694,6156.5,0.999837596427122,baseline_20241220,"99/96 monthly, no hedge",99/96,5900.0,5720.0,SPXW  250117P05900000,SPXW  250117P05720000,3644.5000000000014,36.445000000000014,3644.5000000000014,False,6002.1567,0.0,0.0,3644.5000000000014,1188741.5551481217,2.0148161951663077,7342.997623283612,1196084.5527714053
2025-01-17,2025-02-21,35,6014.671,3759.499999999999,10731.999999999996,6972.499999999997,5950.0,SPXW  250221P05950000,0.388368,1.0752209056821282,6889.0,0.9880243814987455,baseline_20250117,"99/96 monthly, no hedge",99/96,5955.0,5775.0,SPXW  250221P05955000,SPXW  250221P05775000,3759.499999999999,37.59499999999999,3759.499999999999,False,6014.735,0.0,0.0,3759.499999999999,1196084.5527714053,2.008538291807566,7551.099708050542,1203635.6524794558
2025-02-21,2025-03-21,28,6032.968,3731.999999999998,10177.0,6445.000000000002,5940.0,SPXW  250321P05940000,0.352191,1.5409993886922657,6359.0,0.9866563227307988,baseline_20250221,"99/96 monthly, no hedge",99/96,5975.0,5790.0,SPXW  250321P05975000,SPXW  250321P05790000,3731.999999999998,37.31999999999998,3731.999999999998,False,5617.8,18500.0,0.0,-14768.000000000002,1203635.6524794558,2.014452974861014,-29749.44153274746,1173886.2109467085
2025-03-21,2025-04-17,27,5684.454,4419.499999999999,9509.5,5090.000000000001,5510.0,SPXW  250417P05510000,0.26839,3.0689666940747484,5041.5,0.9904715127701373,baseline_20250321,"99/96 monthly, no hedge",99/96,5630.0,5455.0,SPXW  250417P05630000,SPXW  250417P05455000,4419.499999999999,44.19499999999999,4419.499999999999,False,5285.833,17500.0,0.0,-13080.5,1173886.2109467085,2.0850554368502814,-27273.567641720107,1146612.6433049883
2025-04-17,2025-05-16,29,5308.6445,4714.500000000004,7796.999999999998,3082.4999999999945,4735.0,SPXW  250516P04735000,0.114001,10.80585637256366,3046.5000000000005,0.9883211678832136,baseline_20250417,"99/96 monthly, no hedge",99/96,5255.0,5095.0,SPXW  250516P05255000,SPXW  250516P05095000,4714.500000000004,47.14500000000004,4714.500000000004,False,5958.24,0.0,0.0,4714.500000000004,1146612.6433049883,2.1819460386393685,10286.78459916531,1156899.4279041535
2025-05-16,2025-06-20,35,5972.6177,4047.0,10084.500000000002,6037.500000000002,5825.0,SPXW  250620P05825000,0.302626,2.471574566039947,5996.5,0.9932091097308485,baseline_20250516,"99/96 monthly, no hedge",99/96,5915.0,5735.0,SPXW  250620P05915000,SPXW  250620P05735000,4047.0,40.47,4047.0,False,6010.21,0.0,0.0,4047.0,1156899.4279041535,1.955873927141426,7915.421783141352,1164814.8496872948
2025-06-20,2025-07-18,28,5987.8823,3921.999999999998,9782.0,5860.000000000002,5810.0,SPXW  250718P05810000,0.280468,2.9707046846929486,5819.0,0.993003412969283,baseline_20250620,"99/96 monthly, no hedge",99/96,5930.0,5750.0,SPXW  250718P05930000,SPXW  250718P05750000,3921.999999999998,39.219999999999985,3921.999999999998,False,6300.6978,0.0,0.0,3921.999999999998,1164814.8496872948,1.9642746200460284,7703.88505982052,1172518.7347471153
2025-07-18,2025-08-15,28,6313.7744,3704.500000000001,11601.999999999996,7897.499999999995,6280.0,SPXW  250815P06280000,0.435596,0.5349320051726947,7819.0,0.9900601456157018,baseline_20250718,"99/96 monthly, no hedge",99/96,6250.0,6060.0,SPXW  250815P06250000,SPXW  250815P06060000,3704.500000000001,37.04500000000001,3704.500000000001,False,6452.1484,0.0,0.0,3704.500000000001,1172518.7347471153,1.8760299755953844,6949.753044593103,1179468.4877917084
2025-08-15,2025-09-19,35,6468.3867,3662.0000000000005,11424.499999999998,7762.499999999998,6420.0,SPXW  250919P06420000,0.41585,0.7480489686864322,7721.499999999999,0.994718196457327,baseline_20250815,"99/96 monthly, no hedge",99/96,6405.0,6210.0,SPXW  250919P06405000,SPXW  250919P06210000,3662.0000000000005,36.620000000000005,3662.0000000000005,False,6658.77,0.0,0.0,3662.0000000000005,1179468.4877917084,1.8414808552563753,6743.502891948847,1186211.9906836574
2025-09-19,2025-10-17,28,6682.283,3576.9999999999995,12256.999999999998,8679.999999999998,6675.0,SPXW  251017P06675000,0.480423,0.10898969708407202,8581.500000000002,0.9886520737327193,baseline_20250919,"99/96 monthly, no hedge",99/96,6615.0,6415.0,SPXW  251017P06615000,SPXW  251017P06415000,3576.9999999999995,35.769999999999996,3576.9999999999995,False,6670.6597,0.0,0.0,3576.9999999999995,1186211.9906836574,1.7932154054174714,6414.331505178295,1192626.3221888356
2025-10-17,2025-11-21,35,6693.9653,4432.0,10056.999999999998,5624.999999999998,6360.0,SPXW  251121P06360000,0.213138,4.989050361524883,5619.0,0.9989333333333337,baseline_20251017,"99/96 monthly, no hedge",99/96,6625.0,6425.0,SPXW  251121P06625000,SPXW  251121P06425000,4432.0,44.32,4432.0,False,6606.0654,1893.459999999959,0.0,2538.540000000041,1192626.3221888356,1.800190675002016,4569.856036119691,1197196.1782249552
2025-11-21,2025-12-19,28,6627.4106,4794.500000000002,9999.500000000005,5205.000000000004,6255.0,SPXW  251219P06255000,0.194128,5.619247432775632,5144.0,0.9882804995196919,baseline_20251121,"99/96 monthly, no hedge",99/96,6560.0,6360.0,SPXW  251219P06560000,SPXW  251219P06360000,4794.500000000002,47.94500000000002,4794.500000000002,False,6796.54,0.0,0.0,4794.500000000002,1197196.1782249552,1.8249941741234073,8749.93456783468,1205946.11279279
2025-12-19,2026-01-16,28,6854.353,3619.500000000001,12854.499999999998,9234.999999999996,6850.0,SPXW  260116P06850000,0.48542,0.06350708812341566,8616.5,0.9330265295073095,baseline_20251219,"99/96 monthly, no hedge",99/96,6785.0,6580.0,SPXW  260116P06785000,SPXW  260116P06580000,3619.500000000001,36.19500000000001,3619.500000000001,False,6946.174,0.0,0.0,3619.500000000001,1205946.11279279,1.7773708368353573,6433.193743925577,1212379.3065367155
2026-01-16,2026-02-20,35,6960.925,4102.0,12129.5,8027.5,6875.0,SPXW  260220P06875000,0.377305,1.234390544360131,7948.999999999999,0.9902211149174711,baseline_20260116,"99/96 monthly, no hedge",99/96,6890.0,6680.0,SPXW  260220P06890000,SPXW  260220P06680000,4102.0,41.02,4102.0,False,6909.921,0.0,0.0,4102.0,1212379.3065367155,1.7596216350315175,7217.9679468992845,1219597.2744836148
2026-02-20,2026-03-20,28,6927.8823,4294.5,10844.499999999998,6549.999999999998,6725.0,SPXW  260320P06725000,0.27804,2.928489417321656,6469.0,0.9876335877862599,baseline_20260220,"99/96 monthly, no hedge",99/96,6860.0,6650.0,SPXW  260320P06860000,SPXW  260320P06650000,4294.5,42.945,4294.5,False,6594.63,21000.0,0.0,-16705.5,1219597.2744836148,1.7778385925417126,-29699.68260770558,1189897.5918759094
2026-03-20,2026-04-17,28,6541.365,5407.0,9706.999999999996,4299.999999999996,6005.0,SPXW  260417P06005000,0.145361,8.199588312225348,4299.0,0.999767441860466,baseline_20260320,"99/96 monthly, no hedge",99/96,6475.0,6280.0,SPXW  260417P06475000,SPXW  260417P06280000,5407.0,54.07,5407.0,False,7131.107,0.0,0.0,5407.0,1189897.5918759094,1.837679678572833,9936.33402204331,1199833.9258979526
2026-04-17,2026-05-15,28,7145.1294,4559.5,12529.500000000004,7970.000000000004,7050.0,SPXW  260515P07050000,0.368118,1.3313880641545817,7844.0,0.9841907151819318,baseline_20260417,"99/96 monthly, no hedge",99/96,7075.0,6860.0,SPXW  260515P07075000,SPXW  260515P06860000,4559.5,45.595,4559.5,False,7414.7095,0.0,0.0,4559.5,1199833.9258979526,1.6958783404918059,7732.357293472389,1207566.283191425
2026-05-15,2026-06-18,34,7419.315,5139.5,12271.999999999995,7132.4999999999945,7190.0,SPXW  260618P07190000,0.274583,3.0907839874705356,7086.499999999999,0.993550648440239,baseline_20260515,"99/96 monthly, no hedge",99/96,7345.0,7125.0,SPXW  260618P07345000,SPXW  260618P07125000,5139.5,51.395,5139.5,False,7508.43,0.0,0.0,5139.5,1207566.283191425,1.6440657361353643,8449.675850867705,1216015.9590422928
2026-06-18,2026-07-17,29,7532.8125,4589.5,13059.5,8470.0,7450.0,SPXW  260717P07450000,0.385276,1.0993569798796954,8459.0,0.9987012987012988,baseline_20260618,"99/96 monthly, no hedge",99/96,7455.0,7230.0,SPXW  260717P07455000,SPXW  260717P07230000,4589.5,45.895,4589.5,False,7464.086,0.0,0.0,4589.5,1216015.9590422928,1.6311414608213184,7486.12373443944,1223502.0827767323
2026-07-17,2026-08-21,35,7471.133,4897.0,11927.000000000002,7030.000000000002,7215.0,SPXW  260821P07215000,0.261418,3.42830197240499,6946.499999999999,0.9881223328591746,baseline_20260717,"99/96 monthly, no hedge",99/96,7395.0,7170.0,SPXW  260821P07395000,SPXW  260821P07170000,4897.0,48.97,4897.0,False,7675.85,0.0,0.0,4897.0,1223502.0827767323,1.6544990977372986,8102.082081619551,1231604.164858352
2026-08-21,2026-09-18,28,7691.032,4307.0,14204.500000000002,9897.500000000002,7680.0,SPXW  260918P07680000,0.476499,0.14343978805445579,9871.499999999998,0.9973730740085877,baseline_20260821,"99/96 monthly, no hedge",99/96,7615.0,7385.0,SPXW  260918P07615000,SPXW  260918P07385000,4307.0,43.07,4307.0,False,7657.35,0.0,0.0,4307.0,1231604.164858352,1.6173396780805671,6965.8819934930025,1238570.046851845
2016-10-21,2016-11-18,28,2139.5032,1364.4999999999995,3562.000000000001,2197.5000000000014,2115.0,SPXW  161118P02115000,0.381138,1.1452752209017536,2131.5,0.9699658703071666,hedged_20161021,"103/100 monthly, surplus-funded put",103/100 + put,2200.0,2140.0,SPXW  161118P02200000,SPXW  161118P02140000,3562.000000000001,35.62000000000001,1430.500000000001,True,2183.4185,1658.1499999999778,0.0,-227.6499999999769,1000000.0,4.545454545454546,-1034.7727272726224,998965.2272727274
2016-12-16,2017-01-20,35,2261.932,1239.5,4489.5,3250.0,2255.0,SPXW  170120P02255000,0.471314,0.30646367795317264,2631.5,0.8096923076923077,hedged_20161216,"103/100 monthly, surplus-funded put",103/100 + put,2330.0,2260.0,SPXW  170120P02330000,SPXW  170120P02260000,4489.5,44.895,1858.0,True,2270.498,5950.199999999995,0.0,-4092.1999999999953,998965.2272727274,4.287404408895826,-17544.916322083478,981420.310950644
2017-01-20,2017-02-17,28,2270.498,999.5,4779.500000000001,3780.000000000001,2265.0,SPXW  170217P02265000,0.47276,0.24214951962080455,2101.4999999999995,0.5559523809523808,hedged_20170120,"103/100 monthly, surplus-funded put",103/100 + put,2340.0,2270.0,SPXW  170217P02340000,SPXW  170217P02270000,4779.500000000001,47.79500000000001,2678.0000000000014,True,2350.1245,0.0,0.0,2678.0000000000014,981420.310950644,4.19410389295147,11231.810225324043,992652.121175968
2017-02-17,2017-03-17,28,2350.1245,972.0,4694.499999999998,3722.499999999998,2345.0,SPXW  170317P02345000,0.475389,0.2180522776559224,2251.5000000000005,0.6048354600402959,hedged_20170217,"103/100 monthly, surplus-funded put",103/100 + put,2420.0,2350.0,SPXW  170317P02420000,SPXW  170317P02350000,4694.499999999998,46.94499999999998,2442.9999999999977,True,2379.9404,4005.9600000000046,0.0,-1562.9600000000069,992652.121175968,4.101868269322182,-6411.0560302198255,986241.0651457482
2017-03-17,2017-04-21,35,2379.9404,1007.0000000000005,4462.0,3454.9999999999995,2375.0,SPXW  170421P02375000,0.476688,0.20758503028058817,2379.0,0.6885672937771347,hedged_20170317,"103/100 monthly, surplus-funded put",103/100 + put,2450.0,2380.0,SPXW  170421P02450000,SPXW  170421P02380000,4462.0,44.62,2083.0,True,2350.7163,7000.0,2428.3699999999953,-2488.6300000000047,986241.0651457482,4.025473735288768,-10017.914701851707,976223.1504438965
2017-04-21,2017-05-19,28,2350.7163,1199.5,4237.0,3037.5,2345.0,SPXW  170519P02345000,0.4724,0.2431726874059681,2939.0,0.9675720164609054,hedged_20170421,"103/100 monthly, surplus-funded put",103/100 + put,2420.0,2350.0,SPXW  170519P02420000,SPXW  170519P02350000,4237.0,42.37,1298.0,True,2383.1675,3683.249999999998,0.0,-2385.249999999998,976223.1504438965,4.033979960511969,-9622.050700811167,966601.0997430853
2017-05-19,2017-06-16,28,2383.1675,1019.5,4762.000000000001,3742.500000000001,2380.0,SPXW  170616P02380000,0.484923,0.13291134592932075,2401.4999999999995,0.6416833667334667,hedged_20170519,"103/100 monthly, surplus-funded put",103/100 + put,2455.0,2385.0,SPXW  170616P02455000,SPXW  170616P02385000,4762.000000000001,47.62000000000001,2360.5000000000014,True,2435.2048,1979.5200000000023,0.0,380.9799999999991,966601.0997430853,3.937275355368983,1500.0231648884717,968101.1229079738
2017-06-16,2017-07-21,35,2435.2048,937.0000000000002,5104.5,4167.5,2430.0,SPXW  170721P02430000,0.471632,0.21373151038467375,2266.5,0.5438512297540492,hedged_20170616,"103/100 monthly, surplus-funded put",103/100 + put,2510.0,2435.0,SPXW  170721P02510000,SPXW  170721P02435000,5104.5,51.045,2838.0,True,2464.7412,4525.8800000000065,0.0,-1687.8800000000065,968101.1229079738,3.8569765852907323,-6510.113638780546,961591.0092691933
2017-07-21,2017-08-18,28,2464.7412,654.5000000000002,5182.000000000001,4527.500000000001,2460.0,SPXW  170818P02460000,0.435642,0.19236096674165593,1536.5,0.3393705135284373,hedged_20170721,"103/100 monthly, surplus-funded put",103/100 + put,2540.0,2465.0,SPXW  170818P02540000,SPXW  170818P02465000,5182.000000000001,51.82000000000001,3645.500000000001,True,2428.136,7500.0,3186.4000000000033,-668.0999999999958,961591.0092691933,3.785791375075564,-2529.2872176879687,959061.7220515053
2017-08-18,2017-09-15,28,2428.136,1252.0000000000005,4174.499999999999,2922.4999999999986,2420.0,SPXW  170915P02420000,0.458292,0.33507184111598587,2781.5,0.9517536355859714,hedged_20170818,"103/100 monthly, surplus-funded put",103/100 + put,2500.0,2430.0,SPXW  170915P02500000,SPXW  170915P02430000,4174.499999999999,41.74499999999999,1392.999999999999,True,2501.47,0.0,0.0,1392.999999999999,959061.7220515053,3.836246888206021,5343.891915270984,964405.6139667763
2017-09-15,2017-10-20,35,2501.47,826.9999999999999,5216.999999999999,4389.999999999999,2495.0,SPXW  171020P02495000,0.462458,0.25864791502595574,2066.5,0.4707289293849659,hedged_20170915,"103/100 monthly, surplus-funded put",103/100 + put,2575.0,2500.0,SPXW  171020P02575000,SPXW  171020P02500000,5216.999999999999,52.16999999999999,3150.499999999999,True,2576.7188,0.0,0.0,3150.499999999999,964405.6139667763,3.7452645202593255,11799.455871077002,976205.0698378533
2017-10-20,2017-11-17,28,2576.7188,719.5000000000003,6044.499999999999,5324.999999999999,2570.0,SPXW  171117P02570000,0.453773,0.26075022233703615,1751.5,0.3289201877934273,hedged_20171020,"103/100 monthly, surplus-funded put",103/100 + put,2655.0,2575.0,SPXW  171117P02655000,SPXW  171117P02575000,6044.499999999999,60.44499999999999,4292.999999999999,True,2577.6365,7736.349999999993,0.0,-3443.349999999994,976205.0698378533,3.676855253626566,-12660.699537575014,963544.3703002783
2017-11-17,2017-12-15,28,2577.6365,894.5000000000001,5296.999999999999,4402.499999999999,2575.0,SPXW  171215P02575000,0.486335,0.10228362300115368,2299.0,0.5222032935831915,hedged_20171117,"103/100 monthly, surplus-funded put",103/100 + put,2655.0,2580.0,SPXW  171215P02655000,SPXW  171215P02580000,5296.999999999999,52.96999999999999,2997.999999999999,True,2684.536,0.0,0.0,2997.999999999999,963544.3703002783,3.6291690030142307,10880.248671036661,974424.618971315
2017-12-15,2018-01-19,35,2684.536,927.0,5874.499999999998,4947.499999999998,2680.0,SPXW  180119P02680000,0.472145,0.16896774712650275,2151.4999999999995,0.4348660939868621,hedged_20171215,"103/100 monthly, surplus-funded put",103/100 + put,2765.0,2685.0,SPXW  180119P02765000,SPXW  180119P02685000,5874.499999999998,58.74499999999998,3722.9999999999986,True,2812.081,0.0,0.0,3722.9999999999986,974424.618971315,3.5241396707823327,13120.37199432262,987544.9909656376
2018-01-19,2018-02-16,28,2812.081,1147.0000000000002,5914.5,4767.5,2805.0,SPXW  180216P02805000,0.458054,0.25180640244716335,2504.0,0.5252228631358155,hedged_20180119,"103/100 monthly, surplus-funded put",103/100 + put,2895.0,2810.0,SPXW  180216P02895000,SPXW  180216P02810000,5914.5,59.145,3410.5,True,2735.582,8500.0,6941.800000000012,1852.300000000012,987544.9909656376,3.4112089497949487,6318.582337705225,993863.5733033428
2018-02-16,2018-03-16,28,2735.582,1594.5000000000005,5077.0,3482.4999999999995,2710.0,SPXW  180316P02710000,0.404433,0.9351574911664051,3424.0,0.9832017229002155,hedged_20180216,"103/100 monthly, surplus-funded put",103/100 + put,2820.0,2735.0,SPXW  180316P02820000,SPXW  180316P02735000,5077.0,50.77,1653.0,True,2753.758,6624.200000000019,0.0,-4971.200000000019,993863.5733033428,3.524338912423201,-17520.193601438285,976343.3797019045
2018-03-16,2018-04-20,35,2753.758,1394.5,4809.499999999998,3414.999999999998,2740.0,SPXW  180420P02740000,0.438301,0.49960817181465833,3406.5000000000005,0.9975109809663257,hedged_20180316,"103/100 monthly, surplus-funded put",103/100 + put,2835.0,2755.0,SPXW  180420P02835000,SPXW  180420P02755000,4809.499999999998,48.094999999999985,1402.9999999999977,True,2671.2083,8000.0,6879.170000000022,282.1700000000201,976343.3797019045,3.443891991893843,971.7630033527548,977315.1427052573
2018-04-20,2018-05-18,28,2671.2083,1627.0,4567.0,2940.0,2635.0,SPXW  180518P02635000,0.363547,1.3555026764479505,2854.0,0.9707482993197278,hedged_20180420,"103/100 monthly, surplus-funded put",103/100 + put,2750.0,2670.0,SPXW  180518P02750000,SPXW  180518P02670000,4567.0,45.67,1713.0,True,2712.9102,3708.9800000000196,0.0,-1995.9800000000196,977315.1427052573,3.5538732462009355,-7093.459921952212,970221.6827833051
2018-05-18,2018-06-15,28,2712.9102,1307.0,5177.0,3870.0,2710.0,SPXW  180615P02710000,0.478466,0.10727225692910292,3066.5,0.7923772609819122,hedged_20180518,"103/100 monthly, surplus-funded put",103/100 + put,2795.0,2715.0,SPXW  180615P02795000,SPXW  180615P02715000,5177.0,51.77,2110.5,True,2781.4343,1356.5700000000106,0.0,753.9299999999894,970221.6827833051,3.471276145915224,2617.0992246898277,972838.782007995
2018-06-15,2018-07-20,35,2781.4343,1267.0,5504.5,4237.5,2775.0,SPXW  180720P02775000,0.437599,0.23133028883695061,2846.5000000000005,0.6717404129793512,hedged_20180615,"103/100 monthly, surplus-funded put",103/100 + put,2865.0,2780.0,SPXW  180720P02865000,SPXW  180720P02780000,5504.5,55.045,2657.9999999999995,True,2799.096,6590.4,0.0,-3932.4,972838.782007995,3.395597842959843,-13352.848957655286,959485.9330503397
2018-07-20,2018-08-17,28,2800.0964,1094.5,5707.0,4612.5,2795.0,SPXW  180817P02795000,0.466783,0.18200801943818457,2649.0,0.5743089430894309,hedged_20180720,"103/100 monthly, surplus-funded put",103/100 + put,2885.0,2800.0,SPXW  180817P02885000,SPXW  180817P02800000,5707.0,57.07,3058.0,True,2851.56,3344.0000000000055,0.0,-286.00000000000546,959485.9330503397,3.3257744646458915,-951.1714968887431,958534.761553451
2018-08-17,2018-09-21,35,2852.25,1234.5,5964.5,4730.0,2845.0,SPXW  180921P02845000,0.459143,0.2541852923130916,2944.0,0.6224101479915434,hedged_20180817,"103/100 monthly, surplus-funded put",103/100 + put,2940.0,2850.0,SPXW  180921P02940000,SPXW  180921P02850000,5964.5,59.645,3020.5,True,2929.681,1031.899999999996,0.0,1988.600000000004,958534.761553451,3.260322318209017,6483.476961990464,965018.2385154414
2018-09-21,2018-10-19,28,2931.413,1024.5000000000002,6269.5,5245.0,2925.0,SPXW  181019P02925000,0.458707,0.2187682186031159,2489.0,0.4745471877979028,hedged_20180921,"103/100 monthly, surplus-funded put",103/100 + put,3020.0,2930.0,SPXW  181019P03020000,SPXW  181019P02930000,6269.5,62.695,3780.5,True,2765.3765,9000.0,15962.350000000015,10742.850000000015,965018.2385154414,3.1954246308458325,34327.9674954822,999346.2060109236
2018-10-19,2018-11-16,28,2766.504,1917.0,4454.500000000003,2537.5000000000027,2665.0,SPXW  181116P02665000,0.249956,3.669034998684262,2469.0,0.9730049261083733,hedged_20181019,"103/100 monthly, surplus-funded put",103/100 + put,2850.0,2765.0,SPXW  181116P02850000,SPXW  181116P02765000,4454.500000000003,44.54500000000003,1985.5000000000027,True,2741.9958,8500.0,0.0,-6514.499999999997,999346.2060109236,3.5064779158278023,-22842.95038266021,976503.2556282633
2018-11-16,2018-12-21,35,2743.0,2019.5,4346.999999999998,2327.499999999998,2630.0,SPXW  181221P02630000,0.232862,4.119577105359095,2319.0,0.996348012889367,hedged_20181116,"103/100 monthly, surplus-funded put",103/100 + put,2825.0,2745.0,SPXW  181221P02825000,SPXW  181221P02745000,4346.999999999998,43.469999999999985,2027.9999999999982,True,2409.7803,8000.0,22021.97000000001,16049.970000000007,976503.2556282633,3.456648692489428,55479.10781499457,1031982.3634432579
2018-12-21,2019-01-18,28,2411.6863,2209.5,3699.499999999998,1489.9999999999982,2155.0,SPXW  190118P02155000,0.117513,10.643436503329639,1456.5,0.9775167785234912,hedged_20181221,"103/100 monthly, surplus-funded put",103/100 + put,2485.0,2410.0,SPXW  190118P02485000,SPXW  190118P02410000,3699.499999999998,36.99499999999998,2242.999999999998,True,2669.3652,0.0,0.0,2242.999999999998,1031982.3634432579,4.152846532970857,9314.834773453626,1041297.1982167115
2019-01-18,2019-02-15,28,2670.6636,1646.9999999999993,4729.500000000002,3082.5000000000027,2635.0,SPXW  190215P02635000,0.368572,1.335383460500228,2976.5,0.9656123276561224,hedged_20190118,"103/100 monthly, surplus-funded put",103/100 + put,2750.0,2670.0,SPXW  190215P02750000,SPXW  190215P02670000,4729.500000000002,47.295000000000016,1753.0000000000018,True,2775.9978,0.0,0.0,1753.0000000000018,1041297.1982167115,3.7865352662425873,6637.796321723263,1047934.9945384348
2019-02-15,2019-03-15,28,2777.0,1574.4999999999998,5202.0,3627.5,2770.0,SPXW  190315P02770000,0.463801,0.25207057976233127,3451.500000000001,0.9514817367332876,hedged_20190215,"103/100 monthly, surplus-funded put",103/100 + put,2860.0,2775.0,SPXW  190315P02860000,SPXW  190315P02775000,5202.0,52.02,1750.499999999999,True,2824.827,3517.2999999999774,0.0,-1766.7999999999784,1047934.9945384348,3.66410837251201,-6473.74667255414,1041461.2478658806
2019-03-15,2019-04-18,34,2826.768,1529.4999999999998,5197.000000000002,3667.500000000002,2820.0,SPXW  190418P02820000,0.464176,0.23942537909018569,3341.5,0.9111111111111106,hedged_20190315,"103/100 monthly, surplus-funded put",103/100 + put,2910.0,2825.0,SPXW  190418P02910000,SPXW  190418P02825000,5197.000000000002,51.97000000000002,1855.5000000000018,True,2906.686,331.3999999999851,0.0,1524.1000000000167,1041461.2478658806,3.5789046318415143,5454.608549389712,1046915.8564152704
2019-04-18,2019-05-17,29,2908.3357,1374.5,5664.5,4290.0,2905.0,SPXW  190517P02905000,0.478103,0.11469446254089855,3099.0,0.7223776223776224,hedged_20190418,"103/100 monthly, surplus-funded put",103/100 + put,2995.0,2910.0,SPXW  190517P02995000,SPXW  190517P02910000,5664.5,56.645,2565.5,True,2860.6995,8500.0,4430.049999999983,-1504.450000000017,1046915.8564152704,3.4955454304349596,-5258.873322817934,1041656.9830924524
2019-05-17,2019-06-21,35,2862.0,1914.5,4759.5,2845.0,2785.0,SPXW  190621P02785000,0.289219,2.6904262753319363,2749.0,0.9662565905096661,hedged_20190517,"103/100 monthly, surplus-funded put",103/100 + put,2950.0,2860.0,SPXW  190621P02950000,SPXW  190621P02860000,4759.5,47.595,2010.5,True,2953.9,0.0,0.0,2010.5,1041656.9830924524,3.531040620652381,7099.157167821612,1048756.140260274
2019-06-21,2019-07-19,28,2948.2878,1806.9999999999995,5192.000000000002,3385.0000000000023,2920.0,SPXW  190719P02920000,0.393781,0.959465354773037,3241.5,0.9576070901033967,hedged_20190621,"103/100 monthly, surplus-funded put",103/100 + put,3035.0,2950.0,SPXW  190719P03035000,SPXW  190719P02950000,5192.000000000002,51.920000000000016,1950.5000000000018,True,2974.8926,6010.739999999987,0.0,-4060.2399999999852,1048756.140260274,3.455539177134346,-14030.318388567906,1034725.8218717062
2019-07-19,2019-08-16,28,2975.8484,1564.5000000000007,5337.0,3772.499999999999,2970.0,SPXW  190816P02970000,0.469852,0.19652882855187848,3679.0,0.975215374420146,hedged_20190719,"103/100 monthly, surplus-funded put",103/100 + put,3065.0,2975.0,SPXW  190816P03065000,SPXW  190816P02975000,5337.0,53.37,1658.0,True,2890.8984,9000.0,7910.159999999996,568.1599999999962,1034725.8218717062,3.3759406912616843,1918.0744631472257,1036643.8963348534
2019-08-16,2019-09-20,35,2891.5,2239.5,4427.0,2187.5,2735.0,SPXW  190920P02735000,0.194393,5.412415701193152,2163.9999999999995,0.9892571428571426,hedged_20190816,"103/100 monthly, surplus-funded put",103/100 + put,2980.0,2890.0,SPXW  190920P02980000,SPXW  190920P02890000,4427.0,44.27,2263.0000000000005,True,3013.61,0.0,0.0,2263.0000000000005,1036643.8963348534,3.478670793069978,7872.232004717362,1044516.1283395707
2019-09-20,2019-10-18,28,2988.3555,1712.0000000000007,5209.5,3497.499999999999,2960.0,SPXW  191018P02960000,0.39683,0.9488663581023071,3406.5000000000005,0.9739814152966408,hedged_20190920,"103/100 monthly, surplus-funded put",103/100 + put,3080.0,2990.0,SPXW  191018P03080000,SPXW  191018P02990000,5209.5,52.095,1802.9999999999995,True,2988.246,9000.0,0.0,-7197.0,1044516.1283395707,3.3912861309726323,-24407.086284610035,1020109.0420549607
2019-10-18,2019-11-15,28,2988.468,1737.0,5352.0,3615.0,2975.0,SPXW  191115P02975000,0.442172,0.4506656922543595,3571.4999999999995,0.9879668049792529,hedged_20191018,"103/100 monthly, surplus-funded put",103/100 + put,3080.0,2990.0,SPXW  191115P03080000,SPXW  191115P02990000,5352.0,53.52,1780.5000000000005,True,3118.5403,0.0,0.0,1780.5000000000005,1020109.0420549607,3.312042344334288,5897.0913940872015,1026006.1334490479
2019-11-15,2019-12-20,35,3118.25,1512.0,5594.5,4082.5,3115.0,SPXW  191220P03115000,0.480679,0.10422512627275005,3864.0,0.9464788732394366,hedged_20191115,"103/100 monthly, surplus-funded put",103/100 + put,3210.0,3120.0,SPXW  191220P03210000,SPXW  191220P03120000,5594.5,55.945,1730.5,True,3231.02,0.0,0.0,1730.5,1026006.1334490479,3.196280789560897,5531.163906335132,1031537.297355383
2019-12-20,2020-01-17,28,3225.613,1277.0,6334.500000000001,5057.500000000001,3220.0,SPXW  200117P03220000,0.468154,0.17401343558572924,3086.5,0.6102817597627285,hedged_20191220,"103/100 monthly, surplus-funded put",103/100 + put,3320.0,3225.0,SPXW  200117P03320000,SPXW  200117P03225000,6334.500000000001,63.345000000000006,3248.000000000001,True,3324.9531,0.0,0.0,3248.000000000001,1031537.297355383,3.1070400522752504,10091.666089790016,1041628.9634451731
2020-01-17,2020-02-21,35,3325.3462,1584.5000000000005,6279.5,4695.0,3320.0,SPXW  200221P03320000,0.473197,0.16077123037595564,3871.4999999999995,0.8246006389776357,hedged_20200117,"103/100 monthly, surplus-funded put",103/100 + put,3425.0,3325.0,SPXW  200221P03425000,SPXW  200221P03325000,6279.5,62.795,2408.0000000000005,True,3339.6414,8535.860000000002,0.0,-6127.860000000002,1041628.9634451731,3.041252448015104,-18636.369226093844,1022992.5942190792
2020-02-21,2020-03-20,28,3339.25,2002.0000000000005,5324.5,3322.4999999999995,3265.0,SPXW  200320P03265000,0.309729,2.223553193082284,3249.0,0.9778781038374719,hedged_20200221,"103/100 monthly, surplus-funded put",103/100 + put,3440.0,3340.0,SPXW  200320P03440000,SPXW  200320P03340000,5324.5,53.245,2075.5,True,2437.98,10000.0,82702.0,74777.5,1022992.5942190792,2.9738156808694165,222374.50207621278,1245367.096295292
2020-03-20,2020-04-17,28,2294.2344,2357.000000000002,2889.5,532.4999999999982,1300.0,SPXW  200417P01300000,0.015583,43.336217084008496,419.00000000000006,0.7868544600938995,hedged_20200320,"103/100 monthly, surplus-funded put",103/100 + put,2365.0,2295.0,SPXW  200417P02365000,SPXW  200417P02295000,2889.5,28.895,2470.5,True,2875.9666,0.0,0.0,2470.5,1245367.096295292,5.265822817316245,13009.215270179782,1258376.3115654718
2020-04-17,2020-05-15,28,2873.9485,2476.999999999999,3849.5,1372.500000000001,2355.0,SPXW  200515P02355000,0.070669,18.056986755329817,1369.0,0.9974499089253182,hedged_20200417,"103/100 monthly, surplus-funded put",103/100 + put,2960.0,2875.0,SPXW  200515P02960000,SPXW  200515P02875000,3849.5,38.495,2480.5,True,2851.5916,8500.0,0.0,-6019.5,1258376.3115654718,4.251271322856324,-25590.52772793364,1232785.7838375382
2020-05-15,2020-06-19,35,2846.5,2417.0,3707.0,1290.0,2355.0,SPXW  200619P02355000,0.070814,17.266818900404,1289.0,0.9992248062015504,hedged_20200515,"103/100 monthly, surplus-funded put",103/100 + put,2930.0,2845.0,SPXW  200619P02930000,SPXW  200619P02845000,3707.0,37.07,2418.0,True,3161.26,0.0,0.0,2418.0,1232785.7838375382,4.2074600130974,10173.638311669512,1242959.4221492077
2020-06-19,2020-07-17,28,3068.494,2677.0,4027.000000000002,1350.0000000000018,2560.0,SPXW  200717P02560000,0.071068,16.57145166325892,1329.0,0.9844444444444431,hedged_20200619,"103/100 monthly, surplus-funded put",103/100 + put,3160.0,3070.0,SPXW  200717P03160000,SPXW  200717P03070000,4027.000000000002,40.27000000000002,2698.000000000002,True,3223.3735,0.0,0.0,2698.000000000002,1242959.4221492077,3.9334158928772394,10612.356078982799,1253571.7782281905
2020-07-17,2020-08-21,35,3218.2795,2499.5,4781.999999999998,2282.499999999998,2920.0,SPXW  200821P02920000,0.139551,9.268290712475412,2251.5,0.986418400876233,hedged_20200717,"103/100 monthly, surplus-funded put",103/100 + put,3315.0,3220.0,SPXW  200821P03315000,SPXW  200821P03220000,4781.999999999998,47.81999999999998,2530.499999999998,True,3396.6716,0.0,0.0,2530.499999999998,1253571.7782281905,3.781513659813546,9569.12031615817,1263140.8985443488
2020-08-21,2020-09-18,28,3392.5,2116.9999999999995,5664.5,3547.5000000000005,3285.0,SPXW  200918P03285000,0.280105,3.16875460574797,3541.5,0.9983086680761099,hedged_20200821,"103/100 monthly, surplus-funded put",103/100 + put,3495.0,3390.0,SPXW  200918P03495000,SPXW  200918P03390000,5664.5,56.645,2123.0,True,3353.6,10500.0,0.0,-8377.0,1263140.8985443488,3.6141370487678075,-30275.626057527923,1232865.2724868208
2020-09-18,2020-10-16,28,3325.3396,2694.5,5172.000000000002,2477.500000000002,3100.0,SPXW  201016P03100000,0.171771,6.776438713206911,2466.5,0.9955600403632687,hedged_20200918,"103/100 monthly, surplus-funded put",103/100 + put,3425.0,3325.0,SPXW  201016P03425000,SPXW  201016P03325000,5172.000000000002,51.72000000000002,2705.500000000002,True,3471.2793,0.0,0.0,2705.500000000002,1232865.2724868208,3.599606634998017,9738.735750987142,1242604.008237808
2020-10-16,2020-11-20,35,3466.3809,2502.0,4454.5,1952.5,3055.0,SPXW  201120P03055000,0.105328,11.867735020118541,1944.0,0.9956466069142126,hedged_20201016,"103/100 monthly, surplus-funded put",103/100 + put,3570.0,3465.0,SPXW  201120P03570000,SPXW  201120P03465000,4454.5,44.545,2510.5,True,3558.3684,1163.1600000000162,0.0,1347.3399999999838,1242604.008237808,3.480683496464448,4689.664102126353,1247293.6723399344
2020-11-20,2020-12-18,28,3554.25,2781.9999999999995,5786.999999999999,3004.9999999999995,3345.0,SPXW  201218P03345000,0.19471,5.887317999577968,2944.0,0.9797004991680534,hedged_20201120,"103/100 monthly, surplus-funded put",103/100 + put,3660.0,3555.0,SPXW  201218P03660000,SPXW  201218P03555000,5786.999999999999,57.86999999999999,2842.999999999999,True,3726.25,0.0,0.0,2842.999999999999,1247293.6723399344,3.407906208579056,9688.677350990252,1256982.3496909246
2020-12-18,2021-01-15,28,3715.6113,2451.9999999999986,5794.499999999997,3342.4999999999986,3570.0,SPXW  210115P03570000,0.24217,3.9189056185720994,3286.5,0.9832460732984297,hedged_20201218,"103/100 monthly, surplus-funded put",103/100 + put,3825.0,3715.0,SPXW  210115P03825000,SPXW  210115P03715000,5794.499999999997,57.94499999999997,2507.9999999999973,True,3771.3953,5360.469999999987,0.0,-2852.4699999999893,1256982.3496909246,3.286228365205032,-9373.867824896362,1247608.4818660282
2021-01-15,2021-02-19,35,3766.4573,2874.500000000002,5814.499999999998,2939.9999999999964,3455.0,SPXW  210219P03455000,0.156586,8.269237513989601,2891.5,0.9835034013605455,hedged_20210115,"103/100 monthly, surplus-funded put",103/100 + put,3880.0,3765.0,SPXW  210219P03880000,SPXW  210219P03765000,5814.499999999998,58.14499999999998,2922.999999999998,True,3907.0725,0.0,0.0,2922.999999999998,1247608.4818660282,3.215485778005227,9398.864929109273,1257007.3467951375
2021-02-19,2021-03-19,28,3903.0,2492.0000000000005,6094.500000000001,3602.5000000000005,3730.0,SPXW  210319P03730000,0.232112,4.432487829874454,3549.0,0.985149201943095,hedged_20210219,"103/100 monthly, surplus-funded put",103/100 + put,4020.0,3905.0,SPXW  210319P04020000,SPXW  210319P03905000,6094.500000000001,60.94500000000001,2545.500000000001,True,3912.62,10738.000000000011,0.0,-8192.500000000011,1257007.3467951375,3.126883947251586,-25616.99673785865,1231390.3500572788
2021-03-19,2021-04-16,28,3908.5752,2569.5000000000005,6527.000000000002,3957.5000000000014,3785.0,SPXW  210416P03785000,0.275664,3.1616431481221174,3886.5,0.982059380922299,hedged_20210319,"103/100 monthly, surplus-funded put",103/100 + put,4025.0,3910.0,SPXW  210416P04025000,SPXW  210416P03910000,6527.000000000002,65.27000000000002,2640.500000000002,True,4185.2163,0.0,0.0,2640.500000000002,1231390.3500572788,3.0593549069746055,8078.2266318664515,1239468.5766891453
2021-04-16,2021-05-21,35,4180.366,2562.0,7481.999999999999,4919.999999999999,4115.0,SPXW  210521P04115000,0.357174,1.563642992025105,4789.0,0.9733739837398376,hedged_20210416,"103/100 monthly, surplus-funded put",103/100 + put,4305.0,4180.0,SPXW  210521P04305000,SPXW  210521P04180000,7481.999999999999,74.82,2692.999999999999,True,4155.865,12500.0,0.0,-9807.0,1239468.5766891453,2.8791372280816385,-28235.69879579663,1211232.8778933487
2021-05-21,2021-06-18,28,4151.75,2341.9999999999995,6539.499999999997,4197.499999999998,4040.0,SPXW  210618P04040000,0.2935,2.6916360570843567,4179.0,0.9955926146515788,hedged_20210521,"103/100 monthly, surplus-funded put",103/100 + put,4275.0,4150.0,SPXW  210618P04275000,SPXW  210618P04150000,6539.499999999997,65.39499999999997,2360.4999999999973,True,4187.25,8775.0,0.0,-6414.500000000003,1211232.8778933487,2.8332932816218683,-18174.159754963483,1193058.718138385
2021-06-18,2021-07-16,28,4162.443,2489.500000000001,6906.999999999995,4417.4999999999945,4050.0,SPXW  210716P04050000,0.296994,2.7013703250711285,4369.0,0.9890209394453889,hedged_20210618,"103/100 monthly, surplus-funded put",103/100 + put,4290.0,4160.0,SPXW  210716P04290000,SPXW  210716P04160000,6906.999999999995,69.06999999999995,2537.9999999999955,True,4327.541,0.0,0.0,2537.9999999999955,1193058.718138385,2.7810226530032285,7058.235493322181,1200116.9536317072
2021-07-16,2021-08-20,35,4322.606,2624.4999999999986,6671.999999999997,4047.4999999999986,4165.0,SPXW  210820P04165000,0.255006,3.6460875684714233,4039.0,0.9978999382334778,hedged_20210716,"103/100 monthly, surplus-funded put",103/100 + put,4450.0,4325.0,SPXW  210820P04450000,SPXW  210820P04325000,6671.999999999997,66.71999999999997,2632.9999999999973,True,4441.1587,884.1300000000047,0.0,1748.8699999999926,1200116.9536317072,2.69689203063305,4716.513565613202,1204833.4671973204
2021-08-20,2021-09-17,28,4437.0,2272.0,7854.500000000003,5582.500000000003,4400.0,SPXW  210917P04400000,0.410463,0.8338967771016503,5479.0,0.9814599193909533,hedged_20210820,"103/100 monthly, surplus-funded put",103/100 + put,4570.0,4435.0,SPXW  210917P04570000,SPXW  210917P04435000,7854.500000000003,78.54500000000003,2375.5000000000027,True,4464.33,10567.000000000007,0.0,-8191.500000000005,1204833.4671973204,2.636397083582758,-21596.046710168175,1183237.4204871522
2021-09-17,2021-10-15,28,4431.0938,2557.0000000000005,7384.500000000002,4827.500000000002,4310.0,SPXW  211015P04310000,0.298967,2.7328196031417673,4809.0,0.9961677887105123,hedged_20210917,"103/100 monthly, surplus-funded put",103/100 + put,4565.0,4430.0,SPXW  211015P04565000,SPXW  211015P04430000,7384.500000000002,73.84500000000001,2575.500000000002,True,4472.2046,9279.539999999997,0.0,-6704.039999999995,1183237.4204871522,2.5919768247254154,-17376.71631203216,1165860.70417512
2021-10-15,2021-11-19,35,4466.8735,2377.0,7726.999999999997,5349.999999999997,4410.0,SPXW  211119P04410000,0.377879,1.2732283553586132,5349.0,0.9998130841121501,hedged_20211015,"103/100 monthly, surplus-funded put",103/100 + put,4600.0,4465.0,SPXW  211119P04600000,SPXW  211119P04465000,7726.999999999997,77.26999999999997,2377.9999999999973,True,4698.7915,0.0,0.0,2377.9999999999973,1165860.70417512,2.5344797916850434,6026.992944627026,1171887.697119747
2021-11-19,2021-12-17,28,4694.5,2544.5000000000005,8212.0,5667.5,4655.0,SPXW  211217P04655000,0.408156,0.8414101608264946,5621.5,0.991883546537274,hedged_20211119,"103/100 monthly, surplus-funded put",103/100 + put,4835.0,4695.0,SPXW  211217P04835000,SPXW  211217P04695000,8212.0,82.12,2590.5,True,4636.46,14000.0,1853.9999999999964,-9555.500000000004,1171887.697119747,2.4237594562973053,-23160.23348464891,1148727.4636350982
2021-12-17,2022-01-21,35,4618.0864,3037.000000000001,6417.000000000002,3380.000000000001,4310.0,SPXW  220121P04310000,0.171437,6.671300043238693,3346.4999999999995,0.9900887573964493,hedged_20211217,"103/100 monthly, surplus-funded put",103/100 + put,4755.0,4620.0,SPXW  220121P04755000,SPXW  220121P04620000,6417.000000000002,64.17000000000002,3070.5000000000023,True,4398.1626,13500.0,0.0,-10429.499999999998,1148727.4636350982,2.4158306280443704,-25195.90553518876,1123531.5580999095
2022-01-21,2022-02-18,28,4389.3447,3681.999999999999,5886.999999999998,2204.999999999999,3890.0,SPXW  220218P03890000,0.100904,11.376292684418242,2179.0,0.9882086167800458,hedged_20220121,"103/100 monthly, surplus-funded put",103/100 + put,4520.0,4390.0,SPXW  220218P04520000,SPXW  220218P04390000,5886.999999999998,58.86999999999998,3707.999999999998,True,4347.7515,13000.0,0.0,-9292.000000000002,1123531.5580999095,2.485689287831658,-23097.02486253177,1100434.5332373776
2022-02-18,2022-03-18,28,4349.725,3612.0,6217.0,2605.0,3920.0,SPXW  220318P03920000,0.122446,9.87936018943727,2569.0,0.9861804222648752,hedged_20220218,"103/100 monthly, surplus-funded put",103/100 + put,4480.0,4350.0,SPXW  220318P04480000,SPXW  220318P04350000,6217.0,62.17,3648.0,True,4409.35,7064.999999999964,0.0,-3416.9999999999636,1100434.5332373776,2.4563270831191466,-8393.269643018035,1092041.2635943596
2022-03-18,2022-04-14,27,4461.01,3079.5,6769.499999999998,3689.999999999998,4215.0,SPXW  220414P04215000,0.200899,5.514670444585423,3689.0,0.9997289972899734,hedged_20220318,"103/100 monthly, surplus-funded put",103/100 + put,4595.0,4460.0,SPXW  220414P04595000,SPXW  220414P04460000,6769.499999999998,67.69499999999998,3080.499999999998,True,4392.842,13500.0,0.0,-10419.500000000002,1092041.2635943596,2.3765859925883777,-24762.837749774604,1067278.425844585
2022-04-14,2022-05-20,36,4386.6816,3657.0,6409.5,2752.5,4020.0,SPXW  220520P04020000,0.139297,8.35897458342999,2719.0,0.9878292461398729,hedged_20220414,"103/100 monthly, surplus-funded put",103/100 + put,4520.0,4385.0,SPXW  220520P04520000,SPXW  220520P04385000,6409.5,64.095,3690.5,True,3899.1387,13500.0,12086.130000000003,2276.630000000003,1067278.425844585,2.361235455408374,5375.659474846373,1072654.0853194315
2022-05-20,2022-06-17,28,3896.9763,3817.0,6174.500000000004,2357.5000000000036,3515.0,SPXW  220617P03515000,0.124135,9.801863562783275,2339.0,0.9921527041357355,hedged_20220520,"103/100 monthly, surplus-funded put",103/100 + put,4015.0,3895.0,SPXW  220617P04015000,SPXW  220617P03895000,6174.500000000004,61.74500000000003,3835.5000000000036,True,3667.25,12000.0,0.0,-8164.499999999996,1072654.0853194315,2.6716166508578616,-21812.414145929,1050841.6711735025
2022-06-17,2022-07-15,28,3676.5195,3569.5,5792.0,2222.5,3285.0,SPXW  220715P03285000,0.117265,10.649188723193227,2189.0,0.9849268841394826,hedged_20220617,"103/100 monthly, surplus-funded put",103/100 + put,3785.0,3675.0,SPXW  220715P03785000,SPXW  220715P03675000,5792.0,57.92,3603.0,True,3860.3147,0.0,0.0,3603.0,1050841.6711735025,2.776332024236466,10003.124283323988,1060844.7954568265
2022-07-15,2022-08-19,35,3861.6934,3592.0,6056.999999999996,2464.9999999999964,3530.0,SPXW  220819P03530000,0.13836,8.589325087279065,2431.4999999999995,0.9864097363083177,hedged_20220715,"103/100 monthly, surplus-funded put",103/100 + put,3980.0,3860.0,SPXW  220819P03980000,SPXW  220819P03860000,6056.999999999996,60.569999999999965,3625.499999999997,True,4228.0366,0.0,0.0,3625.499999999997,1060844.7954568265,2.6654391845648906,9663.549763640003,1070508.3452204664
2022-08-19,2022-09-16,28,4230.5405,3429.5,6829.500000000004,3400.0000000000036,4055.0,SPXW  220916P04055000,0.22666,4.149363420584207,3364.0,0.9894117647058813,hedged_20220819,"103/100 monthly, surplus-funded put",103/100 + put,4355.0,4230.0,SPXW  220916P04355000,SPXW  220916P04230000,6829.500000000004,68.29500000000003,3465.5000000000036,True,3864.875,12500.0,19012.5,9978.000000000004,1070508.3452204664,2.4581133070504393,24527.05457774929,1095035.3997982156
2022-09-16,2022-10-21,35,3882.8804,3817.0,5949.5,2132.5,3495.0,SPXW  221021P03495000,0.116161,9.989501608136065,2104.0,0.9866354044548652,hedged_20220916,"103/100 monthly, surplus-funded put",103/100 + put,4000.0,3885.0,SPXW  221021P04000000,SPXW  221021P03885000,5949.5,59.495,3845.5,True,3753.7642,11500.0,0.0,-7654.5,1095035.3997982156,2.737588499495539,-20954.871169388603,1074080.528628827
2022-10-21,2022-11-18,28,3760.252,3977.0,6324.5,2347.5,3415.0,SPXW  221118P03415000,0.130596,9.181618678748126,2291.5,0.9761448349307774,hedged_20221021,"103/100 monthly, surplus-funded put",103/100 + put,3875.0,3760.0,SPXW  221118P03875000,SPXW  221118P03760000,6324.5,63.245,4033.0,True,3963.1184,0.0,0.0,4033.0,1074080.528628827,2.7718207190421342,11178.752959896927,1085259.2815887239
2022-11-18,2022-12-16,28,3969.875,3689.499999999999,6586.999999999996,2897.4999999999973,3745.0,SPXW  221216P03745000,0.187235,5.664536037028878,2874.0,0.9918895599654884,hedged_20221118,"103/100 monthly, surplus-funded put",103/100 + put,4090.0,3970.0,SPXW  221216P04090000,SPXW  221216P03970000,6586.999999999996,65.86999999999996,3712.9999999999964,True,3870.0,12000.0,0.0,-8287.000000000004,1085259.2815887239,2.6534456762560485,-21989.104319133883,1063270.17726959
2022-12-16,2023-01-20,35,3856.6917,3754.5,6094.499999999996,2339.9999999999964,3580.0,SPXW  230120P03580000,0.150686,7.1743276757123216,2336.5,0.9985042735042751,hedged_20221216,"103/100 monthly, surplus-funded put",103/100 + put,3970.0,3855.0,SPXW  230120P03970000,SPXW  230120P03855000,6094.499999999996,60.944999999999965,3757.9999999999964,True,3968.5784,142.1600000000126,0.0,3615.839999999984,1063270.17726959,2.6782624112584132,9684.168357124578,1072954.3456267146
2023-01-20,2023-02-17,28,3977.2615,3107.0,6679.5,3572.5,3835.0,SPXW  230217P03835000,0.25288,3.576870668423493,3554.0000000000005,0.99482155353394,hedged_20230120,"103/100 monthly, surplus-funded put",103/100 + put,4095.0,3975.0,SPXW  230217P04095000,SPXW  230217P03975000,6679.5,66.795,3125.4999999999995,True,4077.011,1798.9000000000033,0.0,1326.5999999999963,1072954.3456267146,2.620157132177569,3475.9004515467536,1076430.2460782614
2023-02-17,2023-03-17,28,4086.11,3076.999999999999,6799.499999999998,3722.499999999999,3940.0,SPXW  230317P03940000,0.253431,3.5757725562943765,3666.5,0.9849563465413032,hedged_20230217,"103/100 monthly, surplus-funded put",103/100 + put,4210.0,4085.0,SPXW  230317P04210000,SPXW  230317P04085000,6799.499999999998,67.99499999999998,3132.999999999998,True,3954.375,12500.0,0.0,-9367.000000000002,1076430.2460782614,2.5568414396158228,-23949.933764881418,1052480.31231338
2023-03-17,2023-04-21,35,3930.4944,3264.499999999999,5954.5,2690.000000000001,3580.0,SPXW  230421P03580000,0.140227,8.917310758666897,2641.5,0.981970260223048,hedged_20230317,"103/100 monthly, surplus-funded put",103/100 + put,4050.0,3930.0,SPXW  230421P04050000,SPXW  230421P03930000,5954.5,59.545,3313.0,True,4133.559,0.0,0.0,3313.0,1052480.31231338,2.5987168205268643,8609.548826405502,1061089.8611397855
2023-04-21,2023-05-19,28,4143.1504,2577.0,6824.500000000003,4247.500000000003,4070.0,SPXW  230519P04070000,0.337139,1.7655743320348805,4246.5,0.9997645673925832,hedged_20230421,"103/100 monthly, surplus-funded put",103/100 + put,4265.0,4145.0,SPXW  230519P04265000,SPXW  230519P04145000,6824.500000000003,68.24500000000003,2578.0000000000027,True,4189.8813,7511.869999999999,0.0,-4933.869999999996,1061089.8611397855,2.4879011984520174,-12274.981086006446,1048814.880053779
2023-05-19,2023-06-16,28,4200.9326,2397.0,7334.500000000002,4937.500000000002,4155.0,SPXW  230616P04155000,0.386764,1.0933905485653428,4804.000000000001,0.9729620253164555,hedged_20230519,"103/100 monthly, surplus-funded put",103/100 + put,4325.0,4200.0,SPXW  230616P04325000,SPXW  230616P04200000,7334.500000000002,73.34500000000001,2530.500000000001,True,4450.0,0.0,0.0,2530.500000000001,1048814.880053779,2.425005503014518,6136.4764253782405,1054951.3564791575
2023-06-16,2023-07-21,35,4432.05,2714.5,8442.0,5727.5,4420.0,SPXW  230721P04420000,0.462169,0.27188321431391715,5661.5,0.9884766477520733,hedged_20230616,"103/100 monthly, surplus-funded put",103/100 + put,4565.0,4430.0,SPXW  230721P04565000,SPXW  230721P04430000,8442.0,84.42,2780.5,True,4537.459,2754.1000000000167,0.0,26.399999999983265,1054951.3564791575,2.310955873995964,61.009235073454775,1055012.3657142308
2023-07-21,2023-08-18,28,4549.122,2474.4999999999995,8874.5,6400.0,4545.0,SPXW  230818P04545000,0.482165,0.0906108915083026,5361.5,0.837734375,hedged_20230721,"103/100 monthly, surplus-funded put",103/100 + put,4685.0,4550.0,SPXW  230818P04685000,SPXW  230818P04550000,8874.5,88.745,3513.0,True,4371.7134,13500.0,17328.660000000036,7341.660000000036,1055012.3657142308,2.25189405702077,16532.64052266719,1071545.006236898
2023-08-18,2023-09-15,28,4384.4487,2907.0,7004.500000000001,4097.500000000001,4290.0,SPXW  230915P04290000,0.309485,2.1541750505599477,4091.5,0.9985356924954238,hedged_20230818,"103/100 monthly, surplus-funded put",103/100 + put,4515.0,4385.0,SPXW  230915P04515000,SPXW  230915P04385000,7004.500000000001,70.04500000000002,2913.000000000001,True,4482.875,3212.5,0.0,-299.4999999999991,1071545.006236898,2.3733001245556986,-710.8033873044295,1070834.2028495935
2023-09-15,2023-10-20,35,4473.668,2656.999999999999,8357.000000000002,5700.000000000003,4455.0,SPXW  231020P04455000,0.446998,0.4172862179312342,5561.5,0.9757017543859644,hedged_20230915,"103/100 monthly, surplus-funded put",103/100 + put,4610.0,4475.0,SPXW  231020P04610000,SPXW  231020P04475000,8357.000000000002,83.57000000000002,2795.500000000002,True,4220.681,13500.0,23431.90000000004,12727.400000000043,1070834.2028495935,2.32285076540042,29563.850831557404,1100398.0536811508
2023-10-20,2023-11-17,28,4232.39,3204.5000000000014,7024.500000000002,3820.0000000000005,4060.0,SPXW  231117P04060000,0.239812,4.073112354957842,3784.0000000000005,0.9905759162303664,hedged_20231020,"103/100 monthly, surplus-funded put",103/100 + put,4360.0,4230.0,SPXW  231117P04360000,SPXW  231117P04230000,7024.500000000002,70.24500000000002,3240.5000000000014,True,4512.3643,0.0,0.0,3240.5000000000014,1100398.0536811508,2.5238487469751165,8178.5318645728685,1108576.5855457236
2023-11-17,2023-12-15,28,4525.423,2441.999999999999,8767.000000000004,6325.000000000005,4520.0,SPXW  231215P04520000,0.47856,0.11983410169612574,5354.000000000001,0.8464822134387348,hedged_20231117,"103/100 monthly, surplus-funded put",103/100 + put,4660.0,4525.0,SPXW  231215P04660000,SPXW  231215P04525000,8767.000000000004,87.67000000000003,3413.0000000000027,True,4713.25,0.0,0.0,3413.0000000000027,1108576.5855457236,2.37891971147151,8119.25297525227,1116695.8385209758
2023-12-15,2024-01-19,35,4741.503,2631.9999999999995,9451.999999999998,6819.999999999998,4735.0,SPXW  240119P04735000,0.476429,0.1371506039329673,5616.5,0.8235337243401761,hedged_20231215,"103/100 monthly, surplus-funded put",103/100 + put,4885.0,4740.0,SPXW  240119P04885000,SPXW  240119P04740000,9451.999999999998,94.51999999999998,3835.499999999998,True,4842.912,4208.799999999974,0.0,-373.2999999999756,1116695.8385209758,2.285968963195447,-853.3522139608046,1115842.486307015
2024-01-19,2024-02-16,28,4856.663,2691.999999999999,9519.5,6827.500000000001,4850.0,SPXW  240216P04850000,0.475839,0.1371929656226789,5594.0,0.8193335774441596,hedged_20240119,"103/100 monthly, surplus-funded put",103/100 + put,5000.0,4855.0,SPXW  240216P05000000,SPXW  240216P04855000,9519.5,95.195,3925.5,True,5000.3643,0.0,0.0,3925.5,1115842.486307015,2.2316849726140298,8760.479359996374,1124602.9656670112
2024-02-16,2024-03-15,28,5015.2217,2752.0,9714.5,6962.5,5010.0,SPXW  240315P05010000,0.48051,0.10411703235372327,6121.5,0.8792100538599641,hedged_20240216,"103/100 monthly, surplus-funded put",103/100 + put,5165.0,5015.0,SPXW  240315P05165000,SPXW  240315P05015000,9714.5,97.145,3593.0,True,5117.125,4787.5,0.0,-1194.5,1124602.9656670112,2.1773532733146395,-2600.8484849743368,1122002.1171820369
2024-03-15,2024-04-19,35,5144.714,3357.0000000000005,9379.5,6022.5,5100.0,SPXW  240419P05100000,0.403681,0.8691250864479527,5919.0,0.9828144458281445,hedged_20240315,"103/100 monthly, surplus-funded put",103/100 + put,5300.0,5145.0,SPXW  240419P05300000,SPXW  240419P05145000,9379.5,93.795,3460.5,True,4969.9985,15500.0,13000.15000000003,960.6500000000306,1122002.1171820369,2.11698512675856,2033.6817620206755,1124035.7989440574
2024-04-19,2024-05-17,28,4983.274,3694.5000000000014,8674.500000000004,4980.000000000002,4865.0,SPXW  240517P04865000,0.305803,2.3734195631225696,4966.5,0.9972891566265056,hedged_20240419,"103/100 monthly, surplus-funded put",103/100 + put,5135.0,4985.0,SPXW  240517P05135000,SPXW  240517P04985000,8674.500000000004,86.74500000000003,3708.0000000000036,True,5305.7446,0.0,0.0,3708.0000000000036,1124035.7989440574,2.1889694234548345,8116.698622170534,1132152.497566228
2024-05-17,2024-06-21,35,5325.929,2947.0,10727.0,7780.0,5320.0,SPXW  240621P05320000,0.479536,0.11132330153106329,6289.0,0.8083547557840617,hedged_20240517,"103/100 monthly, surplus-funded put",103/100 + put,5490.0,5325.0,SPXW  240621P05490000,SPXW  240621P05325000,10727.0,107.27,4438.0,True,5465.625,2437.5,0.0,2000.5,1132152.497566228,2.062208556586936,4125.448217452165,1136277.9457836803
2024-06-21,2024-07-19,28,5492.558,2942.0,10467.0,7525.0,5490.0,SPXW  240719P05490000,0.487562,0.046572107203968205,6351.500000000001,0.8440531561461795,hedged_20240621,"103/100 monthly, surplus-funded put",103/100 + put,5655.0,5495.0,SPXW  240719P05655000,SPXW  240719P05495000,10467.0,104.67,4115.499999999999,True,5509.5405,14545.949999999993,0.0,-10430.449999999993,1136277.9457836803,2.0093332374600887,-20958.24986666557,1115319.6959170147
2024-07-19,2024-08-16,28,5523.1245,3577.0,10004.5,6427.5,5475.0,SPXW  240816P05475000,0.404199,0.8713274524229875,6401.5,0.995954881369117,hedged_20240719,"103/100 monthly, surplus-funded put",103/100 + put,5690.0,5525.0,SPXW  240816P05690000,SPXW  240816P05525000,10004.5,100.045,3603.0,True,5557.187,13281.30000000001,0.0,-9678.30000000001,1115319.6959170147,1.9601400631230488,-18970.823572923822,1096348.8723440908
2024-08-16,2024-09-20,35,5580.834,3439.5000000000014,10101.999999999996,6662.4999999999945,5530.0,SPXW  240920P05530000,0.402401,0.9108674438264908,6594.0,0.9897185741088188,hedged_20240816,"103/100 monthly, surplus-funded put",103/100 + put,5750.0,5580.0,SPXW  240920P05750000,SPXW  240920P05580000,10101.999999999996,101.01999999999997,3507.9999999999964,True,5699.99,5001.000000000022,0.0,-1493.0000000000255,1096348.8723440908,1.9066936910332015,-2846.6936807126185,1093502.178663378
2024-09-20,2024-10-18,28,5715.5938,3132.0000000000005,10572.0,7440.0,5710.0,SPXW  241018P05710000,0.481267,0.09786909629581064,7426.5,0.9981854838709677,hedged_20240920,"103/100 monthly, surplus-funded put",103/100 + put,5885.0,5715.0,SPXW  241018P05885000,SPXW  241018P05715000,10572.0,105.72,3145.5,True,5871.206,1379.399999999987,0.0,1766.100000000013,1093502.178663378,1.8581175508298693,3281.6214065206564,1096783.8000698988
2024-10-18,2024-11-15,28,5884.9673,3644.499999999999,10309.499999999996,6664.999999999997,5810.0,SPXW  241115P05810000,0.372625,1.273877936416068,6529.000000000001,0.9795948987246818,hedged_20241018,"103/100 monthly, surplus-funded put",103/100 + put,6060.0,5885.0,SPXW  241115P06060000,SPXW  241115P05885000,10309.499999999996,103.09499999999997,3780.4999999999955,True,5877.5796,17500.0,0.0,-13719.500000000004,1096783.8000698988,1.809874257541087,-24830.56987633495,1071953.230193564
2024-11-15,2024-12-20,35,5900.0864,3586.9999999999986,10149.500000000004,6562.5000000000055,5815.0,SPXW  241220P05815000,0.361395,1.4421212543599404,6489.0,0.9887999999999991,hedged_20241115,"103/100 monthly, surplus-funded put",103/100 + put,6075.0,5900.0,SPXW  241220P06075000,SPXW  241220P05900000,10149.500000000004,101.49500000000003,3660.5000000000036,True,5840.26,17500.0,0.0,-13839.499999999996,1071953.230193564,1.7645320661622452,-24420.241529652387,1047532.9886639116
2024-12-20,2025-01-17,28,5958.2207,3644.5000000000014,9801.999999999998,6157.499999999996,5855.0,SPXW  250117P05855000,0.33951,1.7324081331864694,6156.5,0.999837596427122,hedged_20241220,"103/100 monthly, surplus-funded put",103/100 + put,6135.0,5960.0,SPXW  250117P06135000,SPXW  250117P05960000,9801.999999999998,98.01999999999998,3645.499999999998,True,6002.1567,13284.330000000045,0.0,-9638.830000000047,1047532.9886639116,1.707470234171005,-16458.01531723459,1031074.973346677
2025-01-17,2025-02-21,35,6014.671,3759.499999999999,10731.999999999996,6972.499999999997,5950.0,SPXW  250221P05950000,0.388368,1.0752209056821282,6889.0,0.9880243814987455,hedged_20250117,"103/100 monthly, surplus-funded put",103/100 + put,6195.0,6015.0,SPXW  250221P06195000,SPXW  250221P06015000,10731.999999999996,107.31999999999996,3842.9999999999964,True,6014.735,18000.0,0.0,-14157.000000000004,1031074.973346677,1.6643663815119887,-23562.43486306523,1007512.5384836118
2025-02-21,2025-03-21,28,6032.968,3731.999999999998,10177.0,6445.000000000002,5940.0,SPXW  250321P05940000,0.352191,1.5409993886922657,6359.0,0.9866563227307988,hedged_20250221,"103/100 monthly, surplus-funded put",103/100 + put,6215.0,6035.0,SPXW  250321P06215000,SPXW  250321P06035000,10177.0,101.77,3818.0,True,5617.8,18000.0,32219.99999999998,18037.99999999998,1007512.5384836118,1.6210982115585064,29241.36954009231,1036753.9080237041
2025-03-21,2025-04-17,27,5684.454,4419.499999999999,9509.5,5090.000000000001,5510.0,SPXW  250417P05510000,0.26839,3.0689666940747484,5041.5,0.9904715127701373,hedged_20250321,"103/100 monthly, surplus-funded put",103/100 + put,5855.0,5685.0,SPXW  250417P05855000,SPXW  250417P05685000,9509.5,95.095,4468.0,True,5285.833,17000.0,22416.700000000037,9884.700000000037,1036753.9080237041,1.7707154705784869,17502.991212027235,1054256.8992357312
2025-04-17,2025-05-16,29,5308.6445,4714.500000000004,7796.999999999998,3082.4999999999945,4735.0,SPXW  250516P04735000,0.114001,10.80585637256366,3046.5000000000005,0.9883211678832136,hedged_20250417,"103/100 monthly, surplus-funded put",103/100 + put,5470.0,5310.0,SPXW  250516P05470000,SPXW  250516P05310000,7796.999999999998,77.96999999999998,4750.499999999998,True,5958.24,0.0,0.0,4750.499999999998,1054256.8992357312,1.9273435086576438,9155.845337878134,1063412.7445736094
2025-05-16,2025-06-20,35,5972.6177,4047.0,10084.500000000002,6037.500000000002,5825.0,SPXW  250620P05825000,0.302626,2.471574566039947,5996.5,0.9932091097308485,hedged_20250516,"103/100 monthly, surplus-funded put",103/100 + put,6150.0,5975.0,SPXW  250620P06150000,SPXW  250620P05975000,10084.500000000002,100.84500000000001,4088.000000000002,True,6010.21,13978.999999999996,0.0,-9890.999999999995,1063412.7445736094,1.7291264139408284,-17102.789360288723,1046309.9552133207
2025-06-20,2025-07-18,28,5987.8823,3921.999999999998,9782.0,5860.000000000002,5810.0,SPXW  250718P05810000,0.280468,2.9707046846929486,5819.0,0.993003412969283,hedged_20250620,"103/100 monthly, surplus-funded put",103/100 + put,6170.0,5990.0,SPXW  250718P06170000,SPXW  250718P05990000,9782.0,97.82,3963.0,True,6300.6978,0.0,0.0,3963.0,1046309.9552133207,1.6958021964559493,6720.464104554927,1053030.4193178755
2025-07-18,2025-08-15,28,6313.7744,3704.500000000001,11601.999999999996,7897.499999999995,6280.0,SPXW  250815P06280000,0.435596,0.5349320051726947,7819.0,0.9900601456157018,hedged_20250718,"103/100 monthly, surplus-funded put",103/100 + put,6505.0,6315.0,SPXW  250815P06505000,SPXW  250815P06315000,11601.999999999996,116.01999999999997,3782.9999999999964,True,6452.1484,5285.159999999996,0.0,-1502.1599999999999,1053030.4193178755,1.6188015669759808,-2431.698961848639,1050598.720356027
2025-08-15,2025-09-19,35,6468.3867,3662.0000000000005,11424.499999999998,7762.499999999998,6420.0,SPXW  250919P06420000,0.41585,0.7480489686864322,7721.499999999999,0.994718196457327,hedged_20250815,"103/100 monthly, surplus-funded put",103/100 + put,6660.0,6470.0,SPXW  250919P06660000,SPXW  250919P06470000,11424.499999999998,114.24499999999998,3702.999999999999,True,6658.77,122.99999999995634,0.0,3580.0000000000427,1050598.720356027,1.5774755560901306,5647.362490802735,1056246.0828468297
2025-09-19,2025-10-17,28,6682.283,3576.9999999999995,12256.999999999998,8679.999999999998,6675.0,SPXW  251017P06675000,0.480423,0.10898969708407202,8581.500000000002,0.9886520737327193,hedged_20250919,"103/100 monthly, surplus-funded put",103/100 + put,6880.0,6680.0,SPXW  251017P06880000,SPXW  251017P06680000,12256.999999999998,122.56999999999998,3675.4999999999964,True,6670.6597,20000.0,434.0299999999843,-15890.47000000002,1056246.0828468297,1.535241399486671,-24395.707401300988,1031850.3754455287
2025-10-17,2025-11-21,35,6693.9653,4432.0,10056.999999999998,5624.999999999998,6360.0,SPXW  251121P06360000,0.213138,4.989050361524883,5619.0,0.9989333333333337,hedged_20251017,"103/100 monthly, surplus-funded put",103/100 + put,6895.0,6695.0,SPXW  251121P06895000,SPXW  251121P06695000,10056.999999999998,100.56999999999998,4437.999999999998,True,6606.0654,20000.0,0.0,-15562.000000000002,1031850.3754455287,1.4965197613423187,-23288.840526009168,1008561.5349195194
2025-11-21,2025-12-19,28,6627.4106,4794.500000000002,9999.500000000005,5205.000000000004,6255.0,SPXW  251219P06255000,0.194128,5.619247432775632,5144.0,0.9882804995196919,hedged_20251121,"103/100 monthly, surplus-funded put",103/100 + put,6825.0,6625.0,SPXW  251219P06825000,SPXW  251219P06625000,9999.500000000005,99.99500000000006,4855.5000000000055,True,6796.54,2846.0000000000036,0.0,2009.5000000000018,1008561.5349195194,1.4777458387099185,2969.530262887584,1011531.065182407
2025-12-19,2026-01-16,28,6854.353,3619.500000000001,12854.499999999998,9234.999999999996,6850.0,SPXW  260116P06850000,0.48542,0.06350708812341566,8616.5,0.9330265295073095,hedged_20251219,"103/100 monthly, surplus-funded put",103/100 + put,7060.0,6855.0,SPXW  260116P07060000,SPXW  260116P06855000,12854.499999999998,128.545,4237.999999999998,True,6946.174,11382.600000000002,0.0,-7144.600000000004,1011531.065182407,1.4327635484170071,-10236.522448020154,1001294.5427343869
2026-01-16,2026-02-20,35,6960.925,4102.0,12129.5,8027.5,6875.0,SPXW  260220P06875000,0.377305,1.234390544360131,7948.999999999999,0.9902211149174711,hedged_20260116,"103/100 monthly, surplus-funded put",103/100 + put,7170.0,6960.0,SPXW  260220P07170000,SPXW  260220P06960000,12129.5,121.295,4180.500000000001,True,6909.921,21000.0,0.0,-16819.5,1001294.5427343869,1.3965056384022132,-23488.526585106025,977806.0161492808
2026-02-20,2026-03-20,28,6927.8823,4294.5,10844.499999999998,6549.999999999998,6725.0,SPXW  260320P06725000,0.27804,2.928489417321656,6469.0,0.9876335877862599,hedged_20260220,"103/100 monthly, surplus-funded put",103/100 + put,7135.0,6930.0,SPXW  260320P07135000,SPXW  260320P06930000,10844.499999999998,108.44499999999998,4375.499999999998,True,6594.63,20500.0,13036.999999999989,-3087.5000000000127,977806.0161492808,1.3704359021013046,-4231.220847737795,973574.7953015431
2026-03-20,2026-04-17,28,6541.365,5407.0,9706.999999999996,4299.999999999996,6005.0,SPXW  260417P06005000,0.145361,8.199588312225348,4299.0,0.999767441860466,hedged_20260320,"103/100 monthly, surplus-funded put",103/100 + put,6740.0,6540.0,SPXW  260417P06740000,SPXW  260417P06540000,9706.999999999996,97.06999999999996,5407.999999999996,True,7131.107,0.0,0.0,5407.999999999996,973574.7953015431,1.4444729900616367,7811.709930253326,981386.5052317964
2026-04-17,2026-05-15,28,7145.1294,4559.5,12529.500000000004,7970.000000000004,7050.0,SPXW  260515P07050000,0.368118,1.3313880641545817,7844.0,0.9841907151819318,hedged_20260417,"103/100 monthly, surplus-funded put",103/100 + put,7360.0,7145.0,SPXW  260515P07360000,SPXW  260515P07145000,12529.500000000004,125.29500000000003,4685.500000000004,True,7414.7095,0.0,0.0,4685.500000000004,981386.5052317964,1.3334055777605929,6247.671834597263,987634.1770663937
2026-05-15,2026-06-18,34,7419.315,5139.5,12271.999999999995,7132.4999999999945,7190.0,SPXW  260618P07190000,0.274583,3.0907839874705356,7086.499999999999,0.993550648440239,hedged_20260515,"103/100 monthly, surplus-funded put",103/100 + put,7640.0,7420.0,SPXW  260618P07640000,SPXW  260618P07420000,12271.999999999995,122.71999999999994,5185.499999999995,True,7508.43,13156.99999999997,0.0,-7971.499999999975,987634.1770663937,1.2927148914481592,-10304.876757178969,977329.3003092147
2026-06-18,2026-07-17,29,7532.8125,4589.5,13059.5,8470.0,7450.0,SPXW  260717P07450000,0.385276,1.0993569798796954,8459.0,0.9987012987012988,hedged_20260618,"103/100 monthly, surplus-funded put",103/100 + put,7760.0,7535.0,SPXW  260717P07760000,SPXW  260717P07535000,13059.5,130.595,4600.5,True,7464.086,22500.0,0.0,-17899.5,977329.3003092147,1.2594449746252767,-22543.43532330514,954785.8649859095
2026-07-17,2026-08-21,35,7471.133,4897.0,11927.000000000002,7030.000000000002,7215.0,SPXW  260821P07215000,0.261418,3.42830197240499,6946.499999999999,0.9881223328591746,hedged_20260717,"103/100 monthly, surplus-funded put",103/100 + put,7695.0,7470.0,SPXW  260821P07695000,SPXW  260821P07470000,11927.000000000002,119.27000000000002,4980.500000000003,True,7675.85,1914.9999999999636,0.0,3065.500000000039,954785.8649859095,1.240787348909564,3803.633618082317,958589.4986039918
2026-08-21,2026-09-18,28,7691.032,4307.0,14204.500000000002,9897.500000000002,7680.0,SPXW  260918P07680000,0.476499,0.14343978805445579,9871.499999999998,0.9973730740085877,hedged_20260821,"103/100 monthly, surplus-funded put",103/100 + put,7920.0,7690.0,SPXW  260918P07920000,SPXW  260918P07690000,14204.500000000002,142.04500000000002,4333.000000000004,True,7657.35,23000.0,2264.9999999999636,-16402.000000000033,958589.4986039918,1.2103402760151412,-19852.001207200385,938737.4973967915
