strategy,kind,entry_date,expiration_date,dte,spot_entry,target_upper_ratio,target_lower_ratio,upper_strike,lower_strike,actual_upper_ratio,actual_lower_ratio,upper_symbol,lower_symbol,upper_bid,upper_ask,lower_bid,lower_ask,premium_mid_cash,premium_realistic_cash,premium_natural_cash,premium_mid_points,premium_realistic_points,premium_natural_points,premium_mid_pct_spot_notional,premium_realistic_pct_spot_notional,premium_natural_pct_spot_notional,spread,short_leg_implied_vol,long_leg_implied_vol,realized_vol_21d,iv_minus_realized_vol,iv_rv_pct_deviation,spot_expiration,expiration_value_cash,pnl_mid_cash,pnl_realistic_cash,pnl_natural_cash,pnl_mid_pct_spot_notional,pnl_realistic_pct_spot_notional,pnl_natural_pct_spot_notional,signal_iv,current_iv_rv,historical_median_iv_rv,history_start_entry,history_end_entry,history_observations,richness_score,history_window,iv_definition,portfolio
1M 98/95 short put spread,short_put_spread,2019-11-15,2019-12-20,35,3120.4599609375,0.98,0.95,3060.0,2965.0,0.9806246637693324,0.9501804340117878,SPXW  191220P03060000,SPXW  191220P02965000,23.1,23.7,10.7,11.1,1250.0000000000002,1222.0000000000002,1197.0000000000002,12.500000000000002,12.220000000000002,11.970000000000002,0.004005819704940084,0.003916089343549426,0.0038359729494506245,98/95,0.122995,0.154443,0.058103313587985046,0.06489168641201495,1.1168328001422907,3221.219970703125,0.0,1250.0000000000002,1222.0000000000002,1197.0000000000002,0.004005819704940084,0.003916089343549426,0.0038359729494506245,0.122995,2.1168328001422907,1.1582677880564218,2018-11-16,2019-10-18,12,0.8275849695296671,12,short leg,Dynamic: 12-month history
1M 98/95 short put spread,short_put_spread,2019-12-20,2020-01-17,28,3221.219970703125,0.98,0.95,3155.0,3060.0,0.9794425803560783,0.9499506484594611,SPXW  200117P03155000,SPXW  200117P03060000,16.0,16.3,8.0,8.3,799.9999999999998,781.9999999999999,766.9999999999997,7.999999999999997,7.8199999999999985,7.669999999999996,0.002483531107083558,0.002427651657174178,0.0023810854489163605,98/95,0.12049,0.161079,0.07726082182080321,0.04322917817919679,0.559522629457158,3329.6201171875,0.0,799.9999999999998,781.9999999999999,766.9999999999997,0.002483531107083558,0.002427651657174178,0.0023810854489163605,0.12049,1.559522629457158,1.1679974643926556,2018-12-21,2019-11-15,12,0.33521062930396917,12,short leg,Dynamic: 12-month history
1M 98/95 short put spread,short_put_spread,2020-01-17,2020-02-21,35,3329.6201171875,0.98,0.95,3265.0,3165.0,0.9805923453988247,0.9505588891844655,SPXW  200221P03265000,SPXW  200221P03165000,23.5,23.8,10.9,11.2,1260.0,1242.0,1227.0,12.6,12.42,12.27,0.003784215483009247,0.0037301552618234004,0.003685105077501862,98/95,0.117796,0.149898,0.06963264619328462,0.04816335380671538,0.6916777752927084,3337.75,0.0,1260.0,1242.0,1227.0,0.003784215483009247,0.0037301552618234004,0.003685105077501862,0.117796,1.6916777752927084,1.1679974643926556,2019-01-18,2019-12-20,12,0.44835740390272183,12,short leg,Dynamic: 12-month history
1M 98/95 short put spread,short_put_spread,2020-02-21,2020-03-20,28,3337.75,0.98,0.95,3270.0,3170.0,0.9797018949891394,0.9497415923900832,SPXW  200320P03270000,SPXW  200320P03170000,33.2,33.7,17.0,17.3,1630.0000000000007,1607.0000000000007,1587.0000000000007,16.300000000000008,16.070000000000007,15.870000000000006,0.004883529323646171,0.004814620627668341,0.004754700022470229,98/95,0.170037,0.201473,0.13555104714294353,0.03448595285705647,0.2544130317244231,2304.919921875,-10000.0,-8370.0,-8393.0,-8413.0,-0.02507677327541008,-0.02514568197138791,-0.025205602576586023,0.170037,1.254413031724423,1.2038587906450122,2019-02-15,2020-01-17,12,0.04199349747018455,12,short leg,Dynamic: 12-month history
1M 103/100 short put spread,short_put_spread,2020-03-20,2020-04-17,28,2304.919921875,1.03,1.0,2375.0,2305.0,1.0304045608959775,1.0000347422590434,SPXW  200417P02375000,SPXW  200417P02305000,184.5,191.5,153.7,157.7,3230.000000000002,2952.000000000002,2677.000000000002,32.30000000000002,29.520000000000017,26.770000000000017,0.014013502028185302,0.012807386373747062,0.011614286355867509,103/100,0.559583,0.59255,0.8348738695538477,-0.27529086955384763,-0.32973947274330395,2874.56005859375,0.0,3230.000000000002,2952.000000000002,2677.000000000002,0.014013502028185302,0.012807386373747062,0.011614286355867509,0.559583,0.670260527256696,0.8584823801110688,2019-03-15,2020-02-21,12,-0.21924952359537186,12,short leg,Dynamic: 12-month history
1M 103/100 short put spread,short_put_spread,2020-04-17,2020-05-15,28,2874.56005859375,1.03,1.0,2960.0,2875.0,1.0297227887623428,1.0001530465174784,SPXW  200515P02960000,SPXW  200515P02875000,144.7,146.8,105.8,107.0,3935.0,3849.5,3766.999999999998,39.35,38.495,37.66999999999998,0.01368905126276966,0.013391614443718374,0.013104614004282918,103/100,0.300433,0.333707,0.5894801972737838,-0.28904719727378375,-0.4903425061784322,2863.699951171875,-8500.0,-4565.0,-4650.5,-4733.000000000002,-0.015880690982094915,-0.016178127801146202,-0.016465128240581658,0.300433,0.5096574938215678,0.8219896645391989,2019-04-18,2020-03-20,12,-0.37997092200997695,12,short leg,Dynamic: 12-month history
1M 103/100 short put spread,short_put_spread,2020-05-15,2020-06-19,35,2863.699951171875,1.03,1.0,2950.0,2865.0,1.0301358558157636,1.0004539752244619,SPXW  200619P02950000,SPXW  200619P02865000,146.0,147.5,105.4,106.5,4080.0,4012.0,3947.0,40.8,40.12,39.47,0.014247302683824799,0.014009847639094386,0.013782868552219725,103/100,0.238122,0.273482,0.2733208874610599,-0.035198887461059924,-0.12878228147153492,3097.739990234375,0.0,4080.0,4012.0,3947.0,0.014247302683824799,0.014009847639094386,0.013782868552219725,0.238122,0.8712177185284651,0.7760411698123283,2019-05-17,2020-04-17,12,0.12264368492093469,12,short leg,Dynamic: 12-month history
1M 103/100 short put spread,short_put_spread,2020-06-19,2020-07-17,28,3097.739990234375,1.03,1.0,3190.0,3100.0,1.029783006338968,1.0007295672886523,SPXW  200717P03190000,SPXW  200717P03100000,159.0,160.8,112.7,114.2,4645.0,4559.499999999998,4477.0,46.45,45.594999999999985,44.77,0.014994802709857386,0.014718795038879382,0.014452471847584827,103/100,0.248374,0.284464,0.2677381591763992,-0.019364159176399193,-0.0723249881001875,3224.72998046875,0.0,4645.0,4559.499999999998,4477.0,0.014994802709857386,0.014718795038879382,0.014452471847584827,0.248374,0.9276750118998125,0.8027214788187214,2019-06-21,2020-05-15,12,0.15566237652563109,12,short leg,Dynamic: 12-month history
1M 103/100 short put spread,short_put_spread,2020-07-17,2020-08-21,35,3224.72998046875,1.03,1.0,3320.0,3225.0,1.0295435649211788,1.0000837339972293,SPXW  200821P03320000,SPXW  200821P03225000,136.6,137.7,87.3,88.0,4949.999999999998,4901.999999999996,4856.999999999996,49.49999999999998,49.01999999999996,48.569999999999965,0.015350122428794678,0.015201272756757875,0.015061726189223378,103/100,0.187486,0.211791,0.189345690691771,-0.0018596906917709988,-0.009821668953630014,3397.159912109375,0.0,4949.999999999998,4901.999999999996,4856.999999999996,0.015350122428794678,0.015201272756757875,0.015061726189223378,0.187486,0.99017833104637,0.8027214788187214,2019-07-19,2020-06-19,12,0.2335266430188323,12,short leg,Dynamic: 12-month history
1M 103/100 short put spread,short_put_spread,2020-08-21,2020-09-18,28,3397.159912109375,1.03,1.0,3500.0,3395.0,1.0302723717903433,0.999364200636633,SPXW  200918P03500000,SPXW  200918P03395000,121.4,125.2,63.5,64.0,5955.000000000002,5844.5,5737.0,59.55000000000002,58.445,57.37,0.017529348497175704,0.017204076791224748,0.016887635991317713,103/100,0.139607,0.166718,0.09525106914940115,0.04435593085059886,0.4656738370151694,3319.469970703125,-10500.0,-4544.999999999998,-4655.5,-4763.0,-0.013378822656534596,-0.013704094362485552,-0.014020535162392586,0.139607,1.4656738370151694,0.8027214788187214,2019-08-16,2020-07-17,12,0.8258809259371551,12,short leg,Dynamic: 12-month history
1M 103/100 short put spread,short_put_spread,2020-09-18,2020-10-16,28,3319.469970703125,1.03,1.0,3420.0,3320.0,1.030284964221436,1.000159672869932,SPXW  201016P03420000,SPXW  201016P03320000,128.3,129.8,77.6,78.3,5110.000000000003,5052.000000000004,4997.000000000004,51.10000000000003,50.52000000000004,49.970000000000034,0.015394023880618538,0.015219297190779819,0.015053608088346547,103/100,0.193437,0.219613,0.21787787236911788,-0.024440872369117878,-0.11217693703062859,3483.81005859375,0.0,5110.000000000003,5052.000000000004,4997.000000000004,0.015394023880618538,0.015219297190779819,0.015053608088346547,0.193437,0.8878230629693714,0.8994463652141388,2019-09-20,2020-08-21,12,-0.012922729686055345,12,short leg,Dynamic: 12-month history
1M 103/100 short put spread,short_put_spread,2020-10-16,2020-11-20,35,3483.81005859375,1.03,1.0,3590.0,3485.0,1.0304809790488731,1.0003415632271095,SPXW  201120P03590000,SPXW  201120P03485000,158.0,171.4,107.5,114.7,5360.0,4842.0,4327.000000000002,53.6,48.42,43.27000000000002,0.015385454171871756,0.013898576324664748,0.012420309739121104,103/100,0.205857,0.23656,0.19161848739510465,0.014238512604895365,0.07430657030256427,3557.5400390625,-3245.99609375,2114.00390625,1596.00390625,1081.0039062500018,0.006068080264695383,0.004581202417488373,0.0031029358319447304,0.205857,1.0743065703025643,0.907749037434592,2019-10-18,2020-09-18,12,0.18348411950805676,12,short leg,Dynamic: 12-month history
1M 103/100 short put spread,short_put_spread,2020-11-20,2020-12-18,28,3557.5400390625,1.03,1.0,3665.0,3560.0,1.030206254815847,1.0006914780748746,SPXW  201218P03665000,SPXW  201218P03560000,142.4,145.2,83.2,84.0,6020.000000000002,5927.000000000002,5837.000000000004,60.20000000000002,59.27000000000002,58.37000000000003,0.01692180533149086,0.01666038873749939,0.01640740493686249,103/100,0.190467,0.20539,0.22515666388504263,-0.03468966388504263,-0.15406900815848823,3709.409912109375,0.0,6020.000000000002,5927.000000000002,5837.000000000004,0.01692180533149086,0.01666038873749939,0.01640740493686249,0.190467,0.8459309918415118,0.9589266714730913,2019-11-15,2020-10-16,12,-0.1178355790834319,12,short leg,Dynamic: 12-month history
1M 98/95 short put spread,short_put_spread,2020-12-18,2021-01-15,28,3709.409912109375,0.98,0.95,3635.0,3525.0,0.9799402293430921,0.9502859170383493,SPXW  210115P03635000,SPXW  210115P03525000,44.8,45.5,26.0,26.7,1880.0,1841.999999999999,1806.9999999999995,18.8,18.41999999999999,18.069999999999997,0.005068191557537863,0.00496574938775784,0.004871394757697296,98/95,0.194611,0.229789,0.10235516916440954,0.09225583083559047,0.9013304514929104,3768.25,0.0,1880.0,1841.999999999999,1806.9999999999995,0.005068191557537863,0.00496574938775784,0.004871394757697296,0.194611,1.9013304514929104,1.193614394379597,2019-12-20,2020-11-20,12,0.5929185006864481,12,short leg,Dynamic: 12-month history
1M 103/100 short put spread,short_put_spread,2021-01-15,2021-02-19,35,3768.25,1.03,1.0,3880.0,3770.0,1.0296556757115372,1.0004644065547668,SPXW  210219P03880000,SPXW  210219P03770000,151.7,155.1,95.6,96.5,5734.999999999998,5624.499999999998,5516.999999999998,57.34999999999998,56.24499999999998,55.16999999999998,0.015219266237643464,0.014926026670204998,0.014640748357991106,103/100,0.179681,0.202593,0.10357143178064089,0.07610956821935912,0.7348509807275367,3906.7099609375,0.0,5734.999999999998,5624.499999999998,5516.999999999998,0.015219266237643464,0.014926026670204998,0.014640748357991106,0.179681,1.7348509807275367,0.907749037434592,2020-01-17,2020-12-18,12,0.9111570590374123,12,short leg,Dynamic: 12-month history
1M 98/95 short put spread,short_put_spread,2021-02-19,2021-03-19,28,3906.7099609375,0.98,0.95,3830.0,3710.0,0.980364562072816,0.9496481789269313,SPXW  210319P03830000,SPXW  210319P03710000,53.4,53.9,32.4,32.9,2100.0,2072.0,2047.0,21.0,20.72,20.47,0.0053753670505298,0.0053036954898560695,0.00523970302496881,98/95,0.199555,0.240742,0.15186756728512862,0.047687432714871386,0.3140066939067976,3913.10009765625,0.0,2100.0,2072.0,2047.0,0.0053753670505298,0.0053036954898560695,0.00523970302496881,0.199555,1.3140066939067976,1.193614394379597,2020-02-21,2021-01-15,12,0.10086364582573326,12,short leg,Dynamic: 12-month history
1M 98/95 short put spread,short_put_spread,2021-03-19,2021-04-16,28,3913.10009765625,0.98,0.95,3835.0,3715.0,0.9800413749438641,0.9493751519990756,SPXW  210416P03835000,SPXW  210416P03715000,49.0,49.7,27.5,28.0,2160.0,2127.0,2097.0,21.6,21.27,20.97,0.00551992013006192,0.005435588016963752,0.005358922459601781,98/95,0.1891,0.224929,0.18860622412244157,0.0004937758775584167,0.002618025358685161,4185.47021484375,0.0,2160.0,2127.0,2097.0,0.00551992013006192,0.005435588016963752,0.005358922459601781,0.1891,1.0026180253586852,1.193614394379597,2020-03-20,2021-02-19,12,-0.1600151354744559,12,short leg,Dynamic: 12-month history
1M 103/100 short put spread,short_put_spread,2021-04-16,2021-05-21,35,4185.47021484375,1.03,1.0,4310.0,4185.0,1.0297528781150098,0.9998876554318599,SPXW  210521P04310000,SPXW  210521P04185000,147.8,148.9,71.1,71.5,7705.000000000002,7664.500000000001,7627.000000000002,77.05000000000001,76.64500000000001,76.27000000000002,0.018408923261893625,0.018312159940400217,0.01822256427235077,103/100,0.121334,0.1335,0.12012026379867413,0.0012137362013258657,0.010104341789992421,4155.85986328125,-12500.0,-4794.999999999998,-4835.499999999999,-4872.999999999998,-0.01145629942125631,-0.011553062742749719,-0.011642658410799167,0.121334,1.0101043417899924,0.9430379126000388,2020-04-17,2021-03-19,12,0.07111742623904216,12,short leg,Dynamic: 12-month history
1M 98/95 short put spread,short_put_spread,2021-05-21,2021-06-18,28,4155.85986328125,0.98,0.95,4075.0,3950.0,0.9805431689370278,0.9504651576199411,SPXW  210618P04075000,SPXW  210618P03950000,48.2,48.7,28.2,28.7,2000.0,1972.0,1947.0,20.0,19.72,19.47,0.004812481810733879,0.004745107065383605,0.004684951042749431,98/95,0.178529,0.219112,0.14231869690226887,0.03621030309773113,0.2544311034733333,4166.4501953125,0.0,2000.0,1972.0,1947.0,0.004812481810733879,0.004745107065383605,0.004684951042749431,0.178529,1.2544311034733333,1.2452476789437297,2020-05-15,2021-04-16,12,0.0073747774718948556,12,short leg,Dynamic: 12-month history
1M 98/95 short put spread,short_put_spread,2021-06-18,2021-07-16,28,4166.4501953125,0.98,0.95,4080.0,3960.0,0.9792508751431227,0.9504493788153837,SPXW  210716P04080000,SPXW  210716P03960000,49.6,50.2,29.1,29.6,2055.000000000001,2024.500000000001,1997.000000000001,20.550000000000008,20.245000000000008,19.97000000000001,0.004932256246125289,0.0048590524429589525,0.004793049013874551,98/95,0.186379,0.22183,0.08283457802441589,0.1035444219755841,1.2500144800045203,4327.16015625,0.0,2055.000000000001,2024.500000000001,1997.000000000001,0.004932256246125289,0.0048590524429589525,0.004793049013874551,0.186379,2.2500144800045203,1.2598773324947508,2020-06-19,2021-05-21,12,0.7858996443321555,12,short leg,Dynamic: 12-month history
1M 98/95 short put spread,short_put_spread,2021-07-16,2021-08-20,35,4327.16015625,0.98,0.95,4240.0,4110.0,0.9798574230898043,0.9498146247403527,SPXW  210820P04240000,SPXW  210820P04110000,54.3,54.8,32.1,32.6,2220.0,2192.0,2167.0,22.2,21.92,21.67,0.005130385564290956,0.005065677998615215,0.005007903386404731,98/95,0.169994,0.20473,0.10112589254863172,0.06886810745136829,0.6810135932125339,4441.669921875,0.0,2220.0,2192.0,2167.0,0.005130385564290956,0.005065677998615215,0.005007903386404731,0.169994,1.6810135932125339,1.289665127711483,2020-07-17,2021-06-18,12,0.30344967627022723,12,short leg,Dynamic: 12-month history
1M 98/95 short put spread,short_put_spread,2021-08-20,2021-09-17,28,4441.669921875,0.98,0.95,4355.0,4220.0,0.9804870862987466,0.9500931123262252,SPXW  210917P04355000,SPXW  210917P04220000,44.3,44.9,25.9,26.4,1844.999999999999,1814.5,1787.0,18.449999999999992,18.145,17.87,0.004153843109577926,0.0040851752424548235,0.004023261591770058,98/95,0.16252,0.207227,0.08386506029187885,0.07865493970812115,0.9378749557250099,4432.990234375,0.0,1844.999999999999,1814.5,1787.0,0.004153843109577926,0.0040851752424548235,0.004023261591770058,0.16252,1.93787495572501,1.327878071764968,2020-08-21,2021-07-16,12,0.45937717997651384,12,short leg,Dynamic: 12-month history
1M 98/95 short put spread,short_put_spread,2021-09-17,2021-10-15,28,4432.990234375,0.98,0.95,4345.0,4210.0,0.9801510425868544,0.9496975579495183,SPXW  211015P04345000,SPXW  211015P04210000,54.8,55.4,32.6,33.2,2219.9999999999986,2186.9999999999995,2156.9999999999995,22.199999999999985,21.869999999999994,21.569999999999997,0.005007906362584155,0.004933464511248447,0.0048657901009432555,98/95,0.189395,0.230159,0.08508592149584869,0.10430907850415132,1.225926412623274,4471.3701171875,0.0,2219.9999999999986,2186.9999999999995,2156.9999999999995,0.005007906362584155,0.004933464511248447,0.0048657901009432555,0.189395,2.225926412623274,1.327878071764968,2020-09-18,2021-08-20,12,0.6763033142528305,12,short leg,Dynamic: 12-month history
1M 98/95 short put spread,short_put_spread,2021-10-15,2021-11-19,35,4471.3701171875,0.98,0.95,4380.0,4250.0,0.9795655213518822,0.9504916588460044,SPXW  211119P04380000,SPXW  211119P04250000,46.4,46.9,26.9,27.3,1955.0,1929.4999999999995,1906.9999999999995,19.55,19.294999999999995,19.069999999999997,0.00437226163069162,0.004315232131160859,0.004264911984516071,98/95,0.151845,0.186577,0.16221274243274908,-0.010367742432749072,-0.0639144759977619,4697.9599609375,0.0,1955.0,1929.4999999999995,1906.9999999999995,0.00437226163069162,0.004315232131160859,0.004264911984516071,0.151845,0.9360855240022381,1.511381521417836,2020-10-16,2021-09-17,12,-0.38064247131717566,12,short leg,Dynamic: 12-month history
1M 98/95 short put spread,short_put_spread,2021-11-19,2021-12-17,28,4697.9599609375,0.98,0.95,4605.0,4465.0,0.9802126962106017,0.950412527379009,SPXW  211217P04605000,SPXW  211217P04465000,44.2,44.6,24.6,24.9,1965.000000000001,1944.5,1927.0,19.65000000000001,19.445,19.27,0.00418266655386283,0.004139030592359425,0.004101780381319934,98/95,0.15858,0.19858,0.06750313323284787,0.09107686676715213,1.3492242864192412,4620.64013671875,0.0,1965.000000000001,1944.5,1927.0,0.00418266655386283,0.004139030592359425,0.004101780381319934,0.15858,2.349224286419241,1.4975101435596656,2020-11-20,2021-10-15,12,0.5687535049579051,12,short leg,Dynamic: 12-month history
1M 101/98 short put spread,short_put_spread,2021-12-17,2022-01-21,35,4620.64013671875,1.01,0.98,4665.0,4530.0,1.0096003718031916,0.980383640786379,SPXW  220121P04665000,SPXW  220121P04530000,115.0,116.0,71.0,71.8,4409.999999999999,4361.999999999999,4316.999999999999,44.099999999999994,43.61999999999999,43.16999999999999,0.009544132132158786,0.009440250421876786,0.009342861318487411,101/98,0.157206,0.194518,0.18761110322630922,-0.03040510322630921,-0.16206451912194408,4397.93994140625,-13500.0,-9090.0,-9138.0,-9183.0,-0.01967259888465383,-0.01977648059493583,-0.019873869698325206,0.157206,0.8379354808780559,1.3660861417239243,2020-12-18,2021-11-19,12,-0.3866159275866541,12,short leg,Dynamic: 12-month history
1M 102/99 short put spread,short_put_spread,2022-01-21,2022-02-18,28,4397.93994140625,1.02,0.99,4485.0,4355.0,1.0197956451778905,0.990236351114763,SPXW  220218P04485000,SPXW  220218P04355000,158.7,173.1,105.7,108.4,5884.9999999999945,5454.499999999998,5026.999999999998,58.849999999999945,54.54499999999998,50.26999999999998,0.013381265043192595,0.01240239765133289,0.011430351635026205,102/99,0.22773,0.25566,0.15286022934976137,0.07486977065023862,0.48979234800785343,4348.8701171875,-13000.0,-7115.0000000000055,-7545.500000000002,-7973.000000000002,-0.01617802901993466,-0.017156896411794367,-0.018128942428101053,0.22773,1.4897923480078534,1.107505539129781,2021-01-15,2021-12-17,12,0.34517823647044965,12,short leg,Dynamic: 12-month history
1M 102/99 short put spread,short_put_spread,2022-02-18,2022-03-18,28,4348.8701171875,1.02,0.99,4435.0,4305.0,1.0198051173044005,0.9899122953766503,SPXW  220318P04435000,SPXW  220318P04305000,155.3,156.4,100.8,101.7,5460.000000000002,5407.000000000002,5357.000000000002,54.600000000000016,54.07000000000002,53.57000000000002,0.012554985209655081,0.012433114474103484,0.012318142082073675,102/99,0.222486,0.255971,0.22338493370835447,-0.0008989337083544768,-0.004024146541270812,4463.1201171875,0.0,5460.000000000002,5407.000000000002,5357.000000000002,0.012554985209655081,0.012433114474103484,0.012318142082073675,0.222486,0.9959758534587292,1.107505539129781,2021-02-19,2022-01-21,12,-0.10070350145488749,12,short leg,Dynamic: 12-month history
1M 102/99 short put spread,short_put_spread,2022-03-18,2022-04-14,27,4463.1201171875,1.02,0.99,4550.0,4420.0,1.0194661762469546,0.9903385712113272,SPXW  220414P04550000,SPXW  220414P04420000,132.2,144.9,80.1,80.8,5810.000000000003,5472.000000000002,5137.0,58.10000000000003,54.72000000000002,51.37,0.013017798865922655,0.012260481134996344,0.011509885159078253,102/99,0.179244,0.207694,0.26139175180790686,-0.08214775180790687,-0.3142706349367753,4392.58984375,-13000.0,-7189.999999999997,-7527.999999999998,-7863.0,-0.016109806169704616,-0.016867123900630925,-0.017617719876549018,0.179244,0.6857293650632247,1.107505539129781,2021-03-19,2022-02-18,12,-0.3808343698199159,12,short leg,Dynamic: 12-month history
1M 102/99 short put spread,short_put_spread,2022-04-14,2022-05-20,36,4392.58984375,1.02,0.99,4480.0,4350.0,1.0198994578049148,0.9903041610382542,SPXW  220520P04480000,SPXW  220520P04350000,150.1,150.9,94.8,95.5,5535.0,5494.500000000002,5457.0,55.35,54.94500000000002,54.57,0.012600766738728132,0.012508566006493539,0.012423194958128169,102/99,0.174545,0.205867,0.16662654518958797,0.007918454810412034,0.0475221688201144,3901.360107421875,-13000.0,-7465.0,-7505.499999999998,-7543.0,-0.01699453002793234,-0.01708673076016693,-0.017172101808532302,0.174545,1.0475221688201144,1.107505539129781,2021-04-16,2022-03-18,12,-0.05416078582938588,12,short leg,Dynamic: 12-month history
1M 103/100 short put spread,short_put_spread,2022-05-20,2022-06-17,28,3901.360107421875,1.03,1.0,4020.0,3900.0,1.0304098799678674,0.9996513760882294,SPXW  220617P04020000,SPXW  220617P03900000,178.8,183.0,116.9,117.9,6350.0,6217.000000000004,6087.0,63.5,62.17000000000004,60.87,0.016276374969641686,0.015935468218309042,0.015602251092946289,103/100,0.248652,0.26947,0.3390484481886693,-0.09039644818866929,-0.2666180856205147,3674.840087890625,-12000.0,-5650.0,-5782.999999999996,-5913.0,-0.014482128909996145,-0.014823035661328789,-0.01515625278669154,0.248652,0.7333819143794853,1.0564255871925727,2021-05-21,2022-04-14,12,-0.30578933029402355,12,short leg,Dynamic: 12-month history
1M 103/100 short put spread,short_put_spread,2022-06-17,2022-07-15,28,3674.840087890625,1.03,1.0,3785.0,3675.0,1.0299767906833213,1.0000435153926566,SPXW  220715P03785000,SPXW  220715P03675000,170.0,171.1,111.8,112.5,5840.0,5792.0,5747.0,58.4,57.92,57.47,0.015891847972498273,0.01576123004395719,0.015638775735949927,103/100,0.262046,0.278478,0.28579301216835973,-0.023747012168359727,-0.08309164730161578,3863.159912109375,0.0,5840.0,5792.0,5747.0,0.015891847972498273,0.01576123004395719,0.015638775735949927,0.262046,0.9169083526983842,1.0564255871925727,2021-06-18,2022-05-20,12,-0.13206536852723572,12,short leg,Dynamic: 12-month history
1M 103/100 short put spread,short_put_spread,2022-07-15,2022-08-19,35,3863.159912109375,1.03,1.0,3980.0,3865.0,1.0302446936054552,1.0004763167801718,SPXW  220819P03980000,SPXW  220819P03865000,165.6,168.7,107.5,108.0,5939.999999999996,5846.999999999996,5756.999999999996,59.39999999999996,58.46999999999996,57.569999999999965,0.015376013768885427,0.015135278199776614,0.014902308294187441,103/100,0.20049,0.222804,0.23272850212726132,-0.032238502127261315,-0.13852408206379707,4228.47998046875,0.0,5939.999999999996,5846.999999999996,5756.999999999996,0.015376013768885427,0.015135278199776614,0.014902308294187441,0.20049,0.8614759179362029,0.9613325486441076,2021-07-16,2022-06-17,12,-0.10387314030794592,12,short leg,Dynamic: 12-month history
1M 99/96 short put spread,short_put_spread,2022-08-19,2022-09-16,28,4228.47998046875,0.99,0.96,4185.0,4060.0,0.9897173498113783,0.9601558996975379,SPXW  220916P04185000,SPXW  220916P04060000,67.1,67.5,34.3,34.7,3280.0,3256.999999999999,3236.9999999999986,32.8,32.56999999999999,32.36999999999998,0.007756924509871734,0.007702531441662266,0.00765523312148012,99/96,0.190044,0.211611,0.17450943141623526,0.01553456858376473,0.0890185043736238,3873.330078125,-12500.0,-9220.0,-9243.0,-9263.000000000002,-0.021804525603968717,-0.021858918672178183,-0.021906216992360332,0.190044,1.0890185043736238,1.0700975390211467,2021-08-20,2022-07-15,12,0.017681533376653347,12,short leg,Dynamic: 12-month history
1M 102/99 short put spread,short_put_spread,2022-09-16,2022-10-21,35,3873.330078125,1.02,0.99,3950.0,3835.0,1.0197943166031733,0.9901041023223214,SPXW  221021P03950000,SPXW  221021P03835000,149.2,149.9,97.1,97.7,5215.000000000002,5179.499999999998,5146.999999999996,52.15000000000002,51.79499999999998,51.46999999999996,0.013463866736925444,0.013372214336319327,0.01328830720900387,102/99,0.234322,0.252126,0.24317540153590977,-0.008853401535909772,-0.036407471643888245,3752.75,-11500.0,-6284.999999999998,-6320.500000000002,-6353.000000000004,-0.016226347543926434,-0.016317999944532553,-0.016401907071848007,0.234322,0.9635925283561118,0.9441058822679222,2021-09-17,2022-08-19,12,0.020640318479298925,12,short leg,Dynamic: 12-month history
1M 103/100 short put spread,short_put_spread,2022-10-21,2022-11-18,28,3752.75,1.03,1.0,3865.0,3755.0,1.0299113983079076,1.0005995603224302,SPXW  221118P03865000,SPXW  221118P03755000,173.2,174.0,113.6,114.3,5965.000000000002,5924.499999999998,5887.000000000002,59.65000000000002,59.24499999999998,58.87000000000002,0.015895010325761114,0.015787089467723666,0.01568716274731864,103/100,0.271077,0.281612,0.29299287337961377,-0.02191587337961376,-0.07480002201698144,3965.340087890625,0.0,5965.000000000002,5924.499999999998,5887.000000000002,0.015895010325761114,0.015787089467723666,0.01568716274731864,0.271077,0.9251999779830186,0.9175611675862645,2021-10-15,2022-09-16,12,0.008325123889940444,12,short leg,Dynamic: 12-month history
1M 103/100 short put spread,short_put_spread,2022-11-18,2022-12-16,28,3965.340087890625,1.03,1.0,4085.0,3965.0,1.0301764563586344,0.999914234874415,SPXW  221216P04085000,SPXW  221216P03965000,157.6,160.8,93.2,93.7,6574.999999999998,6479.499999999998,6386.999999999996,65.74999999999999,64.79499999999999,63.86999999999996,0.01658117552156186,0.01634033867558328,0.016107067384975752,103/100,0.203982,0.219407,0.2820333606359019,-0.0780513606359019,-0.2767451356106212,3852.360107421875,-12000.0,-5425.000000000002,-5520.500000000002,-5613.000000000004,-0.013681045962657512,-0.01392188280863609,-0.01415515409924362,0.203982,0.7232548643893788,0.9217069802285816,2021-11-19,2022-10-21,12,-0.21530933376460593,12,short leg,Dynamic: 12-month history
1M 100/97 short put spread,short_put_spread,2022-12-16,2023-01-20,35,3852.360107421875,1.0,0.97,3850.0,3735.0,0.999387360642291,0.9695355303893394,SPXW  230120P03850000,SPXW  230120P03735000,95.1,96.0,54.0,54.8,4115.0,4069.499999999999,4027.0,41.15,40.69499999999999,40.27,0.010681763607903967,0.01056365419255533,0.01045333221118573,100/97,0.208589,0.2227,0.19816986883632942,0.010419131163670575,0.05257676772383513,3972.610107421875,0.0,4115.0,4069.499999999999,4027.0,0.010681763607903967,0.01056365419255533,0.01045333221118573,0.208589,1.0525767677238351,0.9677804970042295,2021-12-17,2022-11-18,12,0.0876193217181922,12,short leg,Dynamic: 12-month history
1M 98/95 short put spread,short_put_spread,2023-01-20,2023-02-17,28,3972.610107421875,0.98,0.95,3895.0,3775.0,0.9804636988470429,0.9502568583177373,SPXW  230217P03895000,SPXW  230217P03775000,50.2,50.8,24.1,24.6,2615.0,2584.5,2557.0,26.15,25.845,25.57,0.006582573998677836,0.006505798278999184,0.006436574269452859,98/95,0.196909,0.215937,0.17720276014941283,0.01970623985058717,0.11120729628574288,4079.090087890625,0.0,2615.0,2584.5,2557.0,0.006582573998677836,0.006505798278999184,0.006436574269452859,0.196909,1.1112072962857429,1.0419155331048358,2022-01-21,2022-12-16,12,0.0665042040158692,12,short leg,Dynamic: 12-month history
1M 98/95 short put spread,short_put_spread,2023-02-17,2023-03-17,28,4079.090087890625,0.98,0.95,4000.0,3875.0,0.9806108504135725,0.9499667613381484,SPXW  230317P04000000,SPXW  230317P03875000,50.5,51.0,24.9,25.4,2560.0,2532.0,2507.0,25.6,25.32,25.07,0.006275909442646864,0.006207266683117914,0.006145978504967065,98/95,0.195509,0.218554,0.1621120418357446,0.03339695816425539,0.20601158178054346,3916.639892578125,-8336.0107421875,-5776.0107421875,-5804.0107421875,-5829.0107421875,-0.014160047014736036,-0.014228689774264986,-0.014289977952415834,0.195509,1.2060115817805435,1.0419155331048358,2022-02-18,2023-01-20,12,0.15749457941826916,12,short leg,Dynamic: 12-month history
1M 98/95 short put spread,short_put_spread,2023-03-17,2023-04-21,35,3916.639892578125,0.98,0.95,3840.0,3720.0,0.9804322340883689,0.9497937267731072,SPXW  230421P03840000,SPXW  230421P03720000,75.0,75.7,46.5,47.0,2859.999999999999,2827.0,2797.0,28.59999999999999,28.27,27.97,0.007302177576803994,0.0072179216816870275,0.007141325413398874,98/95,0.240414,0.264755,0.17718052315883265,0.06323347684116734,0.35688729050925083,4133.52001953125,0.0,2859.999999999999,2827.0,2797.0,0.007302177576803994,0.0072179216816870275,0.007141325413398874,0.240414,1.3568872905092508,1.0419155331048358,2022-03-18,2023-02-17,12,0.3023006639183323,12,short leg,Dynamic: 12-month history
1M 98/95 short put spread,short_put_spread,2023-04-21,2023-05-19,28,4133.52001953125,0.98,0.95,4050.0,3925.0,0.9797944562656984,0.9495538866278682,SPXW  230519P04050000,SPXW  230519P03925000,37.3,37.9,17.8,18.3,1954.9999999999995,1924.4999999999995,1896.9999999999995,19.549999999999997,19.244999999999994,18.969999999999995,0.004729625091356641,0.004655838101440336,0.004589308848237109,98/95,0.166452,0.195121,0.09305932314941051,0.07339267685058948,0.7886654917181652,4191.97998046875,0.0,1954.9999999999995,1924.4999999999995,1896.9999999999995,0.004729625091356641,0.004655838101440336,0.004589308848237109,0.166452,1.7886654917181652,1.079896994849888,2022-04-14,2023-03-17,12,0.6563297242685635,12,short leg,Dynamic: 12-month history
1M 98/95 short put spread,short_put_spread,2023-05-19,2023-06-16,28,4191.97998046875,0.98,0.95,4110.0,3980.0,0.9804436135547615,0.9494320150724942,SPXW  230616P04110000,SPXW  230616P03980000,36.9,37.5,18.6,19.1,1835.0000000000002,1804.5000000000002,1777.0000000000002,18.35,18.045,17.770000000000003,0.004377406401150821,0.0043046484200962715,0.004239046961768398,98/95,0.161445,0.196994,0.14247254139682455,0.01897245860317545,0.13316572033576657,4409.58984375,0.0,1835.0000000000002,1804.5000000000002,1777.0000000000002,0.004377406401150821,0.0043046484200962715,0.004239046961768398,0.161445,1.1331657203357666,1.079896994849888,2022-05-20,2023-04-21,12,0.04932759859497815,12,short leg,Dynamic: 12-month history
1M 98/95 short put spread,short_put_spread,2023-06-16,2023-07-21,35,4409.58984375,0.98,0.95,4320.0,4190.0,0.9796829530807766,0.9502017531038087,SPXW  230721P04320000,SPXW  230721P04190000,27.7,28.0,12.2,12.5,1550.0,1532.0,1517.0000000000005,15.5,15.32,15.170000000000005,0.0035150661511000082,0.003474246028054976,0.0034402292588507836,98/95,0.130033,0.155353,0.11545072632825079,0.014582273671749219,0.12630733591306065,4536.33984375,0.0,1550.0,1532.0,1517.0000000000005,0.0035150661511000082,0.003474246028054976,0.0034402292588507836,0.130033,1.1263073359130606,1.106055644909811,2022-06-17,2023-05-19,12,0.018309830157687168,12,short leg,Dynamic: 12-month history
1M 98/95 short put spread,short_put_spread,2023-07-21,2023-08-18,28,4536.33984375,0.98,0.95,4445.0,4310.0,0.9798648586975148,0.9501051835739682,SPXW  230818P04445000,SPXW  230818P04310000,24.2,24.5,9.7,10.0,1450.0,1432.0,1417.0000000000005,14.5,14.32,14.170000000000005,0.003196409550306854,0.0031567299834754582,0.0031236636777826295,98/95,0.127539,0.156943,0.09358339156213479,0.03395560843786523,0.36283797660101236,4369.7099609375,-7529.00390625,-6079.00390625,-6097.00390625,-6112.00390625,-0.01340068009813115,-0.013440359664962546,-0.013473425970655376,0.127539,1.3628379766010124,1.1187573160994018,2022-07-15,2023-06-16,12,0.21817123069425715,12,short leg,Dynamic: 12-month history
1M 98/95 short put spread,short_put_spread,2023-08-18,2023-09-15,28,4369.7099609375,0.98,0.95,4280.0,4150.0,0.979470042236338,0.9497197839441128,SPXW  230915P04280000,SPXW  230915P04150000,38.2,38.6,17.7,18.1,2050.000000000001,2027.0000000000005,2007.0000000000002,20.50000000000001,20.270000000000003,20.070000000000004,0.00469138688454321,0.004638751812180041,0.004592982184038155,98/95,0.167573,0.192936,0.09834115862070726,0.06923184137929274,0.7039966007143921,4450.31982421875,0.0,2050.000000000001,2027.0000000000005,2007.0000000000002,0.00469138688454321,0.004638751812180041,0.004592982184038155,0.167573,1.703996600714392,1.1277764462233626,2022-08-19,2023-07-21,12,0.5109347303897369,12,short leg,Dynamic: 12-month history
1M 98/95 short put spread,short_put_spread,2023-09-15,2023-10-20,35,4450.31982421875,0.98,0.95,4360.0,4230.0,0.9797048689113921,0.9504934852053185,SPXW  231020P04360000,SPXW  231020P04230000,30.0,30.4,13.9,14.1,1620.0,1602.0,1587.0,16.2,16.02,15.87,0.0036401878156799433,0.0035997412843946103,0.003566035841656833,98/95,0.135024,0.160561,0.11793981862660473,0.017084181373395277,0.1448550758542666,4224.16015625,-13000.0,-11380.0,-11398.0,-11413.0,-0.025571195890393673,-0.025611642421679008,-0.025645347864416784,0.135024,1.1448550758542666,1.1297365281244136,2022-09-16,2023-08-18,12,0.013382366023831027,12,short leg,Dynamic: 12-month history
1M 99/96 short put spread,short_put_spread,2023-10-20,2023-11-17,28,4224.16015625,0.99,0.96,4180.0,4055.0,0.9895458139330581,0.95995413289439,SPXW  231117P04180000,SPXW  231117P04055000,67.4,67.8,36.7,37.0,3074.999999999999,3054.5000000000005,3037.000000000001,30.74999999999999,30.545000000000005,30.370000000000008,0.0072795535355123266,0.007231023178608915,0.00718959482515478,99/96,0.197367,0.223123,0.1289999620501261,0.0683670379498739,0.5299771942824929,4514.02001953125,0.0,3074.999999999999,3054.5000000000005,3037.000000000001,0.0072795535355123266,0.007231023178608915,0.00718959482515478,0.197367,1.529977194282493,1.0754796861966516,2022-10-21,2023-09-15,12,0.42259980724799706,12,short leg,Dynamic: 12-month history
1M 98/95 short put spread,short_put_spread,2023-11-17,2023-12-15,28,4514.02001953125,0.98,0.95,4425.0,4290.0,0.9802792147252165,0.9503723912251251,SPXW  231215P04425000,SPXW  231215P04290000,25.0,25.3,9.9,10.2,1510.0,1492.0,1477.0,15.1,14.92,14.77,0.003345133591491699,0.0033052578268249104,0.0032720280229359203,98/95,0.127764,0.156835,0.15358771071537058,-0.025823710715370596,-0.16813656896825036,4719.18994140625,0.0,1510.0,1492.0,1477.0,0.003345133591491699,0.0033052578268249104,0.0032720280229359203,0.127764,0.8318634310317496,1.175433328817405,2022-11-18,2023-10-20,12,-0.2922921184575552,12,short leg,Dynamic: 12-month history
1M 98/95 short put spread,short_put_spread,2023-12-15,2024-01-19,35,4719.18994140625,0.98,0.95,4625.0,4485.0,0.9800410785376902,0.9503749702143871,SPXW  240119P04625000,SPXW  240119P04485000,24.0,24.5,9.7,10.0,1440.0,1417.0,1397.0,14.4,14.17,13.97,0.003051371141825457,0.003002633963865745,0.002960253809118169,98/95,0.116088,0.141844,0.06939476407309018,0.04669323592690981,0.6728639624414612,4839.81005859375,0.0,1440.0,1417.0,1397.0,0.003051371141825457,0.003002633963865745,0.002960253809118169,0.116088,1.6728639624414612,1.175433328817405,2022-12-16,2023-11-17,12,0.4231891519738662,12,short leg,Dynamic: 12-month history
1M 103/100 short put spread,short_put_spread,2024-01-19,2024-02-16,28,4839.81005859375,1.03,1.0,4985.0,4840.0,1.0299990990655605,1.0000392456323597,SPXW  240216P04985000,SPXW  240216P04840000,139.2,142.9,51.6,51.9,8930.000000000002,8827.0,8726.999999999998,89.30000000000001,88.27,87.26999999999998,0.01845113732127474,0.018238319052059585,0.01803169937320992,103/100,0.101973,0.111954,0.11146638199599988,-0.009493381995999889,-0.08516811818957726,5005.56982421875,0.0,8930.000000000002,8827.0,8726.999999999998,0.01845113732127474,0.018238319052059585,0.01803169937320992,0.101973,0.9148318818104227,1.0295628930316902,2023-01-20,2023-12-15,12,-0.1114366222770774,12,short leg,Dynamic: 12-month history
1M 103/100 short put spread,short_put_spread,2024-02-16,2024-03-15,28,5005.56982421875,1.03,1.0,5155.0,5005.0,1.0298527802086095,0.9998861619678158,SPXW  240315P05155000,SPXW  240315P05005000,151.3,155.7,58.8,59.1,9455.0,9334.5,9217.0,94.55,93.345,92.17,0.01888895836444695,0.018648226531245905,0.01841348802169302,103/100,0.107059,0.115994,0.11937937431148893,-0.012320374311488927,-0.10320354234176299,5117.08984375,-3791.015625,5663.984375,5543.484375,5425.984375,0.011315363832496358,0.011074631999295316,0.010839893489742432,0.107059,0.896796457658237,1.0295628930316902,2023-02-17,2024-01-19,12,-0.12895417683761323,12,short leg,Dynamic: 12-month history
1M 101/98 short put spread,short_put_spread,2024-03-15,2024-04-19,35,5117.08984375,1.01,0.98,5170.0,5015.0,1.0103398919826714,0.9800492375808698,SPXW  240419P05170000,SPXW  240419P05015000,88.4,89.0,35.6,36.1,5285.0,5254.500000000002,5227.0,52.85,52.545000000000016,52.27,0.010328136033130403,0.010268531842210733,0.01021479035859463,101/98,0.119199,0.136728,0.11704065445918542,0.0021583455408145796,0.01844099001998689,4967.22998046875,-15500.0,-10215.0,-10245.499999999998,-10273.0,-0.019962518368671158,-0.02002212255959083,-0.02007586404320693,0.119199,1.018440990019987,1.0519623145366672,2023-03-17,2024-02-16,12,-0.03186551842538643,12,short leg,Dynamic: 12-month history
1M 101/98 short put spread,short_put_spread,2024-04-19,2024-05-17,28,4967.22998046875,1.01,0.98,5015.0,4870.0,1.0096170339845514,0.9804257139590757,SPXW  240517P05015000,SPXW  240517P04870000,103.6,104.2,50.5,51.0,5315.0,5284.5,5257.0,53.15,52.845,52.57,0.01070012868520018,0.010638726253422456,0.010583363405098278,101/98,0.158468,0.178724,0.10893980513918047,0.049528194860819524,0.45463818112711674,5303.27001953125,0.0,5315.0,5284.5,5257.0,0.01070012868520018,0.010638726253422456,0.010583363405098278,0.158468,1.4546381811271167,0.9896658009491585,2023-04-21,2024-03-15,12,0.4698276728689801,12,short leg,Dynamic: 12-month history
1M 98/95 short put spread,short_put_spread,2024-05-17,2024-06-21,35,5303.27001953125,0.98,0.95,5195.0,5040.0,0.9795842906107919,0.9503570403615768,SPXW  240621P05195000,SPXW  240621P05040000,26.5,26.8,10.6,10.8,1595.0,1579.5,1567.0,15.95,15.795,15.67,0.0030075783320966565,0.0029783510818474413,0.0029547807187432357,98/95,0.114971,0.139758,0.11659475352036235,-0.001623753520362342,-0.013926471572142995,5464.6201171875,0.0,1595.0,1579.5,1567.0,0.0030075783320966565,0.0029783510818474413,0.0029547807187432357,0.114971,0.986073528427857,1.1565322690215751,2023-05-19,2024-04-19,12,-0.14738779466821628,12,short leg,Dynamic: 12-month history
1M 98/95 short put spread,short_put_spread,2024-06-21,2024-07-19,28,5464.6201171875,0.98,0.95,5355.0,5190.0,0.9799400297117233,0.9497457991043593,SPXW  240719P05355000,SPXW  240719P05190000,25.2,25.5,9.4,9.6,1585.0,1569.5,1557.0000000000005,15.85,15.695,15.570000000000004,0.00290047609167709,0.002872111814439869,0.002849237397313079,98/95,0.12525,0.153174,0.0826413077878824,0.042608692212117605,0.5155858898250067,5505.0,0.0,1585.0,1569.5,1557.0000000000005,0.00290047609167709,0.002872111814439869,0.002849237397313079,0.12525,1.5155858898250067,1.1565322690215751,2023-06-16,2024-05-17,12,0.31045707103978226,12,short leg,Dynamic: 12-month history
1M 99/96 short put spread,short_put_spread,2024-07-19,2024-08-16,28,5505.0,0.99,0.96,5450.0,5285.0,0.9900090826521344,0.9600363306085377,SPXW  240816P05450000,SPXW  240816P05285000,56.0,56.4,24.3,24.7,3170.0,3147.0,3127.0,31.7,31.47,31.27,0.0057584014532243415,0.005716621253405995,0.005680290644868301,99/96,0.145533,0.171826,0.09537907237887884,0.050153927621121155,0.5258378632777252,5554.25,0.0,3170.0,3147.0,3127.0,0.0057584014532243415,0.005716621253405995,0.005680290644868301,0.145533,1.5258378632777252,1.1931879809776504,2023-07-21,2024-06-21,12,0.27879084235119,12,short leg,Dynamic: 12-month history
1M 99/96 short put spread,short_put_spread,2024-08-16,2024-09-20,35,5554.25,0.99,0.96,5500.0,5330.0,0.9902327046856011,0.9596255119953189,SPXW  240920P05500000,SPXW  240920P05330000,56.4,57.1,25.4,26.0,3105.0,3069.5,3037.0,31.05,30.695,30.37,0.005590313723725075,0.0055263987036953685,0.005467884952963947,99/96,0.134191,0.160154,0.2198294850925169,-0.0856384850925169,-0.3895677827588746,5702.5498046875,0.0,3105.0,3069.5,3037.0,0.005590313723725075,0.0055263987036953685,0.005467884952963947,0.134191,0.6104322172411254,1.2644979075942921,2023-08-18,2024-07-19,12,-0.5172532800766172,12,short leg,Dynamic: 12-month history
1M 98/95 short put spread,short_put_spread,2024-09-20,2024-10-18,28,5702.5498046875,0.98,0.95,5590.0,5415.0,0.9802632491530395,0.9495752225695365,SPXW  241018P05590000,SPXW  241018P05415000,40.7,41.2,19.1,19.4,2170.0000000000005,2147.0000000000005,2127.000000000001,21.700000000000003,21.470000000000006,21.27000000000001,0.0038053152963543765,0.003764982461416058,0.0037299104310349125,98/95,0.144817,0.179155,0.1490349492799142,-0.0042179492799142015,-0.028301746001819672,5864.669921875,0.0,2170.0000000000005,2147.0000000000005,2127.000000000001,0.0038053152963543765,0.003764982461416058,0.0037299104310349125,0.144817,0.9716982539981803,1.1565322690215751,2023-09-15,2024-08-16,12,-0.15981743006597138,12,short leg,Dynamic: 12-month history
1M 98/95 short put spread,short_put_spread,2024-10-18,2024-11-15,28,5864.669921875,0.98,0.95,5745.0,5570.0,0.9795947728569283,0.9497550713338713,SPXW  241115P05745000,SPXW  241115P05570000,48.9,49.3,24.0,24.3,2494.999999999999,2474.499999999999,2456.9999999999995,24.949999999999992,24.74499999999999,24.569999999999997,0.004254288874287268,0.004219333795360258,0.004189494093837202,98/95,0.163,0.193342,0.08885243897592798,0.07414756102407202,0.8345022587861677,5870.6201171875,0.0,2494.999999999999,2474.499999999999,2456.9999999999995,0.004254288874287268,0.004219333795360258,0.004189494093837202,0.163,1.8345022587861677,1.1478307521135416,2023-10-20,2024-09-20,12,0.5982341084765619,12,short leg,Dynamic: 12-month history
1M 98/95 short put spread,short_put_spread,2024-11-15,2024-12-20,35,5870.6201171875,0.98,0.95,5755.0,5575.0,0.9803052974167078,0.9496441412855162,SPXW  241220P05755000,SPXW  241220P05575000,50.5,50.9,25.6,25.8,2499.9999999999995,2481.9999999999995,2466.9999999999995,24.999999999999996,24.819999999999997,24.669999999999995,0.004258493907109937,0.004227832750978746,0.004202281787536086,98/95,0.15059,0.180104,0.14103151370132602,0.00955848629867398,0.06777553504046452,5930.85009765625,0.0,2499.9999999999995,2481.9999999999995,2466.9999999999995,0.004258493907109937,0.004227832750978746,0.004202281787536086,0.15059,1.0677755350404645,1.1478307521135416,2023-11-17,2024-10-18,12,-0.06974479201369066,12,short leg,Dynamic: 12-month history
1M 98/95 short put spread,short_put_spread,2024-12-20,2025-01-17,28,5930.85009765625,0.98,0.95,5810.0,5635.0,0.9796234779725748,0.9501167467083406,SPXW  250117P05810000,SPXW  250117P05635000,51.2,51.8,26.6,27.2,2460.0,2427.0000000000005,2397.0000000000005,24.6,24.270000000000003,23.970000000000006,0.004147803366286633,0.004092162101616935,0.004041579133735391,98/95,0.169773,0.201644,0.12998839918889074,0.039784600811109266,0.3060627029747236,5996.66015625,0.0,2460.0,2427.0000000000005,2397.0000000000005,0.004147803366286633,0.004092162101616935,0.004041579133735391,0.169773,1.3060627029747236,1.1478307521135416,2023-12-15,2024-11-15,12,0.1378530332715202,12,short leg,Dynamic: 12-month history
1M 98/95 short put spread,short_put_spread,2025-01-17,2025-02-21,35,5996.66015625,0.98,0.95,5875.0,5695.0,0.9797120141745568,0.9496953056551661,SPXW  250221P05875000,SPXW  250221P05695000,49.3,49.7,23.3,23.6,2604.9999999999995,2584.5,2567.0,26.049999999999997,25.845,25.67,0.004344084760722928,0.004309899064909178,0.004280716153848659,98/95,0.143129,0.169199,0.17492712098742877,-0.03179812098742876,-0.18177925074130696,6013.1298828125,0.0,2604.9999999999995,2584.5,2567.0,0.004344084760722928,0.004309899064909178,0.004280716153848659,0.143129,0.818220749258693,1.1478307521135416,2024-01-19,2024-12-20,12,-0.2871590626474556,12,short leg,Dynamic: 12-month history
1M 98/95 short put spread,short_put_spread,2025-02-21,2025-03-21,28,6013.1298828125,0.98,0.95,5895.0,5710.0,0.9803546763308483,0.9495886686766996,SPXW  250321P05895000,SPXW  250321P05710000,52.9,53.3,26.4,26.8,2649.999999999999,2626.9999999999986,2606.9999999999986,26.49999999999999,26.269999999999985,26.069999999999986,0.004407022718026713,0.004368773086889121,0.004335512538073826,98/95,0.164794,0.198106,0.11847165954123519,0.04632234045876481,0.39099933805385656,5667.56005859375,-18500.0,-15850.0,-15873.000000000002,-15893.000000000002,-0.026358984936122043,-0.026397234567259637,-0.026430495116074933,0.164794,1.3909993380538566,1.1295925959419035,2024-02-16,2025-01-17,12,0.23141683386653278,12,short leg,Dynamic: 12-month history
1M 103/100 short put spread,short_put_spread,2025-03-21,2025-04-17,27,5667.56005859375,1.03,1.0,5840.0,5670.0,1.0304257810457216,1.0004305100221302,SPXW  250417P05840000,SPXW  250417P05670000,187.7,195.7,98.6,99.1,9285.0,9069.5,8857.0,92.85,90.695,88.57,0.01638271126200261,0.01600247709108591,0.01562753620329102,103/100,0.151976,0.172537,0.20198870343716668,-0.05001270343716668,-0.24760148753924893,5282.7001953125,-17000.0,-7715.0,-7930.5,-8143.0,-0.013612559761588598,-0.013992793932505299,-0.014367734820300189,0.151976,0.7523985124607511,0.9180508665308148,2024-03-15,2025-02-21,12,-0.1804391892750351,12,short leg,Dynamic: 12-month history
1M 103/100 short put spread,short_put_spread,2025-04-17,2025-05-16,29,5282.7001953125,1.03,1.0,5440.0,5285.0,1.0297764020049969,1.0004353464331632,SPXW  250516P05440000,SPXW  250516P05285000,214.6,216.6,143.4,144.7,7154.999999999998,7069.5,6987.000000000002,71.54999999999998,70.695,69.87000000000002,0.013544209846223806,0.01338236079774692,0.013226190663251682,103/100,0.233576,0.262225,0.47703762093733293,-0.24346162093733292,-0.510361468889926,5958.3798828125,0.0,7154.999999999998,7069.5,6987.000000000002,0.013544209846223806,0.01338236079774692,0.013226190663251682,0.233576,0.48963853111007405,0.8499967881513975,2024-04-19,2025-03-21,12,-0.4239524926029933,12,short leg,Dynamic: 12-month history
1M 103/100 short put spread,short_put_spread,2025-05-16,2025-06-20,35,5958.3798828125,1.03,1.0,6135.0,5960.0,1.0296423055698374,1.0002719056554574,SPXW  250620P06135000,SPXW  250620P05960000,193.3,202.0,99.9,100.4,9750.0,9517.000000000004,9287.0,97.5,95.17000000000003,92.87,0.016363508523726023,0.01597246262772314,0.015586451657419852,103/100,0.128339,0.144655,0.18884472534624733,-0.06050572534624732,-0.3203993399090703,5967.83984375,-16716.015625,-6966.015625,-7199.015624999996,-7429.015625,-0.011691123698061143,-0.012082169594064026,-0.012468180564367312,0.128339,0.6796006600909297,0.7967972837510451,2024-05-17,2025-04-17,12,-0.14708461744296408,12,short leg,Dynamic: 12-month history
1M 99/96 short put spread,short_put_spread,2025-06-20,2025-07-18,28,5967.83984375,0.99,0.96,5910.0,5730.0,0.9903080770824347,0.960146409760127,SPXW  250718P05910000,SPXW  250718P05730000,81.0,81.5,44.5,44.8,3660.0,3637.000000000001,3617.0,36.6,36.37000000000001,36.17,0.00613287235553589,0.006094332447290721,0.006060819483599266,99/96,0.177014,0.211357,0.127858204583138,0.04915579541686199,0.3844555425842784,6296.7900390625,0.0,3660.0,3637.000000000001,3617.0,0.00613287235553589,0.006094332447290721,0.006060819483599266,0.177014,1.3844555425842784,0.9516722112125752,2024-06-21,2025-05-16,12,0.4547609211161807,12,short leg,Dynamic: 12-month history
1M 98/95 short put spread,short_put_spread,2025-07-18,2025-08-15,28,6296.7900390625,0.98,0.95,6170.0,5980.0,0.9798643374995909,0.9496902331033312,SPXW  250815P06170000,SPXW  250815P05980000,48.6,49.0,22.5,22.8,2615.0,2594.5,2576.9999999999995,26.15,25.945,25.769999999999996,0.0041529096313799516,0.004120353360847146,0.004092561422587432,98/95,0.153292,0.183418,0.07780391943511435,0.07548808056488567,0.9702349330593814,6449.7998046875,0.0,2615.0,2594.5,2576.9999999999995,0.0041529096313799516,0.004120353360847146,0.004092561422587432,0.153292,1.9702349330593814,1.0197368945193224,2024-07-19,2025-06-20,12,0.9321012544006257,12,short leg,Dynamic: 12-month history
1M 98/95 short put spread,short_put_spread,2025-08-15,2025-09-19,35,6449.7998046875,0.98,0.95,6320.0,6125.0,0.979875374644471,0.9496418781166748,SPXW  250919P06320000,SPXW  250919P06125000,52.7,52.9,26.7,27.1,2590.0,2572.0,2557.0,25.9,25.72,25.57,0.004015628513179082,0.003987720670230347,0.0039644641344397345,98/95,0.141668,0.172745,0.10290173229558128,0.03876626770441871,0.37673095330469364,6664.35986328125,0.0,2590.0,2572.0,2557.0,0.004015628513179082,0.003987720670230347,0.0039644641344397345,0.141668,1.3767309533046936,1.0197368945193224,2024-08-16,2025-07-18,12,0.35008447836306744,12,short leg,Dynamic: 12-month history
1M 103/100 short put spread,short_put_spread,2025-09-19,2025-10-17,28,6664.35986328125,1.03,1.0,6860.0,6665.0,1.0293561783475518,1.000096053744378,SPXW  251017P06860000,SPXW  251017P06665000,191.6,201.7,81.7,82.1,11474.999999999996,11209.499999999996,10946.999999999996,114.74999999999996,112.09499999999997,109.46999999999997,0.01721845793955999,0.0168200700891937,0.016426183796458667,103/100,0.104737,0.122795,0.08509393365808247,0.019643066341917523,0.23083979665161203,6664.009765625,-19500.0,-8025.000000000004,-8290.500000000004,-8553.000000000004,-0.012041666663613858,-0.012440054513980147,-0.012833940806715181,0.104737,1.230839796651612,0.8499967881513975,2024-09-20,2025-08-15,12,0.44805229126628254,12,short leg,Dynamic: 12-month history
1M 103/100 short put spread,short_put_spread,2025-10-17,2025-11-21,35,6664.009765625,1.03,1.0,6865.0,6665.0,1.0301605551978283,1.000148594376333,SPXW  251121P06865000,SPXW  251121P06665000,213.0,226.2,123.0,123.6,9630.0,9282.000000000002,8937.0,96.3,92.82000000000002,89.37,0.014450759135550018,0.013928551017256001,0.013410844693085204,103/100,0.137664,0.166978,0.12845643693574996,0.009207563064250052,0.07167848715012548,6602.990234375,-20000.0,-10370.0,-10717.999999999998,-11063.0,-0.015561201685945346,-0.016083409804239363,-0.01660111612841016,0.137664,1.0716784871501255,0.9180508665308148,2024-10-18,2025-09-19,12,0.16734107686194766,12,short leg,Dynamic: 12-month history
1M 102/99 short put spread,short_put_spread,2025-11-21,2025-12-19,28,6602.990234375,1.02,0.99,6735.0,6535.0,1.0199924217573064,0.9897031145039342,SPXW  251219P06735000,SPXW  251219P06535000,187.8,189.0,107.8,108.8,8010.0,7952.000000000004,7897.0,80.1,79.52000000000004,78.97,0.012130867554975536,0.012043028563940763,0.011959732968993985,102/99,0.173305,0.20668,0.14231923964814291,0.030985760351857072,0.21772010887961057,6834.5,0.0,8010.0,7952.000000000004,7897.0,0.012130867554975536,0.012043028563940763,0.011959732968993985,0.173305,1.2177201088796106,0.983920849789612,2024-11-15,2025-10-17,12,0.23761998654667282,12,short leg,Dynamic: 12-month history
1M 103/100 short put spread,short_put_spread,2025-12-19,2026-01-16,28,6834.5,1.03,1.0,7040.0,6835.0,1.0300680371643867,1.0000731582412759,SPXW  260116P07040000,SPXW  260116P06835000,198.3,204.1,80.0,80.6,12090.0,11927.0,11767.0,120.9,119.27,117.67,0.01768966274050772,0.017451166873948352,0.017217060501865535,103/100,0.098234,0.118968,0.12316769468173602,-0.02493369468173602,-0.20243696812028844,6940.009765625,-9999.0234375,2090.9765625,1927.9765625,1767.9765625,0.003059443357231692,0.0028209474906723243,0.002586841118589509,0.098234,0.7975630318797116,0.9684421731921071,2024-12-20,2025-11-21,12,-0.17644743903413096,12,short leg,Dynamic: 12-month history
1M 100/97 short put spread,short_put_spread,2026-01-16,2026-02-20,35,6940.009765625,1.0,0.97,6940.0,6730.0,0.9999985928514037,0.9697392694365917,SPXW  260220P06940000,SPXW  260220P06730000,99.2,99.7,49.1,49.5,5015.0,4989.5,4967.0,50.15,49.895,49.67,0.007226214615489611,0.007189471151343053,0.007157050447684326,100/97,0.128052,0.159181,0.08500857998827482,0.043043420011725175,0.5063420659145479,6909.509765625,-3049.0234375,1965.9765625,1940.4765625,1917.9765625,0.002832815268125129,0.002796071803978572,0.0027636511003198447,0.128052,1.506342065914548,1.1875735456483651,2025-01-17,2025-12-19,12,0.2684200245401631,12,short leg,Dynamic: 12-month history
1M 98/95 short put spread,short_put_spread,2026-02-20,2026-03-20,28,6909.509765625,0.98,0.95,6770.0,6565.0,0.9798090211379301,0.9501397671743739,SPXW  260320P06770000,SPXW  260320P06565000,73.2,73.7,40.6,41.1,3260.0,3232.0,3207.0,32.6,32.32,32.07,0.004718135020546015,0.00467761116147384,0.004641429144445114,98/95,0.183187,0.216919,0.11883316462118158,0.0643538353788184,0.5415477706410217,6506.47998046875,-20500.0,-17240.0,-17268.0,-17293.0,-0.024951118943010213,-0.024991642802082388,-0.025027824819111116,0.183187,1.5415477706410217,1.4330376411208208,2025-02-21,2026-01-16,12,0.07572036240118019,12,short leg,Dynamic: 12-month history
1M 103/100 short put spread,short_put_spread,2026-03-20,2026-04-17,28,6506.47998046875,1.03,1.0,6700.0,6505.0,1.0297426596427195,0.9997725374590881,SPXW  260417P06700000,SPXW  260417P06505000,239.0,240.5,150.0,151.3,8910.0,8836.999999999998,8766.999999999998,89.1,88.36999999999998,87.66999999999999,0.013694040443905419,0.013581844601884642,0.01347425954789212,103/100,0.202584,0.234386,0.13417735976579712,0.06840664023420287,0.5098225241099152,7126.06005859375,0.0,8910.0,8836.999999999998,8766.999999999998,0.013694040443905419,0.013581844601884642,0.01347425954789212,0.202584,1.5098225241099152,1.0380306998931652,2025-03-21,2026-02-20,12,0.4545066193758114,12,short leg,Dynamic: 12-month history
1M 103/100 short put spread,short_put_spread,2026-04-17,2026-05-15,28,7126.06005859375,1.03,1.0,7340.0,7125.0,1.0300221917366872,0.9998512419787324,SPXW  260515P07340000,SPXW  260515P07125000,218.3,233.8,103.2,104.0,12245.0,11834.5,11427.0,122.45,118.345,114.27,0.01718340836214678,0.016607353716768154,0.016035508971355757,103/100,0.125591,0.144132,0.1875932767303727,-0.0620022767303727,-0.3305143862884191,7408.5,0.0,12245.0,11834.5,11427.0,0.01718340836214678,0.016607353716768154,0.016035508971355757,0.125591,0.6694856137115809,1.0740878465831794,2025-04-17,2026-03-20,12,-0.37669380038019573,12,short leg,Dynamic: 12-month history
1M 103/100 short put spread,short_put_spread,2026-05-15,2026-06-18,34,7408.5,1.03,1.0,7630.0,7410.0,1.0298980900317203,1.0002024701356549,SPXW  260618P07630000,SPXW  260618P07410000,252.8,257.3,133.7,134.5,12095.0,11959.499999999998,11827.0,120.95,119.59499999999998,118.27,0.016325841938314097,0.01614294391577242,0.015964095295943847,103/100,0.134489,0.154341,0.11373466510524415,0.020754334894755852,0.18248029196332416,7500.580078125,-12941.9921875,-846.9921875,-982.4921875000018,-1114.9921875,-0.0011432708206789498,-0.0013261688432206274,-0.0015050174630492003,0.134489,1.1824802919633242,1.0740878465831794,2025-05-16,2026-04-17,12,0.10091581030821262,12,short leg,Dynamic: 12-month history
1M 98/95 short put spread,short_put_spread,2026-06-18,2026-07-17,29,7500.580078125,0.98,0.95,7350.0,7125.0,0.9799242089869612,0.9499265291200134,SPXW  260717P07350000,SPXW  260717P07125000,59.5,59.9,28.1,28.5,3140.0,3117.0,3097.0,31.4,31.17,30.97,0.004186342879209603,0.0041556785842345005,0.004129013979908325,98/95,0.157237,0.185938,0.1644843782530378,-0.007247378253037812,-0.04406119492933647,7457.68994140625,0.0,3140.0,3117.0,3097.0,0.004186342879209603,0.0041556785842345005,0.004129013979908325,0.157237,0.9559388050706635,1.5188676637446192,2025-06-20,2026-05-15,12,-0.37062403269953736,12,short leg,Dynamic: 12-month history
1M 98/95 short put spread,short_put_spread,2026-07-17,2026-08-21,35,7457.68994140625,0.98,0.95,7310.0,7085.0,0.9801962883189534,0.9500260879260992,SPXW  260821P07310000,SPXW  260821P07085000,88.4,89.0,49.8,50.3,3865.0,3834.500000000002,3807.0,38.65,38.34500000000002,38.07,0.0051825699785947405,0.005141672595839985,0.005104797906470939,98/95,0.171511,0.202086,0.11630524664665977,0.05520575335334023,0.4746626222379944,7674.3701171875,0.0,3865.0,3834.500000000002,3807.0,0.0051825699785947405,0.005141672595839985,0.005104797906470939,0.171511,1.4746626222379944,1.5188676637446192,2025-07-18,2026-06-18,12,-0.029103945367854878,12,short leg,Dynamic: 12-month history
1M 103/100 short put spread,short_put_spread,2026-08-21,2026-09-18,28,7674.3701171875,1.03,1.0,7905.0,7675.0,1.0300519624791071,1.000082076157767,SPXW  260918P07905000,SPXW  260918P07675000,231.1,236.8,96.4,96.8,13735.0,13579.499999999998,13426.999999999998,137.35,135.795,134.26999999999998,0.01789723428798297,0.017694611795679993,0.01749589841898415,103/100,0.104256,0.123316,0.1288172437050172,-0.024561243705017208,-0.19066735942014723,7650.5,-23000.0,-9265.0,-9420.500000000002,-9573.000000000002,-0.012072652033357277,-0.012275274525660254,-0.012473987902356097,0.104256,0.8093326405798528,1.0601191170811064,2025-08-15,2026-07-17,12,-0.2365644317326906,12,short leg,Dynamic: 12-month history
1M 98/95 short put spread,short_put_spread,2019-11-15,2019-12-20,35,3120.4599609375,0.98,0.95,3060.0,2965.0,0.9806246637693324,0.9501804340117878,SPXW  191220P03060000,SPXW  191220P02965000,23.1,23.7,10.7,11.1,1250.0000000000002,1222.0000000000002,1197.0000000000002,12.500000000000002,12.220000000000002,11.970000000000002,0.004005819704940084,0.003916089343549426,0.0038359729494506245,98/95,0.122995,0.154443,0.058103313587985046,0.06489168641201495,1.1168328001422907,3221.219970703125,0.0,1250.0000000000002,1222.0000000000002,1197.0000000000002,0.004005819704940084,0.003916089343549426,0.0038359729494506245,0.122995,2.1168328001422907,1.1684629024552282,2017-11-17,2019-10-18,24,0.8116388596456967,24,short leg,Dynamic: 24-month history
1M 98/95 short put spread,short_put_spread,2019-12-20,2020-01-17,28,3221.219970703125,0.98,0.95,3155.0,3060.0,0.9794425803560783,0.9499506484594611,SPXW  200117P03155000,SPXW  200117P03060000,16.0,16.3,8.0,8.3,799.9999999999998,781.9999999999999,766.9999999999997,7.999999999999997,7.8199999999999985,7.669999999999996,0.002483531107083558,0.002427651657174178,0.0023810854489163605,98/95,0.12049,0.161079,0.07726082182080321,0.04322917817919679,0.559522629457158,3329.6201171875,0.0,799.9999999999998,781.9999999999999,766.9999999999997,0.002483531107083558,0.002427651657174178,0.0023810854489163605,0.12049,1.559522629457158,1.1684629024552282,2017-12-15,2019-11-15,24,0.33467877001504887,24,short leg,Dynamic: 24-month history
1M 98/95 short put spread,short_put_spread,2020-01-17,2020-02-21,35,3329.6201171875,0.98,0.95,3265.0,3165.0,0.9805923453988247,0.9505588891844655,SPXW  200221P03265000,SPXW  200221P03165000,23.5,23.8,10.9,11.2,1260.0,1242.0,1227.0,12.6,12.42,12.27,0.003784215483009247,0.0037301552618234004,0.003685105077501862,98/95,0.117796,0.149898,0.06963264619328462,0.04816335380671538,0.6916777752927084,3337.75,0.0,1260.0,1242.0,1227.0,0.003784215483009247,0.0037301552618234004,0.003685105077501862,0.117796,1.6916777752927084,1.1684629024552282,2018-01-19,2019-12-20,24,0.44778047444901925,24,short leg,Dynamic: 24-month history
1M 99/96 short put spread,short_put_spread,2020-02-21,2020-03-20,28,3337.75,0.99,0.96,3305.0,3205.0,0.9901880008988091,0.9602276982997529,SPXW  200320P03305000,SPXW  200320P03205000,41.7,42.3,21.5,21.9,2030.0,2002.0000000000005,1977.0,20.3,20.020000000000003,19.77,0.006081941427608419,0.005998052580331063,0.0059231518238334205,99/96,0.15686,0.191117,0.13555104714294353,0.021308952857056473,0.15720242156879394,2304.919921875,-10000.0,-7970.0,-7998.0,-8023.0,-0.023878361171447832,-0.02396225001872519,-0.02403715077522283,0.15686,1.157202421568794,1.073756278228146,2018-02-16,2020-01-17,24,0.07771423090381946,24,short leg,Dynamic: 24-month history
1M 103/100 short put spread,short_put_spread,2020-03-20,2020-04-17,28,2304.919921875,1.03,1.0,2375.0,2305.0,1.0304045608959775,1.0000347422590434,SPXW  200417P02375000,SPXW  200417P02305000,184.5,191.5,153.7,157.7,3230.000000000002,2952.000000000002,2677.000000000002,32.30000000000002,29.520000000000017,26.770000000000017,0.014013502028185302,0.012807386373747062,0.011614286355867509,103/100,0.559583,0.59255,0.8348738695538477,-0.27529086955384763,-0.32973947274330395,2874.56005859375,0.0,3230.000000000002,2952.000000000002,2677.000000000002,0.014013502028185302,0.012807386373747062,0.011614286355867509,0.559583,0.670260527256696,0.8219896645391989,2018-03-16,2020-02-21,24,-0.18458764608379963,24,short leg,Dynamic: 24-month history
1M 103/100 short put spread,short_put_spread,2020-04-17,2020-05-15,28,2874.56005859375,1.03,1.0,2960.0,2875.0,1.0297227887623428,1.0001530465174784,SPXW  200515P02960000,SPXW  200515P02875000,144.7,146.8,105.8,107.0,3935.0,3849.5,3766.999999999998,39.35,38.495,37.66999999999998,0.01368905126276966,0.013391614443718374,0.013104614004282918,103/100,0.300433,0.333707,0.5894801972737838,-0.28904719727378375,-0.4903425061784322,2863.699951171875,-8500.0,-4565.0,-4650.5,-4733.000000000002,-0.015880690982094915,-0.016178127801146202,-0.016465128240581658,0.300433,0.5096574938215678,0.8219896645391989,2018-04-20,2020-03-20,24,-0.37997092200997695,24,short leg,Dynamic: 24-month history
1M 102/99 short put spread,short_put_spread,2020-05-15,2020-06-19,35,2863.699951171875,1.02,0.99,2920.0,2835.0,1.0196598979600102,0.9899780173687085,SPXW  200619P02920000,SPXW  200619P02835000,130.0,131.5,94.0,95.0,3625.0,3559.5,3497.0,36.25,35.595,34.97,0.012658449075702181,0.012429723995851561,0.012211474873856697,102/99,0.250688,0.285552,0.2733208874610599,-0.022632887461059903,-0.08280701731690521,3097.739990234375,0.0,3625.0,3559.5,3497.0,0.012658449075702181,0.012429723995851561,0.012211474873856697,0.250688,0.9171929826830948,0.8615342906122305,2018-05-18,2020-04-17,24,0.06460415177591083,24,short leg,Dynamic: 24-month history
1M 103/100 short put spread,short_put_spread,2020-06-19,2020-07-17,28,3097.739990234375,1.03,1.0,3190.0,3100.0,1.029783006338968,1.0007295672886523,SPXW  200717P03190000,SPXW  200717P03100000,159.0,160.8,112.7,114.2,4645.0,4559.499999999998,4477.0,46.45,45.594999999999985,44.77,0.014994802709857386,0.014718795038879382,0.014452471847584827,103/100,0.248374,0.284464,0.2677381591763992,-0.019364159176399193,-0.0723249881001875,3224.72998046875,0.0,4645.0,4559.499999999998,4477.0,0.014994802709857386,0.014718795038879382,0.014452471847584827,0.248374,0.9276750118998125,0.8356491672015045,2018-06-15,2020-05-15,24,0.110124976258269,24,short leg,Dynamic: 24-month history
1M 103/100 short put spread,short_put_spread,2020-07-17,2020-08-21,35,3224.72998046875,1.03,1.0,3320.0,3225.0,1.0295435649211788,1.0000837339972293,SPXW  200821P03320000,SPXW  200821P03225000,136.6,137.7,87.3,88.0,4949.999999999998,4901.999999999996,4856.999999999996,49.49999999999998,49.01999999999996,48.569999999999965,0.015350122428794678,0.015201272756757875,0.015061726189223378,103/100,0.187486,0.211791,0.189345690691771,-0.0018596906917709988,-0.009821668953630014,3397.159912109375,0.0,4949.999999999998,4901.999999999996,4856.999999999996,0.015350122428794678,0.015201272756757875,0.015061726189223378,0.187486,0.99017833104637,0.8356491672015045,2018-07-20,2020-06-19,24,0.18492110075615376,24,short leg,Dynamic: 24-month history
1M 98/95 short put spread,short_put_spread,2020-08-21,2020-09-18,28,3397.159912109375,0.98,0.95,3330.0,3225.0,0.9802305708748124,0.949322399721102,SPXW  200918P03330000,SPXW  200918P03225000,44.0,44.5,26.4,26.8,1765.0,1739.4999999999995,1716.9999999999995,17.65,17.394999999999996,17.169999999999995,0.005195516389171303,0.005120453687798005,0.005054221892468625,98/95,0.191725,0.233971,0.09525106914940115,0.09647393085059885,1.0128382989515807,3319.469970703125,-1053.0029296875,711.9970703125,686.4970703124995,663.9970703124995,0.002095859743824672,0.0020207970424513744,0.001954565247121995,0.191725,2.0128382989515807,1.168841554574897,2018-08-17,2020-07-17,24,0.7220796874249069,24,short leg,Dynamic: 24-month history
1M 103/100 short put spread,short_put_spread,2020-09-18,2020-10-16,28,3319.469970703125,1.03,1.0,3420.0,3320.0,1.030284964221436,1.000159672869932,SPXW  201016P03420000,SPXW  201016P03320000,128.3,129.8,77.6,78.3,5110.000000000003,5052.000000000004,4997.000000000004,51.10000000000003,50.52000000000004,49.970000000000034,0.015394023880618538,0.015219297190779819,0.015053608088346547,103/100,0.193437,0.219613,0.21787787236911788,-0.024440872369117878,-0.11217693703062859,3483.81005859375,0.0,5110.000000000003,5052.000000000004,4997.000000000004,0.015394023880618538,0.015219297190779819,0.015053608088346547,0.193437,0.8878230629693714,0.8581969121843775,2018-09-21,2020-08-21,24,0.034521390562436416,24,short leg,Dynamic: 24-month history
1M 103/100 short put spread,short_put_spread,2020-10-16,2020-11-20,35,3483.81005859375,1.03,1.0,3590.0,3485.0,1.0304809790488731,1.0003415632271095,SPXW  201120P03590000,SPXW  201120P03485000,158.0,171.4,107.5,114.7,5360.0,4842.0,4327.000000000002,53.6,48.42,43.27000000000002,0.015385454171871756,0.013898576324664748,0.012420309739121104,103/100,0.205857,0.23656,0.19161848739510465,0.014238512604895365,0.07430657030256427,3557.5400390625,-3245.99609375,2114.00390625,1596.00390625,1081.0039062500018,0.006068080264695383,0.004581202417488373,0.0031029358319447304,0.205857,1.0743065703025643,0.8581969121843775,2018-10-19,2020-09-18,24,0.25181826577320177,24,short leg,Dynamic: 24-month history
1M 103/100 short put spread,short_put_spread,2020-11-20,2020-12-18,28,3557.5400390625,1.03,1.0,3665.0,3560.0,1.030206254815847,1.0006914780748746,SPXW  201218P03665000,SPXW  201218P03560000,142.4,145.2,83.2,84.0,6020.000000000002,5927.000000000002,5837.000000000004,60.20000000000002,59.27000000000002,58.37000000000003,0.01692180533149086,0.01666038873749939,0.01640740493686249,103/100,0.190467,0.20539,0.22515666388504263,-0.03468966388504263,-0.15406900815848823,3709.409912109375,0.0,6020.000000000002,5927.000000000002,5837.000000000004,0.01692180533149086,0.01666038873749939,0.01640740493686249,0.190467,0.8459309918415118,0.8795203907489182,2018-11-16,2020-10-16,24,-0.038190585756408435,24,short leg,Dynamic: 24-month history
1M 98/95 short put spread,short_put_spread,2020-12-18,2021-01-15,28,3709.409912109375,0.98,0.95,3635.0,3525.0,0.9799402293430921,0.9502859170383493,SPXW  210115P03635000,SPXW  210115P03525000,44.8,45.5,26.0,26.7,1880.0,1841.999999999999,1806.9999999999995,18.8,18.41999999999999,18.069999999999997,0.005068191557537863,0.00496574938775784,0.004871394757697296,98/95,0.194611,0.229789,0.10235516916440954,0.09225583083559047,0.9013304514929104,3768.25,0.0,1880.0,1841.999999999999,1806.9999999999995,0.005068191557537863,0.00496574938775784,0.004871394757697296,0.194611,1.9013304514929104,1.168841554574897,2018-12-21,2020-11-20,24,0.6266793767307639,24,short leg,Dynamic: 24-month history
1M 103/100 short put spread,short_put_spread,2021-01-15,2021-02-19,35,3768.25,1.03,1.0,3880.0,3770.0,1.0296556757115372,1.0004644065547668,SPXW  210219P03880000,SPXW  210219P03770000,151.7,155.1,95.6,96.5,5734.999999999998,5624.499999999998,5516.999999999998,57.34999999999998,56.24499999999998,55.16999999999998,0.015219266237643464,0.014926026670204998,0.014640748357991106,103/100,0.179681,0.202593,0.10357143178064089,0.07610956821935912,0.7348509807275367,3906.7099609375,0.0,5734.999999999998,5624.499999999998,5516.999999999998,0.015219266237643464,0.014926026670204998,0.014640748357991106,0.179681,1.7348509807275367,0.8795203907489182,2019-01-18,2020-12-18,24,0.9724966003918318,24,short leg,Dynamic: 24-month history
1M 101/98 short put spread,short_put_spread,2021-02-19,2021-03-19,28,3906.7099609375,1.01,0.98,3945.0,3830.0,1.0098010959209553,0.980364562072816,SPXW  210319P03945000,SPXW  210319P03830000,93.0,93.8,53.4,53.9,3975.0,3939.5,3907.0,39.75,39.395,39.07,0.010174801917074264,0.010083932616934356,0.010000742412580919,101/98,0.162469,0.199555,0.15186756728512862,0.010601432714871378,0.06980708853370499,3913.10009765625,-3189.990234375,785.009765625,749.509765625,717.009765625,0.0020093883945165457,0.0019185190943766372,0.0018353288900231997,0.162469,1.069807088533705,0.9729106116069046,2019-02-15,2021-01-15,24,0.09959442909843652,24,short leg,Dynamic: 24-month history
1M 103/100 short put spread,short_put_spread,2021-03-19,2021-04-16,28,3913.10009765625,1.03,1.0,4030.0,3915.0,1.0298739872291454,1.0004855235737231,SPXW  210416P04030000,SPXW  210416P03915000,141.7,143.0,74.4,75.1,6760.0,6706.999999999998,6656.999999999999,67.6,67.06999999999998,66.57,0.017275305592230825,0.017139863107558002,0.017012087178621387,103/100,0.146411,0.165461,0.18860622412244157,-0.04219522412244156,-0.22372127069915138,4185.47021484375,0.0,6760.0,6706.999999999998,6656.999999999999,0.017275305592230825,0.017139863107558002,0.017012087178621387,0.146411,0.7762787293008486,0.9092587717796157,2019-03-15,2021-02-19,24,-0.14625104162426328,24,short leg,Dynamic: 24-month history
1M 103/100 short put spread,short_put_spread,2021-04-16,2021-05-21,35,4185.47021484375,1.03,1.0,4310.0,4185.0,1.0297528781150098,0.9998876554318599,SPXW  210521P04310000,SPXW  210521P04185000,147.8,148.9,71.1,71.5,7705.000000000002,7664.500000000001,7627.000000000002,77.05000000000001,76.64500000000001,76.27000000000002,0.018408923261893625,0.018312159940400217,0.01822256427235077,103/100,0.121334,0.1335,0.12012026379867413,0.0012137362013258657,0.010104341789992421,4155.85986328125,-12500.0,-4794.999999999998,-4835.499999999999,-4872.999999999998,-0.01145629942125631,-0.011553062742749719,-0.011642658410799167,0.121334,1.0101043417899924,0.8893327973143952,2019-04-18,2021-03-19,24,0.135800169340772,24,short leg,Dynamic: 24-month history
1M 98/95 short put spread,short_put_spread,2021-05-21,2021-06-18,28,4155.85986328125,0.98,0.95,4075.0,3950.0,0.9805431689370278,0.9504651576199411,SPXW  210618P04075000,SPXW  210618P03950000,48.2,48.7,28.2,28.7,2000.0,1972.0,1947.0,20.0,19.72,19.47,0.004812481810733879,0.004745107065383605,0.004684951042749431,98/95,0.178529,0.219112,0.14231869690226887,0.03621030309773113,0.2544311034733333,4166.4501953125,0.0,2000.0,1972.0,1947.0,0.004812481810733879,0.004745107065383605,0.004684951042749431,0.178529,1.2544311034733333,1.2286316304497122,2019-05-17,2021-04-16,24,0.02099854210507157,24,short leg,Dynamic: 24-month history
1M 98/95 short put spread,short_put_spread,2021-06-18,2021-07-16,28,4166.4501953125,0.98,0.95,4080.0,3960.0,0.9792508751431227,0.9504493788153837,SPXW  210716P04080000,SPXW  210716P03960000,49.6,50.2,29.1,29.6,2055.000000000001,2024.500000000001,1997.000000000001,20.550000000000008,20.245000000000008,19.97000000000001,0.004932256246125289,0.0048590524429589525,0.004793049013874551,98/95,0.186379,0.22183,0.08283457802441589,0.1035444219755841,1.2500144800045203,4327.16015625,0.0,2055.000000000001,2024.500000000001,1997.000000000001,0.004932256246125289,0.0048590524429589525,0.004793049013874551,0.186379,2.2500144800045203,1.2397924140478573,2019-06-21,2021-05-21,24,0.8148316238347844,24,short leg,Dynamic: 24-month history
1M 98/95 short put spread,short_put_spread,2021-07-16,2021-08-20,35,4327.16015625,0.98,0.95,4240.0,4110.0,0.9798574230898043,0.9498146247403527,SPXW  210820P04240000,SPXW  210820P04110000,54.3,54.8,32.1,32.6,2220.0,2192.0,2167.0,22.2,21.92,21.67,0.005130385564290956,0.005065677998615215,0.005007903386404731,98/95,0.169994,0.20473,0.10112589254863172,0.06886810745136829,0.6810135932125339,4441.669921875,0.0,2220.0,2192.0,2167.0,0.005130385564290956,0.005065677998615215,0.005007903386404731,0.169994,1.6810135932125339,1.2544220675988782,2019-07-19,2021-06-18,24,0.3400701698673123,24,short leg,Dynamic: 24-month history
1M 98/95 short put spread,short_put_spread,2021-08-20,2021-09-17,28,4441.669921875,0.98,0.95,4355.0,4220.0,0.9804870862987466,0.9500931123262252,SPXW  210917P04355000,SPXW  210917P04220000,44.3,44.9,25.9,26.4,1844.999999999999,1814.5,1787.0,18.449999999999992,18.145,17.87,0.004153843109577926,0.0040851752424548235,0.004023261591770058,98/95,0.16252,0.207227,0.08386506029187885,0.07865493970812115,0.9378749557250099,4432.990234375,0.0,1844.999999999999,1814.5,1787.0,0.004153843109577926,0.0040851752424548235,0.004023261591770058,0.16252,1.93787495572501,1.2544220675988782,2019-08-16,2021-07-16,24,0.5448348731893298,24,short leg,Dynamic: 24-month history
1M 98/95 short put spread,short_put_spread,2021-09-17,2021-10-15,28,4432.990234375,0.98,0.95,4345.0,4210.0,0.9801510425868544,0.9496975579495183,SPXW  211015P04345000,SPXW  211015P04210000,54.8,55.4,32.6,33.2,2219.9999999999986,2186.9999999999995,2156.9999999999995,22.199999999999985,21.869999999999994,21.569999999999997,0.005007906362584155,0.004933464511248447,0.0048657901009432555,98/95,0.189395,0.230159,0.08508592149584869,0.10430907850415132,1.225926412623274,4471.3701171875,0.0,2219.9999999999986,2186.9999999999995,2156.9999999999995,0.005007906362584155,0.004933464511248447,0.0048657901009432555,0.189395,2.225926412623274,1.2598773324947508,2019-09-20,2021-08-20,24,0.7667802691676322,24,short leg,Dynamic: 24-month history
1M 98/95 short put spread,short_put_spread,2021-10-15,2021-11-19,35,4471.3701171875,0.98,0.95,4380.0,4250.0,0.9795655213518822,0.9504916588460044,SPXW  211119P04380000,SPXW  211119P04250000,46.4,46.9,26.9,27.3,1955.0,1929.4999999999995,1906.9999999999995,19.55,19.294999999999995,19.069999999999997,0.00437226163069162,0.004315232131160859,0.004264911984516071,98/95,0.151845,0.186577,0.16221274243274908,-0.010367742432749072,-0.0639144759977619,4697.9599609375,0.0,1955.0,1929.4999999999995,1906.9999999999995,0.00437226163069162,0.004315232131160859,0.004264911984516071,0.151845,0.9360855240022381,1.289665127711483,2019-10-18,2021-09-17,24,-0.2741638865095729,24,short leg,Dynamic: 24-month history
1M 98/95 short put spread,short_put_spread,2021-11-19,2021-12-17,28,4697.9599609375,0.98,0.95,4605.0,4465.0,0.9802126962106017,0.950412527379009,SPXW  211217P04605000,SPXW  211217P04465000,44.2,44.6,24.6,24.9,1965.000000000001,1944.5,1927.0,19.65000000000001,19.445,19.27,0.00418266655386283,0.004139030592359425,0.004101780381319934,98/95,0.15858,0.19858,0.06750313323284787,0.09107686676715213,1.3492242864192412,4620.64013671875,0.0,1965.000000000001,1944.5,1927.0,0.00418266655386283,0.004139030592359425,0.004101780381319934,0.15858,2.349224286419241,1.289665127711483,2019-11-15,2021-10-15,24,0.8215769628414711,24,short leg,Dynamic: 24-month history
1M 99/96 short put spread,short_put_spread,2021-12-17,2022-01-21,35,4620.64013671875,0.99,0.96,4575.0,4435.0,0.9901225511253166,0.9598237189597331,SPXW  220121P04575000,SPXW  220121P04435000,83.2,84.1,51.0,51.7,3230.0,3187.000000000001,3147.000000000002,32.3,31.870000000000008,31.470000000000017,0.006990373421059612,0.006897312722265321,0.006810744630363657,99/96,0.182818,0.217555,0.18761110322630922,-0.004793103226309214,-0.025548078679157094,4397.93994140625,-14000.0,-10770.0,-10813.0,-10852.999999999998,-0.023308458744523846,-0.023401519443318135,-0.0234880875352198,0.182818,0.9744519213208429,1.2002008079580124,2019-12-20,2021-11-19,24,-0.18809259678907586,24,short leg,Dynamic: 24-month history
1M 102/99 short put spread,short_put_spread,2022-01-21,2022-02-18,28,4397.93994140625,1.02,0.99,4485.0,4355.0,1.0197956451778905,0.990236351114763,SPXW  220218P04485000,SPXW  220218P04355000,158.7,173.1,105.7,108.4,5884.9999999999945,5454.499999999998,5026.999999999998,58.849999999999945,54.54499999999998,50.26999999999998,0.013381265043192595,0.01240239765133289,0.011430351635026205,102/99,0.22773,0.25566,0.15286022934976137,0.07486977065023862,0.48979234800785343,4348.8701171875,-13000.0,-7115.0000000000055,-7545.500000000002,-7973.000000000002,-0.01617802901993466,-0.017156896411794367,-0.018128942428101053,0.22773,1.4897923480078534,1.0159601900836925,2020-01-17,2021-12-17,24,0.4663885086728916,24,short leg,Dynamic: 24-month history
1M 101/98 short put spread,short_put_spread,2022-02-18,2022-03-18,28,4348.8701171875,1.01,0.98,4390.0,4260.0,1.0094576020217176,0.9795647800939675,SPXW  220318P04390000,SPXW  220318P04260000,133.9,134.9,86.5,87.3,4750.0,4702.0,4656.999999999998,47.5,47.02,46.56999999999998,0.010922377242831797,0.010812003746483181,0.01070852859365635,101/98,0.234451,0.266627,0.22338493370835447,0.011066066291645527,0.049538104956053486,4463.1201171875,0.0,4750.0,4702.0,4656.999999999998,0.010922377242831797,0.010812003746483181,0.01070852859365635,0.234451,1.0495381049560535,1.0646309856471663,2020-02-21,2022-01-21,24,-0.014176631053001154,24,short leg,Dynamic: 24-month history
1M 99/96 short put spread,short_put_spread,2022-03-18,2022-04-14,27,4463.1201171875,0.99,0.96,4420.0,4285.0,0.9903385712113272,0.9600906736743297,SPXW  220414P04420000,SPXW  220414P04285000,80.1,80.8,47.4,48.0,3274.999999999999,3239.499999999999,3206.999999999999,32.74999999999999,32.39499999999999,32.06999999999999,0.00733791588397533,0.00725837511637804,0.007185556103788971,99/96,0.207694,0.242909,0.26139175180790686,-0.05369775180790687,-0.20543016922495927,4392.58984375,-2741.015625,533.9843749999991,498.4843749999991,465.9843749999991,0.0011964373823227887,0.001116896614725499,0.0010440776021364308,0.207694,0.7945698307750407,1.1770421303155896,2020-03-20,2022-02-18,24,-0.3249435935126639,24,short leg,Dynamic: 24-month history
1M 100/97 short put spread,short_put_spread,2022-04-14,2022-05-20,36,4392.58984375,1.0,0.97,4395.0,4260.0,1.0005486868420983,0.9698151094305663,SPXW  220520P04395000,SPXW  220520P04260000,111.2,112.0,68.1,68.7,4319.999999999999,4281.999999999999,4246.999999999996,43.19999999999999,42.81999999999999,42.46999999999996,0.009834744771690248,0.009748235442680008,0.009668555797538994,100/97,0.195467,0.224296,0.16662654518958797,0.02884045481041203,0.17308439527205777,3901.360107421875,-13500.0,-9180.0,-9218.0,-9253.000000000004,-0.02089883263984178,-0.020985341968852017,-0.021065021613993033,0.195467,1.1730843952720578,1.114963801297356,2020-04-17,2022-03-18,24,0.052127785590055487,24,short leg,Dynamic: 24-month history
1M 103/100 short put spread,short_put_spread,2022-05-20,2022-06-17,28,3901.360107421875,1.03,1.0,4020.0,3900.0,1.0304098799678674,0.9996513760882294,SPXW  220617P04020000,SPXW  220617P03900000,178.8,183.0,116.9,117.9,6350.0,6217.000000000004,6087.0,63.5,62.17000000000004,60.87,0.016276374969641686,0.015935468218309042,0.015602251092946289,103/100,0.248652,0.26947,0.3390484481886693,-0.09039644818866929,-0.2666180856205147,3674.840087890625,-12000.0,-5650.0,-5782.999999999996,-5913.0,-0.014482128909996145,-0.014823035661328789,-0.01515625278669154,0.248652,0.7333819143794853,0.9861303733145637,2020-05-15,2022-04-14,24,-0.25630328988401885,24,short leg,Dynamic: 24-month history
1M 103/100 short put spread,short_put_spread,2022-06-17,2022-07-15,28,3674.840087890625,1.03,1.0,3785.0,3675.0,1.0299767906833213,1.0000435153926566,SPXW  220715P03785000,SPXW  220715P03675000,170.0,171.1,111.8,112.5,5840.0,5792.0,5747.0,58.4,57.92,57.47,0.015891847972498273,0.01576123004395719,0.015638775735949927,103/100,0.262046,0.278478,0.28579301216835973,-0.023747012168359727,-0.08309164730161578,3863.159912109375,0.0,5840.0,5792.0,5747.0,0.015891847972498273,0.01576123004395719,0.015638775735949927,0.262046,0.9169083526983842,0.9861303733145637,2020-06-19,2022-05-20,24,-0.07019560748698128,24,short leg,Dynamic: 24-month history
1M 103/100 short put spread,short_put_spread,2022-07-15,2022-08-19,35,3863.159912109375,1.03,1.0,3980.0,3865.0,1.0302446936054552,1.0004763167801718,SPXW  220819P03980000,SPXW  220819P03865000,165.6,168.7,107.5,108.0,5939.999999999996,5846.999999999996,5756.999999999996,59.39999999999996,58.46999999999996,57.569999999999965,0.015376013768885427,0.015135278199776614,0.014902308294187441,103/100,0.20049,0.222804,0.23272850212726132,-0.032238502127261315,-0.13852408206379707,4228.47998046875,0.0,5939.999999999996,5846.999999999996,5756.999999999996,0.015376013768885427,0.015135278199776614,0.014902308294187441,0.20049,0.8614759179362029,0.9861303733145637,2020-07-17,2022-06-17,24,-0.12640768274824998,24,short leg,Dynamic: 24-month history
1M 103/100 short put spread,short_put_spread,2022-08-19,2022-09-16,28,4228.47998046875,1.03,1.0,4355.0,4230.0,1.0299209219662013,1.000359471852361,SPXW  220916P04355000,SPXW  220916P04230000,152.4,154.8,84.3,84.8,6905.000000000002,6829.500000000004,6757.000000000004,69.05000000000001,68.29500000000003,67.57000000000004,0.01632974504288547,0.01615119388419788,0.015979737473537602,103/100,0.160237,0.181846,0.17450943141623526,-0.01427243141623527,-0.08178601752585535,3873.330078125,-12500.0,-5594.999999999998,-5670.499999999996,-5742.999999999996,-0.013231705070954981,-0.013410256229642575,-0.013581712640302848,0.160237,0.9182139824741447,0.9702416144415111,2020-08-21,2022-07-15,24,-0.053623377097996916,24,short leg,Dynamic: 24-month history
1M 103/100 short put spread,short_put_spread,2022-09-16,2022-10-21,35,3873.330078125,1.03,1.0,3990.0,3875.0,1.0301213476573825,1.0004311333765308,SPXW  221021P03990000,SPXW  221021P03875000,171.5,172.2,113.4,114.0,5815.0,5779.5,5747.0,58.15,57.795,57.47,0.015012921395056842,0.014921268994450733,0.014837361867135282,103/100,0.227729,0.24628,0.24317540153590977,-0.015446401535909787,-0.06351958889899811,3752.75,-11500.0,-5685.0,-5720.5,-5753.0,-0.014677292885795038,-0.014768945286401146,-0.014852852413716597,0.227729,0.9364804111010019,0.9494917475028616,2020-09-18,2022-08-19,24,-0.013703474976037633,24,short leg,Dynamic: 24-month history
1M 103/100 short put spread,short_put_spread,2022-10-21,2022-11-18,28,3752.75,1.03,1.0,3865.0,3755.0,1.0299113983079076,1.0005995603224302,SPXW  221118P03865000,SPXW  221118P03755000,173.2,174.0,113.6,114.3,5965.000000000002,5924.499999999998,5887.000000000002,59.65000000000002,59.24499999999998,58.87000000000002,0.015895010325761114,0.015787089467723666,0.01568716274731864,103/100,0.271077,0.281612,0.29299287337961377,-0.02191587337961376,-0.07480002201698144,3965.340087890625,0.0,5965.000000000002,5924.499999999998,5887.000000000002,0.015895010325761114,0.015787089467723666,0.01568716274731864,0.271077,0.9251999779830186,0.9494917475028616,2020-10-16,2022-09-16,24,-0.02558397119693745,24,short leg,Dynamic: 24-month history
1M 103/100 short put spread,short_put_spread,2022-11-18,2022-12-16,28,3965.340087890625,1.03,1.0,4085.0,3965.0,1.0301764563586344,0.999914234874415,SPXW  221216P04085000,SPXW  221216P03965000,157.6,160.8,93.2,93.7,6574.999999999998,6479.499999999998,6386.999999999996,65.74999999999999,64.79499999999999,63.86999999999996,0.01658117552156186,0.01634033867558328,0.016107067384975752,103/100,0.203982,0.219407,0.2820333606359019,-0.0780513606359019,-0.2767451356106212,3852.360107421875,-12000.0,-5425.000000000002,-5520.500000000002,-5613.000000000004,-0.013681045962657512,-0.01392188280863609,-0.01415515409924362,0.203982,0.7232548643893788,0.93853154640323,2020-11-20,2022-10-21,24,-0.22937607461237097,24,short leg,Dynamic: 24-month history
1M 103/100 short put spread,short_put_spread,2022-12-16,2023-01-20,35,3852.360107421875,1.03,1.0,3970.0,3850.0,1.0305370965584142,0.999387360642291,SPXW  230120P03970000,SPXW  230120P03850000,158.6,159.7,95.1,96.0,6359.999999999998,6306.999999999996,6256.999999999996,63.59999999999998,63.069999999999965,62.569999999999965,0.016509360035545373,0.016371782035249156,0.016241991468931977,103/100,0.191024,0.208589,0.19816986883632942,-0.007145868836329422,-0.036059310521274424,3972.610107421875,0.0,6359.999999999998,6306.999999999996,6256.999999999996,0.016509360035545373,0.016371782035249156,0.016241991468931977,0.191024,0.9639406894787256,0.93853154640323,2020-12-18,2022-11-18,24,0.027073296761171317,24,short leg,Dynamic: 24-month history
1M 103/100 short put spread,short_put_spread,2023-01-20,2023-02-17,28,3972.610107421875,1.03,1.0,4090.0,3975.0,1.0295498147071644,1.0006015925332465,SPXW  230217P04090000,SPXW  230217P03975000,142.3,145.3,79.1,79.8,6435.000000000003,6339.500000000004,6247.000000000004,64.35000000000002,63.39500000000004,62.470000000000034,0.016198418233840113,0.015958022127961057,0.015725177732214327,103/100,0.167998,0.184144,0.17720276014941283,-0.009204760149412822,-0.051944789921170575,4079.090087890625,-1090.9912109375,5344.008789062503,5248.508789062504,5156.008789062504,0.01345213510653486,0.013211739000655805,0.012978894604909075,0.167998,0.9480552100788294,0.93853154640323,2021-01-15,2022-12-16,24,0.010147409228914439,24,short leg,Dynamic: 24-month history
1M 98/95 short put spread,short_put_spread,2023-02-17,2023-03-17,28,4079.090087890625,0.98,0.95,4000.0,3875.0,0.9806108504135725,0.9499667613381484,SPXW  230317P04000000,SPXW  230317P03875000,50.5,51.0,24.9,25.4,2560.0,2532.0,2507.0,25.6,25.32,25.07,0.006275909442646864,0.006207266683117914,0.006145978504967065,98/95,0.195509,0.218554,0.1621120418357446,0.03339695816425539,0.20601158178054346,3916.639892578125,-8336.0107421875,-5776.0107421875,-5804.0107421875,-5829.0107421875,-0.014160047014736036,-0.014228689774264986,-0.014289977952415834,0.195509,1.2060115817805435,1.1202264264097037,2021-02-19,2023-01-20,24,0.07657840714022335,24,short leg,Dynamic: 24-month history
1M 99/96 short put spread,short_put_spread,2023-03-17,2023-04-21,35,3916.639892578125,0.99,0.96,3875.0,3760.0,0.9893684653886534,0.9600065625448612,SPXW  230421P03875000,SPXW  230421P03760000,85.9,86.7,54.6,55.3,3135.000000000002,3094.5,3057.0,31.35000000000002,30.945,30.57,0.008004310036112077,0.007900905073923065,0.007805159738562874,99/96,0.232954,0.256895,0.17718052315883265,0.055773476841167346,0.31478333987742824,4133.52001953125,0.0,3135.000000000002,3094.5,3057.0,0.008004310036112077,0.007900905073923065,0.007805159738562874,0.232954,1.3147833398774282,1.0823054400019303,2021-03-19,2023-02-17,24,0.21479879088021891,24,short leg,Dynamic: 24-month history
1M 98/95 short put spread,short_put_spread,2023-04-21,2023-05-19,28,4133.52001953125,0.98,0.95,4050.0,3925.0,0.9797944562656984,0.9495538866278682,SPXW  230519P04050000,SPXW  230519P03925000,37.3,37.9,17.8,18.3,1954.9999999999995,1924.4999999999995,1896.9999999999995,19.549999999999997,19.244999999999994,18.969999999999995,0.004729625091356641,0.004655838101440336,0.004589308848237109,98/95,0.166452,0.195121,0.09305932314941051,0.07339267685058948,0.7886654917181652,4191.97998046875,0.0,1954.9999999999995,1924.4999999999995,1896.9999999999995,0.004729625091356641,0.004655838101440336,0.004589308848237109,0.166452,1.7886654917181652,1.1614110118638692,2021-04-16,2023-03-17,24,0.5400796732998581,24,short leg,Dynamic: 24-month history
1M 98/95 short put spread,short_put_spread,2023-05-19,2023-06-16,28,4191.97998046875,0.98,0.95,4110.0,3980.0,0.9804436135547615,0.9494320150724942,SPXW  230616P04110000,SPXW  230616P03980000,36.9,37.5,18.6,19.1,1835.0000000000002,1804.5000000000002,1777.0000000000002,18.35,18.045,17.770000000000003,0.004377406401150821,0.0043046484200962715,0.004239046961768398,98/95,0.161445,0.196994,0.14247254139682455,0.01897245860317545,0.13316572033576657,4409.58984375,0.0,1835.0000000000002,1804.5000000000002,1777.0000000000002,0.004377406401150821,0.0043046484200962715,0.004239046961768398,0.161445,1.1331657203357666,1.1614110118638692,2021-05-21,2023-04-21,24,-0.024319806889701923,24,short leg,Dynamic: 24-month history
1M 98/95 short put spread,short_put_spread,2023-06-16,2023-07-21,35,4409.58984375,0.98,0.95,4320.0,4190.0,0.9796829530807766,0.9502017531038087,SPXW  230721P04320000,SPXW  230721P04190000,27.7,28.0,12.2,12.5,1550.0,1532.0,1517.0000000000005,15.5,15.32,15.170000000000005,0.0035150661511000082,0.003474246028054976,0.0034402292588507836,98/95,0.130033,0.155353,0.11545072632825079,0.014582273671749219,0.12630733591306065,4536.33984375,0.0,1550.0,1532.0,1517.0000000000005,0.0035150661511000082,0.003474246028054976,0.0034402292588507836,0.130033,1.1263073359130606,1.1312056384347158,2021-06-18,2023-05-19,24,-0.004330160985082321,24,short leg,Dynamic: 24-month history
1M 98/95 short put spread,short_put_spread,2023-07-21,2023-08-18,28,4536.33984375,0.98,0.95,4445.0,4310.0,0.9798648586975148,0.9501051835739682,SPXW  230818P04445000,SPXW  230818P04310000,24.2,24.5,9.7,10.0,1450.0,1432.0,1417.0000000000005,14.5,14.32,14.170000000000005,0.003196409550306854,0.0031567299834754582,0.0031236636777826295,98/95,0.127539,0.156943,0.09358339156213479,0.03395560843786523,0.36283797660101236,4369.7099609375,-7529.00390625,-6079.00390625,-6097.00390625,-6112.00390625,-0.01340068009813115,-0.013440359664962546,-0.013473425970655376,0.127539,1.3628379766010124,1.1277764462233626,2021-07-16,2023-06-16,24,0.20842918928198162,24,short leg,Dynamic: 24-month history
1M 98/95 short put spread,short_put_spread,2023-08-18,2023-09-15,28,4369.7099609375,0.98,0.95,4280.0,4150.0,0.979470042236338,0.9497197839441128,SPXW  230915P04280000,SPXW  230915P04150000,38.2,38.6,17.7,18.1,2050.000000000001,2027.0000000000005,2007.0000000000002,20.50000000000001,20.270000000000003,20.070000000000004,0.00469138688454321,0.004638751812180041,0.004592982184038155,98/95,0.167573,0.192936,0.09834115862070726,0.06923184137929274,0.7039966007143921,4450.31982421875,0.0,2050.000000000001,2027.0000000000005,2007.0000000000002,0.00469138688454321,0.004638751812180041,0.004592982184038155,0.167573,1.703996600714392,1.1277764462233626,2021-08-20,2023-07-21,24,0.5109347303897369,24,short leg,Dynamic: 24-month history
1M 98/95 short put spread,short_put_spread,2023-09-15,2023-10-20,35,4450.31982421875,0.98,0.95,4360.0,4230.0,0.9797048689113921,0.9504934852053185,SPXW  231020P04360000,SPXW  231020P04230000,30.0,30.4,13.9,14.1,1620.0,1602.0,1587.0,16.2,16.02,15.87,0.0036401878156799433,0.0035997412843946103,0.003566035841656833,98/95,0.135024,0.160561,0.11793981862660473,0.017084181373395277,0.1448550758542666,4224.16015625,-13000.0,-11380.0,-11398.0,-11413.0,-0.025571195890393673,-0.025611642421679008,-0.025645347864416784,0.135024,1.1448550758542666,1.1277764462233626,2021-09-17,2023-08-18,24,0.015143630360517024,24,short leg,Dynamic: 24-month history
1M 99/96 short put spread,short_put_spread,2023-10-20,2023-11-17,28,4224.16015625,0.99,0.96,4180.0,4055.0,0.9895458139330581,0.95995413289439,SPXW  231117P04180000,SPXW  231117P04055000,67.4,67.8,36.7,37.0,3074.999999999999,3054.5000000000005,3037.000000000001,30.74999999999999,30.545000000000005,30.370000000000008,0.0072795535355123266,0.007231023178608915,0.00718959482515478,99/96,0.197367,0.223123,0.1289999620501261,0.0683670379498739,0.5299771942824929,4514.02001953125,0.0,3074.999999999999,3054.5000000000005,3037.000000000001,0.0072795535355123266,0.007231023178608915,0.00718959482515478,0.197367,1.529977194282493,1.0734737067763884,2021-10-15,2023-09-15,24,0.42525819181633406,24,short leg,Dynamic: 24-month history
1M 98/95 short put spread,short_put_spread,2023-11-17,2023-12-15,28,4514.02001953125,0.98,0.95,4425.0,4290.0,0.9802792147252165,0.9503723912251251,SPXW  231215P04425000,SPXW  231215P04290000,25.0,25.3,9.9,10.2,1510.0,1492.0,1477.0,15.1,14.92,14.77,0.003345133591491699,0.0033052578268249104,0.0032720280229359203,98/95,0.127764,0.156835,0.15358771071537058,-0.025823710715370596,-0.16813656896825036,4719.18994140625,0.0,1510.0,1492.0,1477.0,0.003345133591491699,0.0033052578268249104,0.0032720280229359203,0.127764,0.8318634310317496,1.1312056384347158,2021-11-19,2023-10-20,24,-0.2646222731148823,24,short leg,Dynamic: 24-month history
1M 98/95 short put spread,short_put_spread,2023-12-15,2024-01-19,35,4719.18994140625,0.98,0.95,4625.0,4485.0,0.9800410785376902,0.9503749702143871,SPXW  240119P04625000,SPXW  240119P04485000,24.0,24.5,9.7,10.0,1440.0,1417.0,1397.0,14.4,14.17,13.97,0.003051371141825457,0.003002633963865745,0.002960253809118169,98/95,0.116088,0.141844,0.06939476407309018,0.04669323592690981,0.6728639624414612,4839.81005859375,0.0,1440.0,1417.0,1397.0,0.003051371141825457,0.003002633963865745,0.002960253809118169,0.116088,1.6728639624414612,1.1277764462233626,2021-12-17,2023-11-17,24,0.48332940277610725,24,short leg,Dynamic: 24-month history
1M 98/95 short put spread,short_put_spread,2024-01-19,2024-02-16,28,4839.81005859375,0.98,0.95,4745.0,4600.0,0.9804103761416418,0.950450522708441,SPXW  240216P04745000,SPXW  240216P04600000,24.9,25.2,9.6,9.8,1534.9999999999995,1519.5,1507.0,15.349999999999996,15.195,15.07,0.0031716120703422965,0.0031395860201206003,0.0031137585602643925,98/95,0.125673,0.154156,0.11146638199599988,0.014206618004000124,0.12745204203819904,5005.56982421875,0.0,1534.9999999999995,1519.5,1507.0,0.0031716120703422965,0.0031395860201206003,0.0031137585602643925,0.125673,1.127452042038199,1.1312056384347158,2022-01-21,2023-12-15,24,-0.0033182263851784244,24,short leg,Dynamic: 24-month history
1M 98/95 short put spread,short_put_spread,2024-02-16,2024-03-15,28,5005.56982421875,0.98,0.95,4905.0,4755.0,0.9799084164739533,0.9499417982331596,SPXW  240315P04905000,SPXW  240315P04755000,29.1,29.4,11.8,12.0,1735.0,1719.5,1707.0,17.35,17.195,17.07,0.0034661388431851355,0.0034351733376696485,0.0034102011558023206,98/95,0.13024,0.159545,0.11937937431148893,0.010860625688511066,0.09097572969492318,5117.08984375,0.0,1735.0,1719.5,1707.0,0.0034661388431851355,0.0034351733376696485,0.0034102011558023206,0.13024,1.0909757296949232,1.128348799285932,2022-02-18,2024-01-19,24,-0.0331219119607874,24,short leg,Dynamic: 24-month history
1M 100/97 short put spread,short_put_spread,2024-03-15,2024-04-19,35,5117.08984375,1.0,0.97,5115.0,4965.0,0.9995915952594515,0.970278058741579,SPXW  240419P05115000,SPXW  240419P04965000,64.3,64.8,26.8,27.2,3755.0,3729.5,3707.0,37.55,37.295,37.07,0.007338155308307411,0.007288322296227027,0.007244351991450218,100/97,0.124556,0.143931,0.11704065445918542,0.00751534554081458,0.06421141077466674,4967.22998046875,-14777.001953125,-11022.001953125,-11047.501953125,-11070.001953125,-0.02153959045019943,-0.021589423462279815,-0.021633393767056624,0.124556,1.0642114107746667,1.0085707422993901,2022-03-18,2024-02-16,24,0.05516783914276968,24,short leg,Dynamic: 24-month history
1M 100/97 short put spread,short_put_spread,2024-04-19,2024-05-17,28,4967.22998046875,1.0,0.97,4965.0,4820.0,0.9995510615619735,0.970359741536498,SPXW  240517P04965000,SPXW  240517P04820000,81.3,81.9,39.1,39.6,4224.999999999999,4194.499999999999,4166.999999999998,42.24999999999999,41.94499999999999,41.66999999999998,0.008505746697078221,0.008444344265300498,0.008388981416976318,100/97,0.165155,0.186158,0.10893980513918047,0.05621519486081952,0.516020703259011,5303.27001953125,0.0,4224.999999999999,4194.499999999999,4166.999999999998,0.008505746697078221,0.008444344265300498,0.008388981416976318,0.165155,1.516020703259011,1.025969041148934,2022-04-14,2024-03-15,24,0.4776476116289936,24,short leg,Dynamic: 24-month history
1M 98/95 short put spread,short_put_spread,2024-05-17,2024-06-21,35,5303.27001953125,0.98,0.95,5195.0,5040.0,0.9795842906107919,0.9503570403615768,SPXW  240621P05195000,SPXW  240621P05040000,26.5,26.8,10.6,10.8,1595.0,1579.5,1567.0,15.95,15.795,15.67,0.0030075783320966565,0.0029783510818474413,0.0029547807187432357,98/95,0.114971,0.139758,0.11659475352036235,-0.001623753520362342,-0.013926471572142995,5464.6201171875,0.0,1595.0,1579.5,1567.0,0.0030075783320966565,0.0029783510818474413,0.0029547807187432357,0.114971,0.986073528427857,1.128348799285932,2022-05-20,2024-04-19,24,-0.1260915693339798,24,short leg,Dynamic: 24-month history
1M 98/95 short put spread,short_put_spread,2024-06-21,2024-07-19,28,5464.6201171875,0.98,0.95,5355.0,5190.0,0.9799400297117233,0.9497457991043593,SPXW  240719P05355000,SPXW  240719P05190000,25.2,25.5,9.4,9.6,1585.0,1569.5,1557.0000000000005,15.85,15.695,15.570000000000004,0.00290047609167709,0.002872111814439869,0.002849237397313079,98/95,0.12525,0.153174,0.0826413077878824,0.042608692212117605,0.5155858898250067,5505.0,0.0,1585.0,1569.5,1557.0000000000005,0.00290047609167709,0.002872111814439869,0.002849237397313079,0.12525,1.5155858898250067,1.128348799285932,2022-06-17,2024-05-17,24,0.34318917234115465,24,short leg,Dynamic: 24-month history
1M 98/95 short put spread,short_put_spread,2024-07-19,2024-08-16,28,5505.0,0.98,0.95,5395.0,5230.0,0.9800181653042689,0.9500454132606722,SPXW  240816P05395000,SPXW  240816P05230000,42.2,42.5,18.9,19.2,2330.0,2312.0000000000014,2297.0000000000005,23.3,23.120000000000015,22.970000000000006,0.004232515894641235,0.004199818346957314,0.004172570390554043,98/95,0.153987,0.18161,0.09537907237887884,0.05860792762112117,0.6144736592563,5554.25,0.0,2330.0,2312.0000000000014,2297.0000000000005,0.004232515894641235,0.004199818346957314,0.004172570390554043,0.153987,1.6144736592563,1.1312056384347158,2022-07-15,2024-06-21,24,0.42721500353401454,24,short leg,Dynamic: 24-month history
1M 98/95 short put spread,short_put_spread,2024-08-16,2024-09-20,35,5554.25,0.98,0.95,5445.0,5275.0,0.9803303776387451,0.9497231849484629,SPXW  240920P05445000,SPXW  240920P05275000,43.3,43.9,20.1,20.6,2324.999999999999,2294.5,2267.0,23.24999999999999,22.945,22.67,0.004185983706170949,0.004131070801638385,0.004081559166404105,98/95,0.142403,0.169183,0.2198294850925169,-0.0774264850925169,-0.3522115564248871,5702.5498046875,0.0,2324.999999999999,2294.5,2267.0,0.004185983706170949,0.004131070801638385,0.004081559166404105,0.142403,0.6477884435751129,1.1390103980950166,2022-08-19,2024-07-19,24,-0.43127082539498096,24,short leg,Dynamic: 24-month history
1M 98/95 short put spread,short_put_spread,2024-09-20,2024-10-18,28,5702.5498046875,0.98,0.95,5590.0,5415.0,0.9802632491530395,0.9495752225695365,SPXW  241018P05590000,SPXW  241018P05415000,40.7,41.2,19.1,19.4,2170.0000000000005,2147.0000000000005,2127.000000000001,21.700000000000003,21.470000000000006,21.27000000000001,0.0038053152963543765,0.003764982461416058,0.0037299104310349125,98/95,0.144817,0.179155,0.1490349492799142,-0.0042179492799142015,-0.028301746001819672,5864.669921875,0.0,2170.0000000000005,2147.0000000000005,2127.000000000001,0.0038053152963543765,0.003764982461416058,0.0037299104310349125,0.144817,0.9716982539981803,1.1390103980950166,2022-09-16,2024-08-16,24,-0.14689255197025786,24,short leg,Dynamic: 24-month history
1M 98/95 short put spread,short_put_spread,2024-10-18,2024-11-15,28,5864.669921875,0.98,0.95,5745.0,5570.0,0.9795947728569283,0.9497550713338713,SPXW  241115P05745000,SPXW  241115P05570000,48.9,49.3,24.0,24.3,2494.999999999999,2474.499999999999,2456.9999999999995,24.949999999999992,24.74499999999999,24.569999999999997,0.004254288874287268,0.004219333795360258,0.004189494093837202,98/95,0.163,0.193342,0.08885243897592798,0.07414756102407202,0.8345022587861677,5870.6201171875,0.0,2494.999999999999,2474.499999999999,2456.9999999999995,0.004254288874287268,0.004219333795360258,0.004189494093837202,0.163,1.8345022587861677,1.1390103980950166,2022-10-21,2024-09-20,24,0.6106106334537018,24,short leg,Dynamic: 24-month history
1M 98/95 short put spread,short_put_spread,2024-11-15,2024-12-20,35,5870.6201171875,0.98,0.95,5755.0,5575.0,0.9803052974167078,0.9496441412855162,SPXW  241220P05755000,SPXW  241220P05575000,50.5,50.9,25.6,25.8,2499.9999999999995,2481.9999999999995,2466.9999999999995,24.999999999999996,24.819999999999997,24.669999999999995,0.004258493907109937,0.004227832750978746,0.004202281787536086,98/95,0.15059,0.180104,0.14103151370132602,0.00955848629867398,0.06777553504046452,5930.85009765625,0.0,2499.9999999999995,2481.9999999999995,2466.9999999999995,0.004258493907109937,0.004227832750978746,0.004202281787536086,0.15059,1.0677755350404645,1.1565322690215751,2022-11-18,2024-10-18,24,-0.07674384568292136,24,short leg,Dynamic: 24-month history
1M 98/95 short put spread,short_put_spread,2024-12-20,2025-01-17,28,5930.85009765625,0.98,0.95,5810.0,5635.0,0.9796234779725748,0.9501167467083406,SPXW  250117P05810000,SPXW  250117P05635000,51.2,51.8,26.6,27.2,2460.0,2427.0000000000005,2397.0000000000005,24.6,24.270000000000003,23.970000000000006,0.004147803366286633,0.004092162101616935,0.004041579133735391,98/95,0.169773,0.201644,0.12998839918889074,0.039784600811109266,0.3060627029747236,5996.66015625,0.0,2460.0,2427.0000000000005,2397.0000000000005,0.004147803366286633,0.004092162101616935,0.004041579133735391,0.169773,1.3060627029747236,1.1565322690215751,2022-12-16,2024-11-15,24,0.1292920551880934,24,short leg,Dynamic: 24-month history
1M 98/95 short put spread,short_put_spread,2025-01-17,2025-02-21,35,5996.66015625,0.98,0.95,5875.0,5695.0,0.9797120141745568,0.9496953056551661,SPXW  250221P05875000,SPXW  250221P05695000,49.3,49.7,23.3,23.6,2604.9999999999995,2584.5,2567.0,26.049999999999997,25.845,25.67,0.004344084760722928,0.004309899064909178,0.004280716153848659,98/95,0.143129,0.169199,0.17492712098742877,-0.03179812098742876,-0.18177925074130696,6013.1298828125,0.0,2604.9999999999995,2584.5,2567.0,0.004344084760722928,0.004309899064909178,0.004280716153848659,0.143129,0.818220749258693,1.1871105219847138,2023-01-20,2024-12-20,24,-0.3107459380524056,24,short leg,Dynamic: 24-month history
1M 98/95 short put spread,short_put_spread,2025-02-21,2025-03-21,28,6013.1298828125,0.98,0.95,5895.0,5710.0,0.9803546763308483,0.9495886686766996,SPXW  250321P05895000,SPXW  250321P05710000,52.9,53.3,26.4,26.8,2649.999999999999,2626.9999999999986,2606.9999999999986,26.49999999999999,26.269999999999985,26.069999999999986,0.004407022718026713,0.004368773086889121,0.004335512538073826,98/95,0.164794,0.198106,0.11847165954123519,0.04632234045876481,0.39099933805385656,5667.56005859375,-18500.0,-15850.0,-15873.000000000002,-15893.000000000002,-0.026358984936122043,-0.026397234567259637,-0.026430495116074933,0.164794,1.3909993380538566,1.1871105219847138,2023-02-17,2025-01-17,24,0.17175217664507247,24,short leg,Dynamic: 24-month history
1M 103/100 short put spread,short_put_spread,2025-03-21,2025-04-17,27,5667.56005859375,1.03,1.0,5840.0,5670.0,1.0304257810457216,1.0004305100221302,SPXW  250417P05840000,SPXW  250417P05670000,187.7,195.7,98.6,99.1,9285.0,9069.5,8857.0,92.85,90.695,88.57,0.01638271126200261,0.01600247709108591,0.01562753620329102,103/100,0.151976,0.172537,0.20198870343716668,-0.05001270343716668,-0.24760148753924893,5282.7001953125,-17000.0,-7715.0,-7930.5,-8143.0,-0.013612559761588598,-0.013992793932505299,-0.014367734820300189,0.151976,0.7523985124607511,0.9264690479114359,2023-03-17,2025-02-21,24,-0.187885969685762,24,short leg,Dynamic: 24-month history
1M 103/100 short put spread,short_put_spread,2025-04-17,2025-05-16,29,5282.7001953125,1.03,1.0,5440.0,5285.0,1.0297764020049969,1.0004353464331632,SPXW  250516P05440000,SPXW  250516P05285000,214.6,216.6,143.4,144.7,7154.999999999998,7069.5,6987.000000000002,71.54999999999998,70.695,69.87000000000002,0.013544209846223806,0.01338236079774692,0.013226190663251682,103/100,0.233576,0.262225,0.47703762093733293,-0.24346162093733292,-0.510361468889926,5958.3798828125,0.0,7154.999999999998,7069.5,6987.000000000002,0.013544209846223806,0.01338236079774692,0.013226190663251682,0.233576,0.48963853111007405,0.9064137004298016,2023-04-21,2025-03-21,24,-0.45980678482915904,24,short leg,Dynamic: 24-month history
1M 100/97 short put spread,short_put_spread,2025-05-16,2025-06-20,35,5958.3798828125,1.0,0.97,5960.0,5780.0,1.0002719056554574,0.9700623514578093,SPXW  250620P05960000,SPXW  250620P05780000,99.9,100.4,50.4,51.0,4945.0,4914.5,4887.0,49.45,49.145,48.87,0.00829923586152053,0.008248047450241183,0.008201893964661443,100/97,0.144655,0.170964,0.18884472534624733,-0.04418972534624732,-0.23400031568382618,5967.83984375,0.0,4945.0,4914.5,4887.0,0.00829923586152053,0.008248047450241183,0.008201893964661443,0.144655,0.7659996843161738,1.0043149208280004,2023-05-19,2025-04-17,24,-0.23729134315295175,24,short leg,Dynamic: 24-month history
1M 98/95 short put spread,short_put_spread,2025-06-20,2025-07-18,28,5967.83984375,0.98,0.95,5850.0,5670.0,0.9802541879749989,0.9500925206526911,SPXW  250718P05850000,SPXW  250718P05670000,66.1,66.5,36.7,37.0,2945.0,2924.4999999999995,2906.999999999999,29.45,29.244999999999994,29.06999999999999,0.004934783903566447,0.004900433115782707,0.004871109272552685,98/95,0.188727,0.222362,0.127858204583138,0.06086879541686199,0.47606483772641206,6296.7900390625,0.0,2945.0,2924.4999999999995,2906.999999999999,0.004934783903566447,0.004900433115782707,0.004871109272552685,0.188727,1.476064837726412,1.1361535589462328,2023-06-16,2025-05-16,24,0.29917723366147997,24,short leg,Dynamic: 24-month history
1M 98/95 short put spread,short_put_spread,2025-07-18,2025-08-15,28,6296.7900390625,0.98,0.95,6170.0,5980.0,0.9798643374995909,0.9496902331033312,SPXW  250815P06170000,SPXW  250815P05980000,48.6,49.0,22.5,22.8,2615.0,2594.5,2576.9999999999995,26.15,25.945,25.769999999999996,0.0041529096313799516,0.004120353360847146,0.004092561422587432,98/95,0.153292,0.183418,0.07780391943511435,0.07548808056488567,0.9702349330593814,6449.7998046875,0.0,2615.0,2594.5,2576.9999999999995,0.0041529096313799516,0.004120353360847146,0.004092561422587432,0.153292,1.9702349330593814,1.1565322690215751,2023-07-21,2025-06-20,24,0.7035710855921018,24,short leg,Dynamic: 24-month history
1M 98/95 short put spread,short_put_spread,2025-08-15,2025-09-19,35,6449.7998046875,0.98,0.95,6320.0,6125.0,0.979875374644471,0.9496418781166748,SPXW  250919P06320000,SPXW  250919P06125000,52.7,52.9,26.7,27.1,2590.0,2572.0,2557.0,25.9,25.72,25.57,0.004015628513179082,0.003987720670230347,0.0039644641344397345,98/95,0.141668,0.172745,0.10290173229558128,0.03876626770441871,0.37673095330469364,6664.35986328125,0.0,2590.0,2572.0,2557.0,0.004015628513179082,0.003987720670230347,0.0039644641344397345,0.141668,1.3767309533046936,1.1565322690215751,2023-08-18,2025-07-18,24,0.19039562507789465,24,short leg,Dynamic: 24-month history
1M 98/95 short put spread,short_put_spread,2025-09-19,2025-10-17,28,6664.35986328125,0.98,0.95,6530.0,6330.0,0.979839044403719,0.9498286601953356,SPXW  251017P06530000,SPXW  251017P06330000,45.8,46.2,21.7,22.0,2415.0,2394.5,2377.0,24.15,23.945,23.77,0.0036237538931622997,0.0035929932493487067,0.003566734163166371,98/95,0.14418,0.177665,0.08509393365808247,0.05908606634191753,0.6943628505803052,6664.009765625,0.0,2415.0,2394.5,2377.0,0.0036237538931622997,0.0035929932493487067,0.003566734163166371,0.14418,1.6943628505803052,1.1565322690215751,2023-09-15,2025-08-15,24,0.46503724622723586,24,short leg,Dynamic: 24-month history
1M 99/96 short put spread,short_put_spread,2025-10-17,2025-11-21,35,6664.009765625,0.99,0.96,6595.0,6395.0,0.9896444080888096,0.9596324472673142,SPXW  251121P06595000,SPXW  251121P06395000,101.7,102.4,60.9,61.4,4090.000000000002,4057.000000000002,4027.000000000002,40.90000000000002,40.57000000000002,40.27000000000002,0.006137445987995804,0.006087926252640337,0.006042908311408094,99/96,0.178675,0.211405,0.12845643693574996,0.050218563064250044,0.39093847114386215,6602.990234375,0.0,4090.000000000002,4057.000000000002,4027.000000000002,0.006137445987995804,0.006087926252640337,0.006042908311408094,0.178675,1.3909384711438622,1.165774426102843,2023-10-20,2025-09-19,24,0.19314546622345907,24,short leg,Dynamic: 24-month history
1M 101/98 short put spread,short_put_spread,2025-11-21,2025-12-19,28,6602.990234375,1.01,0.98,6670.0,6470.0,1.0101483968999605,0.9798590896465883,SPXW  251219P06670000,SPXW  251219P06470000,156.7,157.8,90.2,91.2,6655.0,6599.5,6546.999999999998,66.55,65.995,65.46999999999998,0.010078766988559576,0.009994714160931468,0.009915204729391362,101/98,0.184149,0.217369,0.14231923964814291,0.04182976035185709,0.2939150072419805,6834.5,0.0,6655.0,6599.5,6546.999999999998,0.010078766988559576,0.009994714160931468,0.009915204729391362,0.184149,1.2939150072419805,1.0296169336314271,2023-11-17,2025-10-17,24,0.25669553887228935,24,short leg,Dynamic: 24-month history
1M 98/95 short put spread,short_put_spread,2025-12-19,2026-01-16,28,6834.5,0.98,0.95,6700.0,6495.0,0.9803204330967884,0.9503255541736777,SPXW  260116P06700000,SPXW  260116P06495000,44.5,45.0,20.4,20.7,2420.0000000000005,2397.0000000000005,2377.0000000000005,24.200000000000003,23.970000000000006,23.770000000000003,0.0035408588777525794,0.0035072060867656746,0.003477942790255323,98/95,0.139536,0.172295,0.12316769468173602,0.01636830531826397,0.1328944684769775,6940.009765625,0.0,2420.0000000000005,2397.0000000000005,2377.0000000000005,0.0035408588777525794,0.0035072060867656746,0.003477942790255323,0.139536,1.1328944684769775,1.3413968281397086,2023-12-15,2025-11-21,24,-0.15543674719425782,24,short leg,Dynamic: 24-month history
1M 98/95 short put spread,short_put_spread,2026-01-16,2026-02-20,35,6940.009765625,0.98,0.95,6800.0,6595.0,0.9798257105748625,0.9502868472413555,SPXW  260220P06800000,SPXW  260220P06595000,61.6,62.0,32.4,32.8,2920.0000000000005,2897.0000000000005,2876.9999999999995,29.200000000000003,28.970000000000006,28.769999999999996,0.004207486874821469,0.004174345711081436,0.004145527307829233,98/95,0.148891,0.178757,0.08500857998827482,0.06388242001172517,0.7514820271146327,6909.509765625,0.0,2920.0000000000005,2897.0000000000005,2876.9999999999995,0.004207486874821469,0.004174345711081436,0.004145527307829233,0.148891,1.7514820271146327,1.2371360825818036,2024-01-19,2025-12-19,24,0.41575534961314076,24,short leg,Dynamic: 24-month history
1M 99/96 short put spread,short_put_spread,2026-02-20,2026-03-20,28,6909.509765625,0.99,0.96,6840.0,6635.0,0.9899399859059737,0.9602707319424174,SPXW  260320P06840000,SPXW  260320P06635000,89.6,90.1,49.6,50.1,4000.0,3972.0,3947.0,40.0,39.72,39.47,0.005789122724596338,0.005748598865524163,0.005712416848495436,99/96,0.170161,0.205896,0.11883316462118158,0.05132783537881842,0.4319319067403631,6506.47998046875,-20500.0,-16500.0,-16528.0,-16553.0,-0.023880131238959892,-0.023920655098032064,-0.023956837115060792,0.170161,1.431931906740363,1.2457396203619637,2024-02-16,2026-01-16,24,0.14946324523603027,24,short leg,Dynamic: 24-month history
1M 102/99 short put spread,short_put_spread,2026-03-20,2026-04-17,28,6506.47998046875,1.02,0.99,6635.0,6440.0,1.0197526189148423,0.989782496731211,SPXW  260417P06635000,SPXW  260417P06440000,205.3,206.6,127.5,128.8,7780.0,7711.999999999998,7646.999999999998,77.8,77.11999999999998,76.46999999999998,0.011957310286597548,0.011852799091290523,0.011752898684011751,102/99,0.213774,0.243755,0.13417735976579712,0.07959664023420288,0.5932196040608984,7126.06005859375,0.0,7780.0,7711.999999999998,7646.999999999998,0.011957310286597548,0.011852799091290523,0.011752898684011751,0.213774,1.5932196040608984,1.0218280021792516,2024-03-15,2026-02-20,24,0.5591856953059031,24,short leg,Dynamic: 24-month history
1M 103/100 short put spread,short_put_spread,2026-04-17,2026-05-15,28,7126.06005859375,1.03,1.0,7340.0,7125.0,1.0300221917366872,0.9998512419787324,SPXW  260515P07340000,SPXW  260515P07125000,218.3,233.8,103.2,104.0,12245.0,11834.5,11427.0,122.45,118.345,114.27,0.01718340836214678,0.016607353716768154,0.016035508971355757,103/100,0.125591,0.144132,0.1875932767303727,-0.0620022767303727,-0.3305143862884191,7408.5,0.0,12245.0,11834.5,11427.0,0.01718340836214678,0.016607353716768154,0.016035508971355757,0.125591,0.6694856137115809,1.001580522503985,2024-04-19,2026-03-20,24,-0.3315708535966292,24,short leg,Dynamic: 24-month history
1M 103/100 short put spread,short_put_spread,2026-05-15,2026-06-18,34,7408.5,1.03,1.0,7630.0,7410.0,1.0298980900317203,1.0002024701356549,SPXW  260618P07630000,SPXW  260618P07410000,252.8,257.3,133.7,134.5,12095.0,11959.499999999998,11827.0,120.95,119.59499999999998,118.27,0.016325841938314097,0.01614294391577242,0.015964095295943847,103/100,0.134489,0.154341,0.11373466510524415,0.020754334894755852,0.18248029196332416,7500.580078125,-12941.9921875,-846.9921875,-982.4921875000018,-1114.9921875,-0.0011432708206789498,-0.0013261688432206274,-0.0015050174630492003,0.134489,1.1824802919633242,0.9684421731921071,2024-05-17,2026-04-17,24,0.22101280251532263,24,short leg,Dynamic: 24-month history
1M 102/99 short put spread,short_put_spread,2026-06-18,2026-07-17,29,7500.580078125,1.02,0.99,7650.0,7425.0,1.0199211154762249,0.9899234356092771,SPXW  260717P07650000,SPXW  260717P07425000,171.6,172.3,77.1,77.6,9460.0,9426.999999999996,9396.999999999996,94.6,94.26999999999997,93.96999999999997,0.01261235784628116,0.012568361249142965,0.0125283643426537,102/99,0.121148,0.147555,0.1644843782530378,-0.043336378253037794,-0.26346804914428057,7457.68994140625,-19231.005859375,-9771.005859375,-9804.005859375004,-9834.005859375004,-0.013027000255448992,-0.013070996852587188,-0.01311099375907645,0.121148,0.7365319508557194,1.059636452397207,2024-06-21,2026-05-15,24,-0.30492014578257565,24,short leg,Dynamic: 24-month history
1M 101/98 short put spread,short_put_spread,2026-07-17,2026-08-21,35,7457.68994140625,1.01,0.98,7530.0,7310.0,1.0096960398141888,0.9801962883189534,SPXW  260821P07530000,SPXW  260821P07310000,161.0,161.8,88.4,89.0,7270.0,7231.999999999998,7197.0,72.7,72.31999999999998,71.97,0.009748326971380016,0.00969737285516097,0.009650441432327645,101/98,0.140755,0.171511,0.11630524664665977,0.024449753353340223,0.21022055374354354,7674.3701171875,0.0,7270.0,7231.999999999998,7197.0,0.009748326971380016,0.00969737285516097,0.009650441432327645,0.140755,1.2102205537435435,1.0974215725096963,2024-07-19,2026-06-18,24,0.1027854600815683,24,short leg,Dynamic: 24-month history
1M 103/100 short put spread,short_put_spread,2026-08-21,2026-09-18,28,7674.3701171875,1.03,1.0,7905.0,7675.0,1.0300519624791071,1.000082076157767,SPXW  260918P07905000,SPXW  260918P07675000,231.1,236.8,96.4,96.8,13735.0,13579.499999999998,13426.999999999998,137.35,135.795,134.26999999999998,0.01789723428798297,0.017694611795679993,0.01749589841898415,103/100,0.104256,0.123316,0.1288172437050172,-0.024561243705017208,-0.19066735942014723,7650.5,-23000.0,-9265.0,-9420.500000000002,-9573.000000000002,-0.012072652033357277,-0.012275274525660254,-0.012473987902356097,0.104256,0.8093326405798528,0.9684421731921071,2024-08-16,2026-07-17,24,-0.1642943037970035,24,short leg,Dynamic: 24-month history
1M 98/95 short put spread,short_put_spread,2019-11-15,2019-12-20,35,3120.4599609375,0.98,0.95,3060.0,2965.0,0.9806246637693324,0.9501804340117878,SPXW  191220P03060000,SPXW  191220P02965000,23.1,23.7,10.7,11.1,1250.0000000000002,1222.0000000000002,1197.0000000000002,12.500000000000002,12.220000000000002,11.970000000000002,0.004005819704940084,0.003916089343549426,0.0038359729494506245,98/95,0.122995,0.154443,0.058103313587985046,0.06489168641201495,1.1168328001422907,3221.219970703125,0.0,1250.0000000000002,1222.0000000000002,1197.0000000000002,0.004005819704940084,0.003916089343549426,0.0038359729494506245,0.122995,2.1168328001422907,1.2557702044399566,2016-10-21,2019-10-18,36,0.6856848431806417,36,short leg,Dynamic: 36-month history
1M 98/95 short put spread,short_put_spread,2019-12-20,2020-01-17,28,3221.219970703125,0.98,0.95,3155.0,3060.0,0.9794425803560783,0.9499506484594611,SPXW  200117P03155000,SPXW  200117P03060000,16.0,16.3,8.0,8.3,799.9999999999998,781.9999999999999,766.9999999999997,7.999999999999997,7.8199999999999985,7.669999999999996,0.002483531107083558,0.002427651657174178,0.0023810854489163605,98/95,0.12049,0.161079,0.07726082182080321,0.04322917817919679,0.559522629457158,3329.6201171875,0.0,799.9999999999998,781.9999999999999,766.9999999999997,0.002483531107083558,0.002427651657174178,0.0023810854489163605,0.12049,1.559522629457158,1.2557702044399566,2016-12-16,2019-11-15,36,0.24188535764205987,36,short leg,Dynamic: 36-month history
1M 103/100 short put spread,short_put_spread,2020-01-17,2020-02-21,35,3329.6201171875,1.03,1.0,3430.0,3330.0,1.030147548152517,1.0001140919381581,SPXW  200221P03430000,SPXW  200221P03330000,106.4,112.1,42.3,42.8,6670.0,6512.0,6357.0,66.7,65.12,63.57,0.02003231529497752,0.019557786686790646,0.019092268115468082,103/100,0.082819,0.097928,0.06963264619328462,0.013186353806715387,0.18937028143542078,3337.75,-9225.0,-2555.0,-2713.0,-2868.0,-0.00767354806276875,-0.008148076670955623,-0.00861359524227819,0.082819,1.1893702814354208,0.8593169845757694,2017-01-20,2019-12-20,36,0.3840879475023913,36,short leg,Dynamic: 36-month history
1M 98/95 short put spread,short_put_spread,2020-02-21,2020-03-20,28,3337.75,0.98,0.95,3270.0,3170.0,0.9797018949891394,0.9497415923900832,SPXW  200320P03270000,SPXW  200320P03170000,33.2,33.7,17.0,17.3,1630.0000000000007,1607.0000000000007,1587.0000000000007,16.300000000000008,16.070000000000007,15.870000000000006,0.004883529323646171,0.004814620627668341,0.004754700022470229,98/95,0.170037,0.201473,0.13555104714294353,0.03448595285705647,0.2544130317244231,2304.919921875,-10000.0,-8370.0,-8393.0,-8413.0,-0.02507677327541008,-0.02514568197138791,-0.025205602576586023,0.170037,1.254413031724423,1.2557702044399566,2017-02-17,2020-01-17,36,-0.0010807492570973354,36,short leg,Dynamic: 36-month history
1M 103/100 short put spread,short_put_spread,2020-03-20,2020-04-17,28,2304.919921875,1.03,1.0,2375.0,2305.0,1.0304045608959775,1.0000347422590434,SPXW  200417P02375000,SPXW  200417P02305000,184.5,191.5,153.7,157.7,3230.000000000002,2952.000000000002,2677.000000000002,32.30000000000002,29.520000000000017,26.770000000000017,0.014013502028185302,0.012807386373747062,0.011614286355867509,103/100,0.559583,0.59255,0.8348738695538477,-0.27529086955384763,-0.32973947274330395,2874.56005859375,0.0,3230.000000000002,2952.000000000002,2677.000000000002,0.014013502028185302,0.012807386373747062,0.011614286355867509,0.559583,0.670260527256696,0.8469133511665655,2017-03-17,2020-02-21,36,-0.20858429456395067,36,short leg,Dynamic: 36-month history
1M 103/100 short put spread,short_put_spread,2020-04-17,2020-05-15,28,2874.56005859375,1.03,1.0,2960.0,2875.0,1.0297227887623428,1.0001530465174784,SPXW  200515P02960000,SPXW  200515P02875000,144.7,146.8,105.8,107.0,3935.0,3849.5,3766.999999999998,39.35,38.495,37.66999999999998,0.01368905126276966,0.013391614443718374,0.013104614004282918,103/100,0.300433,0.333707,0.5894801972737838,-0.28904719727378375,-0.4903425061784322,2863.699951171875,-8500.0,-4565.0,-4650.5,-4733.000000000002,-0.015880690982094915,-0.016178127801146202,-0.016465128240581658,0.300433,0.5096574938215678,0.8469133511665655,2017-04-21,2020-03-20,36,-0.3982176652197663,36,short leg,Dynamic: 36-month history
1M 102/99 short put spread,short_put_spread,2020-05-15,2020-06-19,35,2863.699951171875,1.02,0.99,2920.0,2835.0,1.0196598979600102,0.9899780173687085,SPXW  200619P02920000,SPXW  200619P02835000,130.0,131.5,94.0,95.0,3625.0,3559.5,3497.0,36.25,35.595,34.97,0.012658449075702181,0.012429723995851561,0.012211474873856697,102/99,0.250688,0.285552,0.2733208874610599,-0.022632887461059903,-0.08280701731690521,3097.739990234375,0.0,3625.0,3559.5,3497.0,0.012658449075702181,0.012429723995851561,0.012211474873856697,0.250688,0.9171929826830948,0.8615342906122305,2017-05-19,2020-04-17,36,0.06460415177591083,36,short leg,Dynamic: 36-month history
1M 103/100 short put spread,short_put_spread,2020-06-19,2020-07-17,28,3097.739990234375,1.03,1.0,3190.0,3100.0,1.029783006338968,1.0007295672886523,SPXW  200717P03190000,SPXW  200717P03100000,159.0,160.8,112.7,114.2,4645.0,4559.499999999998,4477.0,46.45,45.594999999999985,44.77,0.014994802709857386,0.014718795038879382,0.014452471847584827,103/100,0.248374,0.284464,0.2677381591763992,-0.019364159176399193,-0.0723249881001875,3224.72998046875,0.0,4645.0,4559.499999999998,4477.0,0.014994802709857386,0.014718795038879382,0.014452471847584827,0.248374,0.9276750118998125,0.8356491672015045,2017-06-16,2020-05-15,36,0.110124976258269,36,short leg,Dynamic: 36-month history
1M 103/100 short put spread,short_put_spread,2020-07-17,2020-08-21,35,3224.72998046875,1.03,1.0,3320.0,3225.0,1.0295435649211788,1.0000837339972293,SPXW  200821P03320000,SPXW  200821P03225000,136.6,137.7,87.3,88.0,4949.999999999998,4901.999999999996,4856.999999999996,49.49999999999998,49.01999999999996,48.569999999999965,0.015350122428794678,0.015201272756757875,0.015061726189223378,103/100,0.187486,0.211791,0.189345690691771,-0.0018596906917709988,-0.009821668953630014,3397.159912109375,0.0,4949.999999999998,4901.999999999996,4856.999999999996,0.015350122428794678,0.015201272756757875,0.015061726189223378,0.187486,0.99017833104637,0.8356491672015045,2017-07-21,2020-06-19,36,0.18492110075615376,36,short leg,Dynamic: 36-month history
1M 98/95 short put spread,short_put_spread,2020-08-21,2020-09-18,28,3397.159912109375,0.98,0.95,3330.0,3225.0,0.9802305708748124,0.949322399721102,SPXW  200918P03330000,SPXW  200918P03225000,44.0,44.5,26.4,26.8,1765.0,1739.4999999999995,1716.9999999999995,17.65,17.394999999999996,17.169999999999995,0.005195516389171303,0.005120453687798005,0.005054221892468625,98/95,0.191725,0.233971,0.09525106914940115,0.09647393085059885,1.0128382989515807,3319.469970703125,-1053.0029296875,711.9970703125,686.4970703124995,663.9970703124995,0.002095859743824672,0.0020207970424513744,0.001954565247121995,0.191725,2.0128382989515807,1.1726561869297694,2017-08-18,2020-07-17,36,0.7164777889600902,36,short leg,Dynamic: 36-month history
1M 103/100 short put spread,short_put_spread,2020-09-18,2020-10-16,28,3319.469970703125,1.03,1.0,3420.0,3320.0,1.030284964221436,1.000159672869932,SPXW  201016P03420000,SPXW  201016P03320000,128.3,129.8,77.6,78.3,5110.000000000003,5052.000000000004,4997.000000000004,51.10000000000003,50.52000000000004,49.970000000000034,0.015394023880618538,0.015219297190779819,0.015053608088346547,103/100,0.193437,0.219613,0.21787787236911788,-0.024440872369117878,-0.11217693703062859,3483.81005859375,0.0,5110.000000000003,5052.000000000004,4997.000000000004,0.015394023880618538,0.015219297190779819,0.015053608088346547,0.193437,0.8878230629693714,0.8581969121843775,2017-09-15,2020-08-21,36,0.034521390562436416,36,short leg,Dynamic: 36-month history
1M 103/100 short put spread,short_put_spread,2020-10-16,2020-11-20,35,3483.81005859375,1.03,1.0,3590.0,3485.0,1.0304809790488731,1.0003415632271095,SPXW  201120P03590000,SPXW  201120P03485000,158.0,171.4,107.5,114.7,5360.0,4842.0,4327.000000000002,53.6,48.42,43.27000000000002,0.015385454171871756,0.013898576324664748,0.012420309739121104,103/100,0.205857,0.23656,0.19161848739510465,0.014238512604895365,0.07430657030256427,3557.5400390625,-3245.99609375,2114.00390625,1596.00390625,1081.0039062500018,0.006068080264695383,0.004581202417488373,0.0031029358319447304,0.205857,1.0743065703025643,0.8795203907489182,2017-10-20,2020-09-18,36,0.2214686340447254,36,short leg,Dynamic: 36-month history
1M 103/100 short put spread,short_put_spread,2020-11-20,2020-12-18,28,3557.5400390625,1.03,1.0,3665.0,3560.0,1.030206254815847,1.0006914780748746,SPXW  201218P03665000,SPXW  201218P03560000,142.4,145.2,83.2,84.0,6020.000000000002,5927.000000000002,5837.000000000004,60.20000000000002,59.27000000000002,58.37000000000003,0.01692180533149086,0.01666038873749939,0.01640740493686249,103/100,0.190467,0.20539,0.22515666388504263,-0.03468966388504263,-0.15406900815848823,3709.409912109375,0.0,6020.000000000002,5927.000000000002,5837.000000000004,0.01692180533149086,0.01666038873749939,0.01640740493686249,0.190467,0.8459309918415118,0.8795203907489182,2017-11-17,2020-10-16,36,-0.038190585756408435,36,short leg,Dynamic: 36-month history
1M 99/96 short put spread,short_put_spread,2020-12-18,2021-01-15,28,3709.409912109375,0.99,0.96,3670.0,3560.0,0.9893756923491466,0.9597213800444038,SPXW  210115P03670000,SPXW  210115P03560000,53.5,54.3,30.8,31.4,2280.0,2242.0,2207.0,22.8,22.42,22.07,0.0061465301868012375,0.006044088017021217,0.005949733386960672,99/96,0.182639,0.218642,0.10235516916440954,0.08028383083559046,0.7843651814656605,3768.25,0.0,2280.0,2242.0,2207.0,0.0061465301868012375,0.006044088017021217,0.005949733386960672,0.182639,1.7843651814656605,1.080388635149279,2017-12-15,2020-11-20,36,0.6515956604996236,36,short leg,Dynamic: 36-month history
1M 103/100 short put spread,short_put_spread,2021-01-15,2021-02-19,35,3768.25,1.03,1.0,3880.0,3770.0,1.0296556757115372,1.0004644065547668,SPXW  210219P03880000,SPXW  210219P03770000,151.7,155.1,95.6,96.5,5734.999999999998,5624.499999999998,5516.999999999998,57.34999999999998,56.24499999999998,55.16999999999998,0.015219266237643464,0.014926026670204998,0.014640748357991106,103/100,0.179681,0.202593,0.10357143178064089,0.07610956821935912,0.7348509807275367,3906.7099609375,0.0,5734.999999999998,5624.499999999998,5516.999999999998,0.015219266237643464,0.014926026670204998,0.014640748357991106,0.179681,1.7348509807275367,0.8585743551849885,2018-01-19,2020-12-18,36,1.0206182146609137,36,short leg,Dynamic: 36-month history
1M 100/97 short put spread,short_put_spread,2021-02-19,2021-03-19,28,3906.7099609375,1.0,0.97,3905.0,3790.0,0.9995623015389938,0.9701257676908545,SPXW  210319P03905000,SPXW  210319P03790000,75.7,76.4,45.0,45.5,3080.000000000001,3047.000000000002,3017.000000000002,30.800000000000008,30.470000000000017,30.17000000000002,0.007883871674110376,0.007799401620459195,0.007722610662594484,100/97,0.174034,0.21369,0.15186756728512862,0.02216643271487137,0.1459589635307339,3913.10009765625,0.0,3080.000000000001,3047.000000000002,3017.000000000002,0.007883871674110376,0.007799401620459195,0.007722610662594484,0.174034,1.145958963530734,1.012446058757031,2018-02-16,2021-01-15,36,0.13187162280785136,36,short leg,Dynamic: 36-month history
1M 103/100 short put spread,short_put_spread,2021-03-19,2021-04-16,28,3913.10009765625,1.03,1.0,4030.0,3915.0,1.0298739872291454,1.0004855235737231,SPXW  210416P04030000,SPXW  210416P03915000,141.7,143.0,74.4,75.1,6760.0,6706.999999999998,6656.999999999999,67.6,67.06999999999998,66.57,0.017275305592230825,0.017139863107558002,0.017012087178621387,103/100,0.146411,0.165461,0.18860622412244157,-0.04219522412244156,-0.22372127069915138,4185.47021484375,0.0,6760.0,6706.999999999998,6656.999999999999,0.017275305592230825,0.017139863107558002,0.017012087178621387,0.146411,0.7762787293008486,0.8795203907489182,2018-03-16,2021-02-19,36,-0.11738404536608704,36,short leg,Dynamic: 36-month history
1M 103/100 short put spread,short_put_spread,2021-04-16,2021-05-21,35,4185.47021484375,1.03,1.0,4310.0,4185.0,1.0297528781150098,0.9998876554318599,SPXW  210521P04310000,SPXW  210521P04185000,147.8,148.9,71.1,71.5,7705.000000000002,7664.500000000001,7627.000000000002,77.05000000000001,76.64500000000001,76.27000000000002,0.018408923261893625,0.018312159940400217,0.01822256427235077,103/100,0.121334,0.1335,0.12012026379867413,0.0012137362013258657,0.010104341789992421,4155.85986328125,-12500.0,-4794.999999999998,-4835.499999999999,-4872.999999999998,-0.01145629942125631,-0.011553062742749719,-0.011642658410799167,0.121334,1.0101043417899924,0.8795203907489182,2018-04-20,2021-03-19,36,0.1484717721324016,36,short leg,Dynamic: 36-month history
1M 98/95 short put spread,short_put_spread,2021-05-21,2021-06-18,28,4155.85986328125,0.98,0.95,4075.0,3950.0,0.9805431689370278,0.9504651576199411,SPXW  210618P04075000,SPXW  210618P03950000,48.2,48.7,28.2,28.7,2000.0,1972.0,1947.0,20.0,19.72,19.47,0.004812481810733879,0.004745107065383605,0.004684951042749431,98/95,0.178529,0.219112,0.14231869690226887,0.03621030309773113,0.2544311034733333,4166.4501953125,0.0,2000.0,1972.0,1947.0,0.004812481810733879,0.004745107065383605,0.004684951042749431,0.178529,1.2544311034733333,1.2003989565665913,2018-05-18,2021-04-16,36,0.045011824286557145,36,short leg,Dynamic: 36-month history
1M 98/95 short put spread,short_put_spread,2021-06-18,2021-07-16,28,4166.4501953125,0.98,0.95,4080.0,3960.0,0.9792508751431227,0.9504493788153837,SPXW  210716P04080000,SPXW  210716P03960000,49.6,50.2,29.1,29.6,2055.000000000001,2024.500000000001,1997.000000000001,20.550000000000008,20.245000000000008,19.97000000000001,0.004932256246125289,0.0048590524429589525,0.004793049013874551,98/95,0.186379,0.22183,0.08283457802441589,0.1035444219755841,1.2500144800045203,4327.16015625,0.0,2055.000000000001,2024.500000000001,1997.000000000001,0.004932256246125289,0.0048590524429589525,0.004793049013874551,0.186379,2.2500144800045203,1.2286316304497122,2018-06-15,2021-05-21,36,0.831317397535138,36,short leg,Dynamic: 36-month history
1M 98/95 short put spread,short_put_spread,2021-07-16,2021-08-20,35,4327.16015625,0.98,0.95,4240.0,4110.0,0.9798574230898043,0.9498146247403527,SPXW  210820P04240000,SPXW  210820P04110000,54.3,54.8,32.1,32.6,2220.0,2192.0,2167.0,22.2,21.92,21.67,0.005130385564290956,0.005065677998615215,0.005007903386404731,98/95,0.169994,0.20473,0.10112589254863172,0.06886810745136829,0.6810135932125339,4441.669921875,0.0,2220.0,2192.0,2167.0,0.005130385564290956,0.005065677998615215,0.005007903386404731,0.169994,1.6810135932125339,1.2286316304497122,2018-07-20,2021-06-18,36,0.3681998343126147,36,short leg,Dynamic: 36-month history
1M 98/95 short put spread,short_put_spread,2021-08-20,2021-09-17,28,4441.669921875,0.98,0.95,4355.0,4220.0,0.9804870862987466,0.9500931123262252,SPXW  210917P04355000,SPXW  210917P04220000,44.3,44.9,25.9,26.4,1844.999999999999,1814.5,1787.0,18.449999999999992,18.145,17.87,0.004153843109577926,0.0040851752424548235,0.004023261591770058,98/95,0.16252,0.207227,0.08386506029187885,0.07865493970812115,0.9378749557250099,4432.990234375,0.0,1844.999999999999,1814.5,1787.0,0.004153843109577926,0.0040851752424548235,0.004023261591770058,0.16252,1.93787495572501,1.2357160158532574,2018-08-17,2021-07-16,36,0.5682203118383267,36,short leg,Dynamic: 36-month history
1M 98/95 short put spread,short_put_spread,2021-09-17,2021-10-15,28,4432.990234375,0.98,0.95,4345.0,4210.0,0.9801510425868544,0.9496975579495183,SPXW  211015P04345000,SPXW  211015P04210000,54.8,55.4,32.6,33.2,2219.9999999999986,2186.9999999999995,2156.9999999999995,22.199999999999985,21.869999999999994,21.569999999999997,0.005007906362584155,0.004933464511248447,0.0048657901009432555,98/95,0.189395,0.230159,0.08508592149584869,0.10430907850415132,1.225926412623274,4471.3701171875,0.0,2219.9999999999986,2186.9999999999995,2156.9999999999995,0.005007906362584155,0.004933464511248447,0.0048657901009432555,0.189395,2.225926412623274,1.2357160158532574,2018-09-21,2021-08-20,36,0.8013252107008422,36,short leg,Dynamic: 36-month history
1M 98/95 short put spread,short_put_spread,2021-10-15,2021-11-19,35,4471.3701171875,0.98,0.95,4380.0,4250.0,0.9795655213518822,0.9504916588460044,SPXW  211119P04380000,SPXW  211119P04250000,46.4,46.9,26.9,27.3,1955.0,1929.4999999999995,1906.9999999999995,19.55,19.294999999999995,19.069999999999997,0.00437226163069162,0.004315232131160859,0.004264911984516071,98/95,0.151845,0.186577,0.16221274243274908,-0.010367742432749072,-0.0639144759977619,4697.9599609375,0.0,1955.0,1929.4999999999995,1906.9999999999995,0.00437226163069162,0.004315232131160859,0.004264911984516071,0.151845,0.9360855240022381,1.2357160158532574,2018-10-19,2021-09-17,36,-0.24247520304584347,36,short leg,Dynamic: 36-month history
1M 98/95 short put spread,short_put_spread,2021-11-19,2021-12-17,28,4697.9599609375,0.98,0.95,4605.0,4465.0,0.9802126962106017,0.950412527379009,SPXW  211217P04605000,SPXW  211217P04465000,44.2,44.6,24.6,24.9,1965.000000000001,1944.5,1927.0,19.65000000000001,19.445,19.27,0.00418266655386283,0.004139030592359425,0.004101780381319934,98/95,0.15858,0.19858,0.06750313323284787,0.09107686676715213,1.3492242864192412,4620.64013671875,0.0,1965.000000000001,1944.5,1927.0,0.00418266655386283,0.004139030592359425,0.004101780381319934,0.15858,2.349224286419241,1.2357160158532574,2018-11-16,2021-10-15,36,0.901103697193008,36,short leg,Dynamic: 36-month history
1M 99/96 short put spread,short_put_spread,2021-12-17,2022-01-21,35,4620.64013671875,0.99,0.96,4575.0,4435.0,0.9901225511253166,0.9598237189597331,SPXW  220121P04575000,SPXW  220121P04435000,83.2,84.1,51.0,51.7,3230.0,3187.000000000001,3147.000000000002,32.3,31.870000000000008,31.470000000000017,0.006990373421059612,0.006897312722265321,0.006810744630363657,99/96,0.182818,0.217555,0.18761110322630922,-0.004793103226309214,-0.025548078679157094,4397.93994140625,-14000.0,-10770.0,-10813.0,-10852.999999999998,-0.023308458744523846,-0.023401519443318135,-0.0234880875352198,0.182818,0.9744519213208429,1.1664255208775403,2018-12-21,2021-11-19,36,-0.1645828182945357,36,short leg,Dynamic: 36-month history
1M 102/99 short put spread,short_put_spread,2022-01-21,2022-02-18,28,4397.93994140625,1.02,0.99,4485.0,4355.0,1.0197956451778905,0.990236351114763,SPXW  220218P04485000,SPXW  220218P04355000,158.7,173.1,105.7,108.4,5884.9999999999945,5454.499999999998,5026.999999999998,58.849999999999945,54.54499999999998,50.26999999999998,0.013381265043192595,0.01240239765133289,0.011430351635026205,102/99,0.22773,0.25566,0.15286022934976137,0.07486977065023862,0.48979234800785343,4348.8701171875,-13000.0,-7115.0000000000055,-7545.500000000002,-7973.000000000002,-0.01617802901993466,-0.017156896411794367,-0.018128942428101053,0.22773,1.4897923480078534,0.948864270269055,2019-01-18,2021-12-17,36,0.5700795094596782,36,short leg,Dynamic: 36-month history
1M 101/98 short put spread,short_put_spread,2022-02-18,2022-03-18,28,4348.8701171875,1.01,0.98,4390.0,4260.0,1.0094576020217176,0.9795647800939675,SPXW  220318P04390000,SPXW  220318P04260000,133.9,134.9,86.5,87.3,4750.0,4702.0,4656.999999999998,47.5,47.02,46.56999999999998,0.010922377242831797,0.010812003746483181,0.01070852859365635,101/98,0.234451,0.266627,0.22338493370835447,0.011066066291645527,0.049538104956053486,4463.1201171875,0.0,4750.0,4702.0,4656.999999999998,0.010922377242831797,0.010812003746483181,0.01070852859365635,0.234451,1.0495381049560535,1.0379497299721692,2019-02-15,2022-01-21,36,0.011164678451426546,36,short leg,Dynamic: 36-month history
1M 103/100 short put spread,short_put_spread,2022-03-18,2022-04-14,27,4463.1201171875,1.03,1.0,4595.0,4465.0,1.029548808759287,1.0004212037236597,SPXW  220414P04595000,SPXW  220414P04465000,158.9,173.5,96.2,97.0,6960.0,6571.999999999998,6186.999999999998,69.6,65.71999999999998,61.86999999999998,0.015594471619074292,0.014725124638010952,0.013862499411955836,103/100,0.169718,0.196403,0.26139175180790686,-0.09167375180790685,-0.3507140189919864,4392.58984375,-13000.0,-6040.0,-6428.000000000002,-6813.000000000002,-0.013533133416552979,-0.014402480397616319,-0.015265105623671435,0.169718,0.6492859810080136,0.948515346285109,2019-03-15,2022-02-18,36,-0.3154712956928287,36,short leg,Dynamic: 36-month history
1M 100/97 short put spread,short_put_spread,2022-04-14,2022-05-20,36,4392.58984375,1.0,0.97,4395.0,4260.0,1.0005486868420983,0.9698151094305663,SPXW  220520P04395000,SPXW  220520P04260000,111.2,112.0,68.1,68.7,4319.999999999999,4281.999999999999,4246.999999999996,43.19999999999999,42.81999999999999,42.46999999999996,0.009834744771690248,0.009748235442680008,0.009668555797538994,100/97,0.195467,0.224296,0.16662654518958797,0.02884045481041203,0.17308439527205777,3901.360107421875,-13500.0,-9180.0,-9218.0,-9253.000000000004,-0.02089883263984178,-0.020985341968852017,-0.021065021613993033,0.195467,1.1730843952720578,1.0849827608579163,2019-04-18,2022-03-18,36,0.08120095322480303,36,short leg,Dynamic: 36-month history
1M 103/100 short put spread,short_put_spread,2022-05-20,2022-06-17,28,3901.360107421875,1.03,1.0,4020.0,3900.0,1.0304098799678674,0.9996513760882294,SPXW  220617P04020000,SPXW  220617P03900000,178.8,183.0,116.9,117.9,6350.0,6217.000000000004,6087.0,63.5,62.17000000000004,60.87,0.016276374969641686,0.015935468218309042,0.015602251092946289,103/100,0.248652,0.26947,0.3390484481886693,-0.09039644818866929,-0.2666180856205147,3674.840087890625,-12000.0,-5650.0,-5782.999999999996,-5913.0,-0.014482128909996145,-0.014823035661328789,-0.01515625278669154,0.248652,0.7333819143794853,0.9494917475028616,2019-05-17,2022-04-14,36,-0.2276058045704341,36,short leg,Dynamic: 36-month history
1M 103/100 short put spread,short_put_spread,2022-06-17,2022-07-15,28,3674.840087890625,1.03,1.0,3785.0,3675.0,1.0299767906833213,1.0000435153926566,SPXW  220715P03785000,SPXW  220715P03675000,170.0,171.1,111.8,112.5,5840.0,5792.0,5747.0,58.4,57.92,57.47,0.015891847972498273,0.01576123004395719,0.015638775735949927,103/100,0.262046,0.278478,0.28579301216835973,-0.023747012168359727,-0.08309164730161578,3863.159912109375,0.0,5840.0,5792.0,5747.0,0.015891847972498273,0.01576123004395719,0.015638775735949927,0.262046,0.9169083526983842,0.9494917475028616,2019-06-21,2022-05-20,36,-0.03431666982906467,36,short leg,Dynamic: 36-month history
1M 103/100 short put spread,short_put_spread,2022-07-15,2022-08-19,35,3863.159912109375,1.03,1.0,3980.0,3865.0,1.0302446936054552,1.0004763167801718,SPXW  220819P03980000,SPXW  220819P03865000,165.6,168.7,107.5,108.0,5939.999999999996,5846.999999999996,5756.999999999996,59.39999999999996,58.46999999999996,57.569999999999965,0.015376013768885427,0.015135278199776614,0.014902308294187441,103/100,0.20049,0.222804,0.23272850212726132,-0.032238502127261315,-0.13852408206379707,4228.47998046875,0.0,5939.999999999996,5846.999999999996,5756.999999999996,0.015376013768885427,0.015135278199776614,0.014902308294187441,0.20049,0.8614759179362029,0.9494917475028616,2019-07-19,2022-06-17,36,-0.09269783523462738,36,short leg,Dynamic: 36-month history
1M 103/100 short put spread,short_put_spread,2022-08-19,2022-09-16,28,4228.47998046875,1.03,1.0,4355.0,4230.0,1.0299209219662013,1.000359471852361,SPXW  220916P04355000,SPXW  220916P04230000,152.4,154.8,84.3,84.8,6905.000000000002,6829.500000000004,6757.000000000004,69.05000000000001,68.29500000000003,67.57000000000004,0.01632974504288547,0.01615119388419788,0.015979737473537602,103/100,0.160237,0.181846,0.17450943141623526,-0.01427243141623527,-0.08178601752585535,3873.330078125,-12500.0,-5594.999999999998,-5670.499999999996,-5742.999999999996,-0.013231705070954981,-0.013410256229642575,-0.013581712640302848,0.160237,0.9182139824741447,0.9341288468026352,2019-08-16,2022-07-15,36,-0.01703711900447613,36,short leg,Dynamic: 36-month history
1M 103/100 short put spread,short_put_spread,2022-09-16,2022-10-21,35,3873.330078125,1.03,1.0,3990.0,3875.0,1.0301213476573825,1.0004311333765308,SPXW  221021P03990000,SPXW  221021P03875000,171.5,172.2,113.4,114.0,5815.0,5779.5,5747.0,58.15,57.795,57.47,0.015012921395056842,0.014921268994450733,0.014837361867135282,103/100,0.227729,0.24628,0.24317540153590977,-0.015446401535909787,-0.06351958889899811,3752.75,-11500.0,-5685.0,-5720.5,-5753.0,-0.014677292885795038,-0.014768945286401146,-0.014852852413716597,0.227729,0.9364804111010019,0.9341288468026352,2019-09-20,2022-08-19,36,0.0025173875171671245,36,short leg,Dynamic: 36-month history
1M 103/100 short put spread,short_put_spread,2022-10-21,2022-11-18,28,3752.75,1.03,1.0,3865.0,3755.0,1.0299113983079076,1.0005995603224302,SPXW  221118P03865000,SPXW  221118P03755000,173.2,174.0,113.6,114.3,5965.000000000002,5924.499999999998,5887.000000000002,59.65000000000002,59.24499999999998,58.87000000000002,0.015895010325761114,0.015787089467723666,0.01568716274731864,103/100,0.271077,0.281612,0.29299287337961377,-0.02191587337961376,-0.07480002201698144,3965.340087890625,0.0,5965.000000000002,5924.499999999998,5887.000000000002,0.015895010325761114,0.015787089467723666,0.01568716274731864,0.271077,0.9251999779830186,0.93853154640323,2019-10-18,2022-09-16,36,-0.01420470997624157,36,short leg,Dynamic: 36-month history
1M 103/100 short put spread,short_put_spread,2022-11-18,2022-12-16,28,3965.340087890625,1.03,1.0,4085.0,3965.0,1.0301764563586344,0.999914234874415,SPXW  221216P04085000,SPXW  221216P03965000,157.6,160.8,93.2,93.7,6574.999999999998,6479.499999999998,6386.999999999996,65.74999999999999,64.79499999999999,63.86999999999996,0.01658117552156186,0.01634033867558328,0.016107067384975752,103/100,0.203982,0.219407,0.2820333606359019,-0.0780513606359019,-0.2767451356106212,3852.360107421875,-12000.0,-5425.000000000002,-5520.500000000002,-5613.000000000004,-0.013681045962657512,-0.01392188280863609,-0.01415515409924362,0.203982,0.7232548643893788,0.93853154640323,2019-11-15,2022-10-21,36,-0.22937607461237097,36,short leg,Dynamic: 36-month history
1M 103/100 short put spread,short_put_spread,2022-12-16,2023-01-20,35,3852.360107421875,1.03,1.0,3970.0,3850.0,1.0305370965584142,0.999387360642291,SPXW  230120P03970000,SPXW  230120P03850000,158.6,159.7,95.1,96.0,6359.999999999998,6306.999999999996,6256.999999999996,63.59999999999998,63.069999999999965,62.569999999999965,0.016509360035545373,0.016371782035249156,0.016241991468931977,103/100,0.191024,0.208589,0.19816986883632942,-0.007145868836329422,-0.036059310521274424,3972.610107421875,0.0,6359.999999999998,6306.999999999996,6256.999999999996,0.016509360035545373,0.016371782035249156,0.016241991468931977,0.191024,0.9639406894787256,0.9320777115004072,2019-12-20,2022-11-18,36,0.034184894226284124,36,short leg,Dynamic: 36-month history
1M 103/100 short put spread,short_put_spread,2023-01-20,2023-02-17,28,3972.610107421875,1.03,1.0,4090.0,3975.0,1.0295498147071644,1.0006015925332465,SPXW  230217P04090000,SPXW  230217P03975000,142.3,145.3,79.1,79.8,6435.000000000003,6339.500000000004,6247.000000000004,64.35000000000002,63.39500000000004,62.470000000000034,0.016198418233840113,0.015958022127961057,0.015725177732214327,103/100,0.167998,0.184144,0.17720276014941283,-0.009204760149412822,-0.051944789921170575,4079.090087890625,-1090.9912109375,5344.008789062503,5248.508789062504,5156.008789062504,0.01345213510653486,0.013211739000655805,0.012978894604909075,0.167998,0.9480552100788294,0.9320777115004072,2020-01-17,2022-12-16,36,0.017141809509319206,36,short leg,Dynamic: 36-month history
1M 100/97 short put spread,short_put_spread,2023-02-17,2023-03-17,28,4079.090087890625,1.0,0.97,4080.0,3955.0,1.000223067421844,0.9695789783464198,SPXW  230317P04080000,SPXW  230317P03955000,77.3,78.0,39.4,40.0,3795.0000000000005,3759.500000000001,3727.000000000001,37.95,37.595000000000006,37.27000000000001,0.00930354544329877,0.009216516230324566,0.009136841598728464,100/97,0.17946,0.204293,0.1621120418357446,0.01734795816425541,0.10701215016360566,3916.639892578125,-12500.0,-8705.0,-8740.5,-8773.0,-0.021340543632125373,-0.021427572845099576,-0.02150724747669568,0.17946,1.1070121501636057,1.0513318365244522,2020-02-21,2023-01-20,36,0.05296169268803319,36,short leg,Dynamic: 36-month history
1M 100/97 short put spread,short_put_spread,2023-03-17,2023-04-21,35,3916.639892578125,1.0,0.97,3915.0,3800.0,0.9995813011604073,0.970219398316615,SPXW  230421P03915000,SPXW  230421P03800000,100.2,101.0,64.1,64.8,3615.000000000001,3574.500000000002,3537.0,36.150000000000006,35.74500000000002,35.37,0.009229850328722537,0.009126445366533531,0.009030700031173336,100/97,0.224258,0.248846,0.17718052315883265,0.047077476841167365,0.2657034531891802,4133.52001953125,0.0,3615.000000000001,3574.500000000002,3537.0,0.009229850328722537,0.009126445366533531,0.009030700031173336,0.224258,1.2657034531891802,1.0513318365244522,2020-03-20,2023-02-17,36,0.20390480837468883,36,short leg,Dynamic: 36-month history
1M 98/95 short put spread,short_put_spread,2023-04-21,2023-05-19,28,4133.52001953125,0.98,0.95,4050.0,3925.0,0.9797944562656984,0.9495538866278682,SPXW  230519P04050000,SPXW  230519P03925000,37.3,37.9,17.8,18.3,1954.9999999999995,1924.4999999999995,1896.9999999999995,19.549999999999997,19.244999999999994,18.969999999999995,0.004729625091356641,0.004655838101440336,0.004589308848237109,98/95,0.166452,0.195121,0.09305932314941051,0.07339267685058948,0.7886654917181652,4191.97998046875,0.0,1954.9999999999995,1924.4999999999995,1896.9999999999995,0.004729625091356641,0.004655838101440336,0.004589308848237109,0.166452,1.7886654917181652,1.177816729790988,2020-04-17,2023-03-17,36,0.5186280229145468,36,short leg,Dynamic: 36-month history
1M 98/95 short put spread,short_put_spread,2023-05-19,2023-06-16,28,4191.97998046875,0.98,0.95,4110.0,3980.0,0.9804436135547615,0.9494320150724942,SPXW  230616P04110000,SPXW  230616P03980000,36.9,37.5,18.6,19.1,1835.0000000000002,1804.5000000000002,1777.0000000000002,18.35,18.045,17.770000000000003,0.004377406401150821,0.0043046484200962715,0.004239046961768398,98/95,0.161445,0.196994,0.14247254139682455,0.01897245860317545,0.13316572033576657,4409.58984375,0.0,1835.0000000000002,1804.5000000000002,1777.0000000000002,0.004377406401150821,0.0043046484200962715,0.004239046961768398,0.161445,1.1331657203357666,1.1997940244873084,2020-05-15,2023-04-21,36,-0.05553311884513945,36,short leg,Dynamic: 36-month history
1M 103/100 short put spread,short_put_spread,2023-06-16,2023-07-21,35,4409.58984375,1.03,1.0,4540.0,4410.0,1.0295742145802604,1.0000930146032927,SPXW  230721P04540000,SPXW  230721P04410000,124.9,127.4,52.4,52.8,7355.000000000001,7279.5,7207.0,73.55000000000001,72.795,72.07,0.016679555833122944,0.01650833809479517,0.016343923710308232,103/100,0.103653,0.115942,0.11545072632825079,-0.011797726328250796,-0.10218841148480406,4536.33984375,-366.015625,6988.984375000001,6913.484375,6840.984375,0.015849511230406035,0.015678293492078256,0.01551387910759132,0.103653,0.8978115885151959,0.9532280116895473,2020-06-19,2023-05-19,36,-0.05813553787212844,36,short leg,Dynamic: 36-month history
1M 103/100 short put spread,short_put_spread,2023-07-21,2023-08-18,28,4536.33984375,1.03,1.0,4670.0,4535.0,1.029464317236759,0.9997046421132125,SPXW  230818P04670000,SPXW  230818P04535000,131.6,133.8,49.2,49.5,8334.999999999998,8269.499999999998,8206.999999999996,83.34999999999998,82.69499999999998,82.06999999999996,0.0183738438633156,0.01822945432845691,0.018091678054736784,103/100,0.101835,0.112251,0.09358339156213479,0.00825160843786521,0.0881738554259015,4369.7099609375,-13500.0,-5165.000000000002,-5230.500000000002,-5293.000000000004,-0.01138583126023097,-0.011530220795089658,-0.011667997068809785,0.101835,1.0881738554259015,0.9532280116895473,2020-07-17,2023-06-16,36,0.1415672242962831,36,short leg,Dynamic: 36-month history
1M 98/95 short put spread,short_put_spread,2023-08-18,2023-09-15,28,4369.7099609375,0.98,0.95,4280.0,4150.0,0.979470042236338,0.9497197839441128,SPXW  230915P04280000,SPXW  230915P04150000,38.2,38.6,17.7,18.1,2050.000000000001,2027.0000000000005,2007.0000000000002,20.50000000000001,20.270000000000003,20.070000000000004,0.00469138688454321,0.004638751812180041,0.004592982184038155,98/95,0.167573,0.192936,0.09834115862070726,0.06923184137929274,0.7039966007143921,4450.31982421875,0.0,2050.000000000001,2027.0000000000005,2007.0000000000002,0.00469138688454321,0.004638751812180041,0.004592982184038155,0.167573,1.703996600714392,1.1997940244873084,2020-08-21,2023-07-21,36,0.4202409463095449,36,short leg,Dynamic: 36-month history
1M 98/95 short put spread,short_put_spread,2023-09-15,2023-10-20,35,4450.31982421875,0.98,0.95,4360.0,4230.0,0.9797048689113921,0.9504934852053185,SPXW  231020P04360000,SPXW  231020P04230000,30.0,30.4,13.9,14.1,1620.0,1602.0,1587.0,16.2,16.02,15.87,0.0036401878156799433,0.0035997412843946103,0.003566035841656833,98/95,0.135024,0.160561,0.11793981862660473,0.017084181373395277,0.1448550758542666,4224.16015625,-13000.0,-11380.0,-11398.0,-11413.0,-0.025571195890393673,-0.025611642421679008,-0.025645347864416784,0.135024,1.1448550758542666,1.1997940244873084,2020-09-18,2023-08-18,36,-0.04579031693087332,36,short leg,Dynamic: 36-month history
1M 100/97 short put spread,short_put_spread,2023-10-20,2023-11-17,28,4224.16015625,1.0,0.97,4225.0,4095.0,1.0001988191069786,0.9694234708267638,SPXW  231117P04225000,SPXW  231117P04095000,83.6,84.0,44.6,44.9,3905.0,3884.499999999998,3867.0,39.05,38.844999999999985,38.67,0.009244441156479885,0.009195910799576464,0.009154482446122334,100/97,0.187938,0.214848,0.1289999620501261,0.0589380379498739,0.4568841495237965,4514.02001953125,0.0,3905.0,3884.499999999998,3867.0,0.009244441156479885,0.009195910799576464,0.009154482446122334,0.187938,1.4568841495237965,1.074366976126536,2020-10-16,2023-09-15,36,0.35603958600474406,36,short leg,Dynamic: 36-month history
1M 103/100 short put spread,short_put_spread,2023-11-17,2023-12-15,28,4514.02001953125,1.03,1.0,4650.0,4515.0,1.030123920558702,1.0002170970586106,SPXW  231215P04650000,SPXW  231215P04515000,134.7,137.7,51.2,51.5,8484.999999999998,8399.499999999998,8316.999999999998,84.84999999999998,83.99499999999998,83.16999999999999,0.018796992399872224,0.01860758251770498,0.018424818596315534,103/100,0.103701,0.113358,0.15358771071537058,-0.04988671071537058,-0.32480926034388813,4719.18994140625,0.0,8484.999999999998,8399.499999999998,8316.999999999998,0.018796992399872224,0.01860758251770498,0.018424818596315534,0.103701,0.6751907396561119,0.9532280116895473,2020-11-20,2023-10-20,36,-0.2916797121190645,36,short leg,Dynamic: 36-month history
1M 103/100 short put spread,short_put_spread,2023-12-15,2024-01-19,35,4719.18994140625,1.03,1.0,4860.0,4720.0,1.0298377603660918,1.0001716520427886,SPXW  240119P04860000,SPXW  240119P04720000,131.4,135.8,49.6,50.2,8370.0,8242.000000000004,8117.000000000004,83.7,82.42000000000003,81.17000000000003,0.017736094761860468,0.017464861771475992,0.017199985804303642,103/100,0.094859,0.103176,0.06939476407309018,0.025464235926909815,0.36694751062327335,4839.81005859375,-2018.994140625,6351.005859375,6223.005859375004,6098.005859375004,0.013457830556153653,0.013186597565769176,0.012921721598596827,0.094859,1.3669475106232734,0.9532280116895473,2020-12-18,2023-11-17,36,0.43401945165294675,36,short leg,Dynamic: 36-month history
1M 103/100 short put spread,short_put_spread,2024-01-19,2024-02-16,28,4839.81005859375,1.03,1.0,4985.0,4840.0,1.0299990990655605,1.0000392456323597,SPXW  240216P04985000,SPXW  240216P04840000,139.2,142.9,51.6,51.9,8930.000000000002,8827.0,8726.999999999998,89.30000000000001,88.27,87.26999999999998,0.01845113732127474,0.018238319052059585,0.01803169937320992,103/100,0.101973,0.111954,0.11146638199599988,-0.009493381995999889,-0.08516811818957726,5005.56982421875,0.0,8930.000000000002,8827.0,8726.999999999998,0.01845113732127474,0.018238319052059585,0.01803169937320992,0.101973,0.9148318818104227,0.9532280116895473,2021-01-15,2023-12-15,36,-0.040280110748182274,36,short leg,Dynamic: 36-month history
1M 103/100 short put spread,short_put_spread,2024-02-16,2024-03-15,28,5005.56982421875,1.03,1.0,5155.0,5005.0,1.0298527802086095,0.9998861619678158,SPXW  240315P05155000,SPXW  240315P05005000,151.3,155.7,58.8,59.1,9455.0,9334.5,9217.0,94.55,93.345,92.17,0.01888895836444695,0.018648226531245905,0.01841348802169302,103/100,0.107059,0.115994,0.11937937431148893,-0.012320374311488927,-0.10320354234176299,5117.08984375,-3791.015625,5663.984375,5543.484375,5425.984375,0.011315363832496358,0.011074631999295316,0.010839893489742432,0.107059,0.896796457658237,0.9443189458921437,2021-02-19,2024-01-19,36,-0.05032461589448456,36,short leg,Dynamic: 36-month history
1M 99/96 short put spread,short_put_spread,2024-03-15,2024-04-19,35,5117.08984375,0.99,0.96,5065.0,4910.0,0.9898204164201607,0.9595297620183592,SPXW  240419P05065000,SPXW  240419P04910000,47.8,48.2,19.9,20.4,2785.0,2759.5,2737.0,27.85,27.595,27.37,0.005442546613484991,0.005392713601404607,0.005348743296627798,99/96,0.130171,0.15274,0.11704065445918542,0.01313034554081459,0.11218619377588523,4967.22998046875,-9777.001953125,-6992.001953125,-7017.501953125,-7040.001953125,-0.013664020305731026,-0.013713853317811409,-0.013757823622588218,0.130171,1.1121861937758852,1.0823054400019303,2021-03-19,2024-02-16,36,0.02760842981062872,36,short leg,Dynamic: 36-month history
1M 100/97 short put spread,short_put_spread,2024-04-19,2024-05-17,28,4967.22998046875,1.0,0.97,4965.0,4820.0,0.9995510615619735,0.970359741536498,SPXW  240517P04965000,SPXW  240517P04820000,81.3,81.9,39.1,39.6,4224.999999999999,4194.499999999999,4166.999999999998,42.24999999999999,41.94499999999999,41.66999999999998,0.008505746697078221,0.008444344265300498,0.008388981416976318,100/97,0.165155,0.186158,0.10893980513918047,0.05621519486081952,0.516020703259011,5303.27001953125,0.0,4224.999999999999,4194.499999999999,4166.999999999998,0.008505746697078221,0.008444344265300498,0.008388981416976318,0.165155,1.516020703259011,1.0513318365244522,2021-04-16,2024-03-15,36,0.4420001854702238,36,short leg,Dynamic: 36-month history
1M 98/95 short put spread,short_put_spread,2024-05-17,2024-06-21,35,5303.27001953125,0.98,0.95,5195.0,5040.0,0.9795842906107919,0.9503570403615768,SPXW  240621P05195000,SPXW  240621P05040000,26.5,26.8,10.6,10.8,1595.0,1579.5,1567.0,15.95,15.795,15.67,0.0030075783320966565,0.0029783510818474413,0.0029547807187432357,98/95,0.114971,0.139758,0.11659475352036235,-0.001623753520362342,-0.013926471572142995,5464.6201171875,0.0,1595.0,1579.5,1567.0,0.0030075783320966565,0.0029783510818474413,0.0029547807187432357,0.114971,0.986073528427857,1.1565322690215751,2021-05-21,2024-04-19,36,-0.14738779466821628,36,short leg,Dynamic: 36-month history
1M 98/95 short put spread,short_put_spread,2024-06-21,2024-07-19,28,5464.6201171875,0.98,0.95,5355.0,5190.0,0.9799400297117233,0.9497457991043593,SPXW  240719P05355000,SPXW  240719P05190000,25.2,25.5,9.4,9.6,1585.0,1569.5,1557.0000000000005,15.85,15.695,15.570000000000004,0.00290047609167709,0.002872111814439869,0.002849237397313079,98/95,0.12525,0.153174,0.0826413077878824,0.042608692212117605,0.5155858898250067,5505.0,0.0,1585.0,1569.5,1557.0000000000005,0.00290047609167709,0.002872111814439869,0.002849237397313079,0.12525,1.5155858898250067,1.1390103980950166,2021-06-18,2024-05-17,36,0.3306163774797921,36,short leg,Dynamic: 36-month history
1M 98/95 short put spread,short_put_spread,2024-07-19,2024-08-16,28,5505.0,0.98,0.95,5395.0,5230.0,0.9800181653042689,0.9500454132606722,SPXW  240816P05395000,SPXW  240816P05230000,42.2,42.5,18.9,19.2,2330.0,2312.0000000000014,2297.0000000000005,23.3,23.120000000000015,22.970000000000006,0.004232515894641235,0.004199818346957314,0.004172570390554043,98/95,0.153987,0.18161,0.09537907237887884,0.05860792762112117,0.6144736592563,5554.25,0.0,2330.0,2312.0000000000014,2297.0000000000005,0.004232515894641235,0.004199818346957314,0.004172570390554043,0.153987,1.6144736592563,1.1390103980950166,2021-07-16,2024-06-21,36,0.4174354000248732,36,short leg,Dynamic: 36-month history
1M 98/95 short put spread,short_put_spread,2024-08-16,2024-09-20,35,5554.25,0.98,0.95,5445.0,5275.0,0.9803303776387451,0.9497231849484629,SPXW  240920P05445000,SPXW  240920P05275000,43.3,43.9,20.1,20.6,2324.999999999999,2294.5,2267.0,23.24999999999999,22.945,22.67,0.004185983706170949,0.004131070801638385,0.004081559166404105,98/95,0.142403,0.169183,0.2198294850925169,-0.0774264850925169,-0.3522115564248871,5702.5498046875,0.0,2324.999999999999,2294.5,2267.0,0.004185983706170949,0.004131070801638385,0.004081559166404105,0.142403,0.6477884435751129,1.1390103980950166,2021-08-20,2024-07-19,36,-0.43127082539498096,36,short leg,Dynamic: 36-month history
1M 98/95 short put spread,short_put_spread,2024-09-20,2024-10-18,28,5702.5498046875,0.98,0.95,5590.0,5415.0,0.9802632491530395,0.9495752225695365,SPXW  241018P05590000,SPXW  241018P05415000,40.7,41.2,19.1,19.4,2170.0000000000005,2147.0000000000005,2127.000000000001,21.700000000000003,21.470000000000006,21.27000000000001,0.0038053152963543765,0.003764982461416058,0.0037299104310349125,98/95,0.144817,0.179155,0.1490349492799142,-0.0042179492799142015,-0.028301746001819672,5864.669921875,0.0,2170.0000000000005,2147.0000000000005,2127.000000000001,0.0038053152963543765,0.003764982461416058,0.0037299104310349125,0.144817,0.9716982539981803,1.1312056384347158,2021-09-17,2024-08-16,36,-0.14100653233770188,36,short leg,Dynamic: 36-month history
1M 98/95 short put spread,short_put_spread,2024-10-18,2024-11-15,28,5864.669921875,0.98,0.95,5745.0,5570.0,0.9795947728569283,0.9497550713338713,SPXW  241115P05745000,SPXW  241115P05570000,48.9,49.3,24.0,24.3,2494.999999999999,2474.499999999999,2456.9999999999995,24.949999999999992,24.74499999999999,24.569999999999997,0.004254288874287268,0.004219333795360258,0.004189494093837202,98/95,0.163,0.193342,0.08885243897592798,0.07414756102407202,0.8345022587861677,5870.6201171875,0.0,2494.999999999999,2474.499999999999,2456.9999999999995,0.004254288874287268,0.004219333795360258,0.004189494093837202,0.163,1.8345022587861677,1.128348799285932,2021-10-15,2024-09-20,36,0.6258290521043848,36,short leg,Dynamic: 36-month history
1M 98/95 short put spread,short_put_spread,2024-11-15,2024-12-20,35,5870.6201171875,0.98,0.95,5755.0,5575.0,0.9803052974167078,0.9496441412855162,SPXW  241220P05755000,SPXW  241220P05575000,50.5,50.9,25.6,25.8,2499.9999999999995,2481.9999999999995,2466.9999999999995,24.999999999999996,24.819999999999997,24.669999999999995,0.004258493907109937,0.004227832750978746,0.004202281787536086,98/95,0.15059,0.180104,0.14103151370132602,0.00955848629867398,0.06777553504046452,5930.85009765625,0.0,2499.9999999999995,2481.9999999999995,2466.9999999999995,0.004258493907109937,0.004227832750978746,0.004202281787536086,0.15059,1.0677755350404645,1.1312056384347158,2021-11-19,2024-10-18,36,-0.05607300851330754,36,short leg,Dynamic: 36-month history
1M 98/95 short put spread,short_put_spread,2024-12-20,2025-01-17,28,5930.85009765625,0.98,0.95,5810.0,5635.0,0.9796234779725748,0.9501167467083406,SPXW  250117P05810000,SPXW  250117P05635000,51.2,51.8,26.6,27.2,2460.0,2427.0000000000005,2397.0000000000005,24.6,24.270000000000003,23.970000000000006,0.004147803366286633,0.004092162101616935,0.004041579133735391,98/95,0.169773,0.201644,0.12998839918889074,0.039784600811109266,0.3060627029747236,5996.66015625,0.0,2460.0,2427.0000000000005,2397.0000000000005,0.004147803366286633,0.004092162101616935,0.004041579133735391,0.169773,1.3060627029747236,1.128348799285932,2021-12-17,2024-11-15,36,0.15749908521306244,36,short leg,Dynamic: 36-month history
1M 98/95 short put spread,short_put_spread,2025-01-17,2025-02-21,35,5996.66015625,0.98,0.95,5875.0,5695.0,0.9797120141745568,0.9496953056551661,SPXW  250221P05875000,SPXW  250221P05695000,49.3,49.7,23.3,23.6,2604.9999999999995,2584.5,2567.0,26.049999999999997,25.845,25.67,0.004344084760722928,0.004309899064909178,0.004280716153848659,98/95,0.143129,0.169199,0.17492712098742877,-0.03179812098742876,-0.18177925074130696,6013.1298828125,0.0,2604.9999999999995,2584.5,2567.0,0.004344084760722928,0.004309899064909178,0.004280716153848659,0.143129,0.818220749258693,1.1312056384347158,2022-01-21,2024-12-20,36,-0.27668257524698125,36,short leg,Dynamic: 36-month history
1M 98/95 short put spread,short_put_spread,2025-02-21,2025-03-21,28,6013.1298828125,0.98,0.95,5895.0,5710.0,0.9803546763308483,0.9495886686766996,SPXW  250321P05895000,SPXW  250321P05710000,52.9,53.3,26.4,26.8,2649.999999999999,2626.9999999999986,2606.9999999999986,26.49999999999999,26.269999999999985,26.069999999999986,0.004407022718026713,0.004368773086889121,0.004335512538073826,98/95,0.164794,0.198106,0.11847165954123519,0.04632234045876481,0.39099933805385656,5667.56005859375,-18500.0,-15850.0,-15873.000000000002,-15893.000000000002,-0.026358984936122043,-0.026397234567259637,-0.026430495116074933,0.164794,1.3909993380538566,1.128348799285932,2022-02-18,2025-01-17,36,0.23277424404062041,36,short leg,Dynamic: 36-month history
1M 99/96 short put spread,short_put_spread,2025-03-21,2025-04-17,27,5667.56005859375,0.99,0.96,5610.0,5440.0,0.9898439437785099,0.9598486727549187,SPXW  250417P05610000,SPXW  250417P05440000,77.0,77.4,36.7,37.0,4035.0,4014.4999999999995,3997.0,40.35,40.144999999999996,39.97,0.007119465798834736,0.007083295030835699,0.007052417545958474,99/96,0.180761,0.202638,0.20198870343716668,-0.02122770343716668,-0.1050935179836433,5282.7001953125,-17000.0,-12965.0,-12985.5,-13003.0,-0.022875805224756473,-0.022911975992755507,-0.022942853477632735,0.180761,0.8949064820163567,1.0734737067763884,2022-03-18,2025-02-21,36,-0.16634522451068146,36,short leg,Dynamic: 36-month history
1M 100/97 short put spread,short_put_spread,2025-04-17,2025-05-16,29,5282.7001953125,1.0,0.97,5285.0,5125.0,1.0004353464331632,0.9701478051977221,SPXW  250516P05285000,SPXW  250516P05125000,143.4,144.7,92.1,93.4,5130.000000000002,5062.000000000002,4997.000000000004,51.30000000000002,50.62000000000002,49.970000000000034,0.009710942908613301,0.009582220858362675,0.0094591777220937,100/97,0.262225,0.288777,0.47703762093733293,-0.21481262093733294,-0.45030540885904735,5958.3798828125,0.0,5130.000000000002,5062.000000000002,4997.000000000004,0.009710942908613301,0.009582220858362675,0.0094591777220937,0.262225,0.5496945911409526,1.025969041148934,2022-04-14,2025-03-21,36,-0.46421912446268765,36,short leg,Dynamic: 36-month history
1M 98/95 short put spread,short_put_spread,2025-05-16,2025-06-20,35,5958.3798828125,0.98,0.95,5840.0,5660.0,0.9801322028570253,0.9499226486593773,SPXW  250620P05840000,SPXW  250620P05660000,62.9,63.5,33.0,33.5,2995.0,2964.5,2937.000000000001,29.95,29.645,29.370000000000008,0.005026534156775327,0.004975345745495979,0.00492919225991624,98/95,0.161764,0.189689,0.18884472534624733,-0.027080725346247336,-0.1434020743581519,5967.83984375,0.0,2995.0,2964.5,2937.000000000001,0.005026534156775327,0.004975345745495979,0.00492919225991624,0.161764,0.8565979256418481,1.1268796889756298,2022-05-20,2025-04-17,36,-0.2398497070964839,36,short leg,Dynamic: 36-month history
1M 98/95 short put spread,short_put_spread,2025-06-20,2025-07-18,28,5967.83984375,0.98,0.95,5850.0,5670.0,0.9802541879749989,0.9500925206526911,SPXW  250718P05850000,SPXW  250718P05670000,66.1,66.5,36.7,37.0,2945.0,2924.4999999999995,2906.999999999999,29.45,29.244999999999994,29.06999999999999,0.004934783903566447,0.004900433115782707,0.004871109272552685,98/95,0.188727,0.222362,0.127858204583138,0.06086879541686199,0.47606483772641206,6296.7900390625,0.0,2945.0,2924.4999999999995,2906.999999999999,0.004934783903566447,0.004900433115782707,0.004871109272552685,0.188727,1.476064837726412,1.1268796889756298,2022-06-17,2025-05-16,36,0.3098690589305082,36,short leg,Dynamic: 36-month history
1M 98/95 short put spread,short_put_spread,2025-07-18,2025-08-15,28,6296.7900390625,0.98,0.95,6170.0,5980.0,0.9798643374995909,0.9496902331033312,SPXW  250815P06170000,SPXW  250815P05980000,48.6,49.0,22.5,22.8,2615.0,2594.5,2576.9999999999995,26.15,25.945,25.769999999999996,0.0041529096313799516,0.004120353360847146,0.004092561422587432,98/95,0.153292,0.183418,0.07780391943511435,0.07548808056488567,0.9702349330593814,6449.7998046875,0.0,2615.0,2594.5,2576.9999999999995,0.0041529096313799516,0.004120353360847146,0.004092561422587432,0.153292,1.9702349330593814,1.128348799285932,2022-07-15,2025-06-20,36,0.7461222401319798,36,short leg,Dynamic: 36-month history
1M 98/95 short put spread,short_put_spread,2025-08-15,2025-09-19,35,6449.7998046875,0.98,0.95,6320.0,6125.0,0.979875374644471,0.9496418781166748,SPXW  250919P06320000,SPXW  250919P06125000,52.7,52.9,26.7,27.1,2590.0,2572.0,2557.0,25.9,25.72,25.57,0.004015628513179082,0.003987720670230347,0.0039644641344397345,98/95,0.141668,0.172745,0.10290173229558128,0.03876626770441871,0.37673095330469364,6664.35986328125,0.0,2590.0,2572.0,2557.0,0.004015628513179082,0.003987720670230347,0.0039644641344397345,0.141668,1.3767309533046936,1.1312056384347158,2022-08-19,2025-07-18,36,0.2170474638101334,36,short leg,Dynamic: 36-month history
1M 98/95 short put spread,short_put_spread,2025-09-19,2025-10-17,28,6664.35986328125,0.98,0.95,6530.0,6330.0,0.979839044403719,0.9498286601953356,SPXW  251017P06530000,SPXW  251017P06330000,45.8,46.2,21.7,22.0,2415.0,2394.5,2377.0,24.15,23.945,23.77,0.0036237538931622997,0.0035929932493487067,0.003566734163166371,98/95,0.14418,0.177665,0.08509393365808247,0.05908606634191753,0.6943628505803052,6664.009765625,0.0,2415.0,2394.5,2377.0,0.0036237538931622997,0.0035929932493487067,0.003566734163166371,0.14418,1.6943628505803052,1.1390103980950166,2022-09-16,2025-08-15,36,0.4875745238270959,36,short leg,Dynamic: 36-month history
1M 98/95 short put spread,short_put_spread,2025-10-17,2025-11-21,35,6664.009765625,0.98,0.95,6530.0,6330.0,0.9798905208218236,0.9498785600003282,SPXW  251121P06530000,SPXW  251121P06330000,85.8,86.3,51.8,52.3,3400.0,3372.0,3347.0,34.0,33.72,33.47,0.005102033339654212,0.005060016594504118,0.005022501643477249,98/95,0.189483,0.221531,0.12845643693574996,0.061026563064250056,0.475075944187785,6602.990234375,0.0,3400.0,3372.0,3347.0,0.005102033339654212,0.005060016594504118,0.005022501643477249,0.189483,1.475075944187785,1.1565322690215751,2022-10-21,2025-09-19,36,0.27542999335046425,36,short leg,Dynamic: 36-month history
1M 98/95 short put spread,short_put_spread,2025-11-21,2025-12-19,28,6602.990234375,0.98,0.95,6470.0,6275.0,0.9798590896465883,0.9503270150745504,SPXW  251219P06470000,SPXW  251219P06275000,90.2,91.2,53.6,54.4,3670.0,3622.0,3577.0,36.7,36.22,35.77,0.0055580878809937855,0.005485393543585692,0.005417242602265605,98/95,0.217369,0.24894,0.14231923964814291,0.07504976035185709,0.5273339046597161,6834.5,0.0,3670.0,3622.0,3577.0,0.0055580878809937855,0.005485393543585692,0.005417242602265605,0.217369,1.527333904659716,1.1871105219847138,2022-11-18,2025-10-17,36,0.2865979000052896,36,short leg,Dynamic: 36-month history
1M 98/95 short put spread,short_put_spread,2025-12-19,2026-01-16,28,6834.5,0.98,0.95,6700.0,6495.0,0.9803204330967884,0.9503255541736777,SPXW  260116P06700000,SPXW  260116P06495000,44.5,45.0,20.4,20.7,2420.0000000000005,2397.0000000000005,2377.0000000000005,24.200000000000003,23.970000000000006,23.770000000000003,0.0035408588777525794,0.0035072060867656746,0.003477942790255323,98/95,0.139536,0.172295,0.12316769468173602,0.01636830531826397,0.1328944684769775,6940.009765625,0.0,2420.0000000000005,2397.0000000000005,2377.0000000000005,0.0035408588777525794,0.0035072060867656746,0.003477942790255323,0.139536,1.1328944684769775,1.2560371423776335,2022-12-16,2025-11-21,36,-0.09804063092238768,36,short leg,Dynamic: 36-month history
1M 98/95 short put spread,short_put_spread,2026-01-16,2026-02-20,35,6940.009765625,0.98,0.95,6800.0,6595.0,0.9798257105748625,0.9502868472413555,SPXW  260220P06800000,SPXW  260220P06595000,61.6,62.0,32.4,32.8,2920.0000000000005,2897.0000000000005,2876.9999999999995,29.200000000000003,28.970000000000006,28.769999999999996,0.004207486874821469,0.004174345711081436,0.004145527307829233,98/95,0.148891,0.178757,0.08500857998827482,0.06388242001172517,0.7514820271146327,6909.509765625,0.0,2920.0000000000005,2897.0000000000005,2876.9999999999995,0.004207486874821469,0.004174345711081436,0.004145527307829233,0.148891,1.7514820271146327,1.2560371423776335,2023-01-20,2025-12-19,36,0.3944508231652606,36,short leg,Dynamic: 36-month history
1M 98/95 short put spread,short_put_spread,2026-02-20,2026-03-20,28,6909.509765625,0.98,0.95,6770.0,6565.0,0.9798090211379301,0.9501397671743739,SPXW  260320P06770000,SPXW  260320P06565000,73.2,73.7,40.6,41.1,3260.0,3232.0,3207.0,32.6,32.32,32.07,0.004718135020546015,0.00467761116147384,0.004641429144445114,98/95,0.183187,0.216919,0.11883316462118158,0.0643538353788184,0.5415477706410217,6506.47998046875,-20500.0,-17240.0,-17268.0,-17293.0,-0.024951118943010213,-0.024991642802082388,-0.025027824819111116,0.183187,1.5415477706410217,1.3314749967419872,2023-02-17,2026-01-16,36,0.1577744789898914,36,short leg,Dynamic: 36-month history
1M 102/99 short put spread,short_put_spread,2026-03-20,2026-04-17,28,6506.47998046875,1.02,0.99,6635.0,6440.0,1.0197526189148423,0.989782496731211,SPXW  260417P06635000,SPXW  260417P06440000,205.3,206.6,127.5,128.8,7780.0,7711.999999999998,7646.999999999998,77.8,77.11999999999998,76.46999999999998,0.011957310286597548,0.011852799091290523,0.011752898684011751,102/99,0.213774,0.243755,0.13417735976579712,0.07959664023420288,0.5932196040608984,7126.06005859375,0.0,7780.0,7711.999999999998,7646.999999999998,0.011957310286597548,0.011852799091290523,0.011752898684011751,0.213774,1.5932196040608984,1.0218280021792516,2023-03-17,2026-02-20,36,0.5591856953059031,36,short leg,Dynamic: 36-month history
1M 103/100 short put spread,short_put_spread,2026-04-17,2026-05-15,28,7126.06005859375,1.03,1.0,7340.0,7125.0,1.0300221917366872,0.9998512419787324,SPXW  260515P07340000,SPXW  260515P07125000,218.3,233.8,103.2,104.0,12245.0,11834.5,11427.0,122.45,118.345,114.27,0.01718340836214678,0.016607353716768154,0.016035508971355757,103/100,0.125591,0.144132,0.1875932767303727,-0.0620022767303727,-0.3305143862884191,7408.5,0.0,12245.0,11834.5,11427.0,0.01718340836214678,0.016607353716768154,0.016035508971355757,0.125591,0.6694856137115809,0.9764925159061912,2023-04-21,2026-03-20,36,-0.31439759874626994,36,short leg,Dynamic: 36-month history
1M 103/100 short put spread,short_put_spread,2026-05-15,2026-06-18,34,7408.5,1.03,1.0,7630.0,7410.0,1.0298980900317203,1.0002024701356549,SPXW  260618P07630000,SPXW  260618P07410000,252.8,257.3,133.7,134.5,12095.0,11959.499999999998,11827.0,120.95,119.59499999999998,118.27,0.016325841938314097,0.01614294391577242,0.015964095295943847,103/100,0.134489,0.154341,0.11373466510524415,0.020754334894755852,0.18248029196332416,7500.580078125,-12941.9921875,-846.9921875,-982.4921875000018,-1114.9921875,-0.0011432708206789498,-0.0013261688432206274,-0.0015050174630492003,0.134489,1.1824802919633242,0.9461565567265333,2023-05-19,2026-04-17,36,0.24977233794628262,36,short leg,Dynamic: 36-month history
1M 102/99 short put spread,short_put_spread,2026-06-18,2026-07-17,29,7500.580078125,1.02,0.99,7650.0,7425.0,1.0199211154762249,0.9899234356092771,SPXW  260717P07650000,SPXW  260717P07425000,171.6,172.3,77.1,77.6,9460.0,9426.999999999996,9396.999999999996,94.6,94.26999999999997,93.96999999999997,0.01261235784628116,0.012568361249142965,0.0125283643426537,102/99,0.121148,0.147555,0.1644843782530378,-0.043336378253037794,-0.26346804914428057,7457.68994140625,-19231.005859375,-9771.005859375,-9804.005859375004,-9834.005859375004,-0.013027000255448992,-0.013070996852587188,-0.01311099375907645,0.121148,0.7365319508557194,1.0218280021792516,2023-06-16,2026-05-15,36,-0.27920163737447157,36,short leg,Dynamic: 36-month history
1M 101/98 short put spread,short_put_spread,2026-07-17,2026-08-21,35,7457.68994140625,1.01,0.98,7530.0,7310.0,1.0096960398141888,0.9801962883189534,SPXW  260821P07530000,SPXW  260821P07310000,161.0,161.8,88.4,89.0,7270.0,7231.999999999998,7197.0,72.7,72.31999999999998,71.97,0.009748326971380016,0.00969737285516097,0.009650441432327645,101/98,0.140755,0.171511,0.11630524664665977,0.024449753353340223,0.21022055374354354,7674.3701171875,0.0,7270.0,7231.999999999998,7197.0,0.009748326971380016,0.00969737285516097,0.009650441432327645,0.140755,1.2102205537435435,1.0974215725096963,2023-07-21,2026-06-18,36,0.1027854600815683,36,short leg,Dynamic: 36-month history
1M 102/99 short put spread,short_put_spread,2026-08-21,2026-09-18,28,7674.3701171875,1.02,0.99,7830.0,7600.0,1.0202791734612788,0.9903092871399386,SPXW  260918P07830000,SPXW  260918P07600000,176.5,180.9,71.6,72.0,10690.0,10567.0,10447.0,106.9,105.67,104.47,0.013929481946744662,0.013769208206852278,0.013612843582567024,102/99,0.109348,0.132184,0.1288172437050172,-0.01946924370501721,-0.15113849004253233,7650.5,-17950.0,-7260.0,-7383.0,-7503.0,-0.009460059769257834,-0.009620333509150219,-0.009776698133435473,0.109348,0.8488615099574677,1.0218280021792516,2023-08-18,2026-07-17,36,-0.1692716306980221,36,short leg,Dynamic: 36-month history
