strategy,kind,entry_date,expiration_date,dte,spot_entry,target_upper_ratio,target_lower_ratio,upper_strike,lower_strike,actual_upper_ratio,actual_lower_ratio,upper_symbol,lower_symbol,upper_bid,upper_ask,lower_bid,lower_ask,premium_mid_cash,premium_realistic_cash,premium_natural_cash,premium_mid_points,premium_realistic_points,premium_natural_points,premium_mid_pct_spot_notional,premium_realistic_pct_spot_notional,premium_natural_pct_spot_notional,spread,short_leg_implied_vol,long_leg_implied_vol,realized_vol_21d,iv_minus_realized_vol,iv_rv_pct_deviation,spot_expiration,expiration_value_cash,pnl_mid_cash,pnl_realistic_cash,pnl_natural_cash,pnl_mid_pct_spot_notional,pnl_realistic_pct_spot_notional,pnl_natural_pct_spot_notional,signal_iv,current_iv_rv,historical_median_iv_rv,history_start_entry,history_end_entry,history_observations,richness_score,history_window,iv_definition,portfolio,ending_equity_mid,entry_equity_mid,contracts_mid_per_initial_1m,ending_equity_realistic,entry_equity_realistic,contracts_realistic_per_initial_1m,ending_equity_natural,entry_equity_natural,contracts_natural_per_initial_1m
1M 103/100 short put spread,short_put_spread,2018-11-16,2018-12-21,35,2736.27001953125,1.03,1.0,2820.0,2735.0,1.0306000430772888,0.9995358573816967,SPXW  181221P02820000,SPXW  181221P02735000,95.9,97.0,51.4,52.2,4465.0,4414.500000000002,4367.0,44.65,44.14500000000002,43.67,0.016317834015390404,0.016133276206257777,0.01595968222737064,103/100,0.142084,0.165028,0.2062928238520664,-0.06420882385206642,-0.31125088431631964,2416.6201171875,-8500.0,-4035.0,-4085.499999999998,-4133.0,-0.014746351680201632,-0.01493090948933426,-0.0151045034682214,0.153556,0.7443593874603983,1.0581146485837318,2016-10-21,2018-10-19,24,-0.2965229349610551,24,mean of both legs,"Dynamic: mean-leg IV, 24-month history",0.9852536483197983,1.0,3.6546100818343574,0.9850690905106657,1.0,3.6546100818343574,0.9848954965317785,1.0,3.6546100818343574
1M 103/100 short put spread,short_put_spread,2018-12-21,2019-01-18,28,2416.6201171875,1.03,1.0,2490.0,2415.0,1.030364674319562,0.9993295937677679,SPXW  190118P02490000,SPXW  190118P02415000,109.3,112.5,70.5,72.8,3924.999999999999,3784.499999999999,3647.000000000001,39.24999999999999,37.84499999999999,36.470000000000006,0.016241692155438876,0.015660301646435264,0.015091325169652383,103/100,0.238439,0.263062,0.22436286470720987,0.014076135292790143,0.06273825800521537,2670.7099609375,0.0,3924.999999999999,3784.499999999999,3647.000000000001,0.016241692155438876,0.015660301646435264,0.015091325169652383,0.2507505,1.1176114207991843,1.0262281551839139,2016-12-16,2018-11-16,24,0.08904770849801258,24,mean of both legs,"Dynamic: mean-leg IV, 24-month history",1.0012558347708316,0.9852536483197983,4.076990178607185,1.0004955696106423,0.9850690905106657,4.0762264764108,0.9997588747280658,0.9848954965317785,4.075508142661724
1M 103/100 short put spread,short_put_spread,2019-01-18,2019-02-15,28,2670.7099609375,1.03,1.0,2750.0,2670.0,1.0296887495168763,0.999734167712749,SPXW  190215P02750000,SPXW  190215P02670000,88.7,90.9,41.1,42.2,4815.000000000001,4729.500000000002,4647.000000000002,48.150000000000006,47.295000000000016,46.47000000000002,0.01802891392335913,0.017708774330327522,0.017399867705472458,103/100,0.126158,0.142591,0.28574265441872865,-0.15958465441872866,-0.5584908376502744,2775.60009765625,0.0,4815.000000000001,4729.500000000002,4647.000000000002,0.01802891392335913,0.017708774330327522,0.017399867705472458,0.1343745,0.47026405726282283,1.0262281551839139,2017-01-20,2018-12-21,24,-0.5417548671927197,24,mean of both legs,"Dynamic: mean-leg IV, 24-month history",1.019307390031176,1.0012558347708316,3.749024976187832,1.0182131198713698,1.0004955696106423,3.746178298071117,1.0171545468857062,0.9997588747280658,3.7434198746805145
1M 103/100 short put spread,short_put_spread,2019-02-15,2019-03-15,28,2775.60009765625,1.03,1.0,2860.0,2775.0,1.0304078034926638,0.9997837953469029,SPXW  190315P02860000,SPXW  190315P02775000,87.9,90.4,36.1,36.6,5280.0,5202.0,5127.0,52.8,52.02,51.27,0.019022913295249178,0.018741892985205726,0.018471681148625484,103/100,0.103164,0.121996,0.12206213508299835,-0.01889813508299834,-0.15482389415970987,2822.47998046875,-3752.001953125,1527.998046875,1449.998046875,1374.998046875,0.005505108780494927,0.005224088470451474,0.004953876633871229,0.11258,0.9223171454722564,0.9768940198093059,2017-02-17,2019-01-18,24,-0.055867753543729526,24,mean of both legs,"Dynamic: mean-leg IV, 24-month history",1.02491878809406,1.019307390031176,3.672385625335189,1.0235323552913522,1.0182131198713698,3.66844316200724,1.0221934050285593,1.0171545468857062,3.6646293093324345
1M 103/100 short put spread,short_put_spread,2019-03-15,2019-04-18,34,2822.47998046875,1.03,1.0,2905.0,2820.0,1.0292367067622372,0.9991213470118792,SPXW  190418P02905000,SPXW  190418P02820000,82.6,85.0,33.1,33.5,5050.0,4976.999999999998,4907.0,50.5,49.76999999999998,49.07,0.01789206667521273,0.01763342887970965,0.017385420034706705,103/100,0.08583,0.10667,0.0897382806226947,-0.0039082806226947014,-0.04355198913523983,2905.030029296875,0.0,5050.0,4976.999999999998,4907.0,0.01789206667521273,0.01763342887970965,0.017385420034706705,0.09625,1.0725634515406404,0.9458120384564987,2017-03-17,2019-02-15,24,0.13401332181285341,24,mean of both legs,"Dynamic: mean-leg IV, 24-month history",1.043256703387317,1.02491878809406,3.6312703551004257,1.0415807402844641,1.0235323552913522,3.626358246556515,1.039964666731688,1.0221934050285593,3.6216143678680623
1M 99/96 short put spread,short_put_spread,2019-04-18,2019-05-17,29,2905.030029296875,0.99,0.96,2875.0,2790.0,0.989662747374717,0.960403153104508,SPXW  190517P02875000,SPXW  190517P02790000,21.3,21.6,8.6,9.0,1265.0000000000005,1244.5000000000005,1227.0000000000005,12.650000000000004,12.445000000000004,12.270000000000005,0.004354516088448756,0.0042839488316794285,0.004223708490534881,99/96,0.109853,0.14194,0.10270272008975317,0.007150279910246832,0.06962113470800113,2859.530029296875,-1546.9970703125,-281.99707031249955,-302.49707031249955,-319.99707031249955,-0.0009707199838507463,-0.001041287240620074,-0.0011015275817646219,0.12589650000000002,1.2258341345777164,1.2982083123394819,2017-04-21,2019-03-15,24,-0.05574927927501949,24,mean of both legs,"Dynamic: mean-leg IV, 24-month history",1.0422439932570526,1.043256703387317,3.5912079836221995,1.0404961555495305,1.0415807402844641,3.5854388071043974,1.0388191169672223,1.039964666731688,3.579875788696745
1M 102/99 short put spread,short_put_spread,2019-05-17,2019-06-21,35,2859.530029296875,1.02,0.99,2915.0,2830.0,1.0193982822823386,0.9896731179619275,SPXW  190621P02915000,SPXW  190621P02830000,73.5,74.2,38.5,39.1,3504.9999999999995,3469.5000000000005,3437.0000000000005,35.05,34.69500000000001,34.370000000000005,0.01225725893447546,0.012133112659960804,0.012019457619912173,102/99,0.118723,0.151844,0.13127109849912197,-0.012548098499121974,-0.09558919398549792,2950.4599609375,0.0,3504.9999999999995,3469.5000000000005,3437.0000000000005,0.01225725893447546,0.012133112659960804,0.012019457619912173,0.1352835,1.0305657646409112,0.9835894067896376,2017-05-19,2019-04-18,24,0.047760129914982574,24,mean of both legs,"Dynamic: mean-leg IV, 24-month history",1.0550190477553059,1.0422439932570526,3.6448087013561743,1.0531206126270691,1.0404961555495305,3.6386963762901146,1.0513051593183644,1.0388191169672223,3.6328316412982584
1M 103/100 short put spread,short_put_spread,2019-06-21,2019-07-19,28,2950.4599609375,1.03,1.0,3040.0,2950.0,1.0303478238132229,0.9998441053450684,SPXW  190719P03040000,SPXW  190719P02950000,98.9,101.0,43.1,43.6,5660.0,5592.000000000002,5527.0,56.6,55.920000000000016,55.27,0.019183449614417244,0.01895297707488008,0.018732672441498958,103/100,0.114466,0.130667,0.12849184444166378,-0.014025844441663785,-0.10915746834058104,2976.610107421875,-6338.9892578125,-678.9892578125,-746.9892578124982,-811.9892578125,-0.002301299684801529,-0.002531772224338691,-0.002752076857719814,0.1225665,0.9538854433336901,0.934074932161697,2017-06-16,2019-05-17,24,0.02120869588711294,24,mean of both legs,"Dynamic: mean-leg IV, 24-month history",1.052591132753247,1.0550190477553059,3.5757782234742703,1.0504543511111415,1.0531206126270691,3.5693438533985162,1.0484118867190029,1.0513051593183644,3.563190733773982
1M 100/97 short put spread,short_put_spread,2019-07-19,2019-08-16,28,2976.610107421875,1.0,0.97,2975.0,2885.0,0.9994590801738326,0.9692233432946241,SPXW  190816P02975000,SPXW  190816P02885000,38.2,38.7,16.5,16.9,2175.0000000000005,2149.500000000001,2127.000000000001,21.750000000000004,21.495000000000008,21.27000000000001,0.007306969745808693,0.007221301824650937,0.007145712482452916,100/97,0.118471,0.152714,0.0814282019956747,0.037042798004325306,0.4549136183345046,2888.679931640625,-8632.0068359375,-6457.0068359375,-6482.506835937499,-6505.006835937499,-0.02169248441318401,-0.02177815233434176,-0.021853741676539782,0.1355925,1.6651786073724482,1.1246825228023032,2017-07-21,2019-06-21,24,0.4805765837130853,24,mean of both legs,"Dynamic: mean-leg IV, 24-month history",1.0297578160125413,1.052591132753247,3.5362076145905634,1.0275773962323709,1.0504543511111415,3.5290290404240054,1.0255001641760322,1.0484118867190029,3.5221673275411325
1M 102/99 short put spread,short_put_spread,2019-08-16,2019-09-20,35,2888.679931640625,1.02,0.99,2945.0,2860.0,1.0194968185095494,0.990071613221498,SPXW  190920P02945000,SPXW  190920P02860000,83.3,83.8,49.4,49.8,3395.000000000001,3369.5,3347.0,33.95000000000001,33.695,33.47,0.011752773170933518,0.011664497555069361,0.01158660730577746,102/99,0.146258,0.180847,0.20415636237089962,-0.057898362370899625,-0.2835981288974634,2992.070068359375,0.0,3395.000000000001,3369.5,3347.0,0.011752773170933518,0.011664497555069361,0.01158660730577746,0.1635525,0.8011139016224591,1.0163302466862865,2017-08-18,2019-07-19,24,-0.21175828011173892,24,mean of both legs,"Dynamic: mean-leg IV, 24-month history",1.0418603260451327,1.0297578160125413,3.56480413331113,1.0395635702583679,1.0275773962323709,3.5572559804116426,1.0373822318703503,1.0255001641760322,3.5500650416247383
1M 100/97 short put spread,short_put_spread,2019-09-20,2019-10-18,28,2992.070068359375,1.0,0.97,2990.0,2900.0,0.999308148435003,0.9692286389503374,SPXW  191018P02990000,SPXW  191018P02900000,43.2,43.8,20.8,21.3,2245.0,2214.5,2187.0,22.45,22.145,21.87,0.007503166532563819,0.007401230417088007,0.007309320804773751,100/97,0.129438,0.166615,0.13371783039345278,-0.004279830393452783,-0.03200643011376836,2986.199951171875,-380.0048828125,1864.9951171875,1834.4951171875,1806.9951171875,0.006233126479588502,0.00613119036411269,0.0060392807517984344,0.1480265,1.1070064445739602,1.1246825228023032,2017-09-15,2019-08-16,24,-0.015716504764651695,24,mean of both legs,"Dynamic: mean-leg IV, 24-month history",1.0483543732314373,1.0418603260451327,3.482071950996823,1.0459373324032184,1.0395635702583679,3.474395807944384,1.0436472744155425,1.0373822318703503,3.467105409196424
1M 100/97 short put spread,short_put_spread,2019-10-18,2019-11-15,28,2986.199951171875,1.0,0.97,2985.0,2895.0,0.9995981678415726,0.9694595296151935,SPXW  191115P02985000,SPXW  191115P02895000,38.9,39.4,16.7,17.1,2225.0,2199.5,2177.0,22.25,21.995,21.77,0.007450941117077049,0.007365548308768975,0.0072902017132030275,100/97,0.124012,0.155355,0.14024570743242484,-0.016233707432424846,-0.11575190235499222,3120.4599609375,0.0,2225.0,2199.5,2177.0,0.007450941117077049,0.007365548308768975,0.0072902017132030275,0.1396835,0.9959912681627298,1.1246825228023032,2017-10-20,2019-09-20,24,-0.11442451716856172,24,mean of both legs,"Dynamic: mean-leg IV, 24-month history",1.056165599936215,1.0483543732314373,3.5106636875405193,1.053641234352979,1.0459373324032184,3.502569652084955,1.0512556735634664,1.0436472744155425,3.4949008488396225
1M 98/95 short put spread,short_put_spread,2019-11-15,2019-12-20,35,3120.4599609375,0.98,0.95,3060.0,2965.0,0.9806246637693324,0.9501804340117878,SPXW  191220P03060000,SPXW  191220P02965000,23.1,23.7,10.7,11.1,1250.0000000000002,1222.0000000000002,1197.0000000000002,12.500000000000002,12.220000000000002,11.970000000000002,0.004005819704940084,0.003916089343549426,0.0038359729494506245,98/95,0.122995,0.154443,0.058103313587985046,0.06489168641201495,1.1168328001422907,3221.219970703125,0.0,1250.0000000000002,1222.0000000000002,1197.0000000000002,0.004005819704940084,0.003916089343549426,0.0038359729494506245,0.13871899999999998,2.3874541989750675,1.309277213147793,2017-11-17,2019-10-18,24,0.8234902242246298,24,mean of both legs,"Dynamic: mean-leg IV, 24-month history",1.0603964089081195,1.056165599936215,3.3846471775234837,1.0577673875627531,1.053641234352979,3.3765574548068447,1.0552882618902124,1.0512556735634664,3.368912553672475
1M 98/95 short put spread,short_put_spread,2019-12-20,2020-01-17,28,3221.219970703125,0.98,0.95,3155.0,3060.0,0.9794425803560783,0.9499506484594611,SPXW  200117P03155000,SPXW  200117P03060000,16.0,16.3,8.0,8.3,799.9999999999998,781.9999999999999,766.9999999999997,7.999999999999997,7.8199999999999985,7.669999999999996,0.002483531107083558,0.002427651657174178,0.0023810854489163605,98/95,0.12049,0.161079,0.07726082182080321,0.04322917817919679,0.559522629457158,3329.6201171875,0.0,799.9999999999998,781.9999999999999,766.9999999999997,0.002483531107083558,0.002427651657174178,0.0023810854489163605,0.1407845,1.8221978058495418,1.309277213147793,2017-12-15,2019-11-15,24,0.3917585882890102,24,mean of both legs,"Dynamic: mean-leg IV, 24-month history",1.0630299363754827,1.0603964089081195,3.2919093342037646,1.0603352783140747,1.0577673875627531,3.2837477638382597,1.0578009934150114,1.0552882618902124,3.276051531680604
1M 98/95 short put spread,short_put_spread,2020-01-17,2020-02-21,35,3329.6201171875,0.98,0.95,3265.0,3165.0,0.9805923453988247,0.9505588891844655,SPXW  200221P03265000,SPXW  200221P03165000,23.5,23.8,10.9,11.2,1260.0,1242.0,1227.0,12.6,12.42,12.27,0.003784215483009247,0.0037301552618234004,0.003685105077501862,98/95,0.117796,0.149898,0.06963264619328462,0.04816335380671538,0.6916777752927084,3337.75,0.0,1260.0,1242.0,1227.0,0.003784215483009247,0.0037301552618234004,0.003685105077501862,0.133847,1.9221874697748915,1.309277213147793,2018-01-19,2019-12-20,24,0.4681287129052878,24,mean of both legs,"Dynamic: mean-leg IV, 24-month history",1.067052670719617,1.0630299363754827,3.1926463048686,1.064290493531775,1.0603352783140747,3.1845533153786034,1.0616991012268318,1.0578009934150114,3.1769419819235303
1M 101/98 short put spread,short_put_spread,2020-02-21,2020-03-20,28,3337.75,1.01,0.98,3370.0,3270.0,1.0096621975881956,0.9797018949891394,SPXW  200320P03370000,SPXW  200320P03270000,64.5,65.1,33.2,33.7,3134.9999999999995,3104.5000000000005,3076.9999999999995,31.349999999999994,31.045000000000005,30.769999999999996,0.009392554864804134,0.009301175941877014,0.009218785109729608,101/98,0.129382,0.170037,0.13555104714294353,-0.006169047142943529,-0.04551087780559926,2304.919921875,-10000.0,-6865.0,-6895.5,-6923.0,-0.020567747734252115,-0.020659126657179238,-0.020741517489326643,0.1497095,1.104451076959412,1.037642595513332,2018-02-16,2020-01-17,24,0.06438486790630371,24,mean of both legs,"Dynamic: mean-leg IV, 24-month history",1.045105800569096,1.067052670719617,3.196922090389086,1.04230318142587,1.064290493531775,3.1886465239510895,1.039677850750333,1.0616991012268318,3.1808826341901932
1M 103/100 short put spread,short_put_spread,2020-03-20,2020-04-17,28,2304.919921875,1.03,1.0,2375.0,2305.0,1.0304045608959775,1.0000347422590434,SPXW  200417P02375000,SPXW  200417P02305000,184.5,191.5,153.7,157.7,3230.000000000002,2952.000000000002,2677.000000000002,32.30000000000002,29.520000000000017,26.770000000000017,0.014013502028185302,0.012807386373747062,0.011614286355867509,103/100,0.559583,0.59255,0.8348738695538477,-0.27529086955384763,-0.32973947274330395,2874.56005859375,0.0,3230.000000000002,2952.000000000002,2677.000000000002,0.014013502028185302,0.012807386373747062,0.011614286355867509,0.5760665,0.6900042281929928,0.9101681019842336,2018-03-16,2020-02-21,24,-0.24189363845125678,24,mean of both legs,"Dynamic: mean-leg IV, 24-month history",1.0597513928250393,1.045105800569096,4.53423908852732,1.055652360988977,1.04230318142587,4.522079797800438,1.0517529670268002,1.039677850750333,4.510689681160718
1M 103/100 short put spread,short_put_spread,2020-04-17,2020-05-15,28,2874.56005859375,1.03,1.0,2960.0,2875.0,1.0297227887623428,1.0001530465174784,SPXW  200515P02960000,SPXW  200515P02875000,144.7,146.8,105.8,107.0,3935.0,3849.5,3766.999999999998,39.35,38.495,37.66999999999998,0.01368905126276966,0.013391614443718374,0.013104614004282918,103/100,0.300433,0.333707,0.5894801972737838,-0.28904719727378375,-0.4903425061784322,2863.699951171875,-8500.0,-4565.0,-4650.5,-4733.000000000002,-0.015880690982094915,-0.016178127801146202,-0.016465128240581658,0.31706999999999996,0.5378806641281233,0.9101681019842336,2018-04-20,2020-03-20,24,-0.4090315152162509,24,mean of both legs,"Dynamic: mean-leg IV, 24-month history",1.04292180843774,1.0597513928250393,3.68665594464384,1.0385738821793156,1.055652360988977,3.672396260544327,1.0344357195472917,1.0517529670268002,3.6588310753240036
1M 103/100 short put spread,short_put_spread,2020-05-15,2020-06-19,35,2863.699951171875,1.03,1.0,2950.0,2865.0,1.0301358558157636,1.0004539752244619,SPXW  200619P02950000,SPXW  200619P02865000,146.0,147.5,105.4,106.5,4080.0,4012.0,3947.0,40.8,40.12,39.47,0.014247302683824799,0.014009847639094386,0.013782868552219725,103/100,0.238122,0.273482,0.2733208874610599,-0.035198887461059924,-0.12878228147153492,3097.739990234375,0.0,4080.0,4012.0,3947.0,0.014247302683824799,0.014009847639094386,0.013782868552219725,0.255802,0.9359035907434777,0.9101681019842336,2018-05-18,2020-04-17,24,0.028275533610921944,24,mean of both legs,"Dynamic: mean-leg IV, 24-month history",1.0577806311181146,1.04292180843774,3.64186830401334,1.0531241440305905,1.0385738821793156,3.6266854065989467,1.048693211095533,1.0344357195472917,3.612235000821168
1M 103/100 short put spread,short_put_spread,2020-06-19,2020-07-17,28,3097.739990234375,1.03,1.0,3190.0,3100.0,1.029783006338968,1.0007295672886523,SPXW  200717P03190000,SPXW  200717P03100000,159.0,160.8,112.7,114.2,4645.0,4559.499999999998,4477.0,46.45,45.594999999999985,44.77,0.014994802709857386,0.014718795038879382,0.014452471847584827,103/100,0.248374,0.284464,0.2677381591763992,-0.019364159176399193,-0.0723249881001875,3224.72998046875,0.0,4645.0,4559.499999999998,4477.0,0.014994802709857386,0.014718795038879382,0.014452471847584827,0.266419,0.9950729504510784,0.9291103681078671,2018-06-15,2020-05-15,24,0.07099542165000705,24,mean of both legs,"Dynamic: mean-leg IV, 24-month history",1.0736418429920391,1.0577806311181146,3.4146850105327364,1.068624862457072,1.0531241440305905,3.3996531256676294,1.0638494202056445,1.048693211095533,3.385349365671548
1M 103/100 short put spread,short_put_spread,2020-07-17,2020-08-21,35,3224.72998046875,1.03,1.0,3320.0,3225.0,1.0295435649211788,1.0000837339972293,SPXW  200821P03320000,SPXW  200821P03225000,136.6,137.7,87.3,88.0,4949.999999999998,4901.999999999996,4856.999999999996,49.49999999999998,49.01999999999996,48.569999999999965,0.015350122428794678,0.015201272756757875,0.015061726189223378,103/100,0.187486,0.211791,0.189345690691771,-0.0018596906917709988,-0.009821668953630014,3397.159912109375,0.0,4949.999999999998,4901.999999999996,4856.999999999996,0.015350122428794678,0.015201272756757875,0.015061726189223378,0.1996385,1.0543598814983557,0.9291103681078671,2018-07-20,2020-06-19,24,0.134805850510052,24,mean of both legs,"Dynamic: mean-leg IV, 24-month history",1.0901223767266437,1.0736418429920391,3.3294007544655675,1.0848693204659348,1.068624862457072,3.313842923064633,1.079872828879346,1.0638494202056445,3.2990341102947243
1M 100/97 short put spread,short_put_spread,2020-08-21,2020-09-18,28,3397.159912109375,1.0,0.97,3395.0,3295.0,0.999364200636633,0.9699278471569089,SPXW  200918P03395000,SPXW  200918P03295000,63.5,64.0,36.9,37.3,2665.0000000000005,2639.5000000000005,2617.0000000000005,26.650000000000006,26.395000000000003,26.170000000000005,0.007844788202346473,0.007769725500973176,0.0077034937056437965,100/97,0.166718,0.206131,0.09525106914940115,0.07146693085059885,0.7503005634351787,3319.469970703125,-7553.0029296875,-4888.0029296875,-4913.5029296875,-4936.0029296875,-0.014388498204820821,-0.014463560906194117,-0.014529792701523497,0.1864245,1.9571906296148074,1.1289863139953196,2018-08-17,2020-07-17,24,0.7335822457303245,24,mean of both legs,"Dynamic: mean-leg IV, 24-month history",1.0744371528660774,1.0901223767266437,3.208922761748244,1.0691782469741142,1.0848693204659348,3.193459679654333,1.0641825005317214,1.079872828879346,3.1787518304042037
1M 103/100 short put spread,short_put_spread,2020-09-18,2020-10-16,28,3319.469970703125,1.03,1.0,3420.0,3320.0,1.030284964221436,1.000159672869932,SPXW  201016P03420000,SPXW  201016P03320000,128.3,129.8,77.6,78.3,5110.000000000003,5052.000000000004,4997.000000000004,51.10000000000003,50.52000000000004,49.970000000000034,0.015394023880618538,0.015219297190779819,0.015053608088346547,103/100,0.193437,0.219613,0.21787787236911788,-0.024440872369117878,-0.11217693703062859,3483.81005859375,0.0,5110.000000000003,5052.000000000004,4997.000000000004,0.015394023880618538,0.015219297190779819,0.015053608088346547,0.20652500000000001,0.947893412737736,0.9408681547973077,2018-09-21,2020-08-21,24,0.00746678257161526,24,mean of both legs,"Dynamic: mean-leg IV, 24-month history",1.0909770640555216,1.0744371528660774,3.2367732268970992,1.0854503884647304,1.0691782469741142,3.2209306196785468,1.0802022868292025,1.0641825005317214,3.205880787969014
1M 103/100 short put spread,short_put_spread,2020-10-16,2020-11-20,35,3483.81005859375,1.03,1.0,3590.0,3485.0,1.0304809790488731,1.0003415632271095,SPXW  201120P03590000,SPXW  201120P03485000,158.0,171.4,107.5,114.7,5360.0,4842.0,4327.000000000002,53.6,48.42,43.27000000000002,0.015385454171871756,0.013898576324664748,0.012420309739121104,103/100,0.205857,0.23656,0.19161848739510465,0.014238512604895365,0.07430657030256427,3557.5400390625,-3245.99609375,2114.00390625,1596.00390625,1081.0039062500018,0.006068080264695383,0.004581202417488373,0.0031029358319447304,0.2212085,1.1544214914079909,0.9408681547973077,2018-10-19,2020-09-18,24,0.22697477379993725,24,mean of both legs,"Dynamic: mean-leg IV, 24-month history",1.0975972004471521,1.0909770640555216,3.131562989102505,1.0904230564084285,1.0854503884647304,3.1156991058889005,1.0835540852107535,1.0802022868292025,3.1006348470824188
1M 103/100 short put spread,short_put_spread,2020-11-20,2020-12-18,28,3557.5400390625,1.03,1.0,3665.0,3560.0,1.030206254815847,1.0006914780748746,SPXW  201218P03665000,SPXW  201218P03560000,142.4,145.2,83.2,84.0,6020.000000000002,5927.000000000002,5837.000000000004,60.20000000000002,59.27000000000002,58.37000000000003,0.01692180533149086,0.01666038873749939,0.01640740493686249,103/100,0.190467,0.20539,0.22515666388504263,-0.03468966388504263,-0.15406900815848823,3709.409912109375,0.0,6020.000000000002,5927.000000000002,5837.000000000004,0.01692180533149086,0.01666038873749939,0.01640740493686249,0.1979285,0.8790701398074346,0.9468630657944368,2018-11-16,2020-10-16,24,-0.07159739188910341,24,mean of both legs,"Dynamic: mean-leg IV, 24-month history",1.1161705266055082,1.0975972004471521,3.085270125972767,1.1085899284165253,1.0904230564084285,3.065104101247957,1.101332395857798,1.0835540852107535,3.0457958963584755
1M 100/97 short put spread,short_put_spread,2020-12-18,2021-01-15,28,3709.409912109375,1.0,0.97,3710.0,3600.0,1.0001590786417804,0.9705047663370375,SPXW  210115P03710000,SPXW  210115P03600000,66.1,67.0,37.7,38.3,2855.0,2814.499999999999,2776.9999999999995,28.55,28.144999999999992,27.769999999999996,0.007696641966367339,0.007587460180154421,0.00748636593366098,100/97,0.169036,0.206352,0.10235516916440954,0.06668083083559045,0.6514652008291184,3768.25,0.0,2855.0,2814.499999999999,2776.9999999999995,0.007696641966367339,0.007587460180154421,0.00748636593366098,0.187694,1.8337520374619642,1.1289863139953196,2018-12-21,2020-11-20,24,0.6242464720166363,24,mean of both legs,"Dynamic: mean-leg IV, 24-month history",1.1247612915222025,1.1161705266055082,3.0090244892099083,1.117001310354506,1.1085899284165253,2.9885883595596474,1.1095773731877852,1.101332395857798,2.9690231652816172
1M 103/100 short put spread,short_put_spread,2021-01-15,2021-02-19,35,3768.25,1.03,1.0,3880.0,3770.0,1.0296556757115372,1.0004644065547668,SPXW  210219P03880000,SPXW  210219P03770000,151.7,155.1,95.6,96.5,5734.999999999998,5624.499999999998,5516.999999999998,57.34999999999998,56.24499999999998,55.16999999999998,0.015219266237643464,0.014926026670204998,0.014640748357991106,103/100,0.179681,0.202593,0.10357143178064089,0.07610956821935912,0.7348509807275367,3906.7099609375,0.0,5734.999999999998,5624.499999999998,5516.999999999998,0.015219266237643464,0.014926026670204998,0.014640748357991106,0.191137,1.8454606324726552,0.9468630657944368,2019-01-18,2020-12-18,24,0.9490258931203293,24,mean of both legs,"Dynamic: mean-leg IV, 24-month history",1.1418793330716746,1.1247612915222025,2.9848372361764812,1.1336737017035112,1.117001310354506,2.9642441726385083,1.1258224162923482,1.1095773731877852,2.9445428864533545
1M 103/100 short put spread,short_put_spread,2021-02-19,2021-03-19,28,3906.7099609375,1.03,1.0,4025.0,3905.0,1.0302786846848784,0.9995623015389938,SPXW  210319P04025000,SPXW  210319P03905000,139.4,145.5,75.7,76.4,6639.999999999997,6466.999999999997,6296.999999999997,66.39999999999998,64.66999999999997,62.96999999999997,0.016996398674056123,0.016553570817036286,0.01611842205580292,103/100,0.14555,0.174034,0.15186756728512862,-0.006317567285128611,-0.041599186699734836,3913.10009765625,-11189.990234375,-4549.990234375003,-4722.990234375003,-4892.990234375003,-0.011646603612424644,-0.01208943146944448,-0.012524580230677845,0.159792,1.0521798884154994,0.950889428035713,2019-02-15,2021-01-15,24,0.10652180726104588,24,mean of both legs,"Dynamic: mean-leg IV, 24-month history",1.128580317106169,1.1418793330716746,2.922866925083058,1.1199682311780552,1.1336737017035112,2.9018629819948587,1.1117219631139992,1.1258224162923482,2.8817660577551107
1M 103/100 short put spread,short_put_spread,2021-03-19,2021-04-16,28,3913.10009765625,1.03,1.0,4030.0,3915.0,1.0298739872291454,1.0004855235737231,SPXW  210416P04030000,SPXW  210416P03915000,141.7,143.0,74.4,75.1,6760.0,6706.999999999998,6656.999999999999,67.6,67.06999999999998,66.57,0.017275305592230825,0.017139863107558002,0.017012087178621387,103/100,0.146411,0.165461,0.18860622412244157,-0.04219522412244156,-0.22372127069915138,4185.47021484375,0.0,6760.0,6706.999999999998,6656.999999999999,0.017275305592230825,0.017139863107558002,0.017012087178621387,0.15593600000000002,0.8267807742058803,0.9744791968923843,2019-03-15,2021-02-19,24,-0.1515665220535385,24,mean of both legs,"Dynamic: mean-leg IV, 24-month history",1.1480768869695548,1.128580317106169,2.884107967956485,1.139164333345261,1.1199682311780552,2.862099622365551,1.1306346740688826,1.1117219631139992,2.841026131122648
1M 103/100 short put spread,short_put_spread,2021-04-16,2021-05-21,35,4185.47021484375,1.03,1.0,4310.0,4185.0,1.0297528781150098,0.9998876554318599,SPXW  210521P04310000,SPXW  210521P04185000,147.8,148.9,71.1,71.5,7705.000000000002,7664.500000000001,7627.000000000002,77.05000000000001,76.64500000000001,76.27000000000002,0.018408923261893625,0.018312159940400217,0.01822256427235077,103/100,0.121334,0.1335,0.12012026379867413,0.0012137362013258657,0.010104341789992421,4155.85986328125,-12500.0,-4794.999999999998,-4835.499999999999,-4872.999999999998,-0.01145629942125631,-0.011553062742749719,-0.011642658410799167,0.127417,1.0607452562171813,0.950889428035713,2019-04-18,2021-03-19,24,0.11552955048454105,24,mean of both legs,"Dynamic: mean-leg IV, 24-month history",1.1349241743938077,1.1480768869695548,2.743005750937865,1.1260034963278205,1.139164333345261,2.721711719044661,1.1174710807712933,1.1306346740688826,2.7013325051486263
1M 98/95 short put spread,short_put_spread,2021-05-21,2021-06-18,28,4155.85986328125,0.98,0.95,4075.0,3950.0,0.9805431689370278,0.9504651576199411,SPXW  210618P04075000,SPXW  210618P03950000,48.2,48.7,28.2,28.7,2000.0,1972.0,1947.0,20.0,19.72,19.47,0.004812481810733879,0.004745107065383605,0.004684951042749431,98/95,0.178529,0.219112,0.14231869690226887,0.03621030309773113,0.2544311034733333,4166.4501953125,0.0,2000.0,1972.0,1947.0,0.004812481810733879,0.004745107065383605,0.004684951042749431,0.1988205,1.3970089969031356,1.3149815962293565,2019-05-17,2021-04-16,24,0.062379124475193004,24,mean of both legs,"Dynamic: mean-leg IV, 24-month history",1.14038597633964,1.1349241743938077,2.7309009729161824,1.1313465034738923,1.1260034963278205,2.709435672450194,1.122706378076395,1.1174710807712933,2.6889046251164888
1M 98/95 short put spread,short_put_spread,2021-06-18,2021-07-16,28,4166.4501953125,0.98,0.95,4080.0,3960.0,0.9792508751431227,0.9504493788153837,SPXW  210716P04080000,SPXW  210716P03960000,49.6,50.2,29.1,29.6,2055.000000000001,2024.500000000001,1997.000000000001,20.550000000000008,20.245000000000008,19.97000000000001,0.004932256246125289,0.0048590524429589525,0.004793049013874551,98/95,0.186379,0.22183,0.08283457802441589,0.1035444219755841,1.2500144800045203,4327.16015625,0.0,2055.000000000001,2024.500000000001,1997.000000000001,0.004932256246125289,0.0048590524429589525,0.004793049013874551,0.2041045,2.464001204181172,1.336440583146032,2019-06-21,2021-05-21,24,0.8437042658348637,24,mean of both legs,"Dynamic: mean-leg IV, 24-month history",1.1460106521944349,1.14038597633964,2.7370685424792573,1.1368437754654304,1.1313465034738923,2.71537268043363,1.1280875647747048,1.122706378076395,2.694635302108028
1M 100/97 short put spread,short_put_spread,2021-07-16,2021-08-20,35,4327.16015625,1.0,0.97,4325.0,4195.0,0.9995007912413688,0.9694579928919173,SPXW  210820P04325000,SPXW  210820P04195000,78.2,78.8,45.2,45.7,3305.0,3274.499999999999,3247.0,33.05,32.74499999999999,32.47,0.007637803734225951,0.007567318707329159,0.007503766633897629,100/97,0.144757,0.182679,0.10112589254863172,0.04363110745136828,0.4314533731347385,4441.669921875,0.0,3305.0,3274.499999999999,3247.0,0.007637803734225951,0.007567318707329159,0.007503766633897629,0.163718,1.6189523362799252,1.2014885677060376,2019-07-19,2021-06-18,24,0.34745546465825905,24,mean of both legs,"Dynamic: mean-leg IV, 24-month history",1.1547636566332282,1.1460106521944349,2.6484128407846814,1.1454466346348204,1.1368437754654304,2.6272283308567,1.1365524706033763,1.1280875647747048,2.6069928637731015
1M 98/95 short put spread,short_put_spread,2021-08-20,2021-09-17,28,4441.669921875,0.98,0.95,4355.0,4220.0,0.9804870862987466,0.9500931123262252,SPXW  210917P04355000,SPXW  210917P04220000,44.3,44.9,25.9,26.4,1844.999999999999,1814.5,1787.0,18.449999999999992,18.145,17.87,0.004153843109577926,0.0040851752424548235,0.004023261591770058,98/95,0.16252,0.207227,0.08386506029187885,0.07865493970812115,0.9378749557250099,4432.990234375,0.0,1844.999999999999,1814.5,1787.0,0.004153843109577926,0.0040851752424548235,0.004023261591770058,0.1848735,2.204416229554686,1.3836891721048616,2019-08-16,2021-07-16,24,0.5931440918926454,24,mean of both legs,"Dynamic: mean-leg IV, 24-month history",1.1595603636915253,1.1547636566332282,2.5998412240091855,1.150125984868184,1.1454466346348204,2.578864829629851,1.1411251185053863,1.1365524706033763,2.5588404599943653
1M 98/95 short put spread,short_put_spread,2021-09-17,2021-10-15,28,4432.990234375,0.98,0.95,4345.0,4210.0,0.9801510425868544,0.9496975579495183,SPXW  211015P04345000,SPXW  211015P04210000,54.8,55.4,32.6,33.2,2219.9999999999986,2186.9999999999995,2156.9999999999995,22.199999999999985,21.869999999999994,21.569999999999997,0.005007906362584155,0.004933464511248447,0.0048657901009432555,98/95,0.189395,0.230159,0.08508592149584869,0.10430907850415132,1.225926412623274,4471.3701171875,0.0,2219.9999999999986,2186.9999999999995,2156.9999999999995,0.005007906362584155,0.004933464511248447,0.0048657901009432555,0.209777,2.46547250487538,1.398115849129667,2019-09-20,2021-08-20,24,0.7634250455068847,24,mean of both legs,"Dynamic: mean-leg IV, 24-month history",1.1653673334146564,1.1595603636915253,2.615752127536572,1.1558000905979957,1.150125984868184,2.5944699267543916,1.1466775938109475,1.1411251185053863,2.574165649309786
1M 98/95 short put spread,short_put_spread,2021-10-15,2021-11-19,35,4471.3701171875,0.98,0.95,4380.0,4250.0,0.9795655213518822,0.9504916588460044,SPXW  211119P04380000,SPXW  211119P04250000,46.4,46.9,26.9,27.3,1955.0,1929.4999999999995,1906.9999999999995,19.55,19.294999999999995,19.069999999999997,0.00437226163069162,0.004315232131160859,0.004264911984516071,98/95,0.151845,0.186577,0.16221274243274908,-0.010367742432749072,-0.0639144759977619,4697.9599609375,0.0,1955.0,1929.4999999999995,1906.9999999999995,0.00437226163069162,0.004315232131160859,0.004264911984516071,0.169211,1.0431424650264594,1.4057110169436862,2019-10-18,2021-09-17,24,-0.257925382633429,24,mean of both legs,"Dynamic: mean-leg IV, 24-month history",1.1704626242922067,1.1653673334146564,2.606286893887627,1.1607876362861427,1.1558000905979957,2.584890224486709,1.1515680728231679,1.1466775938109475,2.564488207771558
1M 98/95 short put spread,short_put_spread,2021-11-19,2021-12-17,28,4697.9599609375,0.98,0.95,4605.0,4465.0,0.9802126962106017,0.950412527379009,SPXW  211217P04605000,SPXW  211217P04465000,44.2,44.6,24.6,24.9,1965.000000000001,1944.5,1927.0,19.65000000000001,19.445,19.27,0.00418266655386283,0.004139030592359425,0.004101780381319934,98/95,0.15858,0.19858,0.06750313323284787,0.09107686676715213,1.3492242864192412,4620.64013671875,0.0,1965.000000000001,1944.5,1927.0,0.00418266655386283,0.004139030592359425,0.004101780381319934,0.17858000000000002,2.6455068297940985,1.4057110169436862,2019-11-15,2021-10-15,24,0.8819706169380328,24,mean of both legs,"Dynamic: mean-leg IV, 24-month history",1.1753582791633803,1.1704626242922067,2.491427415355484,1.1655921718239637,1.1607876362861427,2.4708333956394597,1.1562915521520283,1.1515680728231679,2.4512087850858717
1M 100/97 short put spread,short_put_spread,2021-12-17,2022-01-21,35,4620.64013671875,1.0,0.97,4620.0,4480.0,0.999861461464254,0.9695626292986705,SPXW  220121P04620000,SPXW  220121P04480000,97.7,98.6,59.6,60.3,3820.0,3777.000000000002,3737.000000000002,38.2,37.77000000000002,37.37000000000002,0.0082672527766092,0.008174192077814913,0.008087623985913246,100/97,0.170387,0.206814,0.18761110322630922,-0.017224103226309212,-0.09180748329981481,4397.93994140625,-14000.0,-10180.0,-10222.999999999998,-10262.999999999998,-0.022031579388974255,-0.022124640087768543,-0.022211208179670212,0.1886005,1.0052736578841888,1.2535246756479268,2019-12-20,2021-11-19,24,-0.19804238607063807,24,mean of both legs,"Dynamic: mean-leg IV, 24-month history",1.1494632799255042,1.1753582791633803,2.543713088200018,1.139803864533238,1.1655921718239637,2.5225772562580135,1.1306089197707856,1.1562915521520283,2.50244883379545
1M 102/99 short put spread,short_put_spread,2022-01-21,2022-02-18,28,4397.93994140625,1.02,0.99,4485.0,4355.0,1.0197956451778905,0.990236351114763,SPXW  220218P04485000,SPXW  220218P04355000,158.7,173.1,105.7,108.4,5884.9999999999945,5454.499999999998,5026.999999999998,58.849999999999945,54.54499999999998,50.26999999999998,0.013381265043192595,0.01240239765133289,0.011430351635026205,102/99,0.22773,0.25566,0.15286022934976137,0.07486977065023862,0.48979234800785343,4348.8701171875,-13000.0,-7115.0000000000055,-7545.500000000002,-7973.000000000002,-0.01617802901993466,-0.017156896411794367,-0.018128942428101053,0.241695,1.5811503163911569,1.1000992196290897,2020-01-17,2021-12-17,24,0.4372797363898311,24,mean of both legs,"Dynamic: mean-leg IV, 24-month history",1.13086722962552,1.1494632799255042,2.6136402389295954,1.1202483676996784,1.139803864533238,2.591676738925142,1.1101121757555634,1.1306089197707856,2.570769348453793
1M 102/99 short put spread,short_put_spread,2022-02-18,2022-03-18,28,4348.8701171875,1.02,0.99,4435.0,4305.0,1.0198051173044005,0.9899122953766503,SPXW  220318P04435000,SPXW  220318P04305000,155.3,156.4,100.8,101.7,5460.000000000002,5407.000000000002,5357.000000000002,54.600000000000016,54.07000000000002,53.57000000000002,0.012554985209655081,0.012433114474103484,0.012318142082073675,102/99,0.222486,0.255971,0.22338493370835447,-0.0008989337083544768,-0.004024146541270812,4463.1201171875,0.0,5460.000000000002,5407.000000000002,5357.000000000002,0.012554985209655081,0.012433114474103484,0.012318142082073675,0.2392285,1.0709249546450186,1.1000992196290897,2020-02-21,2022-01-21,24,-0.026519667011406067,24,mean of both legs,"Dynamic: mean-leg IV, 24-month history",1.145065250967552,1.13086722962552,2.6003702091633727,1.134176543894716,1.1202483676996784,2.575952690038407,1.1237866952635605,1.1101121757555634,2.5526450453606437
1M 102/99 short put spread,short_put_spread,2022-03-18,2022-04-14,27,4463.1201171875,1.02,0.99,4550.0,4420.0,1.0194661762469546,0.9903385712113272,SPXW  220414P04550000,SPXW  220414P04420000,132.2,144.9,80.1,80.8,5810.000000000003,5472.000000000002,5137.0,58.10000000000003,54.72000000000002,51.37,0.013017798865922655,0.012260481134996344,0.011509885159078253,102/99,0.179244,0.207694,0.26139175180790686,-0.08214775180790687,-0.3142706349367753,4392.58984375,-13000.0,-7189.999999999997,-7527.999999999998,-7863.0,-0.016109806169704616,-0.016867123900630925,-0.017617719876549018,0.193469,0.7401495979191327,1.1000992196290897,2020-03-20,2022-02-18,24,-0.32719741573066286,24,mean of both legs,"Dynamic: mean-leg IV, 24-month history",1.1266184717228007,1.145065250967552,2.565616028477252,1.1150462476036545,1.134176543894716,2.5412189547106205,1.1039881360654142,1.1237866952635605,2.5179396156869087
1M 101/98 short put spread,short_put_spread,2022-04-14,2022-05-20,36,4392.58984375,1.01,0.98,4435.0,4305.0,1.0096549320010706,0.9800596352344102,SPXW  220520P04435000,SPXW  220520P04305000,128.0,128.8,80.5,81.2,4755.000000000001,4714.499999999999,4677.000000000001,47.55000000000001,47.14499999999999,46.77000000000001,0.010825048932728506,0.010732848200493904,0.010647477152128543,101/98,0.185639,0.215461,0.16662654518958797,0.019012454810412027,0.1141021965544542,3901.360107421875,-13000.0,-8245.0,-8285.5,-8323.0,-0.01877024783393197,-0.018862448566166565,-0.01894781961453193,0.20055,1.2035897387887018,1.1553402364743652,2020-04-17,2022-03-18,24,0.04176215870536515,24,mean of both legs,"Dynamic: mean-leg IV, 24-month history",1.105471563794278,1.1266184717228007,2.5648160010336745,1.0940137451093335,1.1150462476036545,2.538471123567794,1.0830699680066633,1.1039881360654142,2.5132966549021747
1M 103/100 short put spread,short_put_spread,2022-05-20,2022-06-17,28,3901.360107421875,1.03,1.0,4020.0,3900.0,1.0304098799678674,0.9996513760882294,SPXW  220617P04020000,SPXW  220617P03900000,178.8,183.0,116.9,117.9,6350.0,6217.000000000004,6087.0,63.5,62.17000000000004,60.87,0.016276374969641686,0.015935468218309042,0.015602251092946289,103/100,0.248652,0.26947,0.3390484481886693,-0.09039644818866929,-0.2666180856205147,3674.840087890625,-12000.0,-5650.0,-5782.999999999996,-5913.0,-0.014482128909996145,-0.014823035661328789,-0.01515625278669154,0.259061,0.7640825415482836,1.0575525688577685,2020-05-15,2022-04-14,24,-0.27749923356193373,24,mean of both legs,"Dynamic: mean-leg IV, 24-month history",1.0894619821010743,1.105471563794278,2.8335542819829667,1.077797140351594,1.0940137451093335,2.8041855019435453,1.0666546857858805,1.0830699680066633,2.776134317737681
1M 103/100 short put spread,short_put_spread,2022-06-17,2022-07-15,28,3674.840087890625,1.03,1.0,3785.0,3675.0,1.0299767906833213,1.0000435153926566,SPXW  220715P03785000,SPXW  220715P03675000,170.0,171.1,111.8,112.5,5840.0,5792.0,5747.0,58.4,57.92,57.47,0.015891847972498273,0.01576123004395719,0.015638775735949927,103/100,0.262046,0.278478,0.28579301216835973,-0.023747012168359727,-0.08309164730161578,3863.159912109375,0.0,5840.0,5792.0,5747.0,0.015891847972498273,0.01576123004395719,0.015638775735949927,0.270262,0.9456564313783485,1.0575525688577685,2020-06-19,2022-05-20,24,-0.10580669063125225,24,mean of both legs,"Dynamic: mean-leg IV, 24-month history",1.1067755462924411,1.0894619821010743,2.9646514026313193,1.0947845490213945,1.077797140351594,2.9329089554213894,1.083335859204586,1.0666546857858805,2.9025880317914603
1M 103/100 short put spread,short_put_spread,2022-07-15,2022-08-19,35,3863.159912109375,1.03,1.0,3980.0,3865.0,1.0302446936054552,1.0004763167801718,SPXW  220819P03980000,SPXW  220819P03865000,165.6,168.7,107.5,108.0,5939.999999999996,5846.999999999996,5756.999999999996,59.39999999999996,58.46999999999996,57.569999999999965,0.015376013768885427,0.015135278199776614,0.014902308294187441,103/100,0.20049,0.222804,0.23272850212726132,-0.032238502127261315,-0.13852408206379707,4228.47998046875,0.0,5939.999999999996,5846.999999999996,5756.999999999996,0.015376013768885427,0.015135278199776614,0.014902308294187441,0.211647,0.9094158990645097,1.0575525688577685,2020-07-17,2022-06-17,24,-0.14007499405278445,24,mean of both legs,"Dynamic: mean-leg IV, 24-month history",1.1237933423312993,1.1067755462924411,2.864948828090619,1.1113544177396504,1.0947845490213945,2.8339094780666656,1.0994800641646012,1.083335859204586,2.804273920447315
1M 103/100 short put spread,short_put_spread,2022-08-19,2022-09-16,28,4228.47998046875,1.03,1.0,4355.0,4230.0,1.0299209219662013,1.000359471852361,SPXW  220916P04355000,SPXW  220916P04230000,152.4,154.8,84.3,84.8,6905.000000000002,6829.500000000004,6757.000000000004,69.05000000000001,68.29500000000003,67.57000000000004,0.01632974504288547,0.01615119388419788,0.015979737473537602,103/100,0.160237,0.181846,0.17450943141623526,-0.01427243141623527,-0.08178601752585535,3873.330078125,-12500.0,-5594.999999999998,-5670.499999999996,-5742.999999999996,-0.013231705070954981,-0.013410256229642575,-0.013581712640302848,0.1710415,0.9801275415999515,1.0564625723163403,2020-08-21,2022-07-15,24,-0.07225531004758734,24,mean of both legs,"Dynamic: mean-leg IV, 24-month history",1.1089236402648688,1.1237933423312993,2.6576768662074186,1.0964508702358164,1.1113544177396504,2.62825985430455,1.0845472418793758,1.0994800641646012,2.6001780054371166
1M 103/100 short put spread,short_put_spread,2022-09-16,2022-10-21,35,3873.330078125,1.03,1.0,3990.0,3875.0,1.0301213476573825,1.0004311333765308,SPXW  221021P03990000,SPXW  221021P03875000,171.5,172.2,113.4,114.0,5815.0,5779.5,5747.0,58.15,57.795,57.47,0.015012921395056842,0.014921268994450733,0.014837361867135282,103/100,0.227729,0.24628,0.24317540153590977,-0.015446401535909787,-0.06351958889899811,3752.75,-11500.0,-5685.0,-5720.5,-5753.0,-0.014677292885795038,-0.014768945286401146,-0.014852852413716597,0.2370045,0.9746236605473497,1.0352749107664234,2020-09-18,2022-08-19,24,-0.0585846808304985,24,mean of both legs,"Dynamic: mean-leg IV, 24-month history",1.0926476432087193,1.1089236402648688,2.8629722174405443,1.0802574473240767,1.0964508702358164,2.8307705465850352,1.0684386217600381,1.0845472418793758,2.8000382616613533
1M 103/100 short put spread,short_put_spread,2022-10-21,2022-11-18,28,3752.75,1.03,1.0,3865.0,3755.0,1.0299113983079076,1.0005995603224302,SPXW  221118P03865000,SPXW  221118P03755000,173.2,174.0,113.6,114.3,5965.000000000002,5924.499999999998,5887.000000000002,59.65000000000002,59.24499999999998,58.87000000000002,0.015895010325761114,0.015787089467723666,0.01568716274731864,103/100,0.271077,0.281612,0.29299287337961377,-0.02191587337961376,-0.07480002201698144,3965.340087890625,0.0,5965.000000000002,5924.499999999998,5887.000000000002,0.015895010325761114,0.015787089467723666,0.01568716274731864,0.2763445,0.9431782309665824,1.0352749107664234,2020-10-16,2022-09-16,24,-0.08895867063141816,24,mean of both legs,"Dynamic: mean-leg IV, 24-month history",1.1100152887799404,1.0926476432087193,2.911591881177055,1.0973115682931567,1.0802574473240767,2.8785755707789664,1.0851993923051089,1.0684386217600381,2.847081798041538
1M 103/100 short put spread,short_put_spread,2022-11-18,2022-12-16,28,3965.340087890625,1.03,1.0,4085.0,3965.0,1.0301764563586344,0.999914234874415,SPXW  221216P04085000,SPXW  221216P03965000,157.6,160.8,93.2,93.7,6574.999999999998,6479.499999999998,6386.999999999996,65.74999999999999,64.79499999999999,63.86999999999996,0.01658117552156186,0.01634033867558328,0.016107067384975752,103/100,0.203982,0.219407,0.2820333606359019,-0.0780513606359019,-0.2767451356106212,3852.360107421875,-12000.0,-5425.000000000002,-5520.500000000002,-5613.000000000004,-0.013681045962657512,-0.01392188280863609,-0.01415515409924362,0.2116945,0.7506009201276453,0.9992487373586494,2020-11-20,2022-10-21,24,-0.2488347574881744,24,mean of both legs,"Dynamic: mean-leg IV, 24-month history",1.0948291185948895,1.1100152887799404,2.799294043327357,1.0820349252348187,1.0973115682931567,2.7672571430736346,1.0698382276786245,1.0851993923051089,2.736712030373123
1M 103/100 short put spread,short_put_spread,2022-12-16,2023-01-20,35,3852.360107421875,1.03,1.0,3970.0,3850.0,1.0305370965584142,0.999387360642291,SPXW  230120P03970000,SPXW  230120P03850000,158.6,159.7,95.1,96.0,6359.999999999998,6306.999999999996,6256.999999999996,63.59999999999998,63.069999999999965,62.569999999999965,0.016509360035545373,0.016371782035249156,0.016241991468931977,103/100,0.191024,0.208589,0.19816986883632942,-0.007145868836329422,-0.036059310521274424,3972.610107421875,0.0,6359.999999999998,6306.999999999996,6256.999999999996,0.016509360035545373,0.016371782035249156,0.016241991468931977,0.1998065,1.0082587286012803,0.9992487373586494,2020-12-18,2022-11-18,24,0.009016765201472543,24,mean of both legs,"Dynamic: mean-leg IV, 24-month history",1.1129040466911715,1.0948291185948895,2.8419698264594087,1.0997497651852903,1.0820349252348187,2.8087585144239062,1.087214531045718,1.0698382276786245,2.77709818876355
1M 103/100 short put spread,short_put_spread,2023-01-20,2023-02-17,28,3972.610107421875,1.03,1.0,4090.0,3975.0,1.0295498147071644,1.0006015925332465,SPXW  230217P04090000,SPXW  230217P03975000,142.3,145.3,79.1,79.8,6435.000000000003,6339.500000000004,6247.000000000004,64.35000000000002,63.39500000000004,62.470000000000034,0.016198418233840113,0.015958022127961057,0.015725177732214327,103/100,0.167998,0.184144,0.17720276014941283,-0.009204760149412822,-0.051944789921170575,4079.090087890625,-1090.9912109375,5344.008789062503,5248.508789062504,5156.008789062504,0.01345213510653486,0.013211739000655805,0.012978894604909075,0.176071,0.9936131911914997,0.9941931351006159,2021-01-15,2022-12-16,24,-0.0005833312347881536,24,mean of both legs,"Dynamic: mean-leg IV, 24-month history",1.1278749822878704,1.1129040466911715,2.8014429219015873,1.114279372048951,1.0997497651852903,2.768330481591108,1.1013253738570858,1.087214531045718,2.7367763300368106
1M 98/95 short put spread,short_put_spread,2023-02-17,2023-03-17,28,4079.090087890625,0.98,0.95,4000.0,3875.0,0.9806108504135725,0.9499667613381484,SPXW  230317P04000000,SPXW  230317P03875000,50.5,51.0,24.9,25.4,2560.0,2532.0,2507.0,25.6,25.32,25.07,0.006275909442646864,0.006207266683117914,0.006145978504967065,98/95,0.195509,0.218554,0.1621120418357446,0.03339695816425539,0.20601158178054346,3916.639892578125,-8336.0107421875,-5776.0107421875,-5804.0107421875,-5829.0107421875,-0.014160047014736036,-0.014228689774264986,-0.014289977952415834,0.20703149999999998,1.2770889667145686,1.1790495950482458,2021-02-19,2023-01-20,24,0.08315118556341239,24,mean of both legs,"Dynamic: mean-leg IV, 24-month history",1.1119042195119295,1.1278749822878704,2.765016113853754,1.0984246365422037,1.114279372048951,2.7316861065580587,1.085587458546232,1.1013253738570858,2.6999290286001063
1M 102/99 short put spread,short_put_spread,2023-03-17,2023-04-21,35,3916.639892578125,1.02,0.99,3995.0,3875.0,1.020006972703915,0.9893684653886534,SPXW  230421P03995000,SPXW  230421P03875000,135.8,136.7,85.9,86.7,4994.999999999998,4949.499999999998,4907.0,49.94999999999998,49.49499999999998,49.07,0.012753278669977606,0.012637107663073906,0.012528596282999026,102/99,0.207163,0.232954,0.17718052315883265,0.029982476841167366,0.1692199362922624,4133.52001953125,0.0,4994.999999999998,4949.499999999998,4907.0,0.012753278669977606,0.012637107663073906,0.012528596282999026,0.2200585,1.242001638084845,1.0237082747569448,2021-03-19,2023-02-17,24,0.21323786151843782,24,mean of both legs,"Dynamic: mean-leg IV, 24-month history",1.126084643877689,1.1119042195119295,2.838923796948867,1.1123055469339602,1.0984246365422037,2.8045076051634825,1.0991883455442446,1.085587458546232,2.771731607502075
1M 98/95 short put spread,short_put_spread,2023-04-21,2023-05-19,28,4133.52001953125,0.98,0.95,4050.0,3925.0,0.9797944562656984,0.9495538866278682,SPXW  230519P04050000,SPXW  230519P03925000,37.3,37.9,17.8,18.3,1954.9999999999995,1924.4999999999995,1896.9999999999995,19.549999999999997,19.244999999999994,18.969999999999995,0.004729625091356641,0.004655838101440336,0.004589308848237109,98/95,0.166452,0.195121,0.09305932314941051,0.07339267685058948,0.7886654917181652,4191.97998046875,0.0,1954.9999999999995,1924.4999999999995,1896.9999999999995,0.004729625091356641,0.004655838101440336,0.004589308848237109,0.1807865,1.9427016432275135,1.2250005792167311,2021-04-16,2023-03-17,24,0.5858781425798856,24,mean of both legs,"Dynamic: mean-leg IV, 24-month history",1.1314106020643644,1.126084643877689,2.724275287301958,1.1174842614798188,1.1123055469339602,2.6909402680480983,1.1042328603443299,1.0991883455442446,2.659206536681767
1M 98/95 short put spread,short_put_spread,2023-05-19,2023-06-16,28,4191.97998046875,0.98,0.95,4110.0,3980.0,0.9804436135547615,0.9494320150724942,SPXW  230616P04110000,SPXW  230616P03980000,36.9,37.5,18.6,19.1,1835.0000000000002,1804.5000000000002,1777.0000000000002,18.35,18.045,17.770000000000003,0.004377406401150821,0.0043046484200962715,0.004239046961768398,98/95,0.161445,0.196994,0.14247254139682455,0.01897245860317545,0.13316572033576657,4409.58984375,0.0,1835.0000000000002,1804.5000000000002,1777.0000000000002,0.004377406401150821,0.0043046484200962715,0.004239046961768398,0.1792195,1.2579230934108576,1.2250005792167311,2021-05-21,2023-04-21,24,0.026875509083577054,24,mean of both legs,"Dynamic: mean-leg IV, 24-month history",1.1363632460761708,1.1314106020643644,2.698988562292345,1.1222946383404806,1.1174842614798188,2.665767171328096,1.1089137552960573,1.1042328603443299,2.634155853532616
1M 98/95 short put spread,short_put_spread,2023-06-16,2023-07-21,35,4409.58984375,0.98,0.95,4320.0,4190.0,0.9796829530807766,0.9502017531038087,SPXW  230721P04320000,SPXW  230721P04190000,27.7,28.0,12.2,12.5,1550.0,1532.0,1517.0000000000005,15.5,15.32,15.170000000000005,0.0035150661511000082,0.003474246028054976,0.0034402292588507836,98/95,0.130033,0.155353,0.11545072632825079,0.014582273671749219,0.12630733591306065,4536.33984375,0.0,1550.0,1532.0,1517.0000000000005,0.0035150661511000082,0.003474246028054976,0.0034402292588507836,0.14269300000000001,1.2359645065748108,1.2250005792167311,2021-06-18,2023-05-19,24,0.008950140550211039,24,mean of both legs,"Dynamic: mean-leg IV, 24-month history",1.1403576380578073,1.1363632460761708,2.5770270849267596,1.1261937660300425,1.1222946383404806,2.5451225127688057,1.1127286728425687,1.1089137552960573,2.5147775520841087
1M 98/95 short put spread,short_put_spread,2023-07-21,2023-08-18,28,4536.33984375,0.98,0.95,4445.0,4310.0,0.9798648586975148,0.9501051835739682,SPXW  230818P04445000,SPXW  230818P04310000,24.2,24.5,9.7,10.0,1450.0,1432.0,1417.0000000000005,14.5,14.32,14.170000000000005,0.003196409550306854,0.0031567299834754582,0.0031236636777826295,98/95,0.127539,0.156943,0.09358339156213479,0.03395560843786523,0.36283797660101236,4369.7099609375,-7529.00390625,-6079.00390625,-6097.00390625,-6112.00390625,-0.01340068009813115,-0.013440359664962546,-0.013473425970655376,0.142241,1.5199385021813294,1.2145832458817463,2021-07-16,2023-06-16,24,0.25140743323682657,24,mean of both legs,"Dynamic: mean-leg IV, 24-month history",1.1250760701527343,1.1403576380578073,2.5138276172781664,1.11105731676216,1.1261937660300425,2.4826044891272208,1.0977364054435987,1.1127286728425687,2.4529217632925913
1M 98/95 short put spread,short_put_spread,2023-08-18,2023-09-15,28,4369.7099609375,0.98,0.95,4280.0,4150.0,0.979470042236338,0.9497197839441128,SPXW  230915P04280000,SPXW  230915P04150000,38.2,38.6,17.7,18.1,2050.000000000001,2027.0000000000005,2007.0000000000002,20.50000000000001,20.270000000000003,20.070000000000004,0.00469138688454321,0.004638751812180041,0.004592982184038155,98/95,0.167573,0.192936,0.09834115862070726,0.06923184137929274,0.7039966007143921,4450.31982421875,0.0,2050.000000000001,2027.0000000000005,2007.0000000000002,0.00469138688454321,0.004638751812180041,0.004592982184038155,0.18025449999999998,1.832950745427201,1.2145832458817463,2021-08-20,2023-07-21,24,0.509119075734114,24,mean of both legs,"Dynamic: mean-leg IV, 24-month history",1.1303542372723623,1.1250760701527343,2.5747156681111956,1.1162112359037264,1.11105731676216,2.542634011626227,1.1027782891965714,1.0977364054435987,2.5121493537481485
1M 98/95 short put spread,short_put_spread,2023-09-15,2023-10-20,35,4450.31982421875,0.98,0.95,4360.0,4230.0,0.9797048689113921,0.9504934852053185,SPXW  231020P04360000,SPXW  231020P04230000,30.0,30.4,13.9,14.1,1620.0,1602.0,1587.0,16.2,16.02,15.87,0.0036401878156799433,0.0035997412843946103,0.003566035841656833,98/95,0.135024,0.160561,0.11793981862660473,0.017084181373395277,0.1448550758542666,4224.16015625,-13000.0,-11380.0,-11398.0,-11413.0,-0.025571195890393673,-0.025611642421679008,-0.025645347864416784,0.1477925,1.2531179182826142,1.2145832458817463,2021-09-17,2023-08-18,24,0.03172666223704823,24,mean of both legs,"Dynamic: mean-leg IV, 24-month history",1.1014497276455342,1.1303542372723623,2.5399393345191656,1.0876232328626998,1.1162112359037264,2.5081595930011082,1.074497156352799,1.1027782891965714,2.4779753652652663
1M 101/98 short put spread,short_put_spread,2023-10-20,2023-11-17,28,4224.16015625,1.01,0.98,4265.0,4140.0,1.0096681570393524,0.9800764760006843,SPXW  231117P04265000,SPXW  231117P04140000,101.0,101.4,55.5,55.8,4555.0,4534.500000000001,4517.0,45.55,45.345000000000006,45.17,0.01078320857049062,0.010734678213587208,0.01069324986013307,101/98,0.179635,0.20548,0.1289999620501261,0.050635037949873896,0.39251978950349153,4514.02001953125,0.0,4555.0,4534.500000000001,4517.0,0.01078320857049062,0.010734678213587208,0.01069324986013307,0.1925575,1.4926942375779697,1.0514459363161275,2021-10-15,2023-09-15,24,0.4196585730387725,24,mean of both legs,"Dynamic: mean-leg IV, 24-month history",1.1133268897886461,1.1014497276455342,2.607499921649151,1.0992985182851025,1.0876232328626998,2.5747679837694357,1.085987022919682,1.074497156352799,2.543694170219825
1M 98/95 short put spread,short_put_spread,2023-11-17,2023-12-15,28,4514.02001953125,0.98,0.95,4425.0,4290.0,0.9802792147252165,0.9503723912251251,SPXW  231215P04425000,SPXW  231215P04290000,25.0,25.3,9.9,10.2,1510.0,1492.0,1477.0,15.1,14.92,14.77,0.003345133591491699,0.0033052578268249104,0.0032720280229359203,98/95,0.127764,0.156835,0.15358771071537058,-0.025823710715370596,-0.16813656896825036,4719.18994140625,0.0,1510.0,1492.0,1477.0,0.003345133591491699,0.0033052578268249104,0.0032720280229359203,0.1422995,0.9265031644602741,1.2445412124287125,2021-11-19,2023-10-20,24,-0.255546417259891,24,mean of both legs,"Dynamic: mean-leg IV, 24-month history",1.1170511169659891,1.1133268897886461,2.466375614134422,1.1029319833166813,1.0992985182851025,2.435298278538111,1.08954040289122,1.085987022919682,2.4058090531739693
1M 98/95 short put spread,short_put_spread,2023-12-15,2024-01-19,35,4719.18994140625,0.98,0.95,4625.0,4485.0,0.9800410785376902,0.9503749702143871,SPXW  240119P04625000,SPXW  240119P04485000,24.0,24.5,9.7,10.0,1440.0,1417.0,1397.0,14.4,14.17,13.97,0.003051371141825457,0.003002633963865745,0.002960253809118169,98/95,0.116088,0.141844,0.06939476407309018,0.04669323592690981,0.6728639624414612,4839.81005859375,0.0,1440.0,1417.0,1397.0,0.003051371141825457,0.003002633963865745,0.002960253809118169,0.128966,1.8584399229913986,1.2145832458817463,2021-12-17,2023-11-17,24,0.5301050210372646,24,mean of both legs,"Dynamic: mean-leg IV, 24-month history",1.120459654508243,1.1170511169659891,2.36703995989855,1.1062436843496217,1.1029319833166813,2.337121406450582,1.092765719019067,1.08954040289122,2.3087445439132983
1M 99/96 short put spread,short_put_spread,2024-01-19,2024-02-16,28,4839.81005859375,0.99,0.96,4790.0,4645.0,0.9897082616898766,0.9597484082566757,SPXW  240216P04790000,SPXW  240216P04645000,35.0,35.3,12.6,12.8,2245.0,2229.5000000000005,2217.0,22.45,22.295000000000005,22.17,0.004638611790174892,0.004606585739953195,0.004580758280096986,99/96,0.118486,0.144745,0.11146638199599988,0.007019618004000111,0.0629752027319952,5005.56982421875,0.0,2245.0,2229.5000000000005,2217.0,0.004638611790174892,0.004606585739953195,0.004580758280096986,0.1316155,1.18076408010375,1.1693142152720022,2022-01-21,2023-12-15,24,0.009791948718492538,24,mean of both legs,"Dynamic: mean-leg IV, 24-month history",1.1256570318720602,1.120459654508243,2.315090139784954,1.11133969073086,1.1062436843496217,2.285717147897847,1.0977714146346695,1.092765719019067,2.257869019216386
1M 98/95 short put spread,short_put_spread,2024-02-16,2024-03-15,28,5005.56982421875,0.98,0.95,4905.0,4755.0,0.9799084164739533,0.9499417982331596,SPXW  240315P04905000,SPXW  240315P04755000,29.1,29.4,11.8,12.0,1735.0,1719.5,1707.0,17.35,17.195,17.07,0.0034661388431851355,0.0034351733376696485,0.0034102011558023206,98/95,0.13024,0.159545,0.11937937431148893,0.010860625688511066,0.09097572969492318,5117.08984375,0.0,1735.0,1719.5,1707.0,0.0034661388431851355,0.0034351733376696485,0.0034102011558023206,0.14489249999999998,1.2137146876138025,1.2445412124287125,2022-02-18,2024-01-19,24,-0.02476938851607191,24,mean of both legs,"Dynamic: mean-leg IV, 24-month history",1.1295587154343365,1.1256570318720602,2.2488089696116633,1.1151573352055526,1.11133969073086,2.220206149864893,1.1015150359816634,1.0977714146346695,2.1930997932008776
1M 102/99 short put spread,short_put_spread,2024-03-15,2024-04-19,35,5117.08984375,1.02,0.99,5220.0,5065.0,1.0201110708219623,0.9898204164201607,SPXW  240419P05220000,SPXW  240419P05065000,116.4,117.0,47.8,48.2,6870.0,6842.000000000002,6817.0,68.7,68.42000000000002,68.17,0.013425599725185595,0.01337088112368557,0.013322025229489113,102/99,0.115182,0.130171,0.11704065445918542,-0.0018586544591854132,-0.015880417516236367,4967.22998046875,-15500.0,-8630.0,-8657.999999999998,-8683.0,-0.016865054676615965,-0.01691977327811599,-0.016968629172312448,0.12267650000000001,1.0481528881298243,0.9991023952688469,2022-03-18,2024-02-16,24,0.04909456037063986,24,mean of both legs,"Dynamic: mean-leg IV, 24-month history",1.1105086459380884,1.1295587154343365,2.2074240435977033,1.0962891259244467,1.1151573352055526,2.1792803512480887,1.0828238358083642,1.1015150359816634,2.1526200821489407
1M 101/98 short put spread,short_put_spread,2024-04-19,2024-05-17,28,4967.22998046875,1.01,0.98,5015.0,4870.0,1.0096170339845514,0.9804257139590757,SPXW  240517P05015000,SPXW  240517P04870000,103.6,104.2,50.5,51.0,5315.0,5284.5,5257.0,53.15,52.845,52.57,0.01070012868520018,0.010638726253422456,0.010583363405098278,101/98,0.158468,0.178724,0.10893980513918047,0.049528194860819524,0.45463818112711674,5303.27001953125,0.0,5315.0,5284.5,5257.0,0.01070012868520018,0.010638726253422456,0.010583363405098278,0.168596,1.5476069539926507,1.0522678678690862,2022-04-14,2024-03-15,24,0.470734782700017,24,mean of both legs,"Dynamic: mean-leg IV, 24-month history",1.1223912313556534,1.1105086459380884,2.235669881009398,1.1079522458297606,1.0962891259244467,2.207043221745476,1.0942837539664265,1.0828238358083642,2.1799349739513767
1M 98/95 short put spread,short_put_spread,2024-05-17,2024-06-21,35,5303.27001953125,0.98,0.95,5195.0,5040.0,0.9795842906107919,0.9503570403615768,SPXW  240621P05195000,SPXW  240621P05040000,26.5,26.8,10.6,10.8,1595.0,1579.5,1567.0,15.95,15.795,15.67,0.0030075783320966565,0.0029783510818474413,0.0029547807187432357,98/95,0.114971,0.139758,0.11659475352036235,-0.001623753520362342,-0.013926471572142995,5464.6201171875,0.0,1595.0,1579.5,1567.0,0.0030075783320966565,0.0029783510818474413,0.0029547807187432357,0.1273645,1.0923690488162214,1.2445412124287125,2022-05-20,2024-04-19,24,-0.12227169505743263,24,mean of both legs,"Dynamic: mean-leg IV, 24-month history",1.125766910903214,1.1223912313556534,2.11641350944235,1.111252116599763,1.1079522458297606,2.089186938906217,1.0975171225034805,1.0942837539664265,2.0634132336017634
1M 98/95 short put spread,short_put_spread,2024-06-21,2024-07-19,28,5464.6201171875,0.98,0.95,5355.0,5190.0,0.9799400297117233,0.9497457991043593,SPXW  240719P05355000,SPXW  240719P05190000,25.2,25.5,9.4,9.6,1585.0,1569.5,1557.0000000000005,15.85,15.695,15.570000000000004,0.00290047609167709,0.002872111814439869,0.002849237397313079,98/95,0.12525,0.153174,0.0826413077878824,0.042608692212117605,0.5155858898250067,5505.0,0.0,1585.0,1569.5,1557.0000000000005,0.00290047609167709,0.002872111814439869,0.002849237397313079,0.139212,1.6845328773997512,1.2445412124287125,2022-06-17,2024-05-17,24,0.35353723972900686,24,mean of both legs,"Dynamic: mean-leg IV, 24-month history",1.12903217091309,1.125766910903214,2.0601009526031198,1.1144437569326706,1.111252116599763,2.033539555850583,1.1006442093331088,1.0975171225034805,2.008405157115193
1M 100/97 short put spread,short_put_spread,2024-07-19,2024-08-16,28,5505.0,1.0,0.97,5505.0,5340.0,1.0,0.9700272479564033,SPXW  240816P05505000,SPXW  240816P05340000,74.3,74.7,31.9,32.2,4245.0,4224.500000000001,4207.0,42.45,42.24500000000001,42.07,0.007711171662125341,0.007673932788374207,0.007642143505903724,100/97,0.137156,0.162694,0.09537907237887884,0.04177692762112116,0.4380093722779006,5554.25,0.0,4245.0,4224.500000000001,4207.0,0.007711171662125341,0.007673932788374207,0.007642143505903724,0.149925,1.5718857005071907,1.1073772833776625,2022-07-15,2024-06-21,24,0.4194671717598446,24,mean of both legs,"Dynamic: mean-leg IV, 24-month history",1.137738331795063,1.12903217091309,2.050921291395259,1.122995923419795,1.1144437569326706,2.0244209935198376,1.1090554903297745,1.1006442093331088,1.9993536954279905
1M 100/97 short put spread,short_put_spread,2024-08-16,2024-09-20,35,5554.25,1.0,0.97,5555.0,5390.0,1.000135031732457,0.9704280505918891,SPXW  240920P05555000,SPXW  240920P05390000,74.0,74.8,33.4,34.0,4070.0000000000005,4032.0,3997.0,40.7,40.32,39.97,0.007327722014673449,0.007259305936895171,0.007196291128415177,100/97,0.126587,0.150783,0.2198294850925169,-0.0932424850925169,-0.4241582290622893,5702.5498046875,0.0,4070.0000000000005,4032.0,3997.0,0.007327722014673449,0.007259305936895171,0.007196291128415177,0.138685,0.6308753347697347,1.1089919378810609,2022-08-19,2024-07-19,24,-0.4311272127233481,24,mean of both legs,"Dynamic: mean-leg IV, 24-month history",1.1460753620158954,1.137738331795063,2.048410373668925,1.1311480943937855,1.122995923419795,2.021867801088887,1.1170365765157546,1.1090554903297745,1.9967691233375786
1M 98/95 short put spread,short_put_spread,2024-09-20,2024-10-18,28,5702.5498046875,0.98,0.95,5590.0,5415.0,0.9802632491530395,0.9495752225695365,SPXW  241018P05590000,SPXW  241018P05415000,40.7,41.2,19.1,19.4,2170.0000000000005,2147.0000000000005,2127.000000000001,21.700000000000003,21.470000000000006,21.27000000000001,0.0038053152963543765,0.003764982461416058,0.0037299104310349125,98/95,0.144817,0.179155,0.1490349492799142,-0.0042179492799142015,-0.028301746001819672,5864.669921875,0.0,2170.0000000000005,2147.0000000000005,2127.000000000001,0.0038053152963543765,0.003764982461416058,0.0037299104310349125,0.16198600000000002,1.0868994204558116,1.2565700574267198,2022-09-16,2024-08-16,24,-0.1350268024994723,24,mean of both legs,"Dynamic: mean-leg IV, 24-month history",1.1504365401217493,1.1460753620158954,2.0097594957852376,1.1354068471304424,1.1311480943937855,1.9835830166077306,1.1212030228943481,1.1170365765157546,1.958837037420611
1M 100/97 short put spread,short_put_spread,2024-10-18,2024-11-15,28,5864.669921875,1.0,0.97,5865.0,5690.0,1.0000562824727388,0.9702165809496818,SPXW  241115P05865000,SPXW  241115P05690000,83.1,83.6,38.7,39.1,4445.0,4419.499999999999,4396.999999999999,44.45,44.19499999999999,43.96999999999999,0.007579284186856478,0.0075358034789228786,0.007497438148393234,100/97,0.143716,0.172285,0.08885243897592798,0.05486356102407203,0.617468261495171,5870.6201171875,0.0,4445.0,4419.499999999999,4396.999999999999,0.007579284186856478,0.0075358034789228786,0.007497438148393234,0.1580005,1.7782348106708212,1.1086210701635761,2022-10-21,2024-09-20,24,0.6040059660858188,24,mean of both legs,"Dynamic: mean-leg IV, 24-month history",1.159156025598276,1.1504365401217493,1.9616390273400792,1.1439630499990407,1.1354068471304424,1.9360115100347202,1.12960917321029,1.1212030228943481,1.9117922028523768
1M 98/95 short put spread,short_put_spread,2024-11-15,2024-12-20,35,5870.6201171875,0.98,0.95,5755.0,5575.0,0.9803052974167078,0.9496441412855162,SPXW  241220P05755000,SPXW  241220P05575000,50.5,50.9,25.6,25.8,2499.9999999999995,2481.9999999999995,2466.9999999999995,24.999999999999996,24.819999999999997,24.669999999999995,0.004258493907109937,0.004227832750978746,0.004202281787536086,98/95,0.15059,0.180104,0.14103151370132602,0.00955848629867398,0.06777553504046452,5930.85009765625,0.0,2499.9999999999995,2481.9999999999995,2466.9999999999995,0.004258493907109937,0.004227832750978746,0.004202281787536086,0.165347,1.1724117231710982,1.2660756362033097,2022-11-18,2024-10-18,24,-0.07397971365525169,24,mean of both legs,"Dynamic: mean-leg IV, 24-month history",1.164092284470676,1.159156025598276,1.9745035489600118,1.1487995344477364,1.1439630499990407,1.9486238713519266,1.1343561092659051,1.12960917321029,1.924173512612606
1M 98/95 short put spread,short_put_spread,2024-12-20,2025-01-17,28,5930.85009765625,0.98,0.95,5810.0,5635.0,0.9796234779725748,0.9501167467083406,SPXW  250117P05810000,SPXW  250117P05635000,51.2,51.8,26.6,27.2,2460.0,2427.0000000000005,2397.0000000000005,24.6,24.270000000000003,23.970000000000006,0.004147803366286633,0.004092162101616935,0.004041579133735391,98/95,0.169773,0.201644,0.12998839918889074,0.039784600811109266,0.3060627029747236,5996.66015625,0.0,2460.0,2427.0000000000005,2397.0000000000005,0.004147803366286633,0.004092162101616935,0.004041579133735391,0.1857085,1.4286544119228701,1.2660756362033097,2022-12-16,2024-11-15,24,0.12841158227094507,24,mean of both legs,"Dynamic: mean-leg IV, 24-month history",1.168920710366872,1.164092284470676,1.9627747545511247,1.1535006083649586,1.1487995344477364,1.9369896651100966,1.1389406992473394,1.1343561092659051,1.9126366213743613
1M 98/95 short put spread,short_put_spread,2025-01-17,2025-02-21,35,5996.66015625,0.98,0.95,5875.0,5695.0,0.9797120141745568,0.9496953056551661,SPXW  250221P05875000,SPXW  250221P05695000,49.3,49.7,23.3,23.6,2604.9999999999995,2584.5,2567.0,26.049999999999997,25.845,25.67,0.004344084760722928,0.004309899064909178,0.004280716153848659,98/95,0.143129,0.169199,0.17492712098742877,-0.03179812098742876,-0.18177925074130696,6013.1298828125,0.0,2604.9999999999995,2584.5,2567.0,0.004344084760722928,0.004309899064909178,0.004280716153848659,0.156164,0.8927374961554578,1.275658572855165,2023-01-20,2024-12-20,24,-0.300175207416713,24,mean of both legs,"Dynamic: mean-leg IV, 24-month history",1.1739986010112702,1.168920710366872,1.9492862358534158,1.1584720795583228,1.1535006083649586,1.9235717521239322,1.1438161810968832,1.1389406992473394,1.8992917216765772
1M 98/95 short put spread,short_put_spread,2025-02-21,2025-03-21,28,6013.1298828125,0.98,0.95,5895.0,5710.0,0.9803546763308483,0.9495886686766996,SPXW  250321P05895000,SPXW  250321P05710000,52.9,53.3,26.4,26.8,2649.999999999999,2626.9999999999986,2606.9999999999986,26.49999999999999,26.269999999999985,26.069999999999986,0.004407022718026713,0.004368773086889121,0.004335512538073826,98/95,0.164794,0.198106,0.11847165954123519,0.04632234045876481,0.39099933805385656,5667.56005859375,-18500.0,-15850.0,-15873.000000000002,-15893.000000000002,-0.026358984936122043,-0.026397234567259637,-0.026430495116074933,0.18145,1.531589923722176,1.275658572855165,2023-02-17,2025-01-17,24,0.20062684194109104,24,mean of both legs,"Dynamic: mean-leg IV, 24-month history",1.1430531895721856,1.1739986010112702,1.9523918889012255,1.1278916203346008,1.1584720795583228,1.9265708576653504,1.1135845531087145,1.1438161810968832,1.902197696354914
1M 103/100 short put spread,short_put_spread,2025-03-21,2025-04-17,27,5667.56005859375,1.03,1.0,5840.0,5670.0,1.0304257810457216,1.0004305100221302,SPXW  250417P05840000,SPXW  250417P05670000,187.7,195.7,98.6,99.1,9285.0,9069.5,8857.0,92.85,90.695,88.57,0.01638271126200261,0.01600247709108591,0.01562753620329102,103/100,0.151976,0.172537,0.20198870343716668,-0.05001270343716668,-0.24760148753924893,5282.7001953125,-17000.0,-7715.0,-7930.5,-8143.0,-0.013612559761588598,-0.013992793932505299,-0.014367734820300189,0.1622565,0.8032949231265979,1.0117132919569567,2023-03-17,2025-02-21,24,-0.20600536781247103,24,mean of both legs,"Dynamic: mean-leg IV, 24-month history",1.1274933097184598,1.1430531895721856,2.0168347185645934,1.1121092653130593,1.1278916203346008,1.9900832257161052,1.097584865549666,1.1135845531087145,1.9648394398929758
1M 103/100 short put spread,short_put_spread,2025-04-17,2025-05-16,29,5282.7001953125,1.03,1.0,5440.0,5285.0,1.0297764020049969,1.0004353464331632,SPXW  250516P05440000,SPXW  250516P05285000,214.6,216.6,143.4,144.7,7154.999999999998,7069.5,6987.000000000002,71.54999999999998,70.695,69.87000000000002,0.013544209846223806,0.01338236079774692,0.013226190663251682,103/100,0.233576,0.262225,0.47703762093733293,-0.24346162093733292,-0.510361468889926,5958.3798828125,0.0,7154.999999999998,7069.5,6987.000000000002,0.013544209846223806,0.01338236079774692,0.013226190663251682,0.2479005,0.5196665611255133,0.9844061916576973,2023-04-21,2025-03-21,24,-0.4721014906962161,24,mean of both legs,"Dynamic: mean-leg IV, 24-month history",1.1427643157055,1.1274933097184598,2.1343125069238624,1.126991912747996,1.1121092653130593,2.1051909519678356,1.1121017322505253,1.097584865549666,2.077696679670723
1M 101/98 short put spread,short_put_spread,2025-05-16,2025-06-20,35,5958.3798828125,1.01,0.98,6020.0,5840.0,1.0103417570546733,0.9801322028570253,SPXW  250620P06020000,SPXW  250620P05840000,126.7,127.6,62.9,63.5,6395.0,6354.500000000002,6317.000000000002,63.95,63.545000000000016,63.170000000000016,0.010732783282997734,0.01066481178605303,0.010601875214807929,101/98,0.137793,0.161764,0.18884472534624733,-0.05105172534624733,-0.2703370467596796,5967.83984375,-5216.015625,1178.984375,1138.4843750000018,1100.9843750000018,0.0019786995763745947,0.0019107280794298895,0.0018477915081847895,0.14977849999999998,0.7931304394410841,1.0433493954053055,2023-05-19,2025-04-17,24,-0.23982278330359308,24,mean of both legs,"Dynamic: mean-leg IV, 24-month history",1.1450255029728826,1.1427643157055,1.9179111405801934,1.129145287840974,1.126991912747996,1.8914401815817563,1.1141566643876153,1.1121017322505253,1.8664498640955842
1M 100/97 short put spread,short_put_spread,2025-06-20,2025-07-18,28,5967.83984375,1.0,0.97,5970.0,5790.0,1.0003619661898706,0.9702002988675629,SPXW  250718P05970000,SPXW  250718P05790000,100.0,100.6,54.1,54.5,4600.0,4572.0,4547.0,46.0,45.72,45.47,0.007707981649034179,0.007661063499866144,0.007619172295251829,100/97,0.165527,0.200149,0.127858204583138,0.037668795416861994,0.2946138305294941,6296.7900390625,0.0,4600.0,4572.0,4547.0,0.007707981649034179,0.007661063499866144,0.007619172295251829,0.182838,1.4300060023219874,1.1086210701635761,2023-06-16,2025-05-16,24,0.2898961068013899,24,mean of both legs,"Dynamic: mean-leg IV, 24-month history",1.1538513385374738,1.1450255029728826,1.9186599053458935,1.1377957415916984,1.129145287840974,1.8920502516894877,1.1226456159774876,1.1141566643876153,1.8669345920106242
1M 98/95 short put spread,short_put_spread,2025-07-18,2025-08-15,28,6296.7900390625,0.98,0.95,6170.0,5980.0,0.9798643374995909,0.9496902331033312,SPXW  250815P06170000,SPXW  250815P05980000,48.6,49.0,22.5,22.8,2615.0,2594.5,2576.9999999999995,26.15,25.945,25.769999999999996,0.0041529096313799516,0.004120353360847146,0.004092561422587432,98/95,0.153292,0.183418,0.07780391943511435,0.07548808056488567,0.9702349330593814,6449.7998046875,0.0,2615.0,2594.5,2576.9999999999995,0.0041529096313799516,0.004120353360847146,0.004092561422587432,0.168355,2.1638370049005307,1.2647226002191716,2023-07-21,2025-06-20,24,0.7109182713470494,24,mean of both legs,"Dynamic: mean-leg IV, 24-month history",1.1586431788744667,1.1538513385374738,1.8324437235154585,1.1424838620995232,1.1377957415916984,1.8069456572846117,1.127240112116674,1.1226456159774876,1.782885579816209
1M 98/95 short put spread,short_put_spread,2025-08-15,2025-09-19,35,6449.7998046875,0.98,0.95,6320.0,6125.0,0.979875374644471,0.9496418781166748,SPXW  250919P06320000,SPXW  250919P06125000,52.7,52.9,26.7,27.1,2590.0,2572.0,2557.0,25.9,25.72,25.57,0.004015628513179082,0.003987720670230347,0.0039644641344397345,98/95,0.141668,0.172745,0.10290173229558128,0.03876626770441871,0.37673095330469364,6664.35986328125,0.0,2590.0,2572.0,2557.0,0.004015628513179082,0.003987720670230347,0.0039644641344397345,0.1572065,1.527734242106152,1.2647226002191716,2023-08-18,2025-07-18,24,0.2079599446087239,24,mean of both legs,"Dynamic: mean-leg IV, 24-month history",1.1632958594601555,1.1586431788744667,1.7964017705362005,1.147039768611822,1.1424838620995232,1.7713477886076463,1.1317090151120621,1.127240112116674,1.7477133341370275
1M 98/95 short put spread,short_put_spread,2025-09-19,2025-10-17,28,6664.35986328125,0.98,0.95,6530.0,6330.0,0.979839044403719,0.9498286601953356,SPXW  251017P06530000,SPXW  251017P06330000,45.8,46.2,21.7,22.0,2415.0,2394.5,2377.0,24.15,23.945,23.77,0.0036237538931622997,0.0035929932493487067,0.003566734163166371,98/95,0.14418,0.177665,0.08509393365808247,0.05908606634191753,0.6943628505803052,6664.009765625,0.0,2415.0,2394.5,2377.0,0.0036237538931622997,0.0035929932493487067,0.003566734163166371,0.1609225,1.8911160065370312,1.2647226002191716,2023-09-15,2025-08-15,24,0.49528126263364625,24,mean of both legs,"Dynamic: mean-leg IV, 24-month history",1.1675113573597737,1.1632958594601555,1.745547784521044,1.151161074757179,1.147039768611822,1.7211552079168007,1.1357455203190259,1.1317090151120621,1.69815111778021
1M 99/96 short put spread,short_put_spread,2025-10-17,2025-11-21,35,6664.009765625,0.99,0.96,6595.0,6395.0,0.9896444080888096,0.9596324472673142,SPXW  251121P06595000,SPXW  251121P06395000,101.7,102.4,60.9,61.4,4090.000000000002,4057.000000000002,4027.000000000002,40.90000000000002,40.57000000000002,40.27000000000002,0.006137445987995804,0.006087926252640337,0.006042908311408094,99/96,0.178675,0.211405,0.12845643693574996,0.050218563064250044,0.39093847114386215,6602.990234375,0.0,4090.000000000002,4057.000000000002,4027.000000000002,0.006137445987995804,0.006087926252640337,0.006042908311408094,0.19504,1.5183357459739688,1.275701003340941,2023-10-20,2025-09-19,24,0.19019718727005008,24,mean of both legs,"Dynamic: mean-leg IV, 24-month history",1.174676895255941,1.1675113573597737,1.75196525578662,1.1581692584852108,1.151161074757179,1.7274300537421476,1.1426087263634064,1.1357455203190259,1.7042975029501737
1M 102/99 short put spread,short_put_spread,2025-11-21,2025-12-19,28,6602.990234375,1.02,0.99,6735.0,6535.0,1.0199924217573064,0.9897031145039342,SPXW  251219P06735000,SPXW  251219P06535000,187.8,189.0,107.8,108.8,8010.0,7952.000000000004,7897.0,80.1,79.52000000000004,78.97,0.012130867554975536,0.012043028563940763,0.011959732968993985,102/99,0.173305,0.20668,0.14231923964814291,0.030985760351857072,0.21772010887961057,6834.5,0.0,8010.0,7952.000000000004,7897.0,0.012130867554975536,0.012043028563940763,0.011959732968993985,0.1899925,1.3349741079963615,1.0683192414332958,2023-11-17,2025-10-17,24,0.24960223145032168,24,mean of both legs,"Dynamic: mean-leg IV, 24-month history",1.1889267450921808,1.174676895255941,1.7790074701922212,1.1721171239470263,1.1581692584852108,1.7540072260834356,1.156274021618755,1.1426087263634064,1.7304413391602704
1M 98/95 short put spread,short_put_spread,2025-12-19,2026-01-16,28,6834.5,0.98,0.95,6700.0,6495.0,0.9803204330967884,0.9503255541736777,SPXW  260116P06700000,SPXW  260116P06495000,44.5,45.0,20.4,20.7,2420.0000000000005,2397.0000000000005,2377.0000000000005,24.200000000000003,23.970000000000006,23.770000000000003,0.0035408588777525794,0.0035072060867656746,0.003477942790255323,98/95,0.139536,0.172295,0.12316769468173602,0.01636830531826397,0.1328944684769775,6940.009765625,0.0,2420.0000000000005,2397.0000000000005,2377.0000000000005,0.0035408588777525794,0.0035072060867656746,0.003477942790255323,0.15591549999999998,1.2658798267101121,1.478194327014511,2023-12-15,2025-11-21,24,-0.14363098032801114,24,mean of both legs,"Dynamic: mean-leg IV, 24-month history",1.193136566912538,1.1889267450921808,1.7395957935360022,1.1762279802585354,1.1721171239470263,1.7150005471461354,1.1602954765158036,1.156274021618755,1.6918194770923332
1M 98/95 short put spread,short_put_spread,2026-01-16,2026-02-20,35,6940.009765625,0.98,0.95,6800.0,6595.0,0.9798257105748625,0.9502868472413555,SPXW  260220P06800000,SPXW  260220P06595000,61.6,62.0,32.4,32.8,2920.0000000000005,2897.0000000000005,2876.9999999999995,29.200000000000003,28.970000000000006,28.769999999999996,0.004207486874821469,0.004174345711081436,0.004145527307829233,98/95,0.148891,0.178757,0.08500857998827482,0.06388242001172517,0.7514820271146327,6909.509765625,0.0,2920.0000000000005,2897.0000000000005,2876.9999999999995,0.004207486874821469,0.004174345711081436,0.004145527307829233,0.163824,1.9271466482865156,1.351441295459316,2024-01-19,2025-12-19,24,0.42599360753700655,24,mean of both legs,"Dynamic: mean-leg IV, 24-month history",1.198156673357692,1.193136566912538,1.7192145360116609,1.1811379624831815,1.1762279802585354,1.6948506125806686,1.1651055130988506,1.1602954765158036,1.6718931466969056
1M 100/97 short put spread,short_put_spread,2026-02-20,2026-03-20,28,6909.509765625,1.0,0.97,6910.0,6700.0,1.0000709506740173,0.9696780563698865,SPXW  260320P06910000,SPXW  260320P06700000,110.2,110.8,59.8,60.3,5045.0,5014.5,4987.0,50.45,50.145,49.87,0.00730153103639713,0.007257388975622083,0.007217588756890484,100/97,0.156516,0.195255,0.11883316462118158,0.037682835378818405,0.3171070592872318,6506.47998046875,-21000.0,-15955.0,-15985.5,-16013.0,-0.02309136326773364,-0.023135505328508686,-0.023175305547240288,0.1758855,1.480104485651719,1.292083151846559,2024-02-16,2026-01-16,24,0.1455179827524664,24,mean of both legs,"Dynamic: mean-leg IV, 24-month history",1.1704896023615303,1.198156673357692,1.7340690063404416,1.153811738858448,1.1811379624831815,1.7094381548737003,1.1381038368380105,1.1651055130988506,1.6862347006082579
1M 103/100 short put spread,short_put_spread,2026-03-20,2026-04-17,28,6506.47998046875,1.03,1.0,6700.0,6505.0,1.0297426596427195,0.9997725374590881,SPXW  260417P06700000,SPXW  260417P06505000,239.0,240.5,150.0,151.3,8910.0,8836.999999999998,8766.999999999998,89.1,88.36999999999998,87.66999999999999,0.013694040443905419,0.013581844601884642,0.01347425954789212,103/100,0.202584,0.234386,0.13417735976579712,0.06840664023420287,0.5098225241099152,7126.06005859375,0.0,8910.0,8836.999999999998,8766.999999999998,0.013694040443905419,0.013581844601884642,0.01347425954789212,0.21848499999999998,1.6283298492484837,1.078007859420236,2024-03-15,2026-02-20,24,0.5104990515785448,24,mean of both legs,"Dynamic: mean-leg IV, 24-month history",1.18651833431544,1.1704896023615303,1.798959815253599,1.1694826305954538,1.153811738858448,1.7733271174613268,1.1534389433280177,1.1381038368380105,1.7491851819330695
1M 103/100 short put spread,short_put_spread,2026-04-17,2026-05-15,28,7126.06005859375,1.03,1.0,7340.0,7125.0,1.0300221917366872,0.9998512419787324,SPXW  260515P07340000,SPXW  260515P07125000,218.3,233.8,103.2,104.0,12245.0,11834.5,11427.0,122.45,118.345,114.27,0.01718340836214678,0.016607353716768154,0.016035508971355757,103/100,0.125591,0.144132,0.1875932767303727,-0.0620022767303727,-0.3305143862884191,7408.5,0.0,12245.0,11834.5,11427.0,0.01718340836214678,0.016607353716768154,0.016035508971355757,0.13486150000000002,0.7189036960734796,1.123414857316251,2024-04-19,2026-03-20,24,-0.36007282493051274,24,mean of both legs,"Dynamic: mean-leg IV, 24-month history",1.2069067633831563,1.18651833431544,1.665041165187129,1.188904642307369,1.1694826305954538,1.641134962348659,1.1719349238516652,1.1534389433280177,1.6186208561868844
1M 103/100 short put spread,short_put_spread,2026-05-15,2026-06-18,34,7408.5,1.03,1.0,7630.0,7410.0,1.0298980900317203,1.0002024701356549,SPXW  260618P07630000,SPXW  260618P07410000,252.8,257.3,133.7,134.5,12095.0,11959.499999999998,11827.0,120.95,119.59499999999998,118.27,0.016325841938314097,0.01614294391577242,0.015964095295943847,103/100,0.134489,0.154341,0.11373466510524415,0.020754334894755852,0.18248029196332416,7500.580078125,-12941.9921875,-846.9921875,-982.4921875000018,-1114.9921875,-0.0011432708206789498,-0.0013261688432206274,-0.0015050174630492003,0.14441500000000002,1.2697535959363477,1.078007859420236,2024-05-17,2026-04-17,24,0.17787044393093265,24,mean of both legs,"Dynamic: mean-leg IV, 24-month history",1.2055269420973003,1.2069067633831563,1.6290838407007577,1.1873279540131805,1.188904642307369,1.6047845613921428,1.1701711413257112,1.1719349238516652,1.581878820073787
1M 103/100 short put spread,short_put_spread,2026-06-18,2026-07-17,29,7500.580078125,1.03,1.0,7725.0,7500.0,1.0299203420985408,0.999922662231593,SPXW  260717P07725000,SPXW  260717P07500000,218.8,225.3,100.5,101.1,12125.0,11944.500000000002,11767.0,121.25,119.44500000000002,117.67,0.016165416372744087,0.015924768318700353,0.01568811995530554,103/100,0.114219,0.138126,0.1644843782530378,-0.0502653782530378,-0.30559363014833574,7457.68994140625,-22500.0,-10375.0,-10555.499999999998,-10733.0,-0.013832263494203703,-0.014072911548247437,-0.01430955991164225,0.1261725,0.7670789246982472,1.123414857316251,2024-06-21,2026-05-15,24,-0.31718997687930006,24,mean of both legs,"Dynamic: mean-leg IV, 24-month history",1.1888517757848487,1.2055269420973003,1.6072449457784586,1.1706187927375915,1.1873279540131805,1.5829815049584666,1.153426507272036,1.1701711413257112,1.5601075238679825
1M 102/99 short put spread,short_put_spread,2026-07-17,2026-08-21,35,7457.68994140625,1.02,0.99,7605.0,7385.0,1.0197527732784735,0.9902530217832383,SPXW  260821P07605000,SPXW  260821P07385000,199.2,200.0,108.0,108.6,9130.0,9091.999999999998,9057.0,91.3,90.91999999999999,90.57,0.012242396870522634,0.012191442754303589,0.012144511331470263,102/99,0.130835,0.161049,0.11630524664665977,0.014529753353340238,0.12492775495745478,7674.3701171875,0.0,9130.0,9091.999999999998,9057.0,0.012242396870522634,0.012191442754303589,0.012144511331470263,0.14594200000000002,1.2548187137539715,1.1533772784111127,2024-07-19,2026-06-18,24,0.08795165054976972,24,mean of both legs,"Dynamic: mean-leg IV, 24-month history",1.2034061710442323,1.1888517757848487,1.594128725014645,1.1848903247363638,1.1706187927375915,1.5696801582459665,1.1674343085596193,1.153426507272036,1.5466270605701014
1M 103/100 short put spread,short_put_spread,2026-08-21,2026-09-18,28,7674.3701171875,1.03,1.0,7905.0,7675.0,1.0300519624791071,1.000082076157767,SPXW  260918P07905000,SPXW  260918P07675000,231.1,236.8,96.4,96.8,13735.0,13579.499999999998,13426.999999999998,137.35,135.795,134.26999999999998,0.01789723428798297,0.017694611795679993,0.01749589841898415,103/100,0.104256,0.123316,0.1288172437050172,-0.024561243705017208,-0.19066735942014723,7650.5,-23000.0,-9265.0,-9420.500000000002,-9573.000000000002,-0.012072652033357277,-0.012275274525660254,-0.012473987902356097,0.113786,0.8833134192854045,1.078007859420236,2024-08-16,2026-07-17,24,-0.18060577057345406,24,mean of both legs,"Dynamic: mean-leg IV, 24-month history",1.1888778670864204,1.2034061710442323,1.5680846149823904,1.1703454707174261,1.1848903247363638,1.5439577537219455,1.1528717471178511,1.1674343085596193,1.5212118919636628
1M 99/96 short put spread,short_put_spread,2018-11-16,2018-12-21,35,2736.27001953125,0.99,0.96,2710.0,2625.0,0.9903993321771108,0.9593351464815187,SPXW  181221P02710000,SPXW  181221P02625000,42.4,43.2,21.9,22.4,2065.0,2029.499999999999,1996.999999999999,20.65,20.29499999999999,19.96999999999999,0.007546769818987948,0.007417031161082825,0.007298256333423208,99/96,0.171968,0.195581,0.2062928238520664,-0.034324823852066394,-0.1663888409258525,2416.6201171875,-8500.0,-6435.0,-6470.500000000001,-6503.000000000001,-0.023517415876604088,-0.02364715453450921,-0.023765929362168828,0.1837745,0.8908429123631834,1.5217902922931419,2016-10-21,2018-10-19,24,-0.4146086245426117,24,mean of both legs,Fixed 99/96,0.976482584123396,1.0,3.6546100818343574,0.9763528454654908,1.0,3.6546100818343574,0.9762340706378312,1.0,3.6546100818343574
1M 99/96 short put spread,short_put_spread,2018-12-21,2019-01-18,28,2416.6201171875,0.99,0.96,2390.0,2320.0,0.9889845669171698,0.9600184917354955,SPXW  190118P02390000,SPXW  190118P02320000,60.5,62.6,38.9,40.5,2184.9999999999995,2089.5,1997.0,21.849999999999994,20.895,19.97,0.00904155346742266,0.008646373441729818,0.00826360744825769,99/96,0.271503,0.295122,0.22436286470720987,0.047140135292790125,0.21010667408934758,2670.7099609375,0.0,2184.9999999999995,2089.5,1997.0,0.00904155346742266,0.008646373441729818,0.00826360744825769,0.28331249999999997,1.2627423899659975,1.4737766861145558,2016-12-16,2018-11-16,24,-0.14319285827822814,24,mean of both legs,Fixed 99/96,0.9853115036177547,0.976482584123396,4.040695420759145,0.9847947567782811,0.9763528454654908,4.040158560799309,0.9843012857751968,0.9762340706378312,4.039667069286784
1M 99/96 short put spread,short_put_spread,2019-01-18,2019-02-15,28,2670.7099609375,0.99,0.96,2645.0,2565.0,0.9903733608989592,0.960418779094832,SPXW  190215P02645000,SPXW  190215P02565000,32.3,33.0,15.6,16.1,1679.9999999999998,1646.9999999999993,1616.9999999999993,16.799999999999997,16.46999999999999,16.169999999999995,0.006290462178866735,0.006166899528924708,0.00605456984715923,99/96,0.151122,0.18226,0.28574265441872865,-0.13462065441872864,-0.4711255121941119,2775.60009765625,0.0,1679.9999999999998,1646.9999999999993,1616.9999999999993,0.006290462178866735,0.006166899528924708,0.00605456984715923,0.166691,0.583360577856641,1.4295169143843203,2017-01-20,2018-12-21,24,-0.591917680730704,24,mean of both legs,Fixed 99/96,0.9915095683656644,0.9853115036177547,3.6893242547082146,0.9908678870999447,0.9847947567782811,3.687389387773835,0.9902608066605714,0.9843012857751968,3.6855416730826036
1M 99/96 short put spread,short_put_spread,2019-02-15,2019-03-15,28,2775.60009765625,0.99,0.96,2750.0,2665.0,0.9907767341275614,0.9601527259818005,SPXW  190315P02750000,SPXW  190315P02665000,27.4,27.8,11.5,11.8,1595.0,1574.4999999999998,1557.0,15.95,15.744999999999997,15.57,0.005746505057939857,0.005672647155941256,0.0056095977274058665,99/96,0.130049,0.161031,0.12206213508299835,0.007986864917001651,0.06543278070280212,2822.47998046875,0.0,1595.0,1574.4999999999998,1557.0,0.005746505057939857,0.005672647155941256,0.0056095977274058665,0.14554,1.1923435543793943,1.372803810037222,2017-02-17,2019-01-18,24,-0.13145378410111974,24,mean of both legs,Fixed 99/96,0.9972072831152735,0.9915095683656644,3.5722349527329493,0.9964887310016156,0.9908678870999447,3.5699230877554924,0.9958157714311535,0.9902608066605714,3.5677358834824924
1M 99/96 short put spread,short_put_spread,2019-03-15,2019-04-18,34,2822.47998046875,0.99,0.96,2795.0,2710.0,0.9902638882617739,0.9601485285114159,SPXW  190418P02795000,SPXW  190418P02710000,25.2,25.5,10.6,10.9,1460.0,1442.0,1427.0000000000005,14.6,14.42,14.270000000000005,0.005172755910061502,0.005108982207060744,0.005055837454560114,99/96,0.114753,0.143284,0.0897382806226947,0.02501471937730529,0.2787519351131751,2905.030029296875,0.0,1460.0,1442.0,1427.0000000000005,0.005172755910061502,0.005108982207060744,0.005055837454560114,0.12901849999999998,1.4377197680269724,1.2982083123394819,2017-03-17,2019-02-15,24,0.10746461439310839,24,mean of both legs,Fixed 99/96,1.0023655929825646,0.9972072831152735,3.5330889501992497,1.0015797741978394,0.9964887310016156,3.5305431319166396,1.0008504541061969,0.9958157714311535,3.5281588472622967
1M 99/96 short put spread,short_put_spread,2019-04-18,2019-05-17,29,2905.030029296875,0.99,0.96,2875.0,2790.0,0.989662747374717,0.960403153104508,SPXW  190517P02875000,SPXW  190517P02790000,21.3,21.6,8.6,9.0,1265.0000000000005,1244.5000000000005,1227.0000000000005,12.650000000000004,12.445000000000004,12.270000000000005,0.004354516088448756,0.0042839488316794285,0.004223708490534881,99/96,0.109853,0.14194,0.10270272008975317,0.007150279910246832,0.06962113470800113,2859.530029296875,-1546.9970703125,-281.99707031249955,-302.49707031249955,-319.99707031249955,-0.0009707199838507463,-0.001041287240620074,-0.0011015275817646219,0.12589650000000002,1.2258341345777164,1.2982083123394819,2017-04-21,2019-03-15,24,-0.05574927927501949,24,mean of both legs,Fixed 99/96,1.001392576670332,1.0023655929825646,3.4504483013043905,1.0005368419585041,1.0015797741978394,3.4477432732089826,0.9997479897257773,1.0008504541061969,3.4452327308590327
1M 99/96 short put spread,short_put_spread,2019-05-17,2019-06-21,35,2859.530029296875,0.99,0.96,2830.0,2745.0,0.9896731179619275,0.9599479536415162,SPXW  190621P02830000,SPXW  190621P02745000,38.5,39.1,19.8,20.3,1874.9999999999995,1844.5,1817.0,18.749999999999996,18.445,18.17,0.006557021541267185,0.006450360657529241,0.006354191008257322,99/96,0.151844,0.178373,0.13127109849912197,0.020572901500878038,0.15672072326732023,2950.4599609375,0.0,1874.9999999999995,1844.5,1817.0,0.006557021541267185,0.006450360657529241,0.006354191008257322,0.1651085,1.257767337119559,1.252712909865492,2017-05-19,2019-04-18,24,0.0040347849968351834,24,mean of both legs,Fixed 99/96,1.0079587293668244,1.001392576670332,3.5019481047959573,1.0069906654402818,1.0005368419585041,3.498955533628456,1.0061005794126163,0.9997479897257773,3.4961968557175935
1M 99/96 short put spread,short_put_spread,2019-06-21,2019-07-19,28,2950.4599609375,0.99,0.96,2920.0,2830.0,0.9896761991890168,0.9591724807208621,SPXW  190719P02920000,SPXW  190719P02830000,32.1,32.5,13.8,14.2,1829.9999999999995,1806.9999999999995,1786.9999999999995,18.299999999999997,18.069999999999997,17.869999999999994,0.00620242275519144,0.006124468807995044,0.006056682766954701,99/96,0.139142,0.168162,0.12849184444166378,0.010650155558336205,0.08288584855026704,2976.610107421875,0.0,1829.9999999999995,1806.9999999999995,1786.9999999999995,0.00620242275519144,0.006124468807995044,0.006056682766954701,0.153652,1.1958113035707811,1.2502253834422727,2017-06-16,2019-05-17,24,-0.04352341633127954,24,mean of both legs,Fixed 99/96,1.014210515526143,1.0079587293668244,3.4162765897916083,1.0131579483607132,1.0069906654402818,3.4129955287388936,1.0121942114537676,1.0061005794126163,3.409978758338855
1M 99/96 short put spread,short_put_spread,2019-07-19,2019-08-16,28,2976.610107421875,0.99,0.96,2945.0,2860.0,0.9893805012140964,0.960824527494844,SPXW  190816P02945000,SPXW  190816P02860000,28.6,29.0,13.3,13.7,1530.0,1507.0000000000005,1487.0,15.3,15.070000000000004,14.87,0.005140075269465425,0.0050628061641074485,0.004995615637709207,99/96,0.129975,0.162092,0.0814282019956747,0.048546798004325306,0.5961914522796907,2888.679931640625,-5632.0068359375,-4102.0068359375,-4125.0068359375,-4145.0068359375,-0.013780799929791148,-0.013858069035149126,-0.013925259561547366,0.1460335,1.793401996126072,1.2342587821713513,2017-07-21,2019-06-21,24,0.45301943322700633,24,mean of both legs,Fixed 99/96,1.0002338833249869,1.014210515526143,3.407266920841638,0.9991175355688204,1.0131579483607132,3.4037307937459014,0.9980991443325782,1.0121942114537676,3.4004930942415474
1M 99/96 short put spread,short_put_spread,2019-08-16,2019-09-20,35,2888.679931640625,0.99,0.96,2860.0,2775.0,0.990071613221498,0.9606464079334465,SPXW  190920P02860000,SPXW  190920P02775000,49.4,49.8,28.3,28.7,2109.999999999999,2086.999999999999,2066.999999999999,21.09999999999999,20.86999999999999,20.66999999999999,0.007304374489151608,0.007224753345430998,0.007155517568282641,99/96,0.180847,0.206891,0.20415636237089962,-0.023309362370899617,-0.11417406785761841,2992.070068359375,0.0,2109.999999999999,2086.999999999999,2066.999999999999,0.007304374489151608,0.007224753345430998,0.007155517568282641,0.193869,0.9496103758343317,1.2418007358486376,2017-08-18,2019-07-19,24,-0.23529568921911215,24,mean of both legs,Fixed 99/96,1.007539966185531,1.0002338833249869,3.4625985121062004,1.0063359133264,0.9991175355688204,3.4587339518829,1.005241060294738,0.9980991443325782,3.4552084964487846
1M 99/96 short put spread,short_put_spread,2019-09-20,2019-10-18,28,2992.070068359375,0.99,0.96,2960.0,2870.0,0.9892816452734479,0.9592021357887822,SPXW  191018P02960000,SPXW  191018P02870000,33.6,34.2,16.3,16.7,1740.0000000000005,1712.0000000000007,1687.000000000001,17.400000000000006,17.120000000000008,16.870000000000008,0.0058153718337020256,0.0057217911375275115,0.005638236944514552,99/96,0.142355,0.177027,0.13371783039345278,0.00863716960654723,0.06459250483748602,2986.199951171875,0.0,1740.0000000000005,1712.0000000000007,1687.000000000001,0.0058153718337020256,0.0057217911375275115,0.005638236944514552,0.159691,1.1942386406519123,1.224196513202228,2017-09-15,2019-08-16,24,-0.024471457178024902,24,mean of both legs,Fixed 99/96,1.0133991857262155,1.007539966185531,3.367367552117487,1.0120939572366467,1.0063359133264,3.3633434055179015,1.0109088475790347,1.005241060294738,3.3596842230567687
1M 99/96 short put spread,short_put_spread,2019-10-18,2019-11-15,28,2986.199951171875,0.99,0.96,2955.0,2865.0,0.9895519550994463,0.9594133168730672,SPXW  191115P02955000,SPXW  191115P02865000,29.3,29.8,12.6,12.9,1680.0,1657.0,1637.0,16.8,16.57,16.37,0.005625879135590761,0.005548858171234458,0.005481883419620283,99/96,0.13504,0.164572,0.14024570743242484,-0.00520570743242485,-0.03711847961502235,3120.4599609375,0.0,1680.0,1657.0,1637.0,0.005625879135590761,0.005548858171234458,0.005481883419620283,0.149806,1.0681681653050352,1.224196513202228,2017-10-20,2019-09-20,24,-0.12745367775068817,24,mean of both legs,Fixed 99/96,1.0191004470612173,1.0133991857262155,3.3936079375010606,1.0177099230613162,1.0120939572366467,3.3892370698066303,1.0164505320293256,1.0109088475790347,3.3852684485589233
1M 99/96 short put spread,short_put_spread,2019-11-15,2019-12-20,35,3120.4599609375,0.99,0.96,3090.0,2995.0,0.9902386310611886,0.9597944013036439,SPXW  191220P03090000,SPXW  191220P02995000,30.2,30.8,13.6,13.9,1675.0,1649.5,1627.0,16.75,16.495,16.27,0.005367798404619712,0.005286079682638934,0.0052139749279500125,99/96,0.11272,0.144816,0.058103313587985046,0.054616686412014954,0.9399926276030655,3221.219970703125,0.0,1675.0,1649.5,1627.0,0.005367798404619712,0.005286079682638934,0.0052139749279500125,0.128768,2.2161903004896337,1.2212047377168562,2017-11-17,2019-10-18,24,0.8147573719972505,24,mean of both legs,Fixed 99/96,1.0245707728150997,1.0191004470612173,3.2658661217208578,1.0230896188084306,1.0177099230613162,3.2614099709696616,1.021750279618828,1.0164505320293256,3.257374056239923
1M 99/96 short put spread,short_put_spread,2019-12-20,2020-01-17,28,3221.219970703125,0.99,0.96,3190.0,3090.0,0.9903080289495689,0.9592638901110245,SPXW  200117P03190000,SPXW  200117P03090000,22.0,22.4,9.8,10.1,1225.0,1204.5,1187.0000000000002,12.25,12.045,11.870000000000003,0.003802907007721699,0.003739266523102683,0.0036849392801352305,99/96,0.105452,0.14867,0.07726082182080321,0.028191178179196794,0.36488322949220886,3329.6201171875,0.0,1225.0,1204.5,1187.0000000000002,0.003802907007721699,0.003739266523102683,0.0036849392801352305,0.127061,1.644572203680438,1.2212047377168562,2017-12-15,2019-11-15,24,0.34668016990754746,24,mean of both legs,Fixed 99/96,1.028467120186945,1.0245707728150997,3.180691732118677,1.0269152235701748,1.0230896188084306,3.176093617056247,1.0255153673586845,1.021750279618828,3.171935753880854
1M 99/96 short put spread,short_put_spread,2020-01-17,2020-02-21,35,3329.6201171875,0.99,0.96,3295.0,3195.0,0.9896023822631324,0.9595689260487733,SPXW  200221P03295000,SPXW  200221P03195000,30.4,30.8,13.6,13.9,1685.0,1664.5,1647.0,16.85,16.645,16.47,0.005060637372119509,0.004999068786880072,0.0049465102385049435,99/96,0.108047,0.140608,0.06963264619328462,0.03841435380671539,0.5516716067358083,3337.75,0.0,1685.0,1664.5,1647.0,0.005060637372119509,0.004999068786880072,0.0049465102385049435,0.12432750000000001,1.785477169069444,1.2212047377168562,2018-01-19,2019-12-20,24,0.4620621046783211,24,mean of both legs,Fixed 99/96,1.0336718193313594,1.028467120186945,3.0888422222042613,1.0320488434110966,1.0269152235701748,3.0841813402953635,1.0305880896230684,1.0255153673586845,3.079977088271944
1M 99/96 short put spread,short_put_spread,2020-02-21,2020-03-20,28,3337.75,0.99,0.96,3305.0,3205.0,0.9901880008988091,0.9602276982997529,SPXW  200320P03305000,SPXW  200320P03205000,41.7,42.3,21.5,21.9,2030.0,2002.0000000000005,1977.0,20.3,20.020000000000003,19.77,0.006081941427608419,0.005998052580331063,0.0059231518238334205,99/96,0.15686,0.191117,0.13555104714294353,0.021308952857056473,0.15720242156879394,2304.919921875,-10000.0,-7970.0,-7998.0,-8023.0,-0.023878361171447832,-0.02396225001872519,-0.02403715077522283,0.1739885,1.2835644110998476,1.2212047377168562,2018-02-16,2020-01-17,24,0.05106406113325268,24,mean of both legs,Fixed 99/96,1.0089894302966176,1.0336718193313594,3.096912049528453,1.0073186309937436,1.0320488434110966,3.0920495645602473,1.0058156883256497,1.0305880896230684,3.087673102009043
1M 99/96 short put spread,short_put_spread,2020-03-20,2020-04-17,28,2304.919921875,0.99,0.96,2280.0,2215.0,0.9891883784601383,0.9609878325829853,SPXW  200417P02280000,SPXW  200417P02215000,143.3,147.4,118.9,122.8,2450.000000000002,2247.0000000000036,2047.0000000000036,24.500000000000018,22.470000000000038,20.470000000000038,0.010629436522926933,0.009748711782455852,0.008881002678543451,99/96,0.604129,0.632767,0.8348738695538477,-0.23074486955384765,-0.2763829100043058,2874.56005859375,0.0,2450.000000000002,2247.0000000000036,2047.0000000000036,0.010629436522926933,0.009748711782455852,0.008881002678543451,0.618448,0.7407681837383358,1.224196513202228,2018-03-16,2020-02-21,24,-0.39489438521545084,24,mean of both legs,Fixed 99/96,1.0197144193982597,1.0089894302966176,4.377546572098815,1.0171386900003998,1.0073186309937436,4.370297733269244,1.0147483401477908,1.0058156883256497,4.363777148090427
1M 99/96 short put spread,short_put_spread,2020-04-17,2020-05-15,28,2874.56005859375,0.99,0.96,2845.0,2760.0,0.9897166669016437,0.9601469246567792,SPXW  200515P02845000,SPXW  200515P02760000,94.7,95.7,69.4,70.4,2529.999999999999,2476.999999999999,2426.999999999999,25.29999999999999,24.769999999999992,24.269999999999992,0.008801346809353806,0.008616970769474062,0.008443031109210153,99/96,0.345552,0.380312,0.5894801972737838,-0.24392819727378373,-0.41380219115399974,2863.699951171875,0.0,2529.999999999999,2476.999999999999,2426.999999999999,0.008801346809353806,0.008616970769474062,0.008443031109210153,0.36293200000000003,0.6156814116546759,1.224196513202228,2018-04-20,2020-03-20,24,-0.49707305566147286,24,mean of both legs,Fixed 99/96,1.0286892796498825,1.0197144193982597,3.547375593526856,1.0259033443606345,1.0171386900003998,3.5384151635989456,1.0233158919516778,1.0147483401477908,3.5300996307734516
1M 99/96 short put spread,short_put_spread,2020-05-15,2020-06-19,35,2863.699951171875,0.99,0.96,2835.0,2750.0,0.9899780173687085,0.9602961367774068,SPXW  200619P02835000,SPXW  200619P02750000,94.0,95.0,68.1,68.9,2600.0,2552.0,2506.999999999999,26.0,25.52,25.06999999999999,0.009079163474986392,0.008911548149294336,0.008754408781458028,99/96,0.285552,0.318706,0.2733208874610599,0.012231112538940048,0.0447500103360472,3097.739990234375,0.0,2600.0,2552.0,2506.999999999999,0.009079163474986392,0.008911548149294336,0.008754408781458028,0.302129,1.105400332943981,1.224196513202228,2018-05-18,2020-04-17,24,-0.09704012303343568,24,mean of both legs,Fixed 99/96,1.03802891778479,1.0286892796498825,3.592168513425875,1.0350457314104262,1.0259033443606345,3.5824400665328686,1.032274417582385,1.0233158919516778,3.5734047190695364
1M 99/96 short put spread,short_put_spread,2020-06-19,2020-07-17,28,3097.739990234375,0.99,0.96,3065.0,2975.0,0.989431007657974,0.9603775686076582,SPXW  200717P03065000,SPXW  200717P02975000,98.8,100.2,70.2,71.4,2869.999999999999,2801.999999999999,2736.999999999999,28.699999999999992,28.019999999999992,27.36999999999999,0.009264818897156229,0.009045304024331622,0.008835473631190452,99/96,0.298943,0.33376,0.2677381591763992,0.03120484082360081,0.11654984451820893,3224.72998046875,0.0,2869.999999999999,2801.999999999999,2736.999999999999,0.009264818897156229,0.009045304024331622,0.008835473631190452,0.3163515,1.1815704603824213,1.2228423590923445,2018-06-15,2020-05-15,24,-0.03375079249017621,24,mean of both legs,Fixed 99/96,1.047646067718077,1.03802891778479,3.3509233217028416,1.0444080347301203,1.0350457314104262,3.341293119091363,1.0413950509790866,1.032274417582385,3.3323468749366634
1M 99/96 short put spread,short_put_spread,2020-07-17,2020-08-21,35,3224.72998046875,0.99,0.96,3190.0,3095.0,0.9892301120778796,0.9597702811539301,SPXW  200821P03190000,SPXW  200821P03095000,74.3,75.0,48.4,49.0,2595.000000000001,2559.500000000001,2527.000000000001,25.95000000000001,25.59500000000001,25.27000000000001,0.008047185394489337,0.00793709865787879,0.007836315025770542,99/96,0.222604,0.252198,0.189345690691771,0.033258309308228984,0.17564862018628657,3397.159912109375,0.0,2595.000000000001,2559.500000000001,2527.000000000001,0.008047185394489337,0.00793709865787879,0.007836315025770542,0.23740099999999997,1.2537966886526952,1.2078309435888768,2018-07-20,2020-06-19,24,0.03805643936165315,24,mean of both legs,Fixed 99/96,1.056076669852812,1.047646067718077,3.2487869498015773,1.0526976043408547,1.0444080347301203,3.238745696711959,1.049555750664837,1.0413950509790866,3.229402329145426
1M 99/96 short put spread,short_put_spread,2020-08-21,2020-09-18,28,3397.159912109375,0.99,0.96,3365.0,3260.0,0.9905332945927158,0.9596251234390055,SPXW  200918P03365000,SPXW  200918P03260000,53.2,53.7,31.1,31.5,2215.0,2189.5,2167.0,22.15,21.895,21.67,0.0065201522957588865,0.00644508959438559,0.006378857799056211,99/96,0.177645,0.220133,0.09525106914940115,0.08239393085059885,0.8650184358704058,3319.469970703125,-4553.0029296875,-2338.0029296875,-2363.5029296875,-2386.0029296875,-0.0068822280674911765,-0.0069572907688644735,-0.007023522564193852,0.19888899999999998,2.0880500531499853,1.2108227190742489,2018-08-17,2020-07-17,24,0.7244886639940424,24,mean of both legs,Fixed 99/96,1.0488085093541282,1.056076669852812,3.108704615547725,1.0453736810157683,1.0526976043408547,3.098757878863614,1.042184172167663,1.049555750664837,3.089509407324731
1M 99/96 short put spread,short_put_spread,2020-09-18,2020-10-16,28,3319.469970703125,0.99,0.96,3285.0,3185.0,0.9896158208969056,0.9594905295454016,SPXW  201016P03285000,SPXW  201016P03185000,64.8,65.4,38.2,38.8,2659.999999999999,2626.999999999999,2596.9999999999986,26.59999999999999,26.269999999999992,25.969999999999985,0.008013327499500055,0.007913914038040091,0.007823538163985578,99/96,0.229368,0.256411,0.21787787236911788,0.011490127630882113,0.05273655147235923,3483.81005859375,0.0,2659.999999999999,2626.999999999999,2596.9999999999986,0.008013327499500055,0.007913914038040091,0.007823538163985578,0.24288949999999998,1.1147965479877124,1.2108227190742489,2018-09-21,2020-08-21,24,-0.07930654882322874,24,mean of both legs,Fixed 99/96,1.0572129554238452,1.0488085093541282,3.1595661916229694,1.0536466784649565,1.0453736810157683,3.14921867117942,1.0503377398125184,1.042184172167663,3.1396101828476826
1M 99/96 short put spread,short_put_spread,2020-10-16,2020-11-20,35,3483.81005859375,0.99,0.96,3450.0,3345.0,0.9902950912865216,0.960155675464758,SPXW  201120P03450000,SPXW  201120P03345000,93.9,101.1,61.6,69.1,3215.000000000001,2844.500000000001,2477.000000000001,32.150000000000006,28.445000000000007,24.77000000000001,0.009228402082568603,0.008164911267143513,0.007110031713381783,99/96,0.247052,0.276092,0.19161848739510465,0.055433512604895346,0.2892910457569531,3557.5400390625,0.0,3215.000000000001,2844.500000000001,2477.000000000001,0.009228402082568603,0.008164911267143513,0.007110031713381783,0.261572,1.3650666152095015,1.1950249721113466,2018-10-19,2020-09-18,24,0.14229128852238837,24,mean of both legs,Fixed 99/96,1.0669693416633972,1.0572129554238452,3.034645797683334,1.0622496101015435,1.0536466784649565,3.024409082997665,1.0578056744523472,1.0503377398125184,3.0149110374762804
1M 99/96 short put spread,short_put_spread,2020-11-20,2020-12-18,28,3557.5400390625,0.99,0.96,3520.0,3415.0,0.9894477536021231,0.9599329768611508,SPXW  201218P03520000,SPXW  201218P03415000,67.6,68.3,40.4,41.0,2724.9999999999986,2689.499999999999,2656.999999999999,27.249999999999986,26.894999999999992,26.56999999999999,0.007659787297061887,0.0075599992423662195,0.007468643981025114,99/96,0.21493,0.245421,0.22515666388504263,-0.01022666388504262,-0.045420214123726765,3709.409912109375,0.0,2724.9999999999986,2689.499999999999,2656.999999999999,0.007659787297061887,0.0075599992423662195,0.007468643981025114,0.2301755,1.0222904178288936,1.2108227190742489,2018-11-16,2020-10-16,24,-0.15570594957905992,24,mean of both legs,Fixed 99/96,1.075142099873025,1.0669693416633972,2.9991773246340467,1.070280216349115,1.0622496101015435,2.9859104843173396,1.06570604843594,1.0578056744523472,2.973418887313789
1M 99/96 short put spread,short_put_spread,2020-12-18,2021-01-15,28,3709.409912109375,0.99,0.96,3670.0,3560.0,0.9893756923491466,0.9597213800444038,SPXW  210115P03670000,SPXW  210115P03560000,53.5,54.3,30.8,31.4,2280.0,2242.0,2207.0,22.8,22.42,22.07,0.0061465301868012375,0.006044088017021217,0.005949733386960672,99/96,0.182639,0.218642,0.10235516916440954,0.08028383083559046,0.7843651814656605,3768.25,0.0,2280.0,2242.0,2207.0,0.0061465301868012375,0.006044088017021217,0.005949733386960672,0.2006405,1.9602380772554648,1.2108227190742489,2018-12-21,2020-11-20,24,0.6189307042026695,24,mean of both legs,Fixed 99/96,1.0817504932449955,1.075142099873025,2.898418145601061,1.0767490841796055,1.070280216349115,2.8853112535640326,1.0720467152930053,1.06570604843594,2.8729799986702487
1M 99/96 short put spread,short_put_spread,2021-01-15,2021-02-19,35,3768.25,0.99,0.96,3730.0,3620.0,0.9898493995886685,0.9606581304318981,SPXW  210219P03730000,SPXW  210219P03620000,81.3,82.2,53.3,53.9,2815.000000000001,2774.500000000002,2737.000000000001,28.15000000000001,27.74500000000002,27.370000000000008,0.007470311152391696,0.007362834206859953,0.007263318516552779,99/96,0.213706,0.245435,0.10357143178064089,0.11013456821935912,1.063368211927577,3906.7099609375,0.0,2815.000000000001,2774.500000000002,2737.000000000001,0.007470311152391696,0.007362834206859953,0.007263318516552779,0.2295705,2.21654268994001,1.2108227190742489,2019-01-18,2020-12-18,24,0.8306087712284571,24,mean of both legs,Fixed 99/96,1.0898315060187889,1.0817504932449955,2.870697255343981,1.084677009168808,1.0767490841796055,2.857424757326625,1.0798333320508025,1.0720467152930053,2.8449458377045187
1M 99/96 short put spread,short_put_spread,2021-02-19,2021-03-19,28,3906.7099609375,0.99,0.96,3870.0,3750.0,0.9906033564547775,0.9598869733088928,SPXW  210319P03870000,SPXW  210319P03750000,64.0,64.5,38.2,38.6,2584.9999999999995,2559.499999999999,2536.999999999999,25.849999999999994,25.59499999999999,25.36999999999999,0.006616820869342634,0.006551548555157628,0.006493955336759095,99/96,0.185577,0.22753,0.15186756728512862,0.03370943271487137,0.22196597547113206,3913.10009765625,0.0,2584.9999999999995,2559.499999999999,2536.999999999999,0.006616820869342634,0.006551548555157628,0.006493955336759095,0.2065535,1.3600896076263573,1.2398154116152058,2019-02-15,2021-01-15,24,0.09700976039204168,24,mean of both legs,Fixed 99/96,1.0970427258718811,1.0898315060187889,2.7896401752774604,1.0917833232610408,1.084677009168808,2.7764462169301054,1.0868457214802842,1.0798333320508025,2.764047863414137
1M 99/96 short put spread,short_put_spread,2021-03-19,2021-04-16,28,3913.10009765625,0.99,0.96,3875.0,3755.0,0.9902634492587935,0.9595972263140051,SPXW  210416P03875000,SPXW  210416P03755000,60.0,60.7,33.3,33.8,2680.0000000000005,2647.0000000000005,2617.0000000000005,26.800000000000004,26.470000000000006,26.170000000000005,0.006848789791002754,0.0067644576779045855,0.006687792120542615,99/96,0.176705,0.213429,0.18860622412244157,-0.011901224122441573,-0.06310090866733753,4185.47021484375,0.0,2680.0000000000005,2647.0000000000005,2617.0000000000005,0.006848789791002754,0.0067644576779045855,0.006687792120542615,0.195067,1.0342553693952545,1.2557820128861272,2019-03-15,2021-02-19,24,-0.1764053324682876,24,mean of both legs,Fixed 99/96,1.1045561408931264,1.0970427258718811,2.8035130676287947,1.0991686453446823,1.0917833232610408,2.790072566543759,1.0941143197326455,1.0868457214802842,2.777454433458654
1M 99/96 short put spread,short_put_spread,2021-04-16,2021-05-21,35,4185.47021484375,0.99,0.96,4145.0,4020.0,0.9903307841732519,0.960465561490102,SPXW  210521P04145000,SPXW  210521P04020000,56.2,56.7,29.4,29.9,2680.0,2652.0,2627.0,26.8,26.52,26.27,0.006403103743267346,0.00633620564445709,0.006276475199090791,99/96,0.141554,0.17265,0.12012026379867413,0.02143373620132588,0.1784356404448928,4155.85986328125,0.0,2680.0,2652.0,2627.0,0.006403103743267346,0.00633620564445709,0.006276475199090791,0.15710200000000002,1.307872585622261,1.2398154116152058,2019-04-18,2021-03-19,24,0.054892989205862275,24,mean of both legs,Fixed 99/96,1.111628728453528,1.1045561408931264,2.6390252091051165,1.1061332039195255,1.0991686453446823,2.6261533087644153,1.1009815011254174,1.0941143197326455,2.6140774239710853
1M 99/96 short put spread,short_put_spread,2021-05-21,2021-06-18,28,4155.85986328125,0.99,0.96,4115.0,3990.0,0.9901681325584956,0.9600901212414088,SPXW  210618P04115000,SPXW  210618P03990000,57.7,58.2,33.4,33.9,2430.0,2402.0,2377.0,24.3,24.02,23.77,0.005847165400041663,0.005779790654691389,0.005719634632057215,99/96,0.164039,0.206839,0.14231869690226887,0.021720303097731125,0.15261735506647156,4166.4501953125,0.0,2430.0,2402.0,2377.0,0.005847165400041663,0.005779790654691389,0.005719634632057215,0.185439,1.3029841056466538,1.2557820128861272,2019-05-17,2021-04-16,24,0.03758780765783021,24,mean of both legs,Fixed 99/96,1.1181286054922337,1.111628728453528,2.6748465179859164,1.1125264222743836,1.1061332039195255,2.6616229620557523,1.1072787130485087,1.1009815011254174,2.6492267240602763
1M 99/96 short put spread,short_put_spread,2021-06-18,2021-07-16,28,4166.4501953125,0.99,0.96,4125.0,4000.0,0.9900514362660248,0.9600498775912968,SPXW  210716P04125000,SPXW  210716P04000000,61.1,61.9,34.6,35.1,2665.0,2629.5,2597.0,26.65,26.295,25.97,0.006396332309452015,0.006311127882815787,0.006233123830261494,99/96,0.172228,0.2102,0.08283457802441589,0.0893934219755841,1.0791800249074122,4327.16015625,0.0,2665.0,2629.5,2597.0,0.006396332309452015,0.006311127882815787,0.006233123830261494,0.191214,2.3083838242483563,1.2686805498762714,2019-06-21,2021-05-21,24,0.8195154205473414,24,mean of both legs,Fixed 99/96,1.1252805276176663,1.1181286054922337,2.683648077085366,1.119547718798369,1.1125264222743836,2.670202138804013,1.1141805183815527,1.1072787130485087,2.657606982304173
1M 99/96 short put spread,short_put_spread,2021-07-16,2021-08-20,35,4327.16015625,0.99,0.96,4285.0,4155.0,0.9902568532876914,0.9602140549382399,SPXW  210820P04285000,SPXW  210820P04155000,65.6,66.2,38.5,39.0,2715.000000000001,2684.5,2656.999999999999,27.15000000000001,26.845,26.56999999999999,0.006274322886058537,0.006203837859161745,0.006140285785730211,99/96,0.156831,0.193429,0.10112589254863172,0.05570510745136828,0.5508491054808693,4441.669921875,0.0,2715.000000000001,2684.5,2656.999999999999,0.006274322886058537,0.006203837859161745,0.006140285785730211,0.17513,1.7318017728820492,1.2932742583732506,2019-07-19,2021-06-18,24,0.33908315399426714,24,mean of both legs,Fixed 99/96,1.1323409009853338,1.1252805276176663,2.6005058444447684,1.1264932113213884,1.119547718798369,2.5872574121882987,1.1210219051813086,1.1141805183815527,2.5748538952787987
1M 99/96 short put spread,short_put_spread,2021-08-20,2021-09-17,28,4441.669921875,0.99,0.96,4395.0,4265.0,0.9894927082165307,0.9602244369837323,SPXW  210917P04395000,SPXW  210917P04265000,53.2,53.7,30.8,31.2,2245.0,2219.5,2197.0,22.45,22.195,21.97,0.00505440530135634,0.004996994461630466,0.00494633783834293,99/96,0.148676,0.192916,0.08386506029187885,0.06481093970812116,0.7728002517682229,4432.990234375,0.0,2245.0,2219.5,2197.0,0.00505440530135634,0.004996994461630466,0.00494633783834293,0.170796,2.0365572910288505,1.2932742583732506,2019-08-16,2021-07-16,24,0.57472962741139,24,mean of both legs,Fixed 99/96,1.1380642108382166,1.1323409009853338,2.5493585090792363,1.1321222916594256,1.1264932113213884,2.5361929885277297,1.1265668582485182,1.1210219051813086,2.523874859904227
1M 99/96 short put spread,short_put_spread,2021-09-17,2021-10-15,28,4432.990234375,0.99,0.96,4390.0,4255.0,0.990302204132633,0.9598487194952969,SPXW  211015P04390000,SPXW  211015P04255000,65.8,66.4,38.6,39.2,2719.9999999999986,2686.9999999999986,2656.9999999999977,27.199999999999985,26.869999999999987,26.56999999999998,0.00613581320100401,0.0060613713496683,0.005993696939363106,99/96,0.174623,0.217044,0.08508592149584869,0.08953707850415131,1.0523136722274296,4471.3701171875,0.0,2719.9999999999986,2686.9999999999986,2656.9999999999977,0.00613581320100401,0.0060613713496683,0.005993696939363106,0.1958335,2.3015969805246175,1.3054283456344575,2019-09-20,2021-08-20,24,0.763097138361897,24,mean of both legs,Fixed 99/96,1.145047160246668,1.1380642108382166,2.567260811930641,1.1389845052824108,1.1321222916594256,2.553856949380448,1.13331915857879,1.1265668582485182,2.5413249267113516
1M 99/96 short put spread,short_put_spread,2021-10-15,2021-11-19,35,4471.3701171875,0.99,0.96,4425.0,4295.0,0.9896295506808399,0.9605556881749621,SPXW  211119P04425000,SPXW  211119P04295000,57.0,57.4,32.3,32.8,2465.0000000000005,2439.5000000000005,2417.0000000000005,24.650000000000006,24.395000000000003,24.170000000000005,0.005512851621306826,0.005455822121776067,0.005405501975131278,99/96,0.13899,0.17504,0.16221274243274908,-0.023222742432749077,-0.14316225768993995,4697.9599609375,0.0,2465.0000000000005,2439.5000000000005,2417.0000000000005,0.005512851621306826,0.005455822121776067,0.005405501975131278,0.15701500000000002,0.9679572495058212,1.333981096624309,2019-10-18,2021-09-17,24,-0.2743845831434384,24,mean of both legs,Fixed 99/96,1.1513596353405067,1.145047160246668,2.560841823058264,1.1451986021426905,1.1389845052824108,2.5472829925312337,1.1394453175289418,1.13331915857879,2.5346127224459107
1M 99/96 short put spread,short_put_spread,2021-11-19,2021-12-17,28,4697.9599609375,0.99,0.96,4650.0,4510.0,0.9897913219064708,0.9599911530748781,SPXW  211217P04650000,SPXW  211217P04510000,54.5,54.9,29.4,29.8,2510.0,2486.9999999999995,2466.9999999999995,25.1,24.869999999999994,24.669999999999995,0.005342744554806971,0.00529378713458364,0.005251215464824222,99/96,0.145039,0.186052,0.06750313323284787,0.07753586676715213,1.148626190427294,4620.64013671875,-2935.986328125,-425.986328125,-448.98632812500045,-468.98632812500045,-0.0009067474641482309,-0.0009557048843715627,-0.0009982765541309809,0.1655455,2.4524120892131194,1.333981096624309,2019-11-15,2021-10-15,24,0.838415923148419,24,mean of both legs,Fixed 99/96,1.150315642910839,1.1513596353405067,2.450765108502005,1.1441041302450472,1.1451986021426905,2.437650834968293,1.1383078359837384,1.1394453175289418,2.4254044883378705
1M 99/96 short put spread,short_put_spread,2021-12-17,2022-01-21,35,4620.64013671875,0.99,0.96,4575.0,4435.0,0.9901225511253166,0.9598237189597331,SPXW  220121P04575000,SPXW  220121P04435000,83.2,84.1,51.0,51.7,3230.0,3187.000000000001,3147.000000000002,32.3,31.870000000000008,31.470000000000017,0.006990373421059612,0.006897312722265321,0.006810744630363657,99/96,0.182818,0.217555,0.18761110322630922,-0.004793103226309214,-0.025548078679157094,4397.93994140625,-14000.0,-10770.0,-10813.0,-10852.999999999998,-0.023308458744523846,-0.023401519443318135,-0.0234880875352198,0.2001865,1.0670290646845217,1.333981096624309,2019-12-20,2021-11-19,24,-0.20011680271581045,24,mean of both legs,Fixed 99/96,1.1235035582048714,1.150315642910839,2.4895157572857674,1.117330355195937,1.1441041302450472,2.4760727873032513,1.1115711618901258,1.1383078359837384,2.463528433945699
1M 99/96 short put spread,short_put_spread,2022-01-21,2022-02-18,28,4397.93994140625,0.99,0.96,4355.0,4220.0,0.990236351114763,0.9595401611261309,SPXW  220218P04355000,SPXW  220218P04220000,105.7,108.4,63.6,68.4,4105.000000000002,3914.500000000002,3727.000000000001,41.05000000000002,39.14500000000002,37.27000000000001,0.009333915548395189,0.008900758200777823,0.008474422228713486,99/96,0.25566,0.281864,0.15286022934976137,0.10279977065023863,0.6725082847744603,4348.8701171875,-612.98828125,3492.011718750002,3301.511718750002,3114.011718750001,0.00794010778972444,0.007506950442107077,0.007080614470042739,0.268762,1.7582205727628628,1.3054283456344575,2020-01-17,2021-12-17,24,0.34685337471229927,24,mean of both legs,Fixed 99/96,1.1324242975591572,1.1235035582048714,2.5546132352267388,1.1257180987998547,1.117330355195937,2.5405766565303947,1.1194417687434874,1.1115711618901258,2.527481449723251
1M 99/96 short put spread,short_put_spread,2022-02-18,2022-03-18,28,4348.8701171875,0.99,0.96,4305.0,4175.0,0.9899122953766503,0.9600194734489,SPXW  220318P04305000,SPXW  220318P04175000,100.8,101.7,64.2,65.1,3659.999999999999,3612.0,3567.000000000001,36.599999999999994,36.12,35.67000000000001,0.008415979096581972,0.008305605600233358,0.008202130447406532,99/96,0.255971,0.285417,0.22338493370835447,0.03258606629164554,0.14587405583130808,4463.1201171875,0.0,3659.999999999999,3612.0,3567.000000000001,0.008415979096581972,0.008305605600233358,0.008202130447406532,0.270694,1.2117827084677564,1.3054283456344575,2020-02-21,2022-01-21,24,-0.07173556287471905,24,mean of both legs,Fixed 99/96,1.1419547567758765,1.1324242975591572,2.603950605661036,1.1350678693455307,1.1257180987998547,2.5885300514053493,1.1286235761589969,1.1194417687434874,2.574097957810367
1M 99/96 short put spread,short_put_spread,2022-03-18,2022-04-14,27,4463.1201171875,0.99,0.96,4420.0,4285.0,0.9903385712113272,0.9600906736743297,SPXW  220414P04420000,SPXW  220414P04285000,80.1,80.8,47.4,48.0,3274.999999999999,3239.499999999999,3206.999999999999,32.74999999999999,32.39499999999999,32.06999999999999,0.00733791588397533,0.00725837511637804,0.007185556103788971,99/96,0.207694,0.242909,0.26139175180790686,-0.05369775180790687,-0.20543016922495927,4392.58984375,-2741.015625,533.9843749999991,498.4843749999991,465.9843749999991,0.0011964373823227887,0.001116896614725499,0.0010440776021364308,0.2253015,0.8619304107406224,1.3054283456344575,2020-03-20,2022-02-18,24,-0.33973364863491495,24,mean of both legs,Fixed 99/96,1.1433210341358044,1.1419547567758765,2.558646701840272,1.1363356228062864,1.1350678693455307,2.5432160451482764,1.1298019467561078,1.1286235761589969,2.528777058481266
1M 99/96 short put spread,short_put_spread,2022-04-14,2022-05-20,36,4392.58984375,0.99,0.96,4350.0,4215.0,0.9903041610382542,0.9595705836267222,SPXW  220520P04350000,SPXW  220520P04215000,94.8,95.5,57.4,57.9,3750.0,3717.0,3687.000000000002,37.5,37.17,36.87000000000002,0.008537104836536675,0.008461978313975152,0.008393681475282862,99/96,0.205867,0.232611,0.16662654518958797,0.03924045481041202,0.23549942037005067,3901.360107421875,-13500.0,-9750.0,-9783.0,-9812.999999999998,-0.022196472574995355,-0.022271599097556875,-0.022339895936249167,0.21923900000000002,1.3157507391787395,1.3054283456344575,2020-04-17,2022-03-18,24,0.007907284669282477,24,mean of both legs,Fixed 99/96,1.1179433401571937,1.1433210341358044,2.602840408062637,1.1110276113748723,1.1363356228062864,2.586937691036923,1.1045622888370046,1.1298019467561078,2.572063377061365
1M 99/96 short put spread,short_put_spread,2022-05-20,2022-06-17,28,3901.360107421875,0.99,0.96,3860.0,3745.0,0.9893985414616835,0.9599216419103639,SPXW  220617P03860000,SPXW  220617P03745000,100.4,101.3,63.2,63.9,3730.0,3687.000000000001,3647.000000000001,37.3,36.87000000000001,36.470000000000006,0.009560768289254092,0.009450550317018726,0.009348021970753266,99/96,0.27675,0.29678,0.3390484481886693,-0.06229844818866931,-0.18374497367999243,3674.840087890625,-11500.0,-7770.0,-7812.999999999999,-7852.999999999999,-0.019916131262065494,-0.020026349234300862,-0.02012887758056632,0.286765,0.8457935776789773,1.3118116624005003,2020-05-15,2022-04-14,24,-0.35524770672395967,24,mean of both legs,Fixed 99/96,1.095678233851071,1.1179433401571937,2.865522047120026,1.088777784420528,1.1110276113748723,2.84779559123823,1.0823286897448943,1.1045622888370046,2.8312236205412207
1M 99/96 short put spread,short_put_spread,2022-06-17,2022-07-15,28,3674.840087890625,0.99,0.96,3640.0,3530.0,0.9905192914365362,0.9605860161458716,SPXW  220715P03640000,SPXW  220715P03530000,97.0,97.7,61.0,61.6,3605.0,3569.5,3537.000000000001,36.05,35.695,35.37000000000001,0.009809950674804157,0.009713347831820648,0.00962490860937096,99/96,0.28417,0.30351,0.28579301216835973,-0.0016230121683597498,-0.005678977789014827,3863.159912109375,0.0,3605.0,3569.5,3537.000000000001,0.009809950674804157,0.009713347831820648,0.00962490860937096,0.29384,1.0281566990409823,1.3118116624005003,2020-06-19,2022-05-20,24,-0.21623146941722893,24,mean of both legs,Fixed 99/96,1.1064267832806067,1.095678233851071,2.981567109441204,1.0993534617521634,1.088777784420528,2.9627895592199534,1.092746004468989,1.0823286897448943,2.9452402386471075
1M 99/96 short put spread,short_put_spread,2022-07-15,2022-08-19,35,3863.159912109375,0.99,0.96,3825.0,3710.0,0.9901220987539864,0.9603537219287032,SPXW  220819P03825000,SPXW  220819P03710000,91.7,92.2,56.7,57.2,3500.0,3472.0,3447.0,35.0,34.72,34.47,0.009059940772912294,0.008987461246728995,0.008922747384065337,99/96,0.230711,0.251757,0.23272850212726132,-0.002017502127261317,-0.00866890865888914,4228.47998046875,0.0,3500.0,3472.0,3447.0,0.009059940772912294,0.008987461246728995,0.008922747384065337,0.241234,1.0365468681102399,1.3118116624005003,2020-07-17,2022-06-17,24,-0.2098356053540109,24,mean of both legs,Fixed 99/96,1.116450944406693,1.1064267832806067,2.8640460360246176,1.1092338583861183,1.0993534617521634,2.8457363577059147,1.1024963010218125,1.092746004468989,2.8286325943787407
1M 99/96 short put spread,short_put_spread,2022-08-19,2022-09-16,28,4228.47998046875,0.99,0.96,4185.0,4060.0,0.9897173498113783,0.9601558996975379,SPXW  220916P04185000,SPXW  220916P04060000,67.1,67.5,34.3,34.7,3280.0,3256.999999999999,3236.9999999999986,32.8,32.56999999999999,32.36999999999998,0.007756924509871734,0.007702531441662266,0.00765523312148012,99/96,0.190044,0.211611,0.17450943141623526,0.01553456858376473,0.0890185043736238,3873.330078125,-12500.0,-9220.0,-9243.0,-9263.000000000002,-0.021804525603968717,-0.021858918672178183,-0.021906216992360332,0.2008275,1.150811726163909,1.3118116624005003,2020-08-21,2022-07-15,24,-0.12273098406670324,24,mean of both legs,Fixed 99/96,1.0921072612038023,1.116450944406693,2.6403127118102816,1.0849872056872298,1.1092338583861183,2.6232449095411203,1.0783447778183541,1.1024963010218125,2.607311152267995
1M 99/96 short put spread,short_put_spread,2022-09-16,2022-10-21,35,3873.330078125,0.99,0.96,3835.0,3720.0,0.9901041023223214,0.9604138880414694,SPXW  221021P03835000,SPXW  221021P03720000,97.1,97.7,59.9,60.4,3725.0,3694.5,3667.0,37.25,36.945,36.67,0.009617047669232456,0.00953830405744411,0.00946730571894642,99/96,0.252126,0.266987,0.24317540153590977,0.008950598464090243,0.03680717049322313,3752.75,-8225.0,-4500.0,-4530.5,-4558.0,-0.011617909935985517,-0.011696653547773864,-0.011767651886271553,0.25955649999999997,1.0673633038565014,1.3054283456344575,2020-09-18,2022-08-19,24,-0.18236546078846871,24,mean of both legs,Fixed 99/96,1.0794192574027006,1.0921072612038023,2.819556400244797,1.0722964862385391,1.0849872056872298,2.8011741416379623,1.0656551918596089,1.0783447778183541,2.784025001918656
1M 99/96 short put spread,short_put_spread,2022-10-21,2022-11-18,28,3752.75,0.99,0.96,3715.0,3605.0,0.989940710145893,0.9606288721604157,SPXW  221118P03715000,SPXW  221118P03605000,96.2,96.8,58.9,59.4,3735.0,3704.5,3677.0,37.35,37.045,36.77,0.009952701352341616,0.009871427619745519,0.009798148024781827,99/96,0.285892,0.298739,0.29299287337961377,-0.007100873379613792,-0.02423565221128643,3965.340087890625,0.0,3735.0,3704.5,3677.0,0.009952701352341616,0.009871427619745519,0.009798148024781827,0.29231549999999995,0.99768808922961,1.3054283456344575,2020-10-16,2022-09-16,24,-0.2357389108593939,24,mean of both legs,Fixed 99/96,1.090162394905596,1.0794192574027006,2.876342035581109,1.0828815833893504,1.0722964862385391,2.85736189791097,1.0760966391728266,1.0656551918596089,2.8396647574701457
1M 99/96 short put spread,short_put_spread,2022-11-18,2022-12-16,28,3965.340087890625,0.99,0.96,3925.0,3805.0,0.9898268277130086,0.9595646062287893,SPXW  221216P03925000,SPXW  221216P03805000,76.7,77.1,40.4,40.7,3635.0000000000014,3614.500000000001,3597.0000000000014,36.350000000000016,36.14500000000001,35.97000000000001,0.009166931257928121,0.009115233296225912,0.00907110088989476,99/96,0.224623,0.239326,0.2820333606359019,-0.05741036063590191,-0.20355875810740442,3852.360107421875,-7263.9892578125,-3628.9892578124986,-3649.489257812499,-3666.9892578124986,-0.009151773056981225,-0.009203471018683435,-0.009247603425014586,0.2319745,0.8225073072099203,1.2573834070572052,2020-11-20,2022-10-21,24,-0.34585799160899855,24,mean of both legs,Fixed 99/96,1.080185476072165,1.090162394905596,2.7492279873666807,1.0729153141199603,1.0828815833893504,2.730866859809224,1.0661453242067653,1.0760966391728266,2.713756236089348
1M 99/96 short put spread,short_put_spread,2022-12-16,2023-01-20,35,3852.360107421875,0.99,0.96,3815.0,3700.0,0.9903020210000882,0.9604501907471368,SPXW  230120P03815000,SPXW  230120P03700000,80.7,81.6,44.8,45.5,3600.000000000001,3557.000000000001,3517.000000000002,36.00000000000001,35.57000000000001,35.170000000000016,0.009344920774837008,0.009233300887804233,0.00912946843475049,99/96,0.21315,0.226621,0.19816986883632942,0.014980131163670585,0.0755923756302368,3972.610107421875,0.0,3600.000000000001,3557.000000000001,3517.000000000002,0.009344920774837008,0.009233300887804233,0.00912946843475049,0.2198855,1.1095808928531197,1.2573834070572052,2020-12-18,2022-11-18,24,-0.11754768941162053,24,mean of both legs,Fixed 99/96,1.090279723768189,1.080185476072165,2.8039576933399935,1.082821864042363,1.0729153141199603,2.7850857246001084,1.075878664290968,1.0661453242067653,2.7675121081042042
1M 99/96 short put spread,short_put_spread,2023-01-20,2023-02-17,28,3972.610107421875,0.99,0.96,3935.0,3815.0,0.9905326456901448,0.9603258051608392,SPXW  230217P03935000,SPXW  230217P03815000,63.3,63.9,30.9,31.5,3239.999999999999,3207.0,3177.0,32.39999999999999,32.07,31.77,0.008155846942912498,0.00807277813145691,0.007997261030133646,99/96,0.190558,0.209535,0.17720276014941283,0.013355239850587175,0.07536699676306613,4079.090087890625,0.0,3239.999999999999,3207.0,3177.0,0.008155846942912498,0.00807277813145691,0.007997261030133646,0.20004650000000002,1.1289130024347585,1.1812972173158327,2021-01-15,2022-12-16,24,-0.044344652737016266,24,mean of both legs,Fixed 99/96,1.0991718783202034,1.090279723768189,2.744492145683416,1.0915632447066677,1.082821864042363,2.725718947397754,1.0844827468060543,1.075878664290968,2.7082412700932945
1M 99/96 short put spread,short_put_spread,2023-02-17,2023-03-17,28,4079.090087890625,0.99,0.96,4040.0,3915.0,0.9904169589177082,0.959772869842284,SPXW  230317P04040000,SPXW  230317P03915000,62.6,63.3,31.4,32.0,3125.0,3089.500000000001,3057.000000000001,31.25,30.89500000000001,30.570000000000007,0.0076610222688560355,0.007573993055881833,0.0074943184242857305,99/96,0.187664,0.211614,0.1621120418357446,0.0255519581642554,0.15761912486516705,3916.639892578125,-12336.0107421875,-9211.0107421875,-9246.5107421875,-9279.0107421875,-0.02258104269266259,-0.022668071905636796,-0.022747746537232896,0.199639,1.2314877891815004,1.1398623642993337,2021-02-19,2023-01-20,24,0.08038288459369225,24,mean of both legs,Fixed 99/96,1.0743514312092808,1.0991718783202034,2.694649675875646,1.0668196105861067,1.0915632447066677,2.67599690418001,1.059813208157708,1.0844827468060543,2.65863887151083
1M 99/96 short put spread,short_put_spread,2023-03-17,2023-04-21,35,3916.639892578125,0.99,0.96,3875.0,3760.0,0.9893684653886534,0.9600065625448612,SPXW  230421P03875000,SPXW  230421P03760000,85.9,86.7,54.6,55.3,3135.000000000002,3094.5,3057.0,31.35000000000002,30.945,30.57,0.008004310036112077,0.007900905073923065,0.007805159738562874,99/96,0.232954,0.256895,0.17718052315883265,0.055773476841167346,0.31478333987742824,4133.52001953125,0.0,3135.000000000002,3094.5,3057.0,0.008004310036112077,0.007900905073923065,0.007805159738562874,0.2449245,1.3823443775501134,1.1398623642993337,2021-03-19,2023-02-17,24,0.21272920384544136,24,mean of both legs,Fixed 99/96,1.0829508731524204,1.0743514312092808,2.7430436820222703,1.0752484510603473,1.0668196105861067,2.7238133702505736,1.0680852195404178,1.059813208157708,2.705924560912561
1M 99/96 short put spread,short_put_spread,2023-04-21,2023-05-19,28,4133.52001953125,0.99,0.96,4090.0,3970.0,0.989471438549804,0.960440491697487,SPXW  230519P04090000,SPXW  230519P03970000,47.2,47.9,23.2,23.8,2405.0,2369.5,2337.0,24.05,23.695,23.37,0.00581828559831853,0.005732402380547092,0.005653776899488734,99/96,0.156477,0.185139,0.09305932314941051,0.0634176768505895,0.6814758017181131,4191.97998046875,0.0,2405.0,2369.5,2337.0,0.00581828559831853,0.005732402380547092,0.005653776899488734,0.17080800000000002,1.8354743428099176,1.1812972173158327,2021-04-16,2023-03-17,24,0.5537786053373759,24,mean of both legs,Fixed 99/96,1.0892517906213695,1.0829508731524204,2.6199241035131826,1.0814122078408852,1.0752484510603473,2.601290052980759,1.0741239350813407,1.0680852195404178,2.583960436851933
1M 99/96 short put spread,short_put_spread,2023-05-19,2023-06-16,28,4191.97998046875,0.99,0.96,4150.0,4025.0,0.9899856438569977,0.9601667991625098,SPXW  230616P04150000,SPXW  230616P04025000,46.2,46.8,23.4,24.0,2280.0,2247.0,2217.0,22.8,22.47,22.17,0.0054389572722745895,0.005360235522281142,0.005288670295014371,99/96,0.149999,0.185012,0.14247254139682455,0.00752645860317544,0.052827432776763716,4409.58984375,0.0,2280.0,2247.0,2217.0,0.0054389572722745895,0.005360235522281142,0.005288670295014371,0.1675055,1.1757037416315324,1.1812972173158327,2021-05-21,2023-04-21,24,-0.004735028240403394,24,mean of both legs,Fixed 99/96,1.0951761845693078,1.0892517906213695,2.5984183982185156,1.0872088319715822,1.0814122078408852,2.5797170141064485,1.0798046224299693,1.0741239350813407,2.5623307842258147
1M 99/96 short put spread,short_put_spread,2023-06-16,2023-07-21,35,4409.58984375,0.99,0.96,4365.0,4235.0,0.9898879838420346,0.9604067838650668,SPXW  230721P04365000,SPXW  230721P04235000,37.9,38.3,15.9,16.2,2204.9999999999995,2184.499999999999,2166.999999999999,22.049999999999997,21.84499999999999,21.66999999999999,0.005000465073016463,0.004953975488437397,0.004914289257699171,99/96,0.122473,0.146048,0.11545072632825079,0.007022273671749207,0.06082485485438527,4536.33984375,0.0,2204.9999999999995,2184.499999999999,2166.999999999999,0.005000465073016463,0.004953975488437397,0.004914289257699171,0.1342605,1.162924688912472,1.1632577338977206,2021-06-18,2023-05-19,24,-0.0002863036931055607,24,mean of both legs,Fixed 99/96,1.1006525748290459,1.0951761845693078,2.483623700561567,1.092594837875982,1.0872088319715822,2.4655554609292163,1.0851110946863909,1.0798046224299693,2.4487643084547805
1M 99/96 short put spread,short_put_spread,2023-07-21,2023-08-18,28,4536.33984375,0.99,0.96,4490.0,4355.0,0.9897847504053636,0.960025075281817,SPXW  230818P04490000,SPXW  230818P04355000,34.3,34.6,12.8,13.1,2150.0000000000005,2132.0,2117.0,21.500000000000004,21.32,21.17,0.0047395038159722324,0.004699824249140836,0.004666757943448006,99/96,0.119243,0.146449,0.09358339156213479,0.025659608437865217,0.27418976817941565,4369.7099609375,-12029.00390625,-9879.00390625,-9897.00390625,-9912.00390625,-0.02177747754031463,-0.021817157107146025,-0.021850223412838855,0.132846,1.4195467569883569,1.1568682075381904,2021-07-16,2023-06-16,24,0.2270600468908599,24,mean of both legs,Fixed 99/96,1.076683138101017,1.1006525748290459,2.4263009667264765,1.068757524643585,1.092594837875982,2.4085383271743153,1.0614011748397432,1.0851110946863909,2.392041011172072
1M 99/96 short put spread,short_put_spread,2023-08-18,2023-09-15,28,4369.7099609375,0.99,0.96,4325.0,4195.0,0.9897682085682621,0.9600179502760369,SPXW  230915P04325000,SPXW  230915P04195000,49.9,50.3,23.0,23.4,2689.999999999999,2666.9999999999995,2646.999999999999,26.89999999999999,26.669999999999995,26.46999999999999,0.006156014985083524,0.0061033799127203575,0.006057610284578472,99/96,0.158766,0.183961,0.09834115862070726,0.06042484137929273,0.614441015611233,4450.31982421875,0.0,2689.999999999999,2666.9999999999995,2646.999999999999,0.006156014985083524,0.0061033799127203575,0.006057610284578472,0.1713635,1.7425409910100118,1.1568682075381904,2021-08-20,2023-07-21,24,0.5062571342660804,24,mean of both legs,Fixed 99/96,1.0833112156333535,1.076683138101017,2.4639693428760654,1.0752805578510634,1.068757524643585,2.445831723838917,1.067830729512516,1.0614011748397432,2.428996854088743
1M 99/96 short put spread,short_put_spread,2023-09-15,2023-10-20,35,4450.31982421875,0.99,0.96,4405.0,4270.0,0.9898165017327253,0.9594816032687258,SPXW  231020P04405000,SPXW  231020P04270000,39.9,40.3,17.4,17.7,2255.0,2234.4999999999995,2216.9999999999995,22.55,22.344999999999995,22.169999999999995,0.005067051558245847,0.005020987453170884,0.004981664436643477,99/96,0.126382,0.152544,0.11793981862660473,0.008442181373395266,0.07158041678971072,4224.16015625,-13500.0,-11245.0,-11265.5,-11283.0,-0.02526784690575368,-0.02531391101082864,-0.025353234027356047,0.139463,1.182492915658428,1.1568682075381904,2021-09-17,2023-08-18,24,0.022150066838440452,24,mean of both legs,Fixed 99/96,1.0559382736854441,1.0833112156333535,2.4342322763814574,1.0480610014979472,1.0752805578510634,2.416187151312946,1.040757767125583,1.067830729512516,2.399447167148201
1M 99/96 short put spread,short_put_spread,2023-10-20,2023-11-17,28,4224.16015625,0.99,0.96,4180.0,4055.0,0.9895458139330581,0.95995413289439,SPXW  231117P04180000,SPXW  231117P04055000,67.4,67.8,36.7,37.0,3074.999999999999,3054.5000000000005,3037.000000000001,30.74999999999999,30.545000000000005,30.370000000000008,0.0072795535355123266,0.007231023178608915,0.00718959482515478,99/96,0.197367,0.223123,0.1289999620501261,0.0683670379498739,0.5299771942824929,4514.02001953125,0.0,3074.999999999999,3054.5000000000005,3037.000000000001,0.0072795535355123266,0.007231023178608915,0.00718959482515478,0.210245,1.6298066810151786,1.1568682075381904,2021-10-15,2023-09-15,24,0.4088092925324647,24,mean of both legs,Fixed 99/96,1.0636250328789338,1.0559382736854441,2.4997590873137105,1.0556395548923752,1.0480610014979472,2.481110949231536,1.0482403937823488,1.040757767125583,2.463821750663725
1M 99/96 short put spread,short_put_spread,2023-11-17,2023-12-15,28,4514.02001953125,0.99,0.96,4470.0,4335.0,0.9902481558919136,0.9603413323918222,SPXW  231215P04470000,SPXW  231215P04335000,35.6,35.9,13.1,13.4,2250.0,2231.9999999999995,2217.0,22.5,22.319999999999997,22.17,0.004984470583348558,0.004944594818681769,0.004911365014792779,99/96,0.11983,0.146344,0.15358771071537058,-0.03375771071537058,-0.2197943478559331,4719.18994140625,0.0,2250.0,2231.9999999999995,2217.0,0.004984470583348558,0.004944594818681769,0.004911365014792779,0.133087,0.8665211518559413,1.1693142152720022,2021-11-19,2023-10-20,24,-0.25894927083019015,24,mean of both legs,Fixed 99/96,1.0689266405670321,1.0636250328789338,2.3562700835991954,1.0608592647658914,1.0556395548923752,2.3385796924356486,1.053388684979464,1.0482403937823488,2.322188180927034
1M 99/96 short put spread,short_put_spread,2023-12-15,2024-01-19,35,4719.18994140625,0.99,0.96,4670.0,4530.0,0.9895766133558946,0.9599105050325917,SPXW  240119P04670000,SPXW  240119P04530000,33.7,34.2,12.6,13.0,2115.0000000000005,2089.5000000000005,2067.0000000000005,21.150000000000006,20.895000000000003,20.670000000000005,0.004481701364556141,0.004427666667252981,0.0043799889931619585,99/96,0.10938,0.132928,0.06939476407309018,0.03998523592690982,0.5761996090194252,4839.81005859375,0.0,2115.0000000000005,2089.5000000000005,2067.0000000000005,0.004481701364556141,0.004427666667252981,0.0043799889931619585,0.121154,1.74586658832638,1.1568682075381904,2021-12-17,2023-11-17,24,0.5091317895593095,24,mean of both legs,Fixed 99/96,1.0737172505506718,1.0689266405670321,2.2650638220518573,1.0655563959711418,1.0608592647658914,2.2479689903088977,1.0580025158251953,1.053388684979464,2.232138773938752
1M 99/96 short put spread,short_put_spread,2024-01-19,2024-02-16,28,4839.81005859375,0.99,0.96,4790.0,4645.0,0.9897082616898766,0.9597484082566757,SPXW  240216P04790000,SPXW  240216P04645000,35.0,35.3,12.6,12.8,2245.0,2229.5000000000005,2217.0,22.45,22.295000000000005,22.17,0.004638611790174892,0.004606585739953195,0.004580758280096986,99/96,0.118486,0.144745,0.11146638199599988,0.007019618004000111,0.0629752027319952,5005.56982421875,0.0,2245.0,2229.5000000000005,2217.0,0.004638611790174892,0.004606585739953195,0.004580758280096986,0.1316155,1.18076408010375,1.1693142152720022,2022-01-21,2023-12-15,24,0.009791948718492538,24,mean of both legs,Fixed 99/96,1.0786978080483902,1.0737172505506718,2.2185111348412088,1.0704649728699382,1.0655563959711418,2.201649203317596,1.062848969609925,1.0580025158251953,2.186041400419353
1M 99/96 short put spread,short_put_spread,2024-02-16,2024-03-15,28,5005.56982421875,0.99,0.96,4955.0,4805.0,0.9898972892208845,0.9599306709800909,SPXW  240315P04955000,SPXW  240315P04805000,41.1,41.5,15.5,15.8,2565.0,2544.5,2526.999999999999,25.65,25.445,25.269999999999992,0.005124291719175719,0.005083337340913301,0.00504837628629904,99/96,0.122318,0.149091,0.11937937431148893,0.002938625688511068,0.0246158576844564,5117.08984375,0.0,2565.0,2544.5,2526.999999999999,0.005124291719175719,0.005083337340913301,0.00504837628629904,0.1357045,1.1367499685993911,1.1693142152720022,2022-02-18,2024-01-19,24,-0.02784901290628372,24,mean of both legs,Fixed 99/96,1.0842253702936655,1.0786978080483902,2.1549950273978036,1.0759065074386678,1.0704649728699382,2.138547678809,1.068214631144021,1.062848969609925,2.123332621328103
1M 99/96 short put spread,short_put_spread,2024-03-15,2024-04-19,35,5117.08984375,0.99,0.96,5065.0,4910.0,0.9898204164201607,0.9595297620183592,SPXW  240419P05065000,SPXW  240419P04910000,47.8,48.2,19.9,20.4,2785.0,2759.5,2737.0,27.85,27.595,27.37,0.005442546613484991,0.005392713601404607,0.005348743296627798,99/96,0.130171,0.15274,0.11704065445918542,0.01313034554081459,0.11218619377588523,4967.22998046875,-9777.001953125,-6992.001953125,-7017.501953125,-7040.001953125,-0.013664020305731026,-0.013713853317811409,-0.013757823622588218,0.1414555,1.208601409942804,1.1568682075381904,2022-03-18,2024-02-16,24,0.04471831974248963,24,mean of both legs,Fixed 99/96,1.0694104928179842,1.0842253702936655,2.1188319990471447,1.0611516834119752,1.0759065074386678,2.1025749797080016,1.0535183226576734,1.068214631144021,2.0875432399310627
1M 99/96 short put spread,short_put_spread,2024-04-19,2024-05-17,28,4967.22998046875,0.99,0.96,4920.0,4770.0,0.9904916863816535,0.9602937691139202,SPXW  240517P04920000,SPXW  240517P04770000,65.0,65.5,30.4,30.9,3460.0,3432.0,3407.0,34.6,34.32,34.07,0.006965652916423823,0.006909283470857388,0.006858953608744499,99/96,0.171398,0.194165,0.10893980513918047,0.06245819486081952,0.5733275801349518,5303.27001953125,0.0,3460.0,3432.0,3407.0,0.006965652916423823,0.006909283470857388,0.006858953608744499,0.18278149999999999,1.677821066106003,1.1693142152720022,2022-04-14,2024-03-15,24,0.4348761386739093,24,mean of both legs,Fixed 99/96,1.0768596351361361,1.0694104928179842,2.1529313058242283,1.068483481198246,1.0611516834119752,2.1363047162793856,1.0607443559587446,1.0535183226576734,2.120937276510508
1M 99/96 short put spread,short_put_spread,2024-05-17,2024-06-21,35,5303.27001953125,0.99,0.96,5250.0,5090.0,0.9899552503766424,0.9597851856032591,SPXW  240621P05250000,SPXW  240621P05090000,38.4,38.7,13.9,14.2,2449.9999999999995,2431.9999999999995,2416.999999999999,24.499999999999996,24.319999999999997,24.16999999999999,0.004619791168424331,0.0045858498455542745,0.0045575654098292265,99/96,0.107609,0.131335,0.11659475352036235,-0.00898575352036235,-0.07706824920551048,5464.6201171875,0.0,2449.9999999999995,2431.9999999999995,2416.999999999999,0.004619791168424331,0.0045858498455542745,0.0045575654098292265,0.119472,1.0246773237454048,1.1693142152720022,2022-05-20,2024-04-19,24,-0.12369377677748705,24,mean of both legs,Fixed 99/96,1.0818345017681705,1.0768596351361361,2.0305578089937018,1.0733833860054762,1.068483481198246,2.014763489815078,1.065578767744134,1.0607443559587446,2.000170370454761
1M 99/96 short put spread,short_put_spread,2024-06-21,2024-07-19,28,5464.6201171875,0.99,0.96,5410.0,5245.0,0.9900047732475113,0.9598105426401473,SPXW  240719P05410000,SPXW  240719P05245000,36.5,36.7,12.7,13.0,2375.0,2359.4999999999995,2347.0,23.75,23.594999999999995,23.47,0.004346139254090276,0.004317774976853055,0.004294900559726264,99/96,0.117087,0.14334,0.0826413077878824,0.0344456922121176,0.41680962141269906,5505.0,0.0,2375.0,2359.4999999999995,2347.0,0.004346139254090276,0.004317774976853055,0.004294900559726264,0.13021349999999998,1.5756466528122035,1.1693142152720022,2022-06-17,2024-05-17,24,0.3474963634523862,24,mean of both legs,Fixed 99/96,1.0865363051627344,1.0818345017681705,1.9797066924479338,1.0780180139301405,1.0733833860054762,1.96424154467652,1.0701553225901508,1.065578767744134,1.9499594571864953
1M 99/96 short put spread,short_put_spread,2024-07-19,2024-08-16,28,5505.0,0.99,0.96,5450.0,5285.0,0.9900090826521344,0.9600363306085377,SPXW  240816P05450000,SPXW  240816P05285000,56.0,56.4,24.3,24.7,3170.0,3147.0,3127.0,31.7,31.47,31.27,0.0057584014532243415,0.005716621253405995,0.005680290644868301,99/96,0.145533,0.171826,0.09537907237887884,0.050153927621121155,0.5258378632777252,5554.25,0.0,3170.0,3147.0,3127.0,0.0057584014532243415,0.005716621253405995,0.005680290644868301,0.1586795,1.6636720827989377,1.1782339108676412,2022-07-15,2024-06-21,24,0.4120049231767775,24,mean of both legs,Fixed 99/96,1.0927930174013645,1.0865363051627344,1.9737262582429325,1.084180634620128,1.0780180139301405,1.958252523033861,1.0762341158576156,1.0701553225901508,1.9439697049775675
1M 99/96 short put spread,short_put_spread,2024-08-16,2024-09-20,35,5554.25,0.99,0.96,5500.0,5330.0,0.9902327046856011,0.9596255119953189,SPXW  240920P05500000,SPXW  240920P05330000,56.4,57.1,25.4,26.0,3105.0,3069.5,3037.0,31.05,30.695,30.37,0.005590313723725075,0.0055263987036953685,0.005467884952963947,99/96,0.134191,0.160154,0.2198294850925169,-0.0856384850925169,-0.3895677827588746,5702.5498046875,0.0,3105.0,3069.5,3037.0,0.005590313723725075,0.0055263987036953685,0.005467884952963947,0.14717249999999998,0.6694848051800755,1.1816284978810891,2022-08-19,2024-07-19,24,-0.43342192035770644,24,mean of both legs,Fixed 99/96,1.0989020732037342,1.0927930174013645,1.9674897914234404,1.0901722490738641,1.084180634620128,1.9519838585229832,1.08211884018558,1.0762341158576156,1.937676762582915
1M 99/96 short put spread,short_put_spread,2024-09-20,2024-10-18,28,5702.5498046875,0.99,0.96,5645.0,5475.0,0.9899080575078548,0.9600968316838805,SPXW  241018P05645000,SPXW  241018P05475000,52.9,53.4,24.4,24.8,2855.0,2829.4999999999995,2806.9999999999995,28.55,28.294999999999995,28.069999999999997,0.005006532336908637,0.004961815498172675,0.004922359463993885,99/96,0.133952,0.167371,0.1490349492799142,-0.015082949279914215,-0.10120410918908518,5864.669921875,0.0,2855.0,2829.4999999999995,2806.9999999999995,0.005006532336908637,0.004961815498172675,0.004922359463993885,0.1506615,1.0109138878360058,1.1816284978810891,2022-09-16,2024-08-16,24,-0.14447401222229395,24,mean of both legs,Fixed 99/96,1.1044037619683247,1.0989020732037342,1.9270363448653018,1.0955814826349968,1.0901722490738641,1.9117277120100589,1.0874454180997333,1.08211884018558,1.8976052419499736
1M 99/96 short put spread,short_put_spread,2024-10-18,2024-11-15,28,5864.669921875,0.99,0.96,5805.0,5630.0,0.9898255276648336,0.9599858261417765,SPXW  241115P05805000,SPXW  241115P05630000,63.5,64.0,30.3,30.7,3325.0,3299.5,3277.0,33.25,32.995,32.77,0.005669543289380829,0.005626062581447232,0.005587697250917588,99/96,0.153083,0.182745,0.08885243897592798,0.06423056102407201,0.7228902409924103,5870.6201171875,0.0,3325.0,3299.5,3277.0,0.005669543289380829,0.005626062581447232,0.005587697250917588,0.167914,1.8898074373117826,1.1816284978810891,2022-10-21,2024-09-20,24,0.5993245260254036,24,mean of both legs,Fixed 99/96,1.110665226905759,1.1044037619683247,1.8831473496043483,1.101745292619376,1.0955814826349968,1.8681042534866603,1.0935217338729721,1.0874454180997333,1.854231239926398
1M 99/96 short put spread,short_put_spread,2024-11-15,2024-12-20,35,5870.6201171875,0.99,0.96,5810.0,5635.0,0.9896739840123496,0.95986452666258,SPXW  241220P05810000,SPXW  241220P05635000,63.1,63.6,31.8,32.1,3139.9999999999995,3116.9999999999995,3097.0,31.399999999999995,31.169999999999995,30.97,0.005348668347330081,0.00530949020338467,0.005275422252127792,99/96,0.141673,0.170225,0.14103151370132602,0.0006414862986739711,0.004548531614235518,5930.85009765625,0.0,3139.9999999999995,3116.9999999999995,3097.0,0.005348668347330081,0.00530949020338467,0.005275422252127792,0.155949,1.1057741344978114,1.195547162800616,2022-11-18,2024-10-18,24,-0.07508949131919462,24,mean of both legs,Fixed 99/96,1.11660580684939,1.110665226905759,1.891904440646821,1.1075949984571636,1.101745292619376,1.8767102463226675,1.099290522761031,1.0935217338729721,1.862702256396139
1M 99/96 short put spread,short_put_spread,2024-12-20,2025-01-17,28,5930.85009765625,0.99,0.96,5870.0,5695.0,0.9897400715488835,0.9602333402846494,SPXW  250117P05870000,SPXW  250117P05695000,64.8,65.4,33.0,33.6,3179.9999999999995,3146.9999999999995,3116.9999999999986,31.799999999999997,31.469999999999995,31.169999999999987,0.005361794595443696,0.005306153330773997,0.005255570362892451,99/96,0.158503,0.190594,0.12998839918889074,0.028514600811109264,0.21936265842980096,5996.66015625,0.0,3179.9999999999995,3146.9999999999995,3116.9999999999986,0.005361794595443696,0.005306153330773997,0.005255570362892451,0.1745485,1.3428005967390781,1.195547162800616,2022-12-16,2024-11-15,24,0.12316823503099217,24,mean of both legs,Fixed 99/96,1.1225928178297961,1.11660580684939,1.8827078554736187,1.1134720673473755,1.1075949984571636,1.867514741090594,1.1050679214526624,1.099290522761031,1.8535125735102427
1M 99/96 short put spread,short_put_spread,2025-01-17,2025-02-21,35,5996.66015625,0.99,0.96,5935.0,5755.0,0.9897175836810204,0.9597008751616297,SPXW  250221P05935000,SPXW  250221P05755000,64.1,64.5,29.7,30.1,3440.0,3416.999999999999,3396.999999999999,34.4,34.16999999999999,33.96999999999999,0.005736526517039107,0.005698171833930996,0.005664819935576116,99/96,0.134614,0.160519,0.17492712098742877,-0.04031312098742876,-0.23045666538081244,6013.1298828125,0.0,3440.0,3416.999999999999,3396.999999999999,0.005736526517039107,0.005698171833930996,0.005664819935576116,0.1475665,0.8435884565355931,1.220044599562152,2023-01-20,2024-12-20,24,-0.30855932902916916,24,mean of both legs,Fixed 99/96,1.1290326012971144,1.1225928178297961,1.8720300777088015,1.1198168225194032,1.1134720673473755,1.8568203605583062,1.1113279322442733,1.1050679214526624,1.8428056495763043
1M 99/96 short put spread,short_put_spread,2025-02-21,2025-03-21,28,6013.1298828125,0.99,0.96,5955.0,5775.0,0.9903328409754371,0.9603983470416707,SPXW  250321P05955000,SPXW  250321P05775000,67.1,67.6,33.3,33.7,3384.999999999999,3359.499999999999,3336.9999999999986,33.849999999999994,33.59499999999999,33.36999999999998,0.005629347886988839,0.005586940687249337,0.005549522569832128,99/96,0.153745,0.186149,0.11847165954123519,0.035273340458764804,0.29773652699182107,5667.56005859375,-18000.0,-14615.0,-14640.5,-14663.000000000002,-0.02430514604677752,-0.02434755324651702,-0.024384971363934232,0.16994700000000001,1.4344949725368568,1.220044599562152,2023-02-17,2025-01-17,24,0.1757725685205822,24,mean of both legs,Fixed 99/96,1.1015912990310148,1.1290326012971144,1.8776121974751623,1.0925520228067664,1.1198168225194032,1.8622861044798107,1.0842282324405563,1.1113279322442733,1.8481688470106286
1M 99/96 short put spread,short_put_spread,2025-03-21,2025-04-17,27,5667.56005859375,0.99,0.96,5610.0,5440.0,0.9898439437785099,0.9598486727549187,SPXW  250417P05610000,SPXW  250417P05440000,77.0,77.4,36.7,37.0,4035.0,4014.4999999999995,3997.0,40.35,40.144999999999996,39.97,0.007119465798834736,0.007083295030835699,0.007052417545958474,99/96,0.180761,0.202638,0.20198870343716668,-0.02122770343716668,-0.1050935179836433,5282.7001953125,-17000.0,-12965.0,-12985.5,-13003.0,-0.022875805224756473,-0.022911975992755507,-0.022942853477632735,0.19169950000000002,0.9490605006018697,1.275701003340941,2023-03-17,2025-02-21,24,-0.25604785281475084,24,mean of both legs,Fixed 99/96,1.0763915110370947,1.1015912990310148,1.9436782100979526,1.0675194970893813,1.0925520228067664,1.9277290606742212,1.05935294296736,1.0842282324405563,1.9130423343225726
1M 99/96 short put spread,short_put_spread,2025-04-17,2025-05-16,29,5282.7001953125,0.99,0.96,5230.0,5070.0,0.9900240041334804,0.9597364628980393,SPXW  250516P05230000,SPXW  250516P05070000,123.5,125.0,78.6,79.8,4505.000000000001,4434.500000000002,4367.000000000002,45.05000000000001,44.34500000000002,43.670000000000016,0.008527835829103882,0.00839438135053522,0.008266605785948204,99/96,0.271815,0.297186,0.47703762093733293,-0.20522262093733296,-0.4302021725961367,5958.3798828125,0.0,4505.000000000001,4434.500000000002,4367.000000000002,0.008527835829103882,0.00839438135053522,0.008266605785948204,0.2845005,0.5963900696992911,1.195547162800616,2023-04-21,2025-03-21,24,-0.5011572205129708,24,mean of both legs,Fixed 99/96,1.08557080113106,1.0763915110370947,2.0375782672509213,1.076480662847081,1.0675194970893813,2.020783799233248,1.0681101961350552,1.05935294296736,2.0053247464381116
1M 99/96 short put spread,short_put_spread,2025-05-16,2025-06-20,35,5958.3798828125,0.99,0.96,5900.0,5720.0,0.9902020542562413,0.9599925000585933,SPXW  250620P05900000,SPXW  250620P05720000,79.0,79.6,40.7,41.3,3830.0,3797.000000000001,3767.0,38.3,37.970000000000006,37.67,0.006427921809832889,0.006372537627137202,0.00632218837014112,99/96,0.152874,0.180426,0.18884472534624733,-0.03597072534624732,-0.190477786871171,5967.83984375,0.0,3830.0,3797.000000000001,3767.0,0.006427921809832889,0.006372537627137202,0.00632218837014112,0.16665000000000002,0.8824710337789249,1.1816284978810891,2023-05-19,2025-04-17,24,-0.2531738737163306,24,mean of both legs,Fixed 99/96,1.092548765359768,1.08557080113106,1.821922775119609,1.0833405763759598,1.076480662847081,1.8066667181666103,1.0748629899950894,1.0681101961350552,1.792618492177913
1M 99/96 short put spread,short_put_spread,2025-06-20,2025-07-18,28,5967.83984375,0.99,0.96,5910.0,5730.0,0.9903080770824347,0.960146409760127,SPXW  250718P05910000,SPXW  250718P05730000,81.0,81.5,44.5,44.8,3660.0,3637.000000000001,3617.0,36.6,36.37000000000001,36.17,0.00613287235553589,0.006094332447290721,0.006060819483599266,99/96,0.177014,0.211357,0.127858204583138,0.04915579541686199,0.3844555425842784,6296.7900390625,0.0,3660.0,3637.000000000001,3617.0,0.00613287235553589,0.006094332447290721,0.006060819483599266,0.1941855,1.5187566619843593,1.1816284978810891,2023-06-16,2025-05-16,24,0.28530808516197137,24,mean of both legs,Fixed 99/96,1.0992492274799177,1.092548765359768,1.830727355232183,1.0899428140020344,1.0833405763759598,1.8152976700782628,1.0813775405470514,1.0748629899950894,1.8010922178495994
1M 99/96 short put spread,short_put_spread,2025-07-18,2025-08-15,28,6296.7900390625,0.99,0.96,6235.0,6045.0,0.9901870574246272,0.9600129530283674,SPXW  250815P06235000,SPXW  250815P06045000,63.9,64.4,29.2,29.5,3480.000000000001,3457.000000000001,3437.000000000001,34.80000000000001,34.57000000000001,34.37000000000001,0.005526625436788619,0.005490098889361567,0.005458336674207609,99/96,0.142608,0.173413,0.07780391943511435,0.06480408056488567,0.8329153728422374,6449.7998046875,0.0,3480.000000000001,3457.000000000001,3437.000000000001,0.005526625436788619,0.005490098889361567,0.005458336674207609,0.1580105,2.030880978069171,1.195547162800616,2023-07-21,2025-06-20,24,0.6987041927411317,24,mean of both legs,Fixed 99/96,1.1053243662218786,1.0992492274799177,1.7457295235519394,1.0959267078346546,1.0899428140020344,1.7309499081921287,1.0872800632352837,1.0813775405470514,1.717347305275646
1M 99/96 short put spread,short_put_spread,2025-08-15,2025-09-19,35,6449.7998046875,0.99,0.96,6385.0,6190.0,0.9899532068204031,0.9597197102926069,SPXW  250919P06385000,SPXW  250919P06190000,67.1,67.4,33.3,33.6,3379.9999999999995,3361.9999999999995,3346.999999999998,33.8,33.62,33.469999999999985,0.00524047273148467,0.005212564888535935,0.005189308352745321,99/96,0.130903,0.162637,0.10290173229558128,0.028001267704418714,0.2721165822941265,6664.35986328125,0.0,3379.9999999999995,3361.9999999999995,3346.999999999998,0.00524047273148467,0.005212564888535935,0.005189308352745321,0.14677,1.4263122371779788,1.195547162800616,2023-08-18,2025-07-18,24,0.19302046925257765,24,mean of both legs,Fixed 99/96,1.11111678842251,1.1053243662218786,1.7137343788850092,1.1016392969123223,1.0959267078346546,1.699163913642981,1.0929222947492039,1.0872800632352837,1.6857578470033823
1M 99/96 short put spread,short_put_spread,2025-09-19,2025-10-17,28,6664.35986328125,0.99,0.96,6600.0,6400.0,0.9903426788766533,0.9603322946682699,SPXW  251017P06600000,SPXW  251017P06400000,61.3,61.7,27.8,28.2,3350.0,3327.0,3307.0,33.5,33.27,33.07,0.005026739354904225,0.004992227413064584,0.004962217028856201,99/96,0.13269,0.165985,0.08509393365808247,0.04759606634191753,0.55933559885907,6664.009765625,0.0,3350.0,3327.0,3307.0,0.005026739354904225,0.004992227413064584,0.004962217028856201,0.1493375,1.754972341507396,1.195547162800616,2023-09-15,2025-08-15,24,0.4679239733180449,24,mean of both legs,Fixed 99/96,1.1167020829107681,1.11111678842251,1.6672520860472306,1.107138930809677,1.1016392969123223,1.6530309279696092,1.0983456123714248,1.0929222947492039,1.6399508987665845
1M 99/96 short put spread,short_put_spread,2025-10-17,2025-11-21,35,6664.009765625,0.99,0.96,6595.0,6395.0,0.9896444080888096,0.9596324472673142,SPXW  251121P06595000,SPXW  251121P06395000,101.7,102.4,60.9,61.4,4090.000000000002,4057.000000000002,4027.000000000002,40.90000000000002,40.57000000000002,40.27000000000002,0.006137445987995804,0.006087926252640337,0.006042908311408094,99/96,0.178675,0.211405,0.12845643693574996,0.050218563064250044,0.39093847114386215,6602.990234375,0.0,4090.000000000002,4057.000000000002,4027.000000000002,0.006137445987995804,0.006087926252640337,0.006042908311408094,0.19504,1.5183357459739688,1.275701003340941,2023-10-20,2025-09-19,24,0.19019718727005008,24,mean of both legs,Fixed 99/96,1.1235557816293154,1.1167020829107681,1.675720958080012,1.1138791109718735,1.107138930809677,1.6613705107706147,1.1049828142012228,1.0983456123714248,1.6481752743476268
1M 99/96 short put spread,short_put_spread,2025-11-21,2025-12-19,28,6602.990234375,0.99,0.96,6535.0,6340.0,0.9897031145039342,0.9601710399318963,SPXW  251219P06535000,SPXW  251219P06340000,107.8,108.8,63.6,64.5,4425.0,4374.500000000001,4327.0,44.25,43.74500000000001,43.27,0.006701509229808583,0.00662502872899382,0.0065530916242670595,99/96,0.20668,0.23852,0.14231923964814291,0.06436076035185709,0.45222810711311245,6834.5,0.0,4425.0,4374.500000000001,4327.0,0.006701509229808583,0.00662502872899382,0.0065530916242670595,0.22260000000000002,1.5640893005776024,1.275701003340941,2023-11-17,2025-10-17,24,0.22606260909209874,24,mean of both legs,Fixed 99/96,1.131085301070109,1.1235557816293154,1.7015863143036505,1.1212585920826883,1.1138791109718735,1.6869313317670034,1.112223867825924,1.1049828142012228,1.673458198451832
1M 99/96 short put spread,short_put_spread,2025-12-19,2026-01-16,28,6834.5,0.99,0.96,6765.0,6560.0,0.9898310044626527,0.959836125539542,SPXW  260116P06765000,SPXW  260116P06560000,58.7,59.2,25.7,26.0,3310.0,3287.0,3267.0,33.1,32.87,32.67,0.004843075572463238,0.004809422781476333,0.004780159484965981,99/96,0.129486,0.161665,0.12316769468173602,0.006318305318263967,0.051298397153493935,6940.009765625,0.0,3310.0,3287.0,3267.0,0.004843075572463238,0.004809422781476333,0.004780159484965981,0.1455755,1.1819292418857517,1.3845564169585285,2023-12-15,2025-11-21,24,-0.14634808129948962,24,mean of both legs,Fixed 99/96,1.136563232662094,1.131085301070109,1.6549642271857619,1.1266511986993768,1.1212585920826883,1.6405861322447703,1.1175404752971176,1.112223867825924,1.627366841504022
1M 99/96 short put spread,short_put_spread,2026-01-16,2026-02-20,35,6940.009765625,0.99,0.96,6870.0,6660.0,0.9899121517131331,0.9596528282983211,SPXW  260220P06870000,SPXW  260220P06660000,77.8,78.2,39.5,39.8,3835.0,3814.5000000000014,3797.0000000000005,38.35,38.14500000000001,37.970000000000006,0.005525928823609702,0.005496389960276197,0.005471173857430519,99/96,0.138389,0.169386,0.08500857998827482,0.05338042001172519,0.6279415562415924,6909.509765625,0.0,3835.0,3814.5000000000014,3797.0000000000005,0.005525928823609702,0.005496389960276197,0.005471173857430519,0.1538875,1.8102584471029348,1.275701003340941,2024-01-19,2025-12-19,24,0.41903035457527915,24,mean of both legs,Fixed 99/96,1.1428438001893166,1.136563232662094,1.6376968780241161,1.1328437130366413,1.1266511986993768,1.623414428434761,1.1236547335301836,1.1175404752971176,1.610286603388482
1M 99/96 short put spread,short_put_spread,2026-02-20,2026-03-20,28,6909.509765625,0.99,0.96,6840.0,6635.0,0.9899399859059737,0.9602707319424174,SPXW  260320P06840000,SPXW  260320P06635000,89.6,90.1,49.6,50.1,4000.0,3972.0,3947.0,40.0,39.72,39.47,0.005789122724596338,0.005748598865524163,0.005712416848495436,99/96,0.170161,0.205896,0.11883316462118158,0.05132783537881842,0.4319319067403631,6506.47998046875,-20500.0,-16500.0,-16528.0,-16553.0,-0.023880131238959892,-0.023920655098032064,-0.023956837115060792,0.1880285,1.5822897639678324,1.3845564169585285,2024-02-16,2026-01-16,24,0.14281349939041643,24,mean of both legs,Fixed 99/96,1.115552540255164,1.1428438001893166,1.6540157535850024,1.1057453492971179,1.1328437130366413,1.639542820639128,1.096735520105434,1.1236547335301836,1.626243788119957
1M 99/96 short put spread,short_put_spread,2026-03-20,2026-04-17,28,6506.47998046875,0.99,0.96,6440.0,6245.0,0.989782496731211,0.9598123745475795,SPXW  260417P06440000,SPXW  260417P06245000,127.5,128.8,77.3,78.4,5030.000000000001,4967.0,4906.999999999999,50.30000000000001,49.67,49.06999999999999,0.007730754594034149,0.007633928045440877,0.007541712284875856,99/96,0.243755,0.270405,0.13417735976579712,0.10957764023420288,0.8166626651878353,7126.06005859375,0.0,5030.000000000001,4967.0,4906.999999999999,0.007730754594034149,0.007633928045440877,0.007541712284875856,0.25708,1.9159715204467134,1.4304036048574178,2024-03-15,2026-02-20,24,0.33946217273249735,24,mean of both legs,Fixed 99/96,1.1241766031806282,1.115552540255164,1.7145254324978276,1.1141865297302331,1.1057453492971179,1.699452472944451,1.1050067838506727,1.096735520105434,1.6856050020865836
1M 99/96 short put spread,short_put_spread,2026-04-17,2026-05-15,28,7126.06005859375,0.99,0.96,7055.0,6840.0,0.9900281420575379,0.9598571922995832,SPXW  260515P07055000,SPXW  260515P06840000,79.3,80.0,37.0,37.6,4235.000000000002,4199.500000000002,4167.000000000002,42.350000000000016,41.99500000000002,41.670000000000016,0.0059429754523227145,0.0058931583027223705,0.005847551053088253,99/96,0.152383,0.181502,0.1875932767303727,-0.03521027673037272,-0.1876947689387629,7408.5,0.0,4235.000000000002,4199.500000000002,4167.000000000002,0.0059429754523227145,0.0058931583027223705,0.005847551053088253,0.1669425,0.8899172876005891,1.4764153592554128,2024-04-19,2026-03-20,24,-0.39724462901185675,24,mean of both legs,Fixed 99/96,1.1308575571374062,1.1241766031806282,1.5775570145874862,1.1207526073286944,1.1141865297302331,1.5635379446270141,1.1114683674332484,1.1050067838506727,1.5506560073375717
1M 99/96 short put spread,short_put_spread,2026-05-15,2026-06-18,34,7408.5,0.99,0.96,7335.0,7110.0,0.9900789633529055,0.9597084430046569,SPXW  260618P07335000,SPXW  260618P07110000,107.1,107.8,56.2,56.8,5094.999999999998,5059.5,5027.0,50.94999999999998,50.595,50.27,0.006877235607747854,0.006829317675642843,0.006785449146250928,99/96,0.16285,0.190056,0.11373466510524415,0.04911533489475585,0.4318413814232194,7500.580078125,0.0,5094.999999999998,5059.5,5027.0,0.006877235607747854,0.006829317675642843,0.006785449146250928,0.176453,1.5514443185524798,1.4304036048574178,2024-05-17,2026-04-17,24,0.08461997249169917,24,mean of both legs,Fixed 99/96,1.1386347309966423,1.1308575571374062,1.5264325533338816,1.128406582919947,1.1207526073286944,1.5127928829435031,1.1190101795181333,1.1114683674332484,1.5002610075362737
1M 99/96 short put spread,short_put_spread,2026-06-18,2026-07-17,29,7500.580078125,0.99,0.96,7425.0,7200.0,0.9899234356092771,0.9599257557423293,SPXW  260717P07425000,SPXW  260717P07200000,77.1,77.6,35.8,36.2,4134.999999999999,4109.499999999999,4086.9999999999986,41.349999999999994,41.09499999999999,40.86999999999998,0.005512906944436849,0.005478909573920974,0.005448911894054026,99/96,0.147555,0.17626,0.1644843782530378,-0.016929378253037808,-0.10292392768749237,7457.68994140625,0.0,4134.999999999999,4109.499999999999,4086.9999999999986,0.005512906944436849,0.005478909573920974,0.005448911894054026,0.16190749999999998,0.9843335988474624,1.4764153592554128,2024-06-21,2026-05-15,24,-0.33329493446621794,24,mean of both legs,Fixed 99/96,1.1449119183123306,1.1386347309966423,1.5180622287033552,1.1345890205503826,1.128406582919947,1.5044257526306244,1.1251075673948772,1.1190101795181333,1.4918981836906997
1M 99/96 short put spread,short_put_spread,2026-07-17,2026-08-21,35,7457.68994140625,0.99,0.96,7385.0,7160.0,0.9902530217832383,0.960082821390384,SPXW  260821P07385000,SPXW  260821P07160000,108.0,108.6,60.0,60.6,4800.0,4767.0,4737.000000000001,48.0,47.67,47.37000000000001,0.0064363094171422395,0.006392059789899386,0.006351832856042248,99/96,0.161049,0.192017,0.11630524664665977,0.04474375335334023,0.38470967255048816,7674.3701171875,0.0,4800.0,4767.0,4737.000000000001,0.0064363094171422395,0.006392059789899386,0.006351832856042248,0.176533,1.517842101623452,1.4304036048574178,2024-07-19,2026-06-18,24,0.06112854894178632,24,mean of both legs,Fixed 99/96,1.1522809256739626,1.1449119183123306,1.535209867006675,1.141841381406704,1.1345890205503826,1.5213679161572118,1.1322540626080377,1.1251075673948772,1.5086542565253425
1M 99/96 short put spread,short_put_spread,2026-08-21,2026-09-18,28,7674.3701171875,0.99,0.96,7600.0,7365.0,0.9903092871399386,0.9596878815507431,SPXW  260918P07600000,SPXW  260918P07365000,71.6,72.0,30.5,30.8,4115.0,4094.499999999999,4076.9999999999995,41.15,40.94499999999999,40.769999999999996,0.005362003574448483,0.005335291284466418,0.005312488110091486,99/96,0.132184,0.16335,0.1288172437050172,0.0033667562949827867,0.026135913159983648,7650.5,0.0,4115.0,4094.499999999999,4076.9999999999995,0.005362003574448483,0.005335291284466418,0.005312488110091486,0.14776699999999998,1.1471057426005515,1.4304036048574178,2024-08-16,2026-07-17,24,-0.19805449405666542,24,mean of both legs,Fixed 99/96,1.158459460116195,1.1522809256739626,1.501466450117277,1.1479334377771664,1.141841381406704,1.487863321641784,1.1382691488532457,1.1322540626080377,1.4753706757929808
