date,equity,open_positions,aggregate_short_strike_notional,notional_pct_equity,defined_maximum_loss,defined_maximum_loss_pct_equity
2016-09-22,999685.2678571428,1,1000000.0,1.000314831230365,13953.125,0.013957517879511185
2016-09-23,998145.0892857143,1,1000000.0,1.0018583578020837,13953.125,0.0139790548987072
2016-09-26,995957.5892857143,1,1000000.0,1.004058818124158,13953.125,0.014009758196638643
2016-09-27,997229.9107142857,1,1000000.0,1.002777783995398,13953.125,0.013991883767310788
2016-09-28,998546.875,1,1000000.0,1.0014552396451093,13953.125,0.013973430140673166
2016-09-29,996962.0535714286,1,1000000.0,1.003047203670078,13953.125,0.013995643013709057
2016-09-30,998145.0892857143,1,1000000.0,1.0018583578020837,13953.125,0.0139790548987072
2016-10-03,996939.7321428572,1,1000000.0,1.0030696618446182,13953.125,0.01399595637542569
2016-10-04,995466.5178571428,1,1000000.0,1.004554128201736,13953.125,0.014016669320064849
2016-10-05,996537.9464285715,1,1000000.0,1.0034740810260523,13953.125,0.014001599286816635
2016-10-06,996850.4464285715,1,1000000.0,1.0031595046004267,13953.125,0.01399720996262783
2016-10-07,995154.0178571428,1,1000000.0,1.004869580040778,13953.125,0.01402107085900648
2016-10-10,996404.0178571428,1,1000000.0,1.0036089598982054,13953.125,0.014003481268579646
2016-10-11,993145.0892857143,1,1000000.0,1.006902224849358,13953.125,0.014049432606101198
2016-10-12,992720.9821428572,1,1000000.0,1.0073323904582239,13953.125,0.014055434760612403
2016-10-13,992341.5178571428,1,1000000.0,1.0077175871462023,13953.125,0.014060809458149354
2016-10-14,991805.8035714285,1,1000000.0,1.0082618960274932,13953.125,0.014068404268008617
2016-10-17,991113.8392857143,1,1000000.0,1.008965832543202,13953.125,0.014078226382204365
2016-10-18,990823.6607142857,1,1000000.0,1.009261324340094,13953.125,0.014082349416182876
2016-10-19,991582.5892857143,1,1000000.0,1.0084888649772976,13953.125,0.014071571194136358
2016-10-20,990868.3035714285,1,1000000.0,1.0092158527986592,13953.125,0.014081714946081292
2016-10-21,990131.6964285715,1,1000000.0,1.0099666575739608,13953.125,0.014092191018961673
2016-10-24,990779.0178571428,1,1000000.0,1.009306799979273,13953.125,0.014082983943460796
2016-10-25,990287.9464285715,1,1000000.0,1.009807302619864,13953.125,0.014089967519367788
2016-10-26,990421.875,1,1000000.0,1.009670752677994,13953.125,0.014088062220960134
2016-10-27,989037.9464285715,1,1000000.0,1.0110835520629038,13953.125,0.014107775187377705
2016-10-28,989640.625,1,1000000.0,1.0104678150212356,13953.125,0.014099183731468179
2016-10-31,989462.0535714285,1,1000000.0,1.01065017742776,13953.125,0.014101728256921714
2016-11-01,988189.7321428572,1,1000000.0,1.0119514172966892,13953.125,0.014119884619467867
2016-11-02,987587.0535714285,1,1000000.0,1.0125689643092042,13953.125,0.014128501330126865
2016-11-03,987341.5178571428,1,1000000.0,1.0128207736775114,13953.125,0.014132014857719028
2016-11-04,987252.2321428572,1,1000000.0,1.012912371775016,13953.125,0.014133292937423268
2016-11-07,989551.3392857143,1,1000000.0,1.0105589879973562,13953.125,0.014100455879400611
2016-11-08,990176.3392857143,1,1000000.0,1.0099211224551903,13953.125,0.014091555661757578
2016-11-09,990734.375,1,1000000.0,1.0093522797167505,13953.125,0.014083618527922784
2016-11-10,991493.3035714285,1,1000000.0,1.0085796811717536,13953.125,0.014072838363849623
2016-11-11,990533.4821428572,1,1000000.0,1.0095569892666965,13953.125,0.014086474865861875
2016-11-14,988234.375,1,1000000.0,1.0119057030372982,13953.125,0.014119246762692302
2016-11-15,991359.375,1,1000000.0,1.0087159361356723,13953.125,0.014074739546393052
2016-11-16,989395.0892857143,1,1000000.0,1.0107185803013656,13953.125,0.014102682690767492
2016-11-17,991549.1071428572,1,1000000.0,1.0085229191335707,13953.125,0.014072046356035605
2016-11-18,989805.1339285715,0,0.0,0.0,0.0,0.0
2016-11-21,989485.4181109752,1,989805.1339285716,1.0003231132179864,13108.34852145228,0.013247641937439972
2016-11-22,990427.0468888276,1,989805.1339285716,0.9993720759522778,13108.34852145228,0.013235047005863575
2016-11-23,990339.4535141436,1,989805.1339285716,0.9994604682428071,13108.34852145228,0.013236217617038594
2016-11-25,991653.3541344027,1,989805.1339285716,0.9981362235118497,13108.34852145228,0.013218680163588348
2016-11-28,990142.3684211047,1,989805.1339285716,0.9996594080777789,13108.34852145228,0.013238852249454836
2016-11-29,990667.9286692084,1,989805.1339285716,0.9991290777508102,13108.34852145228,0.01323182889251405
2016-11-30,989879.5882970529,1,989805.1339285716,0.9999247844188712,13108.34852145228,0.013242366724626912
2016-12-01,989003.6545502135,1,989805.1339285716,1.0008103907146053,13108.34852145228,0.013254095130127496
2016-12-02,988806.5694571745,1,989805.1339285716,1.0010098683627733,13108.34852145228,0.01325673688499903
2016-12-05,990032.8767027498,1,989805.1339285716,0.9997699644329624,13108.34852145228,0.0132403163873799
2016-12-06,990755.5220438923,1,989805.1339285716,0.9990407440643277,13108.34852145228,0.013230659057453688
2016-12-07,993983.3379009956,0,0.0,0.0,0.0,0.0
2016-12-08,993637.6979066067,1,993983.3379009957,1.0003478531411572,12045.875829292627,0.012123006056101582
2016-12-09,995033.1388777421,1,993983.3379009957,0.9989449587800359,12045.875829292627,0.012106004673250065
2016-12-12,994517.8991345536,1,993983.3379009957,0.9994624920938848,12045.875829292627,0.012112276551055696
2016-12-13,996578.8581073073,1,993983.3379009957,0.9973955696679729,12045.875829292627,0.012087227951203013
2016-12-14,994603.7724250851,1,993983.3379009957,0.9993761993054012,12045.875829292627,0.012111230786830681
2016-12-15,995483.973653032,1,993983.3379009957,0.998492556593825,12045.875829292627,0.012100522105935098
2016-12-16,994925.7972645778,1,993983.3379009957,0.9990527340167746,12045.875829292627,0.012107310778764842
2016-12-19,995247.8221040706,1,993983.3379009957,0.998729478050601,12045.875829292627,0.012103393307433956
2016-12-20,996106.5550093846,1,993983.3379009957,0.9978684839511283,12045.875829292627,0.012092959100323498
2016-12-21,995119.0121682734,1,993983.3379009957,0.9988587553313818,12045.875829292627,0.012104959991715729
2016-12-22,994990.2022324763,1,993983.3379009957,0.9989880660842474,12045.875829292627,0.012106527081638686
2016-12-23,994474.962489288,1,993983.3379009957,0.9995056440766878,12045.875829292627,0.012112799500894805
2016-12-27,995247.8221040706,1,993983.3379009957,0.998729478050601,12045.875829292627,0.012103393307433956
2016-12-28,993015.116550254,1,993983.3379009957,1.0009750318344652,12045.875829292627,0.012130606703289814
2016-12-29,993079.5215181527,1,993983.3379009957,1.0009101148128212,12045.875829292627,0.012129819987504835
2016-12-30,991684.0805470174,1,993983.3379009957,1.0023185381303188,12045.875829292627,0.01214688837462034
2017-01-03,993787.9761650367,1,993983.3379009957,1.0001965829137045,12045.875829292627,0.012121172843906685
2017-01-04,995483.973653032,1,993983.3379009957,0.998492556593825,12045.875829292627,0.012100522105935098
2017-01-05,995247.8221040706,1,993983.3379009957,0.998729478050601,12045.875829292627,0.012103393307433956
2017-01-06,996428.5798488774,1,993983.3379009957,0.997545993764799,12045.875829292627,0.012089050909318113
2017-01-09,994947.2655872107,1,993983.3379009957,0.999031177109024,12045.875829292627,0.012107049535116052
2017-01-10,994496.4308119208,1,993983.3379009957,0.9994840676195226,12045.875829292627,0.012112538020330757
2017-01-11,995977.7450735875,1,993983.3379009957,0.9979975384164388,12045.875829292627,0.012094523084351268
2017-01-12,994496.4308119208,1,993983.3379009957,0.9994840676195226,12045.875829292627,0.012112538020330757
2017-01-13,996213.8966225489,1,993983.3379009957,0.9977609640569004,12045.875829292627,0.012091656089251118
2017-01-17,993702.1028745053,1,993983.3379009957,1.0002830174412198,12045.875829292627,0.01212222032583733
2017-01-18,994517.8991345536,1,993983.3379009957,0.9994624920938848,12045.875829292627,0.012112276551055696
2017-01-19,992736.028356027,1,993983.3379009957,1.0012564362623508,12045.875829292627,0.012134016984596221
2017-01-20,993787.9761650367,1,993983.3379009957,1.0001965829137045,12045.875829292627,0.012121172843906685
2017-01-23,992220.7886128386,1,993983.3379009957,1.0017763680305682,12045.875829292627,0.012140317928767857
2017-01-24,995956.2767509547,1,993983.3379009957,0.9980190507394611,12045.875829292627,0.012094783787687073
2017-01-25,1001133.3627538667,0,0.0,0.0,0.0,0.0
2017-01-26,1000898.4244805777,1,1001133.3627538666,1.0002347273884569,10754.246545776738,0.010744593340086152
2017-01-27,999840.143970267,1,1001133.3627538666,1.001293425545472,10754.246545776738,0.010755965951789733
2017-01-30,998464.3793068632,1,1001133.3627538666,1.0026730882967063,10754.246545776738,0.01077078638823587
2017-01-31,998316.2200354197,1,1001133.3627538666,1.002821894167308,10754.246545776738,0.010772384871594275
2017-02-01,997533.0924577898,1,1001133.3627538666,1.0036091737941306,10754.246545776738,0.01078084188593653
2017-02-02,998295.0544252135,1,1001133.3627538666,1.002843155754475,10754.246545776738,0.010772613265091942
2017-02-03,999988.3032417105,1,1001133.3627538666,1.0011450729057971,10754.246545776738,0.010754372337070519
2017-02-06,999120.5132232559,1,1001133.3627538666,1.00201462136346,10754.246545776738,0.010763713089107275
2017-02-07,999332.169325318,1,1001133.3627538666,1.0018023971246364,10754.246545776738,0.010761433361078813
2017-02-08,999670.8190886173,1,1001133.3627538666,1.0014630252652394,10754.246545776738,0.010757787804170575
2017-02-09,1001681.5520582076,1,1001133.3627538666,0.9994527309570446,10754.246545776738,0.010736193078208762
2017-02-10,1002739.8325685182,1,1001133.3627538666,0.9983979196173581,10754.246545776738,0.010724862218976316
2017-02-13,1005110.380911614,1,1001133.3627538666,0.9960432025842372,10754.246545776738,0.010699567679345687
2017-02-14,1006632.1882854408,0,0.0,0.0,0.0,0.0
2017-02-15,1006298.0279095357,1,1006632.1882854407,1.0003320689960997,10815.588315784395,0.010747897755749846
2017-02-16,1005882.9218525108,1,1006632.1882854407,1.0007448843365885,10815.588315784395,0.010752333179954563
2017-02-17,1006111.2301838745,1,1006632.1882854407,1.000517793744804,10815.588315784395,0.010749893243719945
2017-02-21,1007792.4097148255,1,1006632.1882854407,0.9988487495855292,10815.588315784395,0.01073196048266019
2017-02-22,1008145.2498632966,1,1006632.1882854407,0.9984991631135879,10815.588315784395,0.010728204410278159
2017-02-23,1008560.3559203215,1,1006632.1882854407,0.9980881980700883,10815.588315784395,0.010723788866274701
2017-02-24,1008830.1748573877,1,1006632.1882854407,0.9978212521525165,10815.588315784395,0.010720920711271677
2017-02-27,1009224.5256115614,1,1006632.1882854407,0.9974313571853104,10815.588315784395,0.010716731551118871
2017-02-28,1008290.5369832553,1,1006632.1882854407,0.9983552868573216,10815.588315784395,0.010726658556316502
2017-03-01,1012522.5432346244,0,0.0,0.0,0.0,0.0
2017-03-02,1012314.2646666678,1,1012522.5432346242,1.0002057449699426,12065.721793209337,0.011918948704315953
2017-03-03,1011695.6154549154,1,1012522.5432346242,1.0008173681560704,12065.721793209337,0.01192623711014494
2017-03-06,1010705.7767161118,1,1012522.5432346242,1.00179752264246,12065.721793209337,0.011937917118087641
2017-03-07,1009365.3700906484,1,1012522.5432346242,1.003127879395835,12065.721793209337,0.011953770310275006
2017-03-08,1009179.7753271228,1,1012522.5432346242,1.0033123611761026,12065.721793209337,0.011955968686845977
2017-03-09,1009385.9917310402,1,1012522.5432346242,1.0031073856079626,12065.721793209337,0.011953526096114435
2017-03-10,1010107.7491447512,1,1012522.5432346242,1.0023906301995185,12065.721793209337,0.01194498488247939
2017-03-13,1010355.2088294522,1,1012522.5432346242,1.002145121226903,12065.721793209337,0.011942059275557245
2017-03-14,1009117.9104059475,1,1012522.5432346242,1.0033738701826302,12065.721793209337,0.011956701658734354
2017-03-15,1011530.6423317816,1,1012522.5432346242,1.0009805940238805,12065.721793209337,0.011928182190700048
2017-03-16,1010726.3983565036,1,1012522.5432346242,1.0017770831760615,12065.721793209337,0.011937673551248746
2017-03-17,1009550.9648541742,1,1012522.5432346242,1.0029434654454312,12065.721793209337,0.011951572741998404
2017-03-20,1008994.180563597,1,1012522.5432346242,1.0034969108236644,12065.721793209337,0.011958167872157349
2017-03-21,1005034.8256083822,1,1012522.5432346242,1.007450207132583,12065.721793209337,0.0120052773155453
2017-03-22,1005282.2852930832,1,1012522.5432346242,1.0072022137935417,12065.721793209337,0.01200232210367823
2017-03-23,1005282.2852930832,1,1012522.5432346242,1.0072022137935417,12065.721793209337,0.01200232210367823
2017-03-24,1005199.7987315161,1,1012522.5432346242,1.0072848646730221,12065.721793209337,0.012003307012631059
2017-03-27,1004024.3652291867,1,1012522.5432346242,1.0084641153140717,12065.721793209337,0.01201735954929253
2017-03-28,1004972.9606872069,1,1012522.5432346242,1.0075122245500563,12065.721793209337,0.012006016345911157
2017-03-29,1005344.1502142583,1,1012522.5432346242,1.0071402345344487,12065.721793209337,0.012001583528026594
2017-03-30,1006395.8538742373,1,1012522.5432346242,1.0060877529818923,12065.721793209337,0.011989041634820875
2017-03-31,1005818.4479432685,1,1012522.5432346242,1.0066653135116626,12065.721793209337,0.011995924133109442
2017-04-03,1005034.8256083822,1,1012522.5432346242,1.007450207132583,12065.721793209337,0.0120052773155453
2017-04-04,1004313.0681946712,1,1012522.5432346242,1.0081742190756415,12065.721793209337,0.012013905001652907
2017-04-05,1003900.6353868364,1,1012522.5432346242,1.0085884076011822,12065.721793209337,0.012018840677952168
2017-04-06,1004251.203273496,1,1012522.5432346242,1.0082363256664932,12065.721793209337,0.012014645094653055
2017-04-07,1004044.9868695785,1,1012522.5432346242,1.0084434029111355,12065.721793209337,0.012017112730006217
2017-04-10,1003900.6353868364,1,1012522.5432346242,1.0085884076011822,12065.721793209337,0.012018840677952168
2017-04-11,1003281.986175084,1,1012522.5432346242,1.0092103288874636,12065.721793209337,0.012026251801060178
2017-04-12,1002457.1205594143,1,1012522.5432346242,1.0100407513386638,12065.721793209337,0.012036147527662973
2017-04-13,1001096.0922935591,1,1012522.5432346242,1.0114139402091626,12065.721793209337,0.012052511128643195
2017-04-17,1001611.6333033527,1,1012522.5432346242,1.0108933538394387,12065.721793209337,0.012046307562758766
2017-04-18,1001261.0654166931,1,1012522.5432346242,1.0112472942441284,12065.721793209337,0.012050525292509967
2017-04-19,1001364.1736186518,1,1012522.5432346242,1.0111431683996135,12065.721793209337,0.012049284477201907
2017-04-20,1002230.2825151051,1,1012522.5432346242,1.010269357151822,12065.721793209337,0.012038871708137085
2017-04-21,1002003.4444707959,1,1012522.5432346242,1.0104980664706038,12065.721793209337,0.012041597122035643
2017-04-24,1001900.3362688371,1,1012522.5432346242,1.0106020594876184,12065.721793209337,0.0120428363545052
2017-04-25,1004044.9868695785,1,1012522.5432346242,1.0084434029111355,12065.721793209337,0.012017112730006217
2017-04-26,1003632.5540617437,1,1012522.5432346242,1.0088578126894174,12065.721793209337,0.012022051042863096
2017-04-27,1003302.6078154758,1,1012522.5432346242,1.0091895858211943,12065.721793209337,0.01202600461637435
2017-04-28,1000456.8214414151,0,0.0,0.0,0.0,0.0
2017-05-01,1000281.9448425452,1,1000456.8214414149,1.0001748273072122,11236.838201799306,0.01123367092621881
2017-05-02,1000200.6068895825,1,1000456.8214414149,1.000256163163737,11236.838201799306,0.01123458446675368
2017-05-03,999834.5861012503,1,1000456.8214414149,1.0006223382835664,11236.838201799306,0.011238697238526399
2017-05-04,1000017.5964954164,1,1000456.8214414149,1.0004392172173147,11236.838201799306,0.01123664047630667
2017-05-05,1001827.3659488369,1,1000456.8214414149,0.998631955410677,11236.838201799306,0.011216341840649189
2017-05-08,1001013.9864192097,1,1000456.8214414149,0.9994433994076467,11236.838201799306,0.01122545574212735
2017-05-09,1000790.3070485622,1,1000456.8214414149,0.9996667777407529,11236.838201799306,0.011227964662185773
2017-05-10,1001196.9968133759,1,1000456.8214414149,0.9992607095563443,11236.838201799306,0.011223403823187721
2017-05-11,1000627.6311426368,1,1000456.8214414149,0.9998292974370228,11236.838201799306,0.011229790035847537
2017-05-12,1000139.6034248605,1,1000456.8214414149,1.0003171737380143,11236.838201799306,0.011235269719667209
2017-05-15,1001461.3451605047,1,1000456.8214414149,0.9989969420947258,11236.838201799306,0.011220441264259055
2017-05-16,1001176.6623251351,1,1000456.8214414149,0.9992810051304548,11236.838201799306,0.011223631777135961
2017-05-17,996804.7473533892,1,1000456.8214414149,1.0036637807933022,11236.838201799306,0.011272857830617454
2017-05-18,997597.7923947755,1,1000456.8214414149,1.0028659135660034,11236.838201799306,0.01126389641944255
2017-05-19,998553.5133420875,1,1000456.8214414149,1.0019060651972043,11236.838201799306,0.011253115683495428
2017-05-22,1000261.6103543045,1,1000456.8214414149,1.0001951600312253,11236.838201799306,0.011233899297423886
2017-05-23,1001217.3313016165,1,1000456.8214414149,0.9992404148066305,11236.838201799306,0.011223175878498862
2017-05-24,1001644.3555546708,1,1000456.8214414149,0.9988144154093512,11236.838201799306,0.011218391177951372
2017-05-25,1003942.1527258675,1,1000456.8214414149,0.9965283544724272,11236.838201799306,0.011192714810598846
2017-05-26,1003982.8217023489,1,1000456.8214414149,0.9964879874588338,11236.838201799306,0.011192261420116903
2017-05-30,1003047.4352432776,1,1000456.8214414149,0.9974172569403615,11236.838201799306,0.01120269870295211
2017-05-31,1003210.111149203,1,1000456.8214414149,0.9972555203768488,11236.838201799306,0.011200882125208266
2017-06-01,1007010.627001386,0,0.0,0.0,0.0,0.0
2017-06-02,1006798.4140263122,1,1007010.6270013859,1.000210780005329,11063.102832623572,0.010988399145744426
2017-06-05,1006277.8916346215,1,1007010.6270013859,1.00072816403188,11063.102832623572,0.010994083169861167
2017-06-06,1005797.4094269072,1,1007010.6270013859,1.0012062245966313,11063.102832623572,0.010999335183143106
2017-06-07,1005937.5500708239,1,1007010.6270013859,1.0010667430900522,11063.102832623572,0.01099780282766526
2017-06-08,1005817.4295188952,1,1007010.6270013859,1.0011862962874498,11063.102832623572,0.010999116249074447
2017-06-09,1005336.9473111809,1,1007010.6270013859,1.0016647947682429,11063.102832623572,0.011004373073338587
2017-06-12,1004976.585655395,1,1007010.6270013859,1.0020239688914387,11063.102832623572,0.011008318990246697
2017-06-13,1006778.393934324,1,1007010.6270013859,1.0002306694983336,11063.102832623572,0.010988617653375327
2017-06-14,1006398.0121865502,1,1007010.6270013859,1.000608720215479,11063.102832623572,0.010992770950120745
2017-06-15,1005657.2687829905,1,1007010.6270013859,1.001345744977345,11063.102832623572,0.011000867965695443
2017-06-16,1005176.786575276,1,1007010.6270013859,1.0018243959178146,11063.102832623572,0.011006126464894317
2017-06-19,1008339.9611093957,1,1007010.6270013859,0.9986816607897328,11063.102832623572,0.010971600114361952
2017-06-20,1006157.771082693,1,1007010.6270013859,1.0008476363679775,11063.102832623572,0.010995395702921356
2017-06-21,1005336.9473111809,1,1007010.6270013859,1.0016647947682429,11063.102832623572,0.011004373073338587
2017-06-22,1004676.2842755737,1,1007010.6270013859,1.0023234774845864,11063.102832623572,0.011011609416659688
2017-06-23,1004936.5454714189,1,1007010.6270013859,1.0020638930281853,11063.102832623572,0.011008757600146619
2017-06-26,1004796.4048275022,1,1007010.6270013859,1.0022036525640872,11063.102832623572,0.011010293010077821
2017-06-27,1001773.3709372992,1,1007010.6270013859,1.005227984907591,11063.102832623572,0.011043518577732298
2017-06-28,1005036.6459313594,1,1007010.6270013859,1.001964088650914,11063.102832623572,0.011007661140924352
2017-06-29,1001773.3709372992,1,1007010.6270013859,1.005227984907591,11063.102832623572,0.011043518577732298
2017-06-30,1001813.4111212754,1,1007010.6270013859,1.0051878082509331,11063.102832623572,0.011043077193627545
2017-07-03,1002313.9134209779,1,1007010.6270013859,1.0046858708808877,11063.102832623572,0.011037562867768955
2017-07-05,1002854.4559046566,1,1007010.6270013859,1.0041443412573563,11063.102832623572,0.011031613578107653
2017-07-06,999751.3416465012,1,1007010.6270013859,1.0072610908857889,11063.102832623572,0.01106585444977111
2017-07-07,1000892.4868898229,1,1007010.6270013859,1.0061126846206774,11063.102832623572,0.011053237962651813
2017-07-10,1000992.5873497634,1,1007010.6270013859,1.0060120721448658,11063.102832623572,0.011052132625591503
2017-07-11,1000632.2256939776,1,1007010.6270013859,1.006374371266111,11063.102832623572,0.01105611287398912
2017-07-12,1003294.8979283948,1,1007010.6270013859,1.0037035263317529,11063.102832623572,0.011026770748527365
2017-07-13,1003855.4605040615,1,1007010.6270013859,1.003143048597594,11063.102832623572,0.011020613293340562
2017-07-14,1006478.0925545025,1,1007010.6270013859,1.000529106843778,11063.102832623572,0.010991896310971604
2017-07-17,1006738.3537503479,1,1007010.6270013859,1.0002704508574882,11063.102832623572,0.010989054694708704
2017-07-18,1006738.3537503479,1,1007010.6270013859,1.0002704508574882,11063.102832623572,0.010989054694708704
2017-07-19,1010662.2917800152,1,1007010.6270013859,0.9963868595787838,11063.102832623572,0.010946389236644847
2017-07-20,1010912.5429298665,1,1007010.6270013859,0.9961402042582518,11063.102832623572,0.010943679460698007
2017-07-21,1009801.427824527,1,1007010.6270013859,0.9972362875054024,11063.102832623572,0.010955721122773066
2017-07-24,1009070.6944669614,1,1007010.6270013859,0.9979584508034258,11063.102832623572,0.010963654869065068
2017-07-25,1011292.9246776404,1,1007010.6270013859,0.9957655219652412,11063.102832623572,0.010939563169741392
2017-07-26,1011112.7438497475,1,1007010.6270013859,0.9959429679100443,11063.102832623572,0.010941512605707561
2017-07-27,1010412.040630164,1,1007010.6270013859,0.996633637078734,11063.102832623572,0.010949100354864976
2017-07-28,1009381.0058927769,1,1007010.6270013859,0.9976516509845611,11063.102832623572,0.010960284340637541
2017-07-31,1008047.9480476573,0,0.0,0.0,0.0,0.0
2017-08-01,1007779.1352615112,1,1008047.9480476574,1.000266737796746,11495.699736951323,0.011406963425540928
2017-08-02,1008194.2138283544,1,1008047.9480476574,0.9998549230111711,11495.699736951323,0.011402267122025432
2017-08-03,1008095.3855981537,1,1008047.9480476574,0.9999529433908994,11495.699736951323,0.01140338493874798
2017-08-04,1008055.8543060734,1,1008047.9480476574,0.9999921569242595,11495.699736951323,0.011403832126806847
2017-08-07,1008569.7611031173,1,1008047.9480476574,0.9994826207610179,11495.699736951323,0.011398021416364862
2017-08-08,1008194.2138283544,1,1008047.9480476574,0.9998549230111711,11495.699736951323,0.011402267122025432
2017-08-09,1008609.2923951976,1,1008047.9480476574,0.999443447178434,11495.699736951323,0.011397574683901514
2017-08-10,1004834.0540015289,1,1008047.9480476574,1.0031984326499783,11495.699736951323,0.011440396243710339
2017-08-11,1004478.2723728062,1,1008047.9480476574,1.0035537609653007,11495.699736951323,0.011444448379949389
2017-08-14,1006257.1805164197,1,1008047.9480476574,1.001779632052234,11495.699736951323,0.011424216352972142
2017-08-15,1005881.6332416568,1,1008047.9480476574,1.0021536478392783,11495.699736951323,0.011428481599673022
2017-08-16,1005940.9301797773,1,1008047.9480476574,1.0020945741491039,11495.699736951323,0.011427807927943505
2017-08-17,1001691.316281145,1,1008047.9480476574,1.0063458988444782,11495.699736951323,0.011476289701332323
2017-08-18,1000742.5652712178,1,1008047.9480476574,1.0072999620781191,11495.699736951323,0.011487169763620275
2017-08-21,1000505.377518736,1,1008047.9480476574,1.0075387606087907,11495.699736951323,0.011489893003334755
2017-08-22,1002758.6611673131,1,1008047.9480476574,1.0052747356718785,11495.699736951323,0.011464074240524792
2017-08-23,1001928.5040336268,1,1008047.9480476574,1.006107665356754,11495.699736951323,0.011473572905323297
2017-08-24,1001256.4720682617,1,1008047.9480476574,1.0067829533879233,11495.699736951323,0.011481273837066984
2017-08-25,1000979.7530236996,1,1008047.9480476574,1.0070612767167433,11495.699736951323,0.011484447814479565
2017-08-28,1000189.1271820936,1,1008047.9480476574,1.0078573348299686,11495.699736951323,0.011493525998766857
2017-08-29,1000485.6118726959,1,1008047.9480476574,1.0075586655972057,11495.699736951323,0.011490119998261467
2017-08-30,1001987.8009717473,1,1008047.9480476574,1.0060481246079371,11495.699736951323,0.011472893907293651
2017-08-31,1003984.1312218024,1,1008047.9480476574,1.0040476902965683,11495.699736951323,0.011450081111303608
2017-09-01,1004359.6784965653,1,1008047.9480476574,1.0036722596795333,11495.699736951323,0.011445799729992481
2017-09-05,1001513.4254667837,1,1008047.9480476574,1.00652464801241,11495.699736951323,0.011478328142823874
2017-09-06,1002126.1604940284,1,1008047.9480476574,1.005909223595869,11495.699736951323,0.011471309891046224
2017-09-07,1001632.0193430246,1,1008047.9480476574,1.0064054748457831,11495.699736951323,0.011476969101378577
2017-09-08,1001552.956758864,1,1008047.9480476574,1.0064849204876913,11495.699736951323,0.011477875093247866
2017-09-11,1005822.3363035364,1,1008047.9480476574,1.0022127284946765,11495.699736951323,0.011429155350833407
2017-09-12,1007957.0260758726,1,1008047.9480476574,1.000090204214498,11495.699736951323,0.011404950250414743
2017-09-13,1007976.7917219128,1,1008047.9480476574,1.000070593218345,11495.699736951323,0.011404726608152732
2017-09-14,1007838.4321996317,1,1008047.9480476574,1.0002078863450052,11495.699736951323,0.011406292288201076
2017-09-15,1008708.1206253984,1,1008047.9480476574,0.9993455266550926,11495.699736951323,0.011396458005933368
2017-09-18,1009716.168573446,1,1008047.9480476574,0.9983478322149228,11495.699736951323,0.011385080376788216
2017-09-19,1010684.6852294133,1,1008047.9480476574,0.9973911376908244,11495.699736951323,0.011374170307470264
2017-09-20,1011000.9355660557,1,1008047.9480476574,0.9970791446233974,11495.699736951323,0.01137061236299937
2017-09-21,1008866.2457937195,1,1008047.9480476574,0.9991888937215673,11495.699736951323,0.011394671776244382
2017-09-22,1008134.916890234,1,1008047.9480476574,0.999913732932845,11495.699736951323,0.011402937785759659
2017-09-25,1006968.743773865,1,1008047.9480476574,1.0010717356228434,11495.699736951323,0.01141614355761266
2017-09-26,1006138.5866401788,1,1008047.9480476574,1.0018977121371069,11495.699736951323,0.011425562928998849
2017-09-27,1009301.0900066028,1,1008047.9480476574,0.9987584062165857,11495.699736951323,0.011389762530501299
2017-09-28,1010388.200538811,1,1008047.9480476574,0.9976838085699085,11495.699736951323,0.011377507903220759
2017-09-29,1014207.4767918572,0,0.0,0.0,0.0,0.0
2017-10-02,1014001.1313167325,1,1014207.4767918572,1.0002034962967514,10640.418556898832,0.010493497717385879
2017-10-03,1015305.3904519543,1,1014207.4767918572,0.9989186370224938,10640.418556898832,0.010480017792639063
2017-10-04,1015772.5877541233,1,1014207.4767918572,0.9984591915738477,10640.418556898832,0.010475197583767085
2017-10-05,1018050.1746021971,1,1014207.4767918572,0.9962254337691739,10640.418556898832,0.010451762420311527
2017-10-06,1017174.1796606303,1,1014207.4767918572,0.997083387557318,10640.418556898832,0.01046076352473762
2017-10-09,1016998.980672317,1,1014207.4767918572,0.9972551556751665,10640.418556898832,0.010462565606373245
2017-10-10,1017699.7766255704,1,1014207.4767918572,0.9965684380463433,10640.418556898832,0.010455361002612885
2017-10-11,1018536.8384586232,1,1014207.4767918572,0.9957494304542606,10640.418556898832,0.010446768496857944
2017-10-12,1017719.2431798275,1,1014207.4767918572,0.9965493760568014,10640.418556898832,0.010455161016365597
2017-10-13,1018264.3066990246,1,1014207.4767918572,0.9960159362549801,10640.418556898832,0.010449564505891979
2017-10-16,1018945.6360980211,1,1014207.4767918572,0.9953499390563089,10640.418556898832,0.010442577287680969
2017-10-17,1019099.4218766517,0,0.0,0.0,0.0,0.0
2017-10-18,1018894.8299472597,1,1019099.4218766517,1.0002007978874548,11167.631164731642,0.01096053374351669
2017-10-19,1018991.3355743315,1,1019099.4218766517,1.000106071856106,11167.631164731642,0.010959495704089828
2017-10-20,1021442.5785019514,1,1019099.4218766517,0.9977060319643849,11167.631164731642,0.01093319526694305
2017-10-23,1019647.5738384187,1,1019099.4218766517,0.9994624103701797,11167.631164731642,0.01095244224697322
2017-10-24,1020631.9312345495,1,1019099.4218766517,0.9984984701036699,11167.631164731642,0.010941879068219383
2017-10-25,1019531.7670859327,1,1019099.4218766517,0.9995759374810687,11167.631164731642,0.010953686314896712
2017-10-26,1019917.7895942193,1,1019099.4218766517,0.9991976140372125,11167.631164731642,0.010949540520491121
2017-10-27,1022542.7426505683,1,1019099.4218766517,0.9966325898856893,11167.631164731642,0.010921432130830678
2017-10-30,1020516.1244820636,1,1019099.4218766517,0.9986117783233157,11167.631164731642,0.010943120737459667
2017-10-31,1021075.8571190791,1,1019099.4218766517,0.9980643600290346,11167.631164731642,0.010937121945318172
2017-11-01,1021326.7717494654,1,1019099.4218766517,0.9978191603956504,11167.631164731642,0.010934434966002337
2017-11-02,1021654.890881509,1,1019099.4218766517,0.9974986964505671,11167.631164731642,0.010930923215270798
2017-11-03,1022600.6460268112,1,1019099.4218766517,0.9965761569154459,11167.631164731642,0.01092081371953176
2017-11-06,1023700.810175428,1,1019099.4218766517,0.9955051434432411,11167.631164731642,0.010909077196898851
2017-11-07,1023488.4977958704,1,1019099.4218766517,0.9957116509578068,11167.631164731642,0.010911340175079299
2017-11-08,1024191.0587609521,0,0.0,0.0,0.0,0.0
2017-11-09,1023939.3345044836,1,1024191.058760952,1.0002458390336086,12530.48760634178,0.012237529298945895
2017-11-10,1023420.5135178693,1,1024191.058760952,1.000752911665249,12530.48760634178,0.012243733089998292
2017-11-13,1023574.2382546439,1,1024191.058760952,1.0006026143324591,12530.48760634178,0.01224189427403746
2017-11-14,1022920.9081233517,1,1024191.058760952,1.0012416899757484,12530.48760634178,0.01224971305878397
2017-11-15,1021114.6424662499,1,1024191.058760952,1.0030128020564584,12530.48760634178,0.012271381767748904
2017-11-16,1023804.8253598058,1,1024191.058760952,1.0003772529603094,12530.48760634178,0.012239137085467503
2017-11-17,1021979.3441106072,1,1024191.058760952,1.002164148094666,12530.48760634178,0.012260998892542807
2017-11-20,1022171.5000315754,1,1024191.058760952,1.0019757533146973,12530.48760634178,0.01225869397254248
2017-11-21,1024323.6463464202,1,1024191.058760952,0.9998705608467195,12530.48760634178,0.012232937949871405
2017-11-22,1023727.9629914185,1,1024191.058760952,1.0004523621374766,12530.48760634178,0.012240056010316108
2017-11-24,1024842.4673330346,1,1024191.058760952,0.9993643817534437,12530.48760634178,0.01222674509083341
2017-11-27,1024823.2517409377,1,1024191.058760952,0.9993831199878498,12530.48760634178,0.012226974344166548
2017-11-28,1029481.1112652089,0,0.0,0.0,0.0,0.0
2017-11-29,1029279.4014726136,1,1029481.1112652089,1.0001959718540046,12760.998765516615,0.012397992952408416
2017-11-30,1033009.1297130568,1,1029481.1112652089,0.9965847170694145,12760.998765516615,0.012353229413433442
2017-12-01,1033123.3050673561,1,1029481.1112652089,0.996474579767698,12760.998765516615,0.012351864199486471
2017-12-04,1032000.5807500798,1,1029481.1112652089,0.9975586549737795,12760.998765516615,0.01236530192283579
2017-12-05,1030364.0673384567,1,1029481.1112652089,0.9991430639894804,12760.998765516615,0.012384941565828934
2017-12-06,1030173.7750812912,1,1029481.1112652089,0.9993276242971457,12760.998765516615,0.012387229294892157
2017-12-07,1031543.8793328827,1,1029481.1112652089,0.9980003099150685,12760.998765516615,0.012370776484825225
2017-12-08,1033351.6557759546,1,1029481.1112652089,0.9962543781788986,12760.998765516615,0.012349134676650077
2017-12-11,1034853.0616849902,0,0.0,0.0,0.0,0.0
2017-12-12,1034437.238909295,1,1034853.0616849903,1.0004019797045722,11836.83747465504,0.011442779735129931
2017-12-13,1034211.4527867455,1,1034853.0616849903,1.000620384638476,11836.83747465504,0.01144527789047391
2017-12-14,1031727.8054387015,1,1034853.0616849903,1.0030291480270417,11836.83747465504,0.011472829764069305
2017-12-15,1035942.4797262914,1,1034853.0616849903,0.9989483797965415,11836.83747465504,0.011426153195090983
2017-12-18,1038106.2634007236,1,1034853.0616849903,0.9968662151164793,11836.83747465504,0.011402337016905037
2017-12-19,1036412.8674816027,1,1034853.0616849903,0.9984949957246261,11836.83747465504,0.011420967305642946
2017-12-20,1035923.6642160789,1,1034853.0616849903,0.9989665237236387,11836.83747465504,0.011426360728628016
2017-12-21,1037090.225849251,1,1034853.0616849903,0.997842845194661,11836.83747465504,0.011413507889308384
2017-12-22,1036864.4397267016,1,1034853.0616849903,0.9980601340304028,11836.83747465504,0.011415993278518659
2017-12-26,1037071.4103390386,1,1034853.0616849903,0.9978609489839055,11836.83747465504,0.01141371496374136
2017-12-27,1036864.4397267016,1,1034853.0616849903,0.9980601340304028,11836.83747465504,0.011415993278518659
2017-12-28,1036845.6242164891,1,1034853.0616849903,0.998078245705088,11836.83747465504,0.011416200443146738
2017-12-29,1034738.2870726943,1,1034853.0616849903,1.0001109213931,11836.83747465504,0.011439450557243618
2018-01-02,1037748.7687066869,1,1034853.0616849903,0.9972096261551768,11836.83747465504,0.011406265014804028
2018-01-03,1040710.3300141273,0,0.0,0.0,0.0,0.0
2018-01-04,1040476.5875870653,1,1040710.3300141273,1.0002246493864932,10993.314466423739,0.010565652891736823
2018-01-05,1043351.9904596533,1,1040710.3300141273,0.9974681023569407,10993.314466423739,0.010536534714023582
2018-01-08,1044019.8259655448,1,1040710.3300141273,0.9968300449195429,10993.314466423739,0.010529794734747255
2018-01-09,1044817.5183753595,1,1040710.3300141273,0.9960689897623284,10993.314466423739,0.010521755496134683
2018-01-10,1044576.3555537876,1,1040710.3300141273,0.9962989536197087,10993.314466423739,0.010524184668717278
2018-01-11,1047208.7405061763,0,0.0,0.0,0.0,0.0
2018-01-12,1046933.7343847564,1,1047208.7405061763,1.0002626776770942,11912.682385479822,0.011378640303801518
2018-01-16,1046824.4604292253,1,1047208.7405061763,1.0003670912282594,11912.682385479822,0.011379828076041815
2018-01-17,1049301.3367545963,1,1047208.7405061763,0.9980057242137017,11912.682385479822,0.011352965986229256
2018-01-18,1048518.206739957,1,1047208.7405061763,0.9987511268518149,11912.682385479822,0.011361445427369948
2018-01-19,1050303.014680298,1,1047208.7405061763,0.9970539224101307,11912.682385479822,0.011342138619973328
2018-01-22,1053588.518276599,0,0.0,0.0,0.0,0.0
2018-01-23,1053588.518276599,0,0.0,0.0,0.0,0.0
2018-01-24,1053424.6267293117,1,1053588.518276599,1.0001555797568509,13257.20527014367,0.012584863628359285
2018-01-25,1053334.5764286043,1,1053588.518276599,1.0002410837483904,13257.20527014367,0.012585939517045988
2018-01-26,1057062.6588778906,1,1053588.518276599,0.9967134014506014,13257.20527014367,0.012541551022355346
2018-01-29,1055315.683044167,1,1053588.518276599,0.9983633667201971,13257.20527014367,0.01256231238021773
2018-01-30,1052434.0734215302,1,1053588.518276599,1.0010969284292703,13257.20527014367,0.01259670853020147
2018-01-31,1052289.9929403984,1,1053588.518276599,1.0012339995105077,13257.20527014367,0.012598433282729657
2018-02-01,1051767.7011962954,1,1053588.518276599,1.001731196991724,13257.20527014367,0.012604689471890739
2018-02-02,1046022.4920111633,1,1053588.518276599,1.007233139175515,13257.20527014367,0.012673919893112765
2018-02-05,1045878.4115300314,1,1053588.518276599,1.007371895873908,13257.20527014367,0.012675665855603141
2018-02-06,1043987.3552151759,1,1053588.518276599,1.0091966277306532,13257.20527014367,0.01269862628500058
2018-02-07,1042258.3894415938,1,1053588.518276599,1.0108707485109096,13257.20527014367,0.012719691589382576
2018-02-08,1041574.0071562176,1,1053588.518276599,1.0115349567460734,13257.20527014367,0.012728049259158715
2018-02-09,1041682.0675170665,1,1053588.518276599,1.011430023738349,13257.20527014367,0.012726728896988015
2018-02-12,1041700.0775772079,1,1053588.518276599,1.0114125370202922,13257.20527014367,0.012726508863258755
2018-02-13,1042096.2989003205,1,1053588.518276599,1.0110279821436903,13257.20527014367,0.012721670045401206
2018-02-14,1042168.3391408864,1,1053588.518276599,1.0109580944908831,13257.20527014367,0.012720790655636569
2018-02-15,1043789.2445536196,1,1053588.518276599,1.0093881727313352,13257.20527014367,0.012701036477735659
2018-02-16,1043429.04335079,1,1053588.518276599,1.0097366227157945,13257.20527014367,0.012705420991129854
2018-02-20,1042348.4397423012,1,1053588.518276599,1.0107834176228792,13257.20527014367,0.012718592713029086
2018-02-21,1041718.0876373494,1,1053588.518276599,1.011395050906884,13257.20527014367,0.012726288837137736
2018-02-22,1041844.1580583397,1,1053588.518276599,1.0112726650405632,13257.20527014367,0.012724748867288183
2018-02-23,1042510.5302835746,1,1053588.518276599,1.0106262600436382,13257.20527014367,0.012716615213984995
2018-02-26,1044833.8280418256,1,1053588.518276599,1.0083790264057406,13257.20527014367,0.012688338484397705
2018-02-27,1042690.6308849894,1,1053588.518276599,1.0104516978179423,13257.20527014367,0.012714418713910897
2018-02-28,1041555.9970960761,1,1053588.518276599,1.0115524476975508,13257.20527014367,0.012728269346156706
2018-03-01,1041159.7757729635,1,1053588.518276599,1.01193740172531,13257.20527014367,0.01273311318649574
2018-03-02,1040979.6751715487,1,1053588.518276599,1.0121124777032484,13257.20527014367,0.012735316151066007
2018-03-05,1041574.0071562176,1,1053588.518276599,1.0115349567460734,13257.20527014367,0.012728049259158715
2018-03-06,1041447.9367352272,1,1053588.518276599,1.0116574061104107,13257.20527014367,0.012729590027997836
2018-03-07,1041610.0272765006,1,1053588.518276599,1.0114999766576926,13257.20527014367,0.012727609107995346
2018-03-08,1040889.6248708413,1,1053588.518276599,1.0122000384116938,13257.20527014367,0.01273641791922817
2018-03-09,1043068.8421479604,1,1053588.518276599,1.0100853133595435,13257.20527014367,0.012709808532717269
2018-03-12,1043266.9528095167,1,1053588.518276599,1.009893503708985,13257.20527014367,0.012707395009917674
2018-03-13,1041844.1580583397,1,1053588.518276599,1.0112726650405632,13257.20527014367,0.012724748867288183
2018-03-14,1041231.8160135294,1,1053588.518276599,1.0118673882924347,13257.20527014367,0.012732232214052331
2018-03-15,1040925.6449911243,1,1053588.518276599,1.0121650123103487,13257.20527014367,0.012735977189087998
2018-03-16,1040709.5242694265,1,1053588.518276599,1.0123752052871944,13257.20527014367,0.012738622027553912
2018-03-19,1040133.2023448992,1,1053588.518276599,1.0129361469294182,13257.20527014367,0.012745680303499912
2018-03-20,1040115.1922847576,1,1053588.518276599,1.0129536863722233,13257.20527014367,0.012745901000659721
2018-03-21,1040655.494089002,1,1053588.518276599,1.012427767172765,13257.20527014367,0.012739283408818334
2018-03-22,1040475.3934875873,1,1053588.518276599,1.0126030128834258,13257.20527014367,0.012741488509119487
2018-03-23,1039538.8703602303,1,1053588.518276599,1.0135152694304737,13257.20527014367,0.012752967347483277
2018-03-26,1040421.3633071629,1,1053588.518276599,1.0126555984275274,13257.20527014367,0.012742150188076977
2018-03-27,1039502.8502399473,1,1053588.518276599,1.0135503890474185,13257.20527014367,0.012753409254321451
2018-03-28,1040223.2526456065,1,1053588.518276599,1.012848458825546,13257.20527014367,0.012744576932333067
2018-03-29,1040331.3130064554,0,0.0,0.0,0.0,0.0
2018-04-02,1039887.7000314753,1,1040331.3130064553,1.0004265970017403,15714.89149420695,0.015112104406784782
2018-04-03,1042262.7960479618,1,1040331.3130064553,0.9981468368161751,15714.89149420695,0.01507766712367981
2018-04-04,1044174.6501967699,0,0.0,0.0,0.0,0.0
2018-04-05,1043620.1705923771,1,1044174.6501967696,1.0005313040318853,16007.50225602749,0.015338437016736992
2018-04-06,1038875.6543898407,1,1044174.6501967696,1.0051007026534289,16007.50225602749,0.01540848723173624
2018-04-09,1040095.1284338661,1,1044174.6501967696,1.003922258312128,16007.50225602749,0.015390421335912756
2018-04-10,1042553.1308038548,1,1044174.6501967696,1.0015553350184316,16007.50225602749,0.015354135710747898
2018-04-11,1041181.2225043261,1,1044174.6501967696,1.0028750304248126,16007.50225602749,0.015374367026640244
2018-04-12,1043048.5421342402,1,1044174.6501967696,1.0010796315003954,16007.50225602749,0.01534684303692486
2018-04-13,1042076.7737554073,1,1044174.6501967696,1.0020131687935065,16007.50225602749,0.015361154436193888
2018-04-16,1044191.7990505139,1,1044174.6501967696,0.9999835769120579,16007.50225602749,0.01533004020006971
2018-04-17,1046821.2899579437,1,1044174.6501967696,0.9974717367839544,16007.50225602749,0.015291532957521904
2018-04-18,1047335.755570267,1,1044174.6501967696,0.9969817650579721,16007.50225602749,0.015284021547905159
2018-04-19,1045487.490222291,1,1044174.6501967696,0.9987442795463366,16007.50225602749,0.015311041409614555
2018-04-20,1043372.4649271844,1,1044174.6501967696,1.0007688388342137,16007.50225602749,0.015342078494609912
2018-04-23,1042857.9993148611,1,1044174.6501967696,1.0012625409046807,16007.50225602749,0.01534964709149676
2018-04-24,1038780.3829801511,1,1044174.6501967696,1.0051928851420384,16007.50225602749,0.015409900416201217
2018-04-25,1039904.5856144871,1,1044174.6501967696,1.004106208051539,16007.50225602749,0.01539324133912588
2018-04-26,1042934.2164426127,1,1044174.6501967696,1.0011893691228082,16007.50225602749,0.015348525346716631
2018-04-27,1042172.0451650969,1,1044174.6501967696,1.0019215685557517,16007.50225602749,0.015359750177804514
2018-04-30,1038913.7629537164,1,1044174.6501967696,1.0050638343918903,16007.50225602749,0.015407922030522396
2018-05-01,1039294.8485924744,1,1044174.6501967696,1.0046953004827301,16007.50225602749,0.01540227229809383
2018-05-02,1036074.6749449697,1,1044174.6501967696,1.0078179454123133,16007.50225602749,0.015450143356585486
2018-05-03,1036341.4348921003,1,1044174.6501967696,1.0075585275672057,16007.50225602749,0.01544616640527755
2018-05-04,1040209.4541254934,1,1044174.6501967696,1.0038119208160916,16007.50225602749,0.01538872982988319
2018-05-07,1040895.4082752577,1,1044174.6501967696,1.0031504048297664,16007.50225602749,0.01537858859666947
2018-05-08,1040876.3539933198,1,1044174.6501967696,1.0031687685005004,16007.50225602749,0.01537887011710348
2018-05-09,1044515.7218434582,1,1044174.6501967696,0.999673464324609,16007.50225602749,0.015325286083560298
2018-05-10,1048038.8585737754,0,0.0,0.0,0.0,0.0
2018-05-11,1047757.2680619522,1,1048038.8585737752,1.0002687554841245,13615.180972325863,0.012994594633077571
2018-05-14,1047589.4326575543,1,1048038.8585737752,1.0004290095930815,13615.180972325863,0.012996676510745712
2018-05-15,1045612.7045613119,1,1048038.8585737752,1.0023203180315996,13615.180972325863,0.013021246693858917
2018-05-16,1046974.0361747618,1,1048038.8585737752,1.0010170475696836,13615.180972325863,0.013004315772786943
2018-05-17,1046209.452665838,1,1048038.8585737752,1.0017486038797256,13615.180972325863,0.013013819496309396
2018-05-18,1045650.0013178447,1,1048038.8585737752,1.0022845667794384,13615.180972325863,0.013020782245652458
2018-05-21,1047775.9164402187,1,1048038.8585737752,1.0002509526411427,13615.180972325863,0.012994363354507092
2018-05-22,1046731.6072572982,1,1048038.8585737752,1.0012488887384439,13615.180972325863,0.013007327645336977
2018-05-23,1047235.113470492,1,1048038.8585737752,1.000767492507599,13615.180972325863,0.01300107377722061
2018-05-24,1046694.3105007652,1,1048038.8585737752,1.0012845661426846,13615.180972325863,0.01300779113417748
2018-05-25,1045314.3305090489,1,1048038.8585737752,1.002606419892282,13615.180972325863,0.013024963472657568
2018-05-29,1042796.7994430799,1,1048038.8585737752,1.0050269229187268,13615.180972325863,0.013056408477276914
2018-05-30,1046451.8815833016,1,1048038.8585737752,1.001516531259968,13615.180972325863,0.013010804616955569
2018-05-31,1043654.624843336,1,1048038.8585737752,1.0042008473168003,13615.180972325863,0.013045676843878933
2018-06-01,1047272.4102270248,1,1048038.8585737752,1.0007318519415442,13615.180972325863,0.013000610766948785
2018-06-04,1048726.983731807,1,1048038.8585737752,0.9993438471893007,13615.180972325863,0.012982579053966346
2018-06-05,1049510.2156189973,1,1048038.8585737752,0.9985980536222276,13615.180972325863,0.01297289037276848
2018-06-06,1052398.8494124685,0,0.0,0.0,0.0,0.0
2018-06-07,1052120.0560330627,1,1052398.8494124683,1.000264982477814,13701.494493841981,0.013022748131522563
2018-06-08,1053043.2129185123,1,1052398.8494124683,0.9993880939565071,13701.494493841981,0.01301133165833551
2018-06-11,1053430.9388104011,1,1052398.8494124683,0.9990202590792536,13701.494493841981,0.013006542706363408
2018-06-12,1053375.549397274,1,1052398.8494124683,0.999072790340193,13701.494493841981,0.013007226626516797
2018-06-13,1052083.1297576446,1,1052398.8494124683,1.000300090027008,13701.494493841981,0.01302320520717619
2018-06-14,1053227.844295602,1,1052398.8494124683,0.9992129007150506,13701.494493841981,0.013009050765274375
2018-06-15,1052489.3187872425,1,1052398.8494124683,0.9999140424770501,13701.494493841981,0.0130181791389863
2018-06-18,1051898.4983805548,1,1052398.8494124683,1.0004756647458701,13701.494493841981,0.013025491066805447
2018-06-19,1050347.5948129995,1,1052398.8494124683,1.0019529293060685,13701.494493841981,0.013044724014702344
2018-06-20,1050919.9520819783,1,1052398.8494124683,1.0014072407014065,13701.494493841981,0.013037619532009017
2018-06-21,1048593.5967306455,1,1052398.8494124683,1.0036289108513412,13701.494493841981,0.013066544118294394
2018-06-22,1049239.8065504602,1,1052398.8494124683,1.0030107920441886,13701.494493841981,0.013058496645192852
2018-06-25,1045824.1260742969,1,1052398.8494124683,1.0062866433984947,13701.494493841981,0.013101145930982862
2018-06-26,1045104.0637036462,1,1052398.8494124683,1.006979961098774,13701.494493841981,0.013110172440901761
2018-06-27,1043497.7707229641,1,1052398.8494124683,1.0085300409250872,13701.494493841981,0.013130353392465044
2018-06-28,1044439.3907461226,1,1052398.8494124683,1.0076207951719052,13701.494493841981,0.013118515650825809
2018-06-29,1044402.4644707046,1,1052398.8494124683,1.0076564209811743,13701.494493841981,0.013118979473861925
2018-07-02,1044051.6648542337,1,1052398.8494124683,1.0079949918564615,13701.494493841981,0.013123387429064565
2018-07-03,1042870.0240408584,1,1052398.8494124683,1.0091371169483692,13701.494493841981,0.013138257096269913
2018-07-05,1044753.2640871754,1,1052398.8494124683,1.0073180774715962,13701.494493841981,0.013114574478801258
2018-07-06,1047467.345330397,1,1052398.8494124683,1.0047080265595447,13701.494493841981,0.013080593447541023
2018-07-09,1051455.383075539,1,1052398.8494124683,1.0008972956457454,13701.494493841981,0.01303098040524049
2018-07-10,1053264.7705710202,1,1052398.8494124683,0.9991778694372523,13701.494493841981,0.013008594682620792
2018-07-11,1049110.5645864971,1,1052398.8494124683,1.003134354887816,13701.494493841981,0.013060105346706114
2018-07-12,1053394.012534983,1,1052398.8494124683,0.9990552793060595,13701.494493841981,0.013006998645140825
2018-07-13,1054095.6117679246,1,1052398.8494124683,0.9983903145630114,13701.494493841981,0.012998341270828263
2018-07-16,1052821.6552660044,1,1052398.8494124683,0.9995984069558017,13701.494493841981,0.013014069785998257
2018-07-17,1055351.105132136,1,1052398.8494124683,0.9972025843292237,13701.494493841981,0.012982877856679247
2018-07-18,1056274.2620175856,1,1052398.8494124683,0.9963310545902019,13701.494493841981,0.012971531151077001
2018-07-19,1054298.7062827235,1,1052398.8494124683,0.9981979899444686,13701.494493841981,0.01299583733925948
2018-07-20,1053264.7705710202,1,1052398.8494124683,0.9991778694372523,13701.494493841981,0.013008594682620792
2018-07-23,1055480.347096099,1,1052398.8494124683,0.9970804783887177,13701.494493841981,0.012981288123022239
2018-07-24,1057435.593379481,0,0.0,0.0,0.0,0.0
2018-07-25,1056801.1320234535,1,1057435.593379481,1.0006003602161295,13233.309366036201,0.012522043140414156
2018-07-26,1056855.3594897806,1,1057435.593379481,1.00054901920541,13233.309366036201,0.012521400631799665
2018-07-27,1053529.4082217151,1,1057435.593379481,1.0037077134508843,13233.309366036201,0.012560930205425506
2018-07-30,1051757.9776550282,1,1057435.593379481,1.0053982150314766,13233.309366036201,0.012582086038026389
2018-07-31,1052788.299515244,1,1057435.593379481,1.004414271954178,13233.309366036201,0.012569772452951341
2018-08-01,1052047.190808773,1,1057435.593379481,1.0051218259197723,13233.309366036201,0.012578627158219915
2018-08-02,1054143.986173423,1,1057435.593379481,1.003122540420694,13233.309366036201,0.012553607040034014
2018-08-03,1055463.5211873837,1,1057435.593379481,1.0018684418291206,13233.309366036201,0.012537912585693997
2018-08-06,1056746.9045571263,1,1057435.593379481,1.0006517064960254,13233.309366036201,0.012522685714969914
2018-08-07,1058102.591215305,1,1057435.593379481,0.9993696283882474,13233.309366036201,0.012506641110137362
2018-08-08,1057234.9517540706,1,1057435.593379481,1.0001897795992059,13233.309366036201,0.01251690491700134
2018-08-09,1057090.3451771983,1,1057435.593379481,1.0003266023607706,13233.309366036201,0.01251861718954393
2018-08-10,1055210.4596778569,1,1057435.593379481,1.002108710808556,13233.309366036201,0.012540919439024677
2018-08-13,1053601.7115101514,1,1057435.593379481,1.0036388341319553,13233.309366036201,0.012560068213128276
2018-08-14,1055391.2178989474,1,1057435.593379481,1.0019370783514794,13233.309366036201,0.012538771539506288
2018-08-15,1052969.0577363346,1,1057435.593379481,1.0042418489036595,13233.309366036201,0.012567614659527675
2018-08-16,1055951.568384328,1,1057435.593379481,1.001405391155793,13233.309366036201,0.012532117724190698
2018-08-17,1056728.8287350172,1,1057435.593379481,1.0006688230937257,13233.309366036201,0.01252289992114387
2018-08-20,1057560.3165520336,1,1057435.593379481,0.9998820651923105,13233.309366036201,0.012513054015851115
2018-08-21,1058084.5153931961,1,1057435.593379481,0.9993867011526258,13233.309366036201,0.012506854767757898
2018-08-22,1057921.8329942145,1,1057435.593379481,0.9995403822857524,13233.309366036201,0.01250877801489571
2018-08-23,1057253.0275761797,1,1057435.593379481,1.0001726793856716,13233.309366036201,0.01251669091586752
2018-08-24,1060578.978844245,1,1057435.593379481,0.9970361608824366,13233.309366036201,0.012477438861231309
2018-08-27,1064355.0180828257,0,0.0,0.0,0.0,0.0
2018-08-28,1064086.2595414703,1,1064355.0180828257,1.0002525721377806,13172.728242192296,0.012379380077578116
2018-08-29,1066257.6861669905,1,1064355.0180828257,0.9982155644842247,13172.728242192296,0.012354169553089876
2018-08-30,1064940.5913285604,1,1064355.0180828257,0.9994501352934588,13172.728242192296,0.01236944891522891
2018-08-31,1064602.4183295039,1,1064355.0180828257,0.9997676125449101,13172.728242192296,0.012373378094389431
2018-09-04,1064050.662383675,1,1064355.0180828257,1.000286034969866,13172.728242192296,0.012379794222093607
2018-09-05,1062964.9490709149,1,1064355.0180828257,1.0013077279858813,13172.728242192296,0.012392438954554358
2018-09-06,1061861.4371792572,1,1064355.0180828257,1.0023483110095726,13172.728242192296,0.012405317474551581
2018-09-07,1061202.889760042,1,1064355.0180828257,1.0029703352235466,13172.728242192296,0.012413015804330213
2018-09-10,1061291.8826545305,1,1064355.0180828257,1.0028862327870007,13172.728242192296,0.012411974931198314
2018-09-11,1062110.617283825,1,1064355.0180828257,1.002113151645862,13172.728242192296,0.01240240708249335
2018-09-12,1061665.6528113824,1,1064355.0180828257,1.0025331565209081,13172.728242192296,0.012407605169584014
2018-09-13,1063694.6908057209,1,1064355.0180828257,1.0006207864745518,13172.728242192296,0.012383937191802941
2018-09-14,1063552.3021745393,1,1064355.0180828257,1.0007547498196798,13172.728242192296,0.012385595156213128
2018-09-17,1061630.055653587,1,1064355.0180828257,1.0025667721205962,13172.728242192296,0.012408021204790188
2018-09-18,1063926.072331391,1,1064355.0180828257,1.0004031725160138,13172.728242192296,0.012381243946138827
2018-09-19,1064086.2595414703,1,1064355.0180828257,1.0002525721377806,13172.728242192296,0.012379380077578116
2018-09-20,1068375.7170558176,1,1064355.0180828257,0.9962366245237472,13172.728242192296,0.012329677689130857
2018-09-21,1067539.1838476255,1,1064355.0180828257,0.9970172844116846,13172.728242192296,0.012339339334332572
2018-09-24,1066044.103220218,1,1064355.0180828257,0.9984155579189546,13172.728242192296,0.012356644722672547
2018-09-25,1065065.1813808442,1,1064355.0180828257,0.9993332208108636,13172.728242192296,0.01236800195187492
2018-09-26,1063285.3234910737,1,1064355.0180828257,1.0010060277971673,13172.728242192296,0.0123887050363325
2018-09-27,1064513.4254350155,1,1064355.0180828257,0.9998511927154653,13172.728242192296,0.01237441250382468
2018-09-28,1064050.662383675,1,1064355.0180828257,1.000286034969866,13172.728242192296,0.012379794222093607
2018-10-01,1065919.5131679343,1,1064355.0180828257,0.9985322577682635,13172.728242192296,0.012358089029670432
2018-10-02,1065599.1387477755,1,1064355.0180828257,0.998832468402319,13172.728242192296,0.012361804512785221
2018-10-03,1066097.4989569113,1,1064355.0180828257,0.9983655520477345,13172.728242192296,0.012356025837299804
2018-10-04,1062519.9845984722,1,1064355.0180828257,1.0017270578539255,13172.728242192296,0.012397628687586792
2018-10-05,1060348.5579729523,1,1064355.0180828257,1.0037784368920466,13172.728242192296,0.01242301707598334
2018-10-08,1059690.010553737,1,1064355.0180828257,1.0044022379022437,13172.728242192296,0.012430737395843655
2018-10-09,1058586.4986620792,1,1064355.0180828257,1.005449266005222,13172.728242192296,0.01244369568178035
2018-10-10,1052374.7946267799,1,1064355.0180828257,1.0113839893517163,13172.728242192296,0.012517145326408113
2018-10-11,1052712.9676258361,1,1064355.0180828257,1.0110590928534353,13172.728242192296,0.012513124324763
2018-10-12,1051609.4557341784,1,1064355.0180828257,1.0121200530093646,13172.728242192296,0.012526255037328272
2018-10-15,1051431.4699452014,1,1064355.0180828257,1.0122913841815082,13172.728242192296,0.01252837547546378
2018-10-16,1051805.2401020532,1,1064355.0180828257,1.0119316556927924,13172.728242192296,0.012523923384251432
2018-10-17,1051431.4699452014,1,1064355.0180828257,1.0122913841815082,13172.728242192296,0.01252837547546378
2018-10-18,1051324.678471815,1,1064355.0180828257,1.0123942107303627,13172.728242192296,0.01252964808296892
2018-10-19,1051004.3040516565,1,1064355.0180828257,1.0127028157541331,13172.728242192296,0.012533467457184514
2018-10-22,1051200.0884195312,1,1064355.0180828257,1.0125142014429174,13172.728242192296,0.012531133118526806
2018-10-23,1051253.4841562244,1,1064355.0180828257,1.0124627733691813,13172.728242192296,0.012530496631614232
2018-10-24,1050488.145263623,1,1064355.0180828257,1.0132004086687936,13172.728242192296,0.012539625793574817
2018-10-25,1051467.0671029969,1,1064355.0180828257,1.0122571133067797,13172.728242192296,0.012527951330407152
2018-10-26,1051182.2898406335,0,0.0,0.0,0.0,0.0
2018-10-29,1050736.7428517286,1,1051182.2898406335,1.000424032938732,16242.212959170589,0.015457928039223958
2018-10-30,1053244.1501485961,1,1051182.2898406335,0.9980423719346823,16242.212959170589,0.01542112809919625
2018-10-31,1054748.5945267167,1,1051182.2898406335,0.9966188106771704,16242.212959170589,0.015399132118738437
2018-11-01,1056164.315262025,0,0.0,0.0,0.0,0.0
2018-11-02,1055871.1450962226,1,1056164.3152620248,1.0002776571432639,14951.678455915788,0.014160514306462296
2018-11-05,1057017.515616347,1,1056164.3152620248,0.9991928228797374,14951.678455915788,0.01414515675948611
2018-11-06,1058445.7805266657,1,1056164.3152620248,0.9978445138082502,14951.678455915788,0.01412606930935666
2018-11-07,1062315.250856069,0,0.0,0.0,0.0,0.0
2018-11-08,1062074.899737136,1,1062315.2508560687,1.0002263033605183,15340.272560289444,0.014443682422102404
2018-11-09,1059432.87217024,1,1062315.2508560687,1.002720680810974,15340.272560289444,0.014479702266425825
2018-11-12,1055212.96702867,1,1062315.2508560687,1.0067306639032287,15340.272560289444,0.014537608084447137
2018-11-13,1055084.535133057,1,1062315.2508560687,1.006853209844555,15340.272560289444,0.014539377698636136
2018-11-14,1053121.3618715443,1,1062315.2508560687,1.0087301324589841,15340.272560289444,0.014566481239187504
2018-11-15,1055634.9575428271,1,1062315.2508560687,1.0063282229008321,15340.272560289444,0.01453179666955761
2018-11-16,1055469.8308198962,1,1062315.2508560687,1.0064856614905373,15340.272560289444,0.014534070148052471
2018-11-19,1052038.8644656632,1,1062315.2508560687,1.0097680672620635,15340.272560289444,0.014581469447976012
2018-11-20,1049873.8696539013,1,1062315.2508560687,1.011850357992307,15340.272560289444,0.01461153858924642
2018-11-21,1049433.5317260853,1,1062315.2508560687,1.0122749261773596,15340.272560289444,0.01461766952982539
2018-11-23,1049084.9308665644,1,1062315.2508560687,1.0126112954254103,15340.272560289444,0.01462252684119491
2018-11-26,1049782.1325856063,1,1062315.2508560687,1.0119387803253932,15340.272560289444,0.014612815444387929
2018-11-27,1049965.6067221963,1,1062315.2508560687,1.0117619511104041,15340.272560289444,0.014610261957226403
2018-11-28,1053946.9954861992,1,1062315.2508560687,1.0079399205137534,15340.272560289444,0.014555070251149377
2018-11-29,1054185.5118637662,1,1062315.2508560687,1.0077118675041639,15340.272560289444,0.01455177707116116
2018-11-30,1055304.704096965,1,1062315.2508560687,1.0066431493500283,15340.272560289444,0.014536344338023463
2018-12-03,1057671.520458976,1,1062315.2508560687,1.0043905223004184,15340.272560289444,0.014503815469695676
2018-12-04,1051231.5782646672,1,1062315.2508560687,1.010543511839416,15340.272560289444,0.014592667189100787
2018-12-06,1050314.2075817173,1,1062315.2508560687,1.0114261458025813,15340.272560289444,0.014605412789387531
2018-12-07,1048424.4239748403,1,1062315.2508560687,1.01324924006307,15340.272560289444,0.014631739026195726
2018-12-10,1048222.6024245913,1,1062315.2508560687,1.0134443279498844,15340.272560289444,0.01463455617614677
2018-12-11,1048259.2972519094,1,1062315.2508560687,1.0134088518375253,15340.272560289444,0.014634043886379185
2018-12-12,1048130.8653562963,1,1062315.2508560687,1.0135330290983757,15340.272560289444,0.014635837057498302
2018-12-13,1047892.3489787293,1,1062315.2508560687,1.0137637247675257,15340.272560289444,0.014639168398585978
2018-12-14,1047176.7998460283,1,1062315.2508560687,1.0144564423240339,15340.272560289444,0.014649171527238764
2018-12-17,1047140.1050187104,1,1062315.2508560687,1.0144919918209867,15340.272560289444,0.014649684876710308
2018-12-18,1047195.1472596874,1,1062315.2508560687,1.0144386685098261,15340.272560289444,0.014648914865994223
2018-12-19,1047085.0627777333,1,1062315.2508560687,1.0145453207382524,15340.272560289444,0.014650454968380876
2018-12-20,1047103.4101913924,1,1062315.2508560687,1.014527543809542,15340.272560289444,0.014650198262161622
2018-12-21,1047066.7153640743,1,1062315.2508560687,1.0145630982899616,15340.272560289444,0.01465071168359649
2018-12-24,1047030.0205367564,1,1062315.2508560687,1.0145986552625075,15340.272560289444,0.014651225141018694
2018-12-26,1047341.9265689594,1,1062315.2508560687,1.0142965004143023,15340.272560289444,0.014646861899765077
2018-12-27,1047030.0205367564,1,1062315.2508560687,1.0145986552625075,15340.272560289444,0.014651225141018694
2018-12-28,1047011.6731230973,1,1062315.2508560687,1.01461643468341,15340.272560289444,0.014651481883226231
2018-12-31,1047048.3679504154,1,1062315.2508560687,1.0145808764647024,15340.272560289444,0.014650968407808938
2019-01-02,1046919.9360548024,1,1062315.2508560687,1.0147053411355236,15340.272560289444,0.014652765729247168
2019-01-03,1046974.9782957793,1,1062315.2508560687,1.0146519953946365,15340.272560289444,0.014651995394636535
2019-01-04,1046974.9782957793,0,0.0,0.0,0.0,0.0
2019-01-07,1046974.9782957793,0,0.0,0.0,0.0,0.0
2019-01-08,1046974.9782957793,0,0.0,0.0,0.0,0.0
2019-01-09,1046974.9782957793,0,0.0,0.0,0.0,0.0
2019-01-10,1046747.5455289586,1,1046974.9782957791,1.0002172756628778,14814.499880155254,0.014152887144023789
2019-01-11,1046669.1204369514,1,1046974.9782957791,1.000292220199159,14814.499880155254,0.01415394759517761
2019-01-14,1045492.7440568438,1,1046974.9782957791,1.001417737471026,14814.499880155254,0.014169873453803506
2019-01-15,1047374.946265016,1,1046974.9782957791,0.9996181234135271,14814.499880155254,0.014144409251896273
2019-01-16,1048119.9846390841,1,1046974.9782957791,0.9989075617676546,14814.499880155254,0.014134354937671156
2019-01-17,1049864.9429362437,1,1046974.9782957791,0.9972472986550232,14814.499880155254,0.014110862525538115
2019-01-18,1052205.931932658,0,0.0,0.0,0.0,0.0
2019-01-22,1052205.931932658,0,0.0,0.0,0.0,0.0
2019-01-23,1052205.931932658,0,0.0,0.0,0.0,0.0
2019-01-24,1052029.5953952621,1,1052205.9319326575,1.0001676155672494,15542.80622473637,0.014774114999014569
2019-01-25,1054180.5135986605,1,1052205.9319326575,0.998126903655938,15542.80622473637,0.014743970339271238
2019-01-28,1052572.1693564798,1,1052205.9319326575,0.9996520548096515,15542.80622473637,0.014766499321598929
2019-01-29,1052455.9035076473,1,1052205.9319326575,0.9997624873648798,15542.80622473637,0.014768130591443286
2019-01-30,1055653.2143505367,1,1052205.9319326575,0.9967344556232891,15542.80622473637,0.014723401599547707
2019-01-31,1057317.7537529864,0,0.0,0.0,0.0,0.0
2019-02-01,1057031.1200351827,1,1057317.7537529862,1.0002711686651136,14960.002185506792,0.014152849336175511
2019-02-04,1058302.938518153,1,1057317.7537529862,0.9990690900220439,14960.002185506792,0.014135841110347803
2019-02-05,1059252.0567890264,1,1057317.7537529862,0.998173897304572,14960.002185506792,0.014123175017338115
2019-02-06,1059138.1625965217,1,1057317.7537529862,0.9982812357180364,14960.002185506792,0.01412469374989918
2019-02-07,1057201.9613239397,1,1057317.7537529862,1.000109527255229,14960.002185506792,0.014150562269835652
2019-02-08,1057239.9260547748,1,1057317.7537529862,1.0000736140362214,14960.002185506792,0.014150054133248583
2019-02-11,1057277.8907856096,1,1057317.7537529862,1.0000377033963577,14960.002185506792,0.01414954603315385
2019-02-12,1060447.9458103268,1,1057317.7537529862,0.9970482360122366,14960.002185506792,0.01410724802156631
2019-02-13,1060884.5402149286,1,1057317.7537529862,0.996637912678773,14960.002185506792,0.014101442351564467
2019-02-14,1060372.016348657,1,1057317.7537529862,0.997119631083638,14960.002185506792,0.014108258191328814
2019-02-15,1063170.017011192,0,0.0,0.0,0.0,0.0
2019-02-19,1063056.834862784,1,1063170.0170111917,1.0001064685769339,14826.861441424833,0.013947383578356502
2019-02-20,1063724.7950828958,1,1063170.0170111917,0.9994784571401658,14826.861441424833,0.013938625394427681
2019-02-21,1062481.6468954657,1,1063170.0170111917,1.0006478889472938,14826.861441424833,0.013954934172038082
2019-02-22,1064114.4385446277,1,1063170.0170111917,0.9991124812339472,14826.861441424833,0.01393352153148424
2019-02-25,1064763.8443141808,1,1063170.0170111917,0.998503116619239,14826.861441424833,0.013925023394248405
2019-02-26,1064188.6563468622,1,1063170.0170111917,0.999042801922765,14826.861441424833,0.013932549790863545
2019-02-27,1064726.7354130633,1,1063170.0170111917,0.9985379174298017,14826.861441424833,0.013925508722829915
2019-02-28,1064021.6662918343,1,1063170.0170111917,0.9991995940424685,14826.861441424833,0.013934736397894176
2019-03-01,1065765.7846443483,1,1063170.0170111917,0.9975644108015507,14826.861441424833,0.013911932297932266
2019-03-04,1064392.7553030076,1,1063170.0170111917,0.9988512339211969,14826.861441424833,0.013929878202904505
2019-03-05,1064114.4385446277,1,1063170.0170111917,0.9991124812339472,14826.861441424833,0.01393352153148424
2019-03-06,1061795.1322247952,1,1063170.0170111917,1.0012948682327407,14826.861441424833,0.01396395687966462
2019-03-07,1059438.7170038454,1,1063170.0170111917,1.0035219592671663,14826.861441424833,0.01399501566580091
2019-03-08,1058677.9845309404,1,1063170.0170111917,1.004243058367027,14826.861441424833,0.014005072040856735
2019-03-11,1062611.528049376,1,1063170.0170111917,1.000525581500928,14826.861441424833,0.013953228484771226
2019-03-12,1063465.0327750745,1,1063170.0170111917,0.9997225900666307,14826.861441424833,0.013942030047508625
2019-03-13,1066173.9825566388,1,1063170.0170111917,0.99718248091344,14826.861441424833,0.013906605942372243
2019-03-14,1065116.3788747953,1,1063170.0170111917,0.9981726298626074,14826.861441424833,0.013920414459392832
2019-03-15,1067368.8891726164,0,0.0,0.0,0.0,0.0
2019-03-18,1067175.485579023,1,1067368.8891726164,1.0001812294193477,13841.12887737345,0.012969871463889181
2019-03-19,1066847.0643823543,1,1067368.8891726164,1.0004891280181423,13841.12887737345,0.01297386414554808
2019-03-20,1065861.8007923488,1,1067368.8891726164,1.0014139622783622,13841.12887737345,0.012985856953578899
2019-03-21,1069711.627042185,1,1067368.8891726164,0.9978099351167693,13841.12887737345,0.012939121654351815
2019-03-22,1065314.4321312348,1,1067368.8891726164,1.0019284982718872,13841.12887737345,0.012992529210069294
2019-03-25,1064840.0459582692,1,1067368.8891726164,1.0023748573543472,13841.12887737345,0.012998317381008678
2019-03-26,1066007.765768646,1,1067368.8891726164,1.0012768419214928,13841.12887737345,0.012984078842421275
2019-03-27,1064712.3266040091,1,1067368.8891726164,1.0024950989128496,13841.12887737345,0.012999876615987825
2019-03-28,1065423.9058634576,1,1067368.8891726164,1.0018255487777727,13841.12887737345,0.012991194210304587
2019-03-29,1067230.2224451343,1,1067368.8891726164,1.0001299314098924,13841.12887737345,0.01296920625585546
2019-04-01,1070331.978191448,1,1067368.8891726164,0.9972316168448613,13841.12887737345,0.012931622299803621
2019-04-02,1069711.627042185,1,1067368.8891726164,0.9978099351167693,13841.12887737345,0.012939121654351815
2019-04-03,1071353.7330255276,1,1067368.8891726164,0.9962805526036131,13841.12887737345,0.01291928935393335
2019-04-04,1071645.6629781218,1,1067368.8891726164,0.9960091530687297,13841.12887737345,0.012915769974665613
2019-04-05,1073185.5934780564,0,0.0,0.0,0.0,0.0
2019-04-08,1072986.0564581635,1,1073185.5934780561,1.0001859642245037,13448.076088457845,0.012533318590223632
2019-04-09,1071601.880734582,1,1073185.5934780561,1.0014778928368329,13448.076088457845,0.012549507732516485
2019-04-10,1072554.6250638005,1,1073185.5934780561,1.0005882855749357,13448.076088457845,0.01253836007434856
2019-04-11,1071961.4068965511,1,1073185.5934780561,1.0011420062080865,13448.076088457845,0.012545298741110034
2019-04-12,1074154.5164845632,1,1073185.5934780561,0.9990979668272697,13448.076088457845,0.01251968490759598
2019-04-15,1073777.0140144958,1,1073185.5934780561,0.9994492147543478,13448.076088457845,0.012524086391251712
2019-04-16,1073920.8244792833,1,1073185.5934780561,0.9993153769025909,13448.076088457845,0.012522409270700634
2019-04-17,1072500.6961395051,1,1073185.5934780561,1.0006385985025616,13448.076088457845,0.012538990545054706
2019-04-18,1073561.2983173141,1,1073185.5934780561,0.9996500387636488,13448.076088457845,0.01252660291455754
2019-04-22,1073759.0377063972,1,1073185.5934780561,0.9994659470065407,13448.076088457845,0.01252429606290775
2019-04-23,1077210.4888613014,1,1073185.5934780561,0.9962635943254693,13448.076088457845,0.012484167419009769
2019-04-24,1076293.69714828,1,1073185.5934780561,0.9971122160443204,13448.076088457845,0.012494801487818353
2019-04-25,1075682.5026729323,1,1073185.5934780561,0.9976787674907125,13448.076088457845,0.01250190093735011
2019-04-26,1077667.0870870024,0,0.0,0.0,0.0,0.0
2019-04-29,1077399.0018643497,1,1077667.0870870021,1.0002488263142888,14062.934096896448,0.013052670433666362
2019-04-30,1078410.9791948928,1,1077667.0870870021,0.9993101960919889,14062.934096896448,0.013040421850485411
2019-05-01,1075517.079109305,1,1077667.0870870021,1.0019990458724073,14062.934096896448,0.013075509789712255
2019-05-02,1074913.4435086302,1,1077667.0870870021,1.0025617351750518,14062.934096896448,0.013082852560661589
2019-05-03,1077949.3755002592,1,1077667.0870870021,0.999738124609863,14062.934096896448,0.013046006070897405
2019-05-06,1077061.6760875022,1,1077667.0870870021,1.000562095015486,14062.934096896448,0.013056758409584293
2019-05-07,1073830.4502250666,1,1077667.0870870021,1.0035728516183644,14062.934096896448,0.013096047047230747
2019-05-08,1073848.2042133217,1,1077667.0870870021,1.0035562594961716,14062.934096896448,0.013095830529603255
2019-05-09,1072072.8053878078,1,1077667.0870870021,1.0052181919652097,14062.934096896448,0.013117517790043534
2019-05-10,1071788.7415757256,1,1077667.0870870021,1.0054846121098775,14062.934096896448,0.013120994419311926
2019-05-13,1066853.1328407966,1,1077667.0870870021,1.0101363101567788,14062.934096896448,0.013181696396625775
2019-05-14,1067705.3242770433,1,1077667.0870870021,1.0093300675602643,14062.934096896448,0.01317117539562579
2019-05-15,1068362.2218424834,1,1077667.0870870021,1.0087094667466543,14062.934096896448,0.01316307691285049
2019-05-16,1069782.5409028947,1,1077667.0870870021,1.0073702326245229,14062.934096896448,0.013145600679767454
2019-05-17,1068291.205889463,1,1077667.0870870021,1.0087765219313332,14062.934096896448,0.013163951944346112
2019-05-20,1066782.116887776,1,1077667.0870870021,1.0102035551842412,14062.934096896448,0.013182573905460257
2019-05-21,1067900.6181478498,1,1077667.0870870021,1.0091454848636487,14062.934096896448,0.013168766697866494
2019-05-22,1066853.1328407966,1,1077667.0870870021,1.0101363101567788,14062.934096896448,0.013181696396625775
2019-05-23,1065397.3058038752,1,1077667.0870870021,1.011516625033953,14062.934096896448,0.013199708709874696
2019-05-24,1065734.6315807228,1,1077667.0870870021,1.0111964603126211,14062.934096896448,0.0131955307448703
2019-05-28,1064616.130320649,1,1077667.0870870021,1.0122588380869473,14062.934096896448,0.013209394162251581
2019-05-29,1064349.8204968218,1,1077667.0870870021,1.012512114282092,14062.934096896448,0.01321269927055758
2019-05-30,1064172.2806142704,1,1077667.0870870021,1.0126810355038962,14062.934096896448,0.01321490359510109
2019-05-31,1063959.2327552089,1,1077667.0870870021,1.0128838153848203,14062.934096896448,0.013217549755623002
2019-06-03,1063888.2168021882,1,1077667.0870870021,1.0129514267262307,14062.934096896448,0.013218432044643286
2019-06-04,1063107.0413189621,1,1077667.0870870021,1.013695747654889,14062.934096896448,0.013228145003582166
2019-06-05,1064190.0346025256,1,1077667.0870870021,1.0126641408453991,14062.934096896448,0.013214683129549269
2019-06-06,1065255.273897834,1,1077667.0870870021,1.011651491894288,14062.934096896448,0.013201468644636996
2019-06-07,1066657.8389699901,1,1077667.0870870021,1.0103212555280547,14062.934096896448,0.013184109827080267
2019-06-10,1067545.538382747,1,1077667.0870870021,1.0094811399985695,14062.934096896448,0.013173146803836359
2019-06-11,1067154.950641134,1,1077667.0870870021,1.0098506186374832,14062.934096896448,0.013177968287030486
2019-06-12,1066089.7113458256,1,1077667.0870870021,1.010859663701811,14062.934096896448,0.013191135743298263
2019-06-13,1067243.7205824098,1,1077667.0870870021,1.009766622472048,14062.934096896448,0.01317687218550427
2019-06-14,1066160.727298846,1,1077667.0870870021,1.010792331300092,14062.934096896448,0.013190257094280112
2019-06-17,1065805.6475337434,1,1077667.0870870021,1.0111290830375181,14062.934096896448,0.013194651510280363
2019-06-18,1068859.3335136275,1,1077667.0870870021,1.008240329945402,14062.934096896448,0.013156954948101365
2019-06-19,1068557.51571329,1,1077667.0870870021,1.0085251109460693,14062.934096896448,0.013160671175953568
2019-06-20,1073191.3066478816,1,1077667.0870870021,1.0041705336330953,14062.934096896448,0.013103846452895796
2019-06-21,1070794.5182334378,1,1077667.0870870021,1.0064181957756961,14062.934096896448,0.013133177147840673
2019-06-24,1069835.80286766,1,1077667.0870870021,1.007320080519226,14062.934096896448,0.01314494622371135
2019-06-25,1065077.7340152825,1,1077667.0870870021,1.011820126052451,14062.934096896448,0.013203669223165512
2019-06-26,1064278.8045438014,1,1077667.0870870021,1.0125796760078667,14062.934096896448,0.013213580912122427
2019-06-27,1064048.0026964846,1,1077667.0870870021,1.0127993138993772,14062.934096896448,0.013216447059962054
2019-06-28,1063604.152990106,0,0.0,0.0,0.0,0.0
2019-07-01,1063358.7058778775,1,1063604.1529901056,1.000230822497499,15303.018181564677,0.014391209755442738
2019-07-02,1064403.1616745945,1,1063604.1529901056,0.9992493364232102,15303.018181564677,0.014377088243038365
2019-07-03,1066457.2580748044,1,1063604.1529901056,0.9973246887645086,15303.018181564677,0.014349396626724705
2019-07-05,1065273.541505192,1,1063604.1529901056,0.9984329015505937,15303.018181564677,0.014365341468954613
2019-07-08,1064055.0097423554,1,1063604.1529901056,0.999576284357367,15303.018181564677,0.014381792333528008
2019-07-09,1064577.2376407138,1,1063604.1529901056,0.9990859426482152,15303.018181564677,0.014374737351588314
2019-07-10,1065987.2529662817,1,1063604.1529901056,0.9977644198187692,15303.018181564677,0.014355723428194434
2019-07-11,1066753.1872172076,1,1063604.1529901056,0.9970480198561048,15303.018181564677,0.014345415945261895
2019-07-12,1067734.9756661216,0,0.0,0.0,0.0,0.0
2019-07-15,1067492.9328500943,1,1067734.975666121,1.0002267395020412,14644.448677504306,0.013718543914295679
2019-07-16,1066102.4741197252,1,1067734.975666121,1.001531280140536,14644.448677504306,0.013736436255432336
2019-07-17,1064025.3691027542,1,1067734.975666121,1.0034863892075196,14644.448677504306,0.0137632514249668
2019-07-18,1065227.0001043077,1,1067734.975666121,1.002354404799698,14644.448677504306,0.013747725767437657
2019-07-19,1063046.8981443464,1,1067734.975666121,1.0044100382870766,14644.448677504306,0.013775919673033843
2019-07-22,1063785.0429024436,1,1067734.975666121,1.003713092969328,14644.448677504306,0.013766360765468388
2019-07-23,1065759.1509764243,1,1067734.975666121,1.0018539129482364,14644.448677504306,0.013740861304439559
2019-07-24,1067286.9389641138,1,1067734.975666121,1.0004197902978575,14644.448677504306,0.013721191689760485
2019-07-25,1065501.6586189484,1,1067734.975666121,1.0020960239987495,14644.448677504306,0.01374418196259378
2019-07-26,1067733.2590504051,1,1067734.975666121,1.000001607719626,14644.448677504306,0.013715456134173841
2019-07-29,1067183.9420211234,1,1067734.975666121,1.0005163436435842,14644.448677504306,0.01372251596080935
2019-07-30,1066325.634162871,1,1067734.975666121,1.0013216802242184,14644.448677504306,0.013733561501596152
2019-07-31,1063355.8889733173,1,1067734.975666121,1.0041181759918891,14644.448677504306,0.01377191665496271
2019-08-01,1061072.7900703656,1,1067734.975666121,1.0062787262646833,14644.448677504306,0.013801549539813524
2019-08-02,1058549.364967103,1,1067734.975666121,1.0086775458972606,14644.448677504306,0.013834450392362587
2019-08-05,1055081.801219763,1,1067734.975666121,1.0119926004142332,14644.448677504306,0.01387991780407367
2019-08-06,1055373.6258915688,1,1067734.975666121,1.0117127711658604,14644.448677504306,0.013876079824462949
2019-08-07,1055116.1335340932,1,1067734.975666121,1.0119596712920704,14644.448677504306,0.013879466166869215
2019-08-08,1057879.8848376663,1,1067734.975666121,1.0093158882872295,14644.448677504306,0.013843205535334973
2019-08-09,1056781.250779103,1,1067734.975666121,1.0103651771631477,14644.448677504306,0.013857596987747285
2019-08-12,1055270.6289485786,1,1067734.975666121,1.011811516757518,14644.448677504306,0.013877434163116372
2019-08-13,1056849.9154077633,1,1067734.975666121,1.0102995326958588,14644.448677504306,0.013856696645383231
2019-08-14,1053708.508646559,1,1067734.975666121,1.0133115248709328,14644.448677504306,0.013898007425520782
2019-08-15,1054274.9918330058,1,1067734.975666121,1.012767052180298,14644.448677504306,0.013890539746222062
2019-08-16,1054395.154933161,1,1067734.975666121,1.012651633185668,14644.448677504306,0.013888956724609217
2019-08-19,1055030.302748268,1,1067734.975666121,1.0120419981158442,14644.448677504306,0.013880595314993995
2019-08-20,1054068.997947025,1,1067734.975666121,1.0129649745374476,14644.448677504306,0.013893254337265215
2019-08-21,1054755.644233627,1,1067734.975666121,1.0123055339911688,14644.448677504306,0.013884209823920676
2019-08-22,1054704.145762132,1,1067734.975666121,1.012354962248274,14644.448677504306,0.013884887753922867
2019-08-23,1053554.0132320735,1,1067734.975666121,1.0134601190408297,14644.448677504306,0.01390004545906321
2019-08-26,1053691.342489394,1,1067734.975666121,1.01332803318242,14644.448677504306,0.013898233844178817
2019-08-27,1053296.5208745978,1,1067734.975666121,1.0137078728595195,14644.448677504306,0.013903443510232413
2019-08-28,1053742.8409608891,1,1067734.975666121,1.0132785098615453,14644.448677504306,0.01389755461033576
2019-08-29,1054171.9948900153,1,1067734.975666121,1.0128660036899584,14644.448677504306,0.01389189690913028
2019-08-30,1054051.83178986,1,1067734.975666121,1.0129814715591605,14644.448677504306,0.013893480601079096
2019-09-03,1053760.0071180542,1,1067734.975666121,1.0132620031635926,14644.448677504306,0.01389732821380805
2019-09-04,1053382.351660423,1,1067734.975666121,1.0136252747951153,14644.448677504306,0.013902310641924645
2019-09-05,1054755.644233627,1,1067734.975666121,1.0123055339911688,14644.448677504306,0.013884209823920676
2019-09-06,1054189.1610471804,1,1067734.975666121,1.01284951042893,14644.448677504306,0.01389167069689582
2019-09-09,1053622.6778607338,1,1067734.975666121,1.0133940718076047,14644.448677504306,0.013899139592589508
2019-09-10,1053451.0162890833,1,1067734.975666121,1.0135592060344247,14644.448677504306,0.013901404480192406
2019-09-11,1054566.8165048116,1,1067734.975666121,1.0124867945351752,14644.448677504306,0.013886695890963955
2019-09-12,1054652.6472906368,1,1067734.975666121,1.0124043953325224,14644.448677504306,0.013885565750131426
2019-09-13,1053090.5269886171,0,0.0,0.0,0.0,0.0
2019-09-16,1052961.0207102173,1,1053090.526988617,1.0001229924715658,15431.695489334817,0.01465552398029531
2019-09-17,1053387.0282049538,1,1053090.526988617,0.9997185258519443,15431.695489334817,0.014649597039021377
2019-09-18,1053352.947605375,1,1053090.526988617,0.9997508711421422,15431.695489334817,0.014650071017901686
2019-09-19,1053063.2625089542,1,1053090.526988617,1.000025890637945,15431.695489334817,0.014654101077050537
2019-09-20,1051870.4415236919,1,1053090.526988617,1.001159919907206,15431.695489334817,0.014670718826342494
2019-09-23,1052483.8923161125,1,1053090.526988617,1.0005763838068529,15431.695489334817,0.014662167850736022
2019-09-24,1050439.0563413773,1,1053090.526988617,1.0025241546677393,15431.695489334817,0.014690709942833412
2019-09-25,1051614.83702685,1,1053090.526988617,1.0014032608801327,15431.695489334817,0.014674284677233793
2019-09-26,1050865.0638361138,1,1053090.526988617,1.0021177439702669,15431.695489334817,0.014684754513583722
2019-09-27,1049570.0010521149,1,1053090.526988617,1.0033542554884123,15431.695489334817,0.01470287400922826
2019-09-30,1050643.5399388508,1,1053090.526988617,1.0023290364017359,15431.695489334817,0.014687850734068158
2019-10-01,1047201.39938138,1,1053090.526988617,1.0056236819495428,15431.695489334817,0.014736129552969355
2019-10-02,1042873.1632348571,1,1053090.526988617,1.0097973215861331,15431.695489334817,0.014797288906608452
2019-10-03,1044202.306618435,1,1053090.526988617,1.0085119715919473,15431.695489334817,0.014778453745528603
2019-10-04,1047235.4799809589,1,1053090.526988617,1.0055909555392113,15431.695489334817,0.014735649989260679
2019-10-07,1046008.5783961178,1,1053090.526988617,1.0067704498211267,15431.695489334817,0.01475293397019438
2019-10-08,1042208.5915430682,1,1053090.526988617,1.0104412260020206,15431.695489334817,0.014806724502709225
2019-10-09,1043810.3797232774,1,1053090.526988617,1.008890644743157,15431.695489334817,0.014784002716495197
2019-10-10,1045241.7649055921,1,1053090.526988617,1.0075090398667086,15431.695489334817,0.014763757063160056
2019-10-11,1047729.6486748531,1,1053090.526988617,1.0051166618416727,15431.695489334817,0.01472869982142102
2019-10-14,1045940.4171969598,1,1053090.526988617,1.0068360584160414,15431.695489334817,0.01475389538028426
2019-10-15,1049416.6383540097,1,1053090.526988617,1.0035008865881616,15431.695489334817,0.014705022700554035
2019-10-16,1048428.300966221,1,1053090.526988617,1.0044468715868307,15431.695489334817,0.014718884901440682
2019-10-17,1049331.4368550624,1,1053090.526988617,1.0035823668304658,15431.695489334817,0.014706216689347412
2019-10-18,1048053.4143708529,1,1053090.526988617,1.0048061602096758,15431.695489334817,0.014724149816923666
2019-10-21,1049723.36375022,1,1053090.526988617,1.0032076672337438,15431.695489334817,0.014700725945742371
2019-10-22,1047814.8501738005,1,1053090.526988617,1.005034932282112,15431.695489334817,0.014727502179201955
2019-10-23,1049263.2756559046,1,1053090.526988617,1.0036475605517785,15431.695489334817,0.014707172019994998
2019-10-24,1048735.0263624312,1,1053090.526988617,1.0041530992259244,15431.695489334817,0.014714580043025848
2019-10-25,1050524.2578403247,1,1053090.526988617,1.0024428461590864,15431.695489334817,0.014689518470577164
2019-10-28,1053335.9073055855,1,1053090.526988617,0.9997670445721383,15431.695489334817,0.014650308018843506
2019-10-29,1053318.867005796,1,1053090.526988617,0.9997832185254327,15431.695489334817,0.014650545027453594
2019-10-30,1055602.2671775836,1,1053090.526988617,0.9976205619606308,15431.695489334817,0.014618854060057402
2019-10-31,1053387.0282049538,1,1053090.526988617,0.9997185258519443,15431.695489334817,0.014649597039021377
2019-11-01,1058284.4103644446,0,0.0,0.0,0.0,0.0
2019-11-04,1058057.396673893,1,1058284.4103644444,1.000214557065869,13246.916530997209,0.012520035843651002
2019-11-05,1057740.2451944465,1,1058284.4103644444,1.000514460116716,13246.916530997209,0.012523789835151825
2019-11-06,1058157.5497726658,1,1058284.4103644444,1.0001198881884894,13246.916530997209,0.012518850840163803
2019-11-07,1059342.694774809,1,1058284.4103644444,0.9990009990009988,13246.916530997209,0.012504845312416288
2019-11-08,1059709.922803642,1,1058284.4103644444,0.9986548088221858,13246.916530997209,0.012500511928726919
2019-11-11,1059392.7713241954,1,1058284.4103644444,0.9989537771167103,13246.916530997209,0.01250425421955554
2019-11-12,1059776.6915361572,1,1058284.4103644444,0.9985918909298244,13246.916530997209,0.012499724363437045
2019-11-13,1060410.9944950507,1,1058284.4103644444,0.9979945661242233,13246.916530997209,0.012492247439687439
2019-11-14,1060644.6850588536,1,1058284.4103644444,0.9977746791855387,13246.916530997209,0.012489495037880813
2019-11-15,1062612.6934497363,0,0.0,0.0,0.0,0.0
2019-11-18,1062363.5404734772,1,1062612.6934497363,1.000234527039725,14224.819922717665,0.013389785493182406
2019-11-19,1062198.5385024447,1,1062612.6934497363,1.0003899035182966,14224.819922717665,0.013391865463091979
2019-11-20,1061307.5278588687,1,1062612.6934497363,1.0012297713495923,14224.819922717665,0.013403108476405025
2019-11-21,1061043.5247052168,1,1062612.6934497363,1.0014788919662418,14224.819922717665,0.013406443365902129
2019-11-22,1061456.0296327982,1,1062612.6934497363,1.0010896954604311,14224.819922717665,0.013401233330068908
2019-11-25,1063518.5542707052,1,1062612.6934497363,0.9991482416387272,14224.819922717665,0.01337524377510476
2019-11-26,1064756.0690534494,1,1062612.6934497363,0.9979869796791875,14224.819922717665,0.013359698372382413
2019-11-27,1065878.082456471,1,1062612.6934497363,0.9969364329180979,14224.819922717665,0.013345635074824412
2019-11-29,1065053.072601308,1,1062612.6934497363,0.9977086783613409,14224.819922717665,0.01335597285116944
2019-12-02,1062297.5396850642,1,1062612.6934497363,1.000296671839008,14224.819922717665,0.013390617403608833
2019-12-03,1060037.012681918,1,1062612.6934497363,1.0024298026738725,14224.819922717665,0.01341917287088735
2019-12-04,1061885.0347574828,1,1062612.6934497363,1.00068525185725,14224.819922717665,0.013395819186741228
2019-12-05,1062528.5424445097,1,1062612.6934497363,1.00007919881854,14224.819922717665,0.01338770616927738
2019-12-06,1065482.0777259928,1,1062612.6934497363,0.9973069614813415,14224.819922717665,0.013350595209519634
2019-12-09,1064393.0647171778,1,1062612.6934497363,0.99832733665179,14224.819922717665,0.01336425461067559
2019-12-10,1064426.0651113843,1,1062612.6934497363,0.9982963855160216,14224.819922717665,0.013363840278778915
2019-12-11,1065152.0737839276,1,1062612.6934497363,0.9976159457445638,14224.819922717665,0.013354731472459446
2019-12-12,1067790.4553007383,0,0.0,0.0,0.0,0.0
2019-12-13,1067543.9165258906,1,1067790.455300738,1.0002309401712015,14695.996770889822,0.013766175370766031
2019-12-16,1069503.1650677267,1,1067790.455300738,0.9983985930823495,14695.996770889822,0.01374095678338567
2019-12-17,1069209.2777864514,1,1067790.455300738,0.9986730170461571,14695.996770889822,0.013744733679560337
2019-12-18,1069731.7440642745,1,1067790.455300738,0.9981852564679807,14695.996770889822,0.013738020632214517
2019-12-19,1070988.928545286,1,1067790.455300738,0.9970135328579985,14695.996770889822,0.013721894203753585
2019-12-20,1072326.1156750892,0,0.0,0.0,0.0,0.0
2019-12-23,1072171.313709518,1,1072326.115675089,1.0001443817453346,14409.482961913678,0.013439534128235054
2019-12-24,1072139.063300024,1,1072326.115675089,1.0001744665234835,14409.482961913678,0.013439938395268948
2019-12-26,1074219.2147123863,1,1072326.115675089,0.9982376976585695,14409.482961913678,0.013413912881619515
2019-12-27,1073783.8341842175,1,1072326.115675089,0.9986424469593211,14409.482961913678,0.013419351738388714
2019-12-30,1072703.445466169,1,1072326.115675089,0.9996482440765202,14409.482961913678,0.01343286723168088
2019-12-31,1073525.8309082654,1,1072326.115675089,0.9988824533153884,14409.482961913678,0.013422576846355356
2020-01-02,1076234.8653057604,1,1072326.115675089,0.9963681258090807,14409.482961913678,0.01338879033418037
2020-01-03,1074283.7155313743,1,1072326.115675089,0.9981777627008735,14409.482961913678,0.013413107499992492
2020-01-06,1074944.848926001,1,1072326.115675089,0.9975638440860213,14409.482961913678,0.013404857910906296
2020-01-07,1073848.3350032053,1,1072326.115675089,0.998582463390315,14409.482961913678,0.01341854570354264
2020-01-08,1076428.3677627244,1,1072326.115675089,0.996189015255923,14409.482961913678,0.013386383519288616
2020-01-09,1077934.4618860937,0,0.0,0.0,0.0,0.0
2020-01-10,1077572.4809226668,1,1077934.4618860935,1.0003359226129427,15385.792631319193,0.014278197433313418
2020-01-13,1079926.95887062,1,1077934.4618860935,0.9981549706041136,15385.792631319193,0.01424706782707744
2020-01-14,1079574.5880212665,1,1077934.4618860935,0.9984807662635157,15385.792631319193,0.014251718039713722
2020-01-15,1079991.0262977753,1,1077934.4618860935,0.9980957578705707,15385.792631319193,0.01424622265988812
2020-01-16,1082089.2345371079,1,1077934.4618860935,0.9961604158710703,15385.792631319193,0.014218598744216202
2020-01-17,1082752.332408164,0,0.0,0.0,0.0,0.0
2020-01-21,1082370.8363378271,1,1082752.332408164,1.000352463367941,14865.682973165303,0.013734371320889378
2020-01-22,1082576.6225998346,1,1082752.332408164,1.0001623070410548,14865.682973165303,0.013731760563483256
2020-01-23,1083193.9813858569,1,1082752.332408164,0.999592271573437,14865.682973165303,0.013723934243196121
2020-01-24,1080898.6730788513,1,1082752.332408164,1.001714924234325,14865.682973165303,0.013753077271176237
2020-01-27,1076925.4152508623,1,1082752.332408164,1.005410697040653,14865.682973165303,0.013803818502790602
2020-01-28,1079394.850394951,1,1082752.332408164,1.0031105225413892,14865.682973165303,0.01377223818302074
2020-01-29,1078603.3647718458,1,1082752.332408164,1.0038466110637396,14865.682973165303,0.013782344334063713
2020-01-30,1080328.8034302155,1,1082752.332408164,1.002243325337854,14865.682973165303,0.013760331971122496
2020-01-31,1074899.2120557125,1,1082752.332408164,1.0073059132096978,14865.682973165303,0.013829838934140746
2020-02-03,1076165.589052681,1,1082752.332408164,1.0061205667812525,14865.682973165303,0.01381356468222623
2020-02-04,1080059.6983183594,1,1082752.332408164,1.0024930419068472,14865.682973165303,0.013763760462788308
2020-02-05,1083795.510459417,1,1082752.332408164,0.9990374770506192,14865.682973165303,0.013716317173950826
2020-02-06,1084808.6120569918,1,1082752.332408164,0.9981044770238975,14865.682973165303,0.013703507520075178
2020-02-07,1083004.0248363116,1,1082752.332408164,0.9997675978829481,14865.682973165303,0.013726341391401704
2020-02-10,1085821.7136545668,1,1082752.332408164,0.9971732180266757,14865.682973165303,0.013690721769720046
2020-02-11,1086138.3079038088,1,1082752.332408164,0.9968825558669598,14865.682973165303,0.013686731114249446
2020-02-12,1088202.5024088677,0,0.0,0.0,0.0,0.0
2020-02-13,1087974.2300448567,1,1088202.5024088677,1.0002098141276763,14143.505512630198,0.01299985341752724
2020-02-14,1088114.9458856855,1,1088202.5024088677,1.0000804662444103,14143.505512630198,0.012998172266734104
2020-02-18,1087161.2051867351,1,1088202.5024088677,1.0009578130797574,14143.505512630198,0.013009575254482018
2020-02-19,1088740.349622702,1,1088202.5024088677,0.9995059912916604,14143.505512630198,0.012990705743138448
2020-02-20,1087364.4614012656,1,1088202.5024088677,1.0007707084766428,14143.505512630198,0.013007143432298435
2020-02-21,1085316.2641625362,1,1088202.5024088677,1.0026593522474838,14143.505512630198,0.013031690374182097
2020-02-24,1078686.9845501604,1,1088202.5024088677,1.0088213893325835,14143.505512630198,0.013111779149285272
2020-02-25,1075403.6149308232,1,1088202.5024088677,1.0119014733634384,14143.505512630198,0.013151811390870205
2020-02-26,1075325.4394636962,1,1088202.5024088677,1.0119750379490637,14143.505512630198,0.01315276751909085
2020-02-27,1090241.3185915418,1,1088202.5024088677,0.9981299404563863,14143.505512630198,0.012972821036448952
2020-02-28,1075544.3307716518,1,1088202.5024088677,1.0117690840582407,14143.505512630198,0.013150090710331675
2020-03-02,1074825.116474083,1,1088202.5024088677,1.012446104700892,14143.505512630198,0.013158890033224523
2020-03-03,1074559.319885851,1,1088202.5024088677,1.0126965373344545,14143.505512630198,0.013162144937826834
2020-03-04,1075747.5869861823,1,1088202.5024088677,1.0115779162076293,14143.505512630198,0.01314760607760663
2020-03-05,1074997.1025017623,1,1088202.5024088677,1.012284126046827,14143.505512630198,0.013156784776177582
2020-03-06,1074543.6847924253,1,1088202.5024088677,1.0127112725240957,14143.505512630198,0.01316233645294967
2020-03-09,1074246.6180173424,1,1088202.5024088677,1.012991322623182,14143.505512630198,0.013165976299496125
2020-03-10,1074559.319885851,1,1088202.5024088677,1.0126965373344545,14143.505512630198,0.013162144937826834
2020-03-11,1074246.6180173424,1,1088202.5024088677,1.012991322623182,14143.505512630198,0.013165976299496125
2020-03-12,1074121.5372699392,1,1088202.5024088677,1.0131092847972472,14143.505512630198,0.01316750946878721
2020-03-13,1073855.7406817072,1,1088202.5024088677,1.0133600456594412,14143.505512630198,0.01317076863941854
2020-03-16,1074121.5372699392,1,1088202.5024088677,1.0131092847972472,14143.505512630198,0.01316750946878721
2020-03-17,1074152.80745679,1,1088202.5024088677,1.01307979167819,14143.505512630198,0.013167126142989809
2020-03-18,1074105.9021765138,1,1088202.5024088677,1.0131240320007453,14143.505512630198,0.013167701140055664
2020-03-19,1073715.0248408786,1,1088202.5024088677,1.0134928516718262,14143.505512630198,0.013172494735953074
2020-03-20,1074199.7127370662,1,1088202.5024088677,1.0130355552191708,14143.505512630198,0.013166551196138822
2020-03-23,1074152.80745679,1,1088202.5024088677,1.01307979167819,14143.505512630198,0.013167126142989809
2020-03-24,1074199.7127370662,1,1088202.5024088677,1.0130355552191708,14143.505512630198,0.013166551196138822
2020-03-25,1074121.5372699392,1,1088202.5024088677,1.0131092847972472,14143.505512630198,0.01316750946878721
2020-03-26,1074137.1723633646,1,1088202.5024088677,1.0130945380230683,14143.505512630198,0.013167317803098672
2020-03-27,1074058.9968962376,1,1088202.5024088677,1.0131682761873428,14143.505512630198,0.013168276187342965
2020-03-30,1074074.631989663,1,1088202.5024088677,1.0131535276957744,14143.505512630198,0.013168084499333299
2020-03-31,1074058.9968962376,1,1088202.5024088677,1.0131682761873428,14143.505512630198,0.013168276187342965
2020-04-01,1073949.5512422596,1,1088202.5024088677,1.013271527652413,14143.505512630198,0.013169618159689265
2020-04-02,1073996.4565225358,1,1088202.5024088677,1.0132272744477475,14143.505512630198,0.013169042995192995
2020-04-03,1074058.9968962376,1,1088202.5024088677,1.0131682761873428,14143.505512630198,0.013168276187342965
2020-04-06,1073730.6599343037,1,1088202.5024088677,1.01347809372925,14143.505512630198,0.013172302925107465
2020-04-07,1074058.9968962376,1,1088202.5024088677,1.0131682761873428,14143.505512630198,0.013168276187342965
2020-04-08,1074058.9968962376,1,1088202.5024088677,1.0131682761873428,14143.505512630198,0.013168276187342965
2020-04-09,1074058.9968962376,0,0.0,0.0,0.0,0.0
2020-04-13,1074058.9968962376,0,0.0,0.0,0.0,0.0
2020-04-14,1074058.9968962376,0,0.0,0.0,0.0,0.0
2020-04-15,1074058.9968962376,0,0.0,0.0,0.0,0.0
2020-04-16,1073823.2278481384,1,1074058.9968962376,1.0002195603913053,18573.361678034933,0.017296479715059397
2020-04-17,1076330.6129628439,1,1074058.9968962376,0.9978894811322395,18573.361678034933,0.01725618639323799
2020-04-20,1074571.701016707,1,1074058.9968962376,0.9995228758397561,18573.361678034933,0.017284432170009436
2020-04-21,1072232.7223649297,1,1074058.9968962376,1.0017032445412408,18573.361678034933,0.017322136594627793
2020-04-22,1074010.3461402806,1,1074058.9968962376,1.000045298219083,18573.361678034933,0.01729346625456902
2020-04-23,1073785.80418971,1,1074058.9968962376,1.0002544201138268,18573.361678034933,0.01729708253318788
2020-04-24,1075170.479551562,1,1074058.9968962376,0.998966226587817,18573.361678034933,0.017274806210994195
2020-04-27,1076667.4258886997,1,1074058.9968962376,0.9975773122416989,18573.361678034933,0.017250788155594252
2020-04-28,1076779.6968639852,1,1074058.9968962376,0.9974732993427798,18573.361678034933,0.017248989493512945
2020-04-29,1079051.3129305914,0,0.0,0.0,0.0,0.0
2020-04-30,1075936.8604788887,1,1079051.3129305916,1.0028946423959457,20725.72471625547,0.019262956291906067
2020-05-01,1073067.8110013644,1,1079051.3129305916,1.0055760706526493,20725.72471625547,0.019314459444007233
2020-05-04,1072779.1016199782,1,1079051.3129305916,1.0058466941620525,20725.72471625547,0.019319657406597544
2020-05-05,1073897.8504728493,1,1079051.3129305916,1.004798838600406,20725.72471625547,0.0192995308698399
2020-05-06,1072761.0572836415,1,1079051.3129305916,1.0058636129679033,20725.72471625547,0.019319982372156076
2020-05-07,1074673.7569353245,1,1079051.3129305916,1.0040733813094596,20725.72471625547,0.019285596752040886
2020-05-08,1076478.1905689877,1,1079051.3129305916,1.0023903153674147,20725.72471625547,0.01925326950219084
2020-05-11,1076099.2595059185,1,1079051.3129305916,1.0027432910101886,20725.72471625547,0.019260049231677293
2020-05-12,1072941.500647008,1,1079051.3129305916,1.0056944505174787,20725.72471625547,0.019316733208434373
2020-05-13,1071335.5547130476,1,1079051.3129305916,1.0072019995822976,20725.72471625547,0.019345689242813158
2020-05-14,1072743.0129473049,1,1079051.3129305916,1.005880532342928,20725.72471625547,0.019320307348646936
2020-05-15,1072472.3479022556,1,1079051.3129305916,1.0061343912886933,20725.72471625547,0.01932518330826409
2020-05-18,1077272.1413677996,1,1079051.3129305916,1.0016515525599066,20725.72471625547,0.019239079820573716
2020-05-19,1075828.594460869,1,1079051.3129305916,1.0029955687051966,20725.72471625547,0.01926489481964529
2020-05-20,1078084.1365029481,1,1079051.3129305916,1.000897125182438,20725.72471625547,0.019224589263955646
2020-05-21,1076496.2349053244,1,1079051.3129305916,1.0023735132018292,20725.72471625547,0.019252946776983623
2020-05-22,1077344.318713146,1,1079051.3129305916,1.00158444629799,20725.72471625547,0.019237790886586472
2020-05-26,1079527.6834098785,1,1079051.3129305916,0.999558723239239,20725.72471625547,0.019198882098872737
2020-05-27,1081386.2500525517,1,1079051.3129305916,0.9978407926660371,20725.72471625547,0.019165885191575416
2020-05-28,1081512.5604069082,1,1079051.3129305916,0.9977242543763056,20725.72471625547,0.019163646798940205
2020-05-29,1081952.842213522,0,0.0,0.0,0.0,0.0
2020-06-01,1081727.14822892,1,1081952.8422135222,1.000208642248622,17574.84226659258,0.016247019680856997
2020-06-02,1082657.489844836,1,1081952.8422135222,0.9993491499962607,17574.84226659258,0.01623305840622907
2020-06-03,1084242.516301582,1,1081952.8422135222,0.997888226984614,17574.84226659258,0.01620932771253192
2020-06-04,1084001.3166233816,1,1081952.8422135222,0.9981102657548052,17574.84226659258,0.016212934428287848
2020-06-05,1086902.6041811644,0,0.0,0.0,0.0,0.0
2020-06-08,1086902.6041811644,0,0.0,0.0,0.0,0.0
2020-06-09,1086902.6041811644,0,0.0,0.0,0.0,0.0
2020-06-10,1086902.6041811644,0,0.0,0.0,0.0,0.0
2020-06-11,1084446.5549094582,1,1086902.6041811646,1.0022647951257604,20074.389871739535,0.018511184143524317
2020-06-12,1085708.7643852816,1,1086902.6041811646,1.0010995948775996,20074.389871739535,0.018489663646682884
2020-06-15,1086988.5045482689,1,1086902.6041811646,0.9999209739875401,20074.389871739535,0.01846789527924406
2020-06-16,1088706.5118903618,1,1086902.6041811646,0.9983430725457269,20074.389871739535,0.0184387524576147
2020-06-17,1088513.6743315554,1,1086902.6041811646,0.9985199357726212,20074.389871739535,0.018442019007310132
2020-06-18,1088215.652649764,1,1086902.6041811646,0.9987933931428002,20074.389871739535,0.018447069588513228
2020-06-19,1086918.3817996122,1,1086902.6041811646,0.9999854840816829,20074.389871739535,0.018469086739063462
2020-06-22,1088899.3494491682,1,1086902.6041811646,0.9981662719616706,20074.389871739535,0.018435487064892075
2020-06-23,1089039.5949464818,1,1086902.6041811646,0.9980377290456348,20074.389871739535,0.018433112960163808
2020-06-24,1086182.0929387151,1,1086902.6041811646,1.0006633429579934,20074.389871739535,0.01848160635518061
2020-06-25,1087251.4648557322,1,1086902.6041811646,0.9996791352453006,20074.389871739535,0.01846342867369989
2020-06-26,1084148.5332276665,1,1086902.6041811646,1.002540307779875,20074.389871739535,0.018516272684495714
2020-06-29,1119138.031738718,0,0.0,0.0,0.0,0.0
2020-06-30,1117985.512823772,1,1119138.0317387183,1.0010308889531452,18721.404813513003,0.016745659580352772
2020-07-01,1118600.4238302219,1,1119138.0317387183,1.0004806076388346,18721.404813513003,0.01673645424646691
2020-07-02,1119707.2636418315,1,1119138.0317387183,0.9994916243543319,18721.404813513003,0.016719910124206847
2020-07-06,1121393.8766880939,1,1119138.0317387183,0.9979883562802768,18721.404813513003,0.016694762832845576
2020-07-07,1120023.5035880057,1,1119138.0317387183,0.9992094167252288,18721.404813513003,0.016715189238028318
2020-07-08,1121218.1878291084,1,1119138.0317387183,0.9981447356875135,18721.404813513003,0.016697378812380134
2020-07-09,1120357.3124200786,1,1119138.0317387183,0.9989117037325115,18721.404813513003,0.016710208971701168
2020-07-10,1121833.0988355582,1,1119138.0317387183,0.9975976220530155,18721.404813513003,0.016688226468754997
2020-07-13,1118986.9393199903,1,1119138.0317387183,1.0001350260788744,18721.404813513003,0.01673067321490814
2020-07-14,1122008.7876945438,1,1119138.0317387183,0.997441414018045,18721.404813513003,0.016685613356006733
2020-07-15,1123166.5772752594,0,0.0,0.0,0.0,0.0
2020-07-16,1123002.7110269032,1,1123166.5772752597,1.0001459179454755,18325.708774509396,0.016318490235657478
2020-07-17,1123583.0706564982,1,1123166.5772752597,0.9996293167883037,18325.708774509396,0.016310061314649276
2020-07-20,1125136.3861357088,1,1123166.5772752597,0.9982492710352969,18325.708774509396,0.01628754433713517
2020-07-21,1125511.9129548585,1,1123166.5772752597,0.9979162053705487,18325.708774509396,0.016282110001304265
2020-07-22,1126211.7583905468,1,1123166.5772752597,0.9972960847792612,18325.708774509396,0.01627199204588168
2020-07-23,1124453.610100891,1,1123166.5772752597,0.9988554149196819,18325.708774509396,0.016297434247078572
2020-07-24,1123156.3356347373,1,1123166.5772752597,1.0000091186241822,18325.708774509396,0.01631625820296233
2020-07-27,1124556.0265061136,1,1123166.5772752597,0.9987644464143144,18325.708774509396,0.016295949994990996
2020-07-28,1123566.0012556277,1,1123166.5772752597,0.999644503322527,18325.708774509396,0.01631030909980341
2020-07-29,1125477.7741531176,1,1123166.5772752597,0.9979464748829918,18325.708774509396,0.016282603881981453
2020-07-30,1125221.733140061,1,1123166.5772752597,0.9981735547721193,18325.708774509396,0.016286308942300105
2020-07-31,1126160.5501879354,1,1123166.5772752597,0.9973414333221173,18325.708774509396,0.016272731957669068
2020-08-03,1127200.0767009454,0,0.0,0.0,0.0,0.0
2020-08-04,1126916.6190345986,1,1127200.0767009456,1.0002515338415985,17904.247100657234,0.015887818848563398
2020-08-05,1127778.5955638406,1,1127200.0767009456,0.9994870279812273,17904.247100657234,0.01587567557239006
2020-08-06,1129469.395678892,1,1127200.0767009456,0.9979908096787498,17904.247100657234,0.01585190990491203
2020-08-07,1129535.7015657567,1,1127200.0767009456,0.9979322257263994,17904.247100657234,0.015850979367751244
2020-08-10,1130032.9957172424,1,1127200.0767009456,0.9974930652228445,17904.247100657234,0.01584400381981169
2020-08-11,1128706.8779799473,1,1127200.0767009456,0.9986650198484673,17904.247100657234,0.01586261894026956
2020-08-12,1131060.7369636463,1,1127200.0767009456,0.9965866905847474,17904.247100657234,0.01582960712500862
2020-08-13,1130911.5487182005,1,1127200.0767009456,0.9967181588856692,17904.247100657234,0.015831695344300175
2020-08-14,1130596.595755593,1,1127200.0767009456,0.9969958170160795,17904.247100657234,0.01583610561704512
2020-08-17,1131572.9499396766,0,0.0,0.0,0.0,0.0
2020-08-18,1131433.52977679,1,1131572.9499396763,1.0001232243514242,16707.72324079986,0.014766862392787645
2020-08-19,1130720.21731551,1,1131572.9499396763,1.0007541499754828,16707.72324079986,0.014776178036744017
2020-08-20,1131190.3550740809,1,1131572.9499396763,1.0003382232388027,16707.72324079986,0.014770036860600428
2020-08-21,1132017.1490632917,1,1131572.9499396763,0.9996076038918819,16707.72324079986,0.014759249234541165
2020-08-24,1134221.933034521,1,1131572.9499396763,0.997664493149275,16707.72324079986,0.014730559120911785
2020-08-25,1135129.7852579684,1,1131572.9499396763,0.99686658268994,16707.72324079986,0.014718777938685559
2020-08-26,1136895.2335996362,0,0.0,0.0,0.0,0.0
2020-08-27,1136584.450523227,1,1136895.2335996365,1.0002734359741297,18260.091366992216,0.016065758561615177
2020-08-28,1137266.2705377985,1,1136895.2335996365,0.9996737466433551,18260.091366992216,0.01605612673130388
2020-08-31,1137044.2826260775,1,1136895.2335996365,0.9998689153723224,18260.091366992216,0.01605926140784891
2020-09-01,1138582.3417287157,1,1136895.2335996365,0.9985182379286529,18260.091366992216,0.01603756768198936
2020-09-02,1140627.8017724305,1,1136895.2335996365,0.9967276195030543,18260.091366992216,0.016008807902645996
2020-09-03,1135950.1993468811,1,1136895.2335996365,1.0008319328200292,18260.091366992216,0.01607472878431724
2020-09-04,1133175.3504503688,1,1136895.2335996365,1.0032827074360462,18260.091366992216,0.016114091574384256
2020-09-08,1128117.1973190121,1,1136895.2335996365,1.0077811386099649,18260.091366992216,0.016186342527520724
2020-09-09,1130987.1838919763,1,1136895.2335996365,1.005223798988888,18260.091366992216,0.01614526815781874
2020-09-10,1127482.9461426663,1,1136895.2335996365,1.0083480530585154,18260.091366992216,0.016195447948426592
2020-09-11,1126515.7130987393,1,1136895.2335996365,1.0092138266516903,18260.091366992216,0.016209353455677644
2020-09-14,1128180.6224366466,1,1136895.2335996365,1.0077244822235716,18260.091366992216,0.016185432548516954
2020-09-15,1130146.8010833182,1,1136895.2335996365,1.0059712884289451,18260.091366992216,0.016157273859899214
2020-09-16,1129036.8615247132,1,1136895.2335996365,1.0069602440298635,18260.091366992216,0.016173157838560548
2020-09-17,1127292.6707897626,1,1136895.2335996365,1.0085182517891706,18260.091366992216,0.016198181572669588
2020-09-18,1124676.3846873366,1,1136895.2335996365,1.0108643242435438,18260.091366992216,0.016235862702913047
2020-09-21,1122932.193952386,1,1136895.2335996365,1.0124344459286583,18260.091366992216,0.01626108100322794
2020-09-22,1123629.8702463664,1,1136895.2335996365,1.0118058123093163,18260.091366992216,0.01625098428808102
2020-09-23,1121235.5720556614,1,1136895.2335996365,1.0139664330442753,18260.091366992216,0.01628568681023414
2020-09-24,1121314.8534527046,1,1136895.2335996365,1.0138947416053194,18260.091366992216,0.01628453534773621
2020-09-25,1122551.6432465788,1,1136895.2335996365,1.0127776663455537,18260.091366992216,0.016266593592239052
2020-09-28,1125358.2047019084,1,1136895.2335996365,1.0102518725589102,18260.091366992216,0.016226025891755112
2020-09-29,1124612.9595697022,1,1136895.2335996365,1.0109213342469694,18260.091366992216,0.016236778361489686
2020-09-30,1124692.2409667454,1,1136895.2335996365,1.0108500727473693,18260.091366992216,0.016235633804405455
2020-10-01,1126468.1442605134,1,1136895.2335996365,1.0092564440390528,18260.091366992216,0.01621003794916839
2020-10-02,1124676.3846873366,1,1136895.2335996365,1.0108643242435438,18260.091366992216,0.016235862702913047
2020-10-05,1127435.3773044404,1,1136895.2335996365,1.008390597355401,18260.091366992216,0.01619613126798438
2020-10-06,1124755.66608438,1,1136895.2335996365,1.0107930707808908,18260.091366992216,0.016234718274913167
2020-10-07,1127800.0717308393,1,1136895.2335996365,1.0080645161290323,18260.091366992216,0.01619089395779908
2020-10-08,1129718.681539285,1,1136895.2335996365,1.0063525125127373,18260.091366992216,0.016163396839744333
2020-10-09,1132287.3988034849,1,1136895.2335996365,1.0040694922517206,18260.091366992216,0.0161267284139063
2020-10-12,1138487.2040522639,1,1136895.2335996365,0.998601679099281,18260.091366992216,0.01603890786123755
2020-10-13,1135696.498876343,1,1136895.2335996365,1.001055506224136,18260.091366992216,0.016078319678768695
2020-10-14,1133016.7876562825,1,1136895.2335996365,1.0034231142782772,18260.091366992216,0.01611634670017942
2020-10-15,1132176.4048476245,1,1136895.2335996365,1.0041679271285,18260.091366992216,0.016128309412568775
2020-10-16,1130432.214112674,1,1136895.2335996365,1.0057172994596901,18260.091366992216,0.016153194449899294
2020-10-19,1126309.5814664268,1,1136895.2335996365,1.0093985279956754,18260.091366992216,0.016212320011712973
2020-10-20,1126801.1261280947,1,1136895.2335996365,1.0089581978908977,18260.091366992216,0.016205247708384354
2020-10-21,1126087.5935547058,1,1136895.2335996365,1.0095975127572574,18260.091366992216,0.016215515978957575
2020-10-22,1126912.1200839553,1,1136895.2335996365,1.0088588216754093,18260.091366992216,0.01620365159053559
2020-10-23,1126230.3000693836,1,1136895.2335996365,1.0094695849770654,18260.091366992216,0.016213461283955215
2020-10-26,1121219.7157762528,1,1136895.2335996365,1.013980772548698,18260.091366992216,0.016285917122274493
2020-10-27,1119507.2376001193,1,1136895.2335996365,1.015531829911874,18260.091366992216,0.016310829223521825
2020-10-28,1118730.279909096,1,1136895.2335996365,1.016237116324425,18260.091366992216,0.016322157087297187
2020-10-29,1118666.8547914613,1,1136895.2335996365,1.0162947339774122,18260.091366992216,0.01632308250555632
2020-10-30,1118635.1422326441,0,0.0,0.0,0.0,0.0
2020-11-02,1118370.2889122036,1,1118635.1422326444,1.0002368207766843,19199.398154407623,0.017167299904830402
2020-11-03,1119735.6818063995,1,1118635.1422326444,0.99901714342801,19199.398154407623,0.0171463662955122
2020-11-04,1122522.3993519025,0,0.0,0.0,0.0,0.0
2020-11-05,1122295.4072877676,1,1122522.3993519025,1.0002022569660902,17857.74553872016,0.01591180488021124
2020-11-06,1121782.3430332162,1,1122522.3993519025,1.0006597147149645,17857.74553872016,0.015919082386725878
2020-11-09,1124083.3584778712,1,1122522.3993519025,0.9986113493148032,17857.74553872016,0.015886495787021927
2020-11-10,1123803.5052481159,1,1122522.3993519025,0.9988600267838367,17857.74553872016,0.01589045189423705
2020-11-11,1125327.150610117,1,1122522.3993519025,0.9975076125580958,17857.74553872016,0.015868936894518407
2020-11-12,1123772.4104448096,1,1122522.3993519025,0.9988876652591852,17857.74553872016,0.0158908915833338
2020-11-13,1125902.4044712808,1,1122522.3993519025,0.9969979590540394,17857.74553872016,0.01586082902727798
2020-11-16,1128201.8651757704,0,0.0,0.0,0.0,0.0
2020-11-17,1128048.708739772,1,1128201.8651757706,1.0001357711194667,16879.0523673004,0.014963052780014488
2020-11-18,1125349.5161053461,1,1128201.8651757706,1.002534633933372,16879.0523673004,0.014998942218161773
2020-11-19,1125849.9282229643,1,1128201.8651757706,1.0020890323779819,16879.0523673004,0.014992275563708751
2020-11-20,1123969.5917810048,1,1128201.8651757706,1.0037654696583558,16879.0523673004,0.015017356777912839
2020-11-23,1125652.7961766298,1,1128201.8651757706,1.002264525089618,16879.0523673004,0.014994901113941578
2020-11-24,1129110.1889892654,1,1128201.8651757706,0.9991955401497989,16879.0523673004,0.014948985964257267
2020-11-25,1128806.9089179814,1,1128201.8651757706,0.9994639971305714,16879.0523673004,0.014953002354919873
2020-11-27,1129352.8130462924,1,1128201.8651757706,0.9989808783781065,16879.0523673004,0.014945774404874594
2020-11-30,1128837.2369251098,1,1128201.8651757706,0.999437144941223,16879.0523673004,0.014952600618737565
2020-12-01,1130672.0813563769,1,1128201.8651757706,0.997815267378281,16879.0523673004,0.014928335673639302
2020-12-02,1131475.773545279,1,1128201.8651757706,0.9971065148312896,16879.0523673004,0.014917732011541774
2020-12-03,1131581.9215702284,1,1128201.8651757706,0.9970129812698248,16879.0523673004,0.014916332653917225
2020-12-04,1132755.6154460968,0,0.0,0.0,0.0,0.0
2020-12-07,1132567.8164887992,1,1132755.615446097,1.0001658169643917,16851.230247675754,0.014878782534999226
2020-12-08,1133089.4802590702,1,1132755.615446097,0.999705350002105,16851.230247675754,0.014871932483057631
2020-12-09,1131479.7749108048,1,1132755.615446097,1.0011275858071724,16851.230247675754,0.014893090112020911
2020-12-10,1131271.1094026964,1,1132755.615446097,1.0013122460487693,16851.230247675754,0.014895837176088667
2020-12-11,1131449.9655525035,1,1132755.615446097,1.0011539616716112,16851.230247675754,0.014893482487709523
2020-12-14,1130764.3503115757,1,1132755.615446097,1.00176099037255,16851.230247675754,0.01490251283835796
2020-12-15,1133193.8130131245,1,1132755.615446097,0.9996133074836843,16851.230247675754,0.014870563229487545
2020-12-16,1133387.5738420824,1,1132755.615446097,0.9994424163361496,16851.230247675754,0.014868020998811194
2020-12-17,1134415.9967034743,1,1132755.615446097,0.9985363559204011,16851.230247675754,0.014854542157942179
2020-12-18,1134415.9967034743,1,1132755.615446097,0.9985363559204011,16851.230247675754,0.014854542157942179
2020-12-21,1133223.6223714259,1,1132755.615446097,0.9995870127342126,16851.230247675754,0.0148701720604908
2020-12-22,1132597.6258471003,1,1132755.615446097,1.0001394931398329,16851.230247675754,0.014878390933472305
2020-12-23,1132448.5790555943,1,1132755.615446097,1.0002711261210278,16851.230247675754,0.014880349147268868
2020-12-24,1133238.5270505764,1,1132755.615446097,0.999573865878231,16851.230247675754,0.01486997648370958
2020-12-28,1135548.7523189203,1,1132755.615446097,0.9975402756886312,16851.230247675754,0.014839724153862716
2020-12-29,1135220.849377607,1,1132755.615446097,0.9978284102755323,16851.230247675754,0.014844010534967325
2020-12-30,1134922.755794595,1,1132755.615446097,0.9980904952892756,16851.230247675754,0.014847909394395462
2020-12-31,1136696.4126135171,1,1132755.615446097,0.9965331137463878,16851.230247675754,0.014824741294758763
2021-01-04,1133387.5738420824,1,1132755.615446097,0.9994424163361496,16851.230247675754,0.014868020998811194
2021-01-05,1134818.4230405407,1,1132755.615446097,0.9981822575730515,16851.230247675754,0.014849274479106474
2021-01-06,1136905.0781216256,1,1132755.615446097,0.996350211855519,16851.230247675754,0.014822020388471708
2021-01-07,1139765.286050627,0,0.0,0.0,0.0,0.0
2021-01-08,1139575.083181235,1,1139765.2860506272,1.0001669068341343,16640.573176339163,0.014602436839778367
2021-01-11,1138471.616152702,1,1139765.2860506272,1.0011363216083482,16640.573176339163,0.014616590295481888
2021-01-12,1138181.2300925616,1,1139765.2860506272,1.0013917431742718,16640.573176339163,0.014620319450344374
2021-01-13,1138689.4056978072,1,1139765.2860506272,1.0009448409262758,16640.573176339163,0.014613794677523632
2021-01-14,1138094.1142745195,1,1139765.2860506272,1.0014683950607837,16640.573176339163,0.014621438567887448
2021-01-15,1136192.0855806007,1,1139765.2860506272,1.0031448911811427,16640.573176339163,0.014645915411244688
2021-01-19,1137803.7282143792,1,1139765.2860506272,1.0017239861213378,16640.573176339163,0.014625170197371537
2021-01-20,1140634.992300747,1,1139765.2860506272,0.9992375244876843,16640.573176339163,0.014588867857520196
2021-01-21,1140634.992300747,1,1139765.2860506272,0.9992375244876843,16640.573176339163,0.014588867857520196
2021-01-22,1140068.7394834736,1,1139765.2860506272,0.9997338288277391,16640.573176339163,0.014596113900884996
2021-01-25,1140780.1853308172,1,1139765.2860506272,0.9991103463285561,16640.573176339163,0.014587011056396924
2021-01-26,1140954.4169669014,1,1139765.2860506272,0.9989577752637697,16640.573176339163,0.014584783518851042
2021-01-27,1136613.145367804,1,1139765.2860506272,1.0027732748786775,16640.573176339163,0.014640489813228698
2021-01-28,1138413.538940674,1,1139765.2860506272,1.0011873954970802,16640.573176339163,0.014617335974257377
2021-01-29,1134725.6359768922,1,1139765.2860506272,1.0044412939251137,16640.573176339163,0.014664842891306666
2021-02-01,1136642.183973818,1,1139765.2860506272,1.0027476563168636,16640.573176339163,0.014640115782226211
2021-02-02,1139487.967363193,1,1139765.2860506272,1.0002433713170977,16640.573176339163,0.014603553221229634
2021-02-03,1139386.3322421438,1,1139765.2860506272,1.0003325946588615,16640.573176339163,0.014604855882019381
2021-02-04,1141433.553966133,1,1139765.2860506272,0.9985384450021563,16640.573176339163,0.014578661297031488
2021-02-05,1142449.905176624,1,1139765.2860506272,0.997650120925362,16640.573176339163,0.01456569176551029
2021-02-08,1144031.0572740878,0,0.0,0.0,0.0,0.0
2021-02-09,1144031.0572740878,0,0.0,0.0,0.0,0.0
2021-02-10,1144031.0572740878,0,0.0,0.0,0.0,0.0
2021-02-11,1143838.01977559,1,1144031.057274088,1.0001687629674487,17566.412363305342,0.015357430037822754
2021-02-12,1145072.8920086278,1,1144031.057274088,0.9990901585900682,17566.412363305342,0.015340868241576523
2021-02-16,1144703.8497320877,1,1144031.057274088,0.9994122563157649,17566.412363305342,0.015345814000203349
2021-02-17,1144533.5225275308,1,1144031.057274088,0.9995609868618499,17566.412363305342,0.015348097733749688
2021-02-18,1143738.6622395983,1,1144031.057274088,1.0002556484659852,17566.412363305342,0.015358764150638993
2021-02-19,1142957.9958853791,1,1144031.057274088,1.0009388458653528,17566.412363305342,0.01536925453651315
2021-02-22,1141240.5299060966,1,1144031.057274088,1.00244517022912,17566.412363305342,0.015392383904163252
2021-02-23,1140857.2936958435,1,1144031.057274088,1.002781911108236,17566.412363305342,0.015397554506049035
2021-02-24,1144022.5409138598,1,1144031.057274088,1.0000074442241509,17566.412363305342,0.015354953014538566
2021-02-25,1139366.9306559702,1,1144031.057274088,1.0040936124198658,17566.412363305342,0.015417695468124385
2021-02-26,1137323.004201287,1,1144031.057274088,1.0058981072641822,17566.412363305342,0.015445403195411305
2021-03-01,1142021.1962603158,1,1144031.057274088,1.001759915683136,17566.412363305342,0.015381861931134595
2021-03-02,1139977.2698056325,1,1144031.057274088,1.0035560248224482,17566.412363305342,0.015409440897273712
2021-03-03,1136414.5924436501,1,1144031.057274088,1.0067021885156016,17566.412363305342,0.015457749733336325
2021-03-04,1133916.4601101484,1,1144031.057274088,1.008920054977381,17566.412363305342,0.015491804715136549
2021-03-05,1136783.63472019,1,1144031.057274088,1.0063753755178593,17566.412363305342,0.015452731572467765
2021-03-08,1136258.4591728062,1,1144031.057274088,1.006840519459754,17566.412363305342,0.015459873782672344
2021-03-09,1138997.8883794302,1,1144031.057274088,1.0044189448865608,17566.412363305342,0.015422690895677507
2021-03-10,1141226.3359723834,1,1144031.057274088,1.0024576380804557,17566.412363305342,0.015392575346009569
2021-03-11,1143795.4379744506,1,1144031.057274088,1.0002059977613258,17566.412363305342,0.015358001772077124
2021-03-12,1143838.01977559,1,1144031.057274088,1.0001687629674487,17566.412363305342,0.015357430037822754
2021-03-15,1145839.3644291337,1,1144031.057274088,0.9984218493349226,17566.412363305342,0.015330606460755578
2021-03-16,1146123.2431033954,1,1144031.057274088,0.9981745542271333,17566.412363305342,0.01532680928426178
2021-03-17,1146691.0004519185,1,1144031.057274088,0.9976803313387982,17566.412363305342,0.015319220571524765
2021-03-18,1141410.8571106535,1,1144031.057274088,1.0022955801998128,17566.412363305342,0.015390086973390664
2021-03-19,1139480.4821256748,1,1144031.057274088,1.0039935525178318,17566.412363305342,0.015416159064467345
2021-03-22,1142432.8203379952,1,1144031.057274088,1.0013989767342468,17566.412363305342,0.015376319771790362
2021-03-23,1139466.2881919618,1,1144031.057274088,1.0040060589149762,17566.412363305342,0.015416351098178335
2021-03-24,1136599.11358192,1,1144031.057274088,1.0065387554885088,17566.412363305342,0.015455240245565481
2021-03-25,1138344.9674286286,1,1144031.057274088,1.0049950498382785,17566.412363305342,0.015431536894290977
2021-03-26,1146378.733910231,1,1144031.057274088,0.9979520933469037,17566.412363305342,0.015323393433326641
2021-03-29,1146563.2550485008,1,1144031.057274088,0.9977914888138416,17566.412363305342,0.01532092737662543
2021-03-30,1144278.0317206953,1,1144031.057274088,0.9997841657012012,17566.412363305342,0.01535152460883134
2021-03-31,1145881.946230273,1,1144031.057274088,0.998384747257539,17566.412363305342,0.015330036764341559
2021-04-01,1153417.5056385463,0,0.0,0.0,0.0,0.0
2021-04-05,1153265.0897538725,1,1153417.5056385465,1.0001321603211857,16286.529802831901,0.014122104230439976
2021-04-06,1153141.50930684,1,1153417.5056385465,1.0002393429856433,16286.529802831901,0.014123617675181799
2021-04-07,1153718.218059659,1,1153417.5056385465,0.9997393536685082,16286.529802831901,0.014116557706978778
2021-04-08,1155324.7638710842,1,1153417.5056385465,0.9983491583560045,16286.529802831901,0.014096927818167342
2021-04-09,1156807.7292354766,1,1153417.5056385465,0.9970693283669788,16286.529802831901,0.014078856314000873
2021-04-12,1157453.0937922029,1,1153417.5056385465,0.9965133894623458,16286.529802831901,0.014071006324301048
2021-04-13,1158263.2322783063,1,1153417.5056385465,0.9958163856844284,16286.529802831901,0.014061164465003575
2021-04-14,1157494.2872745472,1,1153417.5056385465,0.9964779250482524,16286.529802831901,0.014070505558330141
2021-04-15,1160355.8611813933,0,0.0,0.0,0.0,0.0
2021-04-16,1160239.8255952753,1,1160355.8611813937,1.0001000100010005,15686.392141970799,0.01351995664682748
2021-04-19,1159713.6177047393,1,1160355.8611813937,1.0005537948911263,15686.392141970799,0.013526091185353762
2021-04-20,1157838.15881283,1,1160355.8611813937,1.0021744855698531,15686.392141970799,0.013548000661901295
2021-04-21,1159767.5877447943,1,1160355.8611813937,1.0005072338999776,15686.392141970799,0.013525461745722259
2021-04-22,1158283.4116432834,1,1160355.8611813937,1.0017892421813848,15686.392141970799,0.013542792708838116
2021-04-23,1160482.6907755225,1,1160355.8611813937,0.9998907096201116,15686.392141970799,0.013517127197724908
2021-04-26,1161008.8986660582,1,1160355.8611813937,0.999437525857541,15686.392141970799,0.01351100078560439
2021-04-27,1161143.8237661957,1,1160355.8611813937,0.9993213910553767,15686.392141970799,0.013509430805127688
2021-04-28,1161089.8537261407,1,1160355.8611813937,0.99936784173732,15686.392141970799,0.013510058753532657
2021-04-29,1162641.4923777203,1,1160355.8611813937,0.9980341049142739,15686.392141970799,0.0134920284927132
2021-04-30,1161521.6140465802,1,1160355.8611813937,0.9989963571481678,15686.392141970799,0.013505036800237909
2021-05-03,1161332.718906388,1,1160355.8611813937,0.9991588476677777,15686.392141970799,0.013507233445332077
2021-05-04,1159713.6177047393,1,1160355.8611813937,1.0005537948911263,15686.392141970799,0.013526091185353762
2021-05-05,1159835.050294863,1,1160355.8611813937,1.0004490387546041,15686.392141970799,0.013524675028559339
2021-05-06,1162128.7769971984,1,1160355.8611813937,0.998474423961529,15686.392141970799,0.013497980991833417
2021-05-07,1164314.563619424,1,1160355.8611813937,0.9965999717243732,15686.392141970799,0.01347264101310182
2021-05-10,1161292.2413763467,1,1160355.8611813937,0.9991936739421912,15686.392141970799,0.013507704247967345
2021-05-11,1158755.6494937642,1,1160355.8611813937,1.0013809742272486,15686.392141970799,0.013537273495774412
2021-05-12,1154343.598719272,1,1160355.8611813937,1.0052083820352902,15686.392141970799,0.0135890147087701
2021-05-13,1156138.1025510991,1,1160355.8611813937,1.0036481443012628,15686.392141970799,0.013567922471681959
2021-05-14,1159996.960415028,1,1160355.8611813937,1.0003093980231097,15686.392141970799,0.013522787280717066
2021-05-17,1158917.5596139291,1,1160355.8611813937,1.001241073237292,15686.392141970799,0.013535382229600884
2021-05-18,1156084.1325110442,1,1160355.8611813937,1.0036949980976482,15686.392141970799,0.013568555869631698
2021-05-19,1154613.4489195468,1,1160355.8611813937,1.0049734500037397,15686.392141970799,0.013585838755515677
2021-05-20,1157865.1438328575,1,1160355.8611813937,1.0021511290514293,15686.392141970799,0.013547684914362697
2021-05-21,1157878.6363428712,1,1160355.8611813937,1.0021394512004702,15686.392141970799,0.013547527046112406
2021-05-24,1160900.9585859485,1,1160355.8611813937,0.9995304531359689,15686.392141970799,0.013512257032742765
2021-05-25,1159578.692604602,1,1160355.8611813937,1.0006702163309382,15686.392141970799,0.013527665040771502
2021-05-26,1159848.5428048768,1,1160355.8611813937,1.00043740053791,15686.392141970799,0.013524517696109005
2021-05-27,1161238.271336292,1,1160355.8611813937,0.999240112751466,15686.392141970799,0.013508332035870402
2021-05-28,1160280.3031253165,1,1160355.8611813937,1.000065120519476,15686.392141970799,0.013519484989720268
2021-06-01,1159673.1401746983,1,1160355.8611813937,1.000588718478547,15686.392141970799,0.013526563303525104
2021-06-02,1159875.5278249043,1,1160355.8611813937,1.0004141249168264,15686.392141970799,0.013524203042189565
2021-06-03,1157892.128852885,1,1160355.8611813937,1.0021277736216667,15686.392141970799,0.01354736918154128
2021-06-04,1162317.6721373908,1,1160355.8611813937,0.9983121559595756,15686.392141970799,0.013495787354867474
2021-06-07,1161750.9867168139,1,1160355.8611813937,0.9987991182694298,15686.392141970799,0.013502370405814411
2021-06-08,1161953.3743670199,1,1160355.8611813937,0.9986251486325806,15686.392141970799,0.01350001857907254
2021-06-09,1161454.1514965117,1,1160355.8611813937,0.9990543834091921,15686.392141970799,0.01350582123432008
2021-06-10,1163140.7152482287,1,1160355.8611813937,0.9976057462090985,15686.392141970799,0.013486237680729048
2021-06-11,1164692.3538998086,1,1160355.8611813937,0.9962767054287814,15686.392141970799,0.01346827090385467
2021-06-14,1166391.060910538,0,0.0,0.0,0.0,0.0
2021-06-15,1166391.060910538,0,0.0,0.0,0.0,0.0
2021-06-16,1166391.060910538,0,0.0,0.0,0.0,0.0
2021-06-17,1166262.059134216,1,1166391.0609105383,1.0001106113118505,16737.980477766898,0.014351817712558078
2021-06-18,1162942.950930934,1,1166391.0609105383,1.0029649863536678,16737.980477766898,0.014392778652098258
2021-06-21,1166705.5027403226,1,1166391.0609105383,0.9997304874031658,16737.980477766898,0.014346362846882298
2021-06-22,1167525.201527368,1,1166391.0609105383,0.9990285943161261,16737.980477766898,0.01433629051935676
2021-06-23,1167202.6970865633,1,1166391.0609105383,0.9993046313394829,16737.980477766898,0.014340251714244932
2021-06-24,1168963.033825956,1,1166391.0609105383,0.9977997825072366,16737.980477766898,0.014318656786762834
2021-06-25,1169849.921038169,1,1166391.0609105383,0.9970433300328292,16737.980477766898,0.014307801519457285
2021-06-28,1170325.6150883562,0,0.0,0.0,0.0,0.0
2021-06-29,1170205.0039547512,1,1170325.6150883564,1.0001030683796408,16860.376160293294,0.01440805337809446
2021-06-30,1170867.7024910415,1,1170325.6150883564,0.9995370207910494,16860.376160293294,0.014399898574725862
2021-07-01,1172113.5757392668,1,1170325.6150883564,0.9984745841291167,16860.376160293294,0.014384592508161372
2021-07-02,1174486.0364991855,1,1170325.6150883564,0.9964576663480563,16860.376160293294,0.014355535643956535
2021-07-06,1173995.6395823308,1,1170325.6150883564,0.9968739027895538,16860.376160293294,0.01436153218277
2021-07-07,1175193.7985359433,0,0.0,0.0,0.0,0.0
2021-07-08,1175013.8139001315,1,1175193.7985359437,1.0001531766126348,16272.728543691406,0.013848967859942524
2021-07-09,1177832.69091689,1,1175193.7985359437,0.9977595354575427,16272.728543691406,0.013815823477461655
2021-07-12,1178957.594890714,1,1175193.7985359437,0.9968075218556787,16272.728543691406,0.013802641090920529
2021-07-13,1178216.48168443,1,1175193.7985359437,0.9974345265106418,16272.728543691406,0.013811323128350062
2021-07-14,1178600.2724519698,1,1175193.7985359437,0.9971097292308111,16272.728543691406,0.013806825710159974
2021-07-15,1177343.0268341668,1,1175193.7985359437,0.9981745096804945,16272.728543691406,0.013821569561972257
2021-07-16,1175569.6488048446,1,1175193.7985359437,0.9996802824321953,16272.728543691406,0.013842419766651215
2021-07-19,1172022.8927462,1,1175193.7985359437,1.0027054981684818,16272.728543691406,0.013884309465630244
2021-07-20,1175688.756284426,1,1175193.7985359437,0.9995790061393064,16272.728543691406,0.013841017409334364
2021-07-21,1177660.646779717,1,1175193.7985359437,0.997905297888217,16272.728543691406,0.013817841827515226
2021-07-22,1178414.9941503988,1,1175193.7985359437,0.9972665015037615,16272.728543691406,0.01380899651181335
2021-07-23,1180570.8395308212,0,0.0,0.0,0.0,0.0
2021-07-26,1180570.8395308212,0,0.0,0.0,0.0,0.0
2021-07-27,1180570.8395308212,0,0.0,0.0,0.0,0.0
2021-07-28,1180426.040234481,1,1180570.8395308217,1.0001226669790442,17742.479545258237,0.015030572810587822
2021-07-29,1181130.4692437039,1,1180570.8395308217,0.9995261914517872,17742.479545258237,0.015021608541365477
2021-07-30,1180569.535032656,1,1180570.8395308217,1.000001104973597,17742.479545258237,0.015028745888117007
2021-08-02,1179917.2859500423,1,1180570.8395308217,1.0005538977931432,17742.479545258237,0.015037053661750874
2021-08-03,1181365.2789134448,1,1180570.8395308217,0.9993275243510171,17742.479545258237,0.01501862282729081
2021-08-04,1180426.040234481,1,1180570.8395308217,1.0001226669790442,17742.479545258237,0.015030572810587822
2021-08-05,1181900.123161188,1,1180570.8395308217,0.998875299524624,17742.479545258237,0.015011826462800451
2021-08-06,1182291.4726107563,1,1180570.8395308217,0.9985446625305221,17742.479545258237,0.015006857408925559
2021-08-09,1182004.4830144062,1,1180570.8395308217,0.9987871082519684,17742.479545258237,0.015010501060038697
2021-08-10,1182056.6629410153,1,1180570.8395308217,0.9987430184552263,17742.479545258237,0.015009838446419371
2021-08-11,1182917.6317300654,1,1180570.8395308217,0.9980160983856403,17742.479545258237,0.014998913761484082
2021-08-12,1183739.4655741586,1,1180570.8395308217,0.9973232065539016,17742.479545258237,0.014988500477723331
2021-08-13,1184339.5347301634,1,1180570.8395308217,0.9968178929362512,17742.479545258237,0.014980906256161273
2021-08-16,1185101.361658656,0,0.0,0.0,0.0,0.0
2021-08-17,1185015.8789374873,1,1185101.3616586565,1.0000721363508192,17544.680923528038,0.014805439518041738
2021-08-18,1182891.7628357166,1,1185101.3616586565,1.0018679636568293,17544.680923528038,0.014832025612781864
2021-08-19,1183539.3592082076,1,1185101.3616586565,1.001319772290035,17544.680923528038,0.014823909984088317
2021-08-20,1184769.7923159406,1,1185101.3616586565,1.0002798597203155,17544.680923528038,0.01480851473199059
2021-08-23,1187774.6394842993,1,1185101.3616586565,0.9977493391955199,17544.680923528038,0.014771051965838805
2021-08-24,1188007.774178396,1,1185101.3616586565,0.9975535408244702,17544.680923528038,0.014768153293998108
2021-08-25,1188823.7456077347,1,1185101.3616586565,0.9968688512802415,17544.680923528038,0.014758016895565187
2021-08-26,1187399.0335882544,1,1185101.3616586565,0.9980649538490406,17544.680923528038,0.014775724442447102
2021-08-27,1189470.0467874808,0,0.0,0.0,0.0,0.0
2021-08-30,1189385.8139300903,1,1189470.0467874813,1.0000708204658273,17237.105635098414,0.01449244259786638
2021-08-31,1189347.52626764,1,1189470.0467874813,1.000103014902823,17237.105635098414,0.014492909140855716
2021-09-01,1188977.4121972877,1,1189470.0467874813,1.0004143346922656,17237.105635098414,0.014497420605529764
2021-09-02,1189730.4028921425,1,1189470.0467874813,0.9997811637796022,17237.105635098414,0.014488245062239601
2021-09-03,1189653.827567242,1,1189470.0467874813,0.9998455174307835,17237.105635098414,0.014489177637789874
2021-09-07,1188492.4351395848,1,1189470.0467874813,1.000822564468222,17237.105635098414,0.014503336433162883
2021-09-08,1188071.2708526321,1,1189470.0467874813,1.001177350188634,17237.105635098414,0.014508477780737867
2021-09-09,1186692.9150044234,1,1189470.0467874813,1.0023402278280624,17237.105635098414,0.014525329524727265
2021-09-10,1184778.5318819112,1,1189470.0467874813,1.0039598243716639,17237.105635098414,0.014548799772493232
2021-09-13,1184650.9063404105,1,1189470.0467874813,1.0040679835901682,17237.105635098414,0.014550367152756238
2021-09-14,1182404.6968099964,1,1189470.0467874813,1.0059754075711527,17237.105635098414,0.014578008427742477
2021-09-15,1184612.6186779602,1,1189470.0467874813,1.004100435900254,17237.105635098414,0.01455083743269188
2021-09-16,1183706.4773333045,1,1189470.0467874813,1.0048690866904448,17237.105635098414,0.014561976271288784
2021-09-17,1180349.9255918334,1,1189470.0467874813,1.0077266249591832,17237.105635098414,0.014603386047960009
2021-09-20,1177542.1636788158,1,1189470.0467874813,1.0101294743208185,17237.105635098414,0.01463820673838731
2021-09-21,1176674.3099966103,1,1189470.0467874813,1.0108744932069673,17237.105635098414,0.014649003117224571
2021-09-22,1177746.364545217,1,1189470.0467874813,1.0099543353265126,17237.105635098414,0.014635668726308884
2021-09-23,1180388.2132542836,1,1189470.0467874813,1.0076939378343668,17237.105635098414,0.014602912365226348
2021-09-24,1180030.8617380816,1,1189470.0467874813,1.0079991001553101,17237.105635098414,0.014607334599460963
2021-09-27,1178729.0812147732,1,1189470.0467874813,1.0091123276280234,17237.105635098414,0.014623466842214683
2021-09-28,1175729.8809895045,1,1189470.0467874813,1.0116864987614442,17237.105635098414,0.014660770227759726
2021-09-29,1175563.9677855533,1,1189470.0467874813,1.0118292831211246,17237.105635098414,0.014662839375358273
2021-09-30,1173662.3472171915,1,1189470.0467874813,1.0134686944739861,17237.105635098414,0.01468659676777431
2021-10-01,1174645.0638867477,1,1189470.0467874813,1.0126208191363608,17237.105635098414,0.014674309853278635
2021-10-04,1173521.9591215404,1,1189470.0467874813,1.013589935443457,17237.105635098414,0.01468835372113662
2021-10-05,1173917.598300193,1,1189470.0467874813,1.0132483306407605,17237.105635098414,0.014683403383727586
2021-10-06,1174236.662153945,1,1189470.0467874813,1.0129730105731778,17237.105635098414,0.014679413606010022
2021-10-07,1174989.6528487997,1,1189470.0467874813,1.0123238480471495,17237.105635098414,0.014670006321593135
2021-10-08,1173866.5480835927,1,1189470.0467874813,1.0132923957406932,17237.105635098414,0.01468404194943541
2021-10-11,1173177.3701594884,1,1189470.0467874813,1.0138876499346199,17237.105635098414,0.014692668025769287
2021-10-12,1172717.9182100855,1,1189470.0467874813,1.0142848747488777,17237.105635098414,0.01469842437592097
2021-10-13,1172794.493534986,1,1189470.0467874813,1.0142186489998197,17237.105635098414,0.014697464671020993
2021-10-14,1174185.6119373445,1,1189470.0467874813,1.013017051729086,17237.105635098414,0.014680051824735014
2021-10-15,1175398.0545816023,1,1189470.0467874813,1.011972107790231,17237.105635098414,0.014664909107097491
2021-10-18,1175946.8444100558,1,1189470.0467874813,1.0114998415461625,17237.105635098414,0.014658065300346
2021-10-19,1179571.4097886784,1,1189470.0467874813,1.008391723397718,17237.105635098414,0.014613024266319292
2021-10-20,1180464.788579184,1,1189470.0467874813,1.0076285699458567,17237.105635098414,0.014601965091940708
2021-10-21,1182111.1580645444,1,1189470.0467874813,1.0062252087485457,17237.105635098414,0.01458162840059856
2021-10-22,1180822.1400953864,1,1189470.0467874813,1.0073236318988703,17237.105635098414,0.014597546107753372
2021-10-25,1184753.006773611,1,1189470.0467874813,1.0039814543511614,17237.105635098414,0.014549113221530885
2021-10-26,1186003.737080319,1,1189470.0467874813,1.0029226802570586,17237.105635098414,0.014533770085356043
2021-10-27,1181664.4686692916,1,1189470.0467874813,1.006605579100622,17237.105635098414,0.014587140505722107
2021-10-28,1189105.0377387884,1,1189470.0467874813,1.0003069611490225,17237.105635098414,0.014495864610814055
2021-10-29,1192514.5540799825,0,0.0,0.0,0.0,0.0
2021-11-01,1192400.3237384865,1,1192514.5540799832,1.000095798650187,17173.464857229734,0.014402432232982322
2021-11-02,1193655.6022164654,1,1192514.5540799832,0.9990440725663554,17173.464857229734,0.01438728627029506
2021-11-03,1195538.5199334337,1,1192514.5540799832,0.9974706244901093,17173.464857229734,0.014364626961735983
2021-11-04,1196781.2456266328,1,1192514.5540799832,0.9964348609553824,17173.464857229734,0.01434971087655851
2021-11-05,1197564.5393968918,0,0.0,0.0,0.0,0.0
2021-11-08,1197564.5393968918,0,0.0,0.0,0.0,0.0
2021-11-09,1197564.5393968918,0,0.0,0.0,0.0,0.0
2021-11-10,1197564.5393968918,0,0.0,0.0,0.0,0.0
2021-11-11,1197438.2825926337,1,1197564.539396892,1.000105439091178,17639.700642410804,0.014731198174337806
2021-11-12,1199425.8897091693,1,1197564.539396892,0.9984481322870823,17639.700642410804,0.014706786633301695
2021-11-15,1199300.8829722803,1,1197564.539396892,0.9985522035378771,17639.700642410804,0.014708319565890384
2021-11-16,1200375.940909526,1,1197564.539396892,0.9976578991490751,17639.700642410804,0.014695146779637373
2021-11-17,1199650.9018355696,1,1197564.539396892,0.9982608586919034,17639.700642410804,0.014704028159709242
2021-11-18,1200663.4564043707,1,1197564.539396892,0.9974189961467146,17639.700642410804,0.014691627823200725
2021-11-19,1200500.947646415,1,1197564.539396892,0.9975540142177481,17639.700642410804,0.014693616591468318
2021-11-22,1199800.9099198366,1,1197564.539396892,0.9981360486523603,17639.700642410804,0.01470218975212261
2021-11-23,1199400.8883617916,1,1197564.539396892,0.9984689448017604,17639.700642410804,0.014707093194256416
2021-11-24,1200713.4590991263,1,1197564.539396892,0.9973774594776369,17639.700642410804,0.014691016002806827
2021-11-26,1194950.6485285421,1,1197564.539396892,1.0021874467130243,17639.700642410804,0.014761865407690491
2021-11-29,1198438.336487746,1,1197564.539396892,0.999270886899851,17639.700642410804,0.014718905516747184
2021-11-30,1194300.6134967192,1,1197564.539396892,1.0027329182144658,17639.700642410804,0.014769900009315587
2021-12-01,1190650.4167795596,1,1197564.539396892,1.0058070131416352,17639.700642410804,0.014815180336577893
2021-12-02,1193600.5757701406,1,1197564.539396892,1.003321013500847,17639.700642410804,0.014778562444165404
2021-12-03,1191450.4598956492,1,1197564.539396892,1.0051316271276427,17639.700642410804,0.014805232140290366
2021-12-06,1193975.5959808077,1,1197564.539396892,1.0030058766930963,17639.700642410804,0.014773920590831196
2021-12-07,1200075.9247409923,1,1197564.539396892,0.9979073112856237,17639.700642410804,0.014698820531890857
2021-12-08,1200063.4240673033,1,1197564.539396892,0.9979177061642777,17639.700642410804,0.014698973644764224
2021-12-09,1197788.3014559231,1,1197564.539396892,0.9998131873063386,17639.700642410804,0.01472689340926905
2021-12-10,1201213.4860466826,1,1197564.539396892,0.9969622829811879,17639.700642410804,0.014684900600362786
2021-12-13,1197575.7900032117,1,1197564.539396892,0.9999906055162324,17639.700642410804,0.014729506716533988
2021-12-14,1194750.6377495197,1,1197564.539396892,1.0023552208791224,17639.700642410804,0.014764336661613049
2021-12-15,1200725.9597728152,1,1197564.539396892,0.9973670758509117,17639.700642410804,0.014690863055670375
2021-12-16,1197450.7832663227,1,1197564.539396892,1.000094998585461,17639.700642410804,0.014731044389393991
2021-12-17,1193250.5569068515,1,1197564.539396892,1.0036153199050024,17639.700642410804,0.01478289747304749
2021-12-20,1189212.8393053357,1,1197564.539396892,1.007022880863307,17639.700642410804,0.0148330896365993
2021-12-21,1194088.1020440077,1,1197564.539396892,1.002911374250303,17639.700642410804,0.014772528603388345
2021-12-22,1198475.8385088127,1,1197564.539396892,0.9992396182862939,17639.700642410804,0.014718444941166909
2021-12-23,1201213.4860466826,1,1197564.539396892,0.9969622829811879,17639.700642410804,0.014684900600362786
2021-12-27,1207937.5984239434,0,0.0,0.0,0.0,0.0
2021-12-28,1207801.4755067606,1,1207937.5984239439,1.0001127030558776,18420.74179281833,0.015251464885890695
2021-12-29,1207642.0522704204,1,1207937.5984239439,1.000244729928846,18420.74179281833,0.015253478262194102
2021-12-30,1207028.8859768042,1,1207937.5984239439,1.0007528506216354,18420.74179281833,0.015261226973794501
2021-12-31,1206047.8199070182,1,1207937.5984239439,1.0015669183972087,18420.74179281833,0.015273641300755803
2022-01-03,1207433.5757305908,1,1207937.5984239439,1.000417433060902,18420.74179281833,0.015256111941124674
2022-01-04,1207225.0991907613,1,1207937.5984239439,1.0005901958414054,18420.74179281833,0.01525874652967893
2022-01-05,1202074.502324385,1,1207937.5984239439,1.004877481460776,18420.74179281833,0.015324126547230775
2022-01-06,1201755.6558517045,1,1207937.5984239439,1.005144092763065,18420.74179281833,0.01532819230192284
2022-01-07,1199315.2540031122,1,1207937.5984239439,1.007189389438725,18420.74179281833,0.01535938255711582
2022-01-10,1198493.6111696663,1,1207937.5984239439,1.0078798811827296,18420.74179281833,0.015369912380960181
2022-01-11,1200884.9597147696,1,1207937.5984239439,1.0058728678814075,18420.74179281833,0.015339305937509257
2022-01-12,1201866.0257845556,1,1207937.5984239439,1.0050517882269157,18420.74179281833,0.015326784681174108
2022-01-13,1198248.34465222,1,1207937.5984239439,1.0080861816458726,18420.74179281833,0.015373058410662587
2022-01-14,1197757.811617327,1,1207937.5984239439,1.0084990360387391,18420.74179281833,0.015379354335368422
2022-01-18,1194275.0270695868,1,1207937.5984239439,1.011440054463737,18420.74179281833,0.015424204119898264
2022-01-19,1192423.264862866,1,1207937.5984239439,1.0130107605396832,18420.74179281833,0.01544815698890008
2022-01-20,1191221.458927378,1,1207937.5984239439,1.0140327723038314,18420.74179281833,0.01546374240890949
2022-01-21,1190632.8192855064,1,1207937.5984239439,1.0145341022506182,18420.74179281833,0.015471387563356887
2022-01-24,1190853.5591512083,1,1207937.5984239439,1.0143460454406437,18420.74179281833,0.01546851974473493
2022-01-25,1190154.5495764858,1,1207937.5984239439,1.0149417979822757,18420.74179281833,0.015477604819788587
2022-01-26,1190375.2894421876,1,1207937.5984239439,1.0147535900127647,18420.74179281833,0.015474734696022067
2022-01-27,1190019.6529918902,1,1207937.5984239439,1.0150568483360802,18420.74179281833,0.01547935930848351
2022-01-28,1190559.2393302724,1,1207937.5984239439,1.014596803350539,18420.74179281833,0.015472343739216694
2022-01-31,1190976.1924099314,1,1207937.5984239439,1.0142415995568232,18420.74179281833,0.015466926971515776
2022-02-01,1190939.4024323146,1,1207937.5984239439,1.014272931063422,18420.74179281833,0.015467404769039244
2022-02-02,1190853.5591512083,1,1207937.5984239439,1.0143460454406437,18420.74179281833,0.01546851974473493
2022-02-03,1190436.6060715492,1,1207937.5984239439,1.0147013224082113,18420.74179281833,0.015473937628318515
2022-02-04,1190068.7062953794,1,1207937.5984239439,1.015015008825994,18420.74179281833,0.015478721266573861
2022-02-07,1190031.9163177626,1,1207937.5984239439,1.0150463881351903,18420.74179281833,0.015479199793074811
2022-02-08,1189933.809710784,1,1207937.5984239439,1.015130075779203,18420.74179281833,0.015480476008405488
2022-02-09,1190424.3427456769,1,1207937.5984239439,1.0147117754983683,18420.74179281833,0.015474097035290341
2022-02-10,1189884.7564072947,1,1207937.5984239439,1.0151719247762763,18420.74179281833,0.01548111419498928
2022-02-11,1189639.4898898483,1,1207937.5984239439,1.015381221529381,18420.74179281833,0.015484305917353126
2022-02-14,1189700.8065192099,1,1207937.5984239439,1.0153288892508114,18420.74179281833,0.015483507863387242
2022-02-15,1189664.0165415928,1,1207937.5984239439,1.0153602879706096,18420.74179281833,0.01548398668589495
2022-02-16,1189578.1732604867,1,1207937.5984239439,1.0154335592028696,18420.74179281833,0.015485104053590153
2022-02-17,1189578.1732604867,1,1207937.5984239439,1.0154335592028696,18420.74179281833,0.015485104053590153
2022-02-18,1189529.1199569972,1,1207937.5984239439,1.015475433226563,18420.74179281833,0.015485742621823551
2022-02-22,1189467.8033276356,1,1207937.5984239439,1.015527780613008,18420.74179281833,0.015486540906180702
2022-02-23,1189529.1199569972,1,1207937.5984239439,1.015475433226563,18420.74179281833,0.015485742621823551
2022-02-24,1189529.1199569972,1,1207937.5984239439,1.015475433226563,18420.74179281833,0.015485742621823551
2022-02-25,1189320.6434171677,1,1207937.5984239439,1.0156534363628682,18420.74179281833,0.015488457124473746
2022-02-28,1189516.8566311249,0,0.0,0.0,0.0,0.0
2022-03-01,1189194.0260427825,1,1189516.8566311256,1.0002714700723963,19840.01594995901,0.016683581918065613
2022-03-02,1191444.4633391118,1,1189516.8566311256,0.9983821262616103,19840.01594995901,0.01665206945051882
2022-03-03,1190975.6222357098,1,1189516.8566311256,0.9987751507441892,19840.01594995901,0.01665862472710832
2022-03-04,1189528.9125452125,1,1189516.8566311256,0.9999898649675852,19840.01594995901,0.01667888501130057
2022-03-07,1185041.4334126513,1,1189516.8566311256,1.0037765964060734,19840.01594995901,0.0167420441096513
2022-03-08,1183112.487158655,1,1189516.8566311256,1.005413153476092,19840.01594995901,0.01676934033348468
2022-03-09,1187385.638929661,1,1189516.8566311256,1.0017948824978091,19840.01594995901,0.01670899099625569
2022-03-10,1186501.538563246,1,1189516.8566311256,1.0025413520083009,19840.01594995901,0.016721441401570884
2022-03-11,1184103.7512058476,1,1189516.8566311256,1.0045714789939357,19840.01594995901,0.016755301999300882
2022-03-14,1182831.1824966138,1,1189516.8566311256,1.0056522640199594,19840.01594995901,0.016773328471170745
2022-03-15,1186113.0702204271,1,1189516.8566311256,1.0028696980887883,19840.01594995901,0.016726917903595772
2022-03-16,1190158.4991697809,1,1189516.8566311256,0.9994608763966287,19840.01594995901,0.016670061982331612
2022-03-17,1192221.400024749,1,1189516.8566311256,0.9977315091026152,19840.01594995901,0.016641217771755444
2022-03-18,1194624.5455661863,0,0.0,0.0,0.0,0.0
2022-03-21,1194265.3774021599,1,1194624.545566187,1.0003007440145408,18760.029900743084,0.015708426498598715
2022-03-22,1196282.4449899895,1,1194624.545566187,0.9986141237541805,18760.029900743084,0.015681940313769353
2022-03-23,1193757.8571703834,1,1194624.545566187,1.0007260169142325,18760.029900743084,0.015715104858208685
2022-03-24,1196659.8318290028,1,1194624.545566187,0.9982991939658366,18760.029900743084,0.01567699474968573
2022-03-25,1197674.8722925559,1,1194624.545566187,0.9974531262223695,18760.029900743084,0.01566370835252906
2022-03-28,1199118.0516182997,0,0.0,0.0,0.0,0.0
2022-03-29,1198820.7912609656,1,1199118.0516183004,1.000247960628896,18636.712911496194,0.0155458706149844
2022-03-30,1197838.3205884213,1,1199118.0516183004,1.0010683670808347,18636.712911496194,0.015558621385848776
2022-03-31,1194475.2479016348,1,1199118.0516183004,1.0038868982214757,18636.712911496194,0.015602427044206888
2022-04-01,1193429.7983398247,1,1199118.0516183004,1.0047663073993867,18636.712911496194,0.015616094836429967
2022-04-04,1195344.356573501,1,1199118.0516183004,1.0031569940695724,18636.712911496194,0.015591082861610712
2022-04-05,1192737.0305579023,1,1199118.0516183004,1.0053498976697433,18636.712911496194,0.015625165006220087
2022-04-06,1190003.7467637723,1,1199118.0516183004,1.007659055594837,18636.712911496194,0.015661053977501272
2022-04-07,1191225.5372155262,1,1199118.0516183004,1.006625541642788,18636.712911496194,0.015644991086288546
2022-04-08,1190028.9383194786,1,1199118.0516183004,1.0076377246016026,18636.712911496194,0.015660722450845918
2022-04-11,1186439.1416313357,1,1199118.0516183004,1.0106865236842502,18636.712911496194,0.01570810693742875
2022-04-12,1185733.7780715602,1,1199118.0516183004,1.0112877559822138,18636.712911496194,0.015717451299908442
2022-04-13,1186514.7162984544,1,1199118.0516183004,1.0106221483364017,18636.712911496194,0.01570710641469055
2022-04-14,1184461.6045083937,1,1199118.0516183004,1.012373931796624,18636.712911496194,0.015734332662671064
2022-04-18,1184386.029841275,1,1199118.0516183004,1.0124385305177905,18636.712911496194,0.015735336657081125
2022-04-19,1185670.7991822944,1,1199118.0516183004,1.0113414722242295,18636.712911496194,0.015718286158644647
2022-04-20,1186615.4825212795,1,1199118.0516183004,1.010536327294884,18636.712911496194,0.01570577258262091
2022-04-21,1183668.0705036463,1,1199118.0516183004,1.0130526297867275,18636.712911496194,0.01574488099823994
2022-04-22,1181677.937602851,1,1199118.0516183004,1.014758770948054,18636.712911496194,0.015771397872843918
2022-04-25,1181829.0869370888,1,1199118.0516183004,1.0146289889733708,18636.712911496194,0.015769380799212182
2022-04-26,1180695.4669303067,1,1199118.0516183004,1.0156031637318728,18636.712911496194,0.015784521439681506
2022-04-27,1181728.3207142637,1,1199118.0516183004,1.0147155066009808,18636.712911496194,0.015770725457634575
2022-04-28,1181551.97982432,1,1199118.0516183004,1.0148669479582204,18636.712911496194,0.015773079161754026
2022-04-29,1180796.2331531318,1,1199118.0516183004,1.015516494676006,18636.712911496194,0.015783174427758603
2022-05-02,1180896.9993759568,1,1199118.0516183004,1.0154298404111217,18636.712911496194,0.015781827645717394
2022-05-03,1181199.2980444322,1,1199118.0516183004,1.0151699663245095,18636.712911496194,0.015777788678295636
2022-05-04,1181249.6811558446,1,1199118.0516183004,1.015126666908364,18636.712911496194,0.015777115718042183
2022-05-05,1180859.2120423976,1,1199118.0516183004,1.0154623340273754,18636.712911496194,0.01578233266204732
2022-05-06,1180758.4458195725,1,1199118.0516183004,1.0155489938384343,18636.712911496194,0.015783679530287267
2022-05-09,1180695.4669303067,1,1199118.0516183004,1.0156031637318728,18636.712911496194,0.015784521439681506
2022-05-10,1180519.126040363,1,1199118.0516183004,1.0157548701818335,18636.712911496194,0.015786879263876483
2022-05-11,1180569.5091517754,1,1199118.0516183004,1.0157115208572953,18636.712911496194,0.01578620552794595
2022-05-12,1180519.1260403628,1,1199118.0516183004,1.0157548701818337,18636.712911496194,0.015786879263876487
2022-05-13,1180506.5302625098,1,1199118.0516183004,1.0157657080911293,18636.712911496194,0.015787047706844907
2022-05-16,1180695.4669303067,1,1199118.0516183004,1.0156031637318728,18636.712911496194,0.015784521439681506
2022-05-17,1180531.721818216,1,1199118.0516183004,1.0157440325038098,18636.712911496194,0.015786710824502493
2022-05-18,1180367.9767061253,1,1199118.0516183004,1.0158849403594445,18636.712911496194,0.015788900816762968
2022-05-19,1180493.9344846567,1,1199118.0516183004,1.0157765462317043,18636.712911496194,0.01578721615340788
2022-05-20,1180330.1893725658,1,1199118.0516183004,1.0159174631089642,18636.712911496194,0.0157894062858826
2022-05-23,1180493.9344846567,1,1199118.0516183004,1.0157765462317043,18636.712911496194,0.01578721615340788
2022-05-24,1180405.7640396846,1,1199118.0516183004,1.0158524196921719,18636.712911496194,0.01578839538000565
2022-05-25,1180493.9344846567,1,1199118.0516183004,1.0157765462317043,18636.712911496194,0.01578721615340788
2022-05-26,1180481.3387068035,1,1199118.0516183004,1.015787384603566,18636.712911496194,0.01578738460356551
2022-05-27,1180519.1260403628,1,1199118.0516183004,1.0157548701818337,18636.712911496194,0.015786879263876487
2022-05-31,1180481.3387068035,0,0.0,0.0,0.0,0.0
2022-06-01,1180333.2546572143,1,1180481.3387068042,1.0001254595251008,18085.812320589685,0.015322632188179823
2022-06-02,1182973.6212017774,1,1180481.3387068042,0.9978932053510701,18085.812320589685,0.015288432469201124
2022-06-03,1180836.1816180833,1,1180481.3387068042,0.9996994986122522,18085.812320589685,0.01531610616453753
2022-06-06,1180892.0623915133,1,1180481.3387068042,0.9996521920183989,18085.812320589685,0.015315381393929219
2022-06-07,1182330.9923073335,1,1180481.3387068042,0.998435587316442,18085.812320589685,0.015296742146033911
2022-06-08,1180850.151811441,1,1180481.3387068042,0.9996876715440388,18085.812320589685,0.015315924965454584
2022-06-09,1176309.838970261,1,1180481.3387068042,1.003546259325855,18085.812320589685,0.015375041270097652
2022-06-10,1171895.257869298,1,1180481.3387068042,1.007326662327414,18085.812320589685,0.015432959728391359
2022-06-13,1167271.1238679732,1,1180481.3387068042,1.0113171777907572,18085.812320589685,0.015494097258791884
2022-06-14,1166335.1209130222,1,1180481.3387068042,1.0121287763183433,18085.812320589685,0.015506531524517479
2022-06-15,1166404.9718798096,1,1180481.3387068042,1.0120681642880078,18085.812320589685,0.01550560290517461
2022-06-16,1164449.144809763,1,1180481.3387068042,1.0137680498701902,18085.812320589685,0.015531646359312994
2022-06-17,1164099.889975826,1,1180481.3387068042,1.0140722019407789,18085.812320589685,0.015536306185000378
2022-06-21,1165818.2237587958,1,1180481.3387068042,1.0125775310843332,18085.812320589685,0.015513406766174883
2022-06-22,1165385.147764714,1,1180481.3387068042,1.0129538212933686,18085.812320589685,0.015519171799365619
2022-06-23,1165776.3131787232,1,1180481.3387068042,1.012613934047077,18085.812320589685,0.015513964485412373
2022-06-24,1169185.0403579476,1,1180481.3387068042,1.009661685669018,18085.812320589685,0.015468733943989472
2022-06-27,1168486.5306900737,1,1180481.3387068042,1.0102652514185566,18085.812320589685,0.015477980999839798
2022-06-28,1165706.4622119358,1,1180481.3387068042,1.0126746114685108,18085.812320589685,0.015514894106593298
2022-06-29,1165468.9689248586,1,1180481.3387068042,1.012880969105333,18085.812320589685,0.01551805565211555
2022-06-30,1164532.9659699078,1,1180481.3387068042,1.0136950805197802,18085.812320589685,0.015530528417052155
2022-07-01,1165063.833317492,1,1180481.3387068042,1.0132331851254976,18085.812320589685,0.015523451851638686
2022-07-05,1164882.2208038447,1,1180481.3387068042,1.0133911545943204,18085.812320589685,0.015525872056068719
2022-07-06,1165021.9227374194,1,1180481.3387068042,1.0132696352469148,18085.812320589685,0.015524010293380538
2022-07-07,1166209.389172805,1,1180481.3387068042,1.0122378962701735,18085.812320589685,0.01550820331966114
2022-07-08,1165664.5516318635,1,1180481.3387068042,1.0127110214119475,18085.812320589685,0.015515451932779962
2022-07-11,1164253.5621027583,1,1180481.3387068042,1.0139383525481656,18085.812320589685,0.015534255517264554
2022-07-12,1163485.201468097,1,1180481.3387068042,1.0146079530854895,18085.812320589685,0.015544514272952357
2022-07-13,1163988.128428966,1,1180481.3387068042,1.014169569151963,18085.812320589685,0.0155377979198122
2022-07-14,1162870.512960368,1,1180481.3387068042,1.0151442706218454,18085.812320589685,0.015552731038426519
2022-07-15,1163205.7976009476,1,1180481.3387068042,1.0148516635160232,18085.812320589685,0.015548248089796962
2022-07-18,1162758.7514135083,1,1180481.3387068042,1.0152418438233652,18085.812320589685,0.015554225929156548
2022-07-19,1164602.8169366952,1,1180481.3387068042,1.0136342807515053,18085.812320589685,0.015529596921430753
2022-07-20,1164770.4592569848,1,1180481.3387068042,1.0134883910601935,18085.812320589685,0.01552736178776954
2022-07-21,1165133.6842842794,1,1180481.3387068042,1.0131724407503957,18085.812320589685,0.015522521204680022
2022-07-22,1163680.7841751017,1,1180481.3387068042,1.0144374254178408,18085.812320589685,0.015541901667999247
2022-07-25,1163233.7379876624,1,1180481.3387068042,1.0148272872045296,18085.812320589685,0.01554787462739626
2022-07-26,1162646.9898666483,1,1180481.3387068042,1.0153394357836865,18085.812320589685,0.015555721107284736
2022-07-27,1163387.4101145947,1,1180481.3387068042,1.0146932384204894,18085.812320589685,0.015545820904842193
2022-07-28,1165385.1477647137,1,1180481.3387068042,1.0129538212933689,18085.812320589685,0.015519171799365622
2022-07-29,1170130.4312828348,0,0.0,0.0,0.0,0.0
2022-08-01,1170018.9247358537,1,1170130.4312828355,1.0000953031994821,17167.8783629744,0.014673162972000869
2022-08-02,1169027.7554293554,1,1170130.4312828355,1.000943241807869,17167.8783629744,0.014685603727748154
2022-08-03,1171271.6526093448,1,1170130.4312828355,0.9990256561541749,17167.8783629744,0.01465746936223378
2022-08-04,1171299.1850900808,1,1170130.4312828355,0.9990021731235513,17167.8783629744,0.01465712482473389
2022-08-05,1170831.1329175676,1,1170130.4312828355,0.9994015348456049,17167.8783629744,0.014662984165952396
2022-08-08,1170886.19787904,1,1170130.4312828355,0.9993545345418082,17167.8783629744,0.014662294588553986
2022-08-09,1170197.8858606382,1,1170130.4312828355,0.9999423562641688,17167.8783629744,0.014670918970553467
2022-08-10,1173763.3421159587,1,1170130.4312828355,0.9969049034820137,17167.8783629744,0.01462635417802846
2022-08-11,1174107.4981251596,1,1170130.4312828355,0.9966126893417555,17167.8783629744,0.01462206688091886
2022-08-12,1176549.6291664487,0,0.0,0.0,0.0,0.0
2022-08-15,1176549.6291664487,0,0.0,0.0,0.0,0.0
2022-08-16,1176549.6291664487,0,0.0,0.0,0.0,0.0
2022-08-17,1176549.6291664487,0,0.0,0.0,0.0,0.0
2022-08-18,1176361.9668387198,1,1176549.6291664492,1.000159527707474,17583.028451264647,0.014946954208759534
2022-08-19,1174086.0620130696,1,1176549.6291664492,1.0020982849836029,17583.028451264647,0.014975928102848833
2022-08-22,1170425.9811531063,1,1176549.6291664492,1.0052319822970008,17583.028451264647,0.015022759862133108
2022-08-23,1169560.8711316604,1,1176549.6291664492,1.0059755402282111,17583.028451264647,0.015033872015786069
2022-08-24,1169840.368215512,1,1176549.6291664492,1.0057351935642054,17583.028451264647,0.015030280138208943
2022-08-25,1171703.6821078572,1,1176549.6291664492,1.004135812776379,17583.028451264647,0.015006378079851506
2022-08-26,1166313.3812050018,1,1176549.6291664492,1.0087765845152796,17583.028451264647,0.0150757324185875
2022-08-29,1166486.403209291,1,1176549.6291664492,1.0086269552130842,17583.028451264647,0.015073496272986476
2022-08-30,1163571.6479062655,1,1176549.6291664492,1.0111535729523287,17583.028451264647,0.015111255488996835
2022-08-31,1162347.1844912958,1,1176549.6291664492,1.0122187629175263,17583.028451264647,0.015127174295139626
2022-09-01,1162280.6375665693,1,1176549.6291664492,1.0122767179790197,17583.028451264647,0.015128040408620834
2022-09-02,1161455.4556999593,1,1176549.6291664492,1.0129959124927381,17583.028451264647,0.015138788461472343
2022-09-06,1161056.1741515996,1,1176549.6291664492,1.0133442768401544,17583.028451264647,0.015143994616895102
2022-09-07,1161974.5217128268,1,1176549.6291664492,1.0125433967623814,17583.028451264647,0.0151320258084025
2022-09-08,1162626.6815751477,1,1176549.6291664492,1.0119754241081398,17583.028451264647,0.015123537701236
2022-09-09,1164104.0233040783,1,1176549.6291664492,1.0106911458196377,17583.028451264647,0.015104344714279665
2022-09-12,1166153.6685856578,1,1176549.6291664492,1.0089147432802743,17583.028451264647,0.015077797141940831
2022-09-13,1161202.577385998,1,1176549.6291664492,1.0132165154292019,17583.028451264647,0.015142085277528479
2022-09-14,1161175.9586161075,1,1176549.6291664492,1.0132397423803574,17583.028451264647,0.015142432394329062
2022-09-15,1160723.4395279665,1,1176549.6291664492,1.0136347635444656,17583.028451264647,0.015148335815821182
2022-09-16,1160204.373515099,1,1176549.6291664492,1.0140882555043544,17583.028451264647,0.015155113058221736
2022-09-19,1159924.8764312472,1,1176549.6291664492,1.0143326115966678,17583.028451264647,0.015158764854981412
2022-09-20,1159871.638891466,1,1176549.6291664492,1.0143791689664237,17583.028451264647,0.015159460634859064
2022-09-21,1158394.2971625351,1,1176549.6291664492,1.0156728430452266,17583.028451264647,0.015178794037862531
2022-09-22,1159472.3573431063,1,1176549.6291664492,1.0147284855177359,17583.028451264647,0.015164681020559725
2022-09-23,1160470.5612140056,1,1176549.6291664492,1.0138556448477443,17583.028451264647,0.015151636791949703
2022-09-26,1159552.2136527782,1,1176549.6291664492,1.014658602962023,17583.028451264647,0.015163636655804611
2022-09-27,1159099.6945646373,1,1176549.6291664492,1.0150547314296086,17583.028451264647,0.015169556625471209
2022-09-28,1159139.6227194732,1,1176549.6291664492,1.0150197664765614,17583.028451264647,0.015169034089278102
2022-09-29,1159206.1696441998,1,1176549.6291664492,1.0149614969074678,17583.028451264647,0.015168163275616004
2022-09-30,1159059.7664098013,1,1176549.6291664492,1.0150896987916533,17583.028451264647,0.015170079197665746
2022-10-03,1159113.0039495826,1,1176549.6291664492,1.0150430761776055,17583.028451264647,0.015169382442740197
2022-10-04,1159099.6945646373,1,1176549.6291664492,1.0150547314296086,17583.028451264647,0.015169556625471209
2022-10-05,1159019.8382549654,1,1176549.6291664492,1.0151246685629445,17583.028451264647,0.01517060180586544
2022-10-06,1159033.1476399107,1,1176549.6291664492,1.0151130117048046,17583.028451264647,0.015170427599131406
2022-10-07,1159219.479029145,1,1176549.6291664492,1.014949843796464,17583.028451264647,0.015167989124881306
2022-10-10,1159046.457024856,1,1176549.6291664492,1.0151013551143773,17583.028451264647,0.015170253396398221
2022-10-11,1159019.8382549654,1,1176549.6291664492,1.0151246685629445,17583.028451264647,0.01517060180586544
2022-10-12,1159033.1476399107,1,1176549.6291664492,1.0151130117048046,17583.028451264647,0.015170427599131406
2022-10-13,1158966.6007151841,1,1176549.6291664492,1.0151712986728132,17583.028451264647,0.01517129867281281
2022-10-14,1158820.1974807857,1,1176549.6291664492,1.0152995535668143,17583.028451264647,0.015173215387071462
2022-10-17,1158766.9599410044,1,1176549.6291664492,1.0153461997452449,17583.028451264647,0.015173912494156583
2022-10-18,1158886.7444055122,1,1176549.6291664492,1.0152412518705594,17583.028451264647,0.015172344093282747
2022-10-19,1158966.6007151841,1,1176549.6291664492,1.0151712986728132,17583.028451264647,0.01517129867281281
2022-10-20,1158913.3631754029,1,1176549.6291664492,1.0152179330668198,17583.028451264647,0.01517199560378478
2022-10-21,1158966.6007151841,0,0.0,0.0,0.0,0.0
2022-10-24,1158966.6007151841,0,0.0,0.0,0.0,0.0
2022-10-25,1158966.6007151841,0,0.0,0.0,0.0,0.0
2022-10-26,1158966.6007151841,0,0.0,0.0,0.0,0.0
2022-10-27,1158787.2721235133,1,1158966.6007151848,1.0001547554033303,16467.107289701304,0.014210638730545275
2022-10-28,1163470.5642696258,1,1158966.6007151848,0.9961288547447967,16467.107289701304,0.014153436963004395
2022-10-31,1162359.0234121624,1,1158966.6007151848,0.9970814329921757,16467.107289701304,0.014166971613780135
2022-11-01,1161440.1496366593,1,1158966.6007151848,0.9978702743122422,16467.107289701304,0.01417817981826512
2022-11-02,1157883.2188927764,1,1158966.6007151848,1.0009356572448165,16467.107289701304,0.014221734127426031
2022-11-03,1156371.5233266263,1,1158966.6007151848,1.0022441553914205,16467.107289701304,0.014240325844698304
2022-11-04,1157927.680527075,1,1158966.6007151848,1.0008972237261284,16467.107289701304,0.014221188047085697
2022-11-07,1159498.65827229,1,1158966.6007151848,0.9995411313731938,16467.107289701304,0.014201920090393295
2022-11-08,1160135.9416972357,1,1158966.6007151848,0.9989920655502318,16467.107289701304,0.01419411872164786
2022-11-09,1157275.5765573632,1,1158966.6007151848,1.0014612113070356,16467.107289701304,0.014229201430732061
2022-11-10,1165099.342139429,0,0.0,0.0,0.0,0.0
2022-11-11,1164906.1061509766,1,1165099.3421394296,1.000165881170536,14401.764551128368,0.012363026062859215
2022-11-14,1164082.0114943413,1,1165099.3421394296,1.0008739338251456,14401.764551128368,0.012371778284453265
2022-11-15,1165019.774379478,1,1165099.3421394296,1.0000682973471364,14401.764551128368,0.012361819831598266
2022-11-16,1164238.3053085308,1,1165099.3421394296,1.0007395709512157,14401.764551128368,0.012370117428245763
2022-11-17,1163158.4571377675,1,1165099.3421394296,1.0016686333575204,14401.764551128368,0.012381601545990037
2022-11-18,1163812.0494516506,1,1165099.3421394296,1.0011061001545616,14401.764551128368,0.012374648086788584
2022-11-21,1163215.2912520182,1,1165099.3421394296,1.0016196923317469,14401.764551128368,0.012380996587164132
2022-11-22,1165261.3193650434,1,1165099.3421394296,0.9998609949348511,14401.764551128368,0.012359257371536163
2022-11-23,1166540.0869356843,1,1165099.3421394296,0.998764941888933,14401.764551128368,0.01234570908656857
2022-11-25,1166270.1248929934,1,1165099.3421394296,0.9989961307174261,14401.764551128368,0.01234856680603882
2022-11-28,1163840.466508776,1,1165099.3421394296,1.0010816565215592,14401.764551128368,0.012374345939637228
2022-11-29,1163002.163323578,1,1165099.3421394296,1.0018032458425172,14401.764551128368,0.01238326548763385
2022-11-30,1168600.3235772722,1,1165099.3421394296,0.9970041241926705,14401.764551128368,0.012323943661971842
2022-12-01,1168301.9444774562,1,1165099.3421394296,0.9972587545940798,14401.764551128368,0.012327091142153164
2022-12-02,1167960.9397919518,1,1165099.3421394296,0.9975499200743546,14401.764551128368,0.012330690231553245
2022-12-05,1164664.561165411,1,1165099.3421394296,1.0003733100400887,14401.764551128368,0.012365590086056515
2022-12-06,1161794.4383957505,1,1165099.3421394296,1.0028446544710978,14401.764551128368,0.012396138314291526
2022-12-07,1161268.7228389315,1,1165099.3421394296,1.0032986501962555,14401.764551128368,0.012401750144377133
2022-12-08,1162646.9501095111,1,1165099.3421394296,1.0021093179057388,14401.764551128368,0.01238704883694216
2022-12-09,1160856.675510614,1,1165099.3421394296,1.0036547721336482,14401.764551128368,0.012406152158959342
2022-12-12,1163428.4191804582,1,1165099.3421394296,1.0014362060711466,14401.764551128368,0.012378728517972127
2022-12-13,1165005.5658509154,1,1165099.3421394296,1.0000804942836867,14401.764551128368,0.012361970597633477
2022-12-14,1163854.6750373386,1,1165099.3421394296,1.0010694351526759,14401.764551128368,0.012374194871594543
2022-12-15,1156920.9130987527,1,1165099.3421394296,1.0070691340679212,14401.764551128368,0.01244835700355177
2022-12-16,1154278.1267860949,1,1165099.3421394296,1.0093748769055035,14401.764551128368,0.012476858234529495
2022-12-19,1152772.0227584513,1,1165099.3421394296,1.0106936316440787,14401.764551128368,0.012493159329688273
2022-12-20,1152629.9374728245,1,1165099.3421394296,1.0108182203682343,14401.764551128368,0.012494699367868812
2022-12-21,1154278.1267860949,1,1165099.3421394296,1.0093748769055035,14401.764551128368,0.012476858234529495
2022-12-22,1152232.0986730696,1,1165099.3421394296,1.0111672322626475,14401.764551128368,0.012499013495383168
2022-12-23,1152161.0560302562,1,1165099.3421394296,1.011229581178305,14401.764551128368,0.012499784188808906
2022-12-27,1151663.7575305626,1,1165099.3421394296,1.011666238970371,14401.764551128368,0.012505181705126444
2022-12-28,1151138.0419737436,1,1165099.3421394296,1.0121282588678486,14401.764551128368,0.012510892721810387
2022-12-29,1151479.0466592477,1,1165099.3421394296,1.0118285222121046,14401.764551128368,0.012507187684319384
2022-12-30,1151123.833445181,1,1165099.3421394296,1.012140751749029,14401.764551128368,0.012511047146009953
2023-01-03,1150825.4543453646,1,1165099.3421394296,1.0124031735135584,14401.764551128368,0.012514290935040766
2023-01-04,1150725.994645426,1,1165099.3421394296,1.0124906776772975,14401.764551128368,0.0125153725718745
2023-01-05,1150711.7861168634,1,1165099.3421394296,1.0125031795069361,14401.764551128368,0.01251552710668574
2023-01-06,1150697.5775883007,0,0.0,0.0,0.0,0.0
2023-01-09,1150697.5775883007,0,0.0,0.0,0.0,0.0
2023-01-10,1150697.5775883007,0,0.0,0.0,0.0,0.0
2023-01-11,1150697.5775883007,0,0.0,0.0,0.0,0.0
2023-01-12,1150542.7564596797,1,1150697.5775883014,1.0001345635594614,17129.35387922658,0.014888063727362113
2023-01-13,1151044.879038991,1,1150697.5775883014,0.9996982728849118,17129.35387922658,0.014881569077938908
2023-01-17,1150821.713448186,1,1150697.5775883014,0.9998921328486994,17129.35387922658,0.014884454889108941
2023-01-18,1147502.1252849614,1,1150697.5775883014,1.0027847027320724,17129.35387922658,0.014927513859700097
2023-01-19,1146079.4446435797,1,1150697.5775883014,1.0040295050803898,17129.35387922658,0.014946044062899717
2023-01-20,1149524.563451632,1,1150697.5775883014,1.0010204341637967,17129.35387922658,0.014901250850867376
2023-01-23,1151979.384950487,1,1150697.5775883014,0.9988873000863286,17129.35387922658,0.014869496887709334
2023-01-24,1152146.7591435907,1,1150697.5775883014,0.9987421901387229,17129.35387922658,0.014867336772234733
2023-01-25,1151533.053768877,1,1150697.5775883014,0.9992744661754683,17129.35387922658,0.01487526026557688
2023-01-26,1153987.875267732,1,1150697.5775883014,0.9971487588821787,17129.35387922658,0.014843616857978225
2023-01-27,1154713.1634378482,1,1150697.5775883014,0.9965224386655543,17129.35387922658,0.014834293417274755
2023-01-30,1152118.86344474,1,1150697.5775883014,0.9987663722020929,17129.35387922658,0.014867696747895637
2023-01-31,1154824.7462332507,1,1150697.5775883014,0.9964261515364897,17129.35387922658,0.014832860081235914
2023-02-01,1157822.1390747505,0,0.0,0.0,0.0,0.0
2023-02-02,1156662.9706308628,1,1157822.1390747512,1.00100216612213,17678.328497896,0.015283906329476384
2023-02-03,1154468.4937858721,1,1157822.1390747512,1.0029049257792055,17678.328497896,0.015312958814426451
2023-02-06,1153431.8390799565,1,1157822.1390747512,1.0038062933985736,17678.328497896,0.015326721440251944
2023-02-07,1155707.0942137197,1,1157822.1390747512,1.0018300872873593,17678.328497896,0.015296547530430601
2023-02-08,1153781.8783313045,1,1157822.1390747512,1.003501754377777,17678.328497896,0.015322071554342552
2023-02-09,1152179.7756039803,1,1157822.1390747512,1.0048971207360529,17678.328497896,0.015343376851610593
2023-02-10,1152462.4996146846,1,1157822.1390747512,1.0046505977086964,17678.328497896,0.015339612788968482
2023-02-13,1154966.6265666368,1,1157822.1390747512,1.0024723766405292,17678.328497896,0.015306354392635805
2023-02-14,1154158.8436789103,1,1157822.1390747512,1.0031739958636579,17678.328497896,0.015317067139169409
2023-02-15,1155007.0157110232,1,1157822.1390747512,1.0024373214408528,17678.328497896,0.015305819148650977
2023-02-16,1151587.4014863141,1,1157822.1390747512,1.0054140376843217,17678.328497896,0.015351269452131198
2023-02-17,1150698.840309815,1,1157822.1390747512,1.0061904110053836,17678.328497896,0.015363123589432204
2023-02-21,1146579.1475824094,1,1157822.1390747512,1.0098056828576099,17678.328497896,0.015418323746050322
2023-02-22,1145825.216887198,1,1157822.1390747512,1.0104701153463393,17678.328497896,0.015428468703038122
2023-02-23,1146027.1626091297,1,1157822.1390747512,1.0102920566374431,17678.328497896,0.015425749995007289
2023-02-24,1144303.8924486462,1,1157822.1390747512,1.0118135110046491,17678.328497896,0.015448980480234941
2023-02-27,1144330.8185449038,1,1157822.1390747512,1.011789703039723,17678.328497896,0.015448616965830934
2023-02-28,1143226.848598344,1,1157822.1390747512,1.0127667492189338,17678.328497896,0.015463535097667236
2023-03-01,1143024.9028764125,1,1157822.1390747512,1.0129456813767588,17678.328497896,0.015466267142044444
2023-03-02,1143523.0356571772,1,1157822.1390747512,1.0125044297068806,17678.328497896,0.015459529844745409
2023-03-03,1145879.069079713,1,1157822.1390747512,1.0104226268873469,17678.328497896,0.015427743620532272
2023-03-06,1145879.069079713,1,1157822.1390747512,1.0104226268873469,17678.328497896,0.015427743620532272
2023-03-07,1143078.7550689275,1,1157822.1390747512,1.012897959952842,17678.328497896,0.01546553850248927
2023-03-08,1142997.976780155,1,1157822.1390747512,1.0129695437750084,17678.328497896,0.015466631487569346
2023-03-09,1141611.2828228911,1,1157822.1390747512,1.0141999790084195,17678.328497896,0.015485418516697163
2023-03-10,1140776.5738389068,1,1157822.1390747512,1.014942071591182,17678.328497896,0.015496749234957924
2023-03-13,1140897.7412720658,1,1157822.1390747512,1.0148342811020163,17678.328497896,0.015495103424593697
2023-03-14,1140803.4999351646,1,1157822.1390747512,1.0149181161703604,17678.328497896,0.015496383469108145
2023-03-15,1140588.091165104,1,1157822.1390747512,1.015109791206081,17678.328497896,0.01549931007945006
2023-03-16,1141072.76089774,1,1157822.1390747512,1.0146786241429806,17678.328497896,0.015492726760024977
2023-03-17,1140547.7020207178,1,1157822.1390747512,1.0151457383355629,17678.328497896,0.015499858941958464
2023-03-20,1140655.4064057479,1,1157822.1390747512,1.0150498849806853,17678.328497896,0.015498395394978349
2023-03-21,1141099.6869939975,1,1157822.1390747512,1.0146546811565653,17678.328497896,0.015492361184031236
2023-03-22,1140197.6627693695,1,1157822.1390747512,1.0154573868030692,17678.328497896,0.015504617379198959
2023-03-23,1140278.441058142,1,1157822.1390747512,1.0153854509433056,17678.328497896,0.015503519018995986
2023-03-24,1140251.5149618846,1,1157822.1390747512,1.0154094284307562,17678.328497896,0.015503885121772398
2023-03-27,1140238.051913756,1,1157822.1390747512,1.015421417599143,17678.328497896,0.01550406817964459
2023-03-28,1140184.1997212407,1,1157822.1390747512,1.0154693771040002,17678.328497896,0.015504800454363522
2023-03-29,1140184.1997212407,1,1157822.1390747512,1.0154693771040002,17678.328497896,0.015504800454363522
2023-03-30,1140184.199721241,1,1157822.1390747512,1.015469377104,17678.328497896,0.015504800454363518
2023-03-31,1140143.8105768545,0,0.0,0.0,0.0,0.0
2023-04-03,1139894.320284187,1,1140143.8105768552,1.0002188714236298,13823.908366829495,0.012127359633990505
2023-04-04,1139022.4456055106,1,1140143.8105768552,1.0009844976942035,13823.908366829495,0.012136642627337014
2023-04-05,1138365.1862323545,1,1140143.8105768552,1.0015624374023484,13823.908366829495,0.012143649976316005
2023-04-06,1138888.3110395605,1,1140143.8105768552,1.0011023903969554,13823.908366829495,0.012138072041683557
2023-04-10,1139223.647454436,1,1140143.8105768552,1.0008077106935722,13823.908366829495,0.012134499136950536
2023-04-11,1139183.4070846508,1,1140143.8105768552,1.0008430630978573,13823.908366829495,0.012134927774454726
2023-04-12,1138163.9843834292,1,1140143.8105768552,1.0017394911634798,13823.908366829495,0.012145796701095089
2023-04-13,1140497.925830963,1,1140143.8105768552,0.9996895081998068,13823.908366829495,0.012120941260596717
2023-04-14,1140149.1759594926,1,1140143.8105768552,0.9999952941397928,13823.908366829495,0.012124648825182008
2023-04-17,1140658.8873101033,1,1140143.8105768552,0.9995484392933082,13823.908366829495,0.012119230841596277
2023-04-18,1140739.3680496735,1,1140143.8105768552,0.9994779197689684,13823.908366829495,0.012118375813104692
2023-04-19,1140591.820027128,1,1140143.8105768552,0.9996072131656509,13823.908366829495,0.012119943457512
2023-04-20,1140229.6566990626,1,1140143.8105768552,0.9999247115511309,13823.908366829495,0.012123793032054067
2023-04-21,1139572.3973259064,1,1140143.8105768552,1.000501427774391,13823.908366829495,0.012130785546638679
2023-04-24,1139813.8395446169,1,1140143.8105768552,1.000289495548124,13823.908366829495,0.012128215930728197
2023-04-25,1136259.2735469362,1,1140143.8105768552,1.003418706557873,13823.908366829495,0.012166156693865225
2023-04-26,1134944.754800624,1,1140143.8105768552,1.004580888853171,13823.908366829495,0.012180247812377391
2023-04-27,1139465.0896731464,1,1140143.8105768552,1.0005956487038172,13823.908366829495,0.012131927947695931
2023-04-28,1141571.0023585649,1,1140143.8105768552,0.9987498002500406,13823.908366829495,0.012109547578090492
2023-05-01,1141007.637181574,1,1140143.8105768552,0.9992429265356606,13823.908366829495,0.012115526589266493
2023-05-02,1138016.436360884,1,1140143.8105768552,1.0018693703781416,13823.908366829495,0.012147371448373091
2023-05-03,1136353.1677431013,1,1140143.8105768552,1.003335796424348,13823.908366829495,0.012165151432881566
2023-05-04,1133858.2648164271,1,1140143.8105768552,1.0055435021778896,13823.908366829495,0.012191919215818038
2023-05-05,1138418.8400587346,1,1140143.8105768552,1.0015152336358308,13823.908366829495,0.01214307764453044
2023-05-08,1138271.2920361895,1,1140143.8105768552,1.0016450547016047,13823.908366829495,0.01214465168677028
2023-05-09,1136943.3598332822,1,1140143.8105768552,1.0028149605834737,13823.908366829495,0.012158836451497979
2023-05-10,1137949.3690779088,1,1140143.8105768552,1.0019284175188958,13823.908366829495,0.012148087377587932
2023-05-11,1136634.8503315968,1,1140143.8105768552,1.0030871482114372,13823.908366829495,0.012162136646431851
2023-05-12,1135347.1584984746,1,1140143.8105768552,1.004224832944246,13823.908366829495,0.012175930739204002
2023-05-15,1136406.8215694814,1,1140143.8105768552,1.0032884253565222,13823.908366829495,0.012164577072616844
2023-05-16,1134300.908884063,1,1140143.8105768552,1.0051511037741658,13823.908366829495,0.01218716150058418
2023-05-17,1138056.676730669,1,1140143.8105768552,1.0018339454342309,13823.908366829495,0.012146941931347275
2023-05-18,1142120.9540789607,1,1140143.8105768552,0.9982688843112069,13823.908366829495,0.012103716613778
2023-05-19,1140819.8487892435,1,1140143.8105768552,0.9994074101944266,13823.908366829495,0.012117520905251485
2023-05-22,1141544.1754453748,1,1140143.8105768552,0.9987732714172246,13823.908366829495,0.012109832159089316
2023-05-23,1136245.8600903412,1,1140143.8105768552,1.0034305519812448,13823.908366829495,0.012166300316139658
2023-05-24,1133402.2072921966,1,1140143.8105768552,1.0059481120129146,13823.908366829495,0.012196824991064822
2023-05-25,1135789.8025661104,1,1140143.8105768552,1.0038334628475336,13823.908366829495,0.012171185491890215
2023-05-26,1143126.9633235873,1,1140143.8105768552,0.9973903574647047,13823.908366829495,0.01209306473415441
2023-05-30,1141866.0984036552,1,1140143.8105768552,0.998491690199746,13823.908366829495,0.012106418069645393
2023-05-31,1137037.2540294474,1,1140143.8105768552,1.0027321501880424,13823.908366829495,0.012157832399809372
2023-06-01,1145255.0082123876,0,0.0,0.0,0.0,0.0
2023-06-02,1144918.3960984873,1,1145255.0082123883,1.000294005332649,15232.665430176263,0.013304586145252163
2023-06-05,1144247.7512738584,1,1145255.0082123883,1.000880278713599,15232.665430176263,0.01331238397734946
2023-06-06,1144647.558765464,1,1145255.0082123883,1.0005306868845982,15232.665430176263,0.013307734169813056
2023-06-07,1143074.1228307579,1,1145255.0082123883,1.0019079124774775,15232.665430176263,0.013326052200756182
2023-06-08,1144763.6319081883,1,1145255.0082123883,1.0004292382204534,15232.665430176263,0.013306384834033532
2023-06-09,1145769.5991451317,1,1145255.0082123883,0.9995508774773503,15232.665430176263,0.013294702042663274
2023-06-12,1148761.706824245,1,1145255.0082123883,0.9969474099014399,15232.665430176263,0.013260074164803952
2023-06-13,1150849.7336916954,0,0.0,0.0,0.0,0.0
2023-06-14,1150849.7336916954,0,0.0,0.0,0.0,0.0
2023-06-15,1150647.8962111678,1,1150849.7336916963,1.0001754120276003,15809.766875365991,0.013739882484836673
2023-06-16,1149820.487905899,1,1150849.7336916963,1.0008951360639535,15809.766875365991,0.013749769674185747
2023-06-20,1147751.9671427277,1,1150849.7336916963,1.0026989860506885,15809.766875365991,0.013774550014254065
2023-06-21,1145821.347763768,1,1150849.7336916963,1.0043884554409306,15809.766875365991,0.013797759053993
2023-06-22,1146385.4897900873,1,1150849.7336916963,1.0038941908645638,15809.766875365991,0.013790969107835524
2023-06-23,1143853.1189163867,1,1150849.7336916963,1.0061167073460775,15809.766875365991,0.013821500867474272
2023-06-26,1142624.5429479575,1,1150849.7336916963,1.0071985069763318,15809.766875365991,0.013836362060434116
2023-06-27,1145219.596269027,1,1150849.7336916963,1.0049162077220923,15809.766875365991,0.01380500903658312
2023-06-28,1145558.0814848188,1,1150849.7336916963,1.004619278840946,15809.766875365991,0.01380092998416467
2023-06-29,1146648.7560690364,1,1150849.7336916963,1.0036637005015048,15809.766875365991,0.013787802752749972
2023-06-30,1150384.6299322187,1,1150849.7336916963,1.000404302828268,15809.766875365991,0.013743026865977436
2023-07-03,1151337.403132225,1,1150849.7336916963,0.9995764322090103,15809.766875365991,0.013731654015890878
2023-07-05,1150923.6989795906,1,1150849.7336916963,0.9999357339778825,15809.766875365991,0.013736589914155854
2023-07-06,1148178.207784836,1,1150849.7336916963,1.0023267519699877,15809.766875365991,0.013769436458707532
2023-07-07,1146974.7047953543,1,1150849.7336916963,1.0033784780781485,15809.766875365991,0.013783884517476612
2023-07-10,1147476.164374305,1,1150849.7336916963,1.0029399907572205,15809.766875365991,0.01377786080984674
2023-07-11,1149419.3202427386,1,1150849.7336916963,1.0012444661611009,15809.766875365991,0.013754568586881963
2023-07-12,1152666.271016444,1,1150849.7336916963,0.9984240561466712,15809.766875365991,0.013715823281117286
2023-07-13,1155286.397316461,1,1150849.7336916963,0.996159685048599,15809.766875365991,0.013684716544823398
2023-07-14,1154784.9377375103,1,1150849.7336916963,0.9965922624055662,15809.766875365991,0.013690659064484306
2023-07-17,1155811.6762254117,0,0.0,0.0,0.0,0.0
2023-07-18,1155608.4296806518,1,1155811.6762254126,1.000175878385395,14283.579464878887,0.01236022436148731
2023-07-19,1156392.0308170759,1,1155811.6762254126,0.9994981333525335,14283.579464878887,0.012351848753909597
2023-07-20,1154433.0279760158,1,1155811.6762254126,1.0011942210730178,14283.579464878887,0.012372809092201092
2023-07-21,1153845.3271236978,1,1155811.6762254126,1.001704170442512,14283.579464878887,0.01237911107243893
2023-07-24,1155424.7731643026,1,1155811.6762254126,1.0003348578549605,14283.579464878887,0.012362189037855905
2023-07-25,1156845.050224071,1,1155811.6762254126,0.9991067308465744,14283.579464878887,0.012347011781839133
2023-07-26,1156330.8119782927,1,1155811.6762254126,0.9995510491050638,14283.579464878887,0.012352502689469998
2023-07-27,1154065.714943317,1,1155811.6762254126,1.0015128785644425,14283.579464878887,0.01237674707768304
2023-07-28,1156759.3438497747,1,1155811.6762254126,0.999180756456042,14283.579464878887,0.012347926594084948
2023-07-31,1157530.701218442,1,1155811.6762254126,0.9985149206053715,14283.579464878887,0.0123396981607863
2023-08-01,1156196.13053297,1,1155811.6762254126,0.9996674834853667,14283.579464878887,0.012353941591462175
2023-08-02,1152327.0999218763,1,1155811.6762254126,1.00302394719674,14283.579464878887,0.012395420940674973
2023-08-03,1151788.3741405848,1,1155811.6762254126,1.0034930914177962,14283.579464878887,0.012401218648813574
2023-08-04,1149621.2272476621,1,1155811.6762254126,1.0053847726807996,14283.579464878887,0.012424596142048954
2023-08-07,1151592.473856479,1,1155811.6762254126,1.0036637981444985,14283.579464878887,0.012403328251222165
2023-08-08,1149964.0527448477,1,1155811.6762254126,1.0050850489340142,14283.579464878887,0.01242089214074599
2023-08-09,1148249.92525892,1,1155811.6762254126,1.006585457399257,14283.579464878887,0.012439434264851416
2023-08-10,1147576.5180323059,1,1155811.6762254126,1.0071761299257214,14283.579464878887,0.012446733825967659
2023-08-11,1147050.036018771,1,1155811.6762254126,1.00763841151782,14283.579464878887,0.01245244672538866
2023-08-14,1147894.855993978,1,1155811.6762254126,1.0068968165421208,14283.579464878887,0.012443282056970748
2023-08-15,1144944.1079646314,1,1155811.6762254126,1.0094917893241973,14283.579464878887,0.012475350862559418
2023-08-16,1144038.069150641,1,1155811.6762254126,1.0102912721108246,14283.579464878887,0.012485230911488225
2023-08-17,1143168.7616399208,1,1155811.6762254126,1.0110595346984073,14283.579464878887,0.01249472513960977
2023-08-18,1142850.4236782484,1,1155811.6762254126,1.0113411626566569,14283.579464878887,0.012498205512237886
2023-08-21,1143070.8114978678,1,1155811.6762254126,1.011146172747469,14283.579464878887,0.012495795817025401
2023-08-22,1142752.4735361955,1,1155811.6762254126,1.0114278489801085,14283.579464878887,0.012499276786230881
2023-08-23,1143731.9749567255,1,1155811.6762254126,1.0105616538954802,14283.579464878887,0.012488572303331228
2023-08-24,1142336.1854324702,1,1155811.6762254126,1.0117964317026698,14283.579464878887,0.012503831750257786
2023-08-25,1142213.747754904,1,1155811.6762254126,1.0119048895158513,14283.579464878887,0.012505172077427889
2023-08-28,1142630.0358586293,1,1155811.6762254126,1.0115362277842435,14283.579464878887,0.012500616137003165
2023-08-29,1144784.9389837952,1,1155811.6762254126,1.0096321473720695,14283.579464878887,0.012477085414451871
2023-08-30,1145360.3960683567,1,1155811.6762254126,1.0091248834802842,14283.579464878887,0.01247081662148411
2023-08-31,1144527.819860906,1,1155811.6762254126,1.0098589620703828,14283.579464878887,0.012479888402026578
2023-09-01,1143878.900169805,1,1155811.6762254126,1.010431852579706,14283.579464878887,0.012486968212070822
2023-09-05,1142948.3738203014,1,1155811.6762254126,1.01125449119116,14283.579464878887,0.012497134421860252
2023-09-06,1141956.6286320149,1,1155811.6762254126,1.0121327266255244,14283.579464878887,0.012507987700014166
2023-09-07,1141760.7283479087,1,1155811.6762254126,1.0123063856801549,14283.579464878887,0.01251013378744141
2023-09-08,1141662.7782058557,1,1155811.6762254126,1.012393237556358,14283.579464878887,0.012511207107343726
2023-09-11,1141748.4845801522,1,1155811.6762254126,1.0123172413497283,14283.579464878887,0.012510267942357984
2023-09-12,1141626.046902586,1,1155811.6762254126,1.0124258108522615,14283.579464878887,0.012511609649790771
2023-09-13,1141552.5842960463,1,1155811.6762254126,1.01249096373266,14283.579464878887,0.012512414812399595
2023-09-14,1141589.315599316,1,1155811.6762254126,1.0124583862442949,14283.579464878887,0.012512012218141896
2023-09-15,1141528.0967605328,0,0.0,0.0,0.0,0.0
2023-09-18,1141292.3866346073,1,1141528.0967605338,1.000206529131962,15057.064117378668,0.013192994445339529
2023-09-19,1140465.5500672238,1,1141528.0967605338,1.0009316780267912,15057.064117378668,0.013202559355248514
2023-09-20,1137503.7474377912,1,1141528.0967605338,1.0035378778591344,15057.064117378668,0.013236935835415454
2023-09-21,1133961.9251267612,1,1141528.0967605338,1.0066723330529168,15057.064117378668,0.013278280146571498
2023-09-22,1133431.2688223212,1,1141528.0967605338,1.0071436426371274,15057.064117378668,0.013284496847368203
2023-09-25,1134011.2885039183,1,1141528.0967605338,1.0066285127254175,15057.064117378668,0.013277702144608449
2023-09-26,1130790.3281444104,1,1141528.0967605338,1.0094958086825376,15057.064117378668,0.013315522553227717
2023-09-27,1131469.074580322,1,1141528.0967605338,1.008890231652105,15057.064117378668,0.01330753482852684
2023-09-28,1131678.8689332402,1,1141528.0967605338,1.0087032002608458,15057.064117378668,0.01330506783392711
2023-09-29,1131432.052047454,1,1141528.0967605338,1.0089232443917509,15057.064117378668,0.013307970275485134
2023-10-02,1131172.8943173788,1,1141528.0967605338,1.009154394076428,15057.064117378668,0.013311019202298914
2023-10-03,1129729.0155355302,1,1141528.0967605338,1.0104441694094317,15057.064117378668,0.01332803168752916
2023-10-04,1130148.6042413665,1,1141528.0967605338,1.0100690232031972,15057.064117378668,0.01332308340767806
2023-10-05,1129753.697224109,1,1141528.0967605338,1.0104220942718358,15057.064117378668,0.013327740510498017
2023-10-06,1131617.1647117937,1,1141528.0967605338,1.0087582022947348,15057.064117378668,0.013305793325619519
2023-10-09,1132468.6829677555,1,1141528.0967605338,1.0079997035936015,15057.064117378668,0.013295788522751921
2023-10-10,1133073.3843379314,1,1141528.0967605338,1.0074617518507352,15057.064117378668,0.013288692793871152
2023-10-11,1133924.9025938932,1,1141528.0967605338,1.0067052008023176,15057.064117378668,0.013278713681069268
2023-10-12,1131814.6182204224,1,1141528.0967605338,1.0085822168964242,15057.064117378668,0.013303472030652182
2023-10-13,1130555.8521029137,1,1141528.0967605338,1.009705177004047,15057.064117378668,0.01331828417797446
2023-10-16,1132629.1139435165,1,1141528.0967605338,1.0078569257204004,15057.064117378668,0.013293905244015787
2023-10-17,1132283.5703034159,1,1141528.0967605338,1.008164497568962,15057.064117378668,0.01329796219982584
2023-10-18,1130037.5366427628,1,1141528.0967605338,1.0101682994990664,15057.064117378668,0.013324392888852007
2023-10-19,1128741.747992386,1,1141528.0967605338,1.011327966552925,15057.064117378668,0.013339689210715926
2023-10-20,1127680.435383506,1,1141528.0967605338,1.0122797744312364,15057.064117378668,0.013352243813876228
2023-10-23,1127347.232587695,1,1141528.0967605338,1.0125789674759642,15057.064117378668,0.013356190250999173
2023-10-24,1127495.3227191665,1,1141528.0967605338,1.0124459709575775,15057.064117378668,0.013354435990976648
2023-10-25,1127211.4833005124,1,1141528.0967605338,1.0127009116497836,15057.064117378668,0.013357798727609735
2023-10-26,1126767.2129060975,1,1141528.0967605338,1.0131002071105404,15057.064117378668,0.01336306554265481
2023-10-27,1126680.8269960724,1,1141528.0967605338,1.0131778844626713,15057.064117378668,0.013364090127923297
2023-10-30,1126619.122774626,1,1141528.0967605338,1.0132333755787761,15057.064117378668,0.013364822070742317
2023-10-31,1126656.1453074939,1,1141528.0967605338,1.0132000801797258,15057.064117378668,0.013364382895430089
2023-11-01,1126730.1903732296,1,1141528.0967605338,1.0131334959458238,15057.064117378668,0.013363504631389182
2023-11-02,1127149.779079066,1,1141528.0967605338,1.0127563505297545,15057.064117378668,0.013358529981420033
2023-11-03,1127581.7086291916,1,1141528.0967605338,1.0123684057879023,15057.064117378668,0.013353412885425074
2023-11-06,1127248.5058333804,1,1141528.0967605338,1.012667651235072,15057.064117378668,0.01335736001375039
2023-11-07,1127433.61849772,1,1141528.0967605338,1.0125013819275626,15057.064117378668,0.013355166876646687
2023-11-08,1127223.8241448018,1,1141528.0967605338,1.012689824602123,15057.064117378668,0.013357652486454595
2023-11-09,1126754.8720618081,1,1141528.0967605338,1.0131113031459031,15057.064117378668,0.013363211902360173
2023-11-10,1127569.3677849022,1,1141528.0967605338,1.0123794857987791,15057.064117378668,0.013353559033763136
2023-11-13,1127371.9142762735,1,1141528.0967605338,1.0125567989631425,15057.064117378668,0.013355897842323565
2023-11-14,1133073.3843379314,1,1141528.0967605338,1.0074617518507352,15057.064117378668,0.013288692793871152
2023-11-15,1132036.75341763,1,1141528.0967605338,1.008384306705811,15057.064117378668,0.01330086154174875
2023-11-16,1132481.0238120449,1,1141528.0967605338,1.0079887192440855,15057.064117378668,0.013295643636213062
2023-11-17,1131990.9195219395,0,0.0,0.0,0.0,0.0
2023-11-20,1131671.9475043623,1,1131990.9195219404,1.0002818590831746,14205.047068492477,0.012552265786757713
2023-11-21,1131156.3160473767,1,1131990.9195219404,1.0007378321304699,14205.047068492477,0.012557987668874511
2023-11-22,1132175.5875321156,1,1131990.9195219404,0.9998368910156615,14205.047068492477,0.012546682003147794
2023-11-24,1132151.6046736513,1,1131990.9195219404,0.9998580709941606,14205.047068492477,0.012546947784954257
2023-11-27,1131336.18748586,1,1131990.9195219404,1.0005787245589088,14205.047068492477,0.012555991071106809
2023-11-28,1131599.998928969,1,1131990.9195219404,1.0003454582832638,14205.047068492477,0.01255306387587239
2023-11-29,1131695.9303628267,1,1131990.9195219404,1.0002606611468676,14205.047068492477,0.012551999779603588
2023-11-30,1132415.41611676,1,1131990.9195219404,0.9996251405722862,14205.047068492477,0.012544024804257729
2023-12-01,1134561.8819493284,1,1131990.9195219404,0.9977339601582853,14205.047068492477,0.012520292894104916
2023-12-04,1132235.5446782769,1,1131990.9195219404,0.9997839449949383,14205.047068492477,0.012546017597891984
2023-12-05,1132319.4846829025,1,1131990.9195219404,0.9997098299857888,14205.047068492477,0.012545087548741151
2023-12-06,1130724.6245950167,1,1131990.9195219404,1.001119896833747,14205.047068492477,0.01256278209522517
2023-12-07,1133134.9018706935,1,1131990.9195219404,0.9989904270472434,14205.047068492477,0.012536059956357667
2023-12-08,1134477.9419447028,1,1131990.9195219404,0.9978077824779042,14205.047068492477,0.0125212192703742
2023-12-11,1136084.7934618208,1,1131990.9195219404,0.9963965067014006,14205.047068492477,0.012503509553373713
2023-12-12,1138044.1929983662,0,0.0,0.0,0.0,0.0
2023-12-13,1138044.1929983662,0,0.0,0.0,0.0,0.0
2023-12-14,1136527.5749207581,1,1138044.1929983671,1.0013344313953092,14917.669084956147,0.013125655209902188
2023-12-15,1136063.0670868813,1,1138044.1929983671,1.0017438520526558,14917.669084956147,0.013131021962722873
2023-12-18,1137305.625542502,1,1138044.1929983671,1.0006494010398594,14917.669084956147,0.013116675720161258
2023-12-19,1139163.6568780094,1,1138044.1929983671,0.9990172931932271,14917.669084956147,0.013095281784041016
2023-12-20,1134576.642018475,1,1138044.1929983671,1.0030562509851455,14917.669084956147,0.013148225102199162
2023-12-21,1137839.8095514602,1,1138044.1929983671,1.000179624095757,14917.669084956147,0.013110517807279688
2023-12-22,1138072.0634683988,1,1138044.1929983671,0.9999755108038179,14917.669084956147,0.013107842256924332
2023-12-26,1139802.3551495902,1,1138044.1929983671,0.9984574850689861,14917.669084956147,0.01308794372775122
2023-12-27,1140336.5391585485,1,1138044.1929983671,0.997989763476427,14917.669084956147,0.013081812756753247
2023-12-28,1140162.3487208448,1,1138044.1929983671,0.9981422332312112,14917.669084956147,0.013083811355191979
2023-12-29,1138745.5998275203,1,1138044.1929983671,0.9993840530938083,14917.669084956147,0.013100089332697
2024-01-02,1136736.6034460026,1,1138044.1929983671,1.001150301264515,14917.669084956147,0.013123241602085675
2024-01-03,1133786.9787008846,1,1138044.1929983671,1.0037548625777661,14917.669084956147,0.01315738261701427
2024-01-04,1132451.5186784884,1,1138044.1929983671,1.004938555185484,14917.669084956147,0.013172898652972168
2024-01-05,1132463.1313743354,1,1138044.1929983671,1.0049282501738124,14917.669084956147,0.01317276357319673
2024-01-08,1137015.308146329,1,1138044.1929983671,1.0009048997358845,14917.669084956147,0.013120024838782829
2024-01-09,1136225.6448287382,1,1138044.1929983671,1.0016005167441042,14917.669084956147,0.013129143100096696
2024-01-10,1138443.6697355004,1,1138044.1929983671,0.9996491027639286,14917.669084956147,0.013103563647046353
2024-01-11,1137793.3587680727,1,1138044.1929983671,1.0002204567537343,14917.669084956147,0.013111053048427012
2024-01-12,1137688.8445054502,1,1138044.1929983671,1.0003123424252889,14917.669084956147,0.01311225750081149
2024-01-16,1136515.9622249112,1,1138044.1929983671,1.0013446628329479,14917.669084956147,0.013125789325257193
2024-01-17,1134054.0707053638,1,1138044.1929983671,1.0035184585956485,14917.669084956147,0.013154283795020101
2024-01-18,1137433.365196818,1,1138044.1929983671,1.0005370229327177,14917.669084956147,0.013115202649585402
2024-01-19,1142948.2344545214,0,0.0,0.0,0.0,0.0
2024-01-22,1142948.2344545214,0,0.0,0.0,0.0,0.0
2024-01-23,1142948.2344545214,0,0.0,0.0,0.0,0.0
2024-01-24,1142630.2458863216,1,1142948.2344545224,1.000278295248481,14587.86702015173,0.01276691832083977
2024-01-25,1144621.9180572522,1,1142948.2344545224,0.9985377847686417,14587.86702015173,0.012744703547972832
2024-01-26,1143886.3573123063,1,1142948.2344545224,0.9991798810679164,14587.86702015173,0.012752898858263872
2024-01-29,1146330.6822493575,1,1142948.2344545224,0.9970493263006814,14587.86702015173,0.01272570580726939
2024-01-30,1145776.1826108599,1,1142948.2344545224,0.9975318494141732,14587.86702015173,0.012731864426532779
2024-01-31,1141272.2875879598,1,1142948.2344545224,1.001468489934251,14587.86702015173,0.012782109211626168
2024-02-01,1145979.876355614,1,1142948.2344545224,0.997354541764963,14587.86702015173,0.012729601384051622
2024-02-02,1148066.60560743,0,0.0,0.0,0.0,0.0
2024-02-05,1148066.60560743,0,0.0,0.0,0.0,0.0
2024-02-06,1148066.60560743,0,0.0,0.0,0.0,0.0
2024-02-07,1147717.769984957,1,1148066.6056074311,1.0003039385043926,14324.33872534811,0.012480715294262507
2024-02-08,1147772.965494842,1,1148066.6056074311,1.0002558346654058,14324.33872534811,0.012480115106363762
2024-02-09,1149737.925646747,1,1148066.6056074311,0.9985463469526104,14324.33872534811,0.012458785959670269
2024-02-12,1149285.3224656903,1,1148066.6056074311,0.9989395872074268,14324.33872534811,0.012463692388080363
2024-02-13,1145178.7765302483,1,1148066.6056074311,1.0025217277305232,14324.33872534811,0.012508386479837765
2024-02-14,1148148.2949620597,1,1148066.6056074311,0.9999288512163568,14324.33872534811,0.012476035359022551
2024-02-15,1150311.9589495508,1,1148066.6056074311,0.9980480483362356,14324.33872534811,0.012452568726164424
2024-02-16,1147673.613577049,1,1148066.6056074311,1.0003424249069883,14324.33872534811,0.012481195486147201
2024-02-20,1145741.770731075,1,1148066.6056074311,1.002029108945616,14324.33872534811,0.01250224011315223
2024-02-21,1145763.848935029,1,1148066.6056074311,1.0020098004266258,14324.33872534811,0.012501999202246062
2024-02-22,1153480.1812169482,1,1148066.6056074311,0.9953067458828763,14324.33872534811,0.012418365706323278
2024-02-23,1153546.41582881,1,1148066.6056074311,0.9952495971153084,14324.33872534811,0.012417652665546392
2024-02-26,1151713.924900629,1,1148066.6056074311,0.9968331378006803,14324.33872534811,0.012437410380866957
2024-02-27,1153016.5389339144,1,1148066.6056074311,0.9957069710976914,14324.33872534811,0.01242335928554197
2024-02-28,1151526.2601670201,1,1148066.6056074311,0.9969955921291042,14324.33872534811,0.012439437311026215
2024-02-29,1153734.080562419,1,1148066.6056074311,0.9950877112408562,14324.33872534811,0.012415632827943612
2024-03-01,1157370.360753641,0,0.0,0.0,0.0,0.0
2024-03-04,1156945.048901146,1,1157370.3607536422,1.0003676162950867,14098.380870045072,0.012185869055263742
2024-03-05,1154377.9492287978,1,1157370.3607536422,1.0025922285910291,14098.380870045072,0.012212967927413842
2024-03-06,1155715.8867698945,1,1157370.3607536422,1.0014315577060826,14098.380870045072,0.012198829341568174
2024-03-07,1158174.2110323976,1,1157370.3607536422,0.9993059331911398,14098.380870045072,0.012172936278280417
2024-03-08,1157010.3141470533,1,1157370.3607536422,1.000311187032809,14098.380870045072,0.012185181668357368
2024-03-11,1156379.4167699507,1,1157370.3607536422,1.000856936719316,14098.380870045072,0.012191829658664527
2024-03-12,1159555.6587374324,1,1157370.3607536422,0.9981154005266382,14098.380870045072,0.012158433934422704
2024-03-13,1159077.0469341134,1,1157370.3607536422,0.9985275472540971,14098.380870045072,0.012163454454849955
2024-03-14,1158272.1089012583,1,1157370.3607536422,0.9992214712409232,14098.380870045072,0.01217190741424211
2024-03-15,1155933.437589585,1,1157370.3607536422,1.0012430846944382,14098.380870045072,0.012196533478124638
2024-03-18,1157717.3543110474,1,1157370.3607536422,0.9997002778302381,14098.380870045072,0.01217773994450913
2024-03-19,1159164.0672619895,1,1157370.3607536422,0.9984525861704943,14098.380870045072,0.012162541324582497
2024-03-20,1162774.323114754,0,0.0,0.0,0.0,0.0
2024-03-21,1162003.7713804103,1,1162774.323114755,1.000663123264591,14076.19541336805,0.012113726099740742
2024-03-22,1160913.6704524902,1,1162774.323114755,1.0016027485157786,14076.19541336805,0.012125100919762242
2024-03-25,1160197.6237645429,1,1162774.323114755,1.0022209141765448,14076.19541336805,0.012132584246892711
2024-03-26,1160069.3765965523,1,1162774.323114755,1.0023317109931293,14076.19541336805,0.012133925519752302
2024-03-27,1161993.0841164112,1,1162774.323114755,1.0006723267195157,14076.19541336805,0.012113837513991489
2024-03-28,1162132.018548401,1,1162774.323114755,1.0005526950089167,14076.19541336805,0.01211238928856842
2024-04-01,1160689.2379085068,1,1162774.323114755,1.0017964198668763,14076.19541336805,0.012127445446752415
2024-04-02,1159502.9516045938,1,1162774.323114755,1.0028213567767414,14076.19541336805,0.01213985302399491
2024-04-03,1159716.696884578,1,1162774.323114755,1.0026365285921905,14076.19541336805,0.012137615549712998
2024-04-04,1156200.587028836,1,1162774.323114755,1.0056856363503603,14076.19541336805,0.012174527129017091
2024-04-05,1159160.9591566187,1,1162774.323114755,1.0031172236518089,14076.19541336805,0.012143434699189314
2024-04-08,1158904.4648206376,1,1162774.323114755,1.0033392384028104,14076.19541336805,0.01214612234283402
2024-04-09,1159759.4459405749,1,1162774.323114755,1.0025995711306626,14076.19541336805,0.012137168153825326
2024-04-10,1155634.1620368774,1,1162774.323114755,1.0061785652522532,14076.19541336805,0.01218049437769984
2024-04-11,1157707.4912527252,1,1162774.323114755,1.0043766079949497,14076.19541336805,0.012158680426380039
2024-04-12,1154853.9917649345,1,1162774.323114755,1.006858296725213,14076.19541336805,0.012188723001992445
2024-04-15,1152534.8554771044,1,1162774.323114755,1.0088843019271743,14076.19541336805,0.012213249210186407
2024-04-16,1152192.8630291296,1,1162774.323114755,1.0091837577068536,14076.19541336805,0.012216874331578096
2024-04-17,1150782.144181233,1,1162774.323114755,1.0104208941667707,14076.19541336805,0.012231850732601596
2024-04-18,1150269.1555092707,1,1162774.323114755,1.0108715143282685,14076.19541336805,0.012237305804427964
2024-04-19,1149659.9814613152,1,1162774.323114755,1.0114071480828362,14076.19541336805,0.012243790025182937
2024-04-22,1149734.7923093098,1,1162774.323114755,1.0113413379265097,14076.19541336805,0.012242993347270274
2024-04-23,1150579.086165248,1,1162774.323114755,1.0105992165998363,14076.19541336805,0.012234009450217319
2024-04-24,1149948.5375892941,1,1162774.323114755,1.0111533560904806,14076.19541336805,0.012240717695834302
2024-04-25,1150408.0899412604,1,1162774.323114755,1.0107494316856953,14076.19541336805,0.012235827908761297
2024-04-26,1150568.3989012486,1,1162774.323114755,1.0106086037346087,14076.19541336805,0.012234123088040928
2024-04-29,1150247.7809812722,1,1162774.323114755,1.010890298890902,14076.19541336805,0.012237533204680212
2024-04-30,1149040.1201493607,1,1162774.323114755,1.0119527618962592,14076.19541336805,0.012250395061521717
2024-05-01,1149104.243733356,1,1162774.323114755,1.0118962917907135,14076.19541336805,0.012249711451448058
2024-05-02,1149157.6800533521,1,1162774.323114755,1.0118492381835458,14076.19541336805,0.012249141834664962
2024-05-03,1149692.0432533128,1,1162774.323114755,1.011378942681401,14076.19541336805,0.012243448579096261
2024-05-06,1150472.2135252557,1,1162774.323114755,1.010693095795685,14076.19541336805,0.012235145923460448
2024-05-07,1150450.8389972574,1,1162774.323114755,1.0107118737279022,14076.19541336805,0.012235373243446873
2024-05-08,1150044.722965287,1,1162774.323114755,1.0110687870612944,14076.19541336805,0.012239693928662048
2024-05-09,1150643.2097492432,1,1162774.323114755,1.0105428974531172,14076.19541336805,0.012233327667605704
2024-05-10,1150365.3408852636,1,1162774.323114755,1.0107869924348922,14076.19541336805,0.012236282607867613
2024-05-13,1150600.4606932462,1,1162774.323114755,1.010580442853442,14076.19541336805,0.0122337821809032
2024-05-14,1151241.6965331994,1,1162774.323114755,1.0100175546249623,14076.19541336805,0.012226968025703474
2024-05-15,1154554.7483729564,1,1162774.323114755,1.007119259397081,14076.19541336805,0.012191882137425508
2024-05-16,1152331.7974611195,1,1162774.323114755,1.0090620823591288,14076.19541336805,0.012215401366500078
2024-05-17,1153132.1880365487,0,0.0,0.0,0.0,0.0
2024-05-20,1152665.4938842219,1,1153132.18803655,1.0004048825568252,13944.318999795878,0.012097455049865922
2024-05-21,1153502.6134399653,1,1153132.18803655,0.9996788690384406,13944.318999795878,0.012088675688571917
2024-05-22,1153021.2696954128,1,1153132.18803655,1.0000961980008978,13944.318999795878,0.01209372226366602
2024-05-23,1149965.7833169494,1,1153132.18803655,1.0027534773343147,13944.318999795878,0.012125855570741443
2024-05-24,1152069.0462007546,1,1153132.18803655,1.0009228108673707,13944.318999795878,0.012103718128510504
2024-05-28,1152498.0699730732,1,1153132.18803655,1.0005502118224734,13944.318999795878,0.012099212452582823
2024-05-29,1149944.8553280558,1,1153132.18803655,1.002771726569084,13944.318999795878,0.012126076250689299
2024-05-30,1147757.880488676,1,1153132.18803655,1.0046824401201984,13944.318999795878,0.012149181667007038
2024-05-31,1150206.4551892255,1,1153132.18803655,1.0025436588658714,13944.318999795878,0.01212331832853593
2024-06-03,1150415.7350781613,1,1153132.18803655,1.002361279384104,13944.318999795878,0.012121112893895246
2024-06-04,1150750.5829004587,1,1153132.18803655,1.0020696101931041,13944.318999795878,0.012117585866999363
2024-06-05,1154601.3328568784,1,1153132.18803655,0.9987275739439057,13944.318999795878,0.01207717209653038
2024-06-06,1154088.5971289857,1,1153132.18803655,0.9991712862471609,13944.318999795878,0.012082537713729273
2024-06-07,1153858.3892511562,1,1153132.18803655,0.9993706322878343,13944.318999795878,0.012084948317484277
2024-06-10,1154580.4048679848,1,1153132.18803655,0.9987456769356827,13944.318999795878,0.012077391008026225
2024-06-11,1155909.3321627276,1,1153132.18803655,0.9975974377497399,13944.318999795878,0.012063505857942854
2024-06-12,1159167.8200334588,0,0.0,0.0,0.0,0.0
2024-06-13,1158500.016271652,1,1159167.8200334602,1.0005764382843578,14506.010746100148,0.012521372932547885
2024-06-14,1158694.9205953744,1,1159167.8200334602,1.0004081311048147,14506.010746100148,0.012519266709693088
2024-06-17,1161454.355494392,1,1159167.8200334602,0.9980313169862292,14506.010746100148,0.012489522879205552
2024-06-18,1162593.007069823,1,1159167.8200334602,0.9970538382602216,14506.010746100148,0.012477290554723717
2024-06-20,1161423.5811274885,1,1159167.8200334602,0.9980577619305452,14506.010746100148,0.012489853815451191
2024-06-21,1161085.0630915496,1,1159167.8200334602,0.9983487488393102,14506.010746100148,0.012493495271979375
2024-06-24,1159402.731034156,1,1159167.8200334602,0.9997973861934185,14506.010746100148,0.012511623750585078
2024-06-25,1160613.189465695,1,1159167.8200334602,0.9987546501751369,14506.010746100148,0.012498574785952758
2024-06-26,1160602.9313433939,1,1159167.8200334602,0.998763477782817,14506.010746100148,0.012498685256041435
2024-06-27,1161659.5179404155,1,1159167.8200334602,0.9978550531644822,14506.010746100148,0.012487317085662787
2024-06-28,1160356.7364081657,1,1159167.8200334602,0.9989753871913686,14506.010746100148,0.012501337124135531
2024-07-01,1160048.9927391303,1,1159167.8200334602,0.9992404004389595,14506.010746100148,0.012504653542130383
2024-07-02,1162890.4926165573,1,1159167.8200334602,0.996798776319238,14506.010746100148,0.012474098668964912
2024-07-03,1164839.5358537817,1,1159167.8200334602,0.9951309037461847,14506.010746100148,0.012453226645906906
2024-07-05,1166967.0704190468,0,0.0,0.0,0.0,0.0
2024-07-08,1166967.0704190468,0,0.0,0.0,0.0,0.0
2024-07-09,1166967.0704190468,0,0.0,0.0,0.0,0.0
2024-07-10,1166322.745010935,1,1166967.0704190482,1.0005524417755458,14687.826563240089,0.012593277997937339
2024-07-11,1163320.5476759253,1,1166967.0704190482,1.003134581221322,14687.826563240089,0.01262577764364546
2024-07-12,1164667.0481417933,1,1166967.0704190482,1.0019748324475433,14687.826563240089,0.012611180668908139
2024-07-15,1165834.0152122125,1,1166967.0704190482,1.000971883811976,14687.826563240089,0.012598557231636888
2024-07-16,1167808.8825621523,1,1166967.0704190482,0.9992791524746265,14687.826563240089,0.012577251965249017
2024-07-17,1163490.1069938494,1,1166967.0704190482,1.002988391052316,14687.826563240089,0.012623937646697786
2024-07-18,1161225.991395686,1,1166967.0704190482,1.0049439808150193,14687.826563240089,0.012648551334599979
2024-07-19,1159211.2277356463,1,1166967.0704190482,1.0066906207409256,14687.826563240089,0.012670535111992197
2024-07-22,1161754.6175045082,1,1166967.0704190482,1.0044867072925747,14687.826563240089,0.012642795941530305
2024-07-23,1160747.2356744884,1,1166967.0704190482,1.005358474742303,14687.826563240089,0.01265376828979073
2024-07-24,1156767.5787420338,1,1166967.0704190482,1.0088172350820086,14687.826563240089,0.012697301370784324
2024-07-25,1155969.6525400379,1,1166967.0704190482,1.0095135870174838,14687.826563240089,0.012706065882409802
2024-07-26,1156647.8898117342,1,1166967.0704190482,1.008921626623115,14687.826563240089,0.012698615276625632
2024-07-29,1156877.293594808,1,1166967.0704190482,1.008721561811355,14687.826563240089,0.012696097195926506
2024-07-30,1155241.5448807164,1,1166967.0704190482,1.0101498475278108,14687.826563240089,0.012714074063841488
2024-07-31,1159261.098123271,1,1166967.0704190482,1.0066473138003615,14687.826563240089,0.012669990036772757
2024-08-01,1155939.7303074629,1,1166967.0704190482,1.0095397189165323,14687.826563240089,0.012706394786978508
2024-08-02,1154523.4112989202,1,1166967.0704190482,1.0107781782494372,14687.826563240089,0.012721982438377105
2024-08-05,1153655.6665542496,1,1166967.0704190482,1.01153845488798,14687.826563240089,0.01273155152707726
2024-08-06,1153077.1700578025,1,1166967.0704190482,1.0120459416957752,14687.826563240089,0.012737938920864946
2024-08-07,1152887.6625848284,1,1166967.0704190482,1.012212298119882,14687.826563240089,0.012740032736849044
2024-08-08,1153246.7293757265,1,1166967.0704190482,1.0118971428176073,14687.826563240089,0.012736066089856484
2024-08-09,1152957.481127503,1,1166967.0704190482,1.0121510025485456,14687.826563240089,0.012739261250880242
2024-08-12,1152787.921809579,1,1166967.0704190482,1.0122998761014181,14687.826563240089,0.01274113502176879
2024-08-13,1153545.951701475,1,1166967.0704190482,1.011634663272648,14687.826563240089,0.01273276243705386
2024-08-14,1153266.6775307765,1,1166967.0704190482,1.0118796399438204,14687.826563240089,0.012735845793002309
2024-08-15,1155680.4042918142,1,1166967.0704190482,1.009766252058371,14687.826563240089,0.012709246006676557
2024-08-16,1156049.4451602374,1,1166967.0704190482,1.0094439085668152,14687.826563240089,0.01270518888679908
2024-08-19,1158054.234742752,1,1166967.0704190482,1.0076963888295578,14687.826563240089,0.012683194035815443
2024-08-20,1158612.7830841492,1,1166967.0704190482,1.0072105948224224,14687.826563240089,0.012677079674662386
2024-08-21,1159500.4759838698,1,1166967.0704190482,1.006439492341599,14687.826563240089,0.012667374328395202
2024-08-22,1156837.3972847082,1,1166967.0704190482,1.0087563499918968,14687.826563240089,0.012696535051265534
2024-08-23,1159071.590650297,1,1166967.0704190482,1.0068119000003455,14687.826563240089,0.0126720615721411
2024-08-26,1157565.5049440295,1,1166967.0704190482,1.008121843156922,14687.826563240089,0.012688548942161397
2024-08-27,1157834.8050372032,1,1166967.0704190482,1.007887364710505,14687.826563240089,0.0126855977202794
2024-08-28,1155421.0782761655,1,1166967.0704190482,1.009992886887704,14687.826563240089,0.012712098506246435
2024-08-29,1155451.0005087403,1,1166967.0704190482,1.0099667315232213,14687.826563240089,0.01271176930633415
2024-08-30,1156588.0453465846,1,1166967.0704190482,1.0089738304958473,14687.826563240089,0.012699272331522946
2024-09-03,1152109.6845378825,1,1166967.0704190482,1.0128958085159445,14687.826563240089,0.012748635620688717
2024-09-04,1152369.010553531,1,1166967.0704190482,1.012667869173699,14687.826563240089,0.012745766702095634
2024-09-05,1152249.3216232317,1,1166967.0704190482,1.012773059197885,14687.826563240089,0.01274709065790432
2024-09-06,1152279.2438558065,0,0.0,0.0,0.0,0.0
2024-09-09,1151303.6135885417,1,1152279.2438558082,1.0008474135369256,15929.87983730527,0.013836384815689778
2024-09-10,1152278.228631803,1,1152279.2438558082,1.0000008810580465,15929.87983730527,0.01382468178386062
2024-09-11,1154410.1990389372,1,1152279.2438558082,0.9981540745352881,15929.87983730527,0.013799150293861853
2024-09-12,1155699.5335232518,1,1152279.2438558082,0.9970405026841046,15929.87983730527,0.013783755530939456
2024-09-13,1156617.2960223227,0,0.0,0.0,0.0,0.0
2024-09-16,1155815.572409439,1,1156617.2960223244,1.0006936432005447,17379.904855870496,0.015036918753084421
2024-09-17,1155776.02993778,1,1156617.2960223244,1.0007278798510726,17379.904855870496,0.015037433209967269
2024-09-18,1155499.2326361677,1,1156617.2960223244,1.000967602015283,17379.904855870496,0.015041035394043322
2024-09-19,1158988.8557600642,1,1156617.2960223244,0.997953768299019,17379.904855870496,0.014995748034585513
2024-09-20,1158326.519359778,1,1156617.2960223244,0.998524402826935,17379.904855870496,0.015004322671880633
2024-09-23,1159324.9667691647,1,1156617.2960223244,0.9976644419602331,17379.904855870496,0.014991400473592183
2024-09-24,1160115.8162023423,1,1156617.2960223244,0.9969843354162083,17379.904855870496,0.014981180855514835
2024-09-25,1159898.3326082185,1,1156617.2960223244,0.9971712722627023,17379.904855870496,0.0149839898612398
2024-09-26,1160728.724513055,1,1156617.2960223244,0.9964578902857293,17379.904855870496,0.014973270230011456
2024-09-27,1160185.0155277455,1,1156617.2960223244,0.9969248702080519,17379.904855870496,0.014980287301818596
2024-09-30,1161093.5038141082,0,0.0,0.0,0.0,0.0
2024-10-01,1160631.6161111551,1,1161093.5038141098,1.0003979623650976,17338.93094673756,0.014939219909271358
2024-10-02,1160631.6161111551,1,1161093.5038141098,1.0003979623650976,17338.93094673756,0.014939219909271358
2024-10-03,1160151.0959955566,1,1161093.5038141098,1.000812314725044,17338.93094673756,0.01494540754784924
2024-10-04,1162082.9829909229,1,1161093.5038141098,0.9991485296736156,17338.93094673756,0.014920561784762833
2024-10-07,1159415.6060227011,1,1161093.5038141098,1.001447192691467,17338.93094673756,0.014954888356400188
2024-10-08,1162161.435254694,1,1161093.5038141098,0.999081081674036,17338.93094673756,0.014919554565100192
2024-10-09,1163563.7694696048,1,1161093.5038141098,0.9978769830065944,17338.93094673756,0.014901573426131413
2024-10-10,1163102.8624199487,1,1161093.5038141098,0.9982724153892475,17338.93094673756,0.014907478527447029
2024-10-11,1164230.61371166,1,1161093.5038141098,0.9973054222586117,17338.93094673756,0.014893038151144013
2024-10-14,1166195.8429191292,0,0.0,0.0,0.0,0.0
2024-10-15,1166195.8429191292,0,0.0,0.0,0.0,0.0
2024-10-16,1166195.8429191292,0,0.0,0.0,0.0,0.0
2024-10-17,1166113.093049087,1,1166195.8429191308,1.0000709621309776,15766.736866396752,0.01352076137415692
2024-10-18,1166911.7255157726,1,1166195.8429191308,0.9993865152084873,15766.736866396752,0.013511507787298895
2024-10-21,1166488.3540876503,1,1166195.8429191308,0.9997492378149387,15766.736866396752,0.01351641172511186
2024-10-22,1166170.8255165585,1,1166195.8429191308,1.00002145260542,15766.736866396752,0.013520092015175249
2024-10-23,1163996.2359084748,1,1166195.8429191308,1.001889702855387,15766.736866396752,0.013545350388604258
2024-10-24,1165035.4203229572,1,1166195.8429191308,1.0009960406146723,15766.736866396752,0.013533268252072616
2024-10-25,1164438.851492421,1,1166195.8429191308,1.0015088739305271,15766.736866396752,0.01354020165695182
2024-10-28,1165160.5073358116,1,1166195.8429191308,1.0008885776481444,15766.736866396752,0.013531815374044952
2024-10-29,1165795.5644779953,1,1166195.8429191308,1.0003433521736846,15766.736866396752,0.013524444033595697
2024-10-30,1163976.991752651,1,1166195.8429191308,1.0019062672047656,15766.736866396752,0.013545574335327786
2024-10-31,1159983.8294192234,1,1166195.8429191308,1.0053552587047854,15766.736866396752,0.013592204017439439
2024-11-01,1160378.3346136103,1,1166195.8429191308,1.005013458224776,15766.736866396752,0.013587582942632976
2024-11-04,1158963.8891605649,1,1166195.8429191308,1.006240016471785,15766.736866396752,0.013604165767249717
2024-11-05,1161889.0008457745,1,1166195.8429191308,1.0037067586234323,15766.736866396752,0.013569916622775206
2024-11-06,1168201.0839559638,1,1166195.8429191308,0.9982834795615473,15766.736866396752,0.013496594963775166
2024-11-07,1170697.050966304,0,0.0,0.0,0.0,0.0
2024-11-08,1169900.040414006,1,1170697.0509663054,1.0006812638043994,15529.062241657846,0.013273836828112595
2024-11-11,1170059.2552129375,1,1170697.0509663054,1.0005450969688299,15529.062241657846,0.013272030602272134
2024-11-12,1169300.6435239112,1,1170697.0509663054,1.0011942244709502,15529.062241657846,0.01328064114876226
2024-11-13,1169122.6975721645,1,1170697.0509663054,1.0013466109223697,15529.062241657846,0.013282662524563048
2024-11-14,1166350.4869554762,1,1170697.0509663054,1.0037266362550892,15529.062241657846,0.013314233084596505
2024-11-15,1163269.2123173329,1,1170697.0509663054,1.006385313537333,15529.062241657846,0.013349499907010013
2024-11-18,1163540.8140331572,1,1170697.0509663054,1.0061503961415352,15529.062241657846,0.013346383774738233
2024-11-19,1165104.865293248,1,1170697.0509663054,1.0047997273375473,15529.062241657846,0.013328467423187095
2024-11-20,1165235.9833629564,1,1170697.0509663054,1.0046866623424964,15529.062241657846,0.013326967638640745
2024-11-21,1166874.9592343091,1,1170697.0509663054,1.0032754938322648,15529.062241657846,0.013308248770586225
2024-11-22,1166996.7117276096,1,1170697.0509663054,1.0031708223352385,15529.062241657846,0.01330686032411247
2024-11-25,1167652.302076151,1,1170697.0509663054,1.0026075817987434,15529.062241657846,0.01329938905104397
2024-11-26,1169609.7075453666,1,1170697.0509663054,1.0009296634714333,15529.062241657846,0.013277131800015869
2024-11-27,1167745.9578402282,1,1170697.0509663054,1.0025271704913759,15529.062241657846,0.013298322411134
2024-11-29,1169871.9436847828,1,1170697.0509663054,1.0007052970933927,15529.062241657846,0.013274155624884435
2024-12-02,1171052.006312157,1,1170697.0509663054,0.9996968919023764,15529.062241657846,0.01326077933170664
2024-12-03,1170855.3292075947,1,1170697.0509663054,0.9998648182765701,15529.062241657846,0.013263006841475047
2024-12-04,1173149.8954274887,1,1170697.0509663054,0.9979091806846306,15529.062241657846,0.013237065699945488
2024-12-05,1172185.2410574923,1,1170697.0509663054,0.9987304138978543,15529.062241657846,0.013247959194272256
2024-12-06,1173196.7233095272,1,1170697.0509663054,0.9978693493652366,15529.062241657846,0.01323653734545999
2024-12-09,1170152.9109770148,1,1170697.0509663054,1.000465016139503,15529.062241657846,0.013270968346087276
2024-12-10,1169085.2352665337,1,1170697.0509663054,1.0013786981916715,15529.062241657846,0.013283088155772881
2024-12-11,1172026.0262585608,1,1170697.0509663054,0.9988660872177917,15529.062241657846,0.013249758873726562
2024-12-12,1169188.2566070186,1,1170697.0509663054,1.0012904631489075,15529.062241657846,0.013281917735577627
2024-12-13,1168345.354730323,1,1170697.0509663054,1.0020128433998228,15529.062241657846,0.013291499965129967
2024-12-16,1170939.6193952642,1,1170697.0509663054,0.9997928429229476,15529.062241657846,0.013262052102804314
2024-12-17,1168729.34336304,1,1170697.0509663054,1.0016836298450447,15529.062241657846,0.013287133013168547
2024-12-18,1159981.8949982196,1,1170697.0509663054,1.0092373475950693,15529.062241657846,0.013387331568379075
2024-12-19,1160009.9917274427,1,1170697.0509663054,1.0092129027465944,15529.062241657846,0.013387007312353023
2024-12-20,1160684.3132287993,1,1170697.0509663054,1.0086265814256183,15529.062241657846,0.01337922987729454
2024-12-23,1161620.8708695723,1,1170697.0509663054,1.0078133755378713,15529.062241657846,0.013368442863834755
2024-12-24,1164477.3716739302,1,1170697.0509663054,1.005341176603058,15529.062241657846,0.013335649639404241
2024-12-26,1163943.5338186896,1,1170697.0509663054,1.0058022721475661,15529.062241657846,0.013341765979583033
2024-12-27,1159766.4867408418,1,1170697.0509663054,1.0094247974488215,15529.062241657846,0.013389818053199125
2024-12-30,1156769.502290368,1,1170697.0509663054,1.0120400379231655,15529.062241657846,0.013424508695043205
2024-12-31,1156076.449636196,1,1170697.0509663054,1.0126467426394772,15529.062241657846,0.013432556511764135
2025-01-02,1155299.1067943543,1,1170697.0509663054,1.0133281018581208,15529.062241657846,0.0134415946055276
2025-01-03,1156067.0840597884,1,1170697.0509663054,1.0126549463333396,15529.062241657846,0.013432665332122482
2025-01-06,1156554.0940329903,1,1170697.0509663054,1.012228530430425,15529.062241657846,0.013427009010453501
2025-01-07,1155186.7198774617,1,1170697.0509663054,1.0134266874973157,15529.062241657846,0.013442902324314391
2025-01-08,1155523.88062814,1,1170697.0509663054,1.0131309881107065,15529.062241657846,0.013438979931090897
2025-01-10,1155167.9887246462,0,0.0,0.0,0.0,0.0
2025-01-13,1154369.872659709,1,1155167.9887246476,1.0006913867763194,17027.748964374223,0.014750687251687959
2025-01-14,1154732.652689226,1,1155167.9887246476,1.0003770015807623,17027.748964374223,0.01474605305801196
2025-01-15,1158875.9825000234,1,1155167.9887246476,0.9968003532462751,17027.748964374223,0.014693331488016992
2025-01-16,1157883.110840293,1,1155167.9887246476,0.997655098264906,17027.748964374223,0.014705930853432114
2025-01-17,1160636.4203274683,0,0.0,0.0,0.0,0.0
2025-01-21,1160218.9984569997,1,1160636.4203274697,1.000359778516836,14846.705596868382,0.012796468267295516
2025-01-22,1162107.1151216472,1,1160636.4203274697,0.9987344584892043,14846.705596868382,0.012775677391248273
2025-01-23,1163708.312097059,1,1160636.4203274697,0.9973602562277366,14846.705596868382,0.012758098780023229
2025-01-24,1162505.1004970386,1,1160636.4203274697,0.9983925402402365,14846.705596868382,0.012771303618814706
2025-01-27,1159108.3415954423,1,1160636.4203274697,1.001318322608156,14846.705596868382,0.012808729834894289
2025-01-28,1160894.6480477804,1,1160636.4203274697,0.99977756145164,14846.705596868382,0.012789020624597898
2025-01-29,1159793.2466600693,1,1160636.4203274697,1.0007270034291271,14846.705596868382,0.012801165759175946
2025-01-30,1160802.0933093172,1,1160636.4203274697,0.9998572771510299,14846.705596868382,0.012790040337144879
2025-01-31,1159469.3050754485,1,1160636.4203274697,1.0010065943504605,14846.705596868382,0.012804742248784485
2025-02-03,1157951.4073646534,1,1160636.4203274697,1.0023187613450266,14846.705596868382,0.012821527313186268
2025-02-04,1158590.0350600488,1,1160636.4203274697,1.0017662721113554,14846.705596868382,0.012814459944926842
2025-02-05,1160274.5313000774,1,1160636.4203274697,1.0003118994838116,14846.705596868382,0.012795855805119482
2025-02-06,1160404.107933926,1,1160636.4203274697,1.0002001995614764,14846.705596868382,0.012794426954677552
2025-02-07,1158090.239472348,1,1160636.4203274697,1.002198603155728,14846.705596868382,0.012819990265726508
2025-02-10,1159663.6700262208,1,1160636.4203274697,1.0008388210533723,14846.705596868382,0.012802596115244938
2025-02-11,1159959.845189303,1,1160636.4203274697,1.0005832746202143,14846.705596868382,0.01279932719950787
2025-02-12,1158904.7211708233,1,1160636.4203274697,1.001494254984911,14846.705596868382,0.01281098033828785
2025-02-13,1162171.9034385714,1,1160636.4203274697,0.9986787814207532,14846.705596868382,0.012774965177647774
2025-02-14,1161977.5384877988,1,1160636.4203274697,0.9988458312524058,14846.705596868382,0.012777102056714394
2025-02-18,1163051.173453971,1,1160636.4203274697,0.9979237774041102,14846.705596868382,0.01276530726741574
2025-02-19,1163264.049352436,1,1160636.4203274697,0.9977411585732154,14846.705596868382,0.012762971231796616
2025-02-20,1161996.0494354914,1,1160636.4203274697,0.9988299193369183,14846.705596868382,0.012776898513623217
2025-02-21,1155452.4294261492,1,1160636.4203274697,1.0044865463685901,14846.705596868382,0.012849257328786732
2025-02-24,1154193.684983051,1,1160636.4203274697,1.005582022695362,14846.705596868382,0.012863270515196418
2025-02-25,1152796.1084322578,1,1160636.4203274697,1.0068011262684382,14846.705596868382,0.01287886512477833
2025-02-26,1152842.3858014892,1,1160636.4203274697,1.0067607112836694,14846.705596868382,0.012878348141707614
2025-02-27,1148844.0210998827,1,1160636.4203274697,1.010264578142033,14846.705596868382,0.012923169137142232
2025-02-28,1151731.7289399318,1,1160636.4203274697,1.0077315673118894,14846.705596868382,0.012890767201953769
2025-03-03,1148297.9481429504,1,1160636.4203274697,1.0107450093457655,14846.705596868382,0.012929314748736388
2025-03-04,1147159.524859854,1,1160636.4203274697,1.0117480569838464,14846.705596868382,0.012942145599743132
2025-03-05,1147594.5321306307,1,1160636.4203274697,1.011364543688288,14846.705596868382,0.012937239749046122
2025-03-06,1146298.765792147,1,1160636.4203274697,1.012507781534088,14846.705596868382,0.012951863894408541
2025-03-07,1146196.9555798376,1,1160636.4203274697,1.0125977168909226,14846.705596868382,0.012953014335444416
2025-03-10,1146400.5760044565,1,1160636.4203274697,1.0124178621513165,14846.705596868382,0.012950713657710746
2025-03-11,1145882.269469063,1,1160636.4203274697,1.0128757999416842,14846.705596868382,0.012956571536574613
2025-03-12,1145845.2475736777,1,1160636.4203274697,1.0129085256365222,14846.705596868382,0.012956990159278677
2025-03-13,1145854.503047524,1,1160636.4203274697,1.0129003440145599,14846.705596868382,0.012956885501066637
2025-03-14,1145873.0139952167,1,1160636.4203274697,1.0128839811671442,14846.705596868382,0.012956676189714645
2025-03-17,1145863.7585213704,1,1160636.4203274697,1.0128921625247682,14846.705596868382,0.012956780844545308
2025-03-18,1145919.2913644481,1,1160636.4203274697,1.0128430763614231,14846.705596868382,0.012956152940919934
2025-03-19,1146002.590629065,1,1160636.4203274697,1.0127694560361962,14846.705596868382,0.01295521119958264
2025-03-20,1145845.2475736777,1,1160636.4203274697,1.0129085256365222,14846.705596868382,0.012956990159278677
2025-03-21,1145789.7147306,0,0.0,0.0,0.0,0.0
2025-03-24,1145789.7147306,0,0.0,0.0,0.0,0.0
2025-03-25,1145789.7147306,0,0.0,0.0,0.0,0.0
2025-03-26,1145789.7147306,0,0.0,0.0,0.0,0.0
2025-03-27,1145706.2787310514,1,1145789.7147306013,1.000072824947457,17178.11404658766,0.01499347115878042
2025-03-28,1140981.4727101047,1,1145789.7147306013,1.0042141280428296,17178.11404658766,0.015055559145746265
2025-03-31,1142029.2736346677,1,1145789.7147306013,1.0032927711948796,17178.11404658766,0.015041745814374716
2025-04-01,1143047.9689779931,1,1145789.7147306013,1.0023986270279275,17178.11404658766,0.015028340465839528
2025-04-02,1145599.5582665126,1,1145789.7147306013,1.0001659885976009,17178.11404658766,0.01499486790356403
2025-04-03,1136101.436922556,1,1145789.7147306013,1.0085276521032212,17178.11404658766,0.015120229134749903
2025-04-04,1131997.549968017,1,1145789.7147306013,1.0121839175031553,17178.11404658766,0.01517504525259176
2025-04-07,1132036.3574096677,1,1145789.7147306013,1.012149218733932,17178.11404658766,0.015174525035480948
2025-04-08,1131318.4197391337,1,1145789.7147306013,1.0127915313133542,17178.11404658766,0.015184154829326207
2025-04-09,1137838.0699364152,1,1145789.7147306013,1.0069883799850627,17178.11404658766,0.01509715178324769
2025-04-10,1135043.9341375802,1,1145789.7147306013,1.0094672816353896,17178.11404658766,0.015134316417134808
2025-04-11,1136635.0392452502,1,1145789.7147306013,1.008054190808186,17178.11404658766,0.015113130823412141
2025-04-14,1135393.2011124347,1,1145789.7147306013,1.0091567516944617,17178.11404658766,0.015129660834464131
2025-04-15,1134597.6485585996,1,1145789.7147306013,1.0098643481116147,17178.11404658766,0.015140269388369392
2025-04-16,1132472.9411282355,1,1145789.7147306013,1.011759021446551,17178.11404658766,0.015168675049731274
2025-04-17,1131910.2332243035,1,1145789.7147306013,1.0122619984331809,17178.11404658766,0.015176215871513887
2025-04-21,1130629.5876498376,1,1145789.7147306013,1.013408570982364,17178.11404658766,0.015193405722111546
2025-04-22,1131958.7425263666,1,1145789.7147306013,1.012218618651565,17178.11404658766,0.015175565505372234
2025-04-23,1133152.0713571191,1,1145789.7147306013,1.01115264552122,17178.11404658766,0.015159584031836343
2025-04-24,1135955.9090163666,1,1145789.7147306013,1.0086568551087074,17178.11404658766,0.015122166195219961
2025-04-25,1136596.2318035997,1,1145789.7147306013,1.0080886093669454,17178.11404658766,0.015113646839501386
2025-04-28,1135907.3997143037,1,1145789.7147306013,1.0086999301340789,17178.11404658766,0.015122811992340389
2025-04-29,1137188.0452887695,1,1145789.7147306013,1.0075639815925497,17178.11404658766,0.015105781420895583
2025-04-30,1138691.833652726,1,1145789.7147306013,1.0062333643467931,17178.11404658766,0.015085832302391463
2025-05-01,1137944.790400954,1,1145789.7147306013,1.00689394107326,17178.11404658766,0.015095735919257528
2025-05-02,1142601.6833990123,1,1145789.7147306013,1.0027901510893151,17178.11404658766,0.01503421034308841
2025-05-05,1139923.9699251289,1,1145789.7147306013,1.0051457333648819,17178.11404658766,0.015069526126129213
2025-05-06,1138051.510865493,1,1145789.7147306013,1.0067995198734223,17178.11404658766,0.015094320320811868
2025-05-07,1138740.342954789,1,1145789.7147306013,1.0061904997214033,17178.11404658766,0.015085189659667372
2025-05-08,1140467.2741082357,1,1145789.7147306013,1.0046668946520427,17178.11404658766,0.01506234719450387
2025-05-09,1139196.3303941824,1,1145789.7147306013,1.0057877506804622,17178.11404658766,0.015079151493266945
2025-05-12,1150216.673636879,0,0.0,0.0,0.0,0.0
2025-05-13,1149645.3365022691,1,1150216.6736368805,1.000496968166156,18559.97166984887,0.016144084684687657
2025-05-14,1150079.0247562635,1,1150216.6736368805,1.0001196864542818,18559.97166984887,0.01613799684224507
2025-05-15,1151493.2255845056,1,1150216.6736368805,0.9988913943050103,18559.97166984887,0.016118177039580676
2025-05-16,1153171.4105673528,1,1150216.6736368805,0.9974377296355114,18559.97166984887,0.01609472061115137
2025-05-19,1153633.3828379118,1,1150216.6736368805,0.9970383058848156,18559.97166984887,0.01608827548331842
2025-05-20,1152417.1701256237,1,1150216.6736368805,0.9980905382653199,18559.97166984887,0.016105254374009084
2025-05-21,1147882.2994697276,1,1150216.6736368805,1.0020336354765913,18559.97166984887,0.01616888044917391
2025-05-22,1148146.2836243326,1,1150216.6736368805,1.001803245842518,18559.97166984887,0.016165162866930982
2025-05-23,1146317.2505531395,1,1150216.6736368805,1.0034016962423442,18559.97166984887,0.016190955567399003
2025-05-27,1151747.781733589,1,1150216.6736368805,0.9986706220571974,18559.97166984887,0.0161146146441131
2025-05-28,1149598.1964746611,1,1150216.6736368805,1.0005379942001613,18559.97166984887,0.016144746683462597
2025-05-29,1150333.5809053471,1,1150216.6736368805,0.9998983709852453,18559.97166984887,0.016134425681324206
2025-05-30,1150361.8649219119,1,1150216.6736368805,0.9998737864236822,18559.97166984887,0.016134028983226724
2025-06-02,1152190.897993105,1,1150216.6736368805,0.9982865475159861,18559.97166984887,0.016108417192130898
2025-06-03,1153454.2507330012,1,1150216.6736368805,0.9971931465040219,18559.97166984887,0.016090774001703417
2025-06-04,1153350.5426722635,1,1150216.6736368805,0.9972828130568856,18559.97166984887,0.0160922208670802
2025-06-05,1151813.7777722403,1,1150216.6736368805,0.9986134007370108,18559.97166984887,0.01611369131713835
2025-06-06,1154811.8835281136,1,1150216.6736368805,0.996020815202218,18559.97166984887,0.016071857186943324
2025-06-09,1154830.7395391567,1,1150216.6736368805,0.9960045522306433,18559.97166984887,0.01607159476656757
2025-06-10,1156526.837732495,0,0.0,0.0,0.0,0.0
2025-06-11,1156104.9367420902,1,1156526.8377324967,1.0003649331276063,16983.36530673417,0.014690158969992278
2025-06-12,1157224.4547210154,1,1156526.8377324967,0.9993971636308991,16983.36530673417,0.01467594746848703
2025-06-13,1154744.861180917,1,1156526.8377324967,1.001543177728245,16983.36530673417,0.014707461256303735
2025-06-16,1156965.3927093633,1,1156526.8377324967,0.9996209437381358,16983.36530673417,0.01467923363460578
2025-06-17,1154883.6444014448,1,1156526.8377324967,1.0014228215448522,16983.36530673417,0.014705693849821849
2025-06-18,1154541.3124574758,1,1156526.8377324967,1.0017197524710437,16983.36530673417,0.014710054221086786
2025-06-20,1153477.307766762,1,1156526.8377324967,1.0026437710956262,16983.36530673417,0.014723623249785055
2025-06-23,1155818.1180863327,1,1156526.8377324967,1.0006131757541035,16983.36530673417,0.01469380436331386
2025-06-24,1158778.826790928,1,1156526.8377324967,0.9980565842192096,16983.36530673417,0.014656261327942252
2025-06-25,1158612.2869262944,1,1156526.8377324967,0.9982000456776353,16983.36530673417,0.01465836803076694
2025-06-26,1161017.862748778,1,1156526.8377324967,0.9961318209130319,16983.36530673417,0.014627996563743691
2025-06-27,1161729.3580593509,0,0.0,0.0,0.0,0.0
2025-06-30,1161371.067696585,1,1161729.3580593525,1.0003085063617763,15992.778919826413,0.013770602148326136
2025-07-01,1161425.354115186,1,1161729.3580593525,1.0002617507385123,15992.778919826413,0.01376995849381148
2025-07-02,1162710.1326887407,1,1161729.3580593525,0.9991564753743737,15992.778919826413,0.01375474288062105
2025-07-03,1164827.303014176,1,1161729.3580593525,0.9973404255319162,15992.778919826413,0.013729742493537499
2025-07-07,1162357.2709678349,1,1161729.3580593525,0.9994597935383847,15992.778919826413,0.013758918466187296
2025-07-08,1162465.8438050365,1,1161729.3580593525,0.9993664452597821,15992.778919826413,0.013757633400632328
2025-07-09,1163904.4338979605,1,1161729.3580593525,0.9981312247163424,15992.778919826413,0.013740628915954881
2025-07-10,1164365.8684560682,1,1161729.3580593525,0.9977356684285055,15992.778919826413,0.013735183547618584
2025-07-11,1163406.808394119,1,1161729.3580593525,0.9985581566803087,15992.778919826413,0.01374650621299154
2025-07-14,1164040.1499444628,1,1161729.3580593525,0.9980148520777221,15992.778919826413,0.013739026888883033
2025-07-15,1162592.5121151053,1,1161729.3580593525,0.9992575609710556,15992.778919826413,0.01375613446084453
2025-07-16,1163750.6223785914,1,1161729.3580593525,0.9982631465192193,15992.778919826413,0.013742444998344018
2025-07-17,1165614.4560838891,1,1161729.3580593525,0.9966669098823728,15992.778919826413,0.013720470637913412
2025-07-18,1165370.167200185,1,1161729.3580593525,0.9968758346117788,15992.778919826413,0.013723346769935982
2025-07-21,1165949.2223319279,1,1161729.3580593525,0.9963807478132405,15992.778919826413,0.013716531229242086
2025-07-22,1165840.6494947262,1,1161729.3580593525,0.996473539126333,15992.778919826413,0.01371780862741204
2025-07-23,1168599.3043332954,0,0.0,0.0,0.0,0.0
2025-07-24,1168363.8138674223,1,1168599.3043332968,1.0002015557680575,15480.399572403054,0.013249639700121404
2025-07-25,1169293.381495869,1,1168599.3043332968,0.9994064131606695,15480.399572403054,0.013239106470096568
2025-07-28,1169151.733095344,1,1168599.3043332968,0.9995274960927574,15480.399572403054,0.013240710452028756
2025-07-29,1168470.0501678162,1,1168599.3043332968,1.0001106182956612,15480.399572403054,0.013248435054180252
2025-07-30,1170178.683999152,1,1168599.3043332968,0.9986503089763544,15480.399572403054,0.013229090380879193
2025-07-31,1166354.1771849701,1,1168599.3043332968,1.00192491028218,15480.399572403054,0.01327246892514712
2025-08-01,1161954.2237436548,1,1168599.3043332968,1.0057188832863249,15480.399572403054,0.01332272757056415
2025-08-04,1166070.8803839197,1,1168599.3043332968,1.0021683278365932,15480.399572403054,0.013275693470114144
2025-08-05,1164441.9237778794,1,1168599.3043332968,1.0035702772895099,15480.399572403054,0.013294265052033615
2025-08-06,1166203.675759412,1,1168599.3043332968,1.0020542111328234,15480.399572403054,0.01327418176959739
2025-08-07,1166123.9985341167,1,1168599.3043332968,1.0021226780362051,15480.399572403054,0.013275088748591733
2025-08-08,1168753.3469688667,1,1168599.3043332968,0.9998681991919259,15480.399572403054,0.013245223735659105
2025-08-11,1167133.243387859,1,1168599.3043332968,1.0012561213158337,15480.399572403054,0.013263609497976267
2025-08-12,1171010.8683522376,1,1168599.3043332968,0.997940613461313,15480.399572403054,0.013219689065897364
2025-08-13,1172356.5281572277,1,1168599.3043332968,0.9967951525549684,15480.399572403054,0.013204515179981955
2025-08-14,1172099.7904312755,1,1168599.3043332968,0.9970134914052918,15480.399572403054,0.01320740750811586
2025-08-15,1171161.3697777959,1,1168599.3043332968,0.9978123719663115,15480.399572403054,0.013217990254699184
2025-08-18,1171055.133477402,1,1168599.3043332968,0.9979028919528216,15480.399572403054,0.013219189370217455
2025-08-19,1168735.6409188008,1,1168599.3043332968,0.999883346942858,15480.399572403054,0.013245424397456679
2025-08-20,1167301.450863483,1,1168599.3043332968,1.0011118408778246,15480.399572403054,0.013261698219386093
2025-08-21,1166044.3213088212,1,1168599.3043332968,1.0021911542964403,15480.399572403054,0.013275995851536028
2025-08-22,1171825.346655258,1,1168599.3043332968,0.9972469939047067,15480.399572403054,0.013210500708649774
2025-08-25,1169789.1508977076,1,1168599.3043332968,0.9989828538215647,15480.399572403054,0.013233495592366577
2025-08-26,1171834.1996802907,1,1168599.3043332968,0.9972394598588465,15480.399572403054,0.013210400905372571
2025-08-27,1172542.441682917,1,1168599.3043332968,0.9966371047994128,15480.399572403054,0.013202421526153436
2025-08-28,1173900.4957229528,0,0.0,0.0,0.0,0.0
2025-08-29,1173601.7643281457,1,1173900.4957229542,1.0002545423872804,16356.638922121845,0.013937128776800678
2025-09-02,1172024.8830652342,1,1173900.4957229542,1.0016003181202218,16356.638922121845,0.013955880253449742
2025-09-03,1173023.5745317447,1,1173900.4957229542,1.0007475733738425,16356.638922121845,0.013943998464524633
2025-09-04,1175529.0636494819,1,1173900.4957229542,0.9986146085393485,16356.638922121845,0.013914278623909083
2025-09-05,1174074.828707019,1,1173900.4957229542,0.9998515145885063,16356.638922121845,0.013931513155882088
2025-09-08,1174766.904372408,1,1173900.4957229542,0.9992624846288832,16356.638922121845,0.013923305858586473
2025-09-09,1175975.8466739734,1,1173900.4957229542,0.9982352095437258,16356.638922121845,0.01390899223685888
2025-09-10,1176387.5878926225,1,1173900.4957229542,0.9978858224999435,16356.638922121845,0.013904124023803314
2025-09-11,1178835.2580307196,0,0.0,0.0,0.0,0.0
2025-09-12,1178522.346612963,1,1178835.258030721,1.0002655116541976,14224.901043781001,0.012070115670409587
2025-09-15,1179995.8906855013,1,1178835.258030721,0.9990164095790994,14224.901043781001,0.012055042865884266
2025-09-16,1179900.5437161017,1,1178835.258030721,0.9990971394232724,14224.901043781001,0.012056017025790679
2025-09-17,1179415.140962795,1,1178835.258030721,0.9995083300935067,14224.901043781001,0.012060978827326867
2025-09-18,1180758.6664406976,1,1178835.258030721,0.9983710401925107,14224.901043781001,0.012047255250440656
2025-09-19,1182058.852387055,1,1178835.258030721,0.9972728985956796,14224.901043781001,0.012034004072686542
2025-09-22,1182985.4515714925,0,0.0,0.0,0.0,0.0
2025-09-23,1182654.5585393861,1,1182985.451571494,1.0002797884045842,16429.782003492208,0.013892291612001633
2025-09-24,1181437.2836544358,1,1182985.451571494,1.001310410580805,16429.782003492208,0.01390660531100848
2025-09-25,1180014.272169212,1,1182985.451571494,1.0025179181916335,16429.782003492208,0.013923375666710753
2025-09-26,1181488.717804504,1,1182985.451571494,1.0012668201942472,16429.782003492208,0.013905999910031112
2025-09-29,1182097.3552469793,1,1182985.451571494,1.0007512886485812,16429.782003492208,0.013898839998723694
2025-09-30,1182654.5585393861,1,1182985.451571494,1.0002797884045842,16429.782003492208,0.013892291612001633
2025-10-01,1183871.8334243365,1,1182985.451571494,0.9992512856309128,16429.782003492208,0.01387800734811744
2025-10-02,1184814.792842256,1,1182985.451571494,0.9984560107775382,16429.782003492208,0.013866962248233543
2025-10-03,1184369.0302083304,1,1182985.451571494,0.9988318010674486,16429.782003492208,0.013872181376274429
2025-10-06,1185354.8514179732,1,1182985.451571494,0.9980011050331091,16429.782003492208,0.01386064433265548
2025-10-07,1184506.187941846,1,1182985.451571494,0.9987161431608945,16429.782003492208,0.013870575072334563
2025-10-08,1186100.646593964,1,1182985.451571494,0.9973735828983691,16429.782003492208,0.013851929050601546
2025-10-09,1184969.0952924609,1,1182985.451571494,0.998325995396127,16429.782003492208,0.01386515654185664
2025-10-10,1178094.0638999946,1,1182985.451571494,1.0041519500194296,16429.782003492208,0.013946069763820566
2025-10-13,1181171.5405457495,1,1182985.451571494,1.001535688055019,16429.782003492208,0.01390973405598731
2025-10-14,1180820.073853616,1,1182985.451571494,1.001833791418206,16429.782003492208,0.013913874236464731
2025-10-15,1182457.3942974575,1,1182985.451571494,1.000446576152835,16429.782003492208,0.013894608027931323
2025-10-16,1181171.5405457495,1,1182985.451571494,1.001535688055019,16429.782003492208,0.01390973405598731
2025-10-17,1182680.2756144202,1,1182985.451571494,1.0002580375807109,16429.782003492208,0.013891989527733257
2025-10-20,1184934.805859082,1,1182985.451571494,0.9983548847768258,16429.782003492208,0.01386555776929901
2025-10-21,1184489.0432251564,1,1182985.451571494,0.9987305989343994,16429.782003492208,0.01387077583998311
2025-10-22,1183091.748814967,1,1182985.451571494,0.9999101530007463,16429.782003492208,0.013887157965516156
2025-10-23,1184557.622091914,1,1182985.451571494,0.9986727783510915,16429.782003492208,0.013869972804258704
2025-10-24,1187352.2109122933,1,1182985.451571494,0.996322271268233,16429.782003492208,0.013837328008063005
2025-10-27,1191256.0629024792,0,0.0,0.0,0.0,0.0
2025-10-28,1190941.7384957063,1,1191256.0629024806,1.0002639292894138,15211.294961805987,0.012772492952526433
2025-10-29,1191058.774179079,1,1191256.0629024806,1.0001656414676408,15211.294961805987,0.01277123790325978
2025-10-30,1189194.5629367826,1,1191256.0629024806,1.0017335262285483,15211.294961805987,0.01279125841631906
2025-10-31,1189428.6343035283,1,1191256.0629024806,1.0015363919669062,15211.294961805987,0.012788741184722681
2025-11-03,1189445.3536868673,1,1191256.0629024806,1.0015223139171554,15211.294961805987,0.012788561420376529
2025-11-04,1186569.6197525624,1,1191256.0629024806,1.0039495728458778,15211.294961805987,0.012819555387721815
2025-11-05,1186795.3314276387,1,1191256.0629024806,1.0037586358462296,15211.294961805987,0.012817117289724905
2025-11-06,1184688.689126927,1,1191256.0629024806,1.0055435439164981,15211.294961805987,0.0128399090000734
2025-11-07,1184304.1433101303,1,1191256.0629024806,1.005870045825323,15211.294961805987,0.012844078143043908
2025-11-10,1187756.6959696303,1,1191256.0629024806,1.002946198446807,15211.294961805987,0.012806743176798663
2025-11-11,1188333.514694825,1,1191256.0629024806,1.0024593669803263,15211.294961805987,0.01280052676601685
2025-11-12,1188467.269761537,1,1191256.0629024806,1.0023465460193137,15211.294961805987,0.012799086141310477
2025-11-13,1184345.9417684777,1,1191256.0629024806,1.0058345462168634,15211.294961805987,0.01284362484418389
2025-11-14,1183877.7990349862,1,1191256.0629024806,1.0062322850158256,15211.294961805987,0.012848703619752953
2025-11-17,1182172.42193441,1,1191256.0629024806,1.0076838545710674,15211.294961805987,0.012867238889666763
2025-11-18,1180634.2386672238,1,1191256.0629024806,1.0089967103166917,15211.294961805987,0.012884002905910538
2025-11-19,1180784.7131172747,1,1191256.0629024806,1.0088681278381064,15211.294961805987,0.012882361020450653
2025-11-20,1178878.7034166306,1,1191256.0629024806,1.0104992646401856,15211.294961805987,0.012903189206591446
2025-11-21,1179338.4864584527,1,1191256.0629024806,1.0101053061363379,15211.294961805987,0.012898158702074945
2025-11-24,1181119.1007840543,1,1191256.0629024806,1.0085825062956795,15211.294961805987,0.012878713883899072
2025-11-25,1182456.6514511728,1,1191256.0629024806,1.0074416355479152,15211.294961805987,0.012864145965213937
2025-11-26,1184019.9137933678,1,1191256.0629024806,1.006111509633254,15211.294961805987,0.012847161424060833
2025-11-28,1184981.2783353592,1,1191256.0629024806,1.0052952605090404,15211.294961805987,0.012836738638752627
2025-12-01,1183250.8221597746,1,1191256.0629024806,1.006765463917527,15211.294961805987,0.012855511846626887
2025-12-02,1183568.4904432152,1,1191256.0629024806,1.0064952493424242,15211.294961805987,0.012852061443533156
2025-12-03,1184320.8626934693,1,1191256.0629024806,1.0058558456812445,15211.294961805987,0.012843896819660295
2025-12-04,1183994.8347183592,1,1191256.0629024806,1.0061328208292806,15211.294961805987,0.01284743354934006
2025-12-05,1184412.8193018339,1,1191256.0629024806,1.0057777520549638,15211.294961805987,0.012842899632555872
2025-12-08,1182674.0034345796,1,1191256.0629024806,1.0072564877920527,15211.294961805987,0.012861781790781884
2025-12-09,1182205.860701088,1,1191256.0629024806,1.0076553521702434,15211.294961805987,0.012866874939010346
2025-12-10,1183794.2021182913,1,1191256.0629024806,1.0063033429043975,15211.294961805987,0.012849610966658535
2025-12-11,1184178.747935088,1,1191256.0629024806,1.0059765596872379,15211.294961805987,0.012845438231627352
2025-12-12,1178736.5886582492,1,1191256.0629024806,1.0106210958111363,15211.294961805987,0.01290474488377504
2025-12-15,1178076.1730163596,1,1191256.0629024806,1.0111876381069445,15211.294961805987,0.012911979131925582
2025-12-16,1177123.1681660374,1,1191256.0629024806,1.0120063007157205,15211.294961805987,0.012922432735314559
2025-12-17,1176136.7245490376,1,1191256.0629024806,1.012855085669772,15211.294961805987,0.01293327097462959
2025-12-18,1176446.0331408088,1,1191256.0629024806,1.012588788048469,15211.294961805987,0.012929870587599956
2025-12-19,1176404.2346824612,1,1191256.0629024806,1.0126247660303842,15211.294961805987,0.01293032999486938
2025-12-22,1176345.7168407748,1,1191256.0629024806,1.0126751395004434,15211.294961805987,0.01293097321989478
2025-12-23,1176847.2983409443,1,1191256.0629024806,1.0122435294552223,15211.294961805987,0.012925461938222612
2025-12-24,1177708.346582902,1,1191256.0629024806,1.0115034561475997,15211.294961805987,0.012916011851271383
2025-12-26,1177449.4302125145,0,0.0,0.0,0.0,0.0
2025-12-29,1177140.051466351,1,1177449.4302125159,1.0002628223768102,15909.966584618593,0.013515780526539485
2025-12-30,1176547.6240800805,1,1177449.4302125159,1.000766485022772,15909.966584618593,0.013522586131656408
2025-12-31,1174383.6184885649,1,1177449.4302125159,1.0026105709205113,15909.966584618593,0.01354750384299022
2026-01-02,1174317.7932234237,1,1177449.4302125159,1.0026667713008897,15909.966584618593,0.013548263235411601
2026-01-05,1176193.8132799468,1,1177449.4302125159,1.0010675255373667,15909.966584618593,0.01352665386009121
2026-01-06,1178185.0275504668,1,1177449.4302125159,0.9993756521083278,15909.966584618593,0.013503792878523147
2026-01-07,1176975.488303498,1,1177449.4302125159,1.0004026778074206,15909.966584618593,0.013517670285174204
2026-01-08,1177230.56120592,1,1177449.4302125159,1.0001859185564903,15909.966584618593,0.013514741384492173
2026-01-09,1178958.4744158755,1,1177449.4302125159,0.9987200192066923,15909.966584618593,0.013494933816478408
2026-01-12,1179666.096016143,1,1177449.4302125159,0.9981209379407334,15909.966584618593,0.01348683889309715
2026-01-13,1179361.6541648651,1,1177449.4302125159,0.9983785940931721,15909.966584618593,0.013490320402086356
2026-01-14,1177518.5467409126,1,1177449.4302125159,0.99994130323587,15909.966584618593,0.013511436086211588
2026-01-15,1178160.3430760389,1,1177449.4302125159,0.9993965907376692,15909.966584618593,0.013504075806082158
2026-01-16,1177855.901224761,1,1177449.4302125159,0.9996549059933202,15909.966584618593,0.013507566221025044
2026-01-20,1171874.030255058,1,1177449.4302125159,1.0047576785674177,15909.966584618593,0.013576516053654498
2026-01-21,1174490.584544419,1,1177449.4302125159,1.0025192587382423,15909.966584618593,0.013546270011853705
2026-01-22,1175370.9974656822,1,1177449.4302125159,1.001768320599466,15909.966584618593,0.013536123163599775
2026-01-23,1175165.2935121162,1,1177449.4302125159,1.001943672701202,15909.966584618593,0.013538492561390945
2026-01-26,1177378.6680524875,1,1177449.4302125159,1.0000601014456507,15909.966584618593,0.013513041314851924
2026-01-27,1178983.1588903035,1,1177449.4302125159,0.9986991089175259,15909.966584618593,0.013494651271858336
2026-01-28,1179205.3191601548,1,1177449.4302125159,0.9985109557096559,15909.966584618593,0.013492108902586935
2026-01-29,1178168.5712341815,1,1177449.4302125159,0.9993896110970671,15909.966584618593,0.013503981495578538
2026-01-30,1176745.099875504,1,1177449.4302125159,1.00059854112593,15909.966584618593,0.013520316835227798
2026-02-02,1178728.0859878813,1,1177449.4302125159,0.998915224138149,15909.966584618593,0.013497571470255241
2026-02-03,1175165.2935121162,1,1177449.4302125159,1.001943672701202,15909.966584618593,0.013538492561390945
2026-02-04,1174358.934014137,1,1177449.4302125159,1.0026316453248372,15909.966584618593,0.013547788605171942
2026-02-05,1169487.864393691,1,1177449.4302125159,1.0068077370114075,15909.966584618593,0.013604216913244286
2026-02-06,1174803.2545538396,1,1177449.4302125159,1.0022524415457814,15909.966584618593,0.013542664716791913
2026-02-09,1176876.7504057863,1,1177449.4302125159,1.0004866098395877,15909.966584618593,0.013518804394030935
2026-02-10,1175148.837195831,1,1177449.4302125159,1.001957703521347,15909.966584618593,0.01353868214904875
2026-02-11,1175074.783772547,1,1177449.4302125159,1.0020208470752348,15909.966584618593,0.01353953535922204
2026-02-12,1168533.398049144,1,1177449.4302125159,1.0076301046921354,15909.966584618593,0.013615328933841462
2026-02-13,1167513.106439456,1,1177449.4302125159,1.0085106742855867,15909.966584618593,0.013627227392023832
2026-02-17,1167134.6111648944,1,1177449.4302125159,1.008837728698086,15909.966584618593,0.013631646626209777
2026-02-18,1168146.6746164397,1,1177449.4302125159,1.007963687949658,15909.966584618593,0.01361983638727784
2026-02-19,1166854.8537880445,1,1177449.4302125159,1.009079600937578,15909.966584618593,0.01363491485934941
2026-02-20,1168179.5872490103,1,1177449.4302125159,1.007935289286586,15909.966584618593,0.013619452658033143
2026-02-23,1163744.6100101247,1,1177449.4302125159,1.0117764843630699,15909.966584618593,0.013671355766348231
2026-02-24,1164682.6200383862,1,1177449.4302125159,1.0109616216078754,15909.966584618593,0.013660345154025071
2026-02-25,1167570.7035464547,1,1177449.4302125159,1.0084609237248374,15909.966584618593,0.013626555151043643
2026-02-26,1162403.4202328734,1,1177449.4302125159,1.0129438796529249,15909.966584618593,0.013687129879083824
2026-02-27,1161539.4636278958,0,0.0,0.0,0.0,0.0
2026-03-02,1161444.7773469535,1,1161539.4636278972,1.0000815245656018,18444.23451871819,0.015880423140607416
2026-03-03,1159265.3603631963,1,1161539.4636278972,1.0019616761980954,18444.23451871819,0.015910278310170188
2026-03-04,1160955.0207213901,1,1161539.4636278972,1.0005034156328847,18444.23451871819,0.015887122403120645
2026-03-05,1159861.2309242985,1,1161539.4636278972,1.0014469254242262,18444.23451871819,0.015902104516434173
2026-03-06,1157306.3338609426,1,1161539.4636278972,1.0036577435404093,18444.23451871819,0.015937210381615673
2026-03-09,1158122.5949035482,1,1161539.4636278972,1.0029503514907534,18444.23451871819,0.01592597761228748
2026-03-10,1158432.7740997386,1,1161539.4636278972,1.0026818038971428,18444.23451871819,0.015921713310512897
2026-03-11,1157347.146913073,1,1161539.4636278972,1.0036223502395163,18444.23451871819,0.01593664836683916
2026-03-12,1154375.9567179882,1,1161539.4636278972,1.0062055233117255,18444.23451871819,0.015977666904252823
2026-03-13,1152931.1746725761,1,1161539.4636278972,1.0074664378450569,18444.23451871819,0.015997689128283147
2026-03-16,1153820.8992090162,1,1161539.4636278972,1.0066895689133142,18444.23451871819,0.015985353126609463
2026-03-17,1153682.1348317734,1,1161539.4636278972,1.0068106530897,18444.23451871819,0.015987275837817904
2026-03-18,1150466.0663239069,1,1161539.4636278972,1.009625140304549,18444.23451871819,0.0160319674422499
2026-03-19,1150098.7488547345,1,1161539.4636278972,1.0099475934432198,18444.23451871819,0.016037087717106824
2026-03-20,1148115.2345212025,1,1161539.4636278972,1.0116924056950547,18444.23451871819,0.016064793815239262
2026-03-23,1148686.6172510264,1,1161539.4636278972,1.011189166987624,18444.23451871819,0.016056802823086698
2026-03-24,1147935.6570918292,1,1161539.4636278972,1.0118506698977638,18444.23451871819,0.016067306912867105
2026-03-25,1148327.46239228,1,1161539.4636278972,1.011505429999987,18444.23451871819,0.01606182480413192
2026-03-26,1146474.549825565,1,1161539.4636278972,1.013140207782741,18444.23451871819,0.01608778365077922
2026-03-27,1145029.767780153,1,1161539.4636278972,1.0144185734836844,18444.23451871819,0.016108082984144304
2026-03-30,1144115.5554124345,1,1161539.4636278972,1.0152291507033848,18444.23451871819,0.016120954244057413
2026-03-31,1145168.532157396,1,1161539.4636278972,1.0142956525705957,18444.23451871819,0.016106131107157553
2026-04-01,1146025.606252132,1,1161539.4636278972,1.0135370948878712,18444.23451871819,0.01609408587216188
2026-04-02,1145405.2478597516,1,1161539.4636278972,1.0140860326930519,18444.23451871819,0.016102802526164594
2026-04-06,1145552.1748474208,1,1161539.4636278972,1.0139559673766982,18444.23451871819,0.016100737202279614
2026-04-07,1146654.1272549382,1,1161539.4636278972,1.0129815399597384,18444.23451871819,0.016085264144012835
2026-04-08,1150710.9446366886,1,1161539.4636278972,1.0094102859120955,18444.23451871819,0.01602855574172152
2026-04-09,1152074.10057784,1,1161539.4636278972,1.0082159325040894,18444.23451871819,0.016009590450360097
2026-04-10,1151151.7255996957,1,1161539.4636278972,1.0090237783579659,18444.23451871819,0.016022418338564028
2026-04-13,1155224.868202298,1,1161539.4636278972,1.0054661179822295,18444.23451871819,0.015965925791937084
2026-04-14,1160408.1258228442,1,1161539.4636278972,1.0009749481926893,18444.23451871819,0.0158946099292776
2026-04-15,1163591.5438890064,1,1161539.4636278972,0.9982364255980662,18444.23451871819,0.01585112457681934
2026-04-16,1164881.2363363234,1,1161539.4636278972,0.9971312331212953,18444.23451871819,0.01583357508335123
2026-04-17,1169414.7501669554,0,0.0,0.0,0.0,0.0
2026-04-20,1169362.3171686463,1,1169414.7501669568,1.0000448389669658,16608.54943409674,0.014203082475165347
2026-04-21,1169012.7638465855,1,1169414.7501669568,1.0003438682046966,16608.54943409674,0.01420732942166263
2026-04-22,1170204.4228990653,1,1169414.7501669568,0.9993251839450819,16608.54943409674,0.014192861613828727
2026-04-23,1169266.9844444478,1,1169414.7501669568,1.000126374664191,16608.54943409674,0.014204240481473902
2026-04-24,1171237.1940778813,1,1169414.7501669568,0.9984440009930189,16608.54943409674,0.014180346660842431
2026-04-27,1171459.637101011,1,1169414.7501669568,0.9982544111044965,16608.54943409674,0.01417765402075449
2026-04-28,1170077.3126001342,1,1169414.7501669568,0.9994337447397343,16608.54943409674,0.014194403442614734
2026-04-29,1168837.987185555,1,1169414.7501669568,1.0004934498944464,16608.54943409674,0.014209453847481863
2026-04-30,1172841.9616018876,1,1169414.7501669568,0.9970778574205771,16608.54943409674,0.014160944081001759
2026-05-01,1173191.5149239483,1,1169414.7501669568,0.9967807772994025,16608.54943409674,0.014156724816726435
2026-05-04,1172349.4091935293,1,1169414.7501669568,0.9974967710107934,16608.54943409674,0.014166893678499763
2026-05-05,1174596.8781665063,0,0.0,0.0,0.0,0.0
2026-05-06,1174596.8781665063,0,0.0,0.0,0.0,0.0
2026-05-07,1174522.693100517,1,1174596.878166508,1.0000631618839098,16874.011468186756,0.01436669684401122
2026-05-08,1176245.9503625638,1,1174596.878166508,0.9985980209363972,16874.011468186756,0.014345648937609982
2026-05-11,1176748.245080201,1,1174596.878166508,0.9981717696009427,16874.011468186756,0.014339525500661964
2026-05-12,1176199.5846963204,1,1174596.878166508,0.998637385567326,16874.011468186756,0.014346214441610612
2026-05-13,1177729.651682353,1,1174596.878166508,0.9973399892654735,16874.011468186756,0.014327576319474265
2026-05-14,1179243.4906852006,0,0.0,0.0,0.0,0.0
2026-05-15,1179161.8981199183,1,1179243.490685202,1.0000691953881937,16384.7107981235,0.013895217293102535
2026-05-18,1179000.2524717173,1,1179243.490685202,1.0002063088731106,16384.7107981235,0.01389712238294584
2026-05-19,1177422.283048803,1,1179243.490685202,1.0015467752416602,16384.7107981235,0.013915747165661862
2026-05-20,1179723.809182712,1,1179243.490685202,0.9995928551295045,16384.7107981235,0.013888598899664898
2026-05-21,1180139.4694209432,1,1179243.490685202,0.9992407857215547,16384.7107981235,0.0138837071572252
2026-05-22,1181117.040721968,1,1179243.490685202,0.9984137473491866,16384.7107981235,0.013872216074461343
2026-05-26,1182325.5343775658,1,1179243.490685202,0.9973932359551159,16384.7107981235,0.013858036828029104
2026-05-27,1182602.6412030533,1,1179243.490685202,0.9971595272995213,16384.7107981235,0.013854789620168147
2026-05-28,1184187.5382966048,0,0.0,0.0,0.0,0.0
2026-05-29,1183478.6830335404,1,1184187.538296606,1.0005989590460966,16611.017434464666,0.014035755499952594
2026-06-01,1184473.0389817283,1,1184187.538296606,0.9997589639647959,16611.017434464666,0.01402397259184969
2026-06-02,1184962.683956215,1,1184187.538296606,0.9993458480422176,16611.017434464666,0.014018177668688892
2026-06-03,1183117.0990523812,1,1184187.538296606,1.0009047618744433,16611.017434464666,0.014040045104385083
2026-06-04,1183682.0740229425,1,1184187.538296606,1.0004270270579882,16611.017434464666,0.014033343749144845
2026-06-05,1176164.1404146727,1,1184187.538296606,1.0068216651113886,16611.017434464666,0.014123043598836661
2026-06-08,1177022.902369926,1,1184187.538296606,1.0060870828530644,16611.017434464666,0.014112739353685063
2026-06-09,1176201.8054127102,1,1184187.538296606,1.0067894240997988,16611.017434464666,0.014122591342763778
2026-06-10,1173504.9915532304,1,1184187.538296606,1.0091031114654538,16611.017434464666,0.014155046253768906
2026-06-11,1176879.7753773837,1,1184187.538296606,1.006209438782206,16611.017434464666,0.01411445568357915
2026-06-12,1177467.3493467676,1,1184187.538296606,1.0057073250936142,16611.017434464666,0.014107412357276899
2026-06-15,1181346.844144622,1,1184187.538296606,1.0024046233043782,16611.017434464666,0.014061084191148118
2026-06-16,1179531.3912392184,1,1184187.538296606,1.0039474549740433,16611.017434464666,0.014082726036661976
2026-06-17,1176518.1913962245,1,1184187.538296606,1.0065186811019724,16611.017434464666,0.014118793534974295
2026-06-18,1179102.0102615918,1,1184187.538296606,1.0043130517892052,16611.017434464666,0.01408785439249603
2026-06-22,1177339.2883534404,1,1184187.538296606,1.0058167174160502,16611.017434464666,0.014108946842074631
2026-06-23,1174265.8245135865,1,1184187.538296606,1.008449291102489,16611.017434464666,0.014145874884288156
2026-06-24,1174175.4285182967,1,1184187.538296606,1.008526928374701,16611.017434464666,0.014146963929764967
2026-06-25,1173821.3775367448,1,1184187.538296606,1.0088311228251903,16611.017434464666,0.014151230972912385
2026-06-26,1172495.5696058276,1,1184187.538296606,1.009971865987271,16611.017434464666,0.014167232580715847
2026-06-29,1174213.093516334,1,1184187.538296606,1.0084945780585721,16611.017434464666,0.014146510140438658
2026-06-30,1175847.7544311583,1,1184187.538296606,1.007092571154743,16611.017434464666,0.014126843693723431
2026-07-01,1174913.6624798302,1,1184187.538296606,1.0078932402549492,16611.017434464666,0.014138074962380334
2026-07-02,1174085.032523007,1,1184187.538296606,1.0086045776019217,16611.017434464666,0.014148053142938915
2026-07-06,1176390.1304028973,1,1184187.538296606,1.0066282500100865,16611.017434464666,0.014120330496801791
2026-07-07,1174198.0275171192,1,1184187.538296606,1.0085075179359737,16611.017434464666,0.01414669165267567
2026-07-08,1173037.9455775665,1,1184187.538296606,1.0095048866586747,16611.017434464666,0.01416068209650791
2026-07-09,1175358.1094566719,1,1184187.538296606,1.0075121180250466,16611.017434464666,0.014132728826062532
2026-07-10,1177037.9683691408,1,1184187.538296606,1.0060742050125804,16611.017434464666,0.014112558711661836
2026-07-13,1174152.8295194742,1,1184187.538296606,1.0085463395606162,16611.017434464666,0.014147236217335334
2026-07-14,1174740.403488858,1,1184187.538296606,1.0080418914508185,16611.017434464666,0.014140160145281166
2026-07-15,1175184.8504656996,1,1184187.538296606,1.0076606568127038,16611.017434464666,0.01413481243217362
2026-07-16,1172985.214580314,1,1184187.538296606,1.0095502684748674,16611.017434464666,0.014161318683294719
2026-07-17,1170198.0047255447,1,1184187.538296606,1.0119548431244696,16611.017434464666,0.014195048502377657
2026-07-20,1169678.2277526283,1,1184187.538296606,1.0124045316051196,16611.017434464666,0.014201356441745857
2026-07-21,1170258.2687224045,1,1184187.538296606,1.0119027311718194,16611.017434464666,0.014194317509586376
2026-07-22,1169806.2887459556,1,1184187.538296606,1.0122937016914717,16611.017434464666,0.014199801791347735
2026-07-23,1168051.0998374114,1,1184187.538296606,1.013814839488992,16611.017434464666,0.014221139329244124
2026-07-24,1167862.7748472244,1,1184187.538296606,1.0139783233107307,16611.017434464666,0.014223432574634173
2026-07-27,1167742.2468535046,1,1184187.538296606,1.014082980629855,16611.017434464666,0.014224900639865734
2026-07-28,1167584.0538617475,1,1184187.538296606,1.0142203761518864,16611.017434464666,0.01422682793544863
2026-07-29,1167388.195871953,1,1184187.538296606,1.014390536484828,16611.017434464666,0.014229214834622738
2026-07-30,1167380.6628723454,1,1184187.538296606,1.014397082253279,16611.017434464666,0.014229306654431968
2026-07-31,1167576.52086214,0,0.0,0.0,0.0,0.0
2026-08-03,1167360.660145767,1,1167576.5208621412,1.00018491347511,15429.96137894116,0.01321781854205575
2026-08-04,1172241.634419765,1,1167576.5208621412,0.9960203481768218,15429.96137894116,0.013162782250588348
2026-08-05,1172108.1123271633,1,1167576.5208621412,0.9961338110218989,15429.96137894116,0.013164281704616587
2026-08-06,1171514.6808044887,1,1167576.5208621412,0.9966384032510431,15429.96137894116,0.01317095008006667
2026-08-07,1172567.2799678328,0,0.0,0.0,0.0,0.0
2026-08-10,1172567.2799678328,0,0.0,0.0,0.0,0.0
2026-08-11,1172567.2799678328,0,0.0,0.0,0.0,0.0
2026-08-12,1172567.2799678328,0,0.0,0.0,0.0,0.0
2026-08-13,1172425.0626492228,1,1172567.279967834,1.000121301841066,15379.787169677109,0.01311792766944507
2026-08-14,1171590.6243002359,1,1172567.279967834,1.0008336151274524,15379.787169677109,0.013127270610297946
2026-08-17,1170553.0183532345,1,1172567.279967834,1.0017207777717179,15379.787169677109,0.013138906934188942
2026-08-18,1168477.806459232,1,1172567.279967834,1.003499829852134,15379.787169677109,0.013162241580164498
2026-08-19,1168506.8304018055,1,1172567.279967834,1.0034749044339195,15379.787169677109,0.013161914649988464
2026-08-20,1166119.6111251384,1,1172567.279967834,1.005529165945914,15379.787169677109,0.013188859035513362
2026-08-21,1166808.929761258,1,1172567.279967834,1.004935126960122,15379.787169677109,0.013181067420202195
2026-08-24,1165887.4195845507,1,1172567.279967834,1.0057294214441936,15379.787169677109,0.013191485654041539
2026-08-25,1166554.9702637403,1,1172567.279967834,1.0051539017511832,15379.787169677109,0.013183936944008712
2026-08-26,1166765.3938473978,1,1172567.279967834,1.004972624446209,15379.787169677109,0.013181559249852627
2026-08-27,1167679.6480384618,1,1172567.279967834,1.0041857644239862,15379.787169677109,0.013171238528917582
2026-08-28,1166910.513560265,1,1172567.279967834,1.004847643706894,15379.787169677109,0.013179919960403047
2026-08-31,1165829.3716994037,1,1172567.279967834,1.0057794977824315,15379.787169677109,0.013192142472151249
2026-09-01,1164073.4231737093,1,1172567.279967834,1.0072966675684143,15379.787169677109,0.013212042181794623
2026-09-02,1164878.837580123,1,1172567.279967834,1.0066002077981626,15379.787169677109,0.013202907180996197
2026-09-03,1167628.8561389584,1,1172567.279967834,1.0042294465428045,15379.787169677109,0.013171811478292873
2026-09-04,1165952.7234553408,1,1172567.279967834,1.0056730915237204,15379.787169677109,0.013190746811842064
2026-09-08,1163921.0474751987,1,1172567.279967834,1.0074285386550839,15379.787169677109,0.013213771847359626
2026-09-09,1163101.1210974983,1,1172567.279967834,1.0081387238810358,15379.787169677109,0.013223086875855466
2026-09-10,1162099.795078714,1,1172567.279967834,1.0090073889810909,15379.787169677109,0.013234480579729705
2026-09-11,1163130.1450400718,1,1172567.279967834,1.0081135674868413,15379.787169677109,0.013222756916120723
2026-09-14,1161497.5482703147,1,1172567.279967834,1.0095305682857483,15379.787169677109,0.013241342775609354
2026-09-15,1160358.3585243062,1,1172567.279967834,1.0105216818182399,15379.787169677109,0.013254342554343695
2026-09-16,1159589.2240461095,1,1172567.279967834,1.0111919425022258,15379.787169677109,0.013263133919107162
2026-09-17,1161004.1412465659,1,1172567.279967834,1.0099596016159365,15379.787169677109,0.013246970121195165
2026-09-18,1161112.9810312162,1,1172567.279967834,1.009864930565538,15379.787169677109,0.013245728383828677
2026-09-21,1165270.6608048645,1,1172567.279967834,1.0062617376446512,15379.787169677109,0.013198467692522295
2026-09-22,1164308.5171085543,0,0.0,0.0,0.0,0.0
