date,100pct_current_equity_per_entry,fixed_1m_per_entry,earlier_5pct_max_loss
2016-09-22,1000000.0,1000000.0,1000000.0
2016-09-23,1000000.0,1000000.0,1000000.0
2016-09-26,1000000.0,1000000.0,1000000.0
2016-09-27,1000000.0,1000000.0,1000000.0
2016-09-28,1000000.0,1000000.0,1000000.0
2016-09-29,1000000.0,1000000.0,1000000.0
2016-09-30,1000000.0,1000000.0,1000000.0
2016-10-03,1000000.0,1000000.0,1000000.0
2016-10-04,1000000.0,1000000.0,1000000.0
2016-10-05,1000000.0,1000000.0,1000000.0
2016-10-06,1000000.0,1000000.0,1000000.0
2016-10-07,1000000.0,1000000.0,1000000.0
2016-10-10,1000000.0,1000000.0,1000000.0
2016-10-11,1000000.0,1000000.0,1000000.0
2016-10-12,1000000.0,1000000.0,1000000.0
2016-10-13,1000000.0,1000000.0,1000000.0
2016-10-14,1000000.0,1000000.0,1000000.0
2016-10-17,1000000.0,1000000.0,1000000.0
2016-10-18,1000000.0,1000000.0,1000000.0
2016-10-19,1000000.0,1000000.0,1000000.0
2016-10-20,1000000.0,1000000.0,1000000.0
2016-10-21,999634.0909090909,999634.0909090909,999138.3001498609
2016-10-24,1000497.7272727273,1000497.7272727273,1001172.1258831086
2016-10-25,999747.7272727273,999747.7272727273,999405.9087989724
2016-10-26,999384.0909090909,999384.0909090909,998549.5611218155
2016-10-27,998179.5454545455,998179.5454545455,995712.9094412331
2016-10-28,998588.6363636365,998588.6363636365,996676.3005780347
2016-10-31,998543.1818181819,998543.1818181819,996569.25711839
2016-11-01,996747.7272727273,996747.7272727273,992341.0404624278
2016-11-02,995611.3636363636,995611.3636363636,989664.9539713124
2016-11-03,995202.2727272727,995202.2727272727,988701.5628345108
2016-11-04,994838.6363636364,994838.6363636364,987845.2151573539
2016-11-07,999020.4545454546,999020.4545454546,997693.2134446586
2016-11-08,999565.9090909092,999565.9090909092,998977.734960394
2016-11-09,1001747.7272727274,1001747.7272727274,1004115.8210233354
2016-11-10,1002338.6363636365,1002338.6363636365,1005507.3859987155
2016-11-11,1001679.5454545455,1001679.5454545455,1003955.2558338685
2016-11-14,1001429.5454545455,1001429.5454545455,1003366.5168058232
2016-11-15,1003270.4545454546,1003270.4545454546,1007701.7769214301
2016-11-16,1002475.0,1002475.0,1005828.5163776493
2016-11-17,1003552.2727272727,1003552.2727272727,1008365.4463712267
2016-11-18,1002334.6293030303,1002338.9393939393,1006949.3243668694
2016-11-21,1003717.3013232324,1003716.7171717171,1008557.3749945279
2016-11-22,1004609.3477878788,1004605.606060606,1009594.8270123721
2016-11-23,1004587.0466262627,1004583.3838383837,1009568.8907119259
2016-11-25,1005657.5023838385,1005650.0505050503,1010813.833133339
2016-11-28,1004430.9384949496,1004427.8282828281,1009387.3366088032
2016-11-29,1004921.5640505052,1004916.717171717,1009957.9352186176
2016-11-30,1004207.926878788,1004205.6060606058,1009127.9736043422
2016-12-01,1003315.8804141416,1003316.717171717,1008090.521586498
2016-12-02,1003137.4711212122,1003138.9393939392,1007883.0311829292
2016-12-05,1004453.2396565658,1004450.0505050503,1009413.2729092493
2016-12-06,1005278.3826363639,1005272.2727272726,1010372.9160257552
2016-12-07,1008231.0564343437,1008214.4949494948,1013806.8822048195
2016-12-08,1008231.0564343437,1008214.4949494948,1013806.8822048195
2016-12-09,1008231.0564343437,1008214.4949494948,1013806.8822048195
2016-12-12,1008231.0564343437,1008214.4949494948,1013806.8822048195
2016-12-13,1008231.0564343437,1008214.4949494948,1013806.8822048195
2016-12-14,1008231.0564343437,1008214.4949494948,1013806.8822048195
2016-12-15,1008231.0564343437,1008214.4949494948,1013806.8822048195
2016-12-16,1007763.7218674128,1007750.9756361902,1013223.9806504153
2016-12-19,1008066.6239015347,1008051.4048207395,1013601.787213455
2016-12-20,1008975.3300039005,1008952.6923743876,1014735.2069025742
2016-12-21,1007936.8087440539,1007922.6494559327,1013439.8701150094
2016-12-22,1007742.0860078327,1007729.5164087224,1013196.994467341
2016-12-23,1007871.9011653134,1007858.2717735292,1013358.9115657866
2016-12-27,1007936.8087440538,1007922.6494559327,1013439.8701150094
2016-12-28,1006400.6627138641,1006399.044305718,1011523.8511167365
2016-12-29,1005838.1303647805,1005841.104391555,1010822.2103568056
2016-12-30,1004410.1636324916,1004424.7953786794,1009041.122273904
2017-01-03,1006357.3909947039,1006356.1258507824,1011469.8787505879
2017-01-04,1007806.9935865729,1007793.8940911257,1013277.9530165638
2017-01-05,1007568.9991311914,1007557.8425889798,1012981.1050027469
2017-01-06,1008629.156250618,1008609.3447349025,1014303.4279733859
2017-01-09,1007222.8253779092,1007214.4949494947,1012549.3260735587
2017-01-10,1006855.0157650469,1006849.6880825419,1012090.5609612961
2017-01-11,1008131.531480275,1008115.7825031427,1013682.7457626777
2017-01-12,1006898.2874842072,1006892.6065374775,1012144.5333274446
2017-01-13,1008326.2542164961,1008308.915550353,1013925.6214103461
2017-01-17,1006141.0323989023,1006141.5335761041,1011200.0169198454
2017-01-18,1006768.4723267263,1006763.8511726706,1011982.616228999
2017-01-19,1005838.1303647804,1005841.1043915547,1010822.2103568056
2017-01-20,1005557.2996165358,1005561.6483921417,1010173.0483939929
2017-01-23,1003290.7036667642,1003311.730927632,1006751.4800152042
2017-01-24,1007974.4850323445,1007961.2302123244,1013881.5232469665
2017-01-25,1014922.9956538114,1014859.4547822229,1024645.4751082922
2017-01-26,1014923.282837486,1014859.6381944234,1024612.8073774038
2017-01-27,1012656.9740713891,1012609.9041421142,1021158.5712677267
2017-01-30,1007866.4493262812,1007854.0257810856,1013730.2584661511
2017-01-31,1007673.162508433,1007661.8097948782,1013324.0441640408
2017-02-01,1005902.8990024689,1005904.6292072255,1010670.1627849579
2017-02-02,1006635.7899832849,1006632.5005252255,1011898.0364529225
2017-02-03,1013023.3477658785,1012973.793948064,1021780.6750344312
2017-02-06,1010930.5566519346,1010896.0088337981,1018493.3267930156
2017-02-07,1011534.0632507816,1011495.3999052922,1019510.2817662021
2017-02-08,1012807.2763537518,1012759.3850855863,1021478.1454728001
2017-02-09,1018035.8028769031,1017950.1154329691,1029591.4822605145
2017-02-10,1018035.8028769031,1017950.1154329691,1029591.4822605145
2017-02-13,1018035.8028769031,1017950.1154329691,1029591.4822605145
2017-02-14,1018035.8028769031,1017950.1154329691,1029591.4822605145
2017-02-15,1018035.8028769031,1017950.1154329691,1029591.4822605145
2017-02-16,1018035.8028769031,1017950.1154329691,1029591.4822605145
2017-02-17,1017665.6080394933,1017586.4790693327,1029087.1264604228
2017-02-21,1019306.2442507412,1019198.0493172666,1031322.3396653746
2017-02-22,1019705.8864047631,1019590.6113007376,1031866.8146768373
2017-02-23,1020042.4271660447,1019921.1898131343,1032325.3199496479
2017-02-24,1020315.8665345861,1020189.7848544565,1032697.8554838066
2017-02-27,1020610.3397007075,1020479.0410528036,1033099.0475975159
2017-02-28,1019684.852607183,1019569.9501437127,1031838.1580972866
2017-03-01,1023531.9341845836,1023348.8757635474,1037079.4464971032
2017-03-02,1023531.9341845836,1023348.8757635474,1037079.4464971032
2017-03-03,1023531.9341845836,1023348.8757635474,1037079.4464971032
2017-03-06,1023531.9341845836,1023348.8757635474,1037079.4464971032
2017-03-07,1023531.9341845836,1023348.8757635474,1037079.4464971032
2017-03-08,1023531.9341845836,1023348.8757635474,1037079.4464971032
2017-03-09,1023531.9341845836,1023348.8757635474,1037079.4464971032
2017-03-10,1023531.9341845836,1023348.8757635474,1037079.4464971032
2017-03-13,1023531.9341845836,1023348.8757635474,1037079.4464971032
2017-03-14,1023531.9341845836,1023348.8757635474,1037079.4464971032
2017-03-15,1023531.9341845836,1023348.8757635474,1037079.4464971032
2017-03-16,1023531.9341845836,1023348.8757635474,1037079.4464971032
2017-03-17,1023206.0750381901,1023030.5084166086,1036650.1202091243
2017-03-20,1022203.4315108256,1022050.9165798739,1035329.1162461124
2017-03-21,1018652.4023514098,1018581.5288247719,1030650.5605437787
2017-03-22,1018777.7327923303,1018703.9778043637,1030815.6860391551
2017-03-23,1018506.1835036691,1018438.6716819147,1030457.9141325061
2017-03-24,1018840.3980127906,1018765.2022941596,1030898.2487868434
2017-03-27,1017357.321128564,1017316.2227023229,1028944.2637582216
2017-03-28,1018464.406690029,1018397.8553553841,1030402.8723007139
2017-03-29,1019091.0588946318,1019010.1002533432,1031228.4997775963
2017-03-30,1020198.1444560968,1020091.7329064044,1032687.1083200887
2017-03-31,1019299.9429628327,1019214.1818859963,1031503.7089365572
2017-04-03,1018756.8443855103,1018683.5696410983,1030788.1651232591
2017-04-04,1018506.1835036692,1018438.6716819146,1030457.9141325061
2017-04-05,1017336.432721744,1017295.8145390574,1028916.7428423256
2017-04-06,1018151.0805877276,1018091.7329064044,1029990.0585622727
2017-04-07,1018067.5269604472,1018010.1002533432,1029879.9748986884
2017-04-10,1018568.8487241295,1018499.8961717106,1030540.4768801944
2017-04-11,1018318.1878422884,1018254.9982125269,1030210.2258894413
2017-04-12,1017023.1066194426,1016989.6920900779,1028503.9291038844
2017-04-13,1014976.0427510734,1014989.6920900779,1025806.8793460684
2017-04-17,1016375.5660080196,1016357.0390288534,1027650.7807111058
2017-04-18,1014913.3775306131,1014928.4676002819,1025724.3165983802
2017-04-19,1014746.2702760523,1014765.2022941594,1025504.1492712115
2017-04-20,1016354.6776011995,1016336.630865588,1027623.2597952097
2017-04-21,1015744.9327320241,1015738.4271212803,1026857.2956107556
2017-04-24,1018701.5957406282,1018642.0364989156,1030527.5616985044
2017-04-25,1023494.3360708331,1023336.7573624677,1036658.4400163546
2017-04-26,1022928.68923519,1022781.9420479122,1035945.9844697233
2017-04-27,1023557.9972021938,1023400.258796099,1036722.6372545051
2017-04-28,1022009.4886783392,1021883.7298704792,1034737.1047824665
2017-05-01,1023768.3198083619,1023607.6293476254,1036971.3184552446
2017-05-02,1023495.8852655671,1023340.2992751006,1036629.8714459626
2017-05-03,1022470.2508528151,1022335.4923936704,1035320.118198301
2017-05-04,1022806.3465269706,1022666.3238998265,1035725.7624457335
2017-05-05,1027701.2076713839,1027460.5134764836,1041995.7785370335
2017-05-08,1025654.1438030147,1025460.5134764836,1039298.7287792175
2017-05-09,1024964.8263779515,1024787.0440887285,1038390.5385546469
2017-05-10,1025904.8046848557,1025705.4114356673,1039628.9797699705
2017-05-11,1024693.2770892903,1024521.7379662795,1038032.7666479978
2017-05-12,1023084.8697641431,1022950.309394851,1035913.6561239995
2017-05-15,1025758.5858371151,1025562.5542928101,1039436.333358698
2017-05-16,1025006.6031915917,1024827.8604152591,1038445.580386439
2017-05-17,1017591.2187704585,1017582.9624560755,1028675.6552433303
2017-05-18,1017089.8970067762,1017093.1665377081,1028015.1532618243
2017-05-19,1017525.173144939,1017517.0765090287,1028595.0862859787
2017-05-22,1018685.1942087349,1018657.6060405968,1030089.3759647064
2017-05-23,1019451.6366973143,1019411.170195383,1031076.6745024372
2017-05-24,1019824.5006106773,1019777.7689733871,1031556.9818991711
2017-05-25,1021585.2468682247,1021508.9298695175,1033825.1001615257
2017-05-26,1021688.8201774922,1021610.7628634075,1033958.5188828406
2017-05-30,1021129.5243074477,1021060.8646964014,1033238.0577877398
2017-05-31,1021253.8122785687,1021183.0642890694,1033398.1602533178
2017-06-01,1023903.2175296312,1023787.952272776,1036811.0111445548
2017-06-02,1023903.2175296312,1023787.952272776,1036811.0111445548
2017-06-05,1023903.2175296312,1023787.952272776,1036811.0111445548
2017-06-06,1023903.2175296312,1023787.952272776,1036811.0111445548
2017-06-07,1023903.2175296312,1023787.952272776,1036811.0111445548
2017-06-08,1023903.2175296312,1023787.952272776,1036811.0111445548
2017-06-09,1023903.2175296312,1023787.952272776,1036811.0111445548
2017-06-12,1023903.2175296312,1023787.952272776,1036811.0111445548
2017-06-13,1023903.2175296312,1023787.952272776,1036811.0111445548
2017-06-14,1023903.2175296312,1023787.952272776,1036811.0111445548
2017-06-15,1023903.2175296312,1023787.952272776,1036811.0111445548
2017-06-16,1023636.0236621086,1023526.9960974773,1036450.7845592829
2017-06-19,1026042.8081176564,1025877.593707039,1039695.5736479921
2017-06-20,1024594.6581486404,1024463.251077557,1037743.2005522434
2017-06-21,1023778.7990111666,1023666.438328553,1036643.2720475962
2017-06-22,1023289.2835286823,1023188.3506791505,1035983.3149448078
2017-06-23,1023574.8342267981,1023467.235141302,1036368.2899214344
2017-06-26,1023432.0588777403,1023327.7929102263,1036175.8024331211
2017-06-27,1020556.1554181451,1020519.0279699872,1032298.5544542398
2017-06-28,1023738.006054293,1023626.5976911028,1036588.2756223638
2017-06-29,1020841.706116261,1020797.9124321386,1032683.5294308662
2017-06-30,1020800.9131593873,1020758.0717946884,1032628.5330056339
2017-07-03,1021494.3934262401,1021435.3626313418,1033563.472234584
2017-07-05,1021922.7194734138,1021853.6893245688,1034140.9346995237
2017-07-06,1018802.0582725764,1018805.8805596286,1029933.7081692483
2017-07-07,1020189.0188062818,1020160.4622329354,1031803.5866271484
2017-07-10,1020494.9659828346,1020459.2670138119,1032216.0598163912
2017-07-11,1020189.0188062818,1020160.4622329354,1031803.5866271484
2017-07-12,1023024.1293090034,1022929.3865357242,1035625.8381807975
2017-07-13,1023697.2130974192,1023586.7570536524,1036533.2791971314
2017-07-14,1025777.6538979774,1025618.6295636126,1039338.0968839818
2017-07-17,1026144.7905098407,1025977.1953006644,1039833.0647110731
2017-07-18,1026063.2045960933,1025897.514025764,1039723.0718606083
2017-07-19,1029202.2226275237,1028963.2510775567,1043955.0467822384
2017-07-20,1029202.2226275237,1028963.2510775567,1043955.0467822384
2017-07-21,1028977.3378899023,1028744.7471405489,1043497.201542179
2017-07-24,1028491.1006193697,1028272.306195667,1042507.2658879965
2017-07-25,1029564.874591796,1029315.6132822812,1044693.3737909829
2017-07-26,1029260.976297713,1029020.33769173,1044074.6640071188
2017-07-27,1029301.4960702574,1029059.7077704702,1044157.1586449674
2017-07-28,1028936.8181173579,1028705.3770618087,1043414.7069043305
2017-07-31,1028065.6430076535,1027858.9203688953,1041641.0721905868
2017-08-01,1028511.3605056418,1028291.991235037,1042548.5132069208
2017-08-02,1028977.3378899023,1028744.7471405488,1043497.201542179
2017-08-03,1028997.5977761744,1028764.4321799189,1043538.4488611033
2017-08-04,1029139.4169800798,1028902.2274555094,1043827.1800935732
2017-08-07,1029767.4734545179,1029512.4636759819,1045105.8469802255
2017-08-08,1028815.2587997247,1028587.2668255882,1043167.2229907849
2017-08-09,1029423.0553878907,1029177.8180066906,1044404.642558513
2017-08-10,1025046.9199530964,1024925.8495027536,1035495.2216708707
2017-08-11,1024884.8408629189,1024768.369187793,1035165.2431194765
2017-08-14,1026586.6713097832,1026421.9124948796,1038630.0179091152
2017-08-15,1026687.9707411443,1026520.33769173,1038836.2545037365
2017-08-16,1026627.1910823276,1026461.2825736197,1038712.5125469638
2017-08-17,1021339.3607652846,1021323.4872980292,1027946.9623077293
2017-08-18,1020312.1075680284,1020323.4558019663,1026086.5136722799
2017-08-21,1019072.4157837329,1019115.4243059033,1023984.1820709732
2017-08-22,1024748.1232847677,1024651.3298177143,1032991.6655909637
2017-08-23,1022366.8680296188,1022327.7077704702,1029335.0364702935
2017-08-24,1021455.17314737,1021441.8809988167,1027478.9071187014
2017-08-25,1021191.9615267746,1021186.2904476356,1026924.7026312479
2017-08-28,1020747.5792363312,1020755.7392665332,1025873.34688341
2017-08-29,1021582.9077998983,1021571.6447783442,1027060.7853990413
2017-08-30,1024123.5717301351,1024047.7077704702,1031335.2225341134
2017-08-31,1027718.0436810082,1027549.8022586592,1037500.3436753671
2017-09-01,1028305.5803829018,1028120.6684003915,1038696.515924171
2017-09-05,1025205.817783256,1025108.8573767694,1032385.6761287577
2017-09-06,1025529.975963611,1025423.8180066907,1033045.6332315459
2017-09-07,1025043.7386930784,1024951.3770618088,1032055.6975773635
2017-09-08,1024739.8403989954,1024656.1014712576,1031436.9877934994
2017-09-11,1030503.778043435,1030256.4951720451,1043171.8500274542
2017-09-12,1033725.099960714,1033386.4164318877,1049730.173736413
2017-09-13,1033846.6592783472,1033504.5266681082,1049977.6576499587
2017-09-14,1033694.7101313057,1033356.8888728326,1049668.3027580266
2017-09-15,1035283.3357727862,1034901.464975577,1053077.5125094166
2017-09-18,1035865.4162891707,1035464.5717716934,1053843.3710632643
2017-09-19,1036106.2771925023,1035697.5814804313,1054160.2780510634
2017-09-20,1036126.3489344466,1035716.9989561595,1054186.6869667133
2017-09-21,1035002.3313855659,1034629.6203153827,1052707.7876903175
2017-09-22,1034661.1117725129,1034299.5232280041,1052258.8361242688
2017-09-25,1034239.6051916827,1033891.7562377128,1051704.2488956205
2017-09-26,1033918.457320574,1033581.0766260623,1051281.7062452217
2017-09-27,1035423.8379663962,1035037.3873056739,1053262.3749189659
2017-09-28,1035704.8423536164,1035309.231965868,1053632.099738065
2017-09-29,1037049.6490638843,1036610.2028396544,1055401.4970866097
2017-10-02,1038815.9623549824,1038318.9407037321,1057725.481663803
2017-10-03,1040128.6542781395,1039588.8436163535,1059452.624747308
2017-10-04,1040128.6542781395,1039588.8436163535,1059452.624747308
2017-10-05,1040128.6542781395,1039588.8436163535,1059452.624747308
2017-10-06,1040128.6542781395,1039588.8436163535,1059452.624747308
2017-10-09,1040128.6542781395,1039588.8436163535,1059452.624747308
2017-10-10,1040128.6542781395,1039588.8436163535,1059452.624747308
2017-10-11,1040128.6542781395,1039588.8436163535,1059452.624747308
2017-10-12,1040128.6542781395,1039588.8436163535,1059452.624747308
2017-10-13,1040128.6542781395,1039588.8436163535,1059452.624747308
2017-10-16,1040128.6542781395,1039588.8436163535,1059452.624747308
2017-10-17,1040128.6542781395,1039588.8436163535,1059452.624747308
2017-10-18,1040128.6542781395,1039588.8436163535,1059452.624747308
2017-10-19,1040128.6542781395,1039588.8436163535,1059452.624747308
2017-10-20,1039862.2559787387,1039332.7230890465,1058827.1648503249
2017-10-23,1038432.3239304844,1037957.958493943,1055469.9168738716
2017-10-24,1039313.788891737,1038805.4161210617,1057539.4532977126
2017-10-25,1038236.4428279838,1037769.6345768055,1055010.019890796
2017-10-26,1038628.205032985,1038146.2824110804,1055929.8138569475
2017-10-27,1041057.1307039923,1040481.4989835852,1061632.5364470873
2017-10-30,1039078.7315687364,1038579.4274204967,1056987.5769180218
2017-10-31,1039548.8462147377,1039031.4048216266,1058091.3296774037
2017-11-01,1039901.4321992388,1039370.387872474,1058919.14424694
2017-11-02,1040254.0181837399,1039709.3709233215,1059746.9588164766
2017-11-03,1041017.9544834922,1040443.8342001577,1061540.5570504721
2017-11-06,1042056.1243267453,1041441.9509609863,1063978.0110607739
2017-11-07,1041997.3599959951,1041385.4537858451,1063840.041965851
2017-11-08,1042663.355744497,1042025.7551041126,1065403.6917083086
2017-11-09,1041507.6572397435,1040914.6439930014,1062690.2995081616
2017-11-10,1040920.0139322417,1040349.672241589,1061310.6085589342
2017-11-13,1041057.1307039921,1040481.4989835853,1061632.5364470873
2017-11-14,1040038.5489709891,1039502.2146144704,1059241.0721350932
2017-11-15,1037903.4449537327,1037449.4839176718,1054228.195019567
2017-11-16,1041057.1307039922,1040481.4989835852,1061632.5364470873
2017-11-17,1038488.9878182122,1038012.5724299129,1055772.214353023
2017-11-20,1039331.6262675998,1038822.365273604,1057332.6668023244
2017-11-21,1044151.9974759939,1043455.133635186,1066623.1753830547
2017-11-22,1043113.3555260836,1042457.0168743574,1064748.8125529513
2017-11-24,1045229.6757629504,1044490.9151794421,1068756.3594409432
2017-11-27,1045131.6827554049,1044396.7532208734,1068588.976636094
2017-11-28,1054729.1022704872,1053620.858682267,1087342.0199598186
2017-11-29,1054729.1022704872,1053620.858682267,1087342.0199598186
2017-11-30,1054729.1022704872,1053620.858682267,1087342.0199598186
2017-12-01,1054729.1022704872,1053620.858682267,1087342.0199598186
2017-12-04,1054729.1022704872,1053620.858682267,1087342.0199598186
2017-12-05,1054729.1022704872,1053620.858682267,1087342.0199598186
2017-12-06,1054729.1022704872,1053620.858682267,1087342.0199598186
2017-12-07,1054729.1022704872,1053620.858682267,1087342.0199598186
2017-12-08,1054729.1022704872,1053620.858682267,1087342.0199598186
2017-12-11,1054729.1022704872,1053620.858682267,1087342.0199598186
2017-12-12,1054729.1022704872,1053620.858682267,1087342.0199598186
2017-12-13,1054729.1022704872,1053620.858682267,1087342.0199598186
2017-12-14,1054729.1022704872,1053620.858682267,1087342.0199598186
2017-12-15,1054374.3470932317,1053284.51148516,1086815.3464973653
2017-12-18,1056434.215864393,1055237.4952102958,1089873.4504729004
2017-12-19,1054889.314286022,1053772.7574164441,1087579.872491249
2017-12-20,1054336.2013752472,1053248.34511988,1086758.7149422627
2017-12-21,1055137.261452921,1054007.8387907662,1087947.9775994152
2017-12-22,1055099.1157349364,1053971.672425486,1087891.346044313
2017-12-26,1055251.6986068743,1054116.337886607,1088117.8722647228
2017-12-27,1055003.7514399753,1053881.2565122852,1087749.7671565565
2017-12-28,1054889.314286022,1053772.7574164444,1087579.872491249
2017-12-29,1052943.8826688142,1051928.2727871495,1084691.6631810213
2018-01-02,1055652.2286457112,1054496.08472205,1088712.503593299
2018-01-03,1058818.323238422,1057497.893040314,1093412.922666807
2018-01-04,1060904.8940121722,1059476.193221146,1096510.668730914
2018-01-05,1060904.8940121722,1059476.193221146,1096510.668730914
2018-01-08,1060904.8940121722,1059476.193221146,1096510.668730914
2018-01-09,1060904.8940121722,1059476.193221146,1096510.668730914
2018-01-10,1060904.8940121722,1059476.193221146,1096510.668730914
2018-01-11,1060904.8940121722,1059476.193221146,1096510.668730914
2018-01-12,1060904.8940121722,1059476.193221146,1096510.668730914
2018-01-16,1060904.8940121722,1059476.193221146,1096510.668730914
2018-01-17,1060904.8940121722,1059476.193221146,1096510.668730914
2018-01-18,1060904.8940121722,1059476.193221146,1096510.668730914
2018-01-19,1060609.8928240272,1059198.1275907487,1095919.7129241307
2018-01-22,1064164.5655258987,1062548.7320812496,1103040.5468692195
2018-01-23,1064604.3188498416,1062963.2398532704,1103921.474779952
2018-01-24,1064677.6110704988,1063032.3244819404,1104068.2960984076
2018-01-25,1064714.2571808274,1063066.8667962754,1104141.7067576353
2018-01-26,1068450.3281288254,1066588.4557427347,1111625.9234659013
2018-01-29,1068450.3281288254,1066588.4557427347,1111625.9234659013
2018-01-30,1068450.3281288254,1066588.4557427347,1111625.9234659013
2018-01-31,1068450.3281288254,1066588.4557427347,1111625.9234659013
2018-02-01,1068450.3281288254,1066588.4557427347,1111625.9234659013
2018-02-02,1068450.3281288254,1066588.4557427347,1111625.9234659013
2018-02-05,1068450.3281288254,1066588.4557427347,1111625.9234659013
2018-02-06,1068450.3281288254,1066588.4557427347,1111625.9234659013
2018-02-07,1068450.3281288254,1066588.4557427347,1111625.9234659013
2018-02-08,1068450.3281288254,1066588.4557427347,1111625.9234659013
2018-02-09,1068450.3281288254,1066588.4557427347,1111625.9234659013
2018-02-12,1068450.3281288254,1066588.4557427347,1111625.9234659013
2018-02-13,1068450.3281288254,1066588.4557427347,1111625.9234659013
2018-02-14,1068450.3281288254,1066588.4557427347,1111625.9234659013
2018-02-15,1068450.3281288254,1066588.4557427347,1111625.9234659013
2018-02-16,1068107.4389277769,1066267.5337569192,1111267.2661520662
2018-02-20,1066288.8000713873,1064565.4060973448,1109364.995316256
2018-02-21,1064602.7702982763,1062987.3919129476,1107601.4317288902
2018-02-22,1065379.4806431928,1063714.3422675575,1108413.859898351
2018-02-23,1068865.2051179393,1066976.7536150753,1112059.8790003206
2018-02-26,1072635.0919139967,1070505.1224094015,1116003.1279203855
2018-02-27,1069149.3674392502,1067242.7110618837,1112357.1088184158
2018-02-28,1065549.9780359794,1063873.9167356426,1108592.197789208
2018-03-01,1062272.6392635275,1060806.5408491178,1105164.1472205084
2018-03-02,1062992.5171441815,1061480.299714366,1105917.12942635
2018-03-05,1065265.8157146685,1063607.9592888341,1108294.9679711128
2018-03-06,1066061.470214339,1064352.640139898,1109127.2114617797
2018-03-07,1065928.8611310606,1064228.5266647208,1108988.5042133352
2018-03-08,1067330.728582861,1065540.5834023096,1110454.8379826057
2018-03-09,1072407.7620569482,1070292.356451955,1115765.3440659093
2018-03-12,1072597.2036044886,1070469.6614164938,1115963.4972779728
2018-03-13,1070627.0115100667,1068625.6897852882,1113902.7038725116
2018-03-14,1068372.6570943338,1066515.760707274,1111544.6806489553
2018-03-15,1068277.9363205635,1066427.1082250045,1111445.6040429235
2018-03-16,1067709.2767005148,1065894.8368452154,1110823.2654964123
2018-03-19,1060678.0586086607,1059313.6330476995,1103186.131993014
2018-03-20,1060734.374702708,1059366.3554763084,1103254.1532474274
2018-03-21,1059014.7941298923,1057756.8204093266,1101378.926574974
2018-03-22,1047582.8070578385,1047056.4188933222,1088905.2957861517
2018-03-23,1043275.9326590658,1043025.1231598989,1084181.595572031
2018-03-26,1048677.4370718563,1048081.0352016265,1090123.1867424776
2018-03-27,1044333.9136520907,1044015.4042211019,1085339.275188037
2018-03-28,1043463.4119997905,1043200.6456935775,1084412.3348891144
2018-03-29,1046051.6352921337,1045623.2506693739,1087245.3729073512
2018-04-02,1041461.6313124795,1041326.9356106474,1082207.2922935458
2018-04-03,1042406.153925066,1042211.0213174282,1083242.6498659959
2018-04-04,1044785.0620487282,1044437.7465228768,1085873.1548743933
2018-04-05,1045652.2589316545,1045249.5030615837,1086854.9770344016
2018-04-06,1041478.2001642461,1041342.5084276388,1082266.5539524076
2018-04-09,1041761.5362932135,1041607.7153772429,1082577.5042357743
2018-04-10,1044555.1503406062,1044222.6352616663,1085678.24747389
2018-04-11,1042610.8217618151,1042402.6795410013,1083522.360492987
2018-04-12,1043175.0154427193,1042930.8419485963,1084185.422455535
2018-04-13,1041230.2737677564,1041110.5109793291,1082036.3957072678
2018-04-16,1042325.9365222036,1042136.0654091389,1083237.1360820043
2018-04-17,1043946.7686335747,1043653.2893199798,1085080.173416624
2018-04-18,1043417.0552187617,1043157.4921043245,1084513.3390157337
2018-04-19,1041871.3800821492,1041710.6273063959,1082759.8533148929
2018-04-20,1039774.9589813143,1039742.8131295037,1080276.6096673484
2018-04-23,1039452.6193034179,1039432.0868187775,1079705.957507261
2018-04-24,1034930.4285788699,1035114.4341011248,1072636.6211567095
2018-04-25,1035387.1080687132,1035561.7004150577,1073603.5488254067
2018-04-26,1039207.6878541734,1039202.8099228339,1079426.0625755123
2018-04-27,1038111.6452436364,1038162.4379491287,1077849.883434922
2018-04-30,1034516.951556129,1034731.8783852358,1072265.270666112
2018-05-01,1035347.790542645,1035517.7049043956,1073396.7794979743
2018-05-02,1031961.9823076059,1032289.8710098951,1068212.7094708844
2018-05-03,1031471.914938536,1031830.226950251,1067632.4560362992
2018-05-04,1035163.6756177294,1035364.2336842577,1073611.2106971643
2018-05-07,1036428.9794487953,1036561.7004150577,1075350.4678954105
2018-05-08,1035543.560290663,1035733.3213866787,1074348.7718507862
2018-05-09,1039101.0833932001,1039131.3332513573,1079941.482788585
2018-05-10,1043054.367225961,1042900.2606202847,1085996.5634785984
2018-05-11,1044115.1276456711,1043926.4366664607,1087956.2406368102
2018-05-14,1043907.8779578488,1043732.4331391238,1087719.406463792
2018-05-15,1043342.6515365152,1043203.3326100233,1087073.4950828336
2018-05-16,1043191.9244908262,1043062.2391355966,1086901.2520479113
2018-05-17,1042833.9477573149,1042727.1421338329,1086492.174839971
2018-05-18,1042533.2255904655,1042439.6326292692,1086137.897023897
2018-05-21,1044566.6585118527,1044389.5431838309,1088543.7593820835
2018-05-22,1043689.8571604289,1043548.756063974,1087506.3691909388
2018-05-23,1044286.8282933133,1044121.206868983,1088212.6774061862
2018-05-24,1043876.4106394553,1043727.6469405394,1087727.0905082037
2018-05-25,1042626.5023299787,1042529.0780675518,1086248.2576825293
2018-05-29,1039996.0982757071,1040006.7167079812,1083136.0871090954
2018-05-30,1043615.2357688184,1043477.199713348,1087418.0806640328
2018-05-31,1041040.7977582547,1041008.5056167468,1084372.1264857783
2018-06-01,1044473.3817723396,1044300.0977455482,1088433.398723451
2018-06-04,1045741.9454297188,1045516.5557061923,1089934.3036808518
2018-06-05,1046581.4360853374,1046321.564650736,1090927.5496085435
2018-06-06,1048948.799734182,1048591.6898743496,1093728.503124634
2018-06-07,1048948.799734182,1048591.6898743496,1093728.503124634
2018-06-08,1048948.799734182,1048591.6898743496,1093728.503124634
2018-06-11,1048948.799734182,1048591.6898743496,1093728.503124634
2018-06-12,1048948.799734182,1048591.6898743496,1093728.503124634
2018-06-13,1048948.799734182,1048591.6898743496,1093728.503124634
2018-06-14,1048948.799734182,1048591.6898743496,1093728.503124634
2018-06-15,1048699.8345740356,1048354.3425794108,1093423.6797428876
2018-06-18,1048040.8091501188,1047726.0703281019,1092616.7943206176
2018-06-19,1046631.2269934079,1046382.2657905801,1090890.9560563178
2018-06-20,1047107.18979957,1046836.017972081,1091473.7066390684
2018-06-21,1045020.2759571669,1044846.4891762695,1088918.5694685467
2018-06-22,1045660.9951193082,1045457.3094205976,1089703.0414068648
2018-06-25,1042603.8494028054,1042542.8242548036,1085959.9895868897
2018-06-26,1042219.4179055206,1042176.3321082067,1085489.306423899
2018-06-27,1041066.1234136663,1041076.8556684161,1084077.2569349264
2018-06-28,1041468.8611727265,1041460.7998219938,1084570.3535818693
2018-06-29,1094756.5585749294,1092261.8469424127,1149813.7640175873
2018-07-02,1094756.5585749294,1092261.8469424127,1149813.7640175873
2018-07-03,1094756.5585749294,1092261.8469424127,1149813.7640175873
2018-07-05,1094756.5585749294,1092261.8469424127,1149813.7640175873
2018-07-06,1094756.5585749294,1092261.8469424127,1149813.7640175873
2018-07-09,1094756.5585749294,1092261.8469424127,1149813.7640175873
2018-07-10,1094756.5585749294,1092261.8469424127,1149813.7640175873
2018-07-11,1094756.5585749294,1092261.8469424127,1149813.7640175873
2018-07-12,1094756.5585749294,1092261.8469424127,1149813.7640175873
2018-07-13,1094756.5585749294,1092261.8469424127,1149813.7640175873
2018-07-16,1094756.5585749294,1092261.8469424127,1149813.7640175873
2018-07-17,1094756.5585749294,1092261.8469424127,1149813.7640175873
2018-07-18,1094756.5585749294,1092261.8469424127,1149813.7640175873
2018-07-19,1094756.5585749294,1092261.8469424127,1149813.7640175873
2018-07-20,1094062.1376036322,1091627.5315178025,1149044.1450420637
2018-07-23,1095428.2116455282,1092875.3651399862,1150558.1495840773
2018-07-24,1096490.7136781139,1093845.9024016846,1151735.7086723102
2018-07-25,1099184.915260742,1096306.9076009914,1154721.6620746148
2018-07-26,1099184.915260742,1096306.9076009914,1154721.6620746148
2018-07-27,1095959.462661821,1093360.6337708354,1151146.9291281938
2018-07-30,1093948.2981001409,1091523.5453826205,1148917.977996896
2018-07-31,1095485.1313972739,1092927.3582075771,1150621.2331066614
2018-08-01,1094574.4153693432,1092095.4691261214,1149611.8967453188
2018-08-02,1097040.9379449887,1094348.502055064,1152345.5160572878
2018-08-03,1098691.610745613,1095856.3010152027,1154174.938212221
2018-08-06,1099818.621830177,1096885.7637535043,1155423.9919593823
2018-08-07,1099818.621830177,1096885.7637535043,1155423.9919593823
2018-08-08,1099818.621830177,1096885.7637535043,1155423.9919593823
2018-08-09,1099818.621830177,1096885.7637535043,1155423.9919593823
2018-08-10,1099818.621830177,1096885.7637535043,1155423.9919593823
2018-08-13,1099818.621830177,1096885.7637535043,1155423.9919593823
2018-08-14,1099818.621830177,1096885.7637535043,1155423.9919593823
2018-08-15,1099818.621830177,1096885.7637535043,1155423.9919593823
2018-08-16,1099818.621830177,1096885.7637535043,1155423.9919593823
2018-08-17,1099573.5942120482,1096662.974637858,1155128.1874161859
2018-08-20,1100265.6569502747,1097292.2263385383,1155963.6658969698
2018-08-21,1100583.6317218922,1097581.3419847968,1156347.5343881408
2018-08-22,1100471.4053319094,1097479.3011684702,1156212.051391257
2018-08-23,1099928.9777803265,1096986.1038895587,1155557.216906318
2018-08-24,1102454.0715549367,1099282.0222569057,1158605.5843362056
2018-08-27,1105061.4646822007,1101652.7705562254,1161753.305963808
2018-08-28,1105061.4646822007,1101652.7705562254,1161753.305963808
2018-08-29,1105061.4646822007,1101652.7705562254,1161753.305963808
2018-08-30,1105061.4646822007,1101652.7705562254,1161753.305963808
2018-08-31,1105061.4646822007,1101652.7705562254,1161753.305963808
2018-09-04,1105061.4646822007,1101652.7705562254,1161753.305963808
2018-09-05,1105061.4646822007,1101652.7705562254,1161753.305963808
2018-09-06,1105061.4646822007,1101652.7705562254,1161753.305963808
2018-09-07,1105061.4646822007,1101652.7705562254,1161753.305963808
2018-09-10,1105061.4646822007,1101652.7705562254,1161753.305963808
2018-09-11,1105061.4646822007,1101652.7705562254,1161753.305963808
2018-09-12,1105061.4646822007,1101652.7705562254,1161753.305963808
2018-09-13,1105061.4646822007,1101652.7705562254,1161753.305963808
2018-09-14,1105061.4646822007,1101652.7705562254,1161753.305963808
2018-09-17,1105061.4646822007,1101652.7705562254,1161753.305963808
2018-09-18,1105061.4646822007,1101652.7705562254,1161753.305963808
2018-09-19,1105061.4646822007,1101652.7705562254,1161753.305963808
2018-09-20,1105061.4646822007,1101652.7705562254,1161753.305963808
2018-09-21,1104766.903596416,1101386.2142648348,1161380.1543390919
2018-09-24,1103669.1604195796,1100392.8367813912,1159989.527166237
2018-09-25,1103028.8102330915,1099813.3665827157,1159178.3279820716
2018-09-26,1101802.9970189573,1098704.0950595369,1157625.4609723836
2018-09-27,1102754.3744388823,1099565.0222118548,1158830.6711888579
2018-09-28,1102296.9814485337,1099151.1149270865,1158251.2432001682
2018-10-01,1103559.386101896,1100293.499033047,1159850.4644489514
2018-10-02,1103541.090382282,1100276.9427416562,1159827.287329404
2018-10-03,1103907.0047745607,1100608.068569471,1160290.8297203556
2018-10-04,1101528.561224748,1098455.7506886763,1157277.8041791697
2018-10-05,1100046.6079360184,1097114.6910860273,1155400.4574958156
2018-10-08,1099698.9892633534,1096800.1215496035,1154960.0922244114
2018-10-09,1099076.9347964793,1096237.2076423187,1154172.0701597938
2018-10-10,1094283.456257626,1091899.4592979478,1148099.664838327
2018-10-11,1093423.5574357705,1091121.3136025835,1147010.3402195908
2018-10-12,1092710.0243708268,1090475.618238345,1146106.432557235
2018-10-15,1092563.6586139153,1090343.1679072191,1145921.0156008543
2018-10-16,1093697.9932299799,1091369.6579734443,1147357.9970128045
2018-10-17,1093716.288949594,1091386.214264835,1147381.174132352
2018-10-18,1092838.0944081247,1090591.51227808,1146268.672394068
2018-10-19,1092471.0209049736,1090255.4369905235,1145923.3531985788
2018-10-22,1091020.9184740314,1088930.0042032574,1144491.2820420736
2018-10-23,1089711.1623798567,1087734.2914113437,1143153.6351487606
2018-10-24,1083338.086617672,1081905.024535545,1136985.7245940554
2018-10-25,1084700.3366942697,1083155.8087809265,1138157.6337946316
2018-10-26,1083530.6894776805,1082081.4507002945,1137164.2121245281
2018-10-29,1081043.5129897054,1079806.674355459,1134751.8388070152
2018-10-30,1084207.8685625782,1082702.3987658226,1137771.964587772
2018-10-31,1085949.944358401,1084295.9272891176,1139454.813146576
2018-11-01,1087485.62469686,1085705.5938395998,1140786.876727623
2018-11-02,1086567.8518917894,1084862.2686391815,1140017.254098906
2018-11-05,1087889.0074069004,1086070.819818454,1141291.929388124
2018-11-06,1089667.6746419512,1087697.4609245306,1143021.1321860233
2018-11-07,1094974.099936144,1092552.1722060456,1148123.6345842597
2018-11-08,1094270.851954421,1091909.962376837,1147411.4002473718
2018-11-09,1091303.4836342246,1089195.6019725148,1144545.542149359
2018-11-12,1086321.2387514724,1084637.161168518,1139764.391240245
2018-11-13,1085753.0758353157,1084118.7459251115,1139175.6449838239
2018-11-14,1083607.3798702706,1082151.6261388909,1137237.5447245354
2018-11-15,1085867.353275258,1084227.2041567832,1139165.5873733724
2018-11-16,1086357.5174051377,1084668.9942848776,1139790.0775981257
2018-11-19,1078151.0180324845,1077138.2684109176,1131787.9089760452
2018-11-20,1070234.2370779493,1069865.6369633449,1124147.6726678587
2018-11-21,1069578.918269277,1069268.7581799075,1123415.0413679865
2018-11-23,1067660.9305465852,1067507.0571074383,1121537.127111585
2018-11-26,1070461.2032318988,1070079.2473002349,1124279.5320167844
2018-11-27,1072475.0416079054,1071928.5436860758,1126248.356103598
2018-11-28,1083425.9385916921,1081979.687446537,1136921.4389654086
2018-11-29,1084097.2632875775,1082596.5741863546,1137580.4853662017
2018-11-30,1087415.0233989558,1085640.7128014436,1140807.3024470937
2018-12-03,1093494.4889257434,1091219.7221623017,1146726.2515804367
2018-12-04,1075773.9128818586,1074957.990093614,1129474.226185217
2018-12-06,1073856.2089198895,1073199.1406732432,1127613.6980795448
2018-12-07,1067181.812991661,1067070.4443741918,1121090.89307509
2018-12-10,1065973.4458114589,1065960.2218213433,1119905.6678410978
2018-12-11,1064956.97733665,1065027.1736532198,1118914.356981481
2018-12-12,1065705.0911245074,1065715.227710625,1119652.783339057
2018-12-13,1064093.8773095985,1064234.3523774156,1118068.9554022818
2018-12-14,1061331.4933359392,1061692.6624635851,1115335.2477720003
2018-12-17,1059585.7258861617,1060085.5085363642,1113601.922036499
2018-12-18,1059086.942236181,1059626.3925485148,1113107.1180661253
2018-12-19,1058415.4818286456,1059008.1419750848,1112439.756549766
2018-12-20,1057821.1559609182,1058464.5302957096,1111872.9407389031
2018-12-21,1057418.7249101142,1058076.7546304977,1111111.407941706
2018-12-24,1053806.7207463516,1054663.590131134,1105359.1468712264
2018-12-26,1060688.3760400992,1061161.126586616,1116187.003026851
2018-12-27,1061861.3944708984,1062265.8112315882,1117961.5873568272
2018-12-28,1061750.4832421097,1062164.7099240967,1117877.0783193388
2018-12-31,1062518.4896131456,1062896.3577616522,1119247.3820117763
2019-01-02,1062288.2703863028,1062684.3436273765,1119018.3131765912
2019-01-03,1062288.2703863028,1062684.3436273765,1119018.3131765912
2019-01-04,1062365.0101285838,1062755.0150054684,1119094.6694549862
2019-01-07,1062288.2703863028,1062684.3436273765,1119018.3131765912
2019-01-08,1062269.0854507326,1062666.6757828535,1118999.2241069926
2019-01-09,1062345.8251930135,1062737.3471609454,1119075.5803853874
2019-01-10,1062345.8251930135,1062737.3471609454,1119075.5803853874
2019-01-11,1062288.2703863028,1062684.3436273765,1119018.3131765912
2019-01-14,1062058.05115946,1062472.3294931008,1118789.2443414063
2019-01-15,1061635.9825769148,1062083.6369135955,1118369.2848102339
2019-01-16,1062173.1607728815,1062578.3365602386,1118903.7787589987
2019-01-17,1062230.7155795922,1062631.3400938076,1118961.045967795
2019-01-18,1062026.123100939,1062439.1267947392,1118631.7190491788
2019-01-22,1059032.5638115783,1059620.9449765573,1113622.670445249
2019-01-23,1059476.769383548,1060039.1267947392,1114365.948625187
2019-01-24,1058665.61138256,1059275.4904311027,1113008.6580357351
2019-01-25,1061118.398671262,1061584.5813401935,1117112.8462466968
2019-01-28,1059302.9498119077,1059875.4904311027,1114075.100641733
2019-01-29,1059071.190383054,1059657.3086129208,1113687.303330461
2019-01-30,1062779.3412447136,1063148.21770383,1119892.0603108127
2019-01-31,1064826.5495329215,1065075.4904311027,1123317.6032270484
2019-02-01,1064614.1033898056,1064875.4904311027,1122962.1223583824
2019-02-04,1066197.792820306,1066366.3995220119,1125612.0706520742
2019-02-05,1067161.5257786228,1067273.6722492846,1127224.6611381136
2019-02-06,1067161.5257786228,1067273.6722492846,1127224.6611381136
2019-02-07,1067161.5257786228,1067273.6722492846,1127224.6611381136
2019-02-08,1067161.5257786228,1067273.6722492846,1127224.6611381136
2019-02-11,1067161.5257786228,1067273.6722492846,1127224.6611381136
2019-02-12,1067161.5257786228,1067273.6722492846,1127224.6611381136
2019-02-13,1067161.5257786228,1067273.6722492846,1127224.6611381136
2019-02-14,1067161.5257786228,1067273.6722492846,1127224.6611381136
2019-02-15,1067029.0634214021,1067149.5463751587,1127069.794846616
2019-02-19,1067085.0334314953,1067201.9939276061,1127135.231307812
2019-02-20,1067756.6735526146,1067831.3645569768,1127920.4688421662
2019-02-21,1066618.6166807178,1066764.9309905432,1126589.9274645105
2019-02-22,1068111.1502832053,1068163.5323891446,1128334.8997630754
2019-02-25,1068745.4770642626,1068757.9379835501,1129076.5129899653
2019-02-26,1068185.7769633299,1068233.4624590746,1128422.1483780036
2019-02-27,1068708.1637242006,1068722.972948585,1129032.8886825012
2019-02-28,1068073.8369431433,1068128.5673541795,1128291.2754556113
2019-03-01,1069715.6239058797,1069667.028892641,1130210.7449840326
2019-03-04,1068465.6270137962,1068495.7002213122,1128749.3306839846
2019-03-05,1068204.433633361,1068250.944976557,1128443.9605317356
2019-03-06,1065984.2898996607,1066170.5253961375,1125848.3142376207
2019-03-07,1063670.862815805,1064002.6932283053,1123143.6071748452
2019-03-08,1063017.8793647166,1063390.8051164171,1122380.1817942231
2019-03-11,1066786.5267109978,1066922.2736478858,1126786.2368480992
2019-03-12,1067626.0768623971,1067708.986934599,1127767.7837660417
2019-03-13,1070163.383986626,1070086.6093122214,1130734.236673602
2019-03-14,1069230.5504850713,1069212.4834380955,1129643.628986999
2019-03-15,1071040.8208618797,1070909.277210361,1131756.3980718548
2019-03-18,1072159.5698083565,1071955.5893887486,1133080.8726245733
2019-03-19,1071756.0865817582,1071578.2308981826,1132603.1932776913
2019-03-20,1070765.7186619265,1070651.9873304295,1131430.7076080716
2019-03-21,1074543.7888746182,1074185.4350148207,1135903.5233106946
2019-03-22,1070197.1741153565,1070120.2549119047,1130757.6139829196
2019-03-25,1069610.2894221228,1069571.3698347178,1130062.807660182
2019-03-26,1070729.0383685995,1070617.6820131054,1131387.2822129005
2019-03-27,1069555.2689821322,1069519.9118587314,1129997.6695674255
2019-03-28,1070343.8952886648,1070257.4761812014,1130931.315563604
2019-03-29,1072067.8690750387,1071869.826095438,1132972.3091366456
2019-04-01,1075277.3947411603,1074871.5413613042,1136772.0312141164
2019-04-02,1074727.1903412538,1074356.9616014415,1136120.65028655
2019-04-03,1076165.0578396763,1075701.7300405495,1137822.925777257
2019-04-04,1076165.0578396763,1075701.7300405495,1137822.925777257
2019-04-05,1076165.0578396763,1075701.7300405495,1137822.925777257
2019-04-08,1076165.0578396763,1075701.7300405495,1137822.925777257
2019-04-09,1076165.0578396763,1075701.7300405495,1137822.925777257
2019-04-10,1076165.0578396763,1075701.7300405495,1137822.925777257
2019-04-11,1076165.0578396763,1075701.7300405495,1137822.925777257
2019-04-12,1076165.0578396763,1075701.7300405495,1137822.925777257
2019-04-15,1076165.0578396763,1075701.7300405495,1137822.925777257
2019-04-16,1076165.0578396763,1075701.7300405495,1137822.925777257
2019-04-17,1076165.0578396763,1075701.7300405495,1137822.925777257
2019-04-18,1075911.7368494335,1075466.3377200153,1137342.0909661807
2019-04-22,1076073.4310985247,1075616.5881373775,1137649.0068030378
2019-04-23,1079343.2481357004,1078654.985466259,1143855.527059483
2019-04-24,1078516.810862568,1077887.0388886298,1142286.8461155463
2019-04-25,1077995.7960599412,1077402.8986549068,1141297.8950856733
2019-04-26,1079900.1949936808,1079172.514681618,1144912.6816086578
2019-04-29,1079972.0591043879,1079239.29264489,1145049.088647261
2019-04-30,1080922.46196849,1080122.4312091637,1146853.0717327883
2019-05-01,1080922.46196849,1080122.4312091637,1146853.0717327883
2019-05-02,1080922.46196849,1080122.4312091637,1146853.0717327883
2019-05-03,1080922.46196849,1080122.4312091637,1146853.0717327883
2019-05-06,1080922.46196849,1080122.4312091637,1146853.0717327883
2019-05-07,1080922.46196849,1080122.4312091637,1146853.0717327883
2019-05-08,1080922.46196849,1080122.4312091637,1146853.0717327883
2019-05-09,1080922.46196849,1080122.4312091637,1146853.0717327883
2019-05-10,1080922.46196849,1080122.4312091637,1146853.0717327883
2019-05-13,1080922.46196849,1080122.4312091637,1146853.0717327883
2019-05-14,1080922.46196849,1080122.4312091637,1146853.0717327883
2019-05-15,1080922.46196849,1080122.4312091637,1146853.0717327883
2019-05-16,1080922.46196849,1080122.4312091637,1146853.0717327883
2019-05-17,1080746.5830594238,1079959.719344757,1146671.170868759
2019-05-20,1078951.1525293745,1078298.7023956045,1144814.2662151288
2019-05-21,1080581.6965821744,1079807.1769718756,1146500.638808732
2019-05-22,1079702.3020368442,1078993.6176498416,1145591.1344885863
2019-05-23,1076312.9688933836,1075858.0244295027,1142085.753254692
2019-05-24,1077265.6463174915,1076739.380361706,1143071.0496015165
2019-05-28,1074737.386999667,1074400.3973108586,1140456.224681098
2019-05-29,1072648.8249545074,1072468.1939210282,1138296.1519207524
2019-05-30,1073051.8807877838,1072841.0752769604,1138713.0080674859
2019-05-31,1070193.8485154603,1070197.0074803503,1135757.119027013
2019-06-03,1069625.9062049345,1069671.5837515367,1135169.7308202523
2019-06-04,1073656.4645376983,1073400.3973108588,1139338.2922875858
2019-06-05,1075323.650029887,1074942.7701922148,1141062.5608945284
2019-06-06,1076825.9490448262,1076332.6007006892,1142616.2974414437
2019-06-07,1080160.3200292035,1079417.346463401,1146064.8346553287
2019-06-10,1081387.8082487271,1080552.93968374,1147334.3511021985
2019-06-11,1081277.883930561,1080451.244768486,1147220.6630621804
2019-06-12,1080819.8659382013,1080027.5159549266,1146746.9628954378
2019-06-13,1082120.6370365024,1081230.905785435,1148092.2713689865
2019-06-14,1081680.9397638373,1080824.126124418,1147637.5192089137
2019-06-17,1081735.9019229205,1080874.9735820452,1147694.3632289227
2019-06-18,1084692.8660815936,1083610.566802384,1150752.5715054122
2019-06-19,1084692.8660815936,1083610.566802384,1150752.5715054122
2019-06-20,1084692.8660815936,1083610.566802384,1150752.5715054122
2019-06-21,1084530.518958545,1083460.8957497524,1150576.2354204608
2019-06-24,1084566.1996449293,1083493.7904865944,1150614.9906039666
2019-06-25,1082015.0305684544,1081141.8168023839,1147843.9949833024
2019-06-26,1081640.3833614197,1080796.4220655418,1147437.0655564915
2019-06-27,1082710.8039529475,1081783.264170805,1148599.7210616653
2019-06-28,1084798.124106427,1083707.6062760681,1150866.8992967543
2019-07-01,1086118.3095026447,1084924.7115392261,1152300.8410864687
2019-07-02,1087295.7721533254,1086010.2378550156,1153579.7621421597
2019-07-03,1089220.7451837563,1087784.9089076472,1155670.6042922973
2019-07-05,1089220.7451837563,1087784.9089076472,1155670.6042922973
2019-07-08,1089220.7451837563,1087784.9089076472,1155670.6042922973
2019-07-09,1089220.7451837563,1087784.9089076472,1155670.6042922973
2019-07-10,1089220.7451837563,1087784.9089076472,1155670.6042922973
2019-07-11,1089220.7451837563,1087784.9089076472,1155670.6042922973
2019-07-12,1089220.7451837563,1087784.9089076472,1155670.6042922973
2019-07-15,1089220.7451837563,1087784.9089076472,1155670.6042922973
2019-07-16,1089220.7451837563,1087784.9089076472,1155670.6042922973
2019-07-17,1089220.7451837563,1087784.9089076472,1155670.6042922973
2019-07-18,1089220.7451837563,1087784.9089076472,1155670.6042922973
2019-07-19,1089103.4718245685,1087677.2416972069,1155546.814060472
2019-07-22,1090080.7498178002,1088574.4684508773,1156578.3993256832
2019-07-23,1091768.7754424734,1090124.2237526719,1158360.2284201388
2019-07-24,1092941.5090343514,1091200.8958570764,1159598.1307383925
2019-07-25,1091466.7076991107,1089846.8991197192,1158041.37479271
2019-07-26,1093332.420231644,1091559.7865585445,1160010.764844477
2019-07-29,1093119.1959422117,1091364.0279941072,1159785.6916957034
2019-07-30,1092230.76140291,1090548.3673089521,1158847.886909148
2019-07-31,1089458.8456402891,1088003.5059712685,1155921.9359750943
2019-08-01,1087255.5279828212,1085980.6674720843,1153596.1801044364
2019-08-02,1085158.8224700694,1084055.7082551185,1151382.9608081651
2019-08-05,1078300.107826661,1077758.807765722,1144143.1078559556
2019-08-06,1079810.4465434738,1079145.4309304855,1145737.3759931002
2019-08-07,1079952.596069762,1079275.9366401103,1145887.424758949
2019-08-08,1084803.4486543487,1083729.4439810566,1151007.8388935428
2019-08-09,1082813.3552863132,1081902.3640463094,1148907.156171658
2019-08-12,1080538.9628657012,1079814.2726923127,1146506.375918076
2019-08-13,1083684.021134829,1082701.7115177612,1149826.2048624826
2019-08-14,1077376.1359057876,1076910.520653161,1143167.7908779378
2019-08-15,1077536.054122862,1077057.3395764888,1143336.5957395178
2019-08-16,1078926.757604096,1078332.759176432,1144821.102656376
2019-08-19,1082906.8351044573,1082007.337934219,1148774.520735596
2019-08-20,1078540.1972317337,1077980.3828119794,1144382.6256342984
2019-08-21,1082859.122949867,1081966.7738692728,1148685.0258421258
2019-08-22,1082124.080390244,1081288.1606019223,1147954.7902911399
2019-08-23,1073213.79390121,1073061.8393958393,1139103.7209683666
2019-08-26,1076071.6469231674,1075704.4979022497,1141892.1183196648
2019-08-27,1073882.1125226193,1073681.714145393,1139733.089220435
2019-08-28,1076702.2527505395,1076288.4890558894,1142496.8958382674
2019-08-29,1081847.8614411098,1081039.2472371303,1147606.6987725976
2019-08-30,1082043.317039756,1081218.6925878644,1147813.01582564
2019-09-03,1078003.352611786,1077495.612127591,1143718.1201509417
2019-09-04,1082771.15719771,1081896.8131742643,1148461.7339134829
2019-09-05,1088861.3874606076,1087512.3687541496,1154598.2169068193
2019-09-06,1089341.1421118304,1087952.8255241334,1155104.6314915593
2019-09-09,1088203.9459015243,1086908.779847135,1153904.241364768
2019-09-10,1087990.7216120919,1086713.0212826978,1153679.1682159947
2019-09-11,1092681.6559796042,1091019.709700316,1158630.7774890084
2019-09-12,1094458.5250582073,1092651.0310706259,1160506.3870621198
2019-09-13,1093179.179321613,1091476.4796840027,1159155.9481694796
2019-09-16,1091277.9294075074,1089730.9658177712,1157149.0459262505
2019-09-17,1092255.2074007392,1090628.1925714416,1158180.6311914618
2019-09-18,1091722.1466771583,1090138.7961603487,1157617.9483195283
2019-09-19,1090522.7600491012,1089037.6542353895,1156351.9118576783
2019-09-20,1092763.9543905703,1091095.4337315867,1158641.2081622335
2019-09-23,1093312.7564289067,1091598.6804848334,1159496.050430047
2019-09-24,1091206.0647333574,1089666.8623030153,1156214.5591439232
2019-09-25,1092498.4050171818,1090851.9272380802,1158227.5748068397
2019-09-26,1091737.1634801344,1090153.8752900283,1157041.8258547108
2019-09-27,1090374.010030073,1088903.8752900283,1154918.5079636893
2019-09-30,1091595.5371476605,1090024.0051601583,1156821.2213985007
2019-10-01,1088444.351250116,1087134.394770548,1151912.7722478278
2019-10-02,1083204.1769485814,1082329.1999653531,1143750.4073680574
2019-10-03,1085080.7258538606,1084049.9791861323,1146673.4164128401
2019-10-04,1088125.6920020496,1086842.1869783401,1151416.4122213554
2019-10-07,1086744.835260429,1085575.9532121064,1149265.5187733078
2019-10-08,1082814.704534278,1081972.0571082102,1143143.74511348
2019-10-09,1084390.2974830503,1083416.8623030153,1145597.9696888162
2019-10-10,1086036.7035980595,1084926.6025627556,1148162.4964922576
2019-10-11,1088833.8236644191,1087491.5376276907,1152519.4345024053
2019-10-14,1086957.2747591399,1085770.7584069115,1149596.4254576229
2019-10-15,1090728.0758612577,1089228.5506147037,1155470.0191042144
2019-10-16,1089665.8783677034,1088254.5246406777,1153815.4856826393
2019-10-17,1090621.8561119023,1089131.148017301,1155304.565762057
2019-10-18,1089168.4044531023,1087798.3558095088,1153102.5528892467
2019-10-21,1092355.1191951414,1090720.4337315867,1157403.129592363
2019-10-22,1089097.604156484,1087733.4207445737,1152922.4587072881
2019-10-23,1091735.492729652,1090152.2519134048,1156499.0530560662
2019-10-24,1091080.4516375323,1089551.6025627553,1155583.445376875
2019-10-25,1094461.8977606161,1092652.2519134048,1160213.5251899755
2019-10-28,1098781.6360320651,1096613.2908744437,1166209.1455889184
2019-10-29,1098905.570333896,1096726.9272380802,1166341.1065284803
2019-10-30,1102398.5422068257,1099929.8493160023,1171171.9567329641
2019-10-31,1102398.5422068257,1099929.8493160023,1171171.9567329641
2019-11-01,1102398.5422068257,1099929.8493160023,1171171.9567329641
2019-11-04,1102398.5422068257,1099929.8493160023,1171171.9567329641
2019-11-05,1102398.5422068257,1099929.8493160023,1171171.9567329641
2019-11-06,1102398.5422068257,1099929.8493160023,1171171.9567329641
2019-11-07,1102398.5422068257,1099929.8493160023,1171171.9567329641
2019-11-08,1102398.5422068257,1099929.8493160023,1171171.9567329641
2019-11-11,1102398.5422068257,1099929.8493160023,1171171.9567329641
2019-11-12,1102398.5422068257,1099929.8493160023,1171171.9567329641
2019-11-13,1102398.5422068257,1099929.8493160023,1171171.9567329641
2019-11-14,1102398.5422068257,1099929.8493160023,1171171.9567329641
2019-11-15,1102122.5139559777,1099679.460513514,1170868.7894825593
2019-11-18,1102362.5385219327,1099897.189906982,1171132.4131785636
2019-11-19,1102208.2370152473,1099757.2210111811,1170962.940802561
2019-11-20,1101316.7171988436,1098948.5118354424,1169983.7670745451
2019-11-21,1101042.403409181,1098699.6782429074,1169682.4828505404
2019-11-22,1101505.3079292367,1099119.5849303103,1170190.8999785485
2019-11-25,1103648.3844109762,1101063.5973719899,1172544.6829785863
2019-11-26,1104934.23030002,1102230.0048369977,1173956.9527786088
2019-11-27,1106065.7746823784,1103256.4434062045,1175199.7502026288
2019-11-29,1105191.3994778288,1102463.286329999,1174239.4067386133
2019-12-02,1102328.2492982247,1099866.085707915,1171094.7526505631
2019-12-03,1099945.1482505302,1097704.3438727672,1168477.345954521
2019-12-04,1101899.6340018767,1099477.283219579,1170623.9960505555
2019-12-05,1102585.4184760333,1100099.3672009164,1171377.2066105676
2019-12-06,1105620.0147741765,1102852.0888183347,1174710.163338621
2019-12-09,1104488.470391818,1101825.650249128,1173467.365914601
2019-12-10,1104728.494957773,1102043.379642596,1173730.9896106052
2019-12-11,1105259.9779252445,1102525.4947281326,1174314.7277946146
2019-12-12,1107992.8290547587,1105004.4993937626,1177316.2718762625
2019-12-13,1107992.8290547587,1105004.4993937626,1177316.2718762625
2019-12-16,1107992.8290547587,1105004.4993937626,1177316.2718762625
2019-12-17,1107992.8290547587,1105004.4993937626,1177316.2718762625
2019-12-18,1107992.8290547587,1105004.4993937626,1177316.2718762625
2019-12-19,1107992.8290547587,1105004.4993937626,1177316.2718762625
2019-12-20,1107757.9012519065,1104792.4693185745,1177049.5598117977
2019-12-23,1108041.1475390333,1105048.108416319,1177371.1275490958
2019-12-24,1108007.8244464302,1105018.033228349,1177333.2960505902
2019-12-26,1110157.1639193334,1106957.882852409,1179773.427704205
2019-12-27,1109707.3021691907,1106551.8678148151,1179262.7024743785
2019-12-30,1108590.978566985,1105544.3490178226,1177995.3472744392
2019-12-31,1109440.7174283655,1106311.2663110557,1178960.0504863334
2020-01-02,1112239.85720703,1108837.5821005295,1182137.8963608085
2020-01-03,1110223.8101045394,1107018.033228349,1179849.0907012164
2020-01-06,1110906.933502904,1107634.5745817325,1180624.6364205822
2020-01-07,1109773.9483543967,1106612.018190755,1179338.3654713898
2020-01-08,1112439.7957626488,1109018.033228349,1182364.8853518423
2020-01-09,1113995.984187216,1110422.5445065445,1184131.6163320565
2020-01-10,1113995.984187216,1110422.5445065445,1184131.6163320565
2020-01-13,1113995.984187216,1110422.5445065445,1184131.6163320565
2020-01-14,1113995.984187216,1110422.5445065445,1184131.6163320565
2020-01-15,1113995.984187216,1110422.5445065445,1184131.6163320565
2020-01-16,1113995.984187216,1110422.5445065445,1184131.6163320565
2020-01-17,1113539.0018929727,1110012.3255284424,1183625.3647556503
2020-01-21,1113262.535736313,1109764.1503459606,1183319.0915599598
2020-01-22,1113473.9510325822,1109953.9313678585,1183553.3004743115
2020-01-23,1114156.9850666823,1110567.07005399,1184309.9754283703
2020-01-24,1111750.103232234,1108406.4861123841,1181643.597018829
2020-01-27,1107570.5854521447,1104654.661294866,1177013.4669428011
2020-01-28,1110205.1452979597,1107019.6247985156,1179932.070337029
2020-01-29,1109570.8994091523,1106450.281732822,1179229.4435939742
2020-01-30,1111294.7472095005,1107997.7269882965,1181139.1470494564
2020-01-31,1105700.373215918,1102975.8291780774,1174941.6188543062
2020-02-03,1106903.8141331421,1104056.1211488803,1176274.808059077
2020-02-04,1110871.9166169623,1107618.1649445007,1180670.729220753
2020-02-05,1114709.9173800014,1111063.4204189533,1184922.5218197515
2020-02-06,1115750.7311462492,1111997.7269882963,1186075.5503211748
2020-02-07,1113864.256194925,1110304.2963313619,1183985.686162345
2020-02-10,1116807.8076275948,1112946.6320977851,1187246.5948929328
2020-02-11,1117149.324644645,1113253.2014408507,1187624.9323699623
2020-02-12,1119261.8513358263,1115149.5518058143,1189965.219906445
2020-02-13,1119261.8513358263,1115149.5518058143,1189965.219906445
2020-02-14,1119261.8513358263,1115149.5518058143,1189965.219906445
2020-02-18,1119261.8513358263,1115149.5518058143,1189965.219906445
2020-02-19,1119261.8513358263,1115149.5518058143,1189965.219906445
2020-02-20,1119261.8513358263,1115149.5518058143,1189965.219906445
2020-02-21,1119040.6019000972,1114951.8773872096,1189750.8981716994
2020-02-24,1111573.4334442376,1108280.3657593026,1182517.5396240444
2020-02-25,1106253.6859822199,1103527.4587825583,1177364.3626195057
2020-02-26,1105472.8056208228,1102829.7843639536,1176607.9329674635
2020-02-27,1118942.9918549226,1114864.6680848838,1189656.3444651943
2020-02-28,1102723.4560150707,1100373.3890151165,1173944.670234231
2020-03-02,1104561.7785325262,1102015.8308755816,1175725.4317067475
2020-03-03,1103488.0680356051,1101056.5285500002,1174685.340935189
2020-03-04,1106221.149300495,1103498.3890151165,1177332.8447173373
2020-03-05,1105049.8287583992,1102451.8773872096,1176198.200239274
2020-03-06,1103764.6298302666,1101303.621573256,1174953.2431036208
2020-03-09,1102723.4560150704,1100373.3890151165,1173944.670234231
2020-03-10,1102690.9193333455,1100344.3192476747,1173913.1523320626
2020-03-11,1102430.6258795464,1100111.7611081398,1173661.009114715
2020-03-12,1102219.1374483346,1099922.8076197677,1173456.1427506204
2020-03-13,1102235.405789197,1099937.3425034888,1173471.9017017046
2020-03-16,1102251.6741300593,1099951.8773872096,1173487.6606527888
2020-03-17,1102381.8208569589,1100068.1564569771,1173613.7322614626
2020-03-18,1102219.1374483344,1099922.8076197677,1173456.1427506204
2020-03-19,1102219.1374483344,1099922.8076197677,1173456.1427506204
2020-03-20,1100925.74360544,1098750.261305223,1171868.6460142178
2020-03-23,1098118.5086234205,1096202.468636717,1168366.877737868
2020-03-24,1103883.5952989173,1101431.3314668313,1175490.8699688406
2020-03-25,1104480.78403321,1101971.339350158,1176196.584517463
2020-03-26,1107233.6060198122,1104467.742582322,1179590.9368893926
2020-03-27,1106875.7025208385,1104147.9751404617,1179244.23996554
2020-03-30,1107119.727633775,1104365.9983962756,1179480.624231803
2020-03-31,1106810.6291573886,1104089.835605578,1179181.204161203
2020-04-01,1106794.3608165262,1104075.300721857,1179165.4452101188
2020-04-02,1106826.8974982512,1104104.3704892988,1179196.9631122872
2020-04-03,1106973.312566013,1104235.1844427872,1179338.793672045
2020-04-06,1107233.6060198122,1104467.742582322,1179590.9368893926
2020-04-07,1106810.6291573888,1104089.835605578,1179181.204161203
2020-04-08,1106794.3608165265,1104075.300721857,1179165.4452101188
2020-04-09,1106843.1658391138,1104118.9053730199,1179212.7220633714
2020-04-13,1106794.3608165265,1104075.300721857,1179165.4452101188
2020-04-14,1106794.3608165265,1104075.300721857,1179165.4452101188
2020-04-15,1106680.4824304893,1103973.5565358105,1179055.1325525292
2020-04-16,1106810.6291573888,1104089.8356055778,1179181.204161203
2020-04-17,1106500.2221350227,1103810.0378642643,1178897.2055663252
2020-04-20,1104699.8977342902,1102183.2867919784,1177276.8278240925
2020-04-21,1102061.7429622596,1099799.8855800002,1174899.6344702824
2020-04-22,1103990.7022651904,1101542.6943786466,1176636.975495145
2020-04-23,1103485.0527391795,1101085.8415867684,1176181.5560031908
2020-04-24,1104721.0849138729,1102202.592855804,1177294.8036501901
2020-04-27,1106125.66693057,1103471.6283887988,1178559.8577945074
2020-04-28,1106312.9445327963,1103640.8331265314,1178728.5316804163
2020-04-29,1109234.4751275266,1106280.4270351608,1181359.8443005965
2020-04-30,1107717.5265494937,1104909.8686595263,1179993.5858247338
2020-05-01,1104739.8126740956,1102219.5133295772,1177311.6710387808
2020-05-04,1104402.7129900884,1101914.9448016584,1177008.0580441447
2020-05-05,1105751.1117261178,1103133.2189133335,1178222.5100226894
2020-05-06,1104533.8073116469,1102033.3881180712,1177126.129764281
2020-05-07,1106575.1331759135,1103877.7197593572,1178964.675120689
2020-05-08,1108766.281121961,1105857.4151908292,1180938.159585824
2020-05-11,1108579.0035197348,1105688.2104530965,1180769.485699915
2020-05-12,1104945.8180365448,1102405.638541083,1177497.2123132807
2020-05-13,1101668.4599975848,1099444.5556307617,1174545.4193098736
2020-05-14,1104664.9016332056,1102151.831434484,1177244.2014844173
2020-05-15,1104239.979049526,1101767.465259262,1176849.6072121777
2020-05-18,1113064.937213909,1109746.9412443165,1184960.4254348893
2020-05-19,1110361.1186719278,1107302.1637803086,1182475.3962178838
2020-05-20,1114149.6682054186,1110727.6010850444,1185953.4781232055
2020-05-21,1114149.6682054186,1110727.6010850444,1185953.4781232055
2020-05-22,1114149.6682054186,1110727.6010850444,1185953.4781232055
2020-05-26,1114149.6682054186,1110727.6010850444,1185953.4781232055
2020-05-27,1114149.6682054186,1110727.6010850444,1185953.4781232055
2020-05-28,1114149.6682054186,1110727.6010850444,1185953.4781232055
2020-05-29,1114149.6682054186,1110727.6010850444,1185953.4781232055
2020-06-01,1114149.6682054186,1110727.6010850444,1185953.4781232055
2020-06-02,1114149.6682054186,1110727.6010850444,1185953.4781232055
2020-06-03,1114149.6682054186,1110727.6010850444,1185953.4781232055
2020-06-04,1114149.6682054186,1110727.6010850444,1185953.4781232055
2020-06-05,1114149.6682054186,1110727.6010850444,1185953.4781232055
2020-06-08,1114149.6682054186,1110727.6010850444,1185953.4781232055
2020-06-09,1114149.6682054186,1110727.6010850444,1185953.4781232055
2020-06-10,1114149.6682054186,1110727.6010850444,1185953.4781232055
2020-06-11,1114149.6682054186,1110727.6010850444,1185953.4781232055
2020-06-12,1114149.6682054186,1110727.6010850444,1185953.4781232055
2020-06-15,1114149.6682054186,1110727.6010850444,1185953.4781232055
2020-06-16,1114149.6682054186,1110727.6010850444,1185953.4781232055
2020-06-17,1114149.6682054186,1110727.6010850444,1185953.4781232055
2020-06-18,1114149.6682054186,1110727.6010850444,1185953.4781232055
2020-06-19,1113760.0684005558,1110377.9175407407,1185640.562199891
2020-06-22,1115064.610733581,1111548.80361669,1186688.33497479
2020-06-23,1115910.8003550027,1112308.2972875761,1187367.971369319
2020-06-24,1112614.1866215467,1109349.4365280825,1184720.2212489666
2020-06-25,1113812.9552518944,1110425.385895171,1185683.0394745492
2020-06-26,1110304.794113083,1107276.6517179557,1182865.3802555646
2020-06-29,1112667.0734728856,1109396.9048825128,1184762.6985236246
2020-06-30,1114377.0816661755,1110931.7150090951,1186136.130404235
2020-07-01,1115029.3528326883,1111517.1580470698,1186660.0167916846
2020-07-02,1116351.5241161599,1112703.8669078292,1187721.948658136
2020-07-06,1118156.7286418597,1114324.1200723862,1189171.839633131
2020-07-07,1118156.7286418597,1114324.1200723862,1189171.839633131
2020-07-08,1118156.7286418597,1114324.1200723862,1189171.839633131
2020-07-09,1118156.7286418597,1114324.1200723862,1189171.839633131
2020-07-10,1118156.7286418597,1114324.1200723862,1189171.839633131
2020-07-13,1118156.7286418597,1114324.1200723862,1189171.839633131
2020-07-14,1118156.7286418597,1114324.1200723862,1189171.839633131
2020-07-15,1118156.7286418597,1114324.1200723862,1189171.839633131
2020-07-16,1118156.7286418597,1114324.1200723862,1189171.839633131
2020-07-17,1117977.688440597,1114163.999226465,1189002.715885604
2020-07-20,1119531.6222628786,1115553.7273231416,1190470.582373574
2020-07-21,1119953.8868884987,1115931.3708276735,1190869.4591366092
2020-07-22,1120680.1820445652,1116580.917655468,1191555.52716903
2020-07-23,1118872.8894469114,1114964.6034560723,1189848.3346232388
2020-07-24,1117470.9708898528,1113710.827021027,1188524.0637699617
2020-07-27,1118923.5612019857,1115009.920676616,1189896.1998348031
2020-07-28,1117859.4543454233,1114058.259045196,1188891.0303919541
2020-07-29,1119869.4339633747,1115855.842126767,1190789.6837840022
2020-07-30,1119649.8563580522,1115659.4675044105,1190582.2678672238
2020-07-31,1120629.5102894907,1116535.6004349242,1191507.6619574656
2020-08-03,1121778.070071177,1117562.7907672506,1192592.6067529216
2020-08-04,1122215.5362233194,1117954.0294379455,1193005.8430794263
2020-08-05,1122215.5362233194,1117954.0294379455,1193005.8430794263
2020-08-06,1122215.5362233194,1117954.0294379455,1193005.8430794263
2020-08-07,1122215.5362233194,1117954.0294379455,1193005.8430794263
2020-08-10,1122215.5362233194,1117954.0294379455,1193005.8430794263
2020-08-11,1122215.5362233194,1117954.0294379455,1193005.8430794263
2020-08-12,1122215.5362233194,1117954.0294379455,1193005.8430794263
2020-08-13,1122215.5362233194,1117954.0294379455,1193005.8430794263
2020-08-14,1122215.5362233194,1117954.0294379455,1193005.8430794263
2020-08-17,1122215.5362233194,1117954.0294379455,1193005.8430794263
2020-08-18,1122215.5362233194,1117954.0294379455,1193005.8430794263
2020-08-19,1122215.5362233194,1117954.0294379455,1193005.8430794263
2020-08-20,1122215.5362233194,1117954.0294379455,1193005.8430794263
2020-08-21,1121755.7172500244,1117544.2873176017,1192347.8272502343
2020-08-24,1123942.2690111473,1119492.7113863695,1195476.8535708673
2020-08-25,1124842.6138539626,1120295.0036499798,1196765.276173481
2020-08-26,1126593.4630215087,1121855.1755697506,1199270.797984635
2020-08-27,1126593.4630215087,1121855.1755697506,1199270.797984635
2020-08-28,1126593.4630215087,1121855.1755697506,1199270.797984635
2020-08-31,1126593.4630215087,1121855.1755697506,1199270.797984635
2020-09-01,1126593.4630215087,1121855.1755697506,1199270.797984635
2020-09-02,1126593.4630215087,1121855.1755697506,1199270.797984635
2020-09-03,1126593.4630215087,1121855.1755697506,1199270.797984635
2020-09-04,1126593.4630215087,1121855.1755697506,1199270.797984635
2020-09-08,1126593.4630215087,1121855.1755697506,1199270.797984635
2020-09-09,1126593.4630215087,1121855.1755697506,1199270.797984635
2020-09-10,1126593.4630215087,1121855.1755697506,1199270.797984635
2020-09-11,1126593.4630215087,1121855.1755697506,1199270.797984635
2020-09-14,1126593.4630215087,1121855.1755697506,1199270.797984635
2020-09-15,1126593.4630215087,1121855.1755697506,1199270.797984635
2020-09-16,1126593.4630215087,1121855.1755697506,1199270.797984635
2020-09-17,1126593.4630215087,1121855.1755697506,1199270.797984635
2020-09-18,1126295.3439910891,1121590.5556867097,1198997.3262534533
2020-09-21,1124598.8655306913,1120084.7077334933,1197441.1059047391
2020-09-22,1125636.517404527,1121005.7603650722,1198392.968836477
2020-09-23,1122885.9164056294,1118564.239897236,1195869.7766206004
2020-09-24,1122968.2697289498,1118637.3393124407,1195945.3212977224
2020-09-25,1125092.9854706132,1120523.3042247214,1197894.3739674713
2020-09-28,1127267.1132062688,1122453.128786125,1199888.7534434935
2020-09-29,1126838.8759250033,1122073.0118270607,1199495.9211224588
2020-09-30,1127069.4652303,1122277.6901896338,1199707.4462184005
2020-10-01,1128189.470427456,1123271.8422364173,1200734.8538272604
2020-10-02,1127102.4065596282,1122306.9299557155,1199737.6640892494
2020-10-05,1129293.004959948,1124251.37440016,1201747.152500696
2020-10-06,1127777.7038108546,1122906.345160394,1200357.1304416503
2020-10-07,1129885.9488878539,1124777.6901896338,1202291.0741759748
2020-10-08,1131037.2483478715,1125799.620014195,1203347.188762141
2020-10-09,1131037.2483478715,1125799.620014195,1203347.188762141
2020-10-12,1131037.2483478715,1125799.620014195,1203347.188762141
2020-10-13,1131037.2483478715,1125799.620014195,1203347.188762141
2020-10-14,1131037.2483478715,1125799.620014195,1203347.188762141
2020-10-15,1131037.2483478715,1125799.620014195,1203347.188762141
2020-10-16,1129203.4768764968,1124178.3016411236,1201827.2560809588
2020-10-19,1127506.1278502245,1122677.6003788514,1200420.397976404
2020-10-20,1127839.252425474,1122972.1305331292,1200696.510314681
2020-10-21,1127791.6632004385,1122930.0547968037,1200657.0656949272
2020-10-22,1128616.543101057,1123659.367559777,1201340.7724373278
2020-10-23,1128727.58462614,1123757.5442778696,1201432.8098834201
2020-10-26,1126300.5341493206,1121611.681725275,1199421.1342759728
2020-10-27,1125634.284998821,1121022.6214167196,1198868.9095994188
2020-10-28,1121906.4623710266,1117726.6887378977,1195779.0810520328
2020-10-29,1122160.2715712169,1117951.0926649664,1195989.4523573867
2020-10-30,1121081.5824704082,1116997.3759749243,1195095.3743096322
2020-11-02,1121462.2962706937,1117333.9818655273,1195410.9312676631
2020-11-03,1123127.9191469422,1118806.632636916,1196791.4929590486
2020-11-04,1127252.318650034,1122453.1964517827,1200210.0266710501
2020-11-05,1131138.7720279475,1125889.3815850224,1203431.3372842825
2020-11-06,1130758.058227662,1125552.7756944194,1203115.7803262516
2020-11-09,1132978.888729327,1127516.3100562708,1204956.5292480986
2020-11-10,1132883.7102792556,1127432.15858362,1204877.6400085909
2020-11-11,1134397.0476353902,1128770.1669987673,1206131.9789167638
2020-11-12,1134397.0476353902,1128770.1669987673,1206131.9789167638
2020-11-13,1134397.0476353902,1128770.1669987673,1206131.9789167638
2020-11-16,1134397.0476353902,1128770.1669987673,1206131.9789167638
2020-11-17,1134397.0476353902,1128770.1669987673,1206131.9789167638
2020-11-18,1134397.0476353902,1128770.1669987673,1206131.9789167638
2020-11-19,1134397.0476353902,1128770.1669987673,1206131.9789167638
2020-11-20,1133860.8435664258,1128297.4894031389,1205361.446224799
2020-11-23,1135859.9859044717,1130059.7844851061,1208234.2415214316
2020-11-24,1138911.3899847914,1132749.6751954886,1212619.1515517184
2020-11-25,1138911.3899847914,1132749.6751954886,1212619.1515517184
2020-11-27,1138911.3899847914,1132749.6751954886,1212619.1515517184
2020-11-30,1138911.3899847914,1132749.6751954886,1212619.1515517184
2020-12-01,1138911.3899847914,1132749.6751954886,1212619.1515517184
2020-12-02,1138911.3899847914,1132749.6751954886,1212619.1515517184
2020-12-03,1138911.3899847914,1132749.6751954886,1212619.1515517184
2020-12-04,1138911.3899847914,1132749.6751954886,1212619.1515517184
2020-12-07,1138911.3899847914,1132749.6751954886,1212619.1515517184
2020-12-08,1138911.3899847914,1132749.6751954886,1212619.1515517184
2020-12-09,1138911.3899847914,1132749.6751954886,1212619.1515517184
2020-12-10,1138911.3899847914,1132749.6751954886,1212619.1515517184
2020-12-11,1138911.3899847914,1132749.6751954886,1212619.1515517184
2020-12-14,1138911.3899847914,1132749.6751954886,1212619.1515517184
2020-12-15,1138911.3899847914,1132749.6751954886,1212619.1515517184
2020-12-16,1138911.3899847914,1132749.6751954886,1212619.1515517184
2020-12-17,1138911.3899847914,1132749.6751954886,1212619.1515517184
2020-12-18,1138693.744614454,1132558.5757190487,1212415.457149129
2020-12-21,1137590.6105456206,1131589.9893316142,1211383.0334647717
2020-12-22,1137053.9507283503,1131118.7851431326,1210880.7732940032
2020-12-23,1136860.1569054471,1130948.6280750697,1210699.40156567
2020-12-24,1137575.7033284742,1131576.9003263786,1211369.0817933613
2020-12-28,1139647.8065118236,1133396.2720541274,1213308.364119384
2020-12-29,1139364.569386042,1133147.5809546509,1213043.2823625896
2020-12-30,1139036.6106088213,1132859.6228394676,1212736.3455915644
2020-12-31,1140616.7756263395,1134247.0573944415,1214215.2227610494
2021-01-04,1137814.2188028167,1131786.3244101482,1211592.308535925
2021-01-05,1138962.0745230892,1132794.1778132895,1212666.5872345134
2021-01-06,1140840.3838835354,1134443.3924729754,1214424.4978322028
2021-01-07,1143224.0479052444,1136536.3244101482,1216655.3700906995
2021-01-08,1143224.0479052444,1136536.3244101482,1216655.3700906995
2021-01-11,1143224.0479052444,1136536.3244101482,1216655.3700906995
2021-01-12,1143224.0479052444,1136536.3244101482,1216655.3700906995
2021-01-13,1143224.0479052444,1136536.3244101482,1216655.3700906995
2021-01-14,1143224.0479052444,1136536.3244101482,1216655.3700906995
2021-01-15,1142780.034436316,1136147.937313374,1216263.7795305038
2021-01-19,1144505.933966702,1137657.6147327288,1217785.9089505335
2021-01-20,1146910.3922868124,1139760.8405391804,1219906.482416045
2021-01-21,1146925.1435648499,1139773.743764987,1219919.4920692076
2021-01-22,1146453.1026676502,1139360.8405391804,1219503.1831680029
2021-01-25,1147012.1761052709,1139849.872797245,1219996.249022867
2021-01-26,1147012.1761052709,1139849.872797245,1219996.249022867
2021-01-27,1147012.1761052709,1139849.872797245,1219996.249022867
2021-01-28,1147012.1761052709,1139849.872797245,1219996.249022867
2021-01-29,1147012.1761052709,1139849.872797245,1219996.249022867
2021-02-01,1147012.1761052709,1139849.872797245,1219996.249022867
2021-02-02,1147012.1761052709,1139849.872797245,1219996.249022867
2021-02-03,1147012.1761052709,1139849.872797245,1219996.249022867
2021-02-04,1147012.1761052709,1139849.872797245,1219996.249022867
2021-02-05,1147012.1761052709,1139849.872797245,1219996.249022867
2021-02-08,1147012.1761052709,1139849.872797245,1219996.249022867
2021-02-09,1147012.1761052709,1139849.872797245,1219996.249022867
2021-02-10,1147012.1761052709,1139849.872797245,1219996.249022867
2021-02-11,1147012.1761052709,1139849.872797245,1219996.249022867
2021-02-12,1147012.1761052709,1139849.872797245,1219996.249022867
2021-02-16,1147012.1761052709,1139849.872797245,1219996.249022867
2021-02-17,1147012.1761052709,1139849.872797245,1219996.249022867
2021-02-18,1147012.1761052709,1139849.872797245,1219996.249022867
2021-02-19,1146868.0862672278,1139724.2509066977,1219794.1034780748
2021-02-22,1145313.0573220104,1138368.529513663,1217612.5327471485
2021-02-23,1144927.8666658557,1138032.7086181405,1217072.1436670108
2021-02-24,1147866.7287091105,1140594.897672867,1221195.1122043577
2021-02-25,1143529.76724722,1136813.8031455039,1215110.7314502147
2021-02-26,1141518.2160428562,1135060.0718022203,1212288.6995872734
2021-03-01,1146054.9059931233,1139015.2956828172,1218653.282086673
2021-03-02,1144385.7464831194,1137560.0718022203,1216311.596072743
2021-03-03,1140904.7642571284,1134525.2459315734,1211428.0799411281
2021-03-04,1138479.4897554133,1132410.8180708769,1208025.6301772983
2021-03-05,1141289.9549132832,1134861.0668270958,1211968.4690212659
2021-03-08,1141133.0253867016,1134724.2509066977,1211748.3105071357
2021-03-09,1143501.2346060234,1136788.9275236132,1215070.7026294637
2021-03-10,1145584.1174133788,1138604.8479216231,1217992.8065442825
2021-03-11,1147781.1307855207,1140520.2708071952,1221075.025742105
2021-03-12,1147895.2613503071,1140619.7732947574,1221235.1410251088
2021-03-15,1149721.3503868927,1142211.8130957524,1223796.985553169
2021-03-16,1150049.475760654,1142497.8827474937,1224257.3169918046
2021-03-17,1150548.7969815955,1142933.2061305782,1224957.8213549461
2021-03-18,1146183.3028785083,1139127.2359813245,1218833.4117800524
2021-03-19,1144405.8801581056,1137577.4847375434,1216444.4383688453
2021-03-22,1148941.2917466797,1141532.7086181403,1221975.8193890466
2021-03-23,1145004.7975796545,1138099.8727972447,1217110.340068654
2021-03-24,1141410.6023226725,1134965.5444390357,1212664.7322963632
2021-03-25,1144177.4953161106,1137378.479762419,1216043.575401625
2021-03-26,1154275.4317201271,1146184.4499116726,1228507.058788455
2021-03-29,1154631.935094558,1146495.3951853046,1228906.628546326
2021-03-30,1152250.0574980103,1144418.280757444,1225953.9452861506
2021-03-31,1154232.6224489638,1146147.136478837,1228440.296190561
2021-04-01,1162366.6700168478,1153240.4200609266,1238528.1114277425
2021-04-05,1162366.6700168478,1153240.4200609266,1238528.1114277425
2021-04-06,1162366.6700168478,1153240.4200609266,1238528.1114277425
2021-04-07,1162366.6700168478,1153240.4200609266,1238528.1114277425
2021-04-08,1162366.6700168478,1153240.4200609266,1238528.1114277425
2021-04-09,1162366.6700168478,1153240.4200609266,1238528.1114277425
2021-04-12,1162366.6700168478,1153240.4200609266,1238528.1114277425
2021-04-13,1162366.6700168478,1153240.4200609266,1238528.1114277425
2021-04-14,1162366.6700168478,1153240.4200609266,1238528.1114277425
2021-04-15,1162366.6700168478,1153240.4200609266,1238528.1114277425
2021-04-16,1162250.4333498462,1153140.4200609266,1238404.8245420265
2021-04-19,1161723.313580885,1152686.9316888335,1237845.732850989
2021-04-20,1159844.6046607415,1151070.6526190662,1235853.0727213945
2021-04-21,1161777.3771469323,1152733.4433167407,1237903.0755885313
2021-04-22,1160290.6290806318,1151454.3735492988,1236326.1503061184
2021-04-23,1162493.719397059,1153349.7223865082,1238662.8668609667
2021-04-26,1163020.83916602,1153803.2107586013,1239221.958552004
2021-04-27,1163155.9980811384,1153919.4898283686,1239365.3153958598
2021-04-28,1163101.9345150911,1153872.9782004617,1239307.9726583175
2021-04-29,1164656.2620389508,1155210.1875027872,1240956.5763626583
2021-04-30,1163534.4430434695,1154245.0712237174,1239766.7145586559
2021-05-03,1163345.220562304,1154082.280526043,1239566.014977258
2021-05-04,1161723.313580885,1152686.9316888335,1237845.732850989
2021-05-05,1161844.9566044915,1152791.582851624,1237974.7540104592
2021-05-06,1164142.6581615014,1154768.3270376706,1240411.8203560065
2021-05-07,1166332.2325864169,1156652.0479679033,1242734.2012264694
2021-05-10,1163304.6728877684,1154047.3968051127,1239523.007924101
2021-05-11,1160763.6852835454,1151861.3502934847,1236827.8992596134
2021-05-12,1156343.9887591791,1148059.0247120894,1232140.1304655313
2021-05-13,1158141.6023302516,1149605.5363399964,1234046.7764888124
2021-05-14,1162007.1473026332,1152931.1177353451,1238146.782223086
2021-05-17,1160925.8759816873,1152000.8851772055,1236999.9274722403
2021-05-18,1158087.5387642044,1149559.0247120892,1233989.4337512702
2021-05-19,1156614.3065894155,1148291.582851624,1232426.8441532427
2021-05-20,1159871.6364437651,1151093.9084330194,1235881.7440901657
2021-05-21,1159761.704009059,1150999.1035914582,1235725.2968003
2021-05-24,1165027.612479792,1155533.5793156524,1242033.104470959
2021-05-25,1162807.7156027996,1153622.11460737,1239389.5616538567
2021-05-26,1163403.6114362483,1154135.3745012907,1240126.6919769559
2021-05-27,1165663.9562705322,1156081.5869315914,1242804.3784963703
2021-05-28,1164433.0129705158,1155022.0874075876,1241411.1977088382
2021-06-01,1163458.5225988699,1154183.0421199498,1240259.3731966764
2021-06-02,1164041.101975295,1154684.946104718,1240999.894537079
2021-06-03,1160982.571662483,1152051.6671709493,1237409.927507582
2021-06-04,1168061.1053544611,1158146.3224137074,1245771.667148575
2021-06-07,1167412.0434101615,1157587.7748820877,1245056.964245534
2021-06-08,1167736.8735340436,1157867.4566446336,1245440.905749588
2021-06-09,1167006.1677958306,1157238.3936771373,1244591.4403105888
2021-06-10,1169881.3007965067,1159714.1042714526,1248023.668105989
2021-06-11,1171435.6283203664,1161051.3135737781,1249672.27181033
2021-06-14,1173137.279061705,1162515.2670621502,1251477.1344744735
2021-06-15,1173137.279061705,1162515.2670621502,1251477.1344744735
2021-06-16,1173137.279061705,1162515.2670621502,1251477.1344744735
2021-06-17,1173137.279061705,1162515.2670621502,1251477.1344744735
2021-06-18,1172937.1878902763,1162344.7063144867,1251293.1534270416
2021-06-21,1176541.569950945,1165417.1362210289,1254607.3325691356
2021-06-22,1177369.3443861709,1166122.7436976645,1255368.4596420727
2021-06-23,1177369.3443861709,1166122.7436976645,1255368.4596420727
2021-06-24,1177369.3443861709,1166122.7436976645,1255368.4596420727
2021-06-25,1177369.3443861709,1166122.7436976645,1255368.4596420727
2021-06-28,1177369.3443861709,1166122.7436976645,1255368.4596420727
2021-06-29,1177369.3443861709,1166122.7436976645,1255368.4596420727
2021-06-30,1177369.3443861709,1166122.7436976645,1255368.4596420727
2021-07-01,1177369.3443861709,1166122.7436976645,1255368.4596420727
2021-07-02,1177369.3443861709,1166122.7436976645,1255368.4596420727
2021-07-06,1177369.3443861709,1166122.7436976645,1255368.4596420727
2021-07-07,1177369.3443861709,1166122.7436976645,1255368.4596420727
2021-07-08,1177369.3443861709,1166122.7436976645,1255368.4596420727
2021-07-09,1177369.3443861709,1166122.7436976645,1255368.4596420727
2021-07-12,1177369.3443861709,1166122.7436976645,1255368.4596420727
2021-07-13,1177369.3443861709,1166122.7436976645,1255368.4596420727
2021-07-14,1177369.3443861709,1166122.7436976645,1255368.4596420727
2021-07-15,1177369.3443861709,1166122.7436976645,1255368.4596420727
2021-07-16,1177255.5761124436,1166026.1144841814,1255264.0349492754
2021-07-19,1174080.6475433123,1163329.4852706983,1252349.8574758675
2021-07-20,1177546.6112312805,1166273.3054954174,1255531.167884338
2021-07-21,1179332.508551417,1167790.1594280016,1257170.39271313
2021-07-22,1180033.6386104333,1168385.6650459792,1257813.9402385077
2021-07-23,1182129.09146606,1170165.440326878,1259737.297370957
2021-07-26,1182129.09146606,1170165.440326878,1259737.297370957
2021-07-27,1182129.09146606,1170165.440326878,1259737.297370957
2021-07-28,1182129.09146606,1170165.440326878,1259737.297370957
2021-07-29,1182129.09146606,1170165.440326878,1259737.297370957
2021-07-30,1182129.09146606,1170165.440326878,1259737.297370957
2021-08-02,1182129.09146606,1170165.440326878,1259737.297370957
2021-08-03,1182129.09146606,1170165.440326878,1259737.297370957
2021-08-04,1182129.09146606,1170165.440326878,1259737.297370957
2021-08-05,1182129.09146606,1170165.440326878,1259737.297370957
2021-08-06,1182129.09146606,1170165.440326878,1259737.297370957
2021-08-09,1182129.09146606,1170165.440326878,1259737.297370957
2021-08-10,1182129.09146606,1170165.440326878,1259737.297370957
2021-08-11,1182129.09146606,1170165.440326878,1259737.297370957
2021-08-12,1182129.09146606,1170165.440326878,1259737.297370957
2021-08-13,1182129.09146606,1170165.440326878,1259737.297370957
2021-08-16,1182129.09146606,1170165.440326878,1259737.297370957
2021-08-17,1182129.09146606,1170165.440326878,1259737.297370957
2021-08-18,1182129.09146606,1170165.440326878,1259737.297370957
2021-08-19,1182129.09146606,1170165.440326878,1259737.297370957
2021-08-20,1182017.8626894013,1170071.3484231583,1259580.2025295133
2021-08-23,1185018.4529434508,1172609.6416397884,1263818.1098800905
2021-08-24,1185251.2573597133,1172806.578182458,1264146.9130366007
2021-08-25,1186053.1392379508,1173484.9151627643,1265279.4572423585
2021-08-26,1184643.3791616948,1172292.3549877096,1263288.3714612683
2021-08-27,1186692.0580248043,1174025.396563202,1266181.839238559
2021-08-30,1186692.0580248043,1174025.396563202,1266181.839238559
2021-08-31,1186692.0580248043,1174025.396563202,1266181.839238559
2021-09-01,1186692.0580248043,1174025.396563202,1266181.839238559
2021-09-02,1186692.0580248043,1174025.396563202,1266181.839238559
2021-09-03,1186692.0580248043,1174025.396563202,1266181.839238559
2021-09-07,1186692.0580248043,1174025.396563202,1266181.839238559
2021-09-08,1186692.0580248043,1174025.396563202,1266181.839238559
2021-09-09,1186692.0580248043,1174025.396563202,1266181.839238559
2021-09-10,1186692.0580248043,1174025.396563202,1266181.839238559
2021-09-13,1186692.0580248043,1174025.396563202,1266181.839238559
2021-09-14,1186692.0580248043,1174025.396563202,1266181.839238559
2021-09-15,1186692.0580248043,1174025.396563202,1266181.839238559
2021-09-16,1186692.0580248043,1174025.396563202,1266181.839238559
2021-09-17,1186567.143071328,1173920.133405307,1266074.4278529522
2021-09-20,1182923.7902616027,1170849.9579667107,1262941.5957727516
2021-09-21,1182051.9879821327,1170115.3088439037,1262191.9538107037
2021-09-22,1184211.9757193269,1171935.4842825,1264049.2756868224
2021-09-23,1187269.789684632,1174512.238668465,1266678.6168969907
2021-09-24,1187556.053119682,1174753.4667386406,1266924.7679890064
2021-09-27,1186658.2268915712,1173996.8877912723,1266152.748654957
2021-09-28,1181856.8083673262,1169950.8351596934,1262024.1235206928
2021-09-29,1182442.3472117463,1170444.256212325,1262527.614390725
2021-09-30,1178486.7070183302,1167110.9228789918,1259126.2538465073
2021-10-01,1180516.57501232,1168821.4491947812,1260871.688862619
2021-10-04,1176990.3299714788,1165849.9579667111,1257839.554956425
2021-10-05,1179124.2937600322,1167648.2035807462,1259674.4994605423
2021-10-06,1180334.4073718337,1168667.9404228514,1260715.047258609
2021-10-07,1182533.4310319894,1170521.01059829,1262605.93519273
2021-10-08,1181570.5449322762,1169709.607089518,1261777.9724286771
2021-10-11,1178733.9345304188,1167319.256212325,1259338.838880521
2021-10-12,1176795.1503566722,1165685.4842825006,1257671.7246664143
2021-10-13,1177549.844867258,1166321.4491947812,1258320.6684544557
2021-10-14,1183626.436874907,1171442.063229869,1263545.7848167901
2021-10-15,1186586.2341381074,1173936.0355109524,1266083.4456096538
2021-10-18,1188465.4196182617,1175521.187182296,1267763.2058389783
2021-10-19,1194125.3143479412,1180295.9721793372,1272841.8715858967
2021-10-20,1194756.4100542183,1180829.160427433,1273439.4617122442
2021-10-21,1195669.5669026887,1181600.6511782492,1274304.1380379186
2021-10-22,1195669.5669026887,1181600.6511782492,1274304.1380379186
2021-10-25,1195669.5669026887,1181600.6511782492,1274304.1380379186
2021-10-26,1195669.5669026887,1181600.6511782492,1274304.1380379186
2021-10-27,1195669.5669026887,1181600.6511782492,1274304.1380379186
2021-10-28,1195669.5669026887,1181600.6511782492,1274304.1380379186
2021-10-29,1195669.5669026887,1181600.6511782492,1274304.1380379186
2021-11-01,1195669.5669026887,1181600.6511782492,1274304.1380379186
2021-11-02,1195669.5669026887,1181600.6511782492,1274304.1380379186
2021-11-03,1195669.5669026887,1181600.6511782492,1274304.1380379186
2021-11-04,1195669.5669026887,1181600.6511782492,1274304.1380379186
2021-11-05,1195669.5669026887,1181600.6511782492,1274304.1380379186
2021-11-08,1195669.5669026887,1181600.6511782492,1274304.1380379186
2021-11-09,1195669.5669026887,1181600.6511782492,1274304.1380379186
2021-11-10,1195669.5669026887,1181600.6511782492,1274304.1380379186
2021-11-11,1195669.5669026887,1181600.6511782492,1274304.1380379186
2021-11-12,1195669.5669026887,1181600.6511782492,1274304.1380379186
2021-11-15,1195669.5669026887,1181600.6511782492,1274304.1380379186
2021-11-16,1195669.5669026887,1181600.6511782492,1274304.1380379186
2021-11-17,1195669.5669026887,1181600.6511782492,1274304.1380379186
2021-11-18,1195669.5669026887,1181600.6511782492,1274304.1380379186
2021-11-19,1195575.6920193369,1181522.138781555,1274218.5293148402
2021-11-22,1194834.5745191905,1180902.3040708113,1273542.6709747484
2021-11-23,1194525.7755607963,1180644.0396080012,1273261.0633330434
2021-11-24,1195662.1557276873,1181594.4528311417,1274297.3794545177
2021-11-26,1190807.836101729,1177534.5354757698,1269870.5073269156
2021-11-29,1193673.490435628,1179931.2296906458,1272483.8262419377
2021-11-30,1190153.182309933,1176987.0148146127,1269273.4991265011
2021-12-01,1186558.7624342234,1173980.8164675052,1265995.5861770553
2021-12-02,1190326.1097266336,1177131.6429137862,1269431.199405856
2021-12-03,1188164.5170178737,1175323.7916741169,1267459.945913921
2021-12-06,1189794.9755181957,1176687.4280377533,1268946.8342621233
2021-12-07,1195131.021519249,1181150.2379551088,1273813.014310785
2021-12-08,1195032.2058525628,1181067.5933270096,1273722.8998654396
2021-12-09,1192858.261185467,1179249.4115088277,1271740.3820678366
2021-12-10,1195847.4351027238,1181749.4115088277,1274466.3440395405
2021-12-13,1192660.6298520947,1179084.1222526294,1271560.1531771454
2021-12-14,1190461.9812683275,1177245.2792774227,1269555.106768206
2021-12-15,1195415.1165609718,1181387.8412608937,1274072.0933411536
2021-12-16,1192598.870060416,1179032.4693600673,1271503.8316488042
2021-12-17,1188969.771309651,1175996.9000159232,1268207.5904526056
2021-12-20,1183450.24978706,1171375.5901289838,1263356.9242707114
2021-12-21,1190573.5421765856,1177339.7014167975,1269616.3666088663
2021-12-22,1196006.034450374,1181888.1432483622,1274390.6000660798
2021-12-23,1199289.1223667897,1184636.4269167061,1277295.2319078562
2021-12-27,1205037.7237762578,1189444.2781563755,1282537.6397658358
2021-12-28,1205037.7237762578,1189444.2781563755,1282537.6397658358
2021-12-29,1205037.7237762578,1189444.2781563755,1282537.6397658358
2021-12-30,1205037.7237762578,1189444.2781563755,1282537.6397658358
2021-12-31,1205037.7237762578,1189444.2781563755,1282537.6397658358
2022-01-03,1205037.7237762578,1189444.2781563755,1282537.6397658358
2022-01-04,1205037.7237762578,1189444.2781563755,1282537.6397658358
2022-01-05,1205037.7237762578,1189444.2781563755,1282537.6397658358
2022-01-06,1205037.7237762578,1189444.2781563755,1282537.6397658358
2022-01-07,1205037.7237762578,1189444.2781563755,1282537.6397658358
2022-01-10,1205037.7237762578,1189444.2781563755,1282537.6397658358
2022-01-11,1205037.7237762578,1189444.2781563755,1282537.6397658358
2022-01-12,1205037.7237762578,1189444.2781563755,1282537.6397658358
2022-01-13,1205037.7237762578,1189444.2781563755,1282537.6397658358
2022-01-14,1205037.7237762578,1189444.2781563755,1282537.6397658358
2022-01-18,1205037.7237762578,1189444.2781563755,1282537.6397658358
2022-01-19,1205037.7237762578,1189444.2781563755,1282537.6397658358
2022-01-20,1205037.7237762578,1189444.2781563755,1282537.6397658358
2022-01-21,1204569.320408544,1189055.5738374386,1281934.1737043546
2022-01-24,1205877.113287061,1190140.845155268,1283619.0647022226
2022-01-25,1203154.7689276994,1187881.7089426434,1280111.7405842114
2022-01-26,1202674.3552172238,1187483.037846298,1279492.8010339742
2022-01-27,1202180.5966814572,1187073.2925528318,1278856.6687184526
2022-01-28,1205490.1133536224,1189819.6934387677,1283120.4745089759
2022-01-31,1208652.8369475866,1192444.2781563757,1287195.1598813713
2022-02-01,1210706.6055598697,1194148.597093253,1289841.1264586356
2022-02-02,1210706.6055598697,1194148.597093253,1289841.1264586356
2022-02-03,1210706.6055598697,1194148.597093253,1289841.1264586356
2022-02-04,1210706.6055598697,1194148.597093253,1289841.1264586356
2022-02-07,1210706.6055598697,1194148.597093253,1289841.1264586356
2022-02-08,1210706.6055598697,1194148.597093253,1289841.1264586356
2022-02-09,1210706.6055598697,1194148.597093253,1289841.1264586356
2022-02-10,1210706.6055598697,1194148.597093253,1289841.1264586356
2022-02-11,1210706.6055598697,1194148.597093253,1289841.1264586356
2022-02-14,1210706.6055598697,1194148.597093253,1289841.1264586356
2022-02-15,1210706.6055598697,1194148.597093253,1289841.1264586356
2022-02-16,1210706.6055598697,1194148.597093253,1289841.1264586356
2022-02-17,1210706.6055598697,1194148.597093253,1289841.1264586356
2022-02-18,1210706.6055598697,1194148.597093253,1289841.1264586356
2022-02-22,1210706.6055598697,1194148.597093253,1289841.1264586356
2022-02-23,1210706.6055598697,1194148.597093253,1289841.1264586356
2022-02-24,1210706.6055598697,1194148.597093253,1289841.1264586356
2022-02-25,1210706.6055598697,1194148.597093253,1289841.1264586356
2022-02-28,1210706.6055598697,1194148.597093253,1289841.1264586356
2022-03-01,1210706.6055598697,1194148.597093253,1289841.1264586356
2022-03-02,1210706.6055598697,1194148.597093253,1289841.1264586356
2022-03-03,1210706.6055598697,1194148.597093253,1289841.1264586356
2022-03-04,1210706.6055598697,1194148.597093253,1289841.1264586356
2022-03-07,1210706.6055598697,1194148.597093253,1289841.1264586356
2022-03-08,1210706.6055598697,1194148.597093253,1289841.1264586356
2022-03-09,1210706.6055598697,1194148.597093253,1289841.1264586356
2022-03-10,1210706.6055598697,1194148.597093253,1289841.1264586356
2022-03-11,1210706.6055598697,1194148.597093253,1289841.1264586356
2022-03-14,1210706.6055598697,1194148.597093253,1289841.1264586356
2022-03-15,1210706.6055598697,1194148.597093253,1289841.1264586356
2022-03-16,1210706.6055598697,1194148.597093253,1289841.1264586356
2022-03-17,1210706.6055598697,1194148.597093253,1289841.1264586356
2022-03-18,1209704.0509060817,1193320.5230997817,1289023.4271914489
2022-03-21,1209493.264119477,1193146.4208146892,1288851.5061891493
2022-03-22,1211614.3061596854,1194898.3250584325,1290581.4612747876
2022-03-23,1208953.122978803,1192700.2837091398,1288410.958620757
2022-03-24,1212009.531384569,1195224.7668429809,1290903.813154099
2022-03-25,1213076.6394917544,1196106.1596612616,1291774.1632282399
2022-03-28,1214610.1133643023,1197372.7537853094,1293024.8885199684
2022-03-29,1214610.1133643023,1197372.7537853094,1293024.8885199684
2022-03-30,1214610.1133643023,1197372.7537853094,1293024.8885199684
2022-03-31,1214610.1133643023,1197372.7537853094,1293024.8885199684
2022-04-01,1214610.1133643023,1197372.7537853094,1293024.8885199684
2022-04-04,1214610.1133643023,1197372.7537853094,1293024.8885199684
2022-04-05,1214610.1133643023,1197372.7537853094,1293024.8885199684
2022-04-06,1214610.1133643023,1197372.7537853094,1293024.8885199684
2022-04-07,1214610.1133643023,1197372.7537853094,1293024.8885199684
2022-04-08,1214610.1133643023,1197372.7537853094,1293024.8885199684
2022-04-11,1214610.1133643023,1197372.7537853094,1293024.8885199684
2022-04-12,1214610.1133643023,1197372.7537853094,1293024.8885199684
2022-04-13,1214610.1133643023,1197372.7537853094,1293024.8885199684
2022-04-14,1214494.4362106486,1197277.5156900713,1292926.8895227488
2022-04-18,1215140.0761380184,1197809.0771518652,1293473.8606700208
2022-04-19,1216229.5935154548,1198706.0871186426,1294396.8744810424
2022-04-20,1217507.422538374,1199758.13584511,1295479.4215433514
2022-04-21,1214319.575396986,1197133.551127502,1292778.751503696
2022-04-22,1208993.0459961856,1192748.1690677013,1288266.2395387022
2022-04-25,1210230.5225236441,1193766.9952028065,1289314.6009043069
2022-04-26,1204110.394045452,1188728.235512884,1284129.7702374577
2022-04-27,1202079.3184406012,1187056.031747657,1282409.090169998
2022-04-28,1208011.1352733106,1191939.7526778898,1287434.3875855594
2022-04-29,1202913.2700134537,1187742.631969141,1283115.5945685576
2022-05-02,1203034.3274998355,1187842.2997432274,1283218.1516586712
2022-05-03,1203424.4016226213,1188163.451459728,1283548.6133934814
2022-05-04,1207943.8811142095,1191884.381692286,1287377.4114243852
2022-05-05,1202967.0733407345,1187786.9287576238,1283161.175497497
2022-05-06,1200720.7844267606,1185937.5378384653,1281258.1717142798
2022-05-09,1198501.397176427,1184110.2953135483,1279377.9583955326
2022-05-10,1198003.7163990797,1183700.5500200822,1278956.3348028436
2022-05-11,1196994.9040125643,1182869.985236029,1278101.6923852311
2022-05-12,1195743.9766532856,1181840.084903803,1277041.9357873918
2022-05-13,1197035.256508025,1182903.2078273909,1278135.8780819357
2022-05-16,1196537.5757306777,1182493.4625339247,1277714.254489247
2022-05-17,1197653.9947717546,1183412.6208949436,1278660.058764738
2022-05-18,1195636.3699987242,1181751.4913268373,1276950.773929513
2022-05-19,1195394.2550259605,1181552.1557786646,1276745.6597492862
2022-05-20,1194941.0676169884,1181175.1807307752,1276216.7914823145
2022-05-23,1198222.5432348074,1183913.6931475291,1280379.6122581018
2022-05-24,1196936.0233664627,1182838.5306547177,1278690.7222987518
2022-05-25,1197841.234632177,1183595.4237563065,1279893.8904840923
2022-05-26,1201063.6398349355,1186282.91901564,1283917.1908852044
2022-05-27,1202933.3054579438,1187822.2324154184,1285501.1281658462
2022-05-31,1201359.55813498,1186526.5513522953,1284167.8859943706
2022-06-01,1200673.5657121497,1185961.7672991392,1283586.7291503942
2022-06-02,1201480.6156213619,1186626.2191263817,1284270.4430844842
2022-06-03,1200431.450739386,1185762.4317509665,1283381.6149701672
2022-06-06,1200310.3932530042,1185662.76397688,1283279.0578800538
2022-06-07,1200539.0573939476,1185851.025327932,1283472.776828046
2022-06-08,1199960.671625679,1185374.8348517416,1282982.7818419482
2022-06-09,1199516.7941756123,1185009.386346758,1282606.7391781986
2022-06-10,1199678.2041574547,1185142.2767122067,1282743.4819650166
2022-06-13,1199718.5566529152,1185175.4993035689,1282777.6676617211
2022-06-14,1199799.2616438365,1185241.944486293,1282846.03905513
2022-06-15,1199691.654989275,1185153.3509093274,1282754.8771972514
2022-06-16,1199597.4991665336,1185075.8315294825,1282675.1105716075
2022-06-17,1199505.7004320517,1184998.1981935194,1282578.5377611509
2022-06-21,1202401.8263205409,1187412.4462146275,1285305.16032507
2022-06-22,1202465.1296186498,1187465.2166631762,1285364.758632478
2022-06-23,1203367.2016167038,1188217.1955549968,1286214.034513043
2022-06-24,1207068.8619736305,1191302.9475338887,1289699.04553873
2022-06-27,1207068.8619736305,1191302.9475338887,1289699.04553873
2022-06-28,1207068.8619736305,1191302.9475338887,1289699.04553873
2022-06-29,1207068.8619736305,1191302.9475338887,1289699.04553873
2022-06-30,1207068.8619736305,1191302.9475338887,1289699.04553873
2022-07-01,1207068.8619736305,1191302.9475338887,1289699.04553873
2022-07-05,1207068.8619736305,1191302.9475338887,1289699.04553873
2022-07-06,1207068.8619736305,1191302.9475338887,1289699.04553873
2022-07-07,1207068.8619736305,1191302.9475338887,1289699.04553873
2022-07-08,1207068.8619736305,1191302.9475338887,1289699.04553873
2022-07-11,1207068.8619736305,1191302.9475338887,1289699.04553873
2022-07-12,1207068.8619736305,1191302.9475338887,1289699.04553873
2022-07-13,1207068.8619736305,1191302.9475338887,1289699.04553873
2022-07-14,1207068.8619736305,1191302.9475338887,1289699.04553873
2022-07-15,1206968.7783745222,1191220.0329610244,1289607.4246824915
2022-07-18,1205922.4498383894,1190353.1987901703,1288649.570276361
2022-07-19,1210107.7639829211,1193820.5354735872,1292480.987900882
2022-07-20,1210395.8834348998,1194059.228940924,1292744.7449112658
2022-07-21,1211516.51646128,1194987.620900723,1293770.6208621794
2022-07-22,1211516.51646128,1194987.620900723,1293770.6208621794
2022-07-25,1211516.51646128,1194987.620900723,1293770.6208621794
2022-07-26,1211516.51646128,1194987.620900723,1293770.6208621794
2022-07-27,1211516.51646128,1194987.620900723,1293770.6208621794
2022-07-28,1211516.51646128,1194987.620900723,1293770.6208621794
2022-07-29,1211516.51646128,1194987.620900723,1293770.6208621794
2022-08-01,1211516.51646128,1194987.620900723,1293770.6208621794
2022-08-02,1211516.51646128,1194987.620900723,1293770.6208621794
2022-08-03,1211516.51646128,1194987.620900723,1293770.6208621794
2022-08-04,1211516.51646128,1194987.620900723,1293770.6208621794
2022-08-05,1211516.51646128,1194987.620900723,1293770.6208621794
2022-08-08,1211516.51646128,1194987.620900723,1293770.6208621794
2022-08-09,1211516.51646128,1194987.620900723,1293770.6208621794
2022-08-10,1211516.51646128,1194987.620900723,1293770.6208621794
2022-08-11,1211516.51646128,1194987.620900723,1293770.6208621794
2022-08-12,1211516.51646128,1194987.620900723,1293770.6208621794
2022-08-15,1211516.51646128,1194987.620900723,1293770.6208621794
2022-08-16,1211516.51646128,1194987.620900723,1293770.6208621794
2022-08-17,1211516.51646128,1194987.620900723,1293770.6208621794
2022-08-18,1211516.51646128,1194987.620900723,1293770.6208621794
2022-08-19,1211410.9255722305,1194900.46493742,1293668.1065641325
2022-08-22,1207881.9669118961,1191987.620900723,1290241.97081362
2022-08-23,1207020.5675538618,1191276.611726411,1289405.6699611326
2022-08-24,1207437.3736948462,1191620.6484236587,1289810.331663949
2022-08-25,1209313.001329276,1193168.8135612733,1291631.309326623
2022-08-26,1203755.586116151,1188581.6575979705,1286235.819955737
2022-08-29,1202519.0612312306,1187561.0153961356,1285035.323570715
2022-08-30,1200671.2206728666,1186035.7860383375,1283241.3233548955
2022-08-31,1199170.7185653227,1184797.2539282457,1281784.5412247563
2022-09-01,1199045.6767230274,1184694.0429190714,1281663.1427139114
2022-09-02,1197961.980756468,1183799.5475062274,1280611.0222865886
2022-09-06,1197434.026311221,1183363.7676897137,1280098.4507963543
2022-09-07,1198740.0188863054,1184441.74934109,1281366.3907985126
2022-09-08,1199545.8440922087,1185106.8869557688,1282148.736757291
2022-09-09,1201407.5781886056,1186643.5842034752,1283956.2256965376
2022-09-12,1203713.9055020525,1188547.2539282457,1286195.3537854555
2022-09-13,1197600.7487676148,1183501.3823686128,1280260.3154774809
2022-09-14,1197656.3229197462,1183547.2539282457,1280314.2703711898
2022-09-15,1196572.6269531867,1182652.7585154017,1279262.149943867
2022-09-16,1195561.3938460674,1181816.673461169,1278282.297194411
2022-09-19,1196715.4104723618,1182777.5280122461,1279391.3187274802
2022-09-20,1194857.195170314,1181227.873910149,1277608.9344760424
2022-09-21,1190270.3871726857,1177412.9178346014,1273195.3584679314
2022-09-22,1188664.3454486248,1176071.7187600501,1271657.3791041952
2022-09-23,1187041.467323564,1174707.9990977014,1270114.84566241
2022-09-26,1185794.2584640034,1173664.6788214413,1268922.9276474193
2022-09-27,1185473.971373507,1173398.154179079,1268614.9206699377
2022-09-28,1187633.7819793131,1175202.292354983,1270682.5322547052
2022-09-29,1184769.7726977537,1172809.354628059,1267941.557951569
2022-09-30,1183230.682285675,1171518.9521495057,1266474.6855946518
2022-10-03,1185239.1354046038,1173202.4698853635,1268389.4538990313
2022-10-04,1189726.2147883514,1176951.1240905428,1272684.3080883487
2022-10-05,1189042.296584649,1176386.1479712424,1272020.9488413974
2022-10-06,1187766.8741642374,1175315.3820708198,1270807.3246352472
2022-10-07,1183790.411616653,1171989.736948324,1267006.1038193686
2022-10-10,1182548.8539753691,1170956.0090394027,1265812.9342137126
2022-10-11,1182003.7538981657,1170499.4553049651,1265292.7710510788
2022-10-12,1181572.627734363,1170139.4408734632,1264879.89188053
2022-10-13,1184048.2364129166,1172207.7843432087,1267249.257116405
2022-10-14,1181338.836712158,1169944.7730843464,1264655.2290426295
2022-10-17,1184113.2150853316,1172262.8044442292,1267310.447407167
2022-10-18,1185750.1787255525,1173629.9888123928,1268877.8160167753
2022-10-19,1184099.3215472987,1172251.336554321,1267296.9586837399
2022-10-20,1182685.3902313446,1171070.4015991618,1265943.1759876225
2022-10-21,1185971.0526443946,1173814.4371805717,1269019.0402782252
2022-10-24,1189211.2436613012,1176536.3891220882,1272868.2424336765
2022-10-25,1192619.0833804314,1179400.0936409242,1276965.505206122
2022-10-26,1192334.647557782,1179162.0857384312,1276677.4281163963
2022-10-27,1186428.880990492,1174201.8395255788,1269712.0858511608
2022-10-28,1198322.109784312,1184191.1151732872,1283748.0289761145
2022-10-31,1196096.275559393,1182330.940391764,1281618.4231675789
2022-11-01,1194467.980723714,1180970.1413905157,1280060.5236163682
2022-11-02,1188836.1719801265,1176263.5246614271,1274672.1921410803
2022-11-03,1186953.9229040204,1174690.490953562,1272871.3174305065
2022-11-04,1188388.0174381966,1175888.9928262213,1274243.4124480865
2022-11-07,1190046.1892433376,1177274.7606164834,1275829.8973121634
2022-11-08,1190763.2365104256,1177874.011552813,1276515.9448209533
2022-11-09,1186535.6453315523,1174340.9279073698,1272471.123050379
2022-11-10,1200757.0827954654,1186226.0714779065,1286077.7319747137
2022-11-11,1205446.2731525267,1190144.9229136119,1290564.1968290715
2022-11-14,1205446.2731525267,1190144.9229136119,1290564.1968290715
2022-11-15,1205446.2731525267,1190144.9229136119,1290564.1968290715
2022-11-16,1205446.2731525267,1190144.9229136119,1290564.1968290715
2022-11-17,1205446.2731525267,1190144.9229136119,1290564.1968290715
2022-11-18,1205334.820699048,1190052.4654926872,1290456.4504300696
2022-11-21,1204718.8992456123,1189541.5165875778,1289861.0098040064
2022-11-22,1206947.9483151888,1191390.6650060692,1292015.937784045
2022-11-23,1208282.4447976325,1192497.7209671398,1293306.0591405155
2022-11-25,1208135.796832529,1192376.0664659233,1293164.2875628811
2022-11-28,1205496.133460662,1190186.2854440254,1290612.3991654671
2022-11-29,1204542.921687488,1189395.5311861178,1289690.8839108455
2022-11-30,1210275.3906433922,1194151.0056386725,1295232.734880563
2022-12-01,1210275.3906433922,1194151.0056386725,1295232.734880563
2022-12-02,1210275.3906433922,1194151.0056386725,1295232.734880563
2022-12-05,1210275.3906433922,1194151.0056386725,1295232.734880563
2022-12-06,1210275.3906433922,1194151.0056386725,1295232.734880563
2022-12-07,1210275.3906433922,1194151.0056386725,1295232.734880563
2022-12-08,1210275.3906433922,1194151.0056386725,1295232.734880563
2022-12-09,1210275.3906433922,1194151.0056386725,1295232.734880563
2022-12-12,1210275.3906433922,1194151.0056386725,1295232.734880563
2022-12-13,1210275.3906433922,1194151.0056386725,1295232.734880563
2022-12-14,1210275.3906433922,1194151.0056386725,1295232.734880563
2022-12-15,1210275.3906433922,1194151.0056386725,1295232.734880563
2022-12-16,1210045.8032263229,1193961.3071462102,1295015.7995588954
2022-12-19,1208358.107643893,1192566.834784401,1293421.109445974
2022-12-20,1208555.7656850785,1192730.1513673158,1293607.8749546946
2022-12-21,1211353.3871910884,1195041.7091562606,1296251.3252319696
2022-12-22,1208373.3121085996,1192579.3975984717,1293435.4760235678
2022-12-23,1209559.2603557124,1193559.297095959,1294556.069075891
2022-12-27,1208707.8103321441,1192855.7795080193,1293751.5407306335
2022-12-28,1206457.549555571,1190996.4830256072,1291625.2872467383
2022-12-29,1209331.1933851137,1193370.8548849036,1294340.5704119827
2022-12-30,1209118.3308792217,1193194.9754879188,1294139.4383256685
2023-01-03,1207613.0888732707,1191951.256894954,1292717.1471438739
2023-01-04,1209042.3085556887,1193132.1614175672,1294067.605437699
2023-01-05,1206776.843314409,1191260.3021210849,1291926.98537621
2023-01-06,1210988.4800381304,1194740.2016185722,1295906.5273697164
2023-01-09,1210912.4577145975,1194677.3875482206,1295834.694481747
2023-01-10,1212417.6997205485,1195921.1061411854,1297256.9856635416
2023-01-11,1214727.2579094772,1197829.3975984717,1299439.2688000528
2023-01-12,1214727.2579094772,1197829.3975984717,1299439.2688000528
2023-01-13,1214727.2579094772,1197829.3975984717,1299439.2688000528
2023-01-17,1214727.2579094772,1197829.3975984717,1299439.2688000528
2023-01-18,1214727.2579094772,1197829.3975984717,1299439.2688000528
2023-01-19,1214727.2579094772,1197829.3975984717,1299439.2688000528
2023-01-20,1214452.3926175416,1197603.120226209,1299058.9318133034
2023-01-23,1217082.8239059588,1199768.5703478635,1302698.7158800461
2023-01-24,1217201.0455368988,1199865.8939488367,1302862.3016807986
2023-01-25,1216669.0481976683,1199427.937744457,1302126.1655774126
2023-01-26,1219166.4801512777,1201483.8988150167,1305581.9156183088
2023-01-27,1219793.0547952603,1201999.713900175,1306448.9203622972
2023-01-30,1219793.0547952603,1201999.713900175,1306448.9203622972
2023-01-31,1219793.0547952603,1201999.713900175,1306448.9203622972
2023-02-01,1219793.0547952603,1201999.713900175,1306448.9203622972
2023-02-02,1219793.0547952603,1201999.713900175,1306448.9203622972
2023-02-03,1219793.0547952603,1201999.713900175,1306448.9203622972
2023-02-06,1219793.0547952603,1201999.713900175,1306448.9203622972
2023-02-07,1219793.0547952603,1201999.713900175,1306448.9203622972
2023-02-08,1219793.0547952603,1201999.713900175,1306448.9203622972
2023-02-09,1219793.0547952603,1201999.713900175,1306448.9203622972
2023-02-10,1219793.0547952603,1201999.713900175,1306448.9203622972
2023-02-13,1219793.0547952603,1201999.713900175,1306448.9203622972
2023-02-14,1219793.0547952603,1201999.713900175,1306448.9203622972
2023-02-15,1219793.0547952603,1201999.713900175,1306448.9203622972
2023-02-16,1219793.0547952603,1201999.713900175,1306448.9203622972
2023-02-17,1219618.386203982,1201856.5186339028,1306289.0070590964
2023-02-21,1215720.822596944,1198661.2523617134,1302720.693681886
2023-02-22,1214796.9556678683,1197903.8559120093,1301874.8712517323
2023-02-23,1215287.7599739397,1198306.2227759145,1302324.2144177514
2023-02-24,1213079.1405966182,1196495.5718883404,1300302.1701706655
2023-02-27,1213440.0261157884,1196791.429876506,1300632.5695574442
2023-02-28,1211635.5985199374,1195312.1399356776,1298980.5726235504
2023-03-01,1211173.6650553995,1194933.4417108255,1298557.6614084737
2023-03-02,1212357.3695582778,1195903.855912009,1299641.371397108
2023-03-03,1215186.712028572,1198223.3825392278,1302231.7025894532
2023-03-06,1215706.3871761772,1198649.4180421864,1302707.4777064146
2023-03-07,1211909.8715145069,1195536.9920066835,1299231.6761575025
2023-03-08,1211938.7423560405,1195560.6606457368,1299258.1081084446
2023-03-09,1208690.7726835087,1192897.9387522456,1296284.513627436
2023-03-10,1206424.4116231198,1191039.950586565,1294209.6054784656
2023-03-13,1206987.3930330253,1191501.4890481036,1294725.0285218405
2023-03-14,1208055.6141697692,1192377.228693074,1295703.0107067055
2023-03-15,1207160.6180822272,1191643.5008824233,1294883.6202274943
2023-03-16,1209744.558399486,1193761.8440776896,1297249.27983683
2023-03-17,1208359.6253151072,1192625.385046005,1295987.316346177
2023-03-20,1210613.1470820478,1194482.6882202844,1297995.7827493278
2023-03-21,1214730.1416890682,1197871.1366418893,1301691.13476852
2023-03-22,1208160.6846304662,1192466.1464066603,1295783.7575587537
2023-03-23,1208371.1129233988,1192640.4840054011,1295966.2616154442
2023-03-24,1210908.2510821107,1194729.1831047104,1298240.5872835158
2023-03-27,1210382.010004703,1194299.489456184,1297749.2165689506
2023-03-28,1208906.4418803942,1193085.94703044,1296419.7222017203
2023-03-29,1214766.1902520254,1197907.3245918707,1301687.2666123854
2023-03-30,1216339.6511156075,1199197.265420273,1303127.8079387406
2023-03-31,1221680.7567993263,1203575.963645125,1308017.7188630658
2023-04-03,1222460.269520734,1204215.016899563,1308731.381538508
2023-04-04,1219934.0708865426,1202144.010982403,1306418.5858310568
2023-04-05,1218302.8683398932,1200806.7328758943,1304925.1806028169
2023-04-06,1219371.0894766368,1201682.4725208648,1305903.162787682
2023-04-10,1219659.797891973,1201919.1589113974,1306167.482297105
2023-04-11,1219111.2519028343,1201469.4547693855,1305665.2752292012
2023-04-12,1215791.1051264685,1198747.5612782612,1302625.600870837
2023-04-13,1222936.6384060383,1204605.5494439418,1309167.508729056
2023-04-14,1221161.081651721,1203149.9281421667,1307541.9437461046
2023-04-17,1223037.686351406,1204688.3896806282,1309260.020557354
2023-04-18,1222936.6384060383,1204605.5494439418,1309167.508729056
2023-04-19,1221420.9192255235,1203362.945893646,1307779.831304585
2023-04-20,1216180.8614871723,1199067.0879054803,1302982.432208558
2023-04-21,1215261.8153685576,1198313.0866335675,1302032.2875940704
2023-04-24,1215545.9697754472,1198546.7314933806,1302427.5132679301
2023-04-25,1211894.5856469166,1195544.3950447824,1297348.8633588322
2023-04-26,1210132.8283242015,1194095.7969139414,1294898.4641809016
2023-04-27,1214437.767588578,1197635.5165401096,1300886.133139877
2023-04-28,1217435.5965812625,1200100.4698111378,1305055.7639990977
2023-05-01,1216853.080047139,1199621.497848521,1304245.5513676852
2023-05-02,1213627.927528943,1196969.6286896425,1299759.7399693767
2023-05-03,1211951.4165282948,1195591.1240167452,1297427.908493604
2023-05-04,1209294.5728238777,1193406.5445774929,1293732.5484430152
2023-05-05,1214423.5598682335,1197623.834297119,1300866.3718561842
2023-05-08,1214267.2749444442,1197495.3296242217,1300648.9977355613
2023-05-09,1212931.7492320633,1196397.1987831001,1298791.4370684202
2023-05-10,1214082.5745799658,1197343.4604653432,1300392.1010475524
2023-05-11,1212775.464308274,1196268.694110203,1298574.0629477974
2023-05-12,1211596.2235196824,1195299.0679419788,1296933.8764012794
2023-05-15,1212761.2565879296,1196257.0118672124,1298554.3016641045
2023-05-16,1210459.6058921244,1194364.4885027264,1295352.9737058403
2023-05-17,1214167.8209020328,1197413.5539232872,1300510.6687497103
2023-05-18,1218060.7362764194,1200614.4885027264,1305925.2604815892
2023-05-19,1216868.940661763,1199634.825553585,1304377.1421636338
2023-05-22,1218083.5499952429,1200632.857451889,1305808.0029746627
2023-05-23,1210116.2143492443,1194086.0155560586,1296359.1205711951
2023-05-24,1205623.3595252582,1190394.1310180249,1291008.0972364824
2023-05-25,1210001.7889426837,1193991.8585596185,1296172.7556083282
2023-05-26,1219849.205846938,1202083.7006167688,1307896.4550764263
2023-05-30,1218394.5925552119,1200888.4686926536,1306186.2018292625
2023-05-31,1213038.8850092364,1196487.4625947648,1299771.1136558924
2023-06-01,1220713.2040346344,1202793.8707553963,1309002.9319550681
2023-06-02,1230081.4178774946,1210492.314288085,1320298.905954775
2023-06-05,1230081.4178774946,1210492.314288085,1320298.905954775
2023-06-06,1230081.4178774946,1210492.314288085,1320298.905954775
2023-06-07,1230081.4178774946,1210492.314288085,1320298.905954775
2023-06-08,1230081.4178774946,1210492.314288085,1320298.905954775
2023-06-09,1230081.4178774946,1210492.314288085,1320298.905954775
2023-06-12,1230081.4178774946,1210492.314288085,1320298.905954775
2023-06-13,1230081.4178774946,1210492.314288085,1320298.905954775
2023-06-14,1230081.4178774946,1210492.314288085,1320298.905954775
2023-06-15,1230081.4178774946,1210492.314288085,1320298.905954775
2023-06-16,1229865.2136108153,1210316.5500959454,1320075.1270094549
2023-06-20,1227689.7421075823,1208547.9911439803,1317823.43824288
2023-06-21,1225702.274314505,1206932.2706199628,1315766.33986354
2023-06-22,1226360.287300051,1207467.2051177793,1316447.406218862
2023-06-23,1223607.3758299104,1205229.2138514037,1313598.0469772085
2023-06-26,1222345.0652045775,1204203.0129780413,1312291.51152006
2023-06-27,1225111.4055111578,1206451.9212749845,1315154.7700750874
2023-06-28,1225460.5552585903,1206735.7640697444,1315516.1522228091
2023-06-29,1226669.1505381642,1207718.2968208361,1316767.090426462
2023-06-30,1230536.6554328008,1210862.4016243296,1320770.0926781506
2023-07-03,1231570.6758386586,1211703.0129780413,1321840.3398079425
2023-07-05,1231100.6665632688,1211320.9169081724,1321353.8638398554
2023-07-06,1228253.75323805,1209006.506427823,1318407.2094045845
2023-07-07,1227018.3002855966,1208002.139615596,1317128.4725741837
2023-07-10,1227568.882579625,1208449.737868871,1317698.3444225146
2023-07-11,1229610.0657184608,1210109.1265151594,1319811.0400553504
2023-07-12,1232980.703664828,1212849.3011876484,1323299.767712204
2023-07-13,1235611.4127233673,1214987.947475858,1326022.643202155
2023-07-14,1235611.4127233673,1214987.947475858,1326022.643202155
2023-07-17,1235611.4127233673,1214987.947475858,1326022.643202155
2023-07-18,1235611.4127233673,1214987.947475858,1326022.643202155
2023-07-19,1235611.4127233673,1214987.947475858,1326022.643202155
2023-07-20,1235611.4127233673,1214987.947475858,1326022.643202155
2023-07-21,1235439.2158137218,1214848.5857737304,1325736.8915225458
2023-07-24,1237161.1849101768,1216242.202795007,1328594.408318637
2023-07-25,1238712.2715772125,1217497.521943943,1331168.3547456502
2023-07-26,1238252.203498007,1217125.1815184113,1330404.8960596716
2023-07-27,1235872.9942884014,1215199.6496035177,1326456.723997897
2023-07-28,1238699.1267749495,1217486.883646071,1331146.5416403364
2023-07-31,1239474.6701084673,1218114.543220539,1332433.514853843
2023-08-01,1238081.3210685877,1216986.883646071,1330121.3256905938
2023-08-02,1233874.984344423,1213582.628326922,1323141.1319902185
2023-08-03,1233296.6130448503,1213114.5432205389,1322181.3553564171
2023-08-04,1230904.2590329817,1211178.373007773,1318211.3701893287
2023-08-07,1233257.1786380613,1213082.628326922,1322115.916040476
2023-08-08,1231338.0375076612,1211529.4368375603,1318931.2026646798
2023-08-09,1229366.317168209,1209933.6921567093,1315659.236867629
2023-08-10,1228525.0498233761,1209252.8410928794,1314263.198127554
2023-08-11,1227959.8233260666,1208795.3942843687,1313325.2345990662
2023-08-14,1229024.5523093708,1209657.0964120282,1315092.0961294735
2023-08-15,1225909.2341730364,1207135.8198162834,1309922.3901701332
2023-08-16,1224108.3962630033,1205678.3730077727,1306933.9947421602
2023-08-17,1222872.78485028,1204678.3730077727,1304883.562842675
2023-08-18,1221947.554814328,1203923.8748961585,1303875.694752809
2023-08-21,1222534.7091316455,1204402.0235742885,1304576.2926506817
2023-08-22,1221333.0974673599,1203423.2884409286,1303161.3758830696
2023-08-23,1226193.4745670536,1207382.3304076649,1308868.4217230915
2023-08-24,1219729.0343341886,1202116.1149205551,1301331.3078661351
2023-08-25,1221288.3175752829,1203394.0946995788,1302434.2687554406
2023-08-28,1223682.111993714,1205345.1843333961,1305132.6366432274
2023-08-29,1230570.5372308246,1210951.6846031656,1313637.608829304
2023-08-30,1231411.8045756575,1211632.5356669954,1315033.647569379
2023-08-31,1230320.7859878272,1210749.5569435912,1313223.1598283444
2023-09-01,1229637.2562701504,1210196.3654542295,1312088.8783520332
2023-09-05,1228165.0384166928,1209004.8760925273,1309645.810556902
2023-09-06,1226561.372540605,1207707.0037521017,1306984.611708634
2023-09-07,1226180.1732749776,1207398.493113804,1306352.0316545374
2023-09-08,1225864.6980206652,1207143.1739648678,1305828.5171270093
2023-09-11,1226180.1732749776,1207398.493113804,1306352.0316545374
2023-09-12,1225798.9740093502,1207089.9824755061,1305719.451600441
2023-09-13,1225746.3948002981,1207047.4292840168,1305632.1991791863
2023-09-14,1225825.2636138762,1207111.259071251,1305763.0778110684
2023-09-15,1225506.7578399803,1206852.2786899302,1305345.9796933308
2023-09-18,1225506.7578399803,1206852.2786899302,1305345.9796933308
2023-09-19,1224684.2343946982,1206181.2830189345,1304471.0890546606
2023-09-20,1221646.2042500274,1203702.9280405797,1301239.6381473143
2023-09-21,1217905.0492247124,1200650.9799886316,1297260.2968552983
2023-09-22,1217361.1224302517,1200207.2570449086,1296681.7401426295
2023-09-25,1217971.3817606221,1200705.092542744,1297330.8525519653
2023-09-26,1214376.1583143086,1197772.1921098435,1293506.7337926168
2023-09-27,1215291.5473098645,1198518.9453565967,1294480.4024066206
2023-09-28,1215517.077931958,1198702.9280405794,1294720.2917752883
2023-09-29,1215291.5473098645,1198518.9453565967,1294480.4024066206
2023-10-02,1214986.4176446793,1198270.027607679,1294155.8462019525
2023-10-03,1213500.5688402988,1197057.9063955578,1292575.398596613
2023-10-04,1213925.097070122,1197404.226741878,1293026.9550552815
2023-10-05,1213500.5688402988,1197057.9063955578,1292575.398596613
2023-10-06,1215450.745396048,1198648.815486467,1294649.7360786214
2023-10-09,1216352.867884422,1199384.7462223978,1295609.2935532918
2023-10-10,1216989.6602291565,1199904.2267418783,1296286.6282412945
2023-10-11,1217905.0492247124,1200650.9799886316,1297260.2968552983
2023-10-12,1215689.5425253238,1198843.6206812724,1294903.7365866224
2023-10-13,1214336.358792763,1197739.7245773762,1293464.4003746165
2023-10-16,1216551.8654921516,1199547.0838847354,1295820.9606432926
2023-10-17,1216193.6697982384,1199254.8760925275,1295439.9598812913
2023-10-18,1213805.698505484,1197306.8241444756,1292899.954801281
2023-10-19,1212439.2482657414,1196192.105529757,1291446.5074499417
2023-10-20,1211192.8991482428,1195174.4130772818,1290084.6972825013
2023-10-23,1210682.1081256005,1194756.3471615042,1289489.120989913
2023-10-24,1211765.9651156052,1195650.6530844143,1291026.843751688
2023-10-25,1208259.9073274145,1192759.6310629575,1286123.980910694
2023-10-26,1204828.1184079936,1189933.5688719067,1281466.413074959
2023-10-27,1203250.3106828344,1188632.9358664681,1279275.004665925
2023-10-30,1205275.061068718,1190302.7972788925,1282117.6114357202
2023-10-31,1206054.3331966945,1190946.0060914378,1283231.5788634054
2023-11-01,1208935.5315719272,1193321.5348342434,1287251.236988552
2023-11-02,1214685.8124137975,1198060.2095843598,1295182.638697173
2023-11-03,1218172.9149042638,1200932.1324745894,1299927.0747661013
2023-11-06,1217841.2522247145,1200661.5697040267,1299574.2962827666
2023-11-07,1217934.1177749883,1200737.3272797843,1299673.0742581002
2023-11-08,1217774.9196888048,1200607.4571499142,1299503.7405860997
2023-11-09,1217284.058923072,1200207.0242494813,1298981.6284307642
2023-11-10,1218159.6483970818,1200921.309963767,1299912.963626768
2023-11-13,1217934.1177749883,1200737.3272797843,1299673.0742581002
2023-11-14,1224049.9775858757,1205726.5047689618,1306178.309490793
2023-11-15,1222829.4589251345,1204730.8337732907,1304880.084672121
2023-11-16,1223439.718255505,1205228.6692711262,1305529.1970814571
2023-11-17,1222519.4169807388,1204477.2828797398,1304547.6079919252
2023-11-20,1224911.3984811741,1206432.411084868,1307108.2662070205
2023-11-21,1224297.0644346143,1205930.2743327313,1306450.610818444
2023-11-22,1225499.5906534125,1206913.1803156373,1307737.9362599128
2023-11-24,1225578.0162763775,1206977.2828797398,1307821.892266965
2023-11-27,1224793.7600467266,1206336.257238714,1306982.332196442
2023-11-28,1225120.5334757478,1206603.351255808,1307332.1488924932
2023-11-29,1225238.1719101954,1206699.5051019618,1307458.0829030718
2023-11-30,1226009.3572026854,1207329.8469823038,1308283.6503057526
2023-12-01,1228053.6517746423,1209000.787153244,1310472.1035562493
2023-12-04,1228053.6517746423,1209000.787153244,1310472.1035562493
2023-12-05,1228053.6517746423,1209000.787153244,1310472.1035562493
2023-12-06,1228053.6517746423,1209000.787153244,1310472.1035562493
2023-12-07,1228053.6517746423,1209000.787153244,1310472.1035562493
2023-12-08,1228053.6517746423,1209000.787153244,1310472.1035562493
2023-12-11,1228053.6517746423,1209000.787153244,1310472.1035562493
2023-12-12,1228053.6517746423,1209000.787153244,1310472.1035562493
2023-12-13,1228053.6517746423,1209000.787153244,1310472.1035562493
2023-12-14,1228053.6517746423,1209000.787153244,1310472.1035562493
2023-12-15,1227645.1359680316,1208668.1340920196,1309825.586024915
2023-12-18,1229073.688175198,1209831.399398142,1312086.4142019737
2023-12-19,1231203.9853262356,1211566.093275693,1315457.8246414468
2023-12-20,1225965.9605666255,1207300.787153244,1307168.1213255655
2023-12-21,1229687.7150010853,1210331.399398142,1313058.1736815865
2023-12-22,1230000.993993885,1210586.5014389583,1313553.96933445
2023-12-26,1231955.8549089548,1212178.3381736523,1316647.7342083198
2023-12-27,1232594.9440542662,1212698.7463369176,1317659.1573401617
2023-12-28,1232406.9766585864,1212545.685112428,1317361.6799484435
2023-12-29,1230765.3947363163,1211208.9504185503,1314763.7107274376
2024-01-02,1228472.1925090228,1209341.6034797747,1311134.4865484752
2024-01-03,1225051.1859076505,1206555.8891940603,1305720.3980192035
2024-01-04,1223509.8532630762,1205300.787153244,1303281.083407114
2024-01-05,1223522.3844227882,1205310.9912348767,1303300.9152332286
2024-01-08,1228835.5961406704,1209637.5218471217,1311709.6095057973
2024-01-09,1227933.3526414074,1208902.8279695706,1310281.7180255498
2024-01-10,1230502.2403823645,1210994.6647042646,1314347.242379032
2024-01-11,1229775.4331190693,1210402.8279695706,1313196.9964643884
2024-01-12,1229675.1838413735,1210321.1953165093,1313038.341855472
2024-01-16,1228309.287432767,1209208.95041855,1310876.6728089862
2024-01-17,1225464.714178146,1206892.6238879377,1306374.8482809837
2024-01-18,1229386.9671679977,1210086.501438958,1312582.2098548375
2024-01-19,1235455.2962556318,1215028.1389704647,1322173.8204829234
2024-01-22,1235761.4185084128,1215277.1429545283,1322673.380869783
2024-01-23,1236936.9279590913,1216233.3182533332,1324591.6927553236
2024-01-24,1236581.8261458655,1215944.4736318192,1324012.2027065665
2024-01-25,1238945.089937334,1217866.7843887913,1327868.8088931222
2024-01-26,1238124.6822998812,1217199.4537115004,1326529.9870563387
2024-01-29,1241051.2110364665,1219579.9317991498,1331305.784354716
2024-01-30,1240475.7012012384,1219111.80430911,1330366.6108274201
2024-01-31,1234941.0108709603,1214609.8122772374,1321334.5590329992
2024-02-01,1240671.6194430182,1219271.1668589108,1330686.3294750103
2024-02-02,1243272.4341026444,1221386.7047075164,1334930.594521769
2024-02-05,1243272.4341026444,1221386.7047075164,1334930.594521769
2024-02-06,1243272.4341026444,1221386.7047075164,1334930.594521769
2024-02-07,1243272.4341026444,1221386.7047075164,1334930.594521769
2024-02-08,1243272.4341026444,1221386.7047075164,1334930.594521769
2024-02-09,1243272.4341026444,1221386.7047075164,1334930.594521769
2024-02-12,1243272.4341026444,1221386.7047075164,1334930.594521769
2024-02-13,1243272.4341026444,1221386.7047075164,1334930.594521769
2024-02-14,1243272.4341026444,1221386.7047075164,1334930.594521769
2024-02-15,1243272.4341026444,1221386.7047075164,1334930.594521769
2024-02-16,1242468.7387237593,1220740.2692547226,1334082.1510551632
2024-02-20,1240636.1695289838,1219266.2808154162,1332147.5482177457
2024-02-21,1240755.9452933483,1219362.6199290964,1332273.9928476422
2024-02-22,1247283.724451209,1224613.1016246649,1339165.2251770052
2024-02-23,1247343.612333391,1224661.271181505,1339228.4474919536
2024-02-26,1245978.1686196367,1223563.005285551,1337786.9787111327
2024-02-27,1246924.3971581156,1224324.0842836243,1338785.8912873154
2024-02-28,1245618.8413265436,1223273.9879445105,1337407.644821443
2024-02-29,1247667.0068971752,1224921.386788441,1339569.8479926742
2024-03-01,1250456.5844492225,1227165.1247460518,1342514.7434229653
2024-03-04,1250456.5844492225,1227165.1247460518,1342514.7434229653
2024-03-05,1250456.5844492225,1227165.1247460518,1342514.7434229653
2024-03-06,1250456.5844492225,1227165.1247460518,1342514.7434229653
2024-03-07,1250456.5844492225,1227165.1247460518,1342514.7434229653
2024-03-08,1250456.5844492225,1227165.1247460518,1342514.7434229653
2024-03-11,1250456.5844492225,1227165.1247460518,1342514.7434229653
2024-03-12,1250456.5844492225,1227165.1247460518,1342514.7434229653
2024-03-13,1250456.5844492225,1227165.1247460518,1342514.7434229653
2024-03-14,1250456.5844492225,1227165.1247460518,1342514.7434229653
2024-03-15,1249920.6744844585,1226736.5533174805,1341983.1261873748
2024-03-18,1251589.516918592,1228071.139783646,1343638.6009122396
2024-03-19,1253011.5587110578,1229208.3578287587,1345049.2519101878
2024-03-20,1256189.410782816,1231749.7112122173,1348201.648851057
2024-03-21,1256189.410782816,1231749.7112122173,1348201.648851057
2024-03-22,1256189.410782816,1231749.7112122173,1348201.648851057
2024-03-25,1256189.410782816,1231749.7112122173,1348201.648851057
2024-03-26,1256189.410782816,1231749.7112122173,1348201.648851057
2024-03-27,1256189.410782816,1231749.7112122173,1348201.648851057
2024-03-28,1256189.410782816,1231749.7112122173,1348201.648851057
2024-04-01,1256189.410782816,1231749.7112122173,1348201.648851057
2024-04-02,1256189.410782816,1231749.7112122173,1348201.648851057
2024-04-03,1256189.410782816,1231749.7112122173,1348201.648851057
2024-04-04,1256189.410782816,1231749.7112122173,1348201.648851057
2024-04-05,1256189.410782816,1231749.7112122173,1348201.648851057
2024-04-08,1256189.410782816,1231749.7112122173,1348201.648851057
2024-04-09,1256189.410782816,1231749.7112122173,1348201.648851057
2024-04-10,1256189.410782816,1231749.7112122173,1348201.648851057
2024-04-11,1256189.410782816,1231749.7112122173,1348201.648851057
2024-04-12,1256189.410782816,1231749.7112122173,1348201.648851057
2024-04-15,1256189.410782816,1231749.7112122173,1348201.648851057
2024-04-16,1256189.410782816,1231749.7112122173,1348201.648851057
2024-04-17,1256189.410782816,1231749.7112122173,1348201.648851057
2024-04-18,1256189.410782816,1231749.7112122173,1348201.648851057
2024-04-19,1256084.6267970474,1231666.2970512086,1348100.1811083604
2024-04-22,1257619.8340303998,1232888.411503197,1349586.801524614
2024-04-23,1261048.4635182202,1235617.8004459708,1352906.9204542474
2024-04-24,1261048.4635182202,1235617.8004459708,1352906.9204542474
2024-04-25,1261048.4635182202,1235617.8004459708,1352906.9204542474
2024-04-26,1261048.4635182202,1235617.8004459708,1352906.9204542474
2024-04-29,1261048.4635182202,1235617.8004459708,1352906.9204542474
2024-04-30,1261048.4635182202,1235617.8004459708,1352906.9204542474
2024-05-01,1261048.4635182202,1235617.8004459708,1352906.9204542474
2024-05-02,1261048.4635182202,1235617.8004459708,1352906.9204542474
2024-05-03,1261048.4635182202,1235617.8004459708,1352906.9204542474
2024-05-06,1261048.4635182202,1235617.8004459708,1352906.9204542474
2024-05-07,1261048.4635182202,1235617.8004459708,1352906.9204542474
2024-05-08,1261048.4635182202,1235617.8004459708,1352906.9204542474
2024-05-09,1261048.4635182202,1235617.8004459708,1352906.9204542474
2024-05-10,1261048.4635182202,1235617.8004459708,1352906.9204542474
2024-05-13,1261048.4635182202,1235617.8004459708,1352906.9204542474
2024-05-14,1261048.4635182202,1235617.8004459708,1352906.9204542474
2024-05-15,1261048.4635182202,1235617.8004459708,1352906.9204542474
2024-05-16,1261048.4635182202,1235617.8004459708,1352906.9204542474
2024-05-17,1260520.9287254054,1235199.4701374408,1352321.7911165478
2024-05-20,1260761.2374162755,1235390.032750871,1352588.335934155
2024-05-21,1261676.6990957805,1236115.9855639383,1353603.7447631347
2024-05-22,1261150.308630065,1235698.5626964245,1353019.8846864714
2024-05-23,1257808.8734998717,1233048.8349287293,1349313.6424606952
2024-05-24,1260108.970969628,1234872.7913715607,1351864.8571435069
2024-05-28,1260578.1450803743,1235244.8421882575,1352385.254168359
2024-05-29,1257785.986957884,1233030.6861084027,1349288.2572399706
2024-05-30,1255394.343320177,1231134.1343842647,1346635.501674261
2024-05-31,1258072.0687327292,1233257.5463624862,1349605.5724990268
2024-06-03,1258300.9341526055,1233439.034565753,1349859.4247062718
2024-06-04,1258667.1188244075,1233729.41569098,1350265.5882378637
2024-06-05,1262878.2425501307,1237068.7986310888,1354936.4688511705
2024-06-06,1262317.5222714338,1236624.152533085,1354314.5309434205
2024-06-07,1262065.77030957,1236424.5155094916,1354035.293515451
2024-06-10,1262855.3560081432,1237050.649810762,1354911.083630446
2024-06-11,1264308.6514243574,1238203.099901506,1356523.0451464516
2024-06-12,1267872.086011831,1241028.8712263699,1360475.5240132553
2024-06-13,1267872.086011831,1241028.8712263699,1360475.5240132553
2024-06-14,1267872.086011831,1241028.8712263699,1360475.5240132553
2024-06-17,1267872.086011831,1241028.8712263699,1360475.5240132553
2024-06-18,1267872.086011831,1241028.8712263699,1360475.5240132553
2024-06-20,1267872.086011831,1241028.8712263699,1360475.5240132553
2024-06-21,1267374.3122879213,1240636.2655925672,1359670.2372878473
2024-06-24,1265845.2764095443,1239430.2796770742,1357196.5986918628
2024-06-25,1266838.5916881978,1240213.7303812995,1358803.560991444
2024-06-26,1267139.9345255422,1240451.4064376375,1359291.0664081709
2024-06-27,1267764.941891886,1240944.3641841165,1360302.1887539746
2024-06-28,1266537.2488508534,1239976.0543249615,1358316.055574717
2024-07-01,1266090.8150177507,1239623.9416489052,1357593.8253277144
2024-07-02,1268646.648712264,1241639.7867193278,1361728.593491805
2024-07-03,1270666.7618070538,1243233.0965784828,1364996.6853594924
2024-07-05,1272999.3785850157,1245072.885310877,1368770.3384000817
2024-07-08,1273321.9270294325,1245327.2867193278,1369292.1497535412
2024-07-09,1273321.9270294325,1245327.2867193278,1369292.1497535412
2024-07-10,1273321.9270294325,1245327.2867193278,1369292.1497535412
2024-07-11,1273321.9270294325,1245327.2867193278,1369292.1497535412
2024-07-12,1273321.9270294325,1245327.2867193278,1369292.1497535412
2024-07-15,1273321.9270294325,1245327.2867193278,1369292.1497535412
2024-07-16,1273321.9270294325,1245327.2867193278,1369292.1497535412
2024-07-17,1273321.9270294325,1245327.2867193278,1369292.1497535412
2024-07-18,1273321.9270294325,1245327.2867193278,1369292.1497535412
2024-07-19,1272624.5521157663,1244779.6051795203,1368646.762314884
2024-07-22,1275275.9136086185,1246861.8448995554,1371100.4717462007
2024-07-23,1274317.858615403,1246109.438950299,1370213.837245809
2024-07-24,1269104.2570244165,1242014.9507613226,1365388.8960111188
2024-07-25,1266787.1007617558,1240195.1782328887,1363244.47768459
2024-07-26,1269037.4159783784,1241962.4573230024,1365327.0377901613
2024-07-29,1268959.4347580003,1241901.2149782954,1365254.8698657108
2024-07-30,1266230.09204477,1239757.7329135535,1362728.9925099437
2024-07-31,1272958.757345958,1245042.0723711213,1368956.053419672
2024-08-01,1267578.0531398756,1240816.3505863443,1363976.4666325878
2024-08-02,1264570.2060681526,1238454.1458619349,1361192.8466894974
2024-08-05,1262163.928410774,1236564.3820824074,1358965.950735025
2024-08-06,1260492.9022598169,1235252.0461244022,1357419.495211086
2024-08-07,1259646.2490099985,1234587.129239013,1356635.9577456233
2024-08-08,1262698.6567790804,1236984.3295889692,1359460.8165026857
2024-08-09,1262631.815733042,1236931.836150649,1359398.958281728
2024-08-12,1261506.658124731,1236048.196605592,1358357.6782289422
2024-08-13,1265661.9431534447,1239311.5386878317,1362203.1976318043
2024-08-14,1266341.4937881674,1239845.2219774206,1362832.0895448728
2024-08-15,1271488.2543331156,1243887.2167280768,1367595.1725586052
2024-08-16,1271956.1230395152,1244253.9748261222,1368017.784562579
2024-08-19,1277388.927813743,1248523.2591898402,1373085.8847095403
2024-08-20,1278186.5034599167,1249150.0948301859,1373831.0361021198
2024-08-21,1280536.256722206,1250996.690262256,1376024.2491514499
2024-08-22,1275103.0857123334,1246727.1557131733,1370956.38030782
2024-08-23,1281734.1461733198,1251937.9861617936,1377141.0124764377
2024-08-26,1278707.4059258213,1249559.458737687,1374317.2883907184
2024-08-27,1280758.2056591625,1251171.0846241391,1376230.982929082
2024-08-28,1275786.9401226928,1247264.9177823428,1371599.8995865698
2024-08-29,1276778.7818745724,1248043.820636124,1372517.231894109
2024-08-30,1282364.1155797052,1252433.1302913078,1377730.1018407214
2024-09-03,1276304.1628944087,1247667.0990954672,1372017.359308834
2024-09-04,1275070.1361657665,1246696.5618337689,1370854.0371932497
2024-09-05,1274420.0685140712,1246185.2966691242,1370241.2157216473
2024-09-06,1268822.8758520156,1241783.2169464205,1364964.7189831038
2024-09-09,1271566.3817040862,1243940.9292514464,1367551.0333293583
2024-09-10,1271896.9245778297,1244200.8945894013,1367862.6374674612
2024-09-11,1275819.3666795853,1247285.8165998,1371560.339906283
2024-09-12,1278144.1848915808,1249114.2394767497,1373751.955677607
2024-09-13,1280380.8583372447,1250873.338263578,1375860.477012104
2024-09-16,1281008.8897973574,1251367.2724056924,1376452.5248744993
2024-09-17,1280821.5821689027,1251219.9587141846,1376275.949196241
2024-09-18,1280270.6773793304,1250786.6831509264,1375756.6089660695
2024-09-19,1285778.6234654754,1255118.5722323821,1380948.9725873251
2024-09-20,1284901.8573313695,1254436.6771393195,1379749.9960313332
2024-09-23,1286207.216339964,1255451.9055657154,1381535.0727896336
2024-09-24,1286946.9197781675,1256027.2016740064,1382546.616286004
2024-09-25,1286555.312075589,1255722.6331460876,1382011.0932585138
2024-09-26,1287762.769158539,1256661.719440504,1383662.289259942
2024-09-27,1287251.5035468393,1256264.0883068321,1382963.1341962742
2024-09-30,1288350.1807124063,1257118.5722323821,1384465.573801177
2024-10-01,1286555.312075589,1255722.6331460876,1382011.0932585138
2024-10-02,1286228.9723234405,1255468.8260394887,1381564.8240689388
2024-10-03,1286011.4124886747,1255299.621301756,1381267.3112758887
2024-10-04,1288404.5706710978,1257160.8734168152,1384539.9519994399
2024-10-07,1285674.1947447879,1255037.3539582703,1380806.166446661
2024-10-08,1288110.864894164,1256932.447020876,1384138.3097288222
2024-10-09,1289971.001481411,1258379.1475284903,1386682.0441094006
2024-10-10,1289470.6138614498,1257989.9766317052,1385997.7646853854
2024-10-11,1290829.2750295617,1259046.6602188456,1387855.7320779832
2024-10-14,1290829.2750295617,1259046.6602188456,1387855.7320779832
2024-10-15,1290829.2750295617,1259046.6602188456,1387855.7320779832
2024-10-16,1290829.2750295617,1259046.6602188456,1387855.7320779832
2024-10-17,1290829.2750295617,1259046.6602188456,1387855.7320779832
2024-10-18,1290021.4451954355,1258420.8378504245,1387130.5972467365
2024-10-21,1289480.0612067308,1258001.4299556876,1386644.6330365713
2024-10-22,1289119.1385475942,1257721.8246925296,1386320.6568964613
2024-10-23,1286592.6799336383,1255764.5878504245,1384052.8239156902
2024-10-24,1287919.6014745815,1256792.5483767402,1385243.912666095
2024-10-25,1287155.2946669983,1256200.4431135822,1384557.8455458619
2024-10-28,1287898.3707299265,1256776.101008319,1385224.8552460885
2024-10-29,1288620.2160481997,1257335.3115346348,1385872.8075263088
2024-10-30,1286571.4491889833,1255748.140482003,1384033.7664956837
2024-10-31,1282155.4543007242,1252327.0878504242,1380069.823134336
2024-11-01,1282622.5306831363,1252688.9299556874,1380489.0863744784
2024-11-04,1281168.2246742626,1251562.2852188454,1379183.6531040345
2024-11-05,1283790.2216391664,1253593.5352188454,1381537.2444748348
2024-11-06,1291242.2130131035,1259366.5615346348,1388226.398897109
2024-11-07,1294161.4404031786,1261628.0746925296,1390846.794148
2024-11-08,1295403.4389655015,1262590.2457451613,1391961.653218379
2024-11-11,1295492.6080930529,1262659.3246925296,1392041.6943824063
2024-11-12,1295492.6080930529,1262659.3246925296,1392041.6943824063
2024-11-13,1295492.6080930529,1262659.3246925296,1392041.6943824063
2024-11-14,1295492.6080930529,1262659.3246925296,1392041.6943824063
2024-11-15,1294600.2990976342,1261970.54500375,1391226.3452656204
2024-11-18,1295502.1571786162,1262666.6956999006,1392050.4198783054
2024-11-19,1297083.0613441023,1263887.006920212,1393494.974199365
2024-11-20,1296976.9603933985,1263805.1068383118,1393398.0242449313
2024-11-21,1298748.8462701514,1265172.8382060432,1395017.088483971
2024-11-22,1299873.5163476113,1266040.979074184,1396044.7580009664
2024-11-25,1301071.396081057,1266965.630998836,1397139.3229865208
2024-11-26,1301071.396081057,1266965.630998836,1397139.3229865208
2024-11-27,1301071.396081057,1266965.630998836,1397139.3229865208
2024-11-29,1301071.396081057,1266965.630998836,1397139.3229865208
2024-12-02,1301071.396081057,1266965.630998836,1397139.3229865208
2024-12-03,1301071.396081057,1266965.630998836,1397139.3229865208
2024-12-04,1301071.396081057,1266965.630998836,1397139.3229865208
2024-12-05,1301071.396081057,1266965.630998836,1397139.3229865208
2024-12-06,1301071.396081057,1266965.630998836,1397139.3229865208
2024-12-09,1301071.396081057,1266965.630998836,1397139.3229865208
2024-12-10,1301071.396081057,1266965.630998836,1397139.3229865208
2024-12-11,1301071.396081057,1266965.630998836,1397139.3229865208
2024-12-12,1301071.396081057,1266965.630998836,1397139.3229865208
2024-12-13,1301071.396081057,1266965.630998836,1397139.3229865208
2024-12-16,1301071.396081057,1266965.630998836,1397139.3229865208
2024-12-17,1301071.396081057,1266965.630998836,1397139.3229865208
2024-12-18,1301071.396081057,1266965.630998836,1397139.3229865208
2024-12-19,1301071.396081057,1266965.630998836,1397139.3229865208
2024-12-20,1300320.5342607535,1266388.5206092256,1396496.0354342707
2024-12-23,1301714.5393279833,1267459.9491806543,1397690.324560811
2024-12-24,1304977.7784626347,1269968.066063771,1400486.0468343033
2024-12-26,1304692.6410625195,1269748.910219615,1400241.7604220563
2024-12-27,1301175.9464610992,1267045.988141693,1397228.8946710113
2024-12-30,1296254.6861480004,1263263.5206092254,1393012.692148528
2024-12-31,1295473.198458796,1262662.871258576,1392343.1664260735
2025-01-02,1294448.815947271,1261875.5335962384,1391465.5448709643
2025-01-03,1298345.6937488448,1264870.6634663683,1394804.1258383384
2025-01-06,1300003.7149272922,1266145.014115719,1396224.6060873296
2025-01-07,1296043.473259026,1263101.1829468878,1392831.7392505673
2025-01-08,1296149.079703513,1263182.3517780567,1392922.2156995474
2025-01-10,1290467.4529901072,1258815.4686611735,1388054.5827444058
2025-01-13,1291365.1077682476,1259505.4037261086,1388823.6325607386
2025-01-14,1291439.0322793885,1259562.2219079267,1388886.9660750248
2025-01-15,1296603.1874148077,1263531.3777520827,1393311.264430163
2025-01-16,1294828.9991474245,1262167.7413884462,1391791.2600872933
2025-01-17,1298730.3813112911,1265164.745591972,1395096.4500057874
2025-01-21,1305662.3901045376,1270503.5241644462,1401290.0038115717
2025-01-22,1309579.5934734077,1273520.5343281955,1404792.8234867924
2025-01-23,1313379.478184789,1276447.099409652,1408188.6975532868
2025-01-24,1313379.478184789,1276447.099409652,1408188.6975532868
2025-01-27,1313379.478184789,1276447.099409652,1408188.6975532868
2025-01-28,1313379.478184789,1276447.099409652,1408188.6975532868
2025-01-29,1313379.478184789,1276447.099409652,1408188.6975532868
2025-01-30,1313379.478184789,1276447.099409652,1408188.6975532868
2025-01-31,1313379.478184789,1276447.099409652,1408188.6975532868
2025-02-03,1313379.478184789,1276447.099409652,1408188.6975532868
2025-02-04,1313379.478184789,1276447.099409652,1408188.6975532868
2025-02-05,1313379.478184789,1276447.099409652,1408188.6975532868
2025-02-06,1313379.478184789,1276447.099409652,1408188.6975532868
2025-02-07,1313379.478184789,1276447.099409652,1408188.6975532868
2025-02-10,1313379.478184789,1276447.099409652,1408188.6975532868
2025-02-11,1313379.478184789,1276447.099409652,1408188.6975532868
2025-02-12,1313379.478184789,1276447.099409652,1408188.6975532868
2025-02-13,1313379.478184789,1276447.099409652,1408188.6975532868
2025-02-14,1313379.478184789,1276447.099409652,1408188.6975532868
2025-02-18,1313379.478184789,1276447.099409652,1408188.6975532868
2025-02-19,1313379.478184789,1276447.099409652,1408188.6975532868
2025-02-20,1313379.478184789,1276447.099409652,1408188.6975532868
2025-02-21,1313379.478184789,1276447.099409652,1408188.6975532868
2025-02-24,1313379.478184789,1276447.099409652,1408188.6975532868
2025-02-25,1313379.478184789,1276447.099409652,1408188.6975532868
2025-02-26,1313379.478184789,1276447.099409652,1408188.6975532868
2025-02-27,1313379.478184789,1276447.099409652,1408188.6975532868
2025-02-28,1313379.478184789,1276447.099409652,1408188.6975532868
2025-03-03,1313379.478184789,1276447.099409652,1408188.6975532868
2025-03-04,1313379.478184789,1276447.099409652,1408188.6975532868
2025-03-05,1313379.478184789,1276447.099409652,1408188.6975532868
2025-03-06,1313379.478184789,1276447.099409652,1408188.6975532868
2025-03-07,1313379.478184789,1276447.099409652,1408188.6975532868
2025-03-10,1313379.478184789,1276447.099409652,1408188.6975532868
2025-03-11,1313379.478184789,1276447.099409652,1408188.6975532868
2025-03-12,1313379.478184789,1276447.099409652,1408188.6975532868
2025-03-13,1313379.478184789,1276447.099409652,1408188.6975532868
2025-03-14,1313379.478184789,1276447.099409652,1408188.6975532868
2025-03-17,1313379.478184789,1276447.099409652,1408188.6975532868
2025-03-18,1313379.478184789,1276447.099409652,1408188.6975532868
2025-03-19,1313379.478184789,1276447.099409652,1408188.6975532868
2025-03-20,1313379.478184789,1276447.099409652,1408188.6975532868
2025-03-21,1312953.2451514087,1276122.5678934678,1407620.0747844968
2025-03-24,1317696.6258903386,1279734.1522205546,1413948.0552035763
2025-03-25,1318232.493667213,1280142.1590348647,1414662.937897147
2025-03-26,1318232.493667213,1280142.1590348647,1414662.937897147
2025-03-27,1318232.493667213,1280142.1590348647,1414662.937897147
2025-03-28,1318232.493667213,1280142.1590348647,1414662.937897147
2025-03-31,1318232.493667213,1280142.1590348647,1414662.937897147
2025-04-01,1318232.493667213,1280142.1590348647,1414662.937897147
2025-04-02,1318232.493667213,1280142.1590348647,1414662.937897147
2025-04-03,1318232.493667213,1280142.1590348647,1414662.937897147
2025-04-04,1318232.493667213,1280142.1590348647,1414662.937897147
2025-04-07,1318232.493667213,1280142.1590348647,1414662.937897147
2025-04-08,1318232.493667213,1280142.1590348647,1414662.937897147
2025-04-09,1318232.493667213,1280142.1590348647,1414662.937897147
2025-04-10,1318232.493667213,1280142.1590348647,1414662.937897147
2025-04-11,1318232.493667213,1280142.1590348647,1414662.937897147
2025-04-14,1318232.493667213,1280142.1590348647,1414662.937897147
2025-04-15,1318232.493667213,1280142.1590348647,1414662.937897147
2025-04-16,1318232.493667213,1280142.1590348647,1414662.937897147
2025-04-17,1318008.9829618146,1279972.6057076086,1414485.04279787
2025-04-21,1313262.3846482453,1276371.876445986,1410707.1630013972
2025-04-22,1317035.629889918,1279234.228314719,1413710.3383332768
2025-04-23,1319631.238081642,1281203.2346957582,1415776.2169055252
2025-04-24,1323319.1647207164,1284000.8645954847,1418711.4860435948
2025-04-25,1323319.1647207164,1284000.8645954847,1418711.4860435948
2025-04-28,1323319.1647207164,1284000.8645954847,1418711.4860435948
2025-04-29,1323319.1647207164,1284000.8645954847,1418711.4860435948
2025-04-30,1323319.1647207164,1284000.8645954847,1418711.4860435948
2025-05-01,1323319.1647207164,1284000.8645954847,1418711.4860435948
2025-05-02,1323319.1647207164,1284000.8645954847,1418711.4860435948
2025-05-05,1323319.1647207164,1284000.8645954847,1418711.4860435948
2025-05-06,1323319.1647207164,1284000.8645954847,1418711.4860435948
2025-05-07,1323319.1647207164,1284000.8645954847,1418711.4860435948
2025-05-08,1323319.1647207164,1284000.8645954847,1418711.4860435948
2025-05-09,1323319.1647207164,1284000.8645954847,1418711.4860435948
2025-05-12,1323319.1647207164,1284000.8645954847,1418711.4860435948
2025-05-13,1323319.1647207164,1284000.8645954847,1418711.4860435948
2025-05-14,1323319.1647207164,1284000.8645954847,1418711.4860435948
2025-05-15,1323319.1647207164,1284000.8645954847,1418711.4860435948
2025-05-16,1322787.2633384624,1283598.919700833,1418243.808590174
2025-05-19,1322862.3300657966,1283655.6457948363,1418309.8114565841
2025-05-20,1322047.3198833107,1283039.7624885153,1417593.2089069877
2025-05-21,1317704.1735161154,1279757.752764042,1413774.4716361118
2025-05-22,1317854.306970784,1279871.2049520486,1413906.4773689322
2025-05-23,1315741.7147872348,1278274.7705922432,1412048.968128531
2025-05-27,1320889.1475187254,1282164.5598953227,1416574.8789680875
2025-05-28,1318873.0696988916,1280641.0590849498,1414802.2305559278
2025-05-29,1319645.1846086152,1281224.5274804116,1415481.1171818613
2025-05-30,1319505.7749721373,1281119.1790201198,1415358.5404299567
2025-06-02,1321285.9287917777,1282464.3978207682,1416923.75126197
2025-06-03,1322637.1298837939,1283485.4675128264,1418111.8028573536
2025-06-04,1322422.6535199818,1283323.3929585314,1417923.2232390386
2025-06-05,1320706.842609485,1282026.7965241715,1416414.58629252
2025-06-06,1323537.9306118048,1284166.1806408651,1418903.837254276
2025-06-09,1323366.3495207552,1284036.520997429,1418752.973559624
2025-06-10,1325339.5320678267,1285527.6068969427,1420487.9060481207
2025-06-11,1325049.9889766804,1285308.8062486446,1420233.3235633955
2025-06-12,1326508.4282506027,1286410.9132178505,1421515.6649679367
2025-06-13,1323087.5302477996,1283825.8240768455,1418507.8200558147
2025-06-16,1325982.961159263,1286013.8305598276,1421053.6449030652
2025-06-17,1323033.9111568464,1283785.3054382717,1418460.6751512361
2025-06-18,1322851.6062476062,1283647.542067121,1418300.3824756686
2025-06-20,1320819.7881998888,1282112.0107914489,1416323.6026916364
2025-06-23,1326742.9404657662,1286588.6750691428,1422487.0256837422
2025-06-24,1333457.2454060668,1291663.219537448,1429381.6541170396
2025-06-25,1333457.2454060668,1291663.219537448,1429381.6541170396
2025-06-26,1333457.2454060668,1291663.219537448,1429381.6541170396
2025-06-27,1333457.2454060668,1291663.219537448,1429381.6541170396
2025-06-30,1333457.2454060668,1291663.219537448,1429381.6541170396
2025-07-01,1333457.2454060668,1291663.219537448,1429381.6541170396
2025-07-02,1333457.2454060668,1291663.219537448,1429381.6541170396
2025-07-03,1333457.2454060668,1291663.219537448,1429381.6541170396
2025-07-07,1333457.2454060668,1291663.219537448,1429381.6541170396
2025-07-08,1333457.2454060668,1291663.219537448,1429381.6541170396
2025-07-09,1333457.2454060668,1291663.219537448,1429381.6541170396
2025-07-10,1333457.2454060668,1291663.219537448,1429381.6541170396
2025-07-11,1333457.2454060668,1291663.219537448,1429381.6541170396
2025-07-14,1333457.2454060668,1291663.219537448,1429381.6541170396
2025-07-15,1333457.2454060668,1291663.219537448,1429381.6541170396
2025-07-16,1333457.2454060668,1291663.219537448,1429381.6541170396
2025-07-17,1333457.2454060668,1291663.219537448,1429381.6541170396
2025-07-18,1333154.7907358443,1291436.3996140764,1429113.7711167498
2025-07-21,1333655.4758318204,1291811.8785412794,1429557.2260834456
2025-07-22,1333430.6784417902,1291643.2961658004,1429358.1238535007
2025-07-23,1336312.1722594493,1293804.2157060304,1431910.2524373408
2025-07-24,1336301.9541962661,1293796.5528707814,1431901.2023359798
2025-07-25,1337456.5953359664,1294662.4532539232,1432923.863789788
2025-07-28,1337446.3772727833,1294654.7904186742,1432914.8136884267
2025-07-29,1336731.11284996,1294118.3919512413,1432281.3065931473
2025-07-30,1338335.3487697206,1295321.457085341,1433702.1725068456
2025-07-31,1334513.7931392083,1292455.5567021992,1430317.434597781
2025-08-01,1328934.7306411876,1288271.648656222,1425376.0792546012
2025-08-04,1334278.777685995,1292279.311491471,1430109.2822664748
2025-08-05,1332112.548291159,1290654.790418674,1428190.6607779143
2025-08-06,1334493.3570128419,1292440.2310317007,1430299.3343950587
2025-08-07,1334432.0486337428,1292394.2540202064,1430245.033786892
2025-08-08,1337528.1217782488,1294716.093100666,1432987.214499316
2025-08-11,1335647.9981525422,1293306.1314148423,1431321.995848867
2025-08-12,1339933.4538515713,1296519.9245182907,1435117.608359727
2025-08-13,1339933.4538515713,1296519.9245182907,1435117.608359727
2025-08-14,1339933.4538515713,1296519.9245182907,1435117.608359727
2025-08-15,1339591.4498786945,1296264.6849973325,1434809.9188283898
2025-08-18,1339410.9199223372,1296129.9544584104,1434647.50206698
2025-08-19,1337415.0609603876,1294640.4335003265,1432851.8945380608
2025-08-20,1336281.7340121449,1293794.6251170929,1431832.278202544
2025-08-21,1335298.8486942,1293061.092182961,1430948.0091682018
2025-08-22,1339962.539233429,1296541.6311051168,1435143.775504621
2025-08-25,1338227.4457639954,1295246.7209254762,1433582.7699644049
2025-08-26,1339852.2153712106,1296459.2957757756,1435044.5208170929
2025-08-27,1340223.304725945,1296736.24188356,1435378.377493324
2025-08-28,1341777.8682390214,1297896.4215242786,1436776.9662721306
2025-08-29,1339200.3016399208,1295972.7688296677,1434458.0158453353
2025-09-02,1337084.0893737331,1294393.4275123025,1432554.1304754764
2025-09-03,1338458.1229304522,1295418.876614099,1433790.3024928728
2025-09-04,1341757.8093549819,1297881.4514643983,1436758.9199653072
2025-09-05,1339701.7737409133,1296347.0203266738,1434909.173515918
2025-09-08,1340744.8357109774,1297125.4634404462,1435847.58147073
2025-09-09,1342329.4875501134,1298308.098170985,1437273.2397097715
2025-09-10,1343061.6368175622,1298854.5053566138,1437931.9299088223
2025-09-11,1346219.908109612,1301211.5412847574,1440773.320918152
2025-09-12,1346219.908109612,1301211.5412847574,1440773.320918152
2025-09-15,1346219.908109612,1301211.5412847574,1440773.320918152
2025-09-16,1346219.908109612,1301211.5412847574,1440773.320918152
2025-09-17,1346219.908109612,1301211.5412847574,1440773.320918152
2025-09-18,1346219.908109612,1301211.5412847574,1440773.320918152
2025-09-19,1345736.7495897696,1300852.6411400395,1440347.9933473214
2025-09-22,1346895.9403934241,1301713.7120517618,1441368.4365112097
2025-09-23,1345629.5974986756,1300773.0463498805,1440253.6666683066
2025-09-24,1344207.397016881,1299716.6064077676,1439001.6943831998
2025-09-25,1342600.1156504694,1298522.6845553797,1437586.7941979766
2025-09-26,1344256.102512833,1299752.78585784,1439044.5701463884
2025-09-29,1344967.2027537301,1300281.0058288963,1439670.5562889418
2025-09-30,1345649.0796970562,1300787.5181299094,1440270.816973582
2025-10-01,1346905.6814926143,1301720.9479417764,1441377.0116638474
2025-10-02,1348162.2832881724,1302654.3777536433,1442483.2063541128
2025-10-03,1347451.1830472753,1302126.157782587,1441857.2202115594
2025-10-06,1348746.749239595,1303088.5311545117,1442997.7155123758
2025-10-07,1347753.1571221768,1302350.4703730356,1442123.0499433288
2025-10-08,1349545.5193732055,1303681.8741356984,1443700.8780286687
2025-10-09,1348269.4353792665,1302733.9725438026,1442577.533033128
2025-10-10,1339697.2680917378,1296366.3893310674,1435031.398711937
2025-10-13,1343856.7174460273,1299456.1143672469,1438692.988888242
2025-10-14,1343554.7433711258,1299231.8017767982,1438427.159156473
2025-10-15,1345269.1768286314,1300505.3184193452,1439936.386020711
2025-10-16,1343983.3517355022,1299550.180937435,1438804.4658725322
2025-10-17,1344510.1625990877,1299940.195409215,1439356.5186531204
2025-10-20,1349318.5595831433,1303514.7250763641,1443404.0453372519
2025-10-21,1348335.3397204771,1302783.9001849024,1442570.0743533191
2025-10-22,1345726.4891363338,1300844.681661024,1440361.7031423068
2025-10-23,1348782.8962285283,1303116.751125568,1442937.3533933277
2025-10-24,1354234.3028600041,1307168.8495336722,1447555.7816026986
2025-10-27,1361864.4177883926,1312840.3401270153,1454024.6428014021
2025-10-28,1361864.4177883926,1312840.3401270153,1454024.6428014021
2025-10-29,1361864.4177883926,1312840.3401270153,1454024.6428014021
2025-10-30,1361864.4177883926,1312840.3401270153,1454024.6428014021
2025-10-31,1361864.4177883926,1312840.3401270153,1454024.6428014021
2025-11-03,1361864.4177883926,1312840.3401270153,1454024.6428014021
2025-11-04,1361864.4177883926,1312840.3401270153,1454024.6428014021
2025-11-05,1361864.4177883926,1312840.3401270153,1454024.6428014021
2025-11-06,1361864.4177883926,1312840.3401270153,1454024.6428014021
2025-11-07,1361864.4177883926,1312840.3401270153,1454024.6428014021
2025-11-10,1361864.4177883926,1312840.3401270153,1454024.6428014021
2025-11-11,1361864.4177883926,1312840.3401270153,1454024.6428014021
2025-11-12,1361864.4177883926,1312840.3401270153,1454024.6428014021
2025-11-13,1361864.4177883926,1312840.3401270153,1454024.6428014021
2025-11-14,1361864.4177883926,1312840.3401270153,1454024.6428014021
2025-11-17,1361864.4177883926,1312840.3401270153,1454024.6428014021
2025-11-18,1361864.4177883926,1312840.3401270153,1454024.6428014021
2025-11-19,1361864.4177883926,1312840.3401270153,1454024.6428014021
2025-11-20,1361864.4177883926,1312840.3401270153,1454024.6428014021
2025-11-21,1361719.2847920444,1312733.7707839496,1453848.8747189597
2025-11-24,1365198.5004579271,1315288.515309497,1458062.4931336762
2025-11-25,1367265.1545634614,1316806.0335576723,1460565.3824720175
2025-11-26,1367265.1545634614,1316806.0335576723,1460565.3824720175
2025-11-28,1367265.1545634614,1316806.0335576723,1460565.3824720175
2025-12-01,1367265.1545634614,1316806.0335576723,1460565.3824720175
2025-12-02,1367265.1545634614,1316806.0335576723,1460565.3824720175
2025-12-03,1367265.1545634614,1316806.0335576723,1460565.3824720175
2025-12-04,1367265.1545634614,1316806.0335576723,1460565.3824720175
2025-12-05,1367265.1545634614,1316806.0335576723,1460565.3824720175
2025-12-08,1367265.1545634614,1316806.0335576723,1460565.3824720175
2025-12-09,1367265.1545634614,1316806.0335576723,1460565.3824720175
2025-12-10,1367265.1545634614,1316806.0335576723,1460565.3824720175
2025-12-11,1367265.1545634614,1316806.0335576723,1460565.3824720175
2025-12-12,1367265.1545634614,1316806.0335576723,1460565.3824720175
2025-12-15,1367265.1545634614,1316806.0335576723,1460565.3824720175
2025-12-16,1367265.1545634614,1316806.0335576723,1460565.3824720175
2025-12-17,1367265.1545634614,1316806.0335576723,1460565.3824720175
2025-12-18,1367265.1545634614,1316806.0335576723,1460565.3824720175
2025-12-19,1366964.8583324803,1316586.4007893107,1460298.2141129985
2025-12-22,1368934.6471144785,1318027.0787554125,1462050.7010982053
2025-12-23,1370315.4304273499,1319036.9657610622,1463279.1601123456
2025-12-24,1371281.0131636234,1319743.1804503277,1464138.2223599958
2025-12-26,1371039.617479555,1319566.6267780112,1463923.4567980834
2025-12-29,1369822.9832318502,1318676.7962695367,1462841.0383660437
2025-12-30,1369176.0427985468,1318203.6324277287,1462265.466660118
2025-12-31,1366646.21602951,1316353.349941853,1460014.7235712737
2026-01-02,1366694.4951663236,1316388.6606763164,1460057.6766836562
2026-01-05,1368915.335459753,1318012.9544616272,1462033.5198532522
2026-01-06,1371261.7015088978,1319729.0561565424,1464121.041115043
2026-01-07,1369929.1973328402,1318754.479885356,1462935.5352132854
2026-01-08,1370344.3979094378,1319058.1522017403,1463304.931979775
2026-01-09,1372526.6148934162,1320654.1973994805,1465246.412659465
2026-01-12,1373230.5247081597,1321169.027907955,1465872.6690380021
2026-01-13,1373230.5247081597,1321169.027907955,1465872.6690380021
2026-01-14,1373230.5247081597,1321169.027907955,1465872.6690380021
2026-01-15,1373230.5247081597,1321169.027907955,1465872.6690380021
2026-01-16,1372966.9561234452,1320977.094667343,1465653.5796876498
2026-01-20,1366950.7166897447,1316596.0098272874,1460652.627125257
2026-01-21,1369748.7455057355,1318633.5619830594,1462978.4669677666
2026-01-22,1370675.0553867973,1319308.1099663696,1463748.4549019763
2026-01-23,1370464.964485938,1319155.1197021136,1463573.8184632896
2026-01-26,1372479.9272169075,1320622.4354183862,1465248.740670694
2026-01-27,1373969.6626957285,1321707.275474019,1466487.071781382
2026-01-28,1374256.1502878095,1321915.8985616409,1466725.212379591
2026-01-29,1373425.3362707747,1321310.8916075379,1466034.6046447842
2026-01-30,1371992.8983103698,1320267.7761694293,1464843.9016537385
2026-02-02,1373807.3197268827,1321589.0557243668,1466352.1254423966
2026-02-03,1370493.613245146,1319175.9820108758,1463597.6325231104
2026-02-04,1369882.4397153733,1318730.9194239494,1463089.5992469308
2026-02-05,1365432.3324517154,1315490.3074628925,1459390.4819547483
2026-02-06,1370703.7041460054,1319328.9722751316,1463772.2689617972
2026-02-09,1372413.0801120887,1320573.756697941,1465193.174531112
2026-02-10,1371181.1834661404,1319676.6774211677,1464169.1699588124
2026-02-11,1371553.6173358457,1319947.8874350758,1464478.7527364844
2026-02-12,1365546.9274885477,1315573.7566979409,1459485.7381940319
2026-02-13,1365050.3489956073,1315212.1433460633,1459072.961157136
2026-02-17,1364582.419261875,1314871.3923029478,1458683.998180061
2026-02-18,1366368.1919191799,1316171.809549123,1460168.4079088983
2026-02-19,1365537.377902145,1315566.80259502,1459477.8001740917
2026-02-20,1367909.4987546857,1317293.8282814338,1461450.6778386005
2026-02-23,1360623.281381979,1311975.6707782971,1455428.9695666898
2026-02-24,1363879.6305101286,1314353.244525829,1458117.9425107213
2026-02-25,1369446.9481342668,1318416.979122248,1462718.52305611
2026-02-26,1364041.9566503325,1314473.214958734,1458247.8567653154
2026-02-27,1360823.79277885,1312124.819265415,1455586.7220576298
2026-03-02,1360938.3818321654,1312208.8909656203,1455680.1891113522
2026-03-03,1355447.460525279,1308200.8280966394,1451143.0009013885
2026-03-04,1358885.23122674,1310712.6695236408,1453976.6458989186
2026-03-05,1355027.269000345,1307895.859074007,1450790.8205974777
2026-03-06,1350434.007319433,1304541.6374958633,1446999.3589655126
2026-03-09,1350720.4694815662,1304752.9060604002,1447229.8955250862
2026-03-10,1350338.474432394,1304475.947969812,1446908.908180449
2026-03-11,1347416.3626981878,1302341.5733041437,1444498.3250548162
2026-03-12,1343233.7728733926,1299282.254319929,1441060.0516346276
2026-03-13,1341428.9638702117,1297961.3929837686,1439578.5523143033
2026-03-16,1341323.8978514422,1297887.0375756163,1439485.0837695932
2026-03-17,1341333.4623966375,1297892.4355156457,1439497.4947534367
2026-03-18,1338554.6524237934,1295856.3422625845,1437223.3146620337
2026-03-19,1337341.8770148698,1294970.8758513879,1436221.783751372
2026-03-20,1335549.251990641,1293654.2079192349,1434701.0639363015
2026-03-23,1338233.925975784,1295650.0307492546,1437531.120531873
2026-03-24,1336847.057436392,1294625.0867813055,1436197.4800903914
2026-03-25,1337850.101471819,1295372.3136477033,1437287.6051513604
2026-03-26,1333328.1050578686,1292016.7831678204,1432651.3814342124
2026-03-27,1328233.2093711302,1288212.520073402,1426928.755611651
2026-03-30,1326524.8953415554,1286936.8941449262,1425008.6990719826
2026-03-31,1332931.5841209234,1291728.39280171,1432368.3931377956
2026-04-01,1335204.5928979365,1293422.2895785084,1434851.3744054427
2026-04-02,1334844.5203548628,1293159.826652833,1434582.1093812515
2026-04-06,1336003.1493185917,1294022.2129711779,1435825.5839935367
2026-04-07,1336615.1328862323,1294479.087702664,1436511.2373628416
2026-04-08,1344945.3072134338,1300660.517671659,1445053.0046505043
2026-04-09,1345546.9075967052,1301101.0771122184,1445546.0549885961
2026-04-10,1344859.3643015376,1300597.5806087218,1444982.56888792
2026-04-13,1348354.3760519724,1303157.0211681623,1447846.9565663573
2026-04-14,1354828.7420814664,1307898.279909421,1453153.1173477247
2026-04-15,1359631.995935206,1311415.7624269035,1457089.693856615
2026-04-16,1361513.190784484,1312793.3848045259,1458631.4544376319
2026-04-17,1368766.2535434947,1318102.694600421,1464550.3200095915
2026-04-20,1368424.9528113876,1317852.0170936459,1464262.0367752095
2026-04-21,1367963.7356058373,1317513.263706112,1463872.4648368554
2026-04-22,1369301.2655019332,1318495.6485299603,1465002.2234580824
2026-04-23,1368185.1198645015,1317675.8653321282,1464059.4593672655
2026-04-24,1370574.2249892522,1319430.6078795537,1466077.4420079398
2026-04-27,1370795.6092479164,1319593.20950557,1466264.4365383498
2026-04-28,1369199.7977167123,1318421.1227847026,1464916.5176316444
2026-04-29,1367770.0243795065,1317370.9872833476,1463708.8446227466
2026-04-30,1372363.7477467875,1320744.971023185,1467588.9811287539
2026-05-01,1372834.1892964488,1321090.4994784696,1467986.344505875
2026-05-04,1371810.2871001272,1320338.4669581444,1467121.4948027288
2026-05-05,1374549.917301096,1322350.6620800956,1469435.5521165524
2026-05-06,1378109.5916935334,1324965.160725082,1472442.2683367697
2026-05-07,1378109.5916935334,1324965.160725082,1472442.2683367697
2026-05-08,1378109.5916935334,1324965.160725082,1472442.2683367697
2026-05-11,1378109.5916935334,1324965.160725082,1472442.2683367697
2026-05-12,1378109.5916935334,1324965.160725082,1472442.2683367697
2026-05-13,1378109.5916935334,1324965.160725082,1472442.2683367697
2026-05-14,1378109.5916935334,1324965.160725082,1472442.2683367697
2026-05-15,1378014.2394632986,1324895.97012456,1472359.2716879551
2026-05-18,1377825.334101513,1324758.8944065443,1472194.844364832
2026-05-19,1375981.257950748,1323420.7743021057,1470589.7204962485
2026-05-20,1378670.9104828392,1325372.471430043,1472930.8523826215
2026-05-21,1379156.667127431,1325724.9518477975,1473353.6654992239
2026-05-22,1380299.0947915632,1326553.933571035,1474348.0593104926
2026-05-26,1381711.3872582465,1327578.7377485808,1475577.3492976516
2026-05-27,1382035.2250213076,1327813.7246937505,1475859.22470872
2026-05-28,1383887.3971161488,1329157.7194718183,1477471.39546258
2026-05-29,1383887.3971161488,1329157.7194718183,1477471.39546258
2026-06-01,1383887.3971161488,1329157.7194718183,1477471.39546258
2026-06-02,1383887.3971161488,1329157.7194718183,1477471.39546258
2026-06-03,1383887.3971161488,1329157.7194718183,1477471.39546258
2026-06-04,1383887.3971161488,1329157.7194718183,1477471.39546258
2026-06-05,1383887.3971161488,1329157.7194718183,1477471.39546258
2026-06-08,1383887.3971161488,1329157.7194718183,1477471.39546258
2026-06-09,1383887.3971161488,1329157.7194718183,1477471.39546258
2026-06-10,1383887.3971161488,1329157.7194718183,1477471.39546258
2026-06-11,1383887.3971161488,1329157.7194718183,1477471.39546258
2026-06-12,1383887.3971161488,1329157.7194718183,1477471.39546258
2026-06-15,1383887.3971161488,1329157.7194718183,1477471.39546258
2026-06-16,1383887.3971161488,1329157.7194718183,1477471.39546258
2026-06-17,1383887.3971161488,1329157.7194718183,1477471.39546258
2026-06-18,1383534.9730587483,1328903.057092397,1477009.5555670774
2026-06-22,1382342.427005928,1328041.3207579919,1475446.7640014866
2026-06-23,1378391.0057562846,1325186.015291754,1470268.5591125148
2026-06-24,1378364.3069640573,1325166.7226872523,1470233.5712416433
2026-06-25,1377661.2387687378,1324658.6841020433,1469312.2239753623
2026-06-26,1375872.4196895072,1323366.0796004354,1466968.0366269764
2026-06-29,1379272.065899786,1325822.671240307,1471423.158851272
2026-06-30,1381025.2865893801,1327089.5522692457,1473720.6957051628
2026-07-01,1380384.5155759244,1326626.529761207,1472880.9868042483
2026-07-02,1379681.447380605,1326118.491175998,1471959.6395379673
2026-07-06,1382974.2984219745,1328497.9123978629,1476274.8102787773
2026-07-07,1380615.9051085613,1326793.7323335542,1473184.2150184675
2026-07-08,1379414.4594583318,1325925.5651309818,1471609.7608292531
2026-07-09,1382547.1177463375,1328189.2307258372,1475715.0043448342
2026-07-10,1384202.4428644315,1329385.3722049368,1477884.252338863
2026-07-13,1380989.6881997439,1327063.8287965767,1473674.0452106674
2026-07-14,1382564.916941156,1328202.0924621716,1475738.329592082
2026-07-15,1383810.8605784308,1329102.41400558,1477371.0968994154
2026-07-16,1381007.487394562,1327076.690532911,1473697.3704579151
2026-07-17,1376461.6039852875,1323791.3587888873,1467893.325729924
2026-07-20,1375069.9811480797,1322784.8924946804,1466357.421997535
2026-07-21,1380245.345145871,1326528.2495912455,1471948.6324110841
2026-07-22,1380238.8718682553,1326524.2193582463,1471727.6413791461
2026-07-23,1371049.4386921534,1319877.8191648617,1461686.3148915805
2026-07-24,1369515.9277796904,1318768.9591123061,1459920.199096145
2026-07-27,1368571.3572944284,1318086.0867689985,1458788.6251961782
2026-07-28,1370070.2807838356,1319170.2236135385,1460420.8703269875
2026-07-29,1359644.463787645,1311628.2114561552,1449480.946165903
2026-07-30,1369546.9231798854,1318792.5028415842,1459584.50124396
2026-07-31,1371743.8569402092,1320382.048408849,1461794.994370929
2026-08-03,1385485.0282586871,1330318.6232942874,1477447.040849738
2026-08-04,1402521.487975444,1342636.3186011706,1497437.8174955742
2026-08-05,1402521.487975444,1342636.3186011706,1497437.8174955742
2026-08-06,1402521.487975444,1342636.3186011706,1497437.8174955742
2026-08-07,1402521.487975444,1342636.3186011706,1497437.8174955742
2026-08-10,1402521.487975444,1342636.3186011706,1497437.8174955742
2026-08-11,1402521.487975444,1342636.3186011706,1497437.8174955742
2026-08-12,1402521.487975444,1342636.3186011706,1497437.8174955742
2026-08-13,1402521.487975444,1342636.3186011706,1497437.8174955742
2026-08-14,1402521.487975444,1342636.3186011706,1497437.8174955742
2026-08-17,1402521.487975444,1342636.3186011706,1497437.8174955742
2026-08-18,1402521.487975444,1342636.3186011706,1497437.8174955742
2026-08-19,1402521.487975444,1342636.3186011706,1497437.8174955742
2026-08-20,1402521.487975444,1342636.3186011706,1497437.8174955742
2026-08-21,1402255.812098867,1342446.8912883953,1497073.4283618762
2026-08-24,1401161.3334046635,1341666.5262789554,1495572.2904024553
2026-08-25,1401982.1924253162,1342251.8000360352,1496698.1438720208
2026-08-26,1402361.7293918545,1342522.4104828571,1497218.699777304
2026-08-27,1403703.348436362,1343478.9869460415,1499058.804372723
2026-08-28,1403059.0182373552,1343019.5785130647,1498175.0699288703
2026-08-31,1401858.6222501642,1342163.694309163,1496528.6605540216
2026-09-01,1399325.4336595477,1340357.526908282,1493054.2525350396
2026-09-02,1400464.0445591628,1341169.3582487477,1494615.9202508887
2026-09-03,1404365.3315175339,1343950.9819114285,1499966.7507191468
2026-09-04,1402449.9938026776,1342585.3431449088,1497339.7592901604
2026-09-08,1400137.4662391183,1340936.5073991567,1494168.0000533196
2026-09-09,1398460.4424334837,1339740.7868201763,1491867.8693090456
2026-09-10,1396677.5013348616,1338469.5470467338,1489422.467149344
2026-09-11,1398654.624137294,1339879.2386766898,1492134.20023733
2026-09-14,1396606.8898062033,1338419.2009170926,1489325.6195390588
2026-09-15,1394779.81650217,1337116.4948126243,1486819.6876229288
2026-09-16,1392458.4624975284,1335461.365800667,1483635.8224348023
2026-09-17,1395697.766374728,1337770.994497961,1488078.7065566366
2026-09-18,1396117.3967362081,1338069.1621588157,1488802.1247606643
2026-09-21,1407211.8159049735,1345994.2984468665,1501893.0733036646
2026-09-22,1406773.8002401353,1345681.453367424,1501369.767393528
