portfolio,date,cash,option_value_mid,equity,daily_pnl,daily_return,entry_cost_dollars,settlement_cash_flow,active_spread,contracts,spread_mid_points,width_points,mid_outside_payoff_bounds
Dynamic: 24-month IV/RV z-score,2018-11-16,1016133.2762062578,-16317.834015390408,999815.4421908674,-184.55780913261697,-0.00018455780913262387,184.5578091326284,0.0,103/100,3.6546100818343574,44.650000000000006,85.0,False
Dynamic: 24-month IV/RV z-score,2018-11-19,1016133.2762062578,-20886.096617683354,995247.1795885745,-4568.262602292933,-0.004569105866461309,0.0,0.0,103/100,3.6546100818343574,57.150000000000006,85.0,False
Dynamic: 24-month IV/RV z-score,2018-11-20,1016133.2762062578,-25673.63582488636,990459.6403813714,-4787.539207203081,-0.004810402184894591,0.0,0.0,103/100,3.6546100818343574,70.25,85.0,False
Dynamic: 24-month IV/RV z-score,2018-11-21,1016133.2762062578,-25600.54362324968,990532.7325830081,73.09220163675491,7.379624434622478e-05,0.0,0.0,103/100,3.6546100818343574,70.05000000000001,85.0,False
Dynamic: 24-month IV/RV z-score,2018-11-23,1016133.2762062578,-26879.657151891694,989253.619054366,-1279.113528642105,-0.0012913389800925934,0.0,0.0,103/100,3.6546100818343574,73.54999999999998,85.0,False
Dynamic: 24-month IV/RV z-score,2018-11-26,1016133.2762062578,-25472.63227038548,990660.6439358722,1407.0248815062223,0.0014223095618808301,0.0,0.0,103/100,3.6546100818343574,69.70000000000002,85.0,False
Dynamic: 24-month IV/RV z-score,2018-11-27,1016133.2762062578,-24175.245691334287,991958.0305149235,1297.3865790512646,0.0013096175637872243,0.0,0.0,103/100,3.6546100818343574,66.15000000000003,85.0,False
Dynamic: 24-month IV/RV z-score,2018-11-28,1016133.2762062578,-17834.49719935167,998298.7790069061,6340.74849198258,0.006392153999389638,0.0,0.0,103/100,3.6546100818343574,48.80000000000001,85.0,False
Dynamic: 24-month IV/RV z-score,2018-11-29,1016133.2762062578,-17322.851787894855,998810.4244183629,511.6454114568187,0.0005125173166753427,0.0,0.0,103/100,3.6546100818343574,47.400000000000006,85.0,False
Dynamic: 24-month IV/RV z-score,2018-11-30,1016133.2762062578,-15495.546746977678,1000637.72945928,1827.3050409171265,0.0018294813472548022,0.0,0.0,103/100,3.6546100818343574,42.400000000000006,85.0,False
Dynamic: 24-month IV/RV z-score,2018-12-03,1016133.2762062578,-11968.84801800752,1004164.4281882503,3526.698728970252,0.0035244510826870634,0.0,0.0,103/100,3.6546100818343574,32.75,85.0,False
Dynamic: 24-month IV/RV z-score,2018-12-04,1016133.2762062578,-22146.937095916215,993986.3391103415,-10178.089077908779,-0.010135878937946874,0.0,0.0,103/100,3.6546100818343574,60.60000000000002,85.0,False
Dynamic: 24-month IV/RV z-score,2018-12-06,1016133.2762062578,-23499.142826194922,992634.1333800629,-1352.205730278627,-0.00136038663417537,0.0,0.0,103/100,3.6546100818343574,64.30000000000001,85.0,False
Dynamic: 24-month IV/RV z-score,2018-12-07,1016133.2762062578,-27701.944420304433,988431.3317859534,-4202.801594109507,-0.004233988589328885,0.0,0.0,103/100,3.6546100818343574,75.80000000000001,85.0,False
Dynamic: 24-month IV/RV z-score,2018-12-10,1016133.2762062578,-28487.685587898814,987645.5906183589,-785.7411675944459,-0.0007949375362016342,0.0,0.0,103/100,3.6546100818343574,77.94999999999999,85.0,False
Dynamic: 24-month IV/RV z-score,2018-12-11,1016133.2762062578,-29127.24235221983,987006.0338540379,-639.5567643210525,-0.0006475569479540422,0.0,0.0,103/100,3.6546100818343574,79.7,85.0,False
Dynamic: 24-month IV/RV z-score,2018-12-12,1016133.2762062578,-28798.327444854734,987334.948761403,328.91490736510605,0.0003332450826878386,0.0,0.0,103/100,3.6546100818343574,78.8,85.0,False
Dynamic: 24-month IV/RV z-score,2018-12-13,1016133.2762062578,-29821.61826776835,986311.6579384895,-1023.290822913521,-0.001036417098571496,0.0,0.0,103/100,3.6546100818343574,81.59999999999998,85.0,False
Dynamic: 24-month IV/RV z-score,2018-12-14,1016133.2762062578,-30790.089939454472,985343.1862668033,-968.4716716861585,-0.000981912424831699,0.0,0.0,103/100,3.6546100818343574,84.25000000000003,85.0,False
Dynamic: 24-month IV/RV z-score,2018-12-17,1016133.2762062578,-31027.639594773707,985105.636611484,-237.54965531930793,-0.0002410831663831603,0.0,0.0,103/100,3.6546100818343574,84.90000000000003,85.0,False
Dynamic: 24-month IV/RV z-score,2018-12-18,1016133.2762062578,-31027.639594773686,985105.6366114841,1.1641532182693481e-10,2.220446049250313e-16,0.0,0.0,103/100,3.6546100818343574,84.89999999999998,85.0,False
Dynamic: 24-month IV/RV z-score,2018-12-19,1016133.2762062578,-31045.912645182863,985087.363561075,-18.273050409159623,-1.854933088396571e-05,0.0,0.0,103/100,3.6546100818343574,84.94999999999999,85.0,False
Dynamic: 24-month IV/RV z-score,2018-12-20,1016133.2762062578,-31045.912645182863,985087.363561075,0.0,0.0,0.0,0.0,103/100,3.6546100818343574,84.94999999999999,85.0,False
Dynamic: 24-month IV/RV z-score,2018-12-21,998722.4110934037,-14164.887005527535,984557.5240878762,-529.83947319875,-0.000537860389644429,511.5664227895628,-31064.185695592038,102/99,4.0762264764108,34.750000000000014,75.0,False
Dynamic: 24-month IV/RV z-score,2018-12-24,998722.4110934037,-18730.260659107633,979992.1504342961,-4565.373653580085,-0.0046369801071903805,0.0,0.0,102/99,4.0762264764108,45.95000000000002,75.0,False
Dynamic: 24-month IV/RV z-score,2018-12-26,998722.4110934037,-10577.807706286025,988144.6033871176,8152.452952821506,0.00831889617606496,0.0,0.0,102/99,4.0762264764108,25.949999999999996,75.0,False
Dynamic: 24-month IV/RV z-score,2018-12-27,998722.4110934037,-9049.222777631978,989673.1883157718,1528.5849286541343,0.001546924330117827,0.0,0.0,102/99,4.0762264764108,22.200000000000003,75.0,False
Dynamic: 24-month IV/RV z-score,2018-12-28,998722.4110934037,-8926.935983339652,989795.475110064,122.28679429227486,0.00012356280410141807,0.0,0.0,102/99,4.0762264764108,21.9,75.0,False
Dynamic: 24-month IV/RV z-score,2018-12-31,998722.4110934037,-7133.3963337189025,991589.0147596848,1793.5396496207686,0.0018120305605775489,0.0,0.0,102/99,4.0762264764108,17.500000000000007,75.0,False
Dynamic: 24-month IV/RV z-score,2019-01-02,998722.4110934037,-6032.815185087984,992689.5959083157,1100.5811486309394,0.001109916641117259,0.0,0.0,102/99,4.0762264764108,14.8,75.0,False
Dynamic: 24-month IV/RV z-score,2019-01-03,998722.4110934037,-11148.479412983539,987573.9316804202,-5115.664227895555,-0.005153337205286879,0.0,0.0,102/99,4.0762264764108,27.35,75.0,False
Dynamic: 24-month IV/RV z-score,2019-01-04,998722.4110934037,-4524.611388815987,994197.7997045877,6623.868024167488,0.006707212302471843,0.0,0.0,102/99,4.0762264764108,11.099999999999998,75.0,False
Dynamic: 24-month IV/RV z-score,2019-01-07,998722.4110934037,-3077.5509896901544,995644.8601037136,1447.0603991259122,0.0014555055337639455,0.0,0.0,102/99,4.0762264764108,7.550000000000001,75.0,False
Dynamic: 24-month IV/RV z-score,2019-01-08,998722.4110934037,-1915.826443913076,996806.5846494907,1161.7245457770769,0.0011668061497913662,0.0,0.0,102/99,4.0762264764108,4.7,75.0,False
Dynamic: 24-month IV/RV z-score,2019-01-09,998722.4110934037,-1273.820773878375,997448.5903195253,642.0056700346759,0.0006440624288817087,0.0,0.0,102/99,4.0762264764108,3.1249999999999996,75.0,False
Dynamic: 24-month IV/RV z-score,2019-01-10,998722.4110934037,-703.149067180863,998019.2620262229,570.6717066975543,0.0005721314484135043,0.0,0.0,102/99,4.0762264764108,1.725,75.0,False
Dynamic: 24-month IV/RV z-score,2019-01-11,998722.4110934037,-326.098118112864,998396.3129752908,377.0509490679251,0.00037779927042924655,0.0,0.0,102/99,4.0762264764108,0.7999999999999999,75.0,False
Dynamic: 24-month IV/RV z-score,2019-01-14,998722.4110934037,-285.335853348756,998437.075240055,40.76226476416923,4.0827739680615593e-05,0.0,0.0,102/99,4.0762264764108,0.7000000000000001,75.0,False
Dynamic: 24-month IV/RV z-score,2019-01-15,998722.4110934037,-101.90566191026998,998620.5054314934,183.4301914384123,0.00018371732779876027,0.0,0.0,102/99,4.0762264764108,0.24999999999999997,75.0,False
Dynamic: 24-month IV/RV z-score,2019-01-16,998722.4110934037,-20.381132382054002,998702.0299610216,81.52452952822205,8.163714752984497e-05,0.0,0.0,102/99,4.0762264764108,0.05,75.0,False
Dynamic: 24-month IV/RV z-score,2019-01-17,998722.4110934037,-0.0,998722.4110934037,20.381132382084616,2.040762086252812e-05,0.0,0.0,102/99,4.0762264764108,0.0,75.0,False
Dynamic: 24-month IV/RV z-score,2019-01-18,1016408.5608900974,-18005.880382932664,998402.6805071647,-319.73058623902034,-0.0003201395930316764,319.7305862389878,0.0,103/100,3.7395390203390786,48.150000000000006,80.0,False
Dynamic: 24-month IV/RV z-score,2019-01-22,1016408.5608900974,-21483.651671848,994924.9092182494,-3477.7712889153045,-0.003483335288271383,0.0,0.0,103/100,3.7395390203390786,57.44999999999999,80.0,False
Dynamic: 24-month IV/RV z-score,2019-01-23,1016408.5608900974,-21240.58163552597,995167.9792545715,243.07003632211126,0.00024430993140289736,0.0,0.0,103/100,3.7395390203390786,56.80000000000001,80.0,False
Dynamic: 24-month IV/RV z-score,2019-01-24,1016408.5608900974,-22624.211073051425,993784.349817046,-1383.6294375255238,-0.0013903476260982428,0.0,0.0,103/100,3.7395390203390786,60.5,80.0,False
Dynamic: 24-month IV/RV z-score,2019-01-25,1016408.5608900974,-19557.78907637338,996850.7718137241,3066.4219966781093,0.003085601013180117,0.0,0.0,103/100,3.7395390203390786,52.300000000000004,80.0,False
Dynamic: 24-month IV/RV z-score,2019-01-28,1016408.5608900974,-22007.187134695476,994401.3737554019,-2449.398058322142,-0.002457136140713967,0.0,0.0,103/100,3.7395390203390786,58.849999999999994,80.0,False
Dynamic: 24-month IV/RV z-score,2019-01-29,1016408.5608900974,-22362.443341627688,994046.1175484697,-355.2562069322448,-0.00035725635171901526,0.0,0.0,103/100,3.7395390203390786,59.8,80.0,False
Dynamic: 24-month IV/RV z-score,2019-01-30,1016408.5608900974,-17239.274883763155,999169.2860063342,5123.168457864551,0.005153853898146377,0.0,0.0,103/100,3.7395390203390786,46.10000000000001,80.0,False
Dynamic: 24-month IV/RV z-score,2019-01-31,1016408.5608900974,-13948.480545864764,1002460.0803442326,3290.7943378983764,0.003293530319623539,0.0,0.0,103/100,3.7395390203390786,37.300000000000004,80.0,False
Dynamic: 24-month IV/RV z-score,2019-02-01,1016408.5608900974,-14528.109094017322,1001880.4517960801,-579.6285481525119,-0.0005782061146549777,0.0,0.0,103/100,3.7395390203390786,38.85,80.0,False
Dynamic: 24-month IV/RV z-score,2019-02-04,1016408.5608900974,-11536.477877746056,1004872.0830123513,2991.6312162711984,0.0029860161568260324,0.0,0.0,103/100,3.7395390203390786,30.849999999999998,80.0,False
Dynamic: 24-month IV/RV z-score,2019-02-05,1016408.5608900974,-9461.033721457869,1006947.5271686396,2075.4441562882857,0.002065381446429093,0.0,0.0,103/100,3.7395390203390786,25.299999999999997,80.0,False
Dynamic: 24-month IV/RV z-score,2019-02-06,1016408.5608900974,-9386.242941051087,1007022.3179490463,74.7907804066781,7.427475453170018e-05,0.0,0.0,103/100,3.7395390203390786,25.099999999999998,80.0,False
Dynamic: 24-month IV/RV z-score,2019-02-07,1016408.5608900974,-14266.341362593585,1002142.2195275038,-4880.09842154244,-0.004846067792699471,0.0,0.0,103/100,3.7395390203390786,38.15,80.0,False
Dynamic: 24-month IV/RV z-score,2019-02-08,1016408.5608900974,-14397.225228305453,1002011.335661792,-130.8838657118613,-0.00013060408309473193,0.0,0.0,103/100,3.7395390203390786,38.5,80.0,False
Dynamic: 24-month IV/RV z-score,2019-02-11,1016408.5608900974,-14060.666716474934,1002347.8941736225,336.5585118305171,0.0003358829384980666,0.0,0.0,103/100,3.7395390203390786,37.599999999999994,80.0,False
Dynamic: 24-month IV/RV z-score,2019-02-12,1016408.5608900974,-5188.6103907204715,1011219.950499377,8872.0563257545,0.008851274469997339,0.0,0.0,103/100,3.7395390203390786,13.875,80.0,False
Dynamic: 24-month IV/RV z-score,2019-02-13,1016408.5608900974,-3776.93441054247,1012631.6264795549,1411.6759801779408,0.0013960127858245741,0.0,0.0,103/100,3.7395390203390786,10.100000000000001,80.0,False
Dynamic: 24-month IV/RV z-score,2019-02-14,1016408.5608900974,-4188.283702779769,1012220.2771873176,-411.3492922373116,-0.00040621809696717026,0.0,0.0,103/100,3.7395390203390786,11.200000000000001,80.0,False
Dynamic: 24-month IV/RV z-score,2019-02-15,1027520.722835276,-11187.23174905944,1016333.4910862166,4113.213898899034,0.00406355611678566,75.06980388075891,0.0,101/98,3.6619416527199466,30.550000000000004,85.0,False
Dynamic: 24-month IV/RV z-score,2019-02-19,1027520.722835276,-10930.895833369043,1016589.827001907,256.33591569040436,0.0002522163423115398,0.0,0.0,101/98,3.6619416527199466,29.85,85.0,False
Dynamic: 24-month IV/RV z-score,2019-02-20,1027520.722835276,-9685.83567144426,1017834.8871638317,1245.0601619246881,0.0012247419055890774,0.0,0.0,101/98,3.6619416527199466,26.450000000000003,85.0,False
Dynamic: 24-month IV/RV z-score,2019-02-21,1027520.722835276,-11278.780290377435,1016241.9425448986,-1592.9446189331356,-0.0015650324419237416,0.0,0.0,101/98,3.6619416527199466,30.799999999999997,85.0,False
Dynamic: 24-month IV/RV z-score,2019-02-22,1027520.722835276,-8898.518216109473,1018622.2046191666,2380.2620742679574,0.0023422198736524624,0.0,0.0,101/98,3.6619416527199466,24.300000000000004,85.0,False
Dynamic: 24-month IV/RV z-score,2019-02-25,1027520.722835276,-8129.5104690382805,1019391.2123662378,769.0077470712131,0.0007549489335536563,0.0,0.0,101/98,3.6619416527199466,22.199999999999996,85.0,False
Dynamic: 24-month IV/RV z-score,2019-02-26,1027520.722835276,-8825.279383055073,1018695.443452221,-695.7689140167786,-0.000682533756987902,0.0,0.0,101/98,3.6619416527199466,24.1,85.0,False
Dynamic: 24-month IV/RV z-score,2019-02-27,1027520.722835276,-7928.103678138684,1019592.6191571373,897.1757049163571,0.0008807104328216742,0.0,0.0,101/98,3.6619416527199466,21.65,85.0,False
Dynamic: 24-month IV/RV z-score,2019-02-28,1027520.722835276,-8514.014342573877,1019006.7084927022,-585.9106644351268,-0.0005746517319039635,0.0,0.0,101/98,3.6619416527199466,23.250000000000004,85.0,False
Dynamic: 24-month IV/RV z-score,2019-03-01,1027520.722835276,-5914.035769142713,1021606.6870661334,2599.9785734311445,0.0025514832746067473,0.0,0.0,101/98,3.6619416527199466,16.15,85.0,False
Dynamic: 24-month IV/RV z-score,2019-03-04,1027520.722835276,-7836.555136820687,1019684.1676984554,-1922.5193676779745,-0.001881858637005518,0.0,0.0,101/98,3.6619416527199466,21.400000000000002,85.0,False
Dynamic: 24-month IV/RV z-score,2019-03-05,1027520.722835276,-7799.935720293487,1019720.7871149826,36.619416527217254,3.591250868373308e-05,0.0,0.0,101/98,3.6619416527199466,21.3,85.0,False
Dynamic: 24-month IV/RV z-score,2019-03-06,1027520.722835276,-11461.877373013434,1016058.8454622626,-3661.941652719979,-0.0035911219021830254,0.0,0.0,101/98,3.6619416527199466,31.3,85.0,False
Dynamic: 24-month IV/RV z-score,2019-03-07,1027520.722835276,-16002.68502238617,1011518.0378128899,-4540.807649372728,-0.004469040026226834,0.0,0.0,101/98,3.6619416527199466,43.7,85.0,False
Dynamic: 24-month IV/RV z-score,2019-03-08,1027520.722835276,-17559.010224792142,1009961.7126104839,-1556.3252024060348,-0.0015386035090102501,0.0,0.0,101/98,3.6619416527199466,47.949999999999996,85.0,False
Dynamic: 24-month IV/RV z-score,2019-03-11,1027520.722835276,-8871.053653714072,1018649.669181562,8687.95657107816,0.008602263296320523,0.0,0.0,101/98,3.6619416527199466,24.225,85.0,False
Dynamic: 24-month IV/RV z-score,2019-03-12,1027520.722835276,-6518.256141841505,1021002.4666934345,2352.797511872486,0.002309721961391231,0.0,0.0,101/98,3.6619416527199466,17.8,85.0,False
Dynamic: 24-month IV/RV z-score,2019-03-13,1027520.722835276,-2068.99703378677,1025451.7258014893,4449.259108054801,0.004357735904854332,0.0,0.0,101/98,3.6619416527199466,5.65,85.0,False
Dynamic: 24-month IV/RV z-score,2019-03-14,1027520.722835276,-1959.1387842051718,1025561.5840510709,109.85824958153535,0.00010713156633057608,0.0,0.0,101/98,3.6619416527199466,5.3500000000000005,85.0,False
Dynamic: 24-month IV/RV z-score,2019-03-15,1037675.8668086019,-10247.976441983225,1027427.8903666186,1866.3063155477867,0.0018197896104645839,92.83246865739687,0.0,101/98,3.6404889669567404,28.15,85.0,False
Dynamic: 24-month IV/RV z-score,2019-03-18,1037675.8668086019,-9246.841976070122,1028429.0248325318,1001.1344659131719,0.0009744084964988797,0.0,0.0,101/98,3.6404889669567404,25.400000000000002,85.0,False
Dynamic: 24-month IV/RV z-score,2019-03-19,1037675.8668086019,-9847.522655617982,1027828.3441529839,-600.6806795479497,-0.0005840759693123143,0.0,0.0,101/98,3.6404889669567404,27.049999999999997,85.0,False
Dynamic: 24-month IV/RV z-score,2019-03-20,1037675.8668086019,-11012.47912504414,1026663.3876835577,-1164.9564694261644,-0.0011334153957256454,0.0,0.0,101/98,3.6404889669567404,30.25,85.0,False
Dynamic: 24-month IV/RV z-score,2019-03-21,1037675.8668086019,-7280.977933913482,1030394.8888746884,3731.501191130723,0.0036345906904793335,0.0,0.0,101/98,3.6404889669567404,20.000000000000004,85.0,False
Dynamic: 24-month IV/RV z-score,2019-03-22,1037675.8668086019,-12577.889380835537,1025097.9774277663,-5296.9114469221095,-0.005140661608586727,0.0,0.0,101/98,3.6404889669567404,34.55,85.0,False
Dynamic: 24-month IV/RV z-score,2019-03-25,1037675.8668086019,-13196.772505218187,1024479.0943033837,-618.8831243825844,-0.0006037307047814799,0.0,0.0,101/98,3.6404889669567404,36.25000000000001,85.0,False
Dynamic: 24-month IV/RV z-score,2019-03-26,1037675.8668086019,-11285.515797565895,1026390.351011036,1911.2567076522391,0.0018655887838803231,0.0,0.0,101/98,3.6404889669567404,31.0,85.0,False
Dynamic: 24-month IV/RV z-score,2019-03-27,1037675.8668086019,-12723.508939513806,1024952.3578690881,-1437.9931419478962,-0.001401019739255549,0.0,0.0,101/98,3.6404889669567404,34.949999999999996,85.0,False
Dynamic: 24-month IV/RV z-score,2019-03-28,1037675.8668086019,-11321.920687235463,1026353.9461213665,1401.588252278394,0.001367466732982825,0.0,0.0,101/98,3.6404889669567404,31.1,85.0,False
Dynamic: 24-month IV/RV z-score,2019-03-29,1037675.8668086019,-8900.99552420923,1028774.8712843927,2420.9251630262006,0.002358762464133246,0.0,0.0,101/98,3.6404889669567404,24.449999999999996,85.0,False
Dynamic: 24-month IV/RV z-score,2019-04-01,1037675.8668086019,-5005.672329565518,1032670.1944790364,3895.3231946437154,0.003786370860497934,0.0,0.0,101/98,3.6404889669567404,13.750000000000002,85.0,False
Dynamic: 24-month IV/RV z-score,2019-04-02,1037675.8668086019,-5005.672329565517,1032670.1944790364,0.0,0.0,0.0,0.0,101/98,3.6404889669567404,13.749999999999998,85.0,False
Dynamic: 24-month IV/RV z-score,2019-04-03,1037675.8668086019,-4059.1451981567657,1033616.7216104452,946.5271314088022,0.000916582212277639,0.0,0.0,101/98,3.6404889669567404,11.15,85.0,False
Dynamic: 24-month IV/RV z-score,2019-04-04,1037675.8668086019,-3549.476742782822,1034126.390065819,509.66845537384506,0.0004930923085104677,0.0,0.0,101/98,3.6404889669567404,9.75,85.0,False
Dynamic: 24-month IV/RV z-score,2019-04-05,1037675.8668086019,-2156.9897129218684,1035518.87709568,1392.4870298609603,0.0013465346627237196,0.0,0.0,101/98,3.6404889669567404,5.925,85.0,False
Dynamic: 24-month IV/RV z-score,2019-04-08,1037675.8668086019,-1674.6249248001009,1036001.2418838018,482.36478812177666,0.00046581940589507376,0.0,0.0,101/98,3.6404889669567404,4.6000000000000005,85.0,False
Dynamic: 24-month IV/RV z-score,2019-04-09,1037675.8668086019,-2748.5691700523394,1034927.2976385496,-1073.9442452521762,-0.001036624476723036,0.0,0.0,101/98,3.6404889669567404,7.550000000000001,85.0,False
Dynamic: 24-month IV/RV z-score,2019-04-10,1037675.8668086019,-1365.1833626087773,1036310.6834459931,1383.3858074435266,0.0013366985396945363,0.0,0.0,101/98,3.6404889669567404,3.749999999999999,85.0,False
Dynamic: 24-month IV/RV z-score,2019-04-11,1037675.8668086019,-1265.0699160174674,1036410.7968925844,100.11344659130555,9.660563013635937e-05,0.0,0.0,101/98,3.6404889669567404,3.4750000000000005,85.0,False
Dynamic: 24-month IV/RV z-score,2019-04-12,1037675.8668086019,-409.5550087826333,1037266.3117998192,855.514907234814,0.0008254592771512748,0.0,0.0,101/98,3.6404889669567404,1.125,85.0,False
Dynamic: 24-month IV/RV z-score,2019-04-15,1037675.8668086019,-254.83422768697181,1037421.0325809149,154.7207810956752,0.00014916206121373676,0.0,0.0,101/98,3.6404889669567404,0.7,85.0,False
Dynamic: 24-month IV/RV z-score,2019-04-16,1037675.8668086019,-163.82200351305335,1037512.0448050888,91.0122241738718,8.772930306566451e-05,0.0,0.0,101/98,3.6404889669567404,0.45000000000000007,85.0,False
Dynamic: 24-month IV/RV z-score,2019-04-17,1037675.8668086019,-100.11344659131036,1037575.7533620106,63.70855692180339,6.140512511709773e-05,0.0,0.0,101/98,3.6404889669567404,0.275,85.0,False
Dynamic: 24-month IV/RV z-score,2019-04-18,1048238.26205825,-10644.551181586507,1037593.7108766636,17.957514652982354,1.730718416914634e-05,82.15593193841936,0.0,101/98,3.5719970408008415,29.799999999999997,90.0,False
Dynamic: 24-month IV/RV z-score,2019-04-22,1048238.26205825,-10198.051551486402,1038040.2105067637,446.4996301000938,0.00043032222094208095,0.0,0.0,101/98,3.5719970408008415,28.55,90.0,False
Dynamic: 24-month IV/RV z-score,2019-04-23,1048238.26205825,-6822.514347929606,1041415.7477103204,3375.5372035567416,0.0032518366527525266,0.0,0.0,101/98,3.5719970408008415,19.099999999999998,90.0,False
Dynamic: 24-month IV/RV z-score,2019-04-24,1048238.26205825,-7822.673519353842,1040415.5885388962,-1000.159171424224,-0.0009603841440108951,0.0,0.0,101/98,3.5719970408008415,21.9,90.0,False
Dynamic: 24-month IV/RV z-score,2019-04-25,1048238.26205825,-8215.593193841936,1040022.668864408,-392.91967448813375,-0.00037765646614340564,0.0,0.0,101/98,3.5719970408008415,23.000000000000004,90.0,False
Dynamic: 24-month IV/RV z-score,2019-04-26,1048238.26205825,-6143.834910177447,1042094.4271480726,2071.758283664589,0.001992031852465992,0.0,0.0,101/98,3.5719970408008415,17.2,90.0,False
Dynamic: 24-month IV/RV z-score,2019-04-29,1048238.26205825,-6000.9550285454125,1042237.3070297046,142.87988163193222,0.00013710838280078796,0.0,0.0,101/98,3.5719970408008415,16.799999999999997,90.0,False
Dynamic: 24-month IV/RV z-score,2019-04-30,1048238.26205825,-5036.515827529187,1043201.7462307209,964.4392010163283,0.0009253547100178672,0.0,0.0,101/98,3.5719970408008415,14.100000000000001,90.0,False
Dynamic: 24-month IV/RV z-score,2019-05-01,1048238.26205825,-8644.232838738037,1039594.029219512,-3607.717011208879,-0.0034583118981963423,0.0,0.0,101/98,3.5719970408008415,24.200000000000003,90.0,False
Dynamic: 24-month IV/RV z-score,2019-05-02,1048238.26205825,-9126.452439246148,1039111.8096190039,-482.21960050810594,-0.00046385376113611265,0.0,0.0,101/98,3.5719970408008415,25.549999999999997,90.0,False
Dynamic: 24-month IV/RV z-score,2019-05-03,1048238.26205825,-4982.935871917173,1043255.3261863329,4143.516567328945,0.003987556034848794,0.0,0.0,101/98,3.5719970408008415,13.95,90.0,False
Dynamic: 24-month IV/RV z-score,2019-05-06,1048238.26205825,-7054.694155581662,1041183.5679026684,-2071.7582836644724,-0.001985859292219394,0.0,0.0,101/98,3.5719970408008415,19.75,90.0,False
Dynamic: 24-month IV/RV z-score,2019-05-07,1048238.26205825,-12930.629287699046,1035307.632770551,-5875.93513211736,-0.005643515046970693,0.0,0.0,101/98,3.5719970408008415,36.2,90.0,False
Dynamic: 24-month IV/RV z-score,2019-05-08,1048238.26205825,-13412.848888207158,1034825.4131700429,-482.21960050810594,-0.00046577421555138443,0.0,0.0,101/98,3.5719970408008415,37.55,90.0,False
Dynamic: 24-month IV/RV z-score,2019-05-09,1048238.26205825,-15502.467157075653,1032735.7949011744,-2089.6182688685367,-0.002019295469819715,0.0,0.0,101/98,3.5719970408008415,43.400000000000006,90.0,False
Dynamic: 24-month IV/RV z-score,2019-05-10,1048238.26205825,-14538.027956059423,1033700.2341021906,964.4392010162119,0.0009338682805204446,0.0,0.0,101/98,3.5719970408008415,40.699999999999996,90.0,False
Dynamic: 24-month IV/RV z-score,2019-05-13,1048238.26205825,-28361.65650395867,1019876.6055542914,-13823.628547899192,-0.013372956773977651,0.0,0.0,101/98,3.5719970408008415,79.39999999999998,90.0,False
Dynamic: 24-month IV/RV z-score,2019-05-14,1048238.26205825,-26468.49807233423,1021769.7639859158,1893.1584316244116,0.0018562622392888084,0.0,0.0,101/98,3.5719970408008415,74.1,90.0,False
Dynamic: 24-month IV/RV z-score,2019-05-15,1048238.26205825,-25200.439122849933,1023037.8229354001,1268.058949484257,0.0012410417632027215,0.0,0.0,101/98,3.5719970408008415,70.55,90.0,False
Dynamic: 24-month IV/RV z-score,2019-05-16,1048238.26205825,-19851.373554250677,1028386.8885039993,5349.065568599268,0.005228609782237825,0.0,0.0,101/98,3.5719970408008415,55.575,90.0,False
Dynamic: 24-month IV/RV z-score,2019-05-17,1031948.4736356153,-10785.92219415857,1021162.5514414568,-7224.33706254256,-0.007024921401955875,117.85941470438334,-26957.85120208887,101/98,3.5714974152842944,30.2,90.0,False
Dynamic: 24-month IV/RV z-score,2019-05-20,1031948.4736356153,-12678.815824259245,1019269.6578113561,-1892.893630100647,-0.00185366534194642,0.0,0.0,101/98,3.5714974152842944,35.5,90.0,False
Dynamic: 24-month IV/RV z-score,2019-05-21,1031948.4736356153,-10643.062297547196,1021305.4113380681,2035.7535267119529,0.0019972668774259628,0.0,0.0,101/98,3.5714974152842944,29.799999999999997,90.0,False
Dynamic: 24-month IV/RV z-score,2019-05-22,1031948.4736356153,-11375.219267680479,1020573.2543679349,-732.15697013319,-0.0007168834728623619,0.0,0.0,101/98,3.5714974152842944,31.85,90.0,False
Dynamic: 24-month IV/RV z-score,2019-05-23,1031948.4736356153,-15750.30360140374,1016198.1700342116,-4375.084333723295,-0.004286889074349598,0.0,0.0,101/98,3.5714974152842944,44.10000000000001,90.0,False
Dynamic: 24-month IV/RV z-score,2019-05-24,1031948.4736356153,-14375.277096519285,1017573.1965390961,1375.026504884474,0.0013531086213609544,0.0,0.0,101/98,3.5714974152842944,40.25,90.0,False
Dynamic: 24-month IV/RV z-score,2019-05-28,1031948.4736356153,-17821.772102268627,1014126.7015333467,-3446.495005749399,-0.0033869750279108546,0.0,0.0,101/98,3.5714974152842944,49.89999999999999,90.0,False
Dynamic: 24-month IV/RV z-score,2019-05-29,1031948.4736356153,-21303.98208217082,1010644.4915534445,-3482.209979902138,-0.0034337030813181846,0.0,0.0,101/98,3.5714974152842944,59.650000000000006,90.0,False
Dynamic: 24-month IV/RV z-score,2019-05-30,1031948.4736356153,-20428.965215426164,1011519.5084201891,875.0168667446123,0.0008658008568369624,0.0,0.0,101/98,3.5714974152842944,57.2,90.0,False
Dynamic: 24-month IV/RV z-score,2019-05-31,1031948.4736356153,-24893.33698453153,1007055.1366510838,-4464.371769105317,-0.004413530072274963,0.0,0.0,101/98,3.5714974152842944,69.69999999999999,90.0,False
Dynamic: 24-month IV/RV z-score,2019-06-03,1031948.4736356153,-26018.358670346093,1005930.1149652692,-1125.0216858146014,-0.0011171401096823352,0.0,0.0,101/98,3.5714974152842944,72.85000000000002,90.0,False
Dynamic: 24-month IV/RV z-score,2019-06-04,1031948.4736356153,-19464.660913299405,1012483.8127223159,6553.69775704667,0.006515062686310857,0.0,0.0,101/98,3.5714974152842944,54.5,90.0,False
Dynamic: 24-month IV/RV z-score,2019-06-05,1031948.4736356153,-16357.458162002073,1015591.0154736133,3107.2027512973873,0.0030688912872027796,0.0,0.0,101/98,3.5714974152842944,45.80000000000001,90.0,False
Dynamic: 24-month IV/RV z-score,2019-06-06,1031948.4736356153,-14107.414790372963,1017841.0588452424,2250.0433716290863,0.0022155014541751505,0.0,0.0,101/98,3.5714974152842944,39.5,90.0,False
Dynamic: 24-month IV/RV z-score,2019-06-07,1031948.4736356153,-9732.330456649705,1022216.1431789657,4375.084333723295,0.004298396390775228,0.0,0.0,101/98,3.5714974152842944,27.250000000000004,90.0,False
Dynamic: 24-month IV/RV z-score,2019-06-10,1031948.4736356153,-7732.291904090497,1024216.1817315248,2000.0385525590973,0.0019565710891038535,0.0,0.0,101/98,3.5714974152842944,21.65,90.0,False
Dynamic: 24-month IV/RV z-score,2019-06-11,1031948.4736356153,-7964.439236083976,1023984.0343995313,-232.14733199344482,-0.0002266585278910549,0.0,0.0,101/98,3.5714974152842944,22.299999999999997,90.0,False
Dynamic: 24-month IV/RV z-score,2019-06-12,1031948.4736356153,-8268.01651638314,1023680.4571192322,-303.577280299156,-0.0002964668101267387,0.0,0.0,101/98,3.5714974152842944,23.15,90.0,False
Dynamic: 24-month IV/RV z-score,2019-06-13,1031948.4736356153,-6410.837860435309,1025537.63577518,1857.1786559477914,0.0018142171641863936,0.0,0.0,101/98,3.5714974152842944,17.950000000000003,90.0,False
Dynamic: 24-month IV/RV z-score,2019-06-14,1031948.4736356153,-6178.69052844183,1025769.7831071735,232.14733199356124,0.00022636646759255363,0.0,0.0,101/98,3.5714974152842944,17.3,90.0,False
Dynamic: 24-month IV/RV z-score,2019-06-17,1031948.4736356153,-5312.602405235388,1026635.8712303799,866.0881232063984,0.0008443299241891467,0.0,0.0,101/98,3.5714974152842944,14.874999999999998,90.0,False
Dynamic: 24-month IV/RV z-score,2019-06-18,1031948.4736356153,-2428.6182423933205,1029519.855393222,2883.98416284204,0.0028091597455928152,0.0,0.0,101/98,3.5714974152842944,6.800000000000001,90.0,False
Dynamic: 24-month IV/RV z-score,2019-06-19,1031948.4736356153,-723.2282265950696,1031225.2454090202,1705.3900157982716,0.0016564906513112376,0.0,0.0,101/98,3.5714974152842944,2.025,90.0,False
Dynamic: 24-month IV/RV z-score,2019-06-20,1031948.4736356153,-169.64612722600396,1031778.8275083894,553.582099369145,0.0005368197703010669,0.0,0.0,101/98,3.5714974152842944,0.4749999999999999,90.0,False
Dynamic: 24-month IV/RV z-score,2019-06-21,1047554.6982593144,-15704.15700591866,1031850.5412533957,71.71374500636011,6.950495890634123e-05,97.93238221953409,0.0,102/99,3.4975850792691885,44.900000000000006,90.0,False
Dynamic: 24-month IV/RV z-score,2019-06-24,1047554.6982593144,-15581.741528144235,1031972.9567311702,122.41547777445521,0.00011863683051016594,0.0,0.0,102/99,3.4975850792691885,44.55,90.0,False
Dynamic: 24-month IV/RV z-score,2019-06-25,1047554.6982593144,-19341.645488358616,1028213.0527709558,-3759.9039602143457,-0.0036434132655220886,0.0,0.0,102/99,3.4975850792691885,55.30000000000001,90.0,False
Dynamic: 24-month IV/RV z-score,2019-06-26,1047554.6982593144,-19953.722877230724,1027600.9753820837,-612.0773888721596,-0.0005952826481074869,0.0,0.0,102/99,3.4975850792691885,57.05000000000001,90.0,False
Dynamic: 24-month IV/RV z-score,2019-06-27,1047554.6982593144,-18362.321666163247,1029192.3765931511,1591.401211067452,0.0015486567735845114,0.0,0.0,102/99,3.4975850792691885,52.500000000000014,90.0,False
Dynamic: 24-month IV/RV z-score,2019-06-28,1047554.6982593144,-15319.422647199048,1032235.2756121154,3042.8990189642645,0.0029565891549225842,0.0,0.0,102/99,3.4975850792691885,43.800000000000004,90.0,False
Dynamic: 24-month IV/RV z-score,2019-07-01,1047554.6982593144,-13273.33537582657,1034281.3628834878,2046.0872713724384,0.001982190804474371,0.0,0.0,102/99,3.4975850792691885,37.949999999999996,90.0,False
Dynamic: 24-month IV/RV z-score,2019-07-02,1047554.6982593144,-11157.296402868711,1036397.4018564457,2116.0389729578746,0.0020459026420611703,0.0,0.0,102/99,3.4975850792691885,31.9,90.0,False
Dynamic: 24-month IV/RV z-score,2019-07-03,1047554.6982593144,-7607.247547410485,1039947.450711904,3550.04885545827,0.003425374136503345,0.0,0.0,102/99,3.4975850792691885,21.75,90.0,False
Dynamic: 24-month IV/RV z-score,2019-07-05,1047554.6982593144,-9425.991788630461,1038128.7064706839,-1818.7442412200617,-0.001748880907371797,0.0,0.0,102/99,3.4975850792691885,26.949999999999996,90.0,False
Dynamic: 24-month IV/RV z-score,2019-07-08,1047554.6982593144,-11716.910015551783,1035837.7882437626,-2290.918226921349,-0.0022067766863992366,0.0,0.0,102/99,3.4975850792691885,33.5,90.0,False
Dynamic: 24-month IV/RV z-score,2019-07-09,1047554.6982593144,-10877.489596527175,1036677.2086627872,839.4204190246528,0.0008103782547341787,0.0,0.0,102/99,3.4975850792691885,31.099999999999994,90.0,False
Dynamic: 24-month IV/RV z-score,2019-07-10,1047554.6982593144,-7642.223398203177,1039912.4748611113,3235.2661983240396,0.0031208038252303894,0.0,0.0,102/99,3.4975850792691885,21.849999999999998,90.0,False
Dynamic: 24-month IV/RV z-score,2019-07-11,1047554.6982593144,-6024.590299041177,1041530.1079602733,1617.6330991620198,0.001555547354481046,0.0,0.0,102/99,3.4975850792691885,17.224999999999998,90.0,False
Dynamic: 24-month IV/RV z-score,2019-07-12,1047554.6982593144,-3934.7832141778367,1043619.9150451366,2089.807084863307,0.0020064778434067954,0.0,0.0,102/99,3.4975850792691885,11.249999999999998,90.0,False
Dynamic: 24-month IV/RV z-score,2019-07-15,1047554.6982593144,-2859.2758023025613,1044695.4224570119,1075.5074118752964,0.001030554703269404,0.0,0.0,102/99,3.4975850792691885,8.174999999999999,90.0,False
Dynamic: 24-month IV/RV z-score,2019-07-16,1047554.6982593144,-4188.3581324248535,1043366.3401268895,-1329.0823301223572,-0.0012722199231968156,0.0,0.0,102/99,3.4975850792691885,11.975,90.0,False
Dynamic: 24-month IV/RV z-score,2019-07-17,1047554.6982593144,-9723.286520368343,1037831.4117389461,-5534.928387943422,-0.005304875358802863,0.0,0.0,102/99,3.4975850792691885,27.799999999999997,90.0,False
Dynamic: 24-month IV/RV z-score,2019-07-18,1047554.6982593144,-5639.855940321567,1041914.8423189928,4083.4305800467264,0.003934579869002697,0.0,0.0,102/99,3.4975850792691885,16.125,90.0,False
Dynamic: 24-month IV/RV z-score,2019-07-19,1046210.3186882823,-10422.760806066432,1035787.5578822158,-6127.284436777001,-0.0058807919686981736,88.74136913345376,-11678.399007965101,101/98,3.4800536915079907,29.95,90.0,False
Dynamic: 24-month IV/RV z-score,2019-07-22,1046210.3186882823,-9048.139597920775,1037162.1790903615,1374.6212081456324,0.001327126588541283,0.0,0.0,101/98,3.4800536915079907,26.0,90.0,False
Dynamic: 24-month IV/RV z-score,2019-07-23,1046210.3186882823,-6960.107383015982,1039250.2113052662,2088.032214904786,0.0020132166955182385,0.0,0.0,101/98,3.4800536915079907,20.0,90.0,False
Dynamic: 24-month IV/RV z-score,2019-07-24,1046210.3186882823,-5533.285369497706,1040677.0333187846,1426.8220135183074,0.0013729340614963004,0.0,0.0,101/98,3.4800536915079907,15.9,90.0,False
Dynamic: 24-month IV/RV z-score,2019-07-25,1046210.3186882823,-7255.911946794161,1038954.4067414881,-1722.6265772964107,-0.0016552941230987273,0.0,0.0,101/98,3.4800536915079907,20.85,90.0,False
Dynamic: 24-month IV/RV z-score,2019-07-26,1046210.3186882823,-5237.480805719526,1040972.8378825628,2018.4311410746304,0.0019427523748660747,0.0,0.0,101/98,3.4800536915079907,15.049999999999999,90.0,False
Dynamic: 24-month IV/RV z-score,2019-07-29,1046210.3186882823,-5272.281342634606,1040938.0373456477,-34.80053691507783,-3.343078286832668e-05,0.0,0.0,101/98,3.4800536915079907,15.149999999999999,90.0,False
Dynamic: 24-month IV/RV z-score,2019-07-30,1046210.3186882823,-6699.103356152882,1039511.2153321294,-1426.8220135183074,-0.0013707079214404505,0.0,0.0,101/98,3.4800536915079907,19.25,90.0,False
Dynamic: 24-month IV/RV z-score,2019-07-31,1046210.3186882823,-9970.353826170396,1036239.9648621118,-3271.2504700175487,-0.0031469121465633743,0.0,0.0,101/98,3.4800536915079907,28.650000000000006,90.0,False
Dynamic: 24-month IV/RV z-score,2019-08-01,1046210.3186882823,-13676.611007626403,1032533.7076806559,-3706.2571814559633,-0.003576639877954424,0.0,0.0,101/98,3.4800536915079907,39.3,90.0,False
Dynamic: 24-month IV/RV z-score,2019-08-02,1046210.3186882823,-16808.659329983595,1029401.6593582986,-3132.0483223572373,-0.0030333618157538655,0.0,0.0,101/98,3.4800536915079907,48.3,90.0,False
Dynamic: 24-month IV/RV z-score,2019-08-05,1046210.3186882823,-26883.414766899223,1019326.9039213831,-10074.755436915555,-0.009787001356881375,0.0,0.0,101/98,3.4800536915079907,77.24999999999999,90.0,False
Dynamic: 24-month IV/RV z-score,2019-08-06,1046210.3186882823,-25247.789531890478,1020962.5291563917,1635.625235008658,0.0016046130330871211,0.0,0.0,101/98,3.4800536915079907,72.55000000000001,90.0,False
Dynamic: 24-month IV/RV z-score,2019-08-07,1046210.3186882823,-25299.990337263094,1020910.3283510192,-52.200805372558534,-5.1129011968464866e-05,0.0,0.0,101/98,3.4800536915079907,72.7,90.0,False
Dynamic: 24-month IV/RV z-score,2019-08-08,1046210.3186882823,-17469.869531370114,1028740.4491569122,7830.120805892977,0.007669743941703722,0.0,0.0,101/98,3.4800536915079907,50.2,90.0,False
Dynamic: 24-month IV/RV z-score,2019-08-09,1046210.3186882823,-21767.73584038248,1024442.5828478998,-4297.866309012403,-0.004177794615283781,0.0,0.0,101/98,3.4800536915079907,62.55,90.0,False
Dynamic: 24-month IV/RV z-score,2019-08-12,1046210.3186882823,-27614.22604211591,1018596.0926461663,-5846.490201733424,-0.00570699646775763,0.0,0.0,101/98,3.4800536915079907,79.35000000000001,90.0,False
Dynamic: 24-month IV/RV z-score,2019-08-13,1046210.3186882823,-21384.929934316602,1024825.3887539657,6229.296107799397,0.006115570394165326,0.0,0.0,101/98,3.4800536915079907,61.449999999999996,90.0,False
Dynamic: 24-month IV/RV z-score,2019-08-14,1046210.3186882823,-30781.074901388183,1015429.2437868941,-9396.144967071596,-0.00916853258143413,0.0,0.0,101/98,3.4800536915079907,88.45000000000002,90.0,False
Dynamic: 24-month IV/RV z-score,2019-08-15,1046210.3186882823,-31442.285102774702,1014768.0335855075,-661.2102013865951,-0.0006511632449354154,0.0,0.0,101/98,3.4800536915079907,90.35000000000001,90.0,True
Dynamic: 24-month IV/RV z-score,2019-08-16,1026728.0154691532,-11927.77002970278,1014800.2454394504,32.21185394283384,3.174307120112907e-05,89.59002525992096,-31320.483223571915,102/99,3.513334323918344,33.95,85.0,False
Dynamic: 24-month IV/RV z-score,2019-08-19,1026728.0154691532,-9538.702689438307,1017189.3127797148,2389.067340264446,0.0023542242436391803,0.0,0.0,102/99,3.513334323918344,27.150000000000006,85.0,False
Dynamic: 24-month IV/RV z-score,2019-08-20,1026728.0154691532,-11681.836627028497,1015046.1788421246,-2143.1339375901734,-0.0021069174741263907,0.0,0.0,102/99,3.513334323918344,33.25000000000001,85.0,False
Dynamic: 24-month IV/RV z-score,2019-08-21,1026728.0154691532,-9204.935928666064,1017523.0795404871,2476.9006983625004,0.002440185234910075,0.0,0.0,102/99,3.513334323918344,26.200000000000003,85.0,False
Dynamic: 24-month IV/RV z-score,2019-08-22,1026728.0154691532,-9714.369405634221,1017013.646063519,-509.43347696820274,-0.0005006603655597353,0.0,0.0,102/99,3.513334323918344,27.65,85.0,False
Dynamic: 24-month IV/RV z-score,2019-08-23,1026728.0154691532,-15423.537682001535,1011304.4777871517,-5709.168276367243,-0.005613659461173759,0.0,0.0,102/99,3.513334323918344,43.90000000000001,85.0,False
Dynamic: 24-month IV/RV z-score,2019-08-26,1026728.0154691532,-13052.037013356652,1013675.9784557965,2371.5006686447887,0.0023449917613673765,0.0,0.0,102/99,3.513334323918344,37.150000000000006,85.0,False
Dynamic: 24-month IV/RV z-score,2019-08-27,1026728.0154691532,-14650.604130739492,1012077.4113384137,-1598.5671173827723,-0.0015770000980175336,0.0,0.0,102/99,3.513334323918344,41.69999999999999,85.0,False
Dynamic: 24-month IV/RV z-score,2019-08-28,1026728.0154691532,-12489.903521529714,1014238.1119476234,2160.7006092097145,0.0021349163463220133,0.0,0.0,102/99,3.513334323918344,35.55,85.0,False
Dynamic: 24-month IV/RV z-score,2019-08-29,1026728.0154691532,-9064.40255570933,1017663.6129134438,3425.5009658203926,0.003377412981693695,0.0,0.0,102/99,3.513334323918344,25.800000000000004,85.0,False
Dynamic: 24-month IV/RV z-score,2019-08-30,1026728.0154691532,-9257.635943524836,1017470.3795256283,-193.2333878155332,-0.00018987943104531446,0.0,0.0,102/99,3.513334323918344,26.349999999999998,85.0,False
Dynamic: 24-month IV/RV z-score,2019-09-03,1026728.0154691532,-11031.869777103604,1015696.1456920495,-1774.2338335787645,-0.001743769518289029,0.0,0.0,102/99,3.513334323918344,31.400000000000006,85.0,False
Dynamic: 24-month IV/RV z-score,2019-09-04,1026728.0154691532,-7975.2689152946405,1018752.7465538585,3056.6008618089836,0.0030093654236782452,0.0,0.0,102/99,3.513334323918344,22.699999999999996,85.0,False
Dynamic: 24-month IV/RV z-score,2019-09-05,1026728.0154691532,-4778.134680528948,1021949.8807886243,3197.1342347657774,0.00313828281256745,0.0,0.0,102/99,3.513334323918344,13.599999999999998,85.0,False
Dynamic: 24-month IV/RV z-score,2019-09-06,1026728.0154691532,-3741.7010549730367,1022986.3144141801,1036.43362555583,0.0010141726566434972,0.0,0.0,102/99,3.513334323918344,10.65,85.0,False
Dynamic: 24-month IV/RV z-score,2019-09-09,1026728.0154691532,-3583.601010396711,1023144.4144587565,158.10004457633477,0.0001545475656405948,0.0,0.0,102/99,3.513334323918344,10.2,85.0,False
Dynamic: 24-month IV/RV z-score,2019-09-10,1026728.0154691532,-3372.8009509616104,1023355.2145181915,210.80005943507422,0.00020603157917498116,0.0,0.0,102/99,3.513334323918344,9.6,85.0,False
Dynamic: 24-month IV/RV z-score,2019-09-11,1026728.0154691532,-1949.9005497746807,1024778.1149193785,1422.900401187013,0.0013904266876256788,0.0,0.0,102/99,3.513334323918344,5.549999999999999,85.0,False
Dynamic: 24-month IV/RV z-score,2019-09-12,1026728.0154691532,-1396.5503937575418,1025331.4650753957,553.3501560171135,0.0005399706999604792,0.0,0.0,102/99,3.513334323918344,3.9749999999999996,85.0,False
Dynamic: 24-month IV/RV z-score,2019-09-13,1026728.0154691532,-1229.6670133714201,1025498.3484557818,166.88338038616348,0.00016276042047924655,0.0,0.0,102/99,3.513334323918344,3.499999999999999,85.0,False
Dynamic: 24-month IV/RV z-score,2019-09-16,1026728.0154691532,-1414.1170653771337,1025313.898403776,-184.4500520058209,-0.00017986382160783965,0.0,0.0,102/99,3.513334323918344,4.025,85.0,False
Dynamic: 24-month IV/RV z-score,2019-09-17,1026728.0154691532,-869.5502451697901,1025858.4652239834,544.5668202074012,0.0005311220505790359,0.0,0.0,102/99,3.513334323918344,2.4749999999999996,85.0,False
Dynamic: 24-month IV/RV z-score,2019-09-18,1026728.0154691532,-544.5668202073434,1026183.4486489458,324.98342496238183,0.0003167916783641811,0.0,0.0,102/99,3.513334323918344,1.5500000000000003,85.0,False
Dynamic: 24-month IV/RV z-score,2019-09-19,1026728.0154691532,-166.88338038612136,1026561.132088767,377.6834398212377,0.0003680467077484817,0.0,0.0,102/99,3.513334323918344,0.475,85.0,False
Dynamic: 24-month IV/RV z-score,2019-09-20,1032602.7387287158,-5970.805182032091,1026631.9335466838,70.80145791673567,6.89695486255637e-05,96.08192246948111,0.0,99/96,3.431497231052925,17.400000000000006,90.0,False
Dynamic: 24-month IV/RV z-score,2019-09-23,1032602.7387287158,-5198.718305045181,1027404.0204236706,772.0868769868976,0.0007520581152387074,0.0,0.0,99/96,3.431497231052925,15.15,90.0,False
Dynamic: 24-month IV/RV z-score,2019-09-24,1032602.7387287158,-7188.986699055876,1025413.7520296599,-1990.2683940107236,-0.0019371818237483573,0.0,0.0,99/96,3.431497231052925,20.949999999999996,90.0,False
Dynamic: 24-month IV/RV z-score,2019-09-25,1032602.7387287158,-5885.017751255766,1026717.72097746,1303.9689478001092,0.00127165151161579,0.0,0.0,99/96,3.431497231052925,17.15,90.0,False
Dynamic: 24-month IV/RV z-score,2019-09-26,1032602.7387287158,-6228.167474361059,1026374.5712543548,-343.149723105249,-0.00033422012311090654,0.0,0.0,99/96,3.431497231052925,18.150000000000002,90.0,False
Dynamic: 24-month IV/RV z-score,2019-09-27,1032602.7387287158,-7566.451394471701,1025036.2873342441,-1338.283920110669,-0.0013038942678355037,0.0,0.0,99/96,3.431497231052925,22.050000000000004,90.0,False
Dynamic: 24-month IV/RV z-score,2019-09-30,1032602.7387287158,-6176.695015895265,1026426.0437128205,1389.7563785763923,0.0013558118827097232,0.0,0.0,99/96,3.431497231052925,18.0,90.0,False
Dynamic: 24-month IV/RV z-score,2019-10-01,1032602.7387287158,-9573.877274637658,1023028.8614540781,-3397.182258742396,-0.003309719467419203,0.0,0.0,99/96,3.431497231052925,27.899999999999995,90.0,False
Dynamic: 24-month IV/RV z-score,2019-10-02,1032602.7387287158,-15819.202235153985,1016783.5364935618,-6245.3249605163,-0.0061047397544967685,0.0,0.0,99/96,3.431497231052925,46.10000000000001,90.0,False
Dynamic: 24-month IV/RV z-score,2019-10-03,1032602.7387287158,-12404.862490256322,1020197.8762384595,3414.3397448976757,0.003357980949093786,0.0,0.0,99/96,3.431497231052925,36.15,90.0,False
Dynamic: 24-month IV/RV z-score,2019-10-04,1032602.7387287158,-8372.85324376914,1024229.8854849467,4032.0092464871705,0.003952183532623499,0.0,0.0,99/96,3.431497231052925,24.400000000000006,90.0,False
Dynamic: 24-month IV/RV z-score,2019-10-07,1032602.7387287158,-9728.294650035043,1022874.4440786807,-1355.441406265949,-0.001323376153610445,0.0,0.0,99/96,3.431497231052925,28.35,90.0,False
Dynamic: 24-month IV/RV z-score,2019-10-08,1032602.7387287158,-15613.31240129081,1016989.4263274249,-5885.017751255771,-0.005753411658022678,0.0,0.0,99/96,3.431497231052925,45.50000000000001,90.0,False
Dynamic: 24-month IV/RV z-score,2019-10-09,1032602.7387287158,-12627.909810274765,1019974.8289184411,2985.4025910161436,0.0029355296266915243,0.0,0.0,99/96,3.431497231052925,36.800000000000004,90.0,False
Dynamic: 24-month IV/RV z-score,2019-10-10,1032602.7387287158,-9573.877274637662,1023028.8614540781,3054.0325356370304,0.002994223434783727,0.0,0.0,99/96,3.431497231052925,27.900000000000002,90.0,False
Dynamic: 24-month IV/RV z-score,2019-10-11,1032602.7387287158,-5335.978194287299,1027266.7605344285,4237.899080350413,0.0041425019762657556,0.0,0.0,99/96,3.431497231052925,15.55,90.0,False
Dynamic: 24-month IV/RV z-score,2019-10-14,1032602.7387287158,-4280.792795738524,1028321.9459329773,1055.185398548725,0.0010271775930916771,0.0,0.0,99/96,3.431497231052925,12.475,90.0,False
Dynamic: 24-month IV/RV z-score,2019-10-15,1032602.7387287158,-1098.079113936936,1031504.6596147788,3182.7136818015715,0.0030950556821132125,0.0,0.0,99/96,3.431497231052925,3.2,90.0,False
Dynamic: 24-month IV/RV z-score,2019-10-16,1032602.7387287158,-875.031793918496,1031727.7069347973,223.04732001852244,0.0002162349126970664,0.0,0.0,99/96,3.431497231052925,2.5500000000000003,90.0,False
Dynamic: 24-month IV/RV z-score,2019-10-17,1032602.7387287158,-205.88983386317548,1032396.8488948527,669.1419600553345,0.0006485644958040826,0.0,0.0,99/96,3.431497231052925,0.6,90.0,False
Dynamic: 24-month IV/RV z-score,2019-10-18,1038332.5048731497,-5809.298203167759,1032523.2066699819,126.35777512926143,0.00012239263928837119,79.53205873384432,0.0,99/96,3.4579155971236664,16.8,90.0,False
Dynamic: 24-month IV/RV z-score,2019-10-21,1038332.5048731497,-4305.104918418964,1034027.3999547308,1504.1932847488206,0.0014568130527545797,0.0,0.0,99/96,3.4579155971236664,12.45,90.0,False
Dynamic: 24-month IV/RV z-score,2019-10-22,1038332.5048731497,-5048.556771800552,1033283.9481013492,-743.4518533815863,-0.0007189866084923446,0.0,0.0,99/96,3.4579155971236664,14.6,90.0,False
Dynamic: 24-month IV/RV z-score,2019-10-23,1038332.5048731497,-4132.209138562782,1034200.2957345869,916.3476332377177,0.0008868304157065854,0.0,0.0,99/96,3.4579155971236664,11.950000000000003,90.0,False
Dynamic: 24-month IV/RV z-score,2019-10-24,1038332.5048731497,-3959.3133587065977,1034373.191514443,172.8957798561314,0.00016717823478606952,0.0,0.0,99/96,3.4579155971236664,11.45,90.0,False
Dynamic: 24-month IV/RV z-score,2019-10-25,1038332.5048731497,-2749.042899713315,1035583.4619734364,1210.2704589933855,0.0011700520362687428,0.0,0.0,99/96,3.4579155971236664,7.950000000000001,90.0,False
Dynamic: 24-month IV/RV z-score,2019-10-28,1038332.5048731497,-2074.7493582742,1036257.7555148755,674.2935414391104,0.000651124285196758,0.0,0.0,99/96,3.4579155971236664,6.0,90.0,False
Dynamic: 24-month IV/RV z-score,2019-10-29,1038332.5048731497,-2066.104569281391,1036266.4003038683,8.644788992824033,8.342315362064312e-06,0.0,0.0,99/96,3.4579155971236664,5.9750000000000005,90.0,False
Dynamic: 24-month IV/RV z-score,2019-10-30,1038332.5048731497,-1357.2318718710392,1036975.2730012786,708.8726974102901,0.0006840641530039271,0.0,0.0,99/96,3.4579155971236664,3.9250000000000007,90.0,False
Dynamic: 24-month IV/RV z-score,2019-10-31,1038332.5048731497,-1806.7608994971154,1036525.7439736526,-449.5290276260348,-0.00043350023798061077,0.0,0.0,99/96,3.4579155971236664,5.225,90.0,False
Dynamic: 24-month IV/RV z-score,2019-11-01,1038332.5048731497,-812.6101653240615,1037519.8947078256,994.1507341730176,0.0009591182273600563,0.0,0.0,99/96,3.4579155971236664,2.35,90.0,False
Dynamic: 24-month IV/RV z-score,2019-11-04,1038332.5048731497,-501.3977615829315,1037831.1071115667,311.2124037410831,0.0002999580107605482,0.0,0.0,99/96,3.4579155971236664,1.4499999999999997,90.0,False
Dynamic: 24-month IV/RV z-score,2019-11-05,1038332.5048731497,-466.818605611695,1037865.686267538,34.57915597129613,3.331867365918839e-05,0.0,0.0,99/96,3.4579155971236664,1.35,90.0,False
Dynamic: 24-month IV/RV z-score,2019-11-06,1038332.5048731497,-242.05409179865666,1038090.4507813511,224.7645138130756,0.00021656416315418703,0.0,0.0,99/96,3.4579155971236664,0.7000000000000001,90.0,False
Dynamic: 24-month IV/RV z-score,2019-11-07,1038332.5048731497,-172.8957798561833,1038159.6090932935,69.15831194247585,6.662069946838933e-05,0.0,0.0,99/96,3.4579155971236664,0.5,90.0,False
Dynamic: 24-month IV/RV z-score,2019-11-08,1038332.5048731497,-34.57915597123665,1038297.9257171785,138.3166238849517,0.0001332325228928788,0.0,0.0,99/96,3.4579155971236664,0.09999999999999998,90.0,False
Dynamic: 24-month IV/RV z-score,2019-11-11,1038332.5048731497,-43.22394496404583,1038289.2809281857,-8.644788992824033,-8.325923397056734e-06,0.0,0.0,99/96,3.4579155971236664,0.125,90.0,False
Dynamic: 24-month IV/RV z-score,2019-11-12,1038332.5048731497,-25.9343669784275,1038306.5705061712,17.28957798553165,1.665198543721047e-05,0.0,0.0,99/96,3.4579155971236664,0.07500000000000001,90.0,False
Dynamic: 24-month IV/RV z-score,2019-11-13,1038332.5048731497,-34.57915597123666,1038297.9257171785,-8.644788992707618,-8.325854076507433e-06,0.0,0.0,99/96,3.4579155971236664,0.09999999999999999,90.0,False
Dynamic: 24-month IV/RV z-score,2019-11-14,1038332.5048731497,-8.644788992809167,1038323.8600841569,25.934366978355683,2.497777019105918e-05,0.0,0.0,99/96,3.4579155971236664,0.025,90.0,False
Dynamic: 24-month IV/RV z-score,2019-11-15,1048471.3920306633,-10315.244564585635,1038156.1474660777,-167.7126180791529,-0.00016152245414602362,176.3574070719494,0.0,101/98,3.3274982466405265,31.000000000000007,90.0,False
Dynamic: 24-month IV/RV z-score,2019-11-18,1048471.3920306633,-9849.394810055957,1038621.9972206074,465.8497545296559,0.0004487280219518386,0.0,0.0,101/98,3.3274982466405265,29.599999999999998,90.0,False
Dynamic: 24-month IV/RV z-score,2019-11-19,1048471.3920306633,-9999.132231154783,1038472.2597995085,-149.7374210988637,-0.00014416931424476864,0.0,0.0,101/98,3.3274982466405265,30.05,90.0,False
Dynamic: 24-month IV/RV z-score,2019-11-20,1048471.3920306633,-10930.83174021413,1037540.5602904492,-931.6995090593118,-0.0008971828570935036,0.0,0.0,101/98,3.3274982466405265,32.85,90.0,False
Dynamic: 24-month IV/RV z-score,2019-11-21,1048471.3920306633,-11596.331389542236,1036875.0606411211,-665.4996493280632,-0.0006414203692834963,0.0,0.0,101/98,3.3274982466405265,34.85,90.0,False
Dynamic: 24-month IV/RV z-score,2019-11-22,1048471.3920306633,-10498.256968150863,1037973.1350625125,1098.0744213913567,0.001059022888169725,0.0,0.0,101/98,3.3274982466405265,31.550000000000004,90.0,False
Dynamic: 24-month IV/RV z-score,2019-11-25,1048471.3920306633,-8102.458230569684,1040368.9338000936,2395.798737581121,0.0023081510076239375,0.0,0.0,101/98,3.3274982466405265,24.350000000000005,90.0,False
Dynamic: 24-month IV/RV z-score,2019-11-26,1048471.3920306633,-6704.908966980661,1041766.4830636827,1397.5492635890841,0.0013433208337780833,0.0,0.0,101/98,3.3274982466405265,20.15,90.0,False
Dynamic: 24-month IV/RV z-score,2019-11-27,1048471.3920306633,-5956.221861486542,1042515.1701691768,748.6871054940857,0.0007186707555539851,0.0,0.0,101/98,3.3274982466405265,17.9,90.0,False
Dynamic: 24-month IV/RV z-score,2019-11-29,1048471.3920306633,-7070.9337741111185,1041400.4582565522,-1114.711912624538,-0.0010692524622386568,0.0,0.0,101/98,3.3274982466405265,21.25,90.0,False
Dynamic: 24-month IV/RV z-score,2019-12-02,1048471.3920306633,-10381.794529518444,1038089.5975011449,-3310.860755407368,-0.003179238811696128,0.0,0.0,101/98,3.3274982466405265,31.200000000000003,90.0,False
Dynamic: 24-month IV/RV z-score,2019-12-03,1048471.3920306633,-13359.90546026171,1035111.4865704016,-2978.110930743278,-0.002868838044338462,0.0,0.0,101/98,3.3274982466405265,40.14999999999999,90.0,False
Dynamic: 24-month IV/RV z-score,2019-12-04,1048471.3920306633,-10880.91926651452,1037590.4727641488,2478.9861937472597,0.002394897772761473,0.0,0.0,101/98,3.3274982466405265,32.699999999999996,90.0,False
Dynamic: 24-month IV/RV z-score,2019-12-05,1048471.3920306633,-10148.869652253607,1038322.5223784097,732.0496142609045,0.0007055284656871663,0.0,0.0,101/98,3.3274982466405265,30.5,90.0,False
Dynamic: 24-month IV/RV z-score,2019-12-06,1048471.3920306633,-6488.621580949027,1041982.7704497143,3660.2480713045225,0.0035251552310742174,0.0,0.0,101/98,3.3274982466405265,19.5,90.0,False
Dynamic: 24-month IV/RV z-score,2019-12-09,1048471.3920306633,-7753.070914672426,1040718.3211159909,-1264.4493337234017,-0.0012135031111673023,0.0,0.0,101/98,3.3274982466405265,23.299999999999997,90.0,False
Dynamic: 24-month IV/RV z-score,2019-12-10,1048471.3920306633,-7570.058511107198,1040901.3335195561,183.01240356522612,0.00017585200515068955,0.0,0.0,101/98,3.3274982466405265,22.75,90.0,False
Dynamic: 24-month IV/RV z-score,2019-12-11,1048471.3920306633,-6488.621580949027,1041982.7704497143,1081.4369301581755,0.0010389427848089827,0.0,0.0,101/98,3.3274982466405265,19.5,90.0,False
Dynamic: 24-month IV/RV z-score,2019-12-12,1048471.3920306633,-3943.0854222690236,1044528.3066083943,2545.5361586799845,0.0024429733685340516,0.0,0.0,101/98,3.3274982466405265,11.85,90.0,False
Dynamic: 24-month IV/RV z-score,2019-12-13,1048471.3920306633,-2420.7549744309836,1046050.6370562323,1522.3304478380596,0.0014574334062626981,0.0,0.0,101/98,3.3274982466405265,7.275000000000001,90.0,False
Dynamic: 24-month IV/RV z-score,2019-12-16,1048471.3920306633,-690.4558861779093,1047780.9361444854,1730.2990882530576,0.001654125552776664,0.0,0.0,101/98,3.3274982466405265,2.075,90.0,False
Dynamic: 24-month IV/RV z-score,2019-12-17,1048471.3920306633,-482.48724576287634,1047988.9047849005,207.96864041511435,0.00019848484854123605,0.0,0.0,101/98,3.3274982466405265,1.45,90.0,False
Dynamic: 24-month IV/RV z-score,2019-12-18,1048471.3920306633,-241.2436228814382,1048230.1484077818,241.24362288136035,0.0002301967337439148,0.0,0.0,101/98,3.3274982466405265,0.7250000000000001,90.0,False
Dynamic: 24-month IV/RV z-score,2019-12-19,1048471.3920306633,-58.23121931620922,1048413.1608113471,183.01240356522612,0.0001745918144437919,0.0,0.0,101/98,3.3274982466405265,0.17500000000000002,90.0,False
Dynamic: 24-month IV/RV z-score,2019-12-20,1051016.7153430262,-2603.9113169953525,1048412.8040260308,-0.35678531625308096,-3.403098411958183e-07,58.58800463239508,0.0,98/95,3.2548891462441913,7.999999999999998,95.0,False
Dynamic: 24-month IV/RV z-score,2019-12-23,1051016.7153430262,-2473.7157511455853,1048542.9995918806,130.19556584977545,0.00012418349465947998,0.0,0.0,98/95,3.2548891462441913,7.6,95.0,False
Dynamic: 24-month IV/RV z-score,2019-12-24,1051016.7153430262,-2506.264642608027,1048510.4507004182,-32.548891462385654,-3.10420187584759e-05,0.0,0.0,98/95,3.2548891462441913,7.699999999999999,95.0,False
Dynamic: 24-month IV/RV z-score,2019-12-26,1051016.7153430262,-1969.2079334777359,1049047.5074095484,537.0567091301782,0.0005122092095233288,0.0,0.0,98/95,3.2548891462441913,6.050000000000001,95.0,False
Dynamic: 24-month IV/RV z-score,2019-12-27,1051016.7153430262,-2408.6179682207016,1048608.0973748055,-439.4100347429048,-0.0004188657154602371,0.0,0.0,98/95,3.2548891462441913,7.4,95.0,False
Dynamic: 24-month IV/RV z-score,2019-12-30,1051016.7153430262,-3092.144688931982,1047924.5706540942,-683.5267207112629,-0.0006518419249502694,0.0,0.0,98/95,3.2548891462441913,9.5,95.0,False
Dynamic: 24-month IV/RV z-score,2019-12-31,1051016.7153430262,-2131.9523907899456,1048884.7629522362,960.1922981420066,0.0009162799737987282,0.0,0.0,98/95,3.2548891462441913,6.550000000000001,95.0,False
Dynamic: 24-month IV/RV z-score,2020-01-02,1051016.7153430262,-1196.1717612447405,1049820.5435817814,935.7806295452174,0.0008921672452475438,0.0,0.0,98/95,3.2548891462441913,3.6750000000000007,95.0,False
Dynamic: 24-month IV/RV z-score,2020-01-03,1051016.7153430262,-2197.0501737148293,1048819.6651693115,-1000.8784124699887,-0.0009533804787770217,0.0,0.0,98/95,3.2548891462441913,6.75,95.0,False
Dynamic: 24-month IV/RV z-score,2020-01-06,1051016.7153430262,-1464.700115809886,1049552.0152272163,732.3500579048414,0.0006982611808548089,0.0,0.0,98/95,3.2548891462441913,4.5,95.0,False
Dynamic: 24-month IV/RV z-score,2020-01-07,1051016.7153430262,-1505.3862301379384,1049511.3291128883,-40.68611432798207,-3.876521957724144e-05,0.0,0.0,98/95,3.2548891462441913,4.625,95.0,False
Dynamic: 24-month IV/RV z-score,2020-01-08,1051016.7153430262,-773.0361722329955,1050243.6791707932,732.3500579048414,0.0006978010027998138,0.0,0.0,98/95,3.2548891462441913,2.375,95.0,False
Dynamic: 24-month IV/RV z-score,2020-01-09,1051016.7153430262,-390.5866975493029,1050626.128645477,382.44947468372993,0.0003641530839639806,0.0,0.0,98/95,3.2548891462441913,1.2,95.0,False
Dynamic: 24-month IV/RV z-score,2020-01-10,1051016.7153430262,-333.6261374900296,1050683.0892055363,56.960560059407726,5.4215822837822e-05,0.0,0.0,98/95,3.2548891462441913,1.025,95.0,False
Dynamic: 24-month IV/RV z-score,2020-01-13,1051016.7153430262,-73.23500579049431,1050943.4803372356,260.39113169931807,0.0002478303252184677,0.0,0.0,98/95,3.2548891462441913,0.22500000000000003,95.0,False
Dynamic: 24-month IV/RV z-score,2020-01-14,1051016.7153430262,-65.09778292488382,1050951.6175601014,8.137222865829244,7.742778767916292e-06,0.0,0.0,98/95,3.2548891462441913,0.19999999999999996,95.0,False
Dynamic: 24-month IV/RV z-score,2020-01-15,1051016.7153430262,-40.68611432805239,1050976.0292286982,24.41166859678924,2.3228156452503868e-05,0.0,0.0,98/95,3.2548891462441913,0.125,95.0,False
Dynamic: 24-month IV/RV z-score,2020-01-16,1051016.7153430262,-16.274445731220958,1051000.440897295,24.41166859678924,2.322761691786468e-05,0.0,0.0,98/95,3.2548891462441913,0.05,95.0,False
Dynamic: 24-month IV/RV z-score,2020-01-17,1066379.7242555725,-15782.83225040715,1050596.8920051653,-403.5488921296783,-0.0003839664346716454,419.8233378608331,0.0,102/99,3.15656645008143,49.99999999999999,100.0,False
Dynamic: 24-month IV/RV z-score,2020-01-21,1066379.7242555725,-16114.271727665704,1050265.4525279067,-331.4394772585947,-0.00031547730607317526,0.0,0.0,102/99,3.15656645008143,51.05000000000001,100.0,False
Dynamic: 24-month IV/RV z-score,2020-01-22,1066379.7242555725,-15861.746411659187,1050517.9778439132,252.525316006504,0.00024043951498042837,0.0,0.0,102/99,3.15656645008143,50.25,100.0,False
Dynamic: 24-month IV/RV z-score,2020-01-23,1066379.7242555725,-14977.907805636387,1051401.8164499362,883.8386060229968,0.0008413360120089752,0.0,0.0,102/99,3.15656645008143,47.45,100.0,False
Dynamic: 24-month IV/RV z-score,2020-01-24,1066379.7242555725,-18639.524887730844,1047740.1993678417,-3661.617082094541,-0.0034826048660044906,0.0,0.0,102/99,3.15656645008143,59.05,100.0,False
Dynamic: 24-month IV/RV z-score,2020-01-27,1066379.7242555725,-24179.299007623762,1042200.4252479487,-5539.7741198929725,-0.005287354749999529,0.0,0.0,102/99,3.15656645008143,76.60000000000002,100.0,False
Dynamic: 24-month IV/RV z-score,2020-01-28,1066379.7242555725,-20707.075912534183,1045672.6483430384,3472.223095089663,0.003331627018156036,0.0,0.0,102/99,3.15656645008143,65.60000000000001,100.0,False
Dynamic: 24-month IV/RV z-score,2020-01-29,1066379.7242555725,-21732.96000881065,1044646.7642467619,-1025.8840962764807,-0.0009810757677386484,0.0,0.0,102/99,3.15656645008143,68.85000000000001,100.0,False
Dynamic: 24-month IV/RV z-score,2020-01-30,1066379.7242555725,-20059.979790267484,1046319.744465305,1672.980218543089,0.0016014793476619715,0.0,0.0,102/99,3.15656645008143,63.54999999999998,100.0,False
Dynamic: 24-month IV/RV z-score,2020-01-31,1066379.7242555725,-26657.203670937684,1039722.5205846349,-6597.22388067015,-0.006305170016686956,0.0,0.0,102/99,3.15656645008143,84.45000000000002,100.0,False
Dynamic: 24-month IV/RV z-score,2020-02-03,1066379.7242555725,-25662.88523916203,1040716.8390164105,994.3184317756677,0.0009563305709840986,0.0,0.0,102/99,3.15656645008143,81.30000000000001,100.0,False
Dynamic: 24-month IV/RV z-score,2020-02-04,1066379.7242555725,-19823.237306511386,1046556.4869490612,5839.647932650638,0.005611178481718104,0.0,0.0,102/99,3.15656645008143,62.80000000000001,100.0,False
Dynamic: 24-month IV/RV z-score,2020-02-05,1066379.7242555725,-14835.862315382717,1051543.8619401897,4987.37499112857,0.004765509605380025,0.0,0.0,102/99,3.15656645008143,46.999999999999986,100.0,False
Dynamic: 24-month IV/RV z-score,2020-02-06,1066379.7242555725,-13020.836606585899,1053358.8876489867,1815.0257087969221,0.0017260580128801717,0.0,0.0,102/99,3.15656645008143,41.25,100.0,False
Dynamic: 24-month IV/RV z-score,2020-02-07,1066379.7242555725,-16382.57987592262,1049997.14437965,-3361.7432693366427,-0.0031914509942948532,0.0,0.0,102/99,3.15656645008143,51.89999999999999,100.0,False
Dynamic: 24-month IV/RV z-score,2020-02-10,1066379.7242555725,-11852.907020055769,1054526.8172355168,4529.67285586684,0.004313985880926463,0.0,0.0,102/99,3.15656645008143,37.55,100.0,False
Dynamic: 24-month IV/RV z-score,2020-02-11,1066379.7242555725,-11268.942226790707,1055110.7820287817,583.9647932648659,0.0005537695046919922,0.0,0.0,102/99,3.15656645008143,35.7,100.0,False
Dynamic: 24-month IV/RV z-score,2020-02-12,1066379.7242555725,-7323.234164188918,1059056.4900913837,3945.7080626019742,0.003739614957791515,0.0,0.0,102/99,3.15656645008143,23.2,100.0,False
Dynamic: 24-month IV/RV z-score,2020-02-13,1066379.7242555725,-7686.239305948282,1058693.4849496242,-363.0051417595241,-0.00034276277531541943,0.0,0.0,102/99,3.15656645008143,24.349999999999998,100.0,False
Dynamic: 24-month IV/RV z-score,2020-02-14,1066379.7242555725,-6723.486538673446,1059656.237716899,962.7527672748547,0.000909378192046395,0.0,0.0,102/99,3.15656645008143,21.3,100.0,False
Dynamic: 24-month IV/RV z-score,2020-02-18,1066379.7242555725,-8522.729415219861,1057856.9948403526,-1799.2428765464574,-0.0016979495920517174,0.0,0.0,102/99,3.15656645008143,27.0,100.0,False
Dynamic: 24-month IV/RV z-score,2020-02-19,1066379.7242555725,-4332.3874527367625,1062047.3368028358,4190.341962483246,0.003961161085970444,0.0,0.0,102/99,3.15656645008143,13.725,100.0,False
Dynamic: 24-month IV/RV z-score,2020-02-20,1066379.7242555725,-8136.050025084885,1058243.6742304876,-3803.6625723482575,-0.003581443538852702,0.0,0.0,102/99,3.15656645008143,25.775,100.0,False
Dynamic: 24-month IV/RV z-score,2020-02-21,1054596.1901204686,-6375.750173313096,1048220.4399471555,-10023.234283332014,-0.009471574957082063,87.94138170086886,-18071.34292671619,99/96,3.1407636321739387,20.3,100.0,False
Dynamic: 24-month IV/RV z-score,2020-02-24,1054596.1901204686,-13473.875982026198,1041122.3141384424,-7098.125808713143,-0.0067715964488070934,0.0,0.0,99/96,3.1407636321739387,42.900000000000006,100.0,False
Dynamic: 24-month IV/RV z-score,2020-02-25,1054596.1901204686,-20996.004881082787,1033600.1852393858,-7522.128899056581,-0.007225019382358866,0.0,0.0,99/96,3.1407636321739387,66.85000000000002,100.0,False
Dynamic: 24-month IV/RV z-score,2020-02-26,1054596.1901204686,-23304.466150730615,1031291.723969738,-2308.4612696478143,-0.0022334180107690393,0.0,0.0,99/96,3.1407636321739387,74.19999999999997,100.0,False
Dynamic: 24-month IV/RV z-score,2020-02-27,1054596.1901204686,-14259.066890069684,1040337.123230399,9045.399260660983,0.008770941383920539,0.0,0.0,99/96,3.1407636321739387,45.400000000000006,100.0,False
Dynamic: 24-month IV/RV z-score,2020-02-28,1054596.1901204686,-28942.13687048284,1025654.0532499858,-14683.069980413187,-0.014113761445732287,0.0,0.0,99/96,3.1407636321739387,92.14999999999998,100.0,False
Dynamic: 24-month IV/RV z-score,2020-03-02,1054596.1901204686,-26932.04814589153,1027664.1419745771,2010.0887245913036,0.001959811613108764,0.0,0.0,99/96,3.1407636321739387,85.75000000000003,100.0,False
Dynamic: 24-month IV/RV z-score,2020-03-03,1054596.1901204686,-29507.474324274157,1025088.7157961945,-2575.426178382593,-0.002506097150995368,0.0,0.0,99/96,3.1407636321739387,93.95000000000002,100.0,False
Dynamic: 24-month IV/RV z-score,2020-03-04,1054596.1901204686,-24105.36087693497,1030490.8292435337,5402.113447339158,0.00526989846253767,0.0,0.0,99/96,3.1407636321739387,76.74999999999997,100.0,False
Dynamic: 24-month IV/RV z-score,2020-03-05,1054596.1901204686,-28329.68796220892,1026266.5021582597,-4224.327085273922,-0.004099334962907819,0.0,0.0,99/96,3.1407636321739387,90.19999999999999,100.0,False
Dynamic: 24-month IV/RV z-score,2020-03-06,1054596.1901204686,-30292.665232317635,1024303.524888151,-1962.977270108764,-0.0019127363759613436,0.0,0.0,99/96,3.1407636321739387,96.44999999999999,100.0,False
Dynamic: 24-month IV/RV z-score,2020-03-09,1054596.1901204686,-31109.263776682885,1023486.9263437857,-816.5985443652608,-0.0007972232102338994,0.0,0.0,99/96,3.1407636321739387,99.05000000000007,100.0,False
Dynamic: 24-month IV/RV z-score,2020-03-10,1054596.1901204686,-31109.263776682885,1023486.9263437857,0.0,0.0,0.0,0.0,99/96,3.1407636321739387,99.05000000000007,100.0,False
Dynamic: 24-month IV/RV z-score,2020-03-11,1054596.1901204686,-31282.005776452435,1023314.1843440161,-172.74199976958334,-0.0001687779250748589,0.0,0.0,99/96,3.1407636321739387,99.60000000000002,100.0,False
Dynamic: 24-month IV/RV z-score,2020-03-12,1054596.1901204686,-31360.524867256747,1023235.6652532119,-78.5190908042714,-7.673018903242568e-05,0.0,0.0,99/96,3.1407636321739387,99.84999999999991,100.0,False
Dynamic: 24-month IV/RV z-score,2020-03-13,1054596.1901204686,-31533.26686702632,1023062.9232534423,-172.74199976958334,-0.00016881936941359754,0.0,0.0,99/96,3.1407636321739387,100.39999999999992,100.0,True
Dynamic: 24-month IV/RV z-score,2020-03-16,1054596.1901204686,-31376.22868541764,1023219.9614350509,157.03818160865922,0.00015349806745934558,0.0,0.0,99/96,3.1407636321739387,99.89999999999998,100.0,False
Dynamic: 24-month IV/RV z-score,2020-03-17,1054596.1901204686,-31706.008866795888,1022890.1812536727,-329.78018137824256,-0.00032229646977932624,0.0,0.0,99/96,3.1407636321739387,100.94999999999993,100.0,True
Dynamic: 24-month IV/RV z-score,2020-03-18,1054596.1901204686,-31407.636321739385,1023188.5537987292,298.3725450565107,0.0002916955803513588,0.0,0.0,99/96,3.1407636321739387,100.0,100.0,False
Dynamic: 24-month IV/RV z-score,2020-03-19,1054596.1901204686,-31297.70959461329,1023298.4805258553,109.92672712611966,0.00010743545431379786,0.0,0.0,99/96,3.1407636321739387,99.64999999999998,100.0,False
Dynamic: 24-month IV/RV z-score,2020-03-20,1036292.924940425,-14338.454873874474,1021954.4700665505,-1344.0104593047872,-0.0013134100019518424,1234.0837321786696,-31407.63632173939,103/100,4.43915011575061,32.30000000000001,70.0,False
Dynamic: 24-month IV/RV z-score,2020-03-23,1036292.924940425,-17756.60046300245,1018536.3244774225,-3418.14558912802,-0.0033447141621734122,0.0,0.0,103/100,4.43915011575061,40.00000000000003,70.0,False
Dynamic: 24-month IV/RV z-score,2020-03-24,1036292.924940425,-10587.373026065203,1025705.5519143598,7169.227436937275,0.007038754794155722,0.0,0.0,103/100,4.43915011575061,23.849999999999994,70.0,False
Dynamic: 24-month IV/RV z-score,2020-03-25,1036292.924940425,-9721.738753493839,1026571.1861869311,865.6342725713039,0.000843940320841341,0.0,0.0,103/100,4.43915011575061,21.900000000000006,70.0,False
Dynamic: 24-month IV/RV z-score,2020-03-26,1036292.924940425,-5948.46115510582,1030344.4637853191,3773.2775983880274,0.0036756122216943243,0.0,0.0,103/100,4.43915011575061,13.400000000000006,70.0,False
Dynamic: 24-month IV/RV z-score,2020-03-27,1036292.924940425,-7835.0999542998225,1028457.8249861251,-1886.6387991940137,-0.001831075786308256,0.0,0.0,103/100,4.43915011575061,17.64999999999999,70.0,False
Dynamic: 24-month IV/RV z-score,2020-03-30,1036292.924940425,-5149.414134270708,1031143.5108061542,2685.685820029117,0.002611371856755973,0.0,0.0,103/100,4.43915011575061,11.600000000000001,70.0,False
Dynamic: 24-month IV/RV z-score,2020-03-31,1036292.924940425,-5238.197136585718,1031054.7278038393,-88.78300231497269,-8.610149933985234e-05,0.0,0.0,103/100,4.43915011575061,11.799999999999997,70.0,False
Dynamic: 24-month IV/RV z-score,2020-04-01,1036292.924940425,-8989.278984394985,1027303.64595603,-3751.081847809255,-0.0036381015931123972,0.0,0.0,103/100,4.43915011575061,20.25,70.0,False
Dynamic: 24-month IV/RV z-score,2020-04-02,1036292.924940425,-6392.376166680878,1029900.5487737441,2596.9028177141445,0.0025278824113366127,0.0,0.0,103/100,4.43915011575061,14.399999999999999,70.0,False
Dynamic: 24-month IV/RV z-score,2020-04-03,1036292.924940425,-6569.942171310901,1029722.9827691141,-177.5660046300618,-0.0001724108263089219,0.0,0.0,103/100,4.43915011575061,14.799999999999997,70.0,False
Dynamic: 24-month IV/RV z-score,2020-04-06,1036292.924940425,-2508.119815399094,1033784.8051250259,4061.822355911834,0.003944577739722677,0.0,0.0,103/100,4.43915011575061,5.649999999999999,70.0,False
Dynamic: 24-month IV/RV z-score,2020-04-07,1036292.924940425,-2485.9240648203413,1033807.0008756046,22.19575057865586,2.147037804056673e-05,0.0,0.0,103/100,4.43915011575061,5.6,70.0,False
Dynamic: 24-month IV/RV z-score,2020-04-08,1036292.924940425,-998.8087760438872,1035294.116164381,1487.115288776462,0.0014384844439212507,0.0,0.0,103/100,4.43915011575061,2.25,70.0,False
Dynamic: 24-month IV/RV z-score,2020-04-09,1036292.924940425,-421.71926099630804,1035871.2056794286,577.0895150476135,0.0005574160096510905,0.0,0.0,103/100,4.43915011575061,0.9500000000000002,70.0,False
Dynamic: 24-month IV/RV z-score,2020-04-13,1036292.924940425,-77.68512702563567,1036215.2398133994,344.03413397073746,0.0003321205687392137,0.0,0.0,103/100,4.43915011575061,0.175,70.0,False
Dynamic: 24-month IV/RV z-score,2020-04-14,1036292.924940425,-33.29362586812955,1036259.6313145568,44.39150115742814,4.284003887589094e-05,0.0,0.0,103/100,4.43915011575061,0.07499999999999996,70.0,False
Dynamic: 24-month IV/RV z-score,2020-04-15,1036292.924940425,-11.097875289376523,1036281.8270651356,22.195750578772277,2.1419101842834465e-05,0.0,0.0,103/100,4.43915011575061,0.024999999999999994,70.0,False
Dynamic: 24-month IV/RV z-score,2020-04-16,1036292.924940425,-0.0,1036292.924940425,11.097875289386138,1.0709321537349936e-05,0.0,0.0,103/100,4.43915011575061,0.0,70.0,False
Dynamic: 24-month IV/RV z-score,2020-04-17,1050170.5602419802,-14185.866972754986,1035984.6932692253,-308.2316711996682,-0.00029743681905136654,308.2316711996319,0.0,103/100,3.605048785960607,39.349999999999994,85.0,False
Dynamic: 24-month IV/RV z-score,2020-04-20,1050170.5602419802,-16943.72929401485,1033226.8309479654,-2757.8623212599196,-0.002662068599254108,0.0,0.0,103/100,3.605048785960607,47.0,85.0,False
Dynamic: 24-month IV/RV z-score,2020-04-21,1050170.5602419802,-21179.661617518566,1028990.8986244617,-4235.932323503657,-0.004099711889612112,0.0,0.0,103/100,3.605048785960607,58.75,85.0,False
Dynamic: 24-month IV/RV z-score,2020-04-22,1050170.5602419802,-18728.22844306535,1031442.3317989149,2451.43317445321,0.0023823662364070852,0.0,0.0,103/100,3.605048785960607,51.94999999999999,85.0,False
Dynamic: 24-month IV/RV z-score,2020-04-23,1050170.5602419802,-19665.541127415116,1030505.0191145651,-937.3126843498321,-0.000908739786464885,0.0,0.0,103/100,3.605048785960607,54.55000000000001,85.0,False
Dynamic: 24-month IV/RV z-score,2020-04-24,1050170.5602419802,-18025.24392980304,1032145.3163121772,1640.297197612119,0.001591741104785216,0.0,0.0,103/100,3.605048785960607,50.000000000000014,85.0,False
Dynamic: 24-month IV/RV z-score,2020-04-27,1050170.5602419802,-15681.96221892864,1034488.5980230516,2343.2817108744057,0.0022703021307570737,0.0,0.0,103/100,3.605048785960607,43.5,85.0,False
Dynamic: 24-month IV/RV z-score,2020-04-28,1050170.5602419802,-15609.861243209427,1034560.6989987708,72.10097571916413,6.969721643801385e-05,0.0,0.0,103/100,3.605048785960607,43.3,85.0,False
Dynamic: 24-month IV/RV z-score,2020-04-29,1050170.5602419802,-10130.187088549303,1040040.373153431,5479.674154660199,0.005296619289678617,0.0,0.0,103/100,3.605048785960607,28.099999999999994,85.0,False
Dynamic: 24-month IV/RV z-score,2020-04-30,1050170.5602419802,-12942.125141598577,1037228.4351003816,-2811.93805304938,-0.0027036816316308165,0.0,0.0,103/100,3.605048785960607,35.9,85.0,False
Dynamic: 24-month IV/RV z-score,2020-05-01,1050170.5602419802,-18854.405150573977,1031316.1550914063,-5912.2800089753,-0.005700075131861548,0.0,0.0,103/100,3.605048785960607,52.30000000000001,85.0,False
Dynamic: 24-month IV/RV z-score,2020-05-04,1050170.5602419802,-20260.374177098605,1029910.1860648816,-1405.96902652469,-0.001363276449790618,0.0,0.0,103/100,3.605048785960607,56.19999999999999,85.0,False
Dynamic: 24-month IV/RV z-score,2020-05-05,1050170.5602419802,-17610.663319417567,1032559.8969225627,2649.710857681115,0.0025727591527231475,0.0,0.0,103/100,3.605048785960607,48.85000000000001,85.0,False
Dynamic: 24-month IV/RV z-score,2020-05-06,1050170.5602419802,-20530.752836045653,1029639.8074059346,-2920.0895166281844,-0.002828009808758969,0.0,0.0,103/100,3.605048785960607,56.94999999999999,85.0,False
Dynamic: 24-month IV/RV z-score,2020-05-07,1050170.5602419802,-16529.14868362938,1033641.4115583509,4001.6041524163447,0.0038864116593335662,0.0,0.0,103/100,3.605048785960607,45.849999999999994,85.0,False
Dynamic: 24-month IV/RV z-score,2020-05-08,1050170.5602419802,-11229.72696826729,1038940.833273713,5299.421715362114,0.0051269440795453924,0.0,0.0,103/100,3.605048785960607,31.15,85.0,False
Dynamic: 24-month IV/RV z-score,2020-05-11,1050170.5602419802,-12040.862945108429,1038129.6972968718,-811.1359768412076,-0.0007807335613957411,0.0,0.0,103/100,3.605048785960607,33.400000000000006,85.0,False
Dynamic: 24-month IV/RV z-score,2020-05-12,1050170.5602419802,-23018.236498358474,1027152.3237436218,-10977.373553249985,-0.010574183150557581,0.0,0.0,103/100,3.605048785960607,63.849999999999994,85.0,False
Dynamic: 24-month IV/RV z-score,2020-05-13,1050170.5602419802,-28678.163092316627,1021492.3971496637,-5659.926593958167,-0.0055103089027045415,0.0,0.0,103/100,3.605048785960607,79.55,85.0,False
Dynamic: 24-month IV/RV z-score,2020-05-14,1050170.5602419802,-27668.749432247656,1022501.8108097326,1009.4136600689963,0.000988175401878344,0.0,0.0,103/100,3.605048785960607,76.75,85.0,False
Dynamic: 24-month IV/RV z-score,2020-05-15,1032200.0928017827,-12905.638782608448,1019294.4540191742,-3207.356790558435,-0.003136773702159479,233.19154214092507,-30642.91468066516,102/99,3.560176215891986,36.25,85.0,False
Dynamic: 24-month IV/RV z-score,2020-05-18,1032200.0928017827,-8224.007058710486,1023976.0857430722,4681.631723897997,0.004593012063823121,0.0,0.0,102/99,3.560176215891986,23.099999999999994,85.0,False
Dynamic: 24-month IV/RV z-score,2020-05-19,1032200.0928017827,-9612.475782908365,1022587.6170188743,-1388.468724197941,-0.0013559581552047284,0.0,0.0,102/99,3.560176215891986,27.000000000000007,85.0,False
Dynamic: 24-month IV/RV z-score,2020-05-20,1032200.0928017827,-7476.370053373171,1024723.7227484095,2136.105729535222,0.0020889219603132947,0.0,0.0,102/99,3.560176215891986,21.0,85.0,False
Dynamic: 24-month IV/RV z-score,2020-05-21,1032200.0928017827,-9025.046707286183,1023175.0460944965,-1548.6766539129894,-0.0015113114096346747,0.0,0.0,102/99,3.560176215891986,25.349999999999994,85.0,False
Dynamic: 24-month IV/RV z-score,2020-05-22,1032200.0928017827,-8206.20617763103,1023993.8866241516,818.8405296551064,0.0008002936865794119,0.0,0.0,102/99,3.560176215891986,23.050000000000004,85.0,False
Dynamic: 24-month IV/RV z-score,2020-05-26,1032200.0928017827,-6123.503091334214,1026076.5897104484,2082.703086296795,0.0020339018752963955,0.0,0.0,102/99,3.560176215891986,17.199999999999996,85.0,False
Dynamic: 24-month IV/RV z-score,2020-05-27,1032200.0928017827,-4628.22908065958,1027571.8637211231,1495.2740106746787,0.0014572732929192256,0.0,0.0,102/99,3.560176215891986,12.999999999999996,85.0,False
Dynamic: 24-month IV/RV z-score,2020-05-28,1032200.0928017827,-4610.428199580121,1027589.6646022025,17.800881079398096,1.7323246877198883e-05,0.0,0.0,102/99,3.560176215891986,12.95,85.0,False
Dynamic: 24-month IV/RV z-score,2020-05-29,1032200.0928017827,-4040.8000050374035,1028159.2927967452,569.6281945427181,0.0005543342972054166,0.0,0.0,102/99,3.560176215891986,11.349999999999998,85.0,False
Dynamic: 24-month IV/RV z-score,2020-06-01,1032200.0928017827,-4005.198242878484,1028194.8945589041,35.60176215891261,3.462669880849312e-05,0.0,0.0,102/99,3.560176215891986,11.25,85.0,False
Dynamic: 24-month IV/RV z-score,2020-06-02,1032200.0928017827,-3079.552426746568,1029120.5403750361,925.6458161319606,0.0009002629958876351,0.0,0.0,102/99,3.560176215891986,8.65,85.0,False
Dynamic: 24-month IV/RV z-score,2020-06-03,1032200.0928017827,-2029.3004430584317,1030170.7923587242,1050.2519836880965,0.0010205334967907653,0.0,0.0,102/99,3.560176215891986,5.699999999999999,85.0,False
Dynamic: 24-month IV/RV z-score,2020-06-04,1032200.0928017827,-1993.698680899512,1030206.3941208832,35.60176215902902,3.455908711758049e-05,0.0,0.0,102/99,3.560176215891986,5.6,85.0,False
Dynamic: 24-month IV/RV z-score,2020-06-05,1032200.0928017827,-783.2387674962368,1031416.8540342865,1210.4599134032615,0.0011749683561574908,0.0,0.0,102/99,3.560176215891986,2.1999999999999997,85.0,False
Dynamic: 24-month IV/RV z-score,2020-06-08,1032200.0928017827,-480.62378914541813,1031719.4690126373,302.61497835081536,0.00029339735642985865,0.0,0.0,102/99,3.560176215891986,1.35,85.0,False
Dynamic: 24-month IV/RV z-score,2020-06-09,1032200.0928017827,-667.5330404797473,1031532.5597613029,-186.9092513343785,-0.00018116286156089068,0.0,0.0,102/99,3.560176215891986,1.875,85.0,False
Dynamic: 24-month IV/RV z-score,2020-06-10,1032200.0928017827,-712.0352431783969,1031488.0575586043,-44.502202698611654,-4.314183035469821e-05,0.0,0.0,102/99,3.560176215891986,1.9999999999999991,85.0,False
Dynamic: 24-month IV/RV z-score,2020-06-11,1032200.0928017827,-5785.28635082448,1026414.8064509581,-5073.251107646152,-0.004918380848396686,0.0,0.0,102/99,3.560176215891986,16.250000000000007,85.0,False
Dynamic: 24-month IV/RV z-score,2020-06-12,1032200.0928017827,-4183.207053673083,1028016.8857481095,1602.0792971514165,0.0015608497530261722,0.0,0.0,102/99,3.560176215891986,11.749999999999998,85.0,False
Dynamic: 24-month IV/RV z-score,2020-06-15,1032200.0928017827,-1797.8889890254532,1030402.2038127572,2385.3180646476103,0.0023203101989046626,0.0,0.0,102/99,3.560176215891986,5.050000000000001,85.0,False
Dynamic: 24-month IV/RV z-score,2020-06-16,1032200.0928017827,-542.9268729235279,1031657.1659288591,1254.9621161019895,0.0012179342313693997,0.0,0.0,102/99,3.560176215891986,1.525,85.0,False
Dynamic: 24-month IV/RV z-score,2020-06-17,1032200.0928017827,-169.10837025486936,1032030.9844315278,373.8185026686406,0.0003623476044312124,0.0,0.0,102/99,3.560176215891986,0.47500000000000003,85.0,False
Dynamic: 24-month IV/RV z-score,2020-06-18,1032200.0928017827,-97.90484593702962,1032102.1879558456,71.20352431782521,6.899359165757346e-05,0.0,0.0,102/99,3.560176215891986,0.275,85.0,False
Dynamic: 24-month IV/RV z-score,2020-06-19,1046251.587778983,-14328.059853441255,1031923.5279255419,-178.66003030375578,-0.00017310304385420583,276.5648762408368,0.0,102/99,3.332106942660757,43.0,95.0,False
Dynamic: 24-month IV/RV z-score,2020-06-22,1046251.587778983,-11895.621785298898,1034355.9659936841,2432.438068142277,0.002357188301571389,0.0,0.0,102/99,3.332106942660757,35.69999999999999,95.0,False
Dynamic: 24-month IV/RV z-score,2020-06-23,1046251.587778983,-11412.466278613092,1034839.12150037,483.15550668584183,0.00046710757473289455,0.0,0.0,102/99,3.332106942660757,34.25,95.0,False
Dynamic: 24-month IV/RV z-score,2020-06-24,1046251.587778983,-15077.78391553992,1031173.8038634431,-3665.3176369268913,-0.003541920247093766,0.0,0.0,102/99,3.332106942660757,45.249999999999986,95.0,False
Dynamic: 24-month IV/RV z-score,2020-06-25,1046251.587778983,-14428.023061721071,1031823.5647172619,649.7608538188506,0.0006301176885841198,0.0,0.0,102/99,3.332106942660757,43.29999999999998,95.0,False
Dynamic: 24-month IV/RV z-score,2020-06-26,1046251.587778983,-18809.743691319978,1027441.8440876631,-4381.720629598829,-0.0042465793372333804,0.0,0.0,102/99,3.332106942660757,56.45000000000002,95.0,False
Dynamic: 24-month IV/RV z-score,2020-06-29,1046251.587778983,-17843.432677948356,1028408.1551010347,966.3110133715672,0.0009405019066841547,0.0,0.0,102/99,3.332106942660757,53.55000000000001,95.0,False
Dynamic: 24-month IV/RV z-score,2020-06-30,1046251.587778983,-13861.56488146875,1032390.0228975143,3981.867796479608,0.0038718749717503442,0.0,0.0,102/99,3.332106942660757,41.60000000000001,95.0,False
Dynamic: 24-month IV/RV z-score,2020-07-01,1046251.587778983,-12878.593333383822,1033372.9944455993,982.9715480849845,0.0009521319717196164,0.0,0.0,102/99,3.332106942660757,38.64999999999999,95.0,False
Dynamic: 24-month IV/RV z-score,2020-07-02,1046251.587778983,-10429.494730528168,1035822.0930484548,2449.098602855578,0.002370004457267205,0.0,0.0,102/99,3.332106942660757,31.299999999999997,95.0,False
Dynamic: 24-month IV/RV z-score,2020-07-06,1046251.587778983,-7097.387787867411,1039154.1999911156,3332.1069426607573,0.003216871859581749,0.0,0.0,102/99,3.332106942660757,21.299999999999997,95.0,False
Dynamic: 24-month IV/RV z-score,2020-07-07,1046251.587778983,-9946.339223842357,1036305.2485551407,-2848.9514359749155,-0.002741606044607492,0.0,0.0,102/99,3.332106942660757,29.849999999999994,95.0,False
Dynamic: 24-month IV/RV z-score,2020-07-08,1046251.587778983,-7313.974739140361,1038937.6130398427,2632.364484702004,0.002540143928029037,0.0,0.0,102/99,3.332106942660757,21.95,95.0,False
Dynamic: 24-month IV/RV z-score,2020-07-09,1046251.587778983,-9229.936231170295,1037021.6515478127,-1915.96149202995,-0.0018441545170589935,0.0,0.0,102/99,3.332106942660757,27.699999999999996,95.0,False
Dynamic: 24-month IV/RV z-score,2020-07-10,1046251.587778983,-5731.223941376501,1040520.3638376065,3498.712289793766,0.0033738083332897073,0.0,0.0,102/99,3.332106942660757,17.2,95.0,False
Dynamic: 24-month IV/RV z-score,2020-07-13,1046251.587778983,-8463.551634358322,1037788.0361446247,-2732.3276929818094,-0.0026259242855224407,0.0,0.0,102/99,3.332106942660757,25.400000000000002,95.0,False
Dynamic: 24-month IV/RV z-score,2020-07-14,1046251.587778983,-5114.784156984261,1041136.8036219988,3348.767477374058,0.0032268318392016937,0.0,0.0,102/99,3.332106942660757,15.35,95.0,False
Dynamic: 24-month IV/RV z-score,2020-07-15,1046251.587778983,-1624.402134547119,1044627.1856444359,3490.382022437174,0.003352472038539611,0.0,0.0,102/99,3.332106942660757,4.875,95.0,False
Dynamic: 24-month IV/RV z-score,2020-07-16,1046251.587778983,-1491.1178568406888,1044760.4699221423,133.284277706407,0.0001275902824835473,0.0,0.0,102/99,3.332106942660757,4.4750000000000005,95.0,False
Dynamic: 24-month IV/RV z-score,2020-07-17,1062155.9435370024,-16060.08996372821,1046095.8535732742,1335.3836511318805,0.0012781720686956266,155.73420570888558,0.0,103/100,3.2444626189349934,49.49999999999997,95.0,False
Dynamic: 24-month IV/RV z-score,2020-07-20,1062155.9435370024,-13934.966948325799,1048220.9765886767,2125.123015402467,0.0020314802014973488,0.0,0.0,103/100,3.2444626189349934,42.95,95.0,False
Dynamic: 24-month IV/RV z-score,2020-07-21,1062155.9435370024,-13350.9636769175,1048804.9798600848,584.0032714081462,0.000557137554438869,0.0,0.0,103/100,3.2444626189349934,41.150000000000006,95.0,False
Dynamic: 24-month IV/RV z-score,2020-07-22,1062155.9435370024,-12296.513325763623,1049859.4302112388,1054.450351153966,0.0010053826701839075,0.0,0.0,103/100,3.2444626189349934,37.89999999999999,95.0,False
Dynamic: 24-month IV/RV z-score,2020-07-23,1062155.9435370024,-14956.972673290318,1047198.9708637121,-2660.4593475266593,-0.00253411006366,0.0,0.0,103/100,3.2444626189349934,46.099999999999994,95.0,False
Dynamic: 24-month IV/RV z-score,2020-07-24,1062155.9435370024,-17098.318001787422,1045057.625535215,-2141.3453284971183,-0.0020448313912407867,0.0,0.0,103/100,3.2444626189349934,52.70000000000002,95.0,False
Dynamic: 24-month IV/RV z-score,2020-07-27,1062155.9435370024,-15151.640430426422,1047004.303106576,1946.6775713609532,0.0018627466311860186,0.0,0.0,103/100,3.2444626189349934,46.7,95.0,False
Dynamic: 24-month IV/RV z-score,2020-07-28,1062155.9435370024,-16822.53867917794,1045333.4048578244,-1670.8982487515314,-0.0015958847960737543,0.0,0.0,103/100,3.2444626189349934,51.849999999999994,95.0,False
Dynamic: 24-month IV/RV z-score,2020-07-29,1062155.9435370024,-13788.966130473722,1048366.9774065287,3033.572548704222,0.002902014356957139,0.0,0.0,103/100,3.2444626189349934,42.5,95.0,False
Dynamic: 24-month IV/RV z-score,2020-07-30,1062155.9435370024,-14113.412392367227,1048042.5311446352,-324.4462618934922,-0.0003094777581569286,0.0,0.0,103/100,3.2444626189349934,43.500000000000014,95.0,False
Dynamic: 24-month IV/RV z-score,2020-07-31,1062155.9435370024,-12604.737274562453,1049551.20626244,1508.6751178047853,0.0014395170739465168,0.0,0.0,103/100,3.2444626189349934,38.85000000000001,95.0,False
Dynamic: 24-month IV/RV z-score,2020-08-03,1062155.9435370024,-10722.948955580156,1051432.9945814223,1881.7883189823478,0.0017929456969361102,0.0,0.0,103/100,3.2444626189349934,33.050000000000004,95.0,False
Dynamic: 24-month IV/RV z-score,2020-08-04,1062155.9435370024,-9879.388674657055,1052276.5548623453,843.5602809230331,0.0008022958051252527,0.0,0.0,103/100,3.2444626189349934,30.45,95.0,False
Dynamic: 24-month IV/RV z-score,2020-08-05,1062155.9435370024,-8273.379678284235,1053882.5638587181,1606.0089963728096,0.0015262233002832915,0.0,0.0,103/100,3.2444626189349934,25.500000000000004,95.0,False
Dynamic: 24-month IV/RV z-score,2020-08-06,1062155.9435370024,-5921.1442795563635,1056234.799257446,2352.235398727935,0.002231971074761363,0.0,0.0,103/100,3.2444626189349934,18.25,95.0,False
Dynamic: 24-month IV/RV z-score,2020-08-07,1062155.9435370024,-5742.69883551494,1056413.2447014875,178.44544404139742,0.00016894486355378824,0.0,0.0,103/100,3.2444626189349934,17.700000000000003,95.0,False
Dynamic: 24-month IV/RV z-score,2020-08-10,1062155.9435370024,-4801.80467602379,1057354.1388609787,940.8941594911739,0.0008906497189526963,0.0,0.0,103/100,3.2444626189349934,14.8,95.0,False
Dynamic: 24-month IV/RV z-score,2020-08-11,1062155.9435370024,-6699.815308100761,1055456.1282289017,-1898.0106320769992,-0.0017950567007961604,0.0,0.0,103/100,3.2444626189349934,20.65,95.0,False
Dynamic: 24-month IV/RV z-score,2020-08-12,1062155.9435370024,-3552.686567733818,1058603.2569692687,3147.128740367014,0.0029817712514947914,0.0,0.0,103/100,3.2444626189349934,10.95,95.0,False
Dynamic: 24-month IV/RV z-score,2020-08-13,1062155.9435370024,-3244.462618934994,1058911.4809180675,308.22394879884087,0.00029116096778425415,0.0,0.0,103/100,3.2444626189349934,10.000000000000002,95.0,False
Dynamic: 24-month IV/RV z-score,2020-08-14,1062155.9435370024,-3114.6841141775935,1059041.259422825,129.77850475744344,0.00012255840747421587,0.0,0.0,103/100,3.2444626189349934,9.6,95.0,False
Dynamic: 24-month IV/RV z-score,2020-08-17,1062155.9435370024,-1159.8953862692604,1060996.048150733,1954.7887279081624,0.0018458097930702522,0.0,0.0,103/100,3.2444626189349934,3.5750000000000006,95.0,False
Dynamic: 24-month IV/RV z-score,2020-08-18,1062155.9435370024,-754.337558902386,1061401.6059781,405.55782736698166,0.00038224254281993275,0.0,0.0,103/100,3.2444626189349934,2.325,95.0,False
Dynamic: 24-month IV/RV z-score,2020-08-19,1062155.9435370024,-940.894159491148,1061215.0493775113,-186.5566005888395,-0.00017576438507171943,0.0,0.0,103/100,3.2444626189349934,2.8999999999999995,95.0,False
Dynamic: 24-month IV/RV z-score,2020-08-20,1062155.9435370024,-219.00122677811208,1061936.9423102243,721.8929327130318,0.0006802513148833622,0.0,0.0,103/100,3.2444626189349934,0.675,95.0,False
Dynamic: 24-month IV/RV z-score,2020-08-21,1076044.2997617812,-14163.497005458916,1061880.8027563223,-56.13955390197225,-5.28652424313103e-05,275.1407806799966,0.0,102/99,3.126599780454507,45.3,100.0,False
Dynamic: 24-month IV/RV z-score,2020-08-24,1076044.2997617812,-11099.4292206135,1064944.8705411677,3064.0677848453633,0.002885510103292077,0.0,0.0,102/99,3.126599780454507,35.5,100.0,False
Dynamic: 24-month IV/RV z-score,2020-08-25,1076044.2997617812,-9833.156309529426,1066211.1434522518,1266.2729110841174,0.0011890501997917635,0.0,0.0,102/99,3.126599780454507,31.450000000000003,100.0,False
Dynamic: 24-month IV/RV z-score,2020-08-26,1076044.2997617812,-7675.8024610158145,1068368.4973007655,2157.3538485136814,0.0020233833249279076,0.0,0.0,102/99,3.126599780454507,24.549999999999997,100.0,False
Dynamic: 24-month IV/RV z-score,2020-08-27,1076044.2997617812,-7472.573475286272,1068571.7262864949,203.22898572939448,0.00019022367866794454,0.0,0.0,102/99,3.126599780454507,23.9,100.0,False
Dynamic: 24-month IV/RV z-score,2020-08-28,1076044.2997617812,-6346.99755432265,1069697.3022074585,1125.5759209636599,0.0010533461566264446,0.0,0.0,102/99,3.126599780454507,20.3,100.0,False
Dynamic: 24-month IV/RV z-score,2020-08-31,1076044.2997617812,-6565.8595389544635,1069478.4402228268,-218.86198463174514,-0.0002046017917218812,0.0,0.0,102/99,3.126599780454507,20.999999999999996,100.0,False
Dynamic: 24-month IV/RV z-score,2020-09-01,1076044.2997617812,-5111.990641043119,1070932.3091207382,1453.868897911394,0.001359418613065655,0.0,0.0,102/99,3.126599780454507,16.349999999999998,100.0,False
Dynamic: 24-month IV/RV z-score,2020-09-02,1076044.2997617812,-3329.8287661840495,1072714.470995597,1782.1618748588953,0.001664121868096391,0.0,0.0,102/99,3.126599780454507,10.649999999999999,100.0,False
Dynamic: 24-month IV/RV z-score,2020-09-03,1076044.2997617812,-9457.964335874884,1066586.3354259063,-6128.135569690727,-0.005712736926167472,0.0,0.0,102/99,3.126599780454507,30.25,100.0,False
Dynamic: 24-month IV/RV z-score,2020-09-04,1076044.2997617812,-12225.005141577123,1063819.294620204,-2767.0408057023305,-0.00259429613318396,0.0,0.0,102/99,3.126599780454507,39.1,100.0,False
Dynamic: 24-month IV/RV z-score,2020-09-08,1076044.2997617812,-20104.036588322484,1055940.2631734589,-7879.0314467451535,-0.007406362609317041,0.0,0.0,102/99,3.126599780454507,64.30000000000001,100.0,False
Dynamic: 24-month IV/RV z-score,2020-09-09,1076044.2997617812,-14945.146950572547,1061099.1528112087,5158.889637749875,0.00488558852964438,0.0,0.0,102/99,3.126599780454507,47.80000000000001,100.0,False
Dynamic: 24-month IV/RV z-score,2020-09-10,1076044.2997617812,-21104.548518067924,1054939.7512437133,-6159.401567495428,-0.005804737051365194,0.0,0.0,102/99,3.126599780454507,67.5,100.0,False
Dynamic: 24-month IV/RV z-score,2020-09-11,1076044.2997617812,-22699.11440609972,1053345.1853556815,-1594.5658880318515,-0.0015115231804962992,0.0,0.0,102/99,3.126599780454507,72.6,100.0,False
Dynamic: 24-month IV/RV z-score,2020-09-14,1076044.2997617812,-18259.34271785432,1057784.957043927,4439.77168824547,0.004214925695745553,0.0,0.0,102/99,3.126599780454507,58.39999999999999,100.0,False
Dynamic: 24-month IV/RV z-score,2020-09-15,1076044.2997617812,-15961.291879220256,1060083.007882561,2298.050838634139,0.0021725123082259046,0.0,0.0,102/99,3.126599780454507,51.04999999999999,100.0,False
Dynamic: 24-month IV/RV z-score,2020-09-16,1076044.2997617812,-19666.31261905885,1056377.9871427224,-3705.020739838714,-0.0034950288914065153,0.0,0.0,102/99,3.126599780454507,62.89999999999999,100.0,False
Dynamic: 24-month IV/RV z-score,2020-09-17,1076044.2997617812,-26169.640162404223,1049874.659599377,-6503.32754334528,-0.0061562505301112624,0.0,0.0,102/99,3.126599780454507,83.69999999999999,100.0,False
Dynamic: 24-month IV/RV z-score,2020-09-18,1060679.0934332015,-16083.342130281779,1044595.7513029198,-5278.908296457259,-0.00502813192812146,182.55065431630686,-31265.99780454507,103/100,3.147425074419133,51.10000000000002,100.0,False
Dynamic: 24-month IV/RV z-score,2020-09-21,1060679.0934332015,-18963.23607337527,1041715.8573598263,-2879.8939430934843,-0.002756945870688643,0.0,0.0,103/100,3.147425074419133,60.24999999999997,100.0,False
Dynamic: 24-month IV/RV z-score,2020-09-22,1060679.0934332015,-17326.575034677335,1043352.5183985243,1636.66103869793,0.0015711204040282922,0.0,0.0,103/100,3.147425074419133,55.05000000000001,100.0,False
Dynamic: 24-month IV/RV z-score,2020-09-23,1060679.0934332015,-22425.403655236325,1038253.6897779652,-5098.82862055907,-0.00488696632312291,0.0,0.0,103/100,3.147425074419133,71.25,100.0,False
Dynamic: 24-month IV/RV z-score,2020-09-24,1060679.0934332015,-22299.50665225956,1038379.586780942,125.8970029768534,0.00012125842095844774,0.0,0.0,103/100,3.147425074419133,70.85,100.0,False
Dynamic: 24-month IV/RV z-score,2020-09-25,1060679.0934332015,-18884.5504465148,1041794.5429866867,3414.9562057446456,0.0032887358815780754,0.0,0.0,103/100,3.147425074419133,60.0,100.0,False
Dynamic: 24-month IV/RV z-score,2020-09-28,1060679.0934332015,-14525.366718444302,1046153.7267147573,4359.18372807058,0.004184302708644783,0.0,0.0,103/100,3.147425074419133,46.150000000000006,100.0,False
Dynamic: 24-month IV/RV z-score,2020-09-29,1060679.0934332015,-15626.965494491,1045052.1279387105,-1101.5987760467688,-0.001052998950265338,0.0,0.0,103/100,3.147425074419133,49.650000000000006,100.0,False
Dynamic: 24-month IV/RV z-score,2020-09-30,1060679.0934332015,-15422.382864653753,1045256.7105685478,204.58262983732857,0.00019576308623081573,0.0,0.0,103/100,3.147425074419133,49.0,100.0,False
Dynamic: 24-month IV/RV z-score,2020-10-01,1060679.0934332015,-13109.025434955693,1047570.0679982458,2313.357429697993,0.002213195482322794,0.0,0.0,103/100,3.147425074419133,41.650000000000006,100.0,False
Dynamic: 24-month IV/RV z-score,2020-10-02,1060679.0934332015,-15327.96011242118,1045351.1333207804,-2218.9346774654696,-0.002118173041833371,0.0,0.0,103/100,3.147425074419133,48.7,100.0,False
Dynamic: 24-month IV/RV z-score,2020-10-05,1060679.0934332015,-10827.142256001822,1049851.9511771998,4500.817856419482,0.0043055560117122305,0.0,0.0,103/100,3.147425074419133,34.400000000000006,100.0,False
Dynamic: 24-month IV/RV z-score,2020-10-06,1060679.0934332015,-14367.995464723344,1046311.0979684782,-3540.8532087216154,-0.0033727167004369285,0.0,0.0,103/100,3.147425074419133,45.65,100.0,False
Dynamic: 24-month IV/RV z-score,2020-10-07,1060679.0934332015,-9127.532715815485,1051551.560717386,5240.462748907739,0.005008513012126681,0.0,0.0,103/100,3.147425074419133,28.999999999999996,100.0,False
Dynamic: 24-month IV/RV z-score,2020-10-08,1060679.0934332015,-5854.210638419589,1054824.882794782,3273.322077396093,0.003112849811342633,0.0,0.0,103/100,3.147425074419133,18.6,100.0,False
Dynamic: 24-month IV/RV z-score,2020-10-09,1060679.0934332015,-3178.8993251633246,1057500.1941080382,2675.3113132561557,0.002536261095934522,0.0,0.0,103/100,3.147425074419133,10.1,100.0,False
Dynamic: 24-month IV/RV z-score,2020-10-12,1060679.0934332015,-763.25058054664,1059915.8428526549,2415.6487446166575,0.002284300994057187,0.0,0.0,103/100,3.147425074419133,2.4250000000000003,100.0,False
Dynamic: 24-month IV/RV z-score,2020-10-13,1060679.0934332015,-1101.598776046697,1059577.494657155,-338.3481954999734,-0.00031922175499266014,0.0,0.0,103/100,3.147425074419133,3.5000000000000004,100.0,False
Dynamic: 24-month IV/RV z-score,2020-10-14,1060679.0934332015,-1203.8900909653187,1059475.203342236,-102.2913149187807,-9.653972025125412e-05,0.0,0.0,103/100,3.147425074419133,3.8250000000000006,100.0,False
Dynamic: 24-month IV/RV z-score,2020-10-15,1060679.0934332015,-385.5595716163439,1060293.5338615852,818.3305193490814,0.0007723923285487544,0.0,0.0,103/100,3.147425074419133,1.225,100.0,False
Dynamic: 24-month IV/RV z-score,2020-10-16,1075421.022769259,-16319.029583079,1059101.99318618,-1191.54067540518,-0.0011237837800118777,1577.100247021441,0.0,103/100,3.0445950714699634,53.599999999999994,105.0,False
Dynamic: 24-month IV/RV z-score,2020-10-19,1075421.022769259,-18952.60431990052,1056468.4184493585,-2633.574736821465,-0.0024866110665118235,0.0,0.0,103/100,3.0445950714699634,62.25,105.0,False
Dynamic: 24-month IV/RV z-score,2020-10-20,1075421.022769259,-18511.13803453737,1056909.8847347216,441.46628536307253,0.0004178698365739919,0.0,0.0,103/100,3.0445950714699634,60.79999999999998,105.0,False
Dynamic: 24-month IV/RV z-score,2020-10-21,1075421.022769259,-18556.806960609425,1056864.2158086495,-45.6689260720741,-4.320985803207833e-05,0.0,0.0,103/100,3.0445950714699634,60.95,105.0,False
Dynamic: 24-month IV/RV z-score,2020-10-22,1075421.022769259,-17765.21224202723,1057655.8105272318,791.5947185822297,0.0007490032368788757,0.0,0.0,103/100,3.0445950714699634,58.349999999999994,105.0,False
Dynamic: 24-month IV/RV z-score,2020-10-23,1075421.022769259,-17704.320340597827,1057716.7024286613,60.891901429509744,5.7572511608539045e-05,0.0,0.0,103/100,3.0445950714699634,58.14999999999998,105.0,False
Dynamic: 24-month IV/RV z-score,2020-10-26,1075421.022769259,-20885.922190283945,1054535.1005789752,-3181.6018496861216,-0.0030079905539741603,0.0,0.0,103/100,3.0445950714699634,68.6,105.0,False
Dynamic: 24-month IV/RV z-score,2020-10-27,1075421.022769259,-21738.40881029554,1053682.6139589634,-852.4866200117394,-0.0008084004217059348,0.0,0.0,103/100,3.0445950714699634,71.4,105.0,False
Dynamic: 24-month IV/RV z-score,2020-10-28,1075421.022769259,-25528.92967427565,1049892.0930949834,-3790.520863980055,-0.0035974028742280506,0.0,0.0,103/100,3.0445950714699634,83.85000000000002,105.0,False
Dynamic: 24-month IV/RV z-score,2020-10-29,1075421.022769259,-26122.62571321229,1049298.3970560469,-593.6960389364976,-0.0005654829128071137,0.0,0.0,103/100,3.0445950714699634,85.80000000000001,105.0,False
Dynamic: 24-month IV/RV z-score,2020-10-30,1075421.022769259,-27584.031347517855,1047836.9914217412,-1461.4056343056727,-0.0013927455130073874,0.0,0.0,103/100,3.0445950714699634,90.59999999999997,105.0,False
Dynamic: 24-month IV/RV z-score,2020-11-02,1075421.022769259,-27294.79481572823,1048126.2279535308,289.2365317896474,0.00027603199176740034,0.0,0.0,103/100,3.0445950714699634,89.65000000000003,105.0,False
Dynamic: 24-month IV/RV z-score,2020-11-03,1075421.022769259,-25102.68636426985,1050318.3364049892,2192.1084514583927,0.0020914546292181146,0.0,0.0,103/100,3.0445950714699634,82.45000000000002,105.0,False
Dynamic: 24-month IV/RV z-score,2020-11-04,1075421.022769259,-20703.24648599575,1054717.7762832632,4399.439878273988,0.004188672829736895,0.0,0.0,103/100,3.0445950714699634,68.0,105.0,False
Dynamic: 24-month IV/RV z-score,2020-11-05,1075421.022769259,-14903.29287484547,1060517.7298944136,5799.953611150384,0.0054990574176050355,0.0,0.0,103/100,3.0445950714699634,48.95,105.0,False
Dynamic: 24-month IV/RV z-score,2020-11-06,1075421.022769259,-16166.799829505502,1059254.2229397534,-1263.5069546601735,-0.0011914057813875445,0.0,0.0,103/100,3.0445950714699634,53.099999999999994,105.0,False
Dynamic: 24-month IV/RV z-score,2020-11-09,1075421.022769259,-12269.71813802395,1063151.304631235,3897.0816914816387,0.003679080627751574,0.0,0.0,103/100,3.0445950714699634,40.3,105.0,False
Dynamic: 24-month IV/RV z-score,2020-11-10,1075421.022769259,-12589.4006205283,1062831.6221487308,-319.6824825042859,-0.00030069330782145354,0.0,0.0,103/100,3.0445950714699634,41.35000000000001,105.0,False
Dynamic: 24-month IV/RV z-score,2020-11-11,1075421.022769259,-9636.143401202433,1065784.8793680565,2953.257219325751,0.002778668942268636,0.0,0.0,103/100,3.0445950714699634,31.65,105.0,False
Dynamic: 24-month IV/RV z-score,2020-11-12,1075421.022769259,-12802.522275531193,1062618.5004937279,-3166.378874328686,-0.0029709361951223423,0.0,0.0,103/100,3.0445950714699634,42.05,105.0,False
Dynamic: 24-month IV/RV z-score,2020-11-13,1075421.022769259,-8281.298594398302,1067139.7241748609,4521.223681133008,0.004254794810209184,0.0,0.0,103/100,3.0445950714699634,27.200000000000006,105.0,False
Dynamic: 24-month IV/RV z-score,2020-11-16,1075421.022769259,-3303.38565254491,1072117.6371167141,4977.912941853283,0.004664724617671201,0.0,0.0,103/100,3.0445950714699634,10.85,105.0,False
Dynamic: 24-month IV/RV z-score,2020-11-17,1075421.022769259,-4064.5344204124012,1071356.4883488466,-761.1487678675912,-0.0007099489286591654,0.0,0.0,103/100,3.0445950714699634,13.350000000000001,105.0,False
Dynamic: 24-month IV/RV z-score,2020-11-18,1075421.022769259,-9605.697450487734,1065815.3253187714,-5541.163030075142,-0.005172100127582291,0.0,0.0,103/100,3.0445950714699634,31.550000000000004,105.0,False
Dynamic: 24-month IV/RV z-score,2020-11-19,1075421.022769259,-5799.95361115028,1069621.0691581087,3805.7438393372577,0.003570734768895356,0.0,0.0,103/100,3.0445950714699634,19.05,105.0,False
Dynamic: 24-month IV/RV z-score,2020-11-20,1083290.5610040464,-18030.83133150878,1065259.7296725377,-4361.339485571021,-0.004077462207250471,278.54938767945447,-9882.743709042003,103/100,2.9951547062306934,60.20000000000002,105.0,False
Dynamic: 24-month IV/RV z-score,2020-11-23,1083290.5610040464,-15919.247263616138,1067371.3137404302,2111.584067892516,0.0019822246247322983,0.0,0.0,103/100,2.9951547062306934,53.150000000000006,105.0,False
Dynamic: 24-month IV/RV z-score,2020-11-24,1083290.5610040464,-11441.490977801246,1071849.0700262452,4477.756285815034,0.004195125190430193,0.0,0.0,103/100,2.9951547062306934,38.19999999999999,105.0,False
Dynamic: 24-month IV/RV z-score,2020-11-25,1083290.5610040464,-11770.957995486626,1071519.6030085597,-329.46701768552884,-0.00030738191308732343,0.0,0.0,103/100,2.9951547062306934,39.300000000000004,105.0,False
Dynamic: 24-month IV/RV z-score,2020-11-27,1083290.5610040464,-11052.120865991257,1072238.440138055,718.8371294953395,0.000670857656245305,0.0,0.0,103/100,2.9951547062306934,36.89999999999999,105.0,False
Dynamic: 24-month IV/RV z-score,2020-11-30,1083290.5610040464,-11651.151807237395,1071639.409196809,-599.0309412460774,-0.000558673256639608,0.0,0.0,103/100,2.9951547062306934,38.89999999999999,105.0,False
Dynamic: 24-month IV/RV z-score,2020-12-01,1083290.5610040464,-9374.83423050207,1073915.7267735442,2276.3175767352805,0.0021241450782789606,0.0,0.0,103/100,2.9951547062306934,31.3,105.0,False
Dynamic: 24-month IV/RV z-score,2020-12-02,1083290.5610040464,-8416.384724508249,1074874.176279538,958.4495059938636,0.0008924811156956203,0.0,0.0,103/100,2.9951547062306934,28.1,105.0,False
Dynamic: 24-month IV/RV z-score,2020-12-03,1083290.5610040464,-8131.845027416334,1075158.71597663,284.5396970920265,0.00026471907444736154,0.0,0.0,103/100,2.9951547062306934,27.150000000000006,105.0,False
Dynamic: 24-month IV/RV z-score,2020-12-04,1083290.5610040464,-6454.558391927145,1076836.0026121193,1677.286635489203,0.001560036309584012,0.0,0.0,103/100,2.9951547062306934,21.55,105.0,False
Dynamic: 24-month IV/RV z-score,2020-12-07,1083290.5610040464,-5960.35786539908,1077330.2031386474,494.20052652806044,0.0004589375961885356,0.0,0.0,103/100,2.9951547062306934,19.9,105.0,False
Dynamic: 24-month IV/RV z-score,2020-12-08,1083290.5610040464,-4762.295982906803,1078528.2650211395,1198.0618824921548,0.0011120656220364733,0.0,0.0,103/100,2.9951547062306934,15.900000000000002,105.0,False
Dynamic: 24-month IV/RV z-score,2020-12-09,1083290.5610040464,-7398.0321243898115,1075892.5288796565,-2635.7361414830666,-0.00244382667285159,0.0,0.0,103/100,2.9951547062306934,24.699999999999996,105.0,False
Dynamic: 24-month IV/RV z-score,2020-12-10,1083290.5610040464,-7592.717180294809,1075697.8438237514,-194.68505590502173,-0.00018095214036639717,0.0,0.0,103/100,2.9951547062306934,25.35,105.0,False
Dynamic: 24-month IV/RV z-score,2020-12-11,1083290.5610040464,-7353.104803796353,1075937.45620025,239.6123764985241,0.00022275063380883253,0.0,0.0,103/100,2.9951547062306934,24.55,105.0,False
Dynamic: 24-month IV/RV z-score,2020-12-14,1083290.5610040464,-8596.094006882091,1074694.4669971643,-1242.9892030856572,-0.0011552615776342368,0.0,0.0,103/100,2.9951547062306934,28.700000000000003,105.0,False
Dynamic: 24-month IV/RV z-score,2020-12-15,1083290.5610040464,-3519.306779821065,1079771.2542242252,5076.787227060879,0.004723935390907874,0.0,0.0,103/100,2.9951547062306934,11.75,105.0,False
Dynamic: 24-month IV/RV z-score,2020-12-16,1083290.5610040464,-2246.3660296730204,1081044.1949743733,1272.9407501481473,0.0011788985353780035,0.0,0.0,103/100,2.9951547062306934,7.500000000000001,105.0,False
Dynamic: 24-month IV/RV z-score,2020-12-17,1083290.5610040464,-501.6884132936412,1082788.8725907528,1744.6776163794566,0.0016138818602331462,0.0,0.0,103/100,2.9951547062306934,1.675,105.0,False
Dynamic: 24-month IV/RV z-score,2020-12-18,1093525.0507503678,-10381.969196225707,1083143.081554142,354.2089633892756,0.00032712652702260314,147.4794499041908,0.0,101/98,2.92038514661764,35.54999999999999,110.0,False
Dynamic: 24-month IV/RV z-score,2020-12-21,1093525.0507503678,-11900.569472466883,1081624.481277901,-1518.600276241079,-0.0014020310909083067,0.0,0.0,101/98,2.92038514661764,40.75,110.0,False
Dynamic: 24-month IV/RV z-score,2020-12-22,1093525.0507503678,-12543.054204722765,1080981.996545645,-642.4847322560381,-0.0005939998061961216,0.0,0.0,101/98,2.92038514661764,42.95,110.0,False
Dynamic: 24-month IV/RV z-score,2020-12-23,1093525.0507503678,-12470.044576057326,1081055.0061743106,73.0096286656335,6.754009678133777e-05,0.0,0.0,101/98,2.92038514661764,42.70000000000001,110.0,False
Dynamic: 24-month IV/RV z-score,2020-12-24,1093525.0507503678,-11287.288591677183,1082237.7621586907,1182.7559843801428,0.0010940756738786472,0.0,0.0,101/98,2.92038514661764,38.65000000000001,110.0,False
Dynamic: 24-month IV/RV z-score,2020-12-28,1093525.0507503678,-8512.922702390422,1085012.1280479773,2774.3658892866224,0.002563545633218922,0.0,0.0,101/98,2.92038514661764,29.150000000000006,110.0,False
Dynamic: 24-month IV/RV z-score,2020-12-29,1093525.0507503678,-9082.397805980861,1084442.652944387,-569.4751035904046,-0.000524855979826655,0.0,0.0,101/98,2.92038514661764,31.1,110.0,False
Dynamic: 24-month IV/RV z-score,2020-12-30,1093525.0507503678,-9170.009360379388,1084355.0413899885,-87.61155439843424,-8.078947665934866e-05,0.0,0.0,101/98,2.92038514661764,31.4,110.0,False
Dynamic: 24-month IV/RV z-score,2020-12-31,1093525.0507503678,-7242.555163611746,1086282.4955867562,1927.4541967676487,0.00177751209077881,0.0,0.0,101/98,2.92038514661764,24.799999999999997,110.0,False
Dynamic: 24-month IV/RV z-score,2021-01-04,1093525.0507503678,-11710.744437936739,1081814.306312431,-4468.1892743250355,-0.004113284796982364,0.0,0.0,101/98,2.92038514661764,40.10000000000001,110.0,False
Dynamic: 24-month IV/RV z-score,2021-01-05,1093525.0507503678,-9491.25172650733,1084033.7990238604,2219.4927114292514,0.002051639267920846,0.0,0.0,101/98,2.92038514661764,32.5,110.0,False
Dynamic: 24-month IV/RV z-score,2021-01-06,1093525.0507503678,-6994.322426149248,1086530.7283242187,2496.929300358286,0.002303368495158331,0.0,0.0,101/98,2.92038514661764,23.95,110.0,False
Dynamic: 24-month IV/RV z-score,2021-01-07,1093525.0507503678,-3110.210181147786,1090414.84056922,3884.1122450013645,0.0035747836151784895,0.0,0.0,101/98,2.92038514661764,10.649999999999999,110.0,False
Dynamic: 24-month IV/RV z-score,2021-01-08,1093525.0507503678,-2058.871528365436,1091466.1792220024,1051.338652782375,0.0009641639252024881,0.0,0.0,101/98,2.92038514661764,7.049999999999999,110.0,False
Dynamic: 24-month IV/RV z-score,2021-01-11,1093525.0507503678,-2920.38514661764,1090604.6656037502,-861.5136182522401,-0.0007893177403502927,0.0,0.0,101/98,2.92038514661764,10.0,110.0,False
Dynamic: 24-month IV/RV z-score,2021-01-12,1093525.0507503678,-2109.978268431245,1091415.0724819365,810.4068781863898,0.0007430803330901181,0.0,0.0,101/98,2.92038514661764,7.2250000000000005,110.0,False
Dynamic: 24-month IV/RV z-score,2021-01-13,1093525.0507503678,-737.3972495209541,1092787.6535008468,1372.5810189102776,0.0012576159643726825,0.0,0.0,101/98,2.92038514661764,2.525,110.0,False
Dynamic: 24-month IV/RV z-score,2021-01-14,1093525.0507503678,-627.8828065227925,1092897.167943845,109.51444299821742,0.00010021566646312152,0.0,0.0,101/98,2.92038514661764,2.15,110.0,False
Dynamic: 24-month IV/RV z-score,2021-01-15,1109847.034822405,-16642.648884902424,1093204.3859375026,307.21799365757033,0.0002811042087660365,320.66481286516455,0.0,103/100,2.9019440078295435,57.34999999999998,110.0,False
Dynamic: 24-month IV/RV z-score,2021-01-19,1109847.034822405,-14234.035358403915,1095612.9994640013,2408.613526498666,0.002203260028483145,0.0,0.0,103/100,2.9019440078295435,49.05000000000001,110.0,False
Dynamic: 24-month IV/RV z-score,2021-01-20,1109847.034822405,-10708.173388891015,1099138.8614335142,3525.8619695128873,0.003218163686664832,0.0,0.0,103/100,2.9019440078295435,36.9,110.0,False
Dynamic: 24-month IV/RV z-score,2021-01-21,1109847.034822405,-10548.56646846039,1099298.4683539446,159.60692043043673,0.00014521087919883158,0.0,0.0,103/100,2.9019440078295435,36.35,110.0,False
Dynamic: 24-month IV/RV z-score,2021-01-22,1109847.034822405,-11245.03303033948,1098602.0017920656,-696.4665618790314,-0.0006335554737212368,0.0,0.0,103/100,2.9019440078295435,38.75,110.0,False
Dynamic: 24-month IV/RV z-score,2021-01-25,1109847.034822405,-10243.862347638287,1099603.1724747668,1001.1706827012822,0.0009113133610425539,0.0,0.0,103/100,2.9019440078295435,35.3,110.0,False
Dynamic: 24-month IV/RV z-score,2021-01-26,1109847.034822405,-10098.76514724681,1099748.2696751582,145.09720039134845,0.0001319541485722553,0.0,0.0,103/100,2.9019440078295435,34.8,110.0,False
Dynamic: 24-month IV/RV z-score,2021-01-27,1109847.034822405,-16642.64888490242,1093204.3859375026,-6543.883737655589,-0.005950346927655059,0.0,0.0,103/100,2.9019440078295435,57.349999999999966,110.0,False
Dynamic: 24-month IV/RV z-score,2021-01-28,1109847.034822405,-13537.568796524822,1096309.4660258803,3105.0800883776974,0.0028403472656348683,0.0,0.0,103/100,2.9019440078295435,46.650000000000006,110.0,False
Dynamic: 24-month IV/RV z-score,2021-01-29,1109847.034822405,-19196.359611792424,1090650.6752106126,-5658.790815267712,-0.005161672858468358,0.0,0.0,103/100,2.9019440078295435,66.14999999999998,110.0,False
Dynamic: 24-month IV/RV z-score,2021-02-01,1109847.034822405,-16512.061404550102,1093334.9734178549,2684.2982072422747,0.0024611896991892923,0.0,0.0,103/100,2.9019440078295435,56.900000000000006,110.0,False
Dynamic: 24-month IV/RV z-score,2021-02-02,1109847.034822405,-11709.344071592208,1098137.6907508129,4802.717332958011,0.004392722678525862,0.0,0.0,103/100,2.9019440078295435,40.35,110.0,False
Dynamic: 24-month IV/RV z-score,2021-02-03,1109847.034822405,-11448.16911088755,1098398.8657115176,261.1749607047532,0.00023783443816238758,0.0,0.0,103/100,2.9019440078295435,39.45,110.0,False
Dynamic: 24-month IV/RV z-score,2021-02-04,1109847.034822405,-8212.501542157606,1101634.5332802476,3235.6675687299576,0.0029458038147498478,0.0,0.0,103/100,2.9019440078295435,28.299999999999994,110.0,False
Dynamic: 24-month IV/RV z-score,2021-02-05,1109847.034822405,-6805.058698360281,1103041.9761240447,1407.442843797151,0.0012775950655852242,0.0,0.0,103/100,2.9019440078295435,23.450000000000003,110.0,False
Dynamic: 24-month IV/RV z-score,2021-02-08,1109847.034822405,-4846.246493075339,1105000.7883293298,1958.8122052850667,0.001775827436928612,0.0,0.0,103/100,2.9019440078295435,16.700000000000003,110.0,False
Dynamic: 24-month IV/RV z-score,2021-02-09,1109847.034822405,-4744.678452801304,1105102.356369604,101.56804027408361,9.191671295338821e-05,0.0,0.0,103/100,2.9019440078295435,16.35,110.0,False
Dynamic: 24-month IV/RV z-score,2021-02-10,1109847.034822405,-4831.736773036189,1105015.298049369,-87.05832023499534,-7.877851289805893e-05,0.0,0.0,103/100,2.9019440078295435,16.65,110.0,False
Dynamic: 24-month IV/RV z-score,2021-02-11,1109847.034822405,-4251.347971470282,1105595.6868509348,580.3888015658595,0.0005252314629402566,0.0,0.0,103/100,2.9019440078295435,14.65,110.0,False
Dynamic: 24-month IV/RV z-score,2021-02-12,1109847.034822405,-2045.8705255198286,1107801.1642968853,2205.477445950499,0.001994831810743003,0.0,0.0,103/100,2.9019440078295435,7.050000000000002,110.0,False
Dynamic: 24-month IV/RV z-score,2021-02-16,1109847.034822405,-1893.5184651087773,1107953.5163572964,152.35206041112542,0.00013752653934773207,0.0,0.0,103/100,2.9019440078295435,6.525,110.0,False
Dynamic: 24-month IV/RV z-score,2021-02-17,1109847.034822405,-1051.9547028382096,1108795.0801195668,841.5637622703798,0.0007595659473487171,0.0,0.0,103/100,2.9019440078295435,3.6250000000000004,110.0,False
Dynamic: 24-month IV/RV z-score,2021-02-18,1109847.034822405,-1102.7387229752267,1108744.29609943,-50.78402013680898,-4.5801087186769784e-05,0.0,0.0,103/100,2.9019440078295435,3.8000000000000003,110.0,False
Dynamic: 24-month IV/RV z-score,2021-02-19,1124334.0712563018,-14587.887457213319,1109746.1837990885,1001.8876996585168,0.0009036237689639126,100.85102331666464,0.0,102/99,2.8408738962440743,51.349999999999994,115.0,False
Dynamic: 24-month IV/RV z-score,2021-02-22,1124334.0712563018,-16761.155987840048,1107572.9152684617,-2173.2685306267813,-0.0019583473792059714,0.0,0.0,102/99,2.8408738962440743,59.00000000000003,115.0,False
Dynamic: 24-month IV/RV z-score,2021-02-23,1124334.0712563018,-17045.243377464445,1107288.8278788375,-284.08738962421194,-0.0002564954286150556,0.0,0.0,102/99,2.8408738962440743,60.0,115.0,False
Dynamic: 24-month IV/RV z-score,2021-02-24,1124334.0712563018,-12996.998075316644,1111337.0731809852,4048.2453021476977,0.003655997604439465,0.0,0.0,102/99,2.8408738962440743,45.750000000000014,115.0,False
Dynamic: 24-month IV/RV z-score,2021-02-25,1124334.0712563018,-18962.8332574292,1105371.2379988725,-5965.835182112642,-0.005368159963418329,0.0,0.0,102/99,2.8408738962440743,66.75000000000001,115.0,False
Dynamic: 24-month IV/RV z-score,2021-02-26,1124334.0712563018,-21888.93337056059,1102445.1378857412,-2926.1001131313387,-0.002647165054184608,0.0,0.0,102/99,2.8408738962440743,77.05,115.0,False
Dynamic: 24-month IV/RV z-score,2021-03-01,1124334.0712563018,-15596.397690379965,1108737.6735659218,6292.535680180648,0.005707799385145318,0.0,0.0,102/99,2.8408738962440743,54.89999999999999,115.0,False
Dynamic: 24-month IV/RV z-score,2021-03-02,1124334.0712563018,-18067.95798011231,1106266.1132761894,-2471.5602897324134,-0.00222916596834255,0.0,0.0,102/99,2.8408738962440743,63.599999999999994,115.0,False
Dynamic: 24-month IV/RV z-score,2021-03-03,1124334.0712563018,-23096.304776464327,1101237.7664798375,-5028.346796351951,-0.004545332028168647,0.0,0.0,102/99,2.8408738962440743,81.30000000000001,115.0,False
Dynamic: 24-month IV/RV z-score,2021-03-04,1124334.0712563018,-26292.2879097389,1098041.7833465629,-3195.983133274596,-0.002902173563744337,0.0,0.0,102/99,2.8408738962440743,92.54999999999998,115.0,False
Dynamic: 24-month IV/RV z-score,2021-03-05,1124334.0712563018,-21931.546479004257,1102402.5247772976,4360.74143073475,0.00397138023058119,0.0,0.0,102/99,2.8408738962440743,77.20000000000002,115.0,False
Dynamic: 24-month IV/RV z-score,2021-03-08,1124334.0712563018,-23465.618382976056,1100868.4528733257,-1534.0719039719552,-0.0013915714718467642,0.0,0.0,102/99,2.8408738962440743,82.60000000000001,115.0,False
Dynamic: 24-month IV/RV z-score,2021-03-09,1124334.0712563018,-19772.482317858758,1104561.588938443,3693.1360651173163,0.003354747840650818,0.0,0.0,102/99,2.8408738962440743,69.60000000000001,115.0,False
Dynamic: 24-month IV/RV z-score,2021-03-10,1124334.0712563018,-16775.360357321257,1107558.7108989805,2997.121960537508,0.0027134041148559884,0.0,0.0,102/99,2.8408738962440743,59.05,115.0,False
Dynamic: 24-month IV/RV z-score,2021-03-11,1124334.0712563018,-13053.815553241522,1111280.2557030604,3721.544804079924,0.0033601332078001533,0.0,0.0,102/99,2.8408738962440743,45.95,115.0,False
Dynamic: 24-month IV/RV z-score,2021-03-12,1124334.0712563018,-12201.553384368297,1112132.5178719335,852.2621688731015,0.0007669192037735861,0.0,0.0,102/99,2.8408738962440743,42.949999999999996,115.0,False
Dynamic: 24-month IV/RV z-score,2021-03-15,1124334.0712563018,-8494.212949769782,1115839.858306532,3707.3404345985036,0.003333541979055221,0.0,0.0,102/99,2.8408738962440743,29.900000000000002,115.0,False
Dynamic: 24-month IV/RV z-score,2021-03-16,1124334.0712563018,-7954.4469094834085,1116379.6243468183,539.7660402862821,0.00048373073991592186,0.0,0.0,102/99,2.8408738962440743,28.000000000000004,115.0,False
Dynamic: 24-month IV/RV z-score,2021-03-17,1124334.0712563018,-5937.426443150115,1118396.6448131518,2017.020466333488,0.0018067514153292663,0.0,0.0,102/99,2.8408738962440743,20.9,115.0,False
Dynamic: 24-month IV/RV z-score,2021-03-18,1124334.0712563018,-17002.630269020785,1107331.440987281,-11065.203825870762,-0.009893809926190711,0.0,0.0,102/99,2.8408738962440743,59.85000000000001,115.0,False
Dynamic: 24-month IV/RV z-score,2021-03-19,1122829.0513853692,-19070.35177173636,1103758.6996136329,-3572.7413736481685,-0.0032264426362379472,149.51607158314525,-20425.85557108575,103/100,2.8210579543988703,67.6,115.0,False
Dynamic: 24-month IV/RV z-score,2021-03-22,1122829.0513853692,-16616.031351409343,1106213.0200339598,2454.320420326898,0.0022236023337220967,0.0,0.0,103/100,2.8210579543988703,58.9,115.0,False
Dynamic: 24-month IV/RV z-score,2021-03-23,1122829.0513853692,-18858.772425156443,1103970.2789602126,-2242.7410737471655,-0.002027404336353178,0.0,0.0,103/100,2.8210579543988703,66.85,115.0,False
Dynamic: 24-month IV/RV z-score,2021-03-24,1122829.0513853692,-21270.776976167483,1101558.2744092017,-2412.004551010905,-0.002184845549721426,0.0,0.0,103/100,2.8210579543988703,75.4,115.0,False
Dynamic: 24-month IV/RV z-score,2021-03-25,1122829.0513853692,-19719.195101248104,1103109.856284121,1551.5818749193568,0.0014085336300084794,0.0,0.0,103/100,2.8210579543988703,69.9,115.0,False
Dynamic: 24-month IV/RV z-score,2021-03-26,1122829.0513853692,-13400.025283394632,1109429.0261019745,6319.169817853486,0.005728504538196955,0.0,0.0,103/100,2.8210579543988703,47.5,115.0,False
Dynamic: 24-month IV/RV z-score,2021-03-29,1122829.0513853692,-13273.077675446682,1109555.9737099225,126.94760794797912,0.00011442607409861694,0.0,0.0,103/100,2.8210579543988703,47.05,115.0,False
Dynamic: 24-month IV/RV z-score,2021-03-30,1122829.0513853692,-14937.501868542018,1107891.549516827,-1664.4241930954158,-0.0015000813230992005,0.0,0.0,103/100,2.8210579543988703,52.95,115.0,False
Dynamic: 24-month IV/RV z-score,2021-03-31,1122829.0513853692,-13639.815209518532,1109189.2361758507,1297.6866590236314,0.0011713119931184846,0.0,0.0,103/100,2.8210579543988703,48.34999999999999,115.0,False
Dynamic: 24-month IV/RV z-score,2021-04-01,1122829.0513853692,-8054.120459808775,1114774.9309255604,5585.694749709684,0.005035835696501678,0.0,0.0,103/100,2.8210579543988703,28.550000000000004,115.0,False
Dynamic: 24-month IV/RV z-score,2021-04-05,1122829.0513853692,-4034.1128747903845,1118794.9385105788,4020.0075850184076,0.0036061158835718476,0.0,0.0,103/100,2.8210579543988703,14.3,115.0,False
Dynamic: 24-month IV/RV z-score,2021-04-06,1122829.0513853692,-3963.5864259304126,1118865.4649594387,70.52644885983318,6.303786907868592e-05,0.0,0.0,103/100,2.8210579543988703,14.05,115.0,False
Dynamic: 24-month IV/RV z-score,2021-04-07,1122829.0513853692,-3004.426721434796,1119824.6246639343,959.159704495687,0.0008572609795678421,0.0,0.0,103/100,2.8210579543988703,10.649999999999999,115.0,False
Dynamic: 24-month IV/RV z-score,2021-04-08,1122829.0513853692,-1939.4773436492228,1120889.57404172,1064.9493777856696,0.0009509965706506751,0.0,0.0,103/100,2.8210579543988703,6.874999999999999,115.0,False
Dynamic: 24-month IV/RV z-score,2021-04-09,1122829.0513853692,-1036.7387982415846,1121792.3125871276,902.7385454075411,0.000805376877717201,0.0,0.0,103/100,2.8210579543988703,3.675,115.0,False
Dynamic: 24-month IV/RV z-score,2021-04-12,1122829.0513853692,-486.6324971338051,1122342.4188882352,550.1063011076767,0.0004903815928627431,0.0,0.0,103/100,2.8210579543988703,1.725,115.0,False
Dynamic: 24-month IV/RV z-score,2021-04-13,1122829.0513853692,-169.26347726393217,1122659.7879081052,317.3690198699478,0.00028277379035923644,0.0,0.0,103/100,2.8210579543988703,0.5999999999999999,115.0,False
Dynamic: 24-month IV/RV z-score,2021-04-14,1122829.0513853692,-190.42141192192372,1122638.6299734472,-21.15793465799652,-1.884625679648977e-05,0.0,0.0,103/100,2.8210579543988703,0.6749999999999999,115.0,False
Dynamic: 24-month IV/RV z-score,2021-04-15,1122829.0513853692,-56.421159087977394,1122772.6302262812,134.00025283405557,0.00011936187590233516,0.0,0.0,103/100,2.8210579543988703,0.19999999999999998,115.0,False
Dynamic: 24-month IV/RV z-score,2021-04-16,1143390.476560066,-20670.073843178074,1122720.4027168879,-52.22750939335674,-4.6516550178843374e-05,108.64866848134076,0.0,103/100,2.682683172378724,77.05000000000003,125.0,False
Dynamic: 24-month IV/RV z-score,2021-04-19,1143390.476560066,-21582.18612178683,1121808.290438279,-912.1122786088381,-0.0008124126687300004,0.0,0.0,103/100,2.682683172378724,80.44999999999999,125.0,False
Dynamic: 24-month IV/RV z-score,2021-04-20,1143390.476560066,-24157.561967270405,1119232.9145927955,-2575.3758454835042,-0.002295736149781291,0.0,0.0,103/100,2.682683172378724,90.04999999999998,125.0,False
Dynamic: 24-month IV/RV z-score,2021-04-21,1143390.476560066,-21756.56052799145,1121633.9160320745,2401.0014392789453,0.0021452205416532255,0.0,0.0,103/100,2.682683172378724,81.1,125.0,False
Dynamic: 24-month IV/RV z-score,2021-04-22,1143390.476560066,-23916.12048175632,1119474.3560783097,-2159.5599537647795,-0.0019253696976322399,0.0,0.0,103/100,2.682683172378724,89.14999999999998,125.0,False
Dynamic: 24-month IV/RV z-score,2021-04-23,1143390.476560066,-21179.783645930023,1122210.692914136,2736.3368358262815,0.0024443050624332052,0.0,0.0,103/100,2.682683172378724,78.94999999999999,125.0,False
Dynamic: 24-month IV/RV z-score,2021-04-26,1143390.476560066,-20535.93968455913,1122854.5368755069,643.8439613708761,0.0005737282360935847,0.0,0.0,103/100,2.682683172378724,76.54999999999998,125.0,False
Dynamic: 24-month IV/RV z-score,2021-04-27,1143390.476560066,-20549.353100421027,1122841.1234596448,-13.413415862014517,-1.1945817932290659e-05,0.0,0.0,103/100,2.682683172378724,76.60000000000001,125.0,False
Dynamic: 24-month IV/RV z-score,2021-04-28,1143390.476560066,-20871.275081106476,1122519.2014789595,-321.9219806853216,-0.00028670305527589424,0.0,0.0,103/100,2.682683172378724,77.80000000000001,125.0,False
Dynamic: 24-month IV/RV z-score,2021-04-29,1143390.476560066,-18456.860225965625,1124933.6163341003,2414.414855140727,0.0021508895811845896,0.0,0.0,103/100,2.682683172378724,68.80000000000001,125.0,False
Dynamic: 24-month IV/RV z-score,2021-04-30,1143390.476560066,-20468.872605249664,1122921.6039548162,-2012.0123792840168,-0.001788560987127985,0.0,0.0,103/100,2.682683172378724,76.3,125.0,False
Dynamic: 24-month IV/RV z-score,2021-05-03,1143390.476560066,-21126.129982482456,1122264.3465775836,-657.2573772326577,-0.0005853101186386045,0.0,0.0,103/100,2.682683172378724,78.75000000000001,125.0,False
Dynamic: 24-month IV/RV z-score,2021-05-04,1143390.476560066,-23768.57290727549,1119621.9036527905,-2642.442924793111,-0.0023545637289925647,0.0,0.0,103/100,2.682683172378724,88.6,125.0,False
Dynamic: 24-month IV/RV z-score,2021-05-05,1143390.476560066,-23768.57290727549,1119621.9036527905,0.0,0.0,0.0,0.0,103/100,2.682683172378724,88.6,125.0,False
Dynamic: 24-month IV/RV z-score,2021-05-06,1143390.476560066,-20509.112852835344,1122881.3637072307,3259.460054440191,0.002911214976954346,0.0,0.0,103/100,2.682683172378724,76.45,125.0,False
Dynamic: 24-month IV/RV z-score,2021-05-07,1143390.476560066,-16552.155173576728,1126838.3213864893,3956.9576792586595,0.0035239320975055666,0.0,0.0,103/100,2.682683172378724,61.7,125.0,False
Dynamic: 24-month IV/RV z-score,2021-05-10,1143390.476560066,-22078.482508676898,1121311.9940513892,-5526.327335100155,-0.004904277064610718,0.0,0.0,103/100,2.682683172378724,82.3,125.0,False
Dynamic: 24-month IV/RV z-score,2021-05-11,1143390.476560066,-26384.189000344748,1117006.2875597212,-4305.70649166801,-0.0038398826682581877,0.0,0.0,103/100,2.682683172378724,98.35,125.0,False
Dynamic: 24-month IV/RV z-score,2021-05-12,1143390.476560066,-31052.05772028373,1112338.4188397822,-4667.86871993891,-0.004178909977433198,0.0,0.0,103/100,2.682683172378724,115.75,125.0,False
Dynamic: 24-month IV/RV z-score,2021-05-13,1143390.476560066,-30421.627174774723,1112968.8493852913,630.4305455090944,0.0005667614593107828,0.0,0.0,103/100,2.682683172378724,113.39999999999998,125.0,False
Dynamic: 24-month IV/RV z-score,2021-05-14,1143390.476560066,-26129.334098968768,1117261.1424610973,4292.293075805996,0.003856615643983874,0.0,0.0,103/100,2.682683172378724,97.39999999999999,125.0,False
Dynamic: 24-month IV/RV z-score,2021-05-17,1143390.476560066,-28959.56484582832,1114430.9117142376,-2830.2307468596846,-0.0025331864138989912,0.0,0.0,103/100,2.682683172378724,107.94999999999999,125.0,False
Dynamic: 24-month IV/RV z-score,2021-05-18,1143390.476560066,-32272.67856371605,1111117.7979963499,-3313.1137178877834,-0.0029729197952625963,0.0,0.0,103/100,2.682683172378724,120.3,125.0,False
Dynamic: 24-month IV/RV z-score,2021-05-19,1143390.476560066,-33023.82985198209,1110366.6467080838,-751.1512882660609,-0.0006760320909453554,0.0,0.0,103/100,2.682683172378724,123.1,125.0,False
Dynamic: 24-month IV/RV z-score,2021-05-20,1143390.476560066,-32554.360296815812,1110836.1162632501,469.46955516631715,0.000422805887188904,0.0,0.0,103/100,2.682683172378724,121.35,125.0,False
Dynamic: 24-month IV/RV z-score,2021-05-21,1115123.3268982065,-5341.166321373729,1109782.1605768327,-1053.9556864174083,-0.0009487949401238982,74.77632849923219,-33533.53965473405,98/95,2.670583160686864,20.000000000000004,125.0,False
Dynamic: 24-month IV/RV z-score,2021-05-24,1115123.3268982065,-3645.3460143375687,1111477.9808838689,1695.8203070361633,0.0015280659279608422,0.0,0.0,98/95,2.670583160686864,13.649999999999999,125.0,False
Dynamic: 24-month IV/RV z-score,2021-05-25,1115123.3268982065,-4032.580572637165,1111090.7463255692,-387.2345582996495,-0.00034839606808201307,0.0,0.0,98/95,2.670583160686864,15.100000000000001,125.0,False
Dynamic: 24-month IV/RV z-score,2021-05-26,1115123.3268982065,-3391.6406140723175,1111731.6862841342,640.9399585649371,0.0005768565355122046,0.0,0.0,98/95,2.670583160686864,12.700000000000001,125.0,False
Dynamic: 24-month IV/RV z-score,2021-05-27,1115123.3268982065,-2790.759402917773,1112332.5674952888,600.8812111546285,0.0005404912161521835,0.0,0.0,98/95,2.670583160686864,10.450000000000001,125.0,False
Dynamic: 24-month IV/RV z-score,2021-05-28,1115123.3268982065,-2577.112750062823,1112546.2141481438,213.64665285497904,0.0001920708420288797,0.0,0.0,98/95,2.670583160686864,9.649999999999999,125.0,False
Dynamic: 24-month IV/RV z-score,2021-06-01,1115123.3268982065,-2657.23024488343,1112466.0966533232,-80.11749482061714,-7.201273421431065e-05,0.0,0.0,98/95,2.670583160686864,9.950000000000001,125.0,False
Dynamic: 24-month IV/RV z-score,2021-06-02,1115123.3268982065,-2283.348602387269,1112839.9782958191,373.8816424959805,0.0003360836286343538,0.0,0.0,98/95,2.670583160686864,8.55,125.0,False
Dynamic: 24-month IV/RV z-score,2021-06-03,1115123.3268982065,-2777.4064871143382,1112345.9204110922,-494.0578847269062,-0.0004439613011418819,0.0,0.0,98/95,2.670583160686864,10.399999999999999,125.0,False
Dynamic: 24-month IV/RV z-score,2021-06-04,1115123.3268982065,-1428.7619909674722,1113694.564907239,1348.6444961468223,0.0012124326357474402,0.0,0.0,98/95,2.670583160686864,5.35,125.0,False
Dynamic: 24-month IV/RV z-score,2021-06-07,1115123.3268982065,-1068.2332642747456,1114055.0936339318,360.5287266927771,0.00032372316257367473,0.0,0.0,98/95,2.670583160686864,4.0,125.0,False
Dynamic: 24-month IV/RV z-score,2021-06-08,1115123.3268982065,-1228.4682539159576,1113894.8586442906,-160.23498964123428,-0.00014383039991183733,0.0,0.0,98/95,2.670583160686864,4.6000000000000005,125.0,False
Dynamic: 24-month IV/RV z-score,2021-06-09,1115123.3268982065,-1321.9386645399975,1113801.3882336665,-93.47041062405333,-8.3913135875191e-05,0.0,0.0,98/95,2.670583160686864,4.949999999999999,125.0,False
Dynamic: 24-month IV/RV z-score,2021-06-10,1115123.3268982065,-600.8812111545444,1114522.4456870519,721.0574533853214,0.0006473842293632792,0.0,0.0,98/95,2.670583160686864,2.25,125.0,False
Dynamic: 24-month IV/RV z-score,2021-06-11,1115123.3268982065,-387.23455829959534,1114736.0923399068,213.64665285497904,0.00019169345012448602,0.0,0.0,98/95,2.670583160686864,1.4500000000000002,125.0,False
Dynamic: 24-month IV/RV z-score,2021-06-14,1115123.3268982065,-253.70540026525205,1114869.6214979412,133.5291580343619,0.00011978544424273707,0.0,0.0,98/95,2.670583160686864,0.95,125.0,False
Dynamic: 24-month IV/RV z-score,2021-06-15,1115123.3268982065,-300.44060557727215,1114822.8862926292,-46.735205312026665,-4.19198840930779e-05,0.0,0.0,98/95,2.670583160686864,1.1249999999999998,125.0,False
Dynamic: 24-month IV/RV z-score,2021-06-16,1115123.3268982065,-453.9991373167669,1114669.3277608897,-153.55853173951618,-0.00013774253617104826,0.0,0.0,98/95,2.670583160686864,1.7000000000000002,125.0,False
Dynamic: 24-month IV/RV z-score,2021-06-17,1115123.3268982065,-213.64665285494914,1114909.6802453515,240.35248446185142,0.0002156267141077972,0.0,0.0,98/95,2.670583160686864,0.8,125.0,False
Dynamic: 24-month IV/RV z-score,2021-06-18,1120541.7696239718,-5500.07399429369,1115041.6956296782,132.01538432668895,0.00011840903946369608,81.63126852844647,0.0,98/95,2.6764350337195566,20.550000000000004,120.0,False
Dynamic: 24-month IV/RV z-score,2021-06-21,1120541.7696239718,-2970.8428874287074,1117570.926736543,2529.231106864754,0.00226828388281608,0.0,0.0,98/95,2.6764350337195566,11.099999999999998,120.0,False
Dynamic: 24-month IV/RV z-score,2021-06-22,1120541.7696239718,-2221.441077987233,1118320.3285459846,749.4018094416242,0.0006705630859868972,0.0,0.0,98/95,2.6764350337195566,8.300000000000002,120.0,False
Dynamic: 24-month IV/RV z-score,2021-06-23,1120541.7696239718,-2194.6767276500364,1118347.0928963218,26.76435033720918,2.3932633302026218e-05,0.0,0.0,98/95,2.6764350337195566,8.2,120.0,False
Dynamic: 24-month IV/RV z-score,2021-06-24,1120541.7696239718,-1632.6253705689294,1118909.144253403,562.05135708116,0.0005025732714389886,0.0,0.0,98/95,2.6764350337195566,6.1,120.0,False
Dynamic: 24-month IV/RV z-score,2021-06-25,1120541.7696239718,-1164.249239668007,1119377.5203843038,468.3761309008114,0.00041860068201815537,0.0,0.0,98/95,2.6764350337195566,4.35,120.0,False
Dynamic: 24-month IV/RV z-score,2021-06-28,1120541.7696239718,-1043.8096631506266,1119497.959960821,120.4395765173249,0.00010759513597879966,0.0,0.0,98/95,2.6764350337195566,3.8999999999999986,120.0,False
Dynamic: 24-month IV/RV z-score,2021-06-29,1120541.7696239718,-976.8987873076383,1119564.8708366642,66.91087584313937,5.976864472856391e-05,0.0,0.0,98/95,2.6764350337195566,3.6500000000000004,120.0,False
Dynamic: 24-month IV/RV z-score,2021-06-30,1120541.7696239718,-843.0770356216603,1119698.69258835,133.82175168581307,0.00011953014530163841,0.0,0.0,98/95,2.6764350337195566,3.15,120.0,False
Dynamic: 24-month IV/RV z-score,2021-07-01,1120541.7696239718,-689.182021182786,1119852.587602789,153.895014439011,0.0001374432384870783,0.0,0.0,98/95,2.6764350337195566,2.5750000000000006,120.0,False
Dynamic: 24-month IV/RV z-score,2021-07-02,1120541.7696239718,-368.00981713643904,1120173.7598068353,321.17220404627733,0.00028679864439462577,0.0,0.0,98/95,2.6764350337195566,1.375,120.0,False
Dynamic: 24-month IV/RV z-score,2021-07-06,1120541.7696239718,-434.92069297942794,1120106.8489309924,-66.91087584290653,-5.97325863573861e-05,0.0,0.0,98/95,2.6764350337195566,1.625,120.0,False
Dynamic: 24-month IV/RV z-score,2021-07-07,1120541.7696239718,-287.7167661248524,1120254.052857847,147.20392685453407,0.00013141954001527623,0.0,0.0,98/95,2.6764350337195566,1.0750000000000004,120.0,False
Dynamic: 24-month IV/RV z-score,2021-07-08,1120541.7696239718,-702.5641963513837,1119839.2054276203,-414.8474302266259,-0.00037031549153365706,0.0,0.0,98/95,2.6764350337195566,2.625,120.0,False
Dynamic: 24-month IV/RV z-score,2021-07-09,1120541.7696239718,-160.58610202317337,1120381.1835219485,541.9780943281949,0.0004839784959316251,0.0,0.0,98/95,2.6764350337195566,0.5999999999999999,120.0,False
Dynamic: 24-month IV/RV z-score,2021-07-12,1120541.7696239718,-66.91087584298893,1120474.8587481289,93.67522618034855,8.36101387260424e-05,0.0,0.0,98/95,2.6764350337195566,0.25000000000000006,120.0,False
Dynamic: 24-month IV/RV z-score,2021-07-13,1120541.7696239718,-80.29305101158668,1120461.4765729601,-13.382175168721005,-1.1943306950867871e-05,0.0,0.0,98/95,2.6764350337195566,0.29999999999999993,120.0,False
Dynamic: 24-month IV/RV z-score,2021-07-14,1120541.7696239718,-33.45543792149445,1120508.3141860503,46.83761309017427,4.180207358261967e-05,0.0,0.0,98/95,2.6764350337195566,0.12499999999999997,120.0,False
Dynamic: 24-month IV/RV z-score,2021-07-15,1120541.7696239718,-13.382175168597783,1120528.3874488033,20.073262752965093,1.791442553233935e-05,0.0,0.0,98/95,2.6764350337195566,0.05,120.0,False
Dynamic: 24-month IV/RV z-score,2021-07-16,1126218.0734128852,-5748.811319063867,1120469.2620938213,-59.12535498198122,-5.276560205369485e-05,72.50753015035508,0.0,98/95,2.5895546482269673,22.199999999999996,130.0,False
Dynamic: 24-month IV/RV z-score,2021-07-19,1126218.0734128852,-7988.776089780193,1118229.297323105,-2239.964770716382,-0.00199913094137949,0.0,0.0,98/95,2.5895546482269673,30.849999999999994,130.0,False
Dynamic: 24-month IV/RV z-score,2021-07-20,1126218.0734128852,-5321.534802106417,1120896.5386107787,2667.2412876738235,0.002385236457369544,0.0,0.0,98/95,2.5895546482269673,20.549999999999997,130.0,False
Dynamic: 24-month IV/RV z-score,2021-07-21,1126218.0734128852,-4143.28743716315,1122074.7859757221,1178.2473649433814,0.0010511651382238973,0.0,0.0,98/95,2.5895546482269673,16.000000000000007,130.0,False
Dynamic: 24-month IV/RV z-score,2021-07-22,1126218.0734128852,-3819.5931061347787,1122398.4803067504,323.6943310282659,0.00028847839295020883,0.0,0.0,98/95,2.5895546482269673,14.750000000000007,130.0,False
Dynamic: 24-month IV/RV z-score,2021-07-23,1126218.0734128852,-2783.77124684399,1123434.3021660412,1035.8218592908233,0.0009228646309353827,0.0,0.0,98/95,2.5895546482269673,10.75,130.0,False
Dynamic: 24-month IV/RV z-score,2021-07-26,1126218.0734128852,-2498.9202355390235,1123719.153177346,284.8510113048833,0.0002535537776937602,0.0,0.0,98/95,2.5895546482269673,9.65,130.0,False
Dynamic: 24-month IV/RV z-score,2021-07-27,1126218.0734128852,-3327.5777229716527,1122890.4956899136,-828.6574874324724,-0.0007374240130102461,0.0,0.0,98/95,2.5895546482269673,12.849999999999998,130.0,False
Dynamic: 24-month IV/RV z-score,2021-07-28,1126218.0734128852,-2913.248979255339,1123304.8244336299,414.3287437162362,0.00036898410424401895,0.0,0.0,98/95,2.5895546482269673,11.250000000000002,130.0,False
Dynamic: 24-month IV/RV z-score,2021-07-29,1126218.0734128852,-2382.39027636881,1123835.6831365165,530.8587028866168,0.0004725865066539381,0.0,0.0,98/95,2.5895546482269673,9.200000000000001,130.0,False
Dynamic: 24-month IV/RV z-score,2021-07-30,1126218.0734128852,-2576.6068749858323,1123641.4665378993,-194.2165986171458,-0.0001728158320041251,0.0,0.0,98/95,2.5895546482269673,9.95,130.0,False
Dynamic: 24-month IV/RV z-score,2021-08-02,1126218.0734128852,-2770.823473602855,1123447.2499392824,-194.21659861691296,-0.0001728457024777752,0.0,0.0,98/95,2.5895546482269673,10.7,130.0,False
Dynamic: 24-month IV/RV z-score,2021-08-03,1126218.0734128852,-1903.322666446821,1124314.7507464383,867.500807155855,0.0007721776053151164,0.0,0.0,98/95,2.5895546482269673,7.35,130.0,False
Dynamic: 24-month IV/RV z-score,2021-08-04,1126218.0734128852,-1942.1659861702256,1124275.907426715,-38.84331972338259,-3.454843912487071e-05,0.0,0.0,98/95,2.5895546482269673,7.5,130.0,False
Dynamic: 24-month IV/RV z-score,2021-08-05,1126218.0734128852,-1385.4117368014279,1124832.6616760837,556.7542493687943,0.0004952114029046495,0.0,0.0,98/95,2.5895546482269673,5.350000000000001,130.0,False
Dynamic: 24-month IV/RV z-score,2021-08-06,1126218.0734128852,-835.1313740531969,1125382.942038832,550.2803627483081,0.0004892108679777074,0.0,0.0,98/95,2.5895546482269673,3.2249999999999996,130.0,False
Dynamic: 24-month IV/RV z-score,2021-08-09,1126218.0734128852,-744.4969613652529,1125473.57645152,90.63441268797033,8.0536508331841e-05,0.0,0.0,98/95,2.5895546482269673,2.874999999999999,130.0,False
Dynamic: 24-month IV/RV z-score,2021-08-10,1126218.0734128852,-679.7580951595789,1125538.3153177255,64.73886620556004,5.752144480331012e-05,0.0,0.0,98/95,2.5895546482269673,2.625,130.0,False
Dynamic: 24-month IV/RV z-score,2021-08-11,1126218.0734128852,-369.0115373723429,1125849.0618755128,310.74655778729357,0.00027608705413073586,0.0,0.0,98/95,2.5895546482269673,1.4250000000000003,130.0,False
Dynamic: 24-month IV/RV z-score,2021-08-12,1126218.0734128852,-226.58603171985965,1125991.4873811654,142.42550565255806,0.00012650497342447942,0.0,0.0,98/95,2.5895546482269673,0.875,130.0,False
Dynamic: 24-month IV/RV z-score,2021-08-13,1126218.0734128852,-129.47773241134837,1126088.5956804738,97.10829930845648,8.624248086830377e-05,0.0,0.0,98/95,2.5895546482269673,0.5,130.0,False
Dynamic: 24-month IV/RV z-score,2021-08-16,1126218.0734128852,-90.63441268794382,1126127.4390001972,38.84331972338259,3.449401749766601e-05,0.0,0.0,98/95,2.5895546482269673,0.34999999999999987,130.0,False
Dynamic: 24-month IV/RV z-score,2021-08-17,1126218.0734128852,-187.74271199645517,1126030.3307008888,-97.10829930845648,-8.623206925373328e-05,0.0,0.0,98/95,2.5895546482269673,0.7250000000000001,130.0,False
Dynamic: 24-month IV/RV z-score,2021-08-18,1126218.0734128852,-530.8587028865282,1125687.2147099986,-343.11599089019,-0.00030471292072264955,0.0,0.0,98/95,2.5895546482269673,2.05,130.0,False
Dynamic: 24-month IV/RV z-score,2021-08-19,1126218.0734128852,-103.5821859290787,1126114.491226956,427.27651695744134,0.000379569485531972,0.0,0.0,98/95,2.5895546482269673,0.4,130.0,False
Dynamic: 24-month IV/RV z-score,2021-08-20,1130818.8716039967,-4678.133184128241,1126140.7384198685,26.247192912502214,2.330774811709624e-05,77.33499301675182,0.0,98/95,2.5355735415329224,18.449999999999996,135.0,False
Dynamic: 24-month IV/RV z-score,2021-08-23,1130818.8716039967,-2966.6210435935195,1127852.250560403,1711.5121405345853,0.0015198030602605606,0.0,0.0,98/95,2.5355735415329224,11.700000000000001,135.0,False
Dynamic: 24-month IV/RV z-score,2021-08-24,1130818.8716039967,-2877.8759696398665,1127940.9956343567,88.74507395364344,7.868501739438649e-05,0.0,0.0,98/95,2.5355735415329224,11.349999999999998,135.0,False
Dynamic: 24-month IV/RV z-score,2021-08-25,1130818.8716039967,-2459.5063352869342,1128359.3652687098,418.3696343530901,0.000370914468019512,0.0,0.0,98/95,2.5355735415329224,9.699999999999998,135.0,False
Dynamic: 24-month IV/RV z-score,2021-08-26,1130818.8716039967,-3334.2792071157924,1127484.592396881,-874.7728718288708,-0.0007752608776553371,0.0,0.0,98/95,2.5355735415329224,13.149999999999999,135.0,False
Dynamic: 24-month IV/RV z-score,2021-08-27,1130818.8716039967,-1889.002288442027,1128929.8693155546,1445.276918673655,0.0012818595734431781,0.0,0.0,98/95,2.5355735415329224,7.449999999999999,135.0,False
Dynamic: 24-month IV/RV z-score,2021-08-30,1130818.8716039967,-1407.2433155507722,1129411.628288446,481.75897289137356,0.00042673950436222796,0.0,0.0,98/95,2.5355735415329224,5.550000000000001,135.0,False
Dynamic: 24-month IV/RV z-score,2021-08-31,1130818.8716039967,-1369.2097124277782,1129449.661891569,38.03360312292352,3.367559016598243e-05,0.0,0.0,98/95,2.5355735415329224,5.4,135.0,False
Dynamic: 24-month IV/RV z-score,2021-09-01,1130818.8716039967,-1293.1425061817904,1129525.729097815,76.06720624607988,6.734891231774398e-05,0.0,0.0,98/95,2.5355735415329224,5.1,135.0,False
Dynamic: 24-month IV/RV z-score,2021-09-02,1130818.8716039967,-1141.008093689815,1129677.863510307,152.13441249192692,0.00013468875349431642,0.0,0.0,98/95,2.5355735415329224,4.5,135.0,False
Dynamic: 24-month IV/RV z-score,2021-09-03,1130818.8716039967,-887.4507395365229,1129931.4208644603,253.55735415336676,0.00022445102479529133,0.0,0.0,98/95,2.5355735415329224,3.5,135.0,False
Dynamic: 24-month IV/RV z-score,2021-09-07,1130818.8716039967,-1090.2966228591563,1129728.5749811376,-202.84588332264684,-0.00017952052627001613,0.0,0.0,98/95,2.5355735415329224,4.299999999999999,135.0,False
Dynamic: 24-month IV/RV z-score,2021-09-08,1130818.8716039967,-988.8736811978396,1129829.9979227989,101.422941661207,8.977637983798026e-05,0.0,0.0,98/95,2.5355735415329224,3.8999999999999995,135.0,False
Dynamic: 24-month IV/RV z-score,2021-09-09,1130818.8716039967,-1331.1761093047842,1129487.6954946918,-342.3024281070102,-0.00030296808257557206,0.0,0.0,98/95,2.5355735415329224,5.25,135.0,False
Dynamic: 24-month IV/RV z-score,2021-09-10,1130818.8716039967,-2028.458833226338,1128790.4127707705,-697.2827239213511,-0.0006173442408471397,0.0,0.0,98/95,2.5355735415329224,8.0,135.0,False
Dynamic: 24-month IV/RV z-score,2021-09-13,1130818.8716039967,-1102.974490566821,1129715.8971134298,925.4843426593579,0.0008198903287879311,0.0,0.0,98/95,2.5355735415329224,4.35,135.0,False
Dynamic: 24-month IV/RV z-score,2021-09-14,1130818.8716039967,-1153.6859613974796,1129665.1856425994,-50.71147083048709,-4.488869366192638e-05,0.0,0.0,98/95,2.5355735415329224,4.55,135.0,False
Dynamic: 24-month IV/RV z-score,2021-09-15,1130818.8716039967,-171.15121405347227,1130647.7203899433,982.534747343976,0.0008697574819791498,0.0,0.0,98/95,2.5355735415329224,0.675,135.0,False
Dynamic: 24-month IV/RV z-score,2021-09-16,1130818.8716039967,-126.77867707664609,1130692.0929269202,44.37253697682172,3.9245236316043375e-05,0.0,0.0,98/95,2.5355735415329224,0.4999999999999999,135.0,False
Dynamic: 24-month IV/RV z-score,2021-09-17,1136397.726375705,-5663.03502203589,1130734.6913536692,42.59842674899846,3.7674648134089495e-05,84.18025032755824,0.0,98/95,2.5509166765927445,22.19999999999999,135.0,False
Dynamic: 24-month IV/RV z-score,2021-09-20,1136397.726375705,-9042.999618521279,1127354.726757184,-3379.9645964852534,-0.0029891756415811876,0.0,0.0,98/95,2.5509166765927445,35.449999999999996,135.0,False
Dynamic: 24-month IV/RV z-score,2021-09-21,1136397.726375705,-9310.845869563516,1127086.8805061416,-267.8462510423269,-0.00023758826275810385,0.0,0.0,98/95,2.5509166765927445,36.5,135.0,False
Dynamic: 24-month IV/RV z-score,2021-09-22,1136397.726375705,-6670.6471092900265,1129727.079266415,2640.1987602734007,0.0023424979972153093,0.0,0.0,98/95,2.5509166765927445,26.15,135.0,False
Dynamic: 24-month IV/RV z-score,2021-09-23,1136397.726375705,-4183.5033496121005,1132214.223026093,2487.143759678118,0.0022015438996940695,0.0,0.0,98/95,2.5509166765927445,16.4,135.0,False
Dynamic: 24-month IV/RV z-score,2021-09-24,1136397.726375705,-3635.056264144661,1132762.6701115605,548.4470854674,0.0004844022220473754,0.0,0.0,98/95,2.5509166765927445,14.25,135.0,False
Dynamic: 24-month IV/RV z-score,2021-09-27,1136397.726375705,-3953.920848718754,1132443.8055269863,-318.86458457424305,-0.00028149284310619027,0.0,0.0,98/95,2.5509166765927445,15.5,135.0,False
Dynamic: 24-month IV/RV z-score,2021-09-28,1136397.726375705,-8583.834616734583,1127813.8917589705,-4629.913768015802,-0.004088426944824253,0.0,0.0,98/95,2.5509166765927445,33.64999999999999,135.0,False
Dynamic: 24-month IV/RV z-score,2021-09-29,1136397.726375705,-7907.841697437509,1128489.8846782676,675.9929192971904,0.000599383394934927,0.0,0.0,98/95,2.5509166765927445,31.000000000000004,135.0,False
Dynamic: 24-month IV/RV z-score,2021-09-30,1136397.726375705,-11007.205459497693,1125390.5209162075,-3099.3637620601803,-0.0027464701315810247,0.0,0.0,98/95,2.5509166765927445,43.150000000000006,135.0,False
Dynamic: 24-month IV/RV z-score,2021-10-01,1136397.726375705,-8124.66961494789,1128273.0567607572,2882.5358445497695,0.002561364958186374,0.0,0.0,98/95,2.5509166765927445,31.849999999999998,135.0,False
Dynamic: 24-month IV/RV z-score,2021-10-04,1136397.726375705,-11887.27171292219,1124510.4546627828,-3762.6020979743917,-0.003334832889457351,0.0,0.0,98/95,2.5509166765927445,46.6,135.0,False
Dynamic: 24-month IV/RV z-score,2021-10-05,1136397.726375705,-8481.797949670876,1127915.9284260343,3405.4737632514443,0.003028405604528217,0.0,0.0,98/95,2.5509166765927445,33.25,135.0,False
Dynamic: 24-month IV/RV z-score,2021-10-06,1136397.726375705,-7282.867111672286,1129114.859264033,1198.9308379986323,0.0010629611727104304,0.0,0.0,98/95,2.5509166765927445,28.550000000000004,135.0,False
Dynamic: 24-month IV/RV z-score,2021-10-07,1136397.726375705,-4540.631684335084,1131857.09469137,2742.235427337,0.0024286594094815595,0.0,0.0,98/95,2.5509166765927445,17.799999999999997,135.0,False
Dynamic: 24-month IV/RV z-score,2021-10-08,1136397.726375705,-4502.367934186193,1131895.3584415189,38.263750148937106,3.3806167164085466e-05,0.0,0.0,98/95,2.5509166765927445,17.65,135.0,False
Dynamic: 24-month IV/RV z-score,2021-10-11,1136397.726375705,-6339.02794133297,1130058.6984343722,-1836.6600071466528,-0.0016226411685931197,0.0,0.0,98/95,2.5509166765927445,24.85,135.0,False
Dynamic: 24-month IV/RV z-score,2021-10-12,1136397.726375705,-7066.039194161902,1129331.687181543,-727.0112528291065,-0.0006433393715179481,0.0,0.0,98/95,2.5509166765927445,27.7,135.0,False
Dynamic: 24-month IV/RV z-score,2021-10-13,1136397.726375705,-3482.0012635490957,1132915.725112156,3584.037930612918,0.0031735919316648875,0.0,0.0,98/95,2.5509166765927445,13.649999999999999,135.0,False
Dynamic: 24-month IV/RV z-score,2021-10-14,1136397.726375705,-121.16854213815533,1136276.557833567,3360.8327214110177,0.002966533738489874,0.0,0.0,98/95,2.5509166765927445,0.4749999999999999,135.0,False
Dynamic: 24-month IV/RV z-score,2021-10-15,1141301.5463583397,-4968.628176237689,1136332.918182102,56.36034853500314,4.960090758410196e-05,64.80819360310146,0.0,98/95,2.5414977883568746,19.549999999999997,130.0,False
Dynamic: 24-month IV/RV z-score,2021-10-18,1141301.5463583397,-4447.62112962453,1136853.9252287152,521.0070466131438,0.0004584985951534559,0.0,0.0,98/95,2.5414977883568746,17.499999999999996,130.0,False
Dynamic: 24-month IV/RV z-score,2021-10-19,1141301.5463583397,-3443.729503223565,1137857.816855116,1003.8916264008731,0.0008830436383451268,0.0,0.0,98/95,2.5414977883568746,13.55,130.0,False
Dynamic: 24-month IV/RV z-score,2021-10-20,1141301.5463583397,-3087.9198128536023,1138213.626545486,355.8096903699916,0.0003127013631223363,0.0,0.0,98/95,2.5414977883568746,12.149999999999999,130.0,False
Dynamic: 24-month IV/RV z-score,2021-10-21,1141301.5463583397,-2732.11012248364,1138569.436235856,355.8096903699916,0.0003126036115468356,0.0,0.0,98/95,2.5414977883568746,10.75,130.0,False
Dynamic: 24-month IV/RV z-score,2021-10-22,1141301.5463583397,-2910.0149676686215,1138391.5313906712,-177.90484518487938,-0.00015625296053356497,0.0,0.0,98/95,2.5414977883568746,11.45,130.0,False
Dynamic: 24-month IV/RV z-score,2021-10-25,1141301.5463583397,-2300.055498462971,1139001.4908598769,609.9594692056999,0.0005358081577262475,0.0,0.0,98/95,2.5414977883568746,9.049999999999999,130.0,False
Dynamic: 24-month IV/RV z-score,2021-10-26,1141301.5463583397,-2300.0554984629716,1139001.4908598769,0.0,0.0,0.0,0.0,98/95,2.5414977883568746,9.05,130.0,False
Dynamic: 24-month IV/RV z-score,2021-10-27,1141301.5463583397,-2782.940078250778,1138518.606280089,-482.88457978796214,-0.000423954300027618,0.0,0.0,98/95,2.5414977883568746,10.95,130.0,False
Dynamic: 24-month IV/RV z-score,2021-10-28,1141301.5463583397,-2033.1982306854993,1139268.3481276543,749.7418475653976,0.0006585240183425434,0.0,0.0,98/95,2.5414977883568746,7.999999999999998,130.0,False
Dynamic: 24-month IV/RV z-score,2021-10-29,1141301.5463583397,-1766.3409629080277,1139535.2053954317,266.8572677774355,0.00023423565502889154,0.0,0.0,98/95,2.5414977883568746,6.949999999999999,130.0,False
Dynamic: 24-month IV/RV z-score,2021-11-01,1141301.5463583397,-1524.8986730141244,1139776.6476853257,241.44228989398107,0.0002118778680559874,0.0,0.0,98/95,2.5414977883568746,5.999999999999998,130.0,False
Dynamic: 24-month IV/RV z-score,2021-11-02,1141301.5463583397,-1194.5039605277314,1140107.042397812,330.39471248630434,0.00028987671677360716,0.0,0.0,98/95,2.5414977883568746,4.700000000000001,130.0,False
Dynamic: 24-month IV/RV z-score,2021-11-03,1141301.5463583397,-698.9118917981408,1140602.6344665415,495.5920687294565,0.00043468906892041304,0.0,0.0,98/95,2.5414977883568746,2.750000000000001,130.0,False
Dynamic: 24-month IV/RV z-score,2021-11-04,1141301.5463583397,-508.2995576713748,1140793.2468006683,190.61233412683941,0.0001671154601672331,0.0,0.0,98/95,2.5414977883568746,1.9999999999999996,130.0,False
Dynamic: 24-month IV/RV z-score,2021-11-05,1141301.5463583397,-457.4696019042376,1140844.0767564354,50.829955767141655,4.455667660163698e-05,0.0,0.0,98/95,2.5414977883568746,1.8000000000000007,130.0,False
Dynamic: 24-month IV/RV z-score,2021-11-08,1141301.5463583397,-343.1022014281781,1140958.4441569115,114.36740047601052,0.0001002480556335783,0.0,0.0,98/95,2.5414977883568746,1.35,130.0,False
Dynamic: 24-month IV/RV z-score,2021-11-09,1141301.5463583397,-368.5171793117469,1140933.029179028,-25.414977883454412,-2.2275112659508878e-05,0.0,0.0,98/95,2.5414977883568746,1.4500000000000002,130.0,False
Dynamic: 24-month IV/RV z-score,2021-11-10,1141301.5463583397,-482.8845797878063,1140818.661778552,-114.36740047601052,-0.0001002402398310176,0.0,0.0,98/95,2.5414977883568746,1.9000000000000004,130.0,False
Dynamic: 24-month IV/RV z-score,2021-11-11,1141301.5463583397,-241.44228989390314,1141060.1040684457,241.44228989374824,0.00021163949888181044,0.0,0.0,98/95,2.5414977883568746,0.9500000000000002,130.0,False
Dynamic: 24-month IV/RV z-score,2021-11-12,1141301.5463583397,-101.65991153427503,1141199.8864468054,139.78237835969776,0.00012250220462650674,0.0,0.0,98/95,2.5414977883568746,0.40000000000000013,130.0,False
Dynamic: 24-month IV/RV z-score,2021-11-15,1141301.5463583397,-25.414977883568735,1141276.1313804563,76.2449336508289,6.681119982254735e-05,0.0,0.0,98/95,2.5414977883568746,0.09999999999999995,130.0,False
Dynamic: 24-month IV/RV z-score,2021-11-16,1141301.5463583397,-38.122466825353115,1141263.4238915143,-12.707488941960037,-1.113445606415464e-05,0.0,0.0,98/95,2.5414977883568746,0.14999999999999997,130.0,False
Dynamic: 24-month IV/RV z-score,2021-11-17,1141301.5463583397,-25.41497788356875,1141276.1313804563,12.707488941960037,1.11345800417606e-05,0.0,0.0,98/95,2.5414977883568746,0.1,130.0,False
Dynamic: 24-month IV/RV z-score,2021-11-18,1141301.5463583397,-12.707488941784371,1141288.838869398,12.707488941727206,1.1134456064043619e-05,0.0,0.0,98/95,2.5414977883568746,0.04999999999999999,130.0,False
Dynamic: 24-month IV/RV z-score,2021-11-19,1146025.428373824,-4773.683805824955,1141251.7445679992,-37.09430139884353,-3.250211527139335e-05,49.80179034066966,0.0,98/95,2.429355626374022,19.650000000000006,140.0,False
Dynamic: 24-month IV/RV z-score,2021-11-22,1146025.428373824,-5247.408152967886,1140778.0202208562,-473.7243471429683,-0.00041509189308819305,0.0,0.0,98/95,2.429355626374022,21.599999999999994,140.0,False
Dynamic: 24-month IV/RV z-score,2021-11-23,1146025.428373824,-5490.34371560529,1140535.0846582188,-242.93556263740174,-0.0002129560338043346,0.0,0.0,98/95,2.429355626374022,22.6,140.0,False
Dynamic: 24-month IV/RV z-score,2021-11-24,1146025.428373824,-4530.748243187552,1141494.6801306366,959.5954724177718,0.0008413555052586563,0.0,0.0,98/95,2.429355626374022,18.650000000000006,140.0,False
Dynamic: 24-month IV/RV z-score,2021-11-26,1146025.428373824,-10008.945180660974,1136016.483193163,-5478.196937473491,-0.004799143642830295,0.0,0.0,98/95,2.429355626374022,41.20000000000002,140.0,False
Dynamic: 24-month IV/RV z-score,2021-11-29,1146025.428373824,-6547.113413077988,1139478.314960746,3461.831767583033,0.003047342902853245,0.0,0.0,98/95,2.429355626374022,26.949999999999996,140.0,False
Dynamic: 24-month IV/RV z-score,2021-11-30,1146025.428373824,-10130.412961979673,1135895.0154118445,-3583.2995489016175,-0.0031446842838996902,0.0,0.0,98/95,2.429355626374022,41.7,140.0,False
Dynamic: 24-month IV/RV z-score,2021-12-01,1146025.428373824,-13762.299623408837,1132263.1287504153,-3631.886661429191,-0.0031973788177178664,0.0,0.0,98/95,2.429355626374022,56.650000000000006,140.0,False
Dynamic: 24-month IV/RV z-score,2021-12-02,1146025.428373824,-10458.375971540165,1135567.052402284,3303.9236518687103,0.0029179821968723374,0.0,0.0,98/95,2.429355626374022,43.05,140.0,False
Dynamic: 24-month IV/RV z-score,2021-12-03,1146025.428373824,-12377.566916375643,1133647.8614574485,-1919.1909448355436,-0.0016900727621284029,0.0,0.0,98/95,2.429355626374022,50.95,140.0,False
Dynamic: 24-month IV/RV z-score,2021-12-06,1146025.428373824,-9280.138492748765,1136745.2898810753,3097.428423626814,0.002732266807829342,0.0,0.0,98/95,2.429355626374022,38.2,140.0,False
Dynamic: 24-month IV/RV z-score,2021-12-07,1146025.428373824,-3947.7028928577856,1142077.7254809663,5332.435599891003,0.004690967842452043,0.0,0.0,98/95,2.429355626374022,16.25,140.0,False
Dynamic: 24-month IV/RV z-score,2021-12-08,1146025.428373824,-3012.4009767037874,1143013.0273971204,935.3019161541015,0.0008189476909377102,0.0,0.0,98/95,2.429355626374022,12.4,140.0,False
Dynamic: 24-month IV/RV z-score,2021-12-09,1146025.428373824,-4470.0143525282,1141555.414021296,-1457.6133758244105,-0.001275237762725867,0.0,0.0,98/95,2.429355626374022,18.4,140.0,False
Dynamic: 24-month IV/RV z-score,2021-12-10,1146025.428373824,-1797.7231635167761,1144227.7052103074,2672.291189011419,0.0023409211293543564,0.0,0.0,98/95,2.429355626374022,7.3999999999999995,140.0,False
Dynamic: 24-month IV/RV z-score,2021-12-13,1146025.428373824,-3115.648590824683,1142909.7797829993,-1317.9254273080733,-0.0011518034577443492,0.0,0.0,98/95,2.429355626374022,12.825,140.0,False
Dynamic: 24-month IV/RV z-score,2021-12-14,1146025.428373824,-5162.380706044797,1140863.0476677793,-2046.7321152200457,-0.0017908081210125104,0.0,0.0,98/95,2.429355626374022,21.25,140.0,False
Dynamic: 24-month IV/RV z-score,2021-12-15,1146025.428373824,-607.3389065935055,1145418.0894672305,4555.0417994512245,0.0039926280448499,0.0,0.0,98/95,2.429355626374022,2.5,140.0,False
Dynamic: 24-month IV/RV z-score,2021-12-16,1146025.428373824,-886.714803626518,1145138.7135701976,-279.37589703290723,-0.00024390735540313901,0.0,0.0,98/95,2.429355626374022,3.65,140.0,False
Dynamic: 24-month IV/RV z-score,2021-12-17,1152739.4133257251,-6820.634879101488,1145918.7784466236,780.0648764260113,0.00068119684295187,106.64992720049597,0.0,98/95,2.480230865127813,27.500000000000007,140.0,False
Dynamic: 24-month IV/RV z-score,2021-12-20,1152739.4133257251,-8469.988404411479,1144269.4249213135,-1649.3535253100563,-0.0014393284727787226,0.0,0.0,98/95,2.480230865127813,34.14999999999999,140.0,False
Dynamic: 24-month IV/RV z-score,2021-12-21,1152739.4133257251,-5952.554076306751,1146786.8592494184,2517.434328104835,0.002200036349199852,0.0,0.0,98/95,2.480230865127813,24.0,140.0,False
Dynamic: 24-month IV/RV z-score,2021-12-22,1152739.4133257251,-4092.3809274608916,1148647.0323982642,1860.173148845788,0.0016220740007983903,0.0,0.0,98/95,2.480230865127813,16.5,140.0,False
Dynamic: 24-month IV/RV z-score,2021-12-23,1152739.4133257251,-3187.09666168924,1149552.316664036,905.284265771741,0.0007881309403476866,0.0,0.0,98/95,2.480230865127813,12.850000000000001,140.0,False
Dynamic: 24-month IV/RV z-score,2021-12-27,1152739.4133257251,-1872.5743031714985,1150866.8390225535,1314.5223585176282,0.0011435080765460626,0.0,0.0,98/95,2.480230865127813,7.549999999999999,140.0,False
Dynamic: 24-month IV/RV z-score,2021-12-28,1152739.4133257251,-1649.3535253099963,1151090.059800415,223.22077786154114,0.00019395882329109604,0.0,0.0,98/95,2.480230865127813,6.650000000000002,140.0,False
Dynamic: 24-month IV/RV z-score,2021-12-29,1152739.4133257251,-1450.935056099771,1151288.4782696255,198.41846921038814,0.00017237440938799864,0.0,0.0,98/95,2.480230865127813,5.850000000000001,140.0,False
Dynamic: 24-month IV/RV z-score,2021-12-30,1152739.4133257251,-1537.7431363792439,1151201.670189346,-86.80808027950116,-7.540080693757556e-05,0.0,0.0,98/95,2.480230865127813,6.199999999999999,140.0,False
Dynamic: 24-month IV/RV z-score,2021-12-31,1152739.4133257251,-1525.3419820536046,1151214.0713436715,12.401154325576499,1.0772356092481061e-05,0.0,0.0,98/95,2.480230865127813,6.149999999999999,140.0,False
Dynamic: 24-month IV/RV z-score,2022-01-03,1152739.4133257251,-1029.2958090280424,1151710.1175166972,496.0461730256211,0.0004308896020066566,0.0,0.0,98/95,2.480230865127813,4.15,140.0,False
Dynamic: 24-month IV/RV z-score,2022-01-04,1152739.4133257251,-1029.295809028042,1151710.1175166972,0.0,0.0,0.0,0.0,98/95,2.480230865127813,4.149999999999999,140.0,False
Dynamic: 24-month IV/RV z-score,2022-01-05,1152739.4133257251,-2641.445871361121,1150097.967454364,-1612.150062333094,-0.0013997880524043715,0.0,0.0,98/95,2.480230865127813,10.65,140.0,False
Dynamic: 24-month IV/RV z-score,2022-01-06,1152739.4133257251,-2703.451642989317,1150035.9616827357,-62.00577162834816,-5.391346944605413e-05,0.0,0.0,98/95,2.480230865127813,10.900000000000002,140.0,False
Dynamic: 24-month IV/RV z-score,2022-01-07,1152739.4133257251,-2715.8527973149558,1150023.5605284101,-12.401154325576499,-1.0783275252945757e-05,0.0,0.0,98/95,2.480230865127813,10.950000000000001,140.0,False
Dynamic: 24-month IV/RV z-score,2022-01-10,1152739.4133257251,-2703.451642989316,1150035.9616827357,12.401154325576499,1.0783391533264464e-05,0.0,0.0,98/95,2.480230865127813,10.899999999999999,140.0,False
Dynamic: 24-month IV/RV z-score,2022-01-11,1152739.4133257251,-1525.341982053605,1151214.0713436715,1178.109660935821,0.0010244111490322894,0.0,0.0,98/95,2.480230865127813,6.15,140.0,False
Dynamic: 24-month IV/RV z-score,2022-01-12,1152739.4133257251,-861.8802256319152,1151877.5331000932,663.4617564217187,0.0005763148426838338,0.0,0.0,98/95,2.480230865127813,3.4750000000000005,140.0,False
Dynamic: 24-month IV/RV z-score,2022-01-13,1152739.4133257251,-2529.8354824303697,1150209.5778432947,-1667.9552567985374,-0.0014480317645483298,0.0,0.0,98/95,2.480230865127813,10.200000000000001,140.0,False
Dynamic: 24-month IV/RV z-score,2022-01-14,1152739.4133257251,-1556.3448678677028,1151183.0684578575,973.490614562761,0.0008463593359986366,0.0,0.0,98/95,2.480230865127813,6.275,140.0,False
Dynamic: 24-month IV/RV z-score,2022-01-18,1152739.4133257251,-4638.03171778901,1148101.3816079362,-3081.6868499212433,-0.0026769737449747755,0.0,0.0,98/95,2.480230865127813,18.7,140.0,False
Dynamic: 24-month IV/RV z-score,2022-01-19,1152739.4133257251,-6802.033147613027,1145937.380178112,-2164.0014298241585,-0.00188485221295831,0.0,0.0,98/95,2.480230865127813,27.424999999999997,140.0,False
Dynamic: 24-month IV/RV z-score,2022-01-20,1152739.4133257251,-13604.066295226055,1139135.347030499,-6802.033147613052,-0.005935780842192151,0.0,0.0,98/95,2.480230865127813,54.85,140.0,False
Dynamic: 24-month IV/RV z-score,2022-01-21,1133875.9751507537,-14986.822418437332,1118889.1527323164,-20246.194298182614,-0.017773300030554218,1096.3172559281597,-32753.943337480625,102/99,2.546613834908639,58.849999999999966,130.0,False
Dynamic: 24-month IV/RV z-score,2022-01-24,1133875.9751507537,-13318.790356572177,1120557.1847941815,1668.0320618650876,0.0014907929510190598,0.0,0.0,102/99,2.546613834908639,52.29999999999998,130.0,False
Dynamic: 24-month IV/RV z-score,2022-01-25,1133875.9751507537,-16527.523788557075,1117348.4513621966,-3208.7334319849033,-0.0028635160039371943,0.0,0.0,102/99,2.546613834908639,64.90000000000003,130.0,False
Dynamic: 24-month IV/RV z-score,2022-01-26,1133875.9751507537,-16387.4600276371,1117488.5151231166,140.06376091996208,0.00012535369852550993,0.0,0.0,102/99,2.546613834908639,64.35000000000002,130.0,False
Dynamic: 24-month IV/RV z-score,2022-01-27,1133875.9751507537,-17495.23704582235,1116380.7381049313,-1107.7770181852393,-0.0009913095331124389,0.0,0.0,102/99,2.546613834908639,68.69999999999999,130.0,False
Dynamic: 24-month IV/RV z-score,2022-01-28,1133875.9751507537,-13331.52342574672,1120544.451725007,4163.713620075723,0.0037296537623388026,0.0,0.0,102/99,2.546613834908639,52.34999999999998,130.0,False
Dynamic: 24-month IV/RV z-score,2022-01-31,1133875.9751507537,-9295.14049741653,1124580.8346533373,4036.3829283302184,0.0036021622543545018,0.0,0.0,102/99,2.546613834908639,36.49999999999999,130.0,False
Dynamic: 24-month IV/RV z-score,2022-02-01,1133875.9751507537,-6417.46686396977,1127458.508286784,2877.673633446684,0.002558885537413458,0.0,0.0,102/99,2.546613834908639,25.2,130.0,False
Dynamic: 24-month IV/RV z-score,2022-02-02,1133875.9751507537,-6379.267656446139,1127496.7074943075,38.199207523604855,3.388081001909349e-05,0.0,0.0,102/99,2.546613834908639,25.049999999999994,130.0,False
Dynamic: 24-month IV/RV z-score,2022-02-03,1133875.9751507537,-8671.220107863914,1125204.7550428899,-2291.9524514176883,-0.002032779728919354,0.0,0.0,102/99,2.546613834908639,34.04999999999999,130.0,False
Dynamic: 24-month IV/RV z-score,2022-02-04,1133875.9751507537,-9346.072774114706,1124529.902376639,-674.8526662508957,-0.0005997598776812385,0.0,0.0,102/99,2.546613834908639,36.7,130.0,False
Dynamic: 24-month IV/RV z-score,2022-02-07,1133875.9751507537,-9295.140497416533,1124580.8346533373,50.93227669829503,4.5292060789625666e-05,0.0,0.0,102/99,2.546613834908639,36.5,130.0,False
Dynamic: 24-month IV/RV z-score,2022-02-08,1133875.9751507537,-6773.9928008569805,1127101.9823498968,2521.1476965595502,0.002241855470831222,0.0,0.0,102/99,2.546613834908639,26.6,130.0,False
Dynamic: 24-month IV/RV z-score,2022-02-09,1133875.9751507537,-3488.8609538248356,1130387.114196929,3285.131847032113,0.0029146713416143832,0.0,0.0,102/99,2.546613834908639,13.700000000000001,130.0,False
Dynamic: 24-month IV/RV z-score,2022-02-10,1133875.9751507537,-8556.622485293026,1125319.3526654607,-5067.761531468248,-0.0044832088651936,0.0,0.0,102/99,2.546613834908639,33.599999999999994,130.0,False
Dynamic: 24-month IV/RV z-score,2022-02-11,1133875.9751507537,-14592.0972740265,1119283.8778767271,-6035.474788733525,-0.005363343991585778,0.0,0.0,102/99,2.546613834908639,57.3,130.0,False
Dynamic: 24-month IV/RV z-score,2022-02-14,1133875.9751507537,-16565.722996080694,1117310.252154673,-1973.6257220541593,-0.0017632932637233756,0.0,0.0,102/99,2.546613834908639,65.05,130.0,False
Dynamic: 24-month IV/RV z-score,2022-02-15,1133875.9751507537,-10020.925440365492,1123855.0497103883,6544.797555715311,0.005857636715580039,0.0,0.0,102/99,2.546613834908639,39.349999999999994,130.0,False
Dynamic: 24-month IV/RV z-score,2022-02-16,1133875.9751507537,-8034.566649136756,1125841.408501617,1986.3587912286166,0.0017674510531766607,0.0,0.0,102/99,2.546613834908639,31.549999999999997,130.0,False
Dynamic: 24-month IV/RV z-score,2022-02-17,1133875.9751507537,-22843.126099130488,1111032.8490516231,-14808.559449993772,-0.01315332633723476,0.0,0.0,102/99,2.546613834908639,89.69999999999999,130.0,False
Dynamic: 24-month IV/RV z-score,2022-02-18,1114455.9946581265,-13820.15101018519,1100635.8436479412,-10397.005403681891,-0.0093579639994954,134.15164899996608,-33105.97985381231,102/99,2.5311631886786055,54.60000000000002,130.0,False
Dynamic: 24-month IV/RV z-score,2022-02-22,1114455.9946581265,-15819.769929241284,1098636.224728885,-1999.6189190561417,-0.0018167852070205548,0.0,0.0,102/99,2.5311631886786055,62.5,130.0,False
Dynamic: 24-month IV/RV z-score,2022-02-23,1114455.9946581265,-20654.291619617426,1093801.703038509,-4834.521690376103,-0.004400475409018223,0.0,0.0,102/99,2.5311631886786055,81.60000000000002,130.0,False
Dynamic: 24-month IV/RV z-score,2022-02-24,1114455.9946581265,-18743.263412165074,1095712.7312459615,1911.028207452502,0.0017471431998541398,0.0,0.0,102/99,2.5311631886786055,74.05,130.0,False
Dynamic: 24-month IV/RV z-score,2022-02-25,1114455.9946581265,-12630.504311506242,1101825.4903466203,6112.759100658819,0.005578797185013862,0.0,0.0,102/99,2.5311631886786055,49.900000000000006,130.0,False
Dynamic: 24-month IV/RV z-score,2022-02-28,1114455.9946581265,-13010.178789808033,1101445.8158683185,-379.67447830177844,-0.00034458676226700735,0.0,0.0,102/99,2.5311631886786055,51.400000000000006,130.0,False
Dynamic: 24-month IV/RV z-score,2022-03-01,1114455.9946581265,-15769.146665467719,1098686.8479926588,-2758.9678756596986,-0.002504860280834298,0.0,0.0,102/99,2.5311631886786055,62.300000000000026,130.0,False
Dynamic: 24-month IV/RV z-score,2022-03-02,1114455.9946581265,-12491.290336128919,1101964.7043219975,3277.856329338625,0.002983430934235143,0.0,0.0,102/99,2.5311631886786055,49.35000000000001,130.0,False
Dynamic: 24-month IV/RV z-score,2022-03-03,1114455.9946581265,-13136.73694924196,1101319.2577088845,-645.4466131129302,-0.0005857234905813913,0.0,0.0,102/99,2.5311631886786055,51.89999999999999,130.0,False
Dynamic: 24-month IV/RV z-score,2022-03-04,1114455.9946581265,-15731.179217637535,1098724.815440489,-2594.4422683955636,-0.0023557585597775432,0.0,0.0,102/99,2.5311631886786055,62.150000000000006,130.0,False
Dynamic: 24-month IV/RV z-score,2022-03-07,1114455.9946581265,-23982.771212729785,1090473.2234453966,-8251.591995092342,-0.007510153478953008,0.0,0.0,102/99,2.5311631886786055,94.75,130.0,False
Dynamic: 24-month IV/RV z-score,2022-03-08,1114455.9946581265,-26982.199591313933,1087473.7950668125,-2999.428378584096,-0.0027505749926690637,0.0,0.0,102/99,2.5311631886786055,106.6,130.0,False
Dynamic: 24-month IV/RV z-score,2022-03-09,1114455.9946581265,-20426.48693263635,1094029.5077254903,6555.712658677716,0.006028386788184514,0.0,0.0,102/99,2.5311631886786055,80.70000000000002,130.0,False
Dynamic: 24-month IV/RV z-score,2022-03-10,1114455.9946581265,-23058.896648862094,1091397.0980092643,-2632.4097162259277,-0.002406159703771338,0.0,0.0,102/99,2.5311631886786055,91.1,130.0,False
Dynamic: 24-month IV/RV z-score,2022-03-11,1114455.9946581265,-27564.36712471001,1086891.6275334165,-4505.470475847833,-0.004128167908881153,0.0,0.0,102/99,2.5311631886786055,108.89999999999999,130.0,False
Dynamic: 24-month IV/RV z-score,2022-03-14,1114455.9946581265,-29627.265123483074,1084828.7295346435,-2062.897998773027,-0.0018979794733119393,0.0,0.0,102/99,2.5311631886786055,117.04999999999998,130.0,False
Dynamic: 24-month IV/RV z-score,2022-03-15,1114455.9946581265,-26311.441346314106,1088144.5533118125,3315.823777168989,0.0030565412648975165,0.0,0.0,102/99,2.5311631886786055,103.95000000000002,130.0,False
Dynamic: 24-month IV/RV z-score,2022-03-16,1114455.9946581265,-16781.611940939154,1097674.3827171873,9529.829405374825,0.008757870796090916,0.0,0.0,102/99,2.5311631886786055,66.3,130.0,False
Dynamic: 24-month IV/RV z-score,2022-03-17,1114455.9946581265,-9390.615429997626,1105065.3792281288,7390.996510941535,0.006733323312734907,0.0,0.0,102/99,2.5311631886786055,37.1,130.0,False
Dynamic: 24-month IV/RV z-score,2022-03-18,1121096.8549531011,-6729.504980243114,1114367.349972858,9301.970744729275,0.008417575031828939,88.64468526850854,0.0,98/95,2.497033387845311,26.950000000000003,135.0,False
Dynamic: 24-month IV/RV z-score,2022-03-21,1121096.8549531011,-6642.108811668528,1114454.7461414326,87.39616857445799,7.842671321678374e-05,0.0,0.0,98/95,2.497033387845311,26.6,135.0,False
Dynamic: 24-month IV/RV z-score,2022-03-22,1121096.8549531011,-4931.640940994488,1116165.2140121066,1710.467870674096,0.0015348024463051058,0.0,0.0,98/95,2.497033387845311,19.749999999999996,135.0,False
Dynamic: 24-month IV/RV z-score,2022-03-23,1121096.8549531011,-6816.901148817698,1114279.9538042834,-1885.2602078232449,-0.0016890512122722523,0.0,0.0,98/95,2.497033387845311,27.299999999999997,135.0,False
Dynamic: 24-month IV/RV z-score,2022-03-24,1121096.8549531011,-4507.145265060787,1116589.7096880404,2309.755883757025,0.0020728685604287644,0.0,0.0,98/95,2.497033387845311,18.050000000000004,135.0,False
Dynamic: 24-month IV/RV z-score,2022-03-25,1121096.8549531011,-3670.639080132608,1117426.2158729685,836.5061849281192,0.0007491616460999495,0.0,0.0,98/95,2.497033387845311,14.700000000000003,135.0,False
Dynamic: 24-month IV/RV z-score,2022-03-28,1121096.8549531011,-2347.211384574593,1118749.6435685265,1323.4276955579408,0.0011843535409843398,0.0,0.0,98/95,2.497033387845311,9.400000000000002,135.0,False
Dynamic: 24-month IV/RV z-score,2022-03-29,1121096.8549531011,-1385.8535302541477,1119711.001422847,961.3578543204349,0.0008593145569673055,0.0,0.0,98/95,2.497033387845311,5.550000000000001,135.0,False
Dynamic: 24-month IV/RV z-score,2022-03-30,1121096.8549531011,-1548.1607004640925,1119548.694252637,-162.30717020994052,-0.00014495451951768157,0.0,0.0,98/95,2.497033387845311,6.199999999999999,135.0,False
Dynamic: 24-month IV/RV z-score,2022-03-31,1121096.8549531011,-2397.1520523314985,1118699.7029007697,-848.9913518673275,-0.000758333564431557,0.0,0.0,98/95,2.497033387845311,9.6,135.0,False
Dynamic: 24-month IV/RV z-score,2022-04-01,1121096.8549531011,-1860.289873944757,1119236.5650791563,536.8621783866547,0.0004798983829124026,0.0,0.0,98/95,2.497033387845311,7.450000000000001,135.0,False
Dynamic: 24-month IV/RV z-score,2022-04-04,1121096.8549531011,-699.1693485966869,1120397.6856045045,1161.120525348233,0.0010374219012994068,0.0,0.0,98/95,2.497033387845311,2.799999999999999,135.0,False
Dynamic: 24-month IV/RV z-score,2022-04-05,1121096.8549531011,-1835.3195400663035,1119261.5354130347,-1136.1501914698165,-0.001014059745095608,0.0,0.0,98/95,2.497033387845311,7.35,135.0,False
Dynamic: 24-month IV/RV z-score,2022-04-06,1121096.8549531011,-3021.4103992928267,1118075.4445538083,-1186.0908592264168,-0.0010597084074623897,0.0,0.0,98/95,2.497033387845311,12.100000000000001,135.0,False
Dynamic: 24-month IV/RV z-score,2022-04-07,1121096.8549531011,-2010.1118772154755,1119086.7430758856,1011.298522077268,0.0009044993582529859,0.0,0.0,98/95,2.497033387845311,8.05,135.0,False
Dynamic: 24-month IV/RV z-score,2022-04-08,1121096.8549531011,-1573.131034342546,1119523.7239187586,436.98084287298843,0.0003904798672460519,0.0,0.0,98/95,2.497033387845311,6.3,135.0,False
Dynamic: 24-month IV/RV z-score,2022-04-11,1121096.8549531011,-5093.948111204435,1116002.9068418967,-3520.8170768618584,-0.003144924043715358,0.0,0.0,98/95,2.497033387845311,20.400000000000002,135.0,False
Dynamic: 24-month IV/RV z-score,2022-04-12,1121096.8549531011,-4219.9864254585755,1116876.8685276425,873.961685745744,0.0007831177503103692,0.0,0.0,98/95,2.497033387845311,16.9,135.0,False
Dynamic: 24-month IV/RV z-score,2022-04-13,1121096.8549531011,-449.466009812156,1120647.388943289,3770.5204156464897,0.0033759499564325335,0.0,0.0,98/95,2.497033387845311,1.8000000000000003,135.0,False
Dynamic: 24-month IV/RV z-score,2022-04-14,1135120.1689629543,-14126.679960785752,1120993.4890021686,346.1000588797033,0.00030883939256409754,103.36595093257405,0.0,102/99,2.55224570203898,55.349999999999994,130.0,False
Dynamic: 24-month IV/RV z-score,2022-04-18,1135120.1689629543,-13488.618535276011,1121631.5504276783,638.0614255096298,0.0005691928024289528,0.0,0.0,102/99,2.55224570203898,52.85000000000001,130.0,False
Dynamic: 24-month IV/RV z-score,2022-04-19,1135120.1689629543,-11918.987428522034,1123201.1815344323,1569.6311067540664,0.001399417755461263,0.0,0.0,102/99,2.55224570203898,46.69999999999999,130.0,False
Dynamic: 24-month IV/RV z-score,2022-04-20,1135120.1689629543,-10285.55017921709,1124834.6187837373,1633.4372493049596,0.0014542695254944338,0.0,0.0,102/99,2.55224570203898,40.300000000000004,130.0,False
Dynamic: 24-month IV/RV z-score,2022-04-21,1135120.1689629543,-14330.859616948866,1120789.3093460056,-4045.3094377317466,-0.003596359296005547,0.0,0.0,102/99,2.55224570203898,56.14999999999998,130.0,False
Dynamic: 24-month IV/RV z-score,2022-04-22,1135120.1689629543,-21170.878098413345,1113949.290864541,-6840.018481464591,-0.006102858427027513,0.0,0.0,102/99,2.55224570203898,82.95000000000002,130.0,False
Dynamic: 24-month IV/RV z-score,2022-04-25,1135120.1689629543,-19486.395935067612,1115633.7730278866,1684.482163345674,0.0015121713144037319,0.0,0.0,102/99,2.55224570203898,76.35,130.0,False
Dynamic: 24-month IV/RV z-score,2022-04-26,1135120.1689629543,-27143.13304118456,1107977.0359217697,-7656.737106116954,-0.006863127749652254,0.0,0.0,102/99,2.55224570203898,106.35000000000002,130.0,False
Dynamic: 24-month IV/RV z-score,2022-04-27,1135120.1689629543,-24667.454710206744,1110452.7142527476,2475.678330977913,0.0022344130344889024,0.0,0.0,102/99,2.55224570203898,96.65,130.0,False
Dynamic: 24-month IV/RV z-score,2022-04-28,1135120.1689629543,-22319.388664330876,1112800.7802986235,2348.066045875894,0.002114512410783753,0.0,0.0,102/99,2.55224570203898,87.44999999999999,130.0,False
Dynamic: 24-month IV/RV z-score,2022-04-29,1135120.1689629543,-28329.927292632678,1106790.2416703217,-6010.538628301816,-0.005401271040346378,0.0,0.0,102/99,2.55224570203898,111.0,130.0,False
Dynamic: 24-month IV/RV z-score,2022-05-02,1135120.1689629543,-28444.778349224427,1106675.3906137298,-114.85105659184046,-0.00010376948790091767,0.0,0.0,102/99,2.55224570203898,111.44999999999999,130.0,False
Dynamic: 24-month IV/RV z-score,2022-05-03,1135120.1689629543,-28304.404835612288,1106815.764127342,140.3735136121977,0.0001268425364862047,0.0,0.0,102/99,2.55224570203898,110.9,130.0,False
Dynamic: 24-month IV/RV z-score,2022-05-04,1135120.1689629543,-23034.017460901796,1112086.1515020526,5270.387374710524,0.004761756694770192,0.0,0.0,102/99,2.55224570203898,90.25,130.0,False
Dynamic: 24-month IV/RV z-score,2022-05-05,1135120.1689629543,-28980.749946652635,1106139.4190163016,-5946.732485750923,-0.005347366728484904,0.0,0.0,102/99,2.55224570203898,113.55000000000007,130.0,False
Dynamic: 24-month IV/RV z-score,2022-05-06,1135120.1689629543,-30971.501594243015,1104148.6673687112,-1990.7516475904267,-0.0017997294132785502,0.0,0.0,102/99,2.55224570203898,121.34999999999997,130.0,False
Dynamic: 24-month IV/RV z-score,2022-05-09,1135120.1689629543,-32477.326558446035,1102642.8424045083,-1505.8249642029405,-0.0013637882367701915,0.0,0.0,102/99,2.55224570203898,127.25000000000006,130.0,False
Dynamic: 24-month IV/RV z-score,2022-05-10,1135120.1689629543,-32872.92464226205,1102247.2443206923,-395.59808381600305,-0.0003587726402443092,0.0,0.0,102/99,2.55224570203898,128.79999999999995,130.0,False
Dynamic: 24-month IV/RV z-score,2022-05-11,1135120.1689629543,-32745.312357160103,1102374.8566057943,127.61228510201909,0.00011577464653189651,0.0,0.0,102/99,2.55224570203898,128.29999999999995,130.0,False
Dynamic: 24-month IV/RV z-score,2022-05-12,1135120.1689629543,-33077.104298425154,1102043.0646645292,-331.7919412651099,-0.0003009792352183238,0.0,0.0,102/99,2.55224570203898,129.5999999999999,130.0,False
Dynamic: 24-month IV/RV z-score,2022-05-13,1135120.1689629543,-33102.62675544557,1102017.5422075088,-25.52245702035725,-2.3159219307067325e-05,0.0,0.0,102/99,2.55224570203898,129.7,130.0,False
Dynamic: 24-month IV/RV z-score,2022-05-16,1135120.1689629543,-33191.95535501694,1101928.2136079373,-89.32859957148321,-8.105914484135557e-05,0.0,0.0,102/99,2.55224570203898,130.05,130.0,True
Dynamic: 24-month IV/RV z-score,2022-05-17,1135120.1689629543,-33153.67166948636,1101966.4972934679,38.28368553053588,3.474244969670082e-05,0.0,0.0,102/99,2.55224570203898,129.90000000000003,130.0,False
Dynamic: 24-month IV/RV z-score,2022-05-18,1135120.1689629543,-33179.194126506736,1101940.9748364475,-25.52245702035725,-2.3160828467094774e-05,0.0,0.0,102/99,2.55224570203898,130.0,130.0,False
Dynamic: 24-month IV/RV z-score,2022-05-19,1135120.1689629543,-33230.239040547516,1101889.9299224068,-51.0449140407145,-4.632272980709118e-05,0.0,0.0,102/99,2.55224570203898,130.2,130.0,True
Dynamic: 24-month IV/RV z-score,2022-05-20,1119500.9202194063,-17935.60450085051,1101565.3157185558,-324.61420385097153,-0.000294597668093588,375.65911789181934,-33179.194126506736,103/100,2.82450464580323,63.5,120.0,False
Dynamic: 24-month IV/RV z-score,2022-05-23,1119500.9202194063,-14235.503414848274,1105265.416804558,3700.101086002076,0.0033589484283902404,0.0,0.0,103/100,2.82450464580323,50.39999999999998,120.0,False
Dynamic: 24-month IV/RV z-score,2022-05-24,1119500.9202194063,-15817.226016498087,1103683.694202908,-1581.722601649817,-0.0014310794290685047,0.0,0.0,103/100,2.82450464580323,56.0,120.0,False
Dynamic: 24-month IV/RV z-score,2022-05-25,1119500.9202194063,-14786.281820779908,1104714.6383986264,1030.9441957182717,0.000934093890426535,0.0,0.0,103/100,2.82450464580323,52.349999999999994,120.0,False
Dynamic: 24-month IV/RV z-score,2022-05-26,1119500.9202194063,-11043.813165090627,1108457.1070543157,3742.4686556893867,0.0033877243277180558,0.0,0.0,103/100,2.82450464580323,39.099999999999994,120.0,False
Dynamic: 24-month IV/RV z-score,2022-05-27,1119500.9202194063,-6213.910220767106,1113287.009998639,4829.902944323374,0.0043573205616938004,0.0,0.0,103/100,2.82450464580323,22.0,120.0,False
Dynamic: 24-month IV/RV z-score,2022-05-31,1119500.9202194063,-7089.506660966107,1112411.41355844,-875.5964401990641,-0.0007864965928239265,0.0,0.0,103/100,2.82450464580323,25.099999999999998,120.0,False
Dynamic: 24-month IV/RV z-score,2022-06-01,1119500.9202194063,-8049.838240539205,1111451.081978867,-960.3315795729868,-0.0008632881395032044,0.0,0.0,103/100,2.82450464580323,28.499999999999996,120.0,False
Dynamic: 24-month IV/RV z-score,2022-06-02,1119500.9202194063,-4872.270514010572,1114628.6497053956,3177.567726528505,0.00285893619435873,0.0,0.0,103/100,2.82450464580323,17.25,120.0,False
Dynamic: 24-month IV/RV z-score,2022-06-03,1119500.9202194063,-6708.198533782671,1112792.7216856235,-1835.928019772051,-0.001647120787947931,0.0,0.0,103/100,2.82450464580323,23.75,120.0,False
Dynamic: 24-month IV/RV z-score,2022-06-06,1119500.9202194063,-6369.257976286285,1113131.66224312,338.9405574963894,0.0003045855269281361,0.0,0.0,103/100,2.82450464580323,22.550000000000004,120.0,False
Dynamic: 24-month IV/RV z-score,2022-06-07,1119500.9202194063,-4265.002015162877,1115235.9182042433,2104.2559611233883,0.00189039269342417,0.0,0.0,103/100,2.82450464580323,15.099999999999998,120.0,False
Dynamic: 24-month IV/RV z-score,2022-06-08,1119500.9202194063,-5521.9065825453135,1113979.013636861,-1256.9045673822984,-0.0011270302066724858,0.0,0.0,103/100,2.82450464580323,19.549999999999997,120.0,False
Dynamic: 24-month IV/RV z-score,2022-06-09,1119500.9202194063,-11665.204187167341,1107835.716032239,-6143.2976046220865,-0.005514733697330354,0.0,0.0,103/100,2.82450464580323,41.300000000000004,120.0,False
Dynamic: 24-month IV/RV z-score,2022-06-10,1119500.9202194063,-19926.880276141786,1099574.0399432646,-8261.676088974345,-0.007457492089679052,0.0,0.0,103/100,2.82450464580323,70.55,120.0,False
Dynamic: 24-month IV/RV z-score,2022-06-13,1119500.9202194063,-30179.832140407518,1089321.0880789987,-10252.951864265837,-0.009324476107852475,0.0,0.0,103/100,2.82450464580323,106.85000000000002,120.0,False
Dynamic: 24-month IV/RV z-score,2022-06-14,1119500.9202194063,-31733.309695599288,1087767.610523807,-1553.4775551918428,-0.0014260970178511245,0.0,0.0,103/100,2.82450464580323,112.35,120.0,False
Dynamic: 24-month IV/RV z-score,2022-06-15,1119500.9202194063,-30603.507837278004,1088897.4123821282,1129.801858321298,0.0010386426727462261,0.0,0.0,103/100,2.82450464580323,108.35000000000002,120.0,False
Dynamic: 24-month IV/RV z-score,2022-06-16,1119500.9202194063,-33879.93322640974,1085620.9869929964,-3276.425389131764,-0.003008938538997974,0.0,0.0,103/100,2.82450464580323,119.94999999999999,120.0,False
Dynamic: 24-month IV/RV z-score,2022-06-17,1102717.3639979747,-17252.299248054085,1085465.0647499205,-155.92224307591096,-0.0001436249344329843,141.79971984701984,-33894.05574963876,103/100,2.9541608301462468,58.400000000000006,110.0,False
Dynamic: 24-month IV/RV z-score,2022-06-21,1102717.3639979747,-13190.32810660299,1089527.0358913718,4061.9711414512713,0.0037421482029798003,0.0,0.0,103/100,2.9541608301462468,44.64999999999999,110.0,False
Dynamic: 24-month IV/RV z-score,2022-06-22,1102717.3639979747,-13160.786498301533,1089556.5774996732,29.541608301457018,2.711415809630857e-05,0.0,0.0,103/100,2.9541608301462468,44.55000000000001,110.0,False
Dynamic: 24-month IV/RV z-score,2022-06-23,1102717.3639979747,-11934.809753790834,1090782.554244184,1225.976744510699,0.001125207051958732,0.0,0.0,103/100,2.9541608301462468,40.39999999999999,110.0,False
Dynamic: 24-month IV/RV z-score,2022-06-24,1102717.3639979747,-6573.007847075398,1096144.3561508993,5361.80190671538,0.004915555245958769,0.0,0.0,103/100,2.9541608301462468,22.249999999999996,110.0,False
Dynamic: 24-month IV/RV z-score,2022-06-27,1102717.3639979747,-6129.883722553463,1096587.4802754212,443.12412452185526,0.0004042570871576334,0.0,0.0,103/100,2.9541608301462468,20.75,110.0,False
Dynamic: 24-month IV/RV z-score,2022-06-28,1102717.3639979747,-9733.959935331884,1092983.4040626427,-3604.0762127784546,-0.0032866289991504427,0.0,0.0,103/100,2.9541608301462468,32.95,110.0,False
Dynamic: 24-month IV/RV z-score,2022-06-29,1102717.3639979747,-9940.751193442118,1092776.6128045325,-206.79125811019912,-0.00018919890031410258,0.0,0.0,103/100,2.9541608301462468,33.64999999999999,110.0,False
Dynamic: 24-month IV/RV z-score,2022-06-30,1102717.3639979747,-11654.164474926944,1091063.1995230478,-1713.4132814847399,-0.0015679446845840994,0.0,0.0,103/100,2.9541608301462468,39.449999999999996,110.0,False
Dynamic: 24-month IV/RV z-score,2022-07-01,1102717.3639979747,-9202.21098590556,1093515.1530120692,2451.953489021398,0.002247306563078366,0.0,0.0,103/100,2.9541608301462468,31.150000000000002,110.0,False
Dynamic: 24-month IV/RV z-score,2022-07-05,1102717.3639979747,-8537.524799122653,1094179.839198852,664.6861867827829,0.00060784359956223,0.0,0.0,103/100,2.9541608301462468,28.900000000000002,110.0,False
Dynamic: 24-month IV/RV z-score,2022-07-06,1102717.3639979747,-6927.5071466929485,1095789.8568512818,1610.0176524298731,0.0014714378704041575,0.0,0.0,103/100,2.9541608301462468,23.45,110.0,False
Dynamic: 24-month IV/RV z-score,2022-07-07,1102717.3639979747,-3884.721491642315,1098832.6425063324,3042.7856550505385,0.002776796696944972,0.0,0.0,103/100,2.9541608301462468,13.15,110.0,False
Dynamic: 24-month IV/RV z-score,2022-07-08,1102717.3639979747,-2680.9009533577187,1100036.4630446169,1203.8205382844899,0.0010955449371605752,0.0,0.0,103/100,2.9541608301462468,9.075,110.0,False
Dynamic: 24-month IV/RV z-score,2022-07-11,1102717.3639979747,-4047.200337300359,1098670.1636606744,-1366.2993839425035,-0.0012420491773162956,0.0,0.0,103/100,2.9541608301462468,13.700000000000003,110.0,False
Dynamic: 24-month IV/RV z-score,2022-07-12,1102717.3639979747,-6558.237042924669,1096159.12695505,-2511.036705624312,-0.002285523707368009,0.0,0.0,103/100,2.9541608301462468,22.200000000000003,110.0,False
Dynamic: 24-month IV/RV z-score,2022-07-13,1102717.3639979747,-7326.318858762693,1095391.045139212,-768.0818158381153,-0.0007007028422704176,0.0,0.0,103/100,2.9541608301462468,24.8,110.0,False
Dynamic: 24-month IV/RV z-score,2022-07-14,1102717.3639979747,-5236.250071434223,1097481.1139265404,2090.0687873284332,0.001908057215368908,0.0,0.0,103/100,2.9541608301462468,17.725,110.0,False
Dynamic: 24-month IV/RV z-score,2022-07-15,1119407.2980778082,-16955.397372021904,1102451.9007057864,4970.78677924606,0.004529268628105765,265.4632921882218,0.0,103/100,2.854444002023891,59.39999999999998,115.0,False
Dynamic: 24-month IV/RV z-score,2022-07-18,1119407.2980778082,-18325.53049299338,1101081.767584815,-1370.133120971499,-0.0012428053505956216,0.0,0.0,103/100,2.854444002023891,64.2,115.0,False
Dynamic: 24-month IV/RV z-score,2022-07-19,1119407.2980778082,-12902.086889147984,1106505.2111886602,5423.443603845313,0.004925559357632059,0.0,0.0,103/100,2.854444002023891,45.19999999999999,115.0,False
Dynamic: 24-month IV/RV z-score,2022-07-20,1119407.2980778082,-12602.370268935476,1106804.9278088727,299.7166202124208,0.000270867789127216,0.0,0.0,103/100,2.854444002023891,44.14999999999999,115.0,False
Dynamic: 24-month IV/RV z-score,2022-07-21,1119407.2980778082,-10889.703867721142,1108517.594210087,1712.666401214432,0.0015473967979207082,0.0,0.0,103/100,2.854444002023891,38.14999999999999,115.0,False
Dynamic: 24-month IV/RV z-score,2022-07-22,1119407.2980778082,-12117.114788591416,1107290.1832892168,-1227.4109208702575,-0.0011072543433511273,0.0,0.0,103/100,2.854444002023891,42.449999999999996,115.0,False
Dynamic: 24-month IV/RV z-score,2022-07-25,1119407.2980778082,-11460.592668125924,1107946.7054096824,656.5221204655245,0.0005929088240586022,0.0,0.0,103/100,2.854444002023891,40.150000000000006,115.0,False
Dynamic: 24-month IV/RV z-score,2022-07-26,1119407.2980778082,-13758.420089755151,1105648.877988053,-2297.8274216293357,-0.0020739512202255783,0.0,0.0,103/100,2.854444002023891,48.19999999999999,115.0,False
Dynamic: 24-month IV/RV z-score,2022-07-27,1119407.2980778082,-9148.493026486574,1110258.8050513216,4609.927063268609,0.004169431322227135,0.0,0.0,103/100,2.854444002023891,32.05000000000001,115.0,False
Dynamic: 24-month IV/RV z-score,2022-07-28,1119407.2980778082,-5937.243524209693,1113470.0545535986,3211.2495022770017,0.0028923431975200753,0.0,0.0,103/100,2.854444002023891,20.799999999999997,115.0,False
Dynamic: 24-month IV/RV z-score,2022-07-29,1119407.2980778082,-4138.943802934642,1115268.3542748736,1798.2997212749906,0.001615040937940515,0.0,0.0,103/100,2.854444002023891,14.500000000000002,115.0,False
Dynamic: 24-month IV/RV z-score,2022-08-01,1119407.2980778082,-4495.749303187628,1114911.5487746205,-356.8055002531037,-0.00031992793383350815,0.0,0.0,103/100,2.854444002023891,15.750000000000002,115.0,False
Dynamic: 24-month IV/RV z-score,2022-08-02,1119407.2980778082,-5751.70466407814,1113655.5934137302,-1255.9553608903661,-0.001126506728063581,0.0,0.0,103/100,2.854444002023891,20.15,115.0,False
Dynamic: 24-month IV/RV z-score,2022-08-03,1119407.2980778082,-3225.521722286996,1116181.7763555213,2526.182941791136,0.0022683700030163845,0.0,0.0,103/100,2.854444002023891,11.299999999999997,115.0,False
Dynamic: 24-month IV/RV z-score,2022-08-04,1119407.2980778082,-2897.2606620542497,1116510.037415754,328.26106023276225,0.00029409283253545304,0.0,0.0,103/100,2.854444002023891,10.150000000000002,115.0,False
Dynamic: 24-month IV/RV z-score,2022-08-05,1119407.2980778082,-2911.5328820643686,1116495.7651957439,-14.272220010170713,-1.2782885537854227e-05,0.0,0.0,103/100,2.854444002023891,10.2,115.0,False
Dynamic: 24-month IV/RV z-score,2022-08-08,1119407.2980778082,-2297.8274216292325,1117109.470656179,613.7054604350124,0.0005496711045092084,0.0,0.0,103/100,2.854444002023891,8.05,115.0,False
Dynamic: 24-month IV/RV z-score,2022-08-09,1119407.2980778082,-2683.1773619024575,1116724.1207159057,-385.34994027321227,-0.0003449527108985162,0.0,0.0,103/100,2.854444002023891,9.4,115.0,False
Dynamic: 24-month IV/RV z-score,2022-08-10,1119407.2980778082,-585.1610204148976,1118822.1370573933,2098.0163414876442,0.0018787239413640133,0.0,0.0,103/100,2.854444002023891,2.05,115.0,False
Dynamic: 24-month IV/RV z-score,2022-08-11,1119407.2980778082,-449.57493031876277,1118957.7231474894,135.5860900960397,0.00012118645636793879,0.0,0.0,103/100,2.854444002023891,1.5749999999999997,115.0,False
Dynamic: 24-month IV/RV z-score,2022-08-12,1119407.2980778082,-99.90554007083615,1119307.3925377375,349.66939024813473,0.0003124956225017961,0.0,0.0,103/100,2.854444002023891,0.3499999999999999,115.0,False
Dynamic: 24-month IV/RV z-score,2022-08-15,1119407.2980778082,-28.544440020238902,1119378.753637788,71.3611000503879,6.375469377406517e-05,0.0,0.0,103/100,2.854444002023891,0.09999999999999998,115.0,False
Dynamic: 24-month IV/RV z-score,2022-08-16,1119407.2980778082,-35.680550025298636,1119371.617527783,-7.136110004968941,-6.3750629372139045e-06,0.0,0.0,103/100,2.854444002023891,0.125,115.0,False
Dynamic: 24-month IV/RV z-score,2022-08-17,1119407.2980778082,-14.27222001011946,1119393.025857798,21.408330015139654,1.9125310736667345e-05,0.0,0.0,103/100,2.854444002023891,0.05000000000000002,115.0,False
Dynamic: 24-month IV/RV z-score,2022-08-18,1119407.2980778082,-14.272220010119451,1119393.025857798,0.0,0.0,0.0,0.0,103/100,2.854444002023891,0.04999999999999999,115.0,False
Dynamic: 24-month IV/RV z-score,2022-08-19,1137487.062384449,-18279.635776755906,1119207.426607693,-185.59925010497682,-0.00016580347189742994,199.87147011513935,0.0,103/100,2.6473042399356843,69.05000000000003,125.0,False
Dynamic: 24-month IV/RV z-score,2022-08-22,1137487.062384449,-23746.31903222309,1113740.7433522257,-5466.683255467331,-0.004884423678313876,0.0,0.0,103/100,2.6473042399356843,89.70000000000002,125.0,False
Dynamic: 24-month IV/RV z-score,2022-08-23,1137487.062384449,-24884.659855395425,1112602.4025290536,-1138.340823172126,-0.0010220877973322606,0.0,0.0,103/100,2.6473042399356843,93.99999999999997,125.0,False
Dynamic: 24-month IV/RV z-score,2022-08-24,1137487.062384449,-24540.510304203788,1112946.5520802452,344.14955119160004,0.00030931943918988125,0.0,0.0,103/100,2.6473042399356843,92.69999999999999,125.0,False
Dynamic: 24-month IV/RV z-score,2022-08-25,1137487.062384449,-21787.313894670682,1115699.7484897783,2753.196409533033,0.0024737903220841684,0.0,0.0,103/100,2.6473042399356843,82.3,125.0,False
Dynamic: 24-month IV/RV z-score,2022-08-26,1137487.062384449,-29027.690990894786,1108459.3713935541,-7240.377096224111,-0.006489539059253868,0.0,0.0,103/100,2.6473042399356843,109.65000000000003,125.0,False
Dynamic: 24-month IV/RV z-score,2022-08-29,1137487.062384449,-30417.52571686101,1107069.536667588,-1389.8347259662114,-0.0012538436336362313,0.0,0.0,103/100,2.6473042399356843,114.9,125.0,False
Dynamic: 24-month IV/RV z-score,2022-08-30,1137487.062384449,-32032.381303221766,1105454.6810812273,-1614.8555863606744,-0.0014586758400213506,0.0,0.0,103/100,2.6473042399356843,120.99999999999994,125.0,False
Dynamic: 24-month IV/RV z-score,2022-08-31,1137487.062384449,-32972.174308398935,1104514.88807605,-939.7930051772855,-0.0008501415944596191,0.0,0.0,103/100,2.6473042399356843,124.54999999999995,125.0,False
Dynamic: 24-month IV/RV z-score,2022-09-01,1137487.062384449,-32336.82129081439,1105150.2410936346,635.3530175846536,0.0005752326423515974,0.0,0.0,103/100,2.6473042399356843,122.15000000000003,125.0,False
Dynamic: 24-month IV/RV z-score,2022-09-02,1137487.062384449,-32694.2073632057,1104792.8550212432,-357.3860723914113,-0.00032338234124418275,0.0,0.0,103/100,2.6473042399356843,123.5,125.0,False
Dynamic: 24-month IV/RV z-score,2022-09-06,1137487.062384449,-32786.863011603455,1104700.1993728455,-92.65564839774743,-8.38669873511888e-05,0.0,0.0,103/100,2.6473042399356843,123.85000000000002,125.0,False
Dynamic: 24-month IV/RV z-score,2022-09-07,1137487.062384449,-32654.49779960667,1104832.5645848422,132.36521199671552,0.000119820030875184,0.0,0.0,103/100,2.6473042399356843,123.35000000000002,125.0,False
Dynamic: 24-month IV/RV z-score,2022-09-08,1137487.062384449,-32667.734320806336,1104819.3280636426,-13.23652119957842,-1.1980567575453627e-05,0.0,0.0,103/100,2.6473042399356843,123.39999999999998,125.0,False
Dynamic: 24-month IV/RV z-score,2022-09-09,1137487.062384449,-32138.273472819208,1105348.7889116297,529.4608479870949,0.0004792284444508077,0.0,0.0,103/100,2.6473042399356843,121.4,125.0,False
Dynamic: 24-month IV/RV z-score,2022-09-12,1137487.062384449,-30999.93264964686,1106487.129734802,1138.3408231723588,0.0010298476232948328,0.0,0.0,103/100,2.6473042399356843,117.1,125.0,False
Dynamic: 24-month IV/RV z-score,2022-09-13,1137487.062384449,-33064.82995679669,1104422.2324276522,-2064.897307149833,-0.0018661738141000361,0.0,0.0,103/100,2.6473042399356843,124.89999999999998,125.0,False
Dynamic: 24-month IV/RV z-score,2022-09-14,1137487.062384449,-33647.23688958255,1103839.8254948664,-582.4069327858742,-0.0005273408264389046,0.0,0.0,103/100,2.6473042399356843,127.10000000000002,125.0,True
Dynamic: 24-month IV/RV z-score,2022-09-15,1137487.062384449,-33263.377774791865,1104223.6846096572,383.85911479080096,0.0003477489269050338,0.0,0.0,103/100,2.6473042399356843,125.64999999999998,125.0,True
Dynamic: 24-month IV/RV z-score,2022-09-16,1120874.7455873708,-16580.206724684907,1104294.538862686,70.85425302875228,6.416657604457754e-05,101.22052256686403,-33091.30299919606,103/100,2.851282325827156,58.14999999999999,115.0,False
Dynamic: 24-month IV/RV z-score,2022-09-19,1120874.7455873708,-15682.052792049355,1105192.6927953216,898.1539326356724,0.0008133282390045959,0.0,0.0,103/100,2.851282325827156,55.0,115.0,False
Dynamic: 24-month IV/RV z-score,2022-09-20,1120874.7455873708,-17435.59142243306,1103439.1541649378,-1753.5386303837877,-0.0015866361059161393,0.0,0.0,103/100,2.851282325827156,61.150000000000006,115.0,False
Dynamic: 24-month IV/RV z-score,2022-09-21,1120874.7455873708,-21085.232799491812,1099789.512787879,-3649.6413770588115,-0.0033075148396567444,0.0,0.0,103/100,2.851282325827156,73.94999999999999,115.0,False
Dynamic: 24-month IV/RV z-score,2022-09-22,1120874.7455873708,-23166.66889734564,1097708.0766900252,-2081.436097853817,-0.0018925767827859818,0.0,0.0,103/100,2.851282325827156,81.25,115.0,False
Dynamic: 24-month IV/RV z-score,2022-09-23,1120874.7455873708,-25918.156341768852,1094956.589245602,-2751.487444423139,-0.002506574837929487,0.0,0.0,103/100,2.851282325827156,90.90000000000003,115.0,False
Dynamic: 24-month IV/RV z-score,2022-09-26,1120874.7455873708,-27457.848797715513,1093416.8967896553,-1539.6924559467006,-0.001406167578759887,0.0,0.0,103/100,2.851282325827156,96.30000000000001,115.0,False
Dynamic: 24-month IV/RV z-score,2022-09-27,1120874.7455873708,-27814.259088443898,1093060.486498927,-356.41029072832316,-0.00032596010887953053,0.0,0.0,103/100,2.851282325827156,97.54999999999998,115.0,False
Dynamic: 24-month IV/RV z-score,2022-09-28,1120874.7455873708,-25661.5409324444,1095213.2046549264,2152.718155999435,0.001969441016841156,0.0,0.0,103/100,2.851282325827156,90.0,115.0,False
Dynamic: 24-month IV/RV z-score,2022-09-29,1120874.7455873708,-28854.97713737081,1092019.76845,-3193.4362049263436,-0.0029158123654403623,0.0,0.0,103/100,2.851282325827156,101.19999999999999,115.0,False
Dynamic: 24-month IV/RV z-score,2022-09-30,1120874.7455873708,-30451.695239834025,1090423.0503475368,-1596.7181024632882,-0.0014621695949054159,0.0,0.0,103/100,2.851282325827156,106.80000000000001,115.0,False
Dynamic: 24-month IV/RV z-score,2022-10-03,1120874.7455873708,-28669.643786192035,1092205.101801179,1782.0514536420815,0.0016342752962477114,0.0,0.0,103/100,2.851282325827156,100.54999999999995,115.0,False
Dynamic: 24-month IV/RV z-score,2022-10-04,1120874.7455873708,-23793.951009027616,1097080.7945783432,4875.69277716428,0.004464081672136189,0.0,0.0,103/100,2.851282325827156,83.45000000000002,115.0,False
Dynamic: 24-month IV/RV z-score,2022-10-05,1120874.7455873708,-24007.797183464645,1096866.948403906,-213.84617443708703,-0.0001949229040321132,0.0,0.0,103/100,2.851282325827156,84.19999999999999,115.0,False
Dynamic: 24-month IV/RV z-score,2022-10-06,1120874.7455873708,-26345.848690642917,1094528.8968967278,-2338.0515071782283,-0.002131572576400842,0.0,0.0,103/100,2.851282325827156,92.4,115.0,False
Dynamic: 24-month IV/RV z-score,2022-10-07,1120874.7455873708,-30964.926058482917,1089909.819528888,-4619.077367839869,-0.00422015113619767,0.0,0.0,103/100,2.851282325827156,108.60000000000002,115.0,False
Dynamic: 24-month IV/RV z-score,2022-10-10,1120874.7455873708,-31492.41328876093,1089382.33229861,-527.4872302780859,-0.0004839732800151486,0.0,0.0,103/100,2.851282325827156,110.44999999999999,115.0,False
Dynamic: 24-month IV/RV z-score,2022-10-11,1120874.7455873708,-31734.772286456227,1089139.9733009145,-242.35899769538082,-0.0002224737729902282,0.0,0.0,103/100,2.851282325827156,111.29999999999995,115.0,False
Dynamic: 24-month IV/RV z-score,2022-10-12,1120874.7455873708,-32062.669753926377,1088812.0758334445,-327.89746747002937,-0.00030106090631887295,0.0,0.0,103/100,2.851282325827156,112.45000000000005,115.0,False
Dynamic: 24-month IV/RV z-score,2022-10-13,1120874.7455873708,-30993.43888174118,1089881.3067056297,1069.2308721852023,0.0009820159933171535,0.0,0.0,103/100,2.851282325827156,108.69999999999999,115.0,False
Dynamic: 24-month IV/RV z-score,2022-10-14,1120874.7455873708,-33231.6955075155,1087643.0500798554,-2238.2566257743165,-0.002053670075817582,0.0,0.0,103/100,2.851282325827156,116.55000000000001,115.0,True
Dynamic: 24-month IV/RV z-score,2022-10-17,1120874.7455873708,-32804.003158641426,1088070.7424287293,427.6923488739412,0.0003932285953949233,0.0,0.0,103/100,2.851282325827156,115.05000000000001,115.0,True
Dynamic: 24-month IV/RV z-score,2022-10-18,1120874.7455873708,-31877.336402747602,1088997.4091846233,926.6667558939662,0.0008516603928026001,0.0,0.0,103/100,2.851282325827156,111.80000000000001,115.0,False
Dynamic: 24-month IV/RV z-score,2022-10-19,1120874.7455873708,-32575.90057257525,1088298.8450147957,-698.5641698276158,-0.0006414745929934629,0.0,0.0,103/100,2.851282325827156,114.25,115.0,False
Dynamic: 24-month IV/RV z-score,2022-10-20,1120874.7455873708,-33260.20833077376,1087614.537256597,-684.3077581985854,-0.0006287866254137686,0.0,0.0,103/100,2.851282325827156,116.64999999999998,115.0,True
Dynamic: 24-month IV/RV z-score,2022-10-21,1105262.6940655394,-17295.122291873264,1087967.5717736662,353.0345170691144,0.0003245952540866792,117.42706669252809,-32789.746747012294,103/100,2.8994337454942603,59.650000000000006,110.0,False
Dynamic: 24-month IV/RV z-score,2022-10-24,1105262.6940655394,-15642.44505694154,1089620.2490085978,1652.677234931616,0.0015190500873452084,0.0,0.0,103/100,2.8994337454942603,53.95000000000002,110.0,False
Dynamic: 24-month IV/RV z-score,2022-10-25,1105262.6940655394,-13641.8357725505,1091620.858292989,2000.609284391161,0.0018360610370553587,0.0,0.0,103/100,2.8994337454942603,47.05000000000001,110.0,False
Dynamic: 24-month IV/RV z-score,2022-10-26,1105262.6940655394,-13670.83011000544,1091591.863955534,-28.99433745490387,-2.65608129733641e-05,0.0,0.0,103/100,2.8994337454942603,47.150000000000006,110.0,False
Dynamic: 24-month IV/RV z-score,2022-10-27,1105262.6940655394,-16831.21289259418,1088431.4811729451,-3160.3827825889457,-0.002895205513108956,0.0,0.0,103/100,2.8994337454942603,58.05,110.0,False
Dynamic: 24-month IV/RV z-score,2022-10-28,1105262.6940655394,-10350.97847141451,1094911.715594125,6480.234421179863,0.005953736669024323,0.0,0.0,103/100,2.8994337454942603,35.7,110.0,False
Dynamic: 24-month IV/RV z-score,2022-10-31,1105262.6940655394,-11844.186850344053,1093418.5072151953,-1493.2083789296448,-0.0013637705740681128,0.0,0.0,103/100,2.8994337454942603,40.849999999999994,110.0,False
Dynamic: 24-month IV/RV z-score,2022-11-01,1105262.6940655394,-13163.42920454394,1092099.2648609953,-1319.2423541999888,-0.0012065301122073935,0.0,0.0,103/100,2.8994337454942603,45.39999999999999,110.0,False
Dynamic: 24-month IV/RV z-score,2022-11-02,1105262.6940655394,-18541.878802435796,1086720.8152631037,-5378.449597891653,-0.004924872464387442,0.0,0.0,103/100,2.8994337454942603,63.95,110.0,False
Dynamic: 24-month IV/RV z-score,2022-11-03,1105262.6940655394,-20875.922967558676,1084386.7710979807,-2334.0441651230212,-0.0021477863792992435,0.0,0.0,103/100,2.8994337454942603,72.0,110.0,False
Dynamic: 24-month IV/RV z-score,2022-11-04,1105262.6940655394,-18266.432596613842,1086996.2614689255,2609.490370944841,0.002406420329438941,0.0,0.0,103/100,2.8994337454942603,63.0,110.0,False
Dynamic: 24-month IV/RV z-score,2022-11-07,1105262.6940655394,-15584.456382031649,1089678.2376835078,2681.9762145823333,0.002467327910546935,0.0,0.0,103/100,2.8994337454942603,53.75,110.0,False
Dynamic: 24-month IV/RV z-score,2022-11-08,1105262.6940655394,-14598.648908563602,1090664.0451569757,985.8074734678958,0.0009046775822223463,0.0,0.0,103/100,2.8994337454942603,50.35,110.0,False
Dynamic: 24-month IV/RV z-score,2022-11-09,1105262.6940655394,-19672.65796317855,1085590.0361023608,-5074.0090546149295,-0.004652219972910765,0.0,0.0,103/100,2.8994337454942603,67.84999999999998,110.0,False
Dynamic: 24-month IV/RV z-score,2022-11-10,1105262.6940655394,-5175.489235707255,1100087.204829832,14497.16872747126,0.01335418366542962,0.0,0.0,103/100,2.8994337454942603,17.85,110.0,False
Dynamic: 24-month IV/RV z-score,2022-11-11,1105262.6940655394,-2218.0668153031093,1103044.6272502362,2957.422420404153,0.00268835271187573,0.0,0.0,103/100,2.8994337454942603,7.65,110.0,False
Dynamic: 24-month IV/RV z-score,2022-11-14,1105262.6940655394,-2109.3380498470747,1103153.3560156922,108.72876545600593,9.85715017960409e-05,0.0,0.0,103/100,2.8994337454942603,7.275,110.0,False
Dynamic: 24-month IV/RV z-score,2022-11-15,1105262.6940655394,-1282.9994323812105,1103979.6946331582,826.3386174659245,0.000749069576736261,0.0,0.0,103/100,2.8994337454942603,4.425000000000001,110.0,False
Dynamic: 24-month IV/RV z-score,2022-11-16,1105262.6940655394,-717.6098520098295,1104545.0842135295,565.389580371324,0.0005121376626036067,0.0,0.0,103/100,2.8994337454942603,2.475,110.0,False
Dynamic: 24-month IV/RV z-score,2022-11-17,1105262.6940655394,-427.6664774604034,1104835.027588079,289.94337454950437,0.0002625002625002981,0.0,0.0,103/100,2.8994337454942603,1.475,110.0,False
Dynamic: 24-month IV/RV z-score,2022-11-18,1123323.060812058,-18326.554727735034,1104996.506084323,161.4784962439444,0.00014615620632207893,266.1879812165318,0.0,103/100,2.787308703838029,65.74999999999999,120.0,False
Dynamic: 24-month IV/RV z-score,2022-11-21,1123323.060812058,-19204.55696944402,1104118.503842614,-878.0022417090368,-0.0007945746768198703,0.0,0.0,103/100,2.787308703838029,68.9,120.0,False
Dynamic: 24-month IV/RV z-score,2022-11-22,1123323.060812058,-16124.580851702995,1107198.479960355,3079.9761177410837,0.0027895340101826704,0.0,0.0,103/100,2.787308703838029,57.849999999999994,120.0,False
Dynamic: 24-month IV/RV z-score,2022-11-23,1123323.060812058,-14215.274389573948,1109107.786422484,1909.3064621291123,0.001724448232802267,0.0,0.0,103/100,2.787308703838029,51.0,120.0,False
Dynamic: 24-month IV/RV z-score,2022-11-25,1123323.060812058,-14271.020563650707,1109052.0402484073,-55.74617407680489,-5.026217898673746e-05,0.0,0.0,103/100,2.787308703838029,51.199999999999996,120.0,False
Dynamic: 24-month IV/RV z-score,2022-11-28,1123323.060812058,-18507.729793484512,1104815.3310185734,-4236.709229833912,-0.0038201176104278867,0.0,0.0,103/100,2.787308703838029,66.4,120.0,False
Dynamic: 24-month IV/RV z-score,2022-11-29,1123323.060812058,-19859.574514845954,1103463.486297212,-1351.8447213612963,-0.0012235933765645246,0.0,0.0,103/100,2.787308703838029,71.25,120.0,False
Dynamic: 24-month IV/RV z-score,2022-11-30,1123323.060812058,-11260.727163505633,1112062.3336485522,8598.847351340111,0.007792597995421202,0.0,0.0,103/100,2.787308703838029,40.39999999999999,120.0,False
Dynamic: 24-month IV/RV z-score,2022-12-01,1123323.060812058,-11776.379273715671,1111546.6815383423,-515.6521102099214,-0.0004636899341048384,0.0,0.0,103/100,2.787308703838029,42.25,120.0,False
Dynamic: 24-month IV/RV z-score,2022-12-02,1123323.060812058,-12110.856318176237,1111212.2044938817,-334.4770444605965,-0.0003009113787265649,0.0,0.0,103/100,2.787308703838029,43.45,120.0,False
Dynamic: 24-month IV/RV z-score,2022-12-05,1123323.060812058,-17253.440876757395,1106069.6199353004,-5142.584558581235,-0.004627905037205338,0.0,0.0,103/100,2.787308703838029,61.89999999999999,120.0,False
Dynamic: 24-month IV/RV z-score,2022-12-06,1123323.060812058,-21476.213563072008,1101846.847248986,-4222.772686314536,-0.003817818164612019,0.0,0.0,103/100,2.787308703838029,77.04999999999998,120.0,False
Dynamic: 24-month IV/RV z-score,2022-12-07,1123323.060812058,-22479.644696453703,1100843.4161156043,-1003.4311333815567,-0.0009106811313086549,0.0,0.0,103/100,2.787308703838029,80.65,120.0,False
Dynamic: 24-month IV/RV z-score,2022-12-08,1123323.060812058,-20403.099712094376,1102919.9610999636,2076.544984359294,0.001886321845559591,0.0,0.0,103/100,2.787308703838029,73.20000000000002,120.0,False
Dynamic: 24-month IV/RV z-score,2022-12-09,1123323.060812058,-22883.804458510214,1100439.2563535478,-2480.7047464158386,-0.002249215567684315,0.0,0.0,103/100,2.787308703838029,82.1,120.0,False
Dynamic: 24-month IV/RV z-score,2022-12-12,1123323.060812058,-19190.620425924826,1104132.440386133,3693.184032585239,0.003356099858544681,0.0,0.0,103/100,2.787308703838029,68.85,120.0,False
Dynamic: 24-month IV/RV z-score,2022-12-13,1123323.060812058,-16695.979135989794,1106627.0816760683,2494.6412899352144,0.002259367806513035,0.0,0.0,103/100,2.787308703838029,59.900000000000006,120.0,False
Dynamic: 24-month IV/RV z-score,2022-12-14,1123323.060812058,-19246.366600001587,1104076.6942120562,-2550.3874640120193,-0.002304649421871474,0.0,0.0,103/100,2.787308703838029,69.05,120.0,False
Dynamic: 24-month IV/RV z-score,2022-12-15,1123323.060812058,-32750.87727009684,1090572.183541961,-13504.510670095216,-0.012231496906773276,0.0,0.0,103/100,2.787308703838029,117.5,120.0,False
Dynamic: 24-month IV/RV z-score,2022-12-16,1107718.5581460153,-17993.144652114635,1089725.4134939006,-846.7700480604544,-0.0007764456684657972,149.9428721009605,-33447.70444605635,103/100,2.829110794357648,63.59999999999998,120.0,False
Dynamic: 24-month IV/RV z-score,2022-12-19,1107718.5581460153,-20511.05325909294,1087207.5048869224,-2517.9086069781333,-0.0023105899667927865,0.0,0.0,103/100,2.829110794357648,72.49999999999997,120.0,False
Dynamic: 24-month IV/RV z-score,2022-12-20,1107718.5581460153,-20086.6866399393,1087631.871506076,424.36661915364675,0.0003903271613248105,0.0,0.0,103/100,2.829110794357648,71.0,120.0,False
Dynamic: 24-month IV/RV z-score,2022-12-21,1107718.5581460153,-16408.84260727436,1091309.7155387409,3677.8440326647833,0.0033815155008025677,0.0,0.0,103/100,2.829110794357648,58.0,120.0,False
Dynamic: 24-month IV/RV z-score,2022-12-22,1107718.5581460153,-20511.053259092947,1087207.5048869224,-4102.21065181843,-0.0037589793194440224,0.0,0.0,103/100,2.829110794357648,72.5,120.0,False
Dynamic: 24-month IV/RV z-score,2022-12-23,1107718.5581460153,-19011.624538083393,1088706.933607932,1499.4287210095208,0.0013791559700147005,0.0,0.0,103/100,2.829110794357648,67.19999999999999,120.0,False
Dynamic: 24-month IV/RV z-score,2022-12-27,1107718.5581460153,-20157.414409798243,1087561.143736217,-1145.7898717150092,-0.0010524318678837297,0.0,0.0,103/100,2.829110794357648,71.25,120.0,False
Dynamic: 24-month IV/RV z-score,2022-12-28,1107718.5581460153,-23425.03737728133,1084293.520768734,-3267.62296748301,-0.003004541846959863,0.0,0.0,103/100,2.829110794357648,82.80000000000001,120.0,False
Dynamic: 24-month IV/RV z-score,2022-12-29,1107718.5581460153,-19407.700049293464,1088310.8580967218,4017.337327987887,0.00370502751426538,0.0,0.0,103/100,2.829110794357648,68.6,120.0,False
Dynamic: 24-month IV/RV z-score,2022-12-30,1107718.5581460153,-19789.630006531745,1087928.9281394836,-381.9299572382588,-0.0003509382952461282,0.0,0.0,103/100,2.829110794357648,69.94999999999999,120.0,False
Dynamic: 24-month IV/RV z-score,2023-01-03,1107718.5581460153,-22151.93751982039,1085566.6206261949,-2362.307513288688,-0.002171380365194042,0.0,0.0,103/100,2.829110794357648,78.30000000000001,120.0,False
Dynamic: 24-month IV/RV z-score,2023-01-04,1107718.5581460153,-20072.541085967518,1087646.0170600477,2079.396433852846,0.0019154940787082797,0.0,0.0,103/100,2.829110794357648,70.95000000000002,120.0,False
Dynamic: 24-month IV/RV z-score,2023-01-05,1107718.5581460153,-23608.929578914573,1084109.6285671007,-3536.3884929469787,-0.00325141492496428,0.0,0.0,103/100,2.829110794357648,83.45,120.0,False
Dynamic: 24-month IV/RV z-score,2023-01-06,1107718.5581460153,-17285.86695352523,1090432.69119249,6323.062625389313,0.0058324937430420665,0.0,0.0,103/100,2.829110794357648,61.10000000000001,120.0,False
Dynamic: 24-month IV/RV z-score,2023-01-09,1107718.5581460153,-17498.050263102057,1090220.507882913,-212.1833095769398,-0.0001945863429175798,0.0,0.0,103/100,2.829110794357648,61.85000000000001,120.0,False
Dynamic: 24-month IV/RV z-score,2023-01-10,1107718.5581460153,-14937.704994208381,1092780.8531518069,2560.345268893754,0.0023484655171874813,0.0,0.0,103/100,2.829110794357648,52.8,120.0,False
Dynamic: 24-month IV/RV z-score,2023-01-11,1107718.5581460153,-10778.912126502639,1096939.6460195126,4158.792867705692,0.003805697048690826,0.0,0.0,103/100,2.829110794357648,38.1,120.0,False
Dynamic: 24-month IV/RV z-score,2023-01-12,1107718.5581460153,-6931.321446176238,1100787.2366998391,3847.590680326568,0.0035075682552712095,0.0,0.0,103/100,2.829110794357648,24.5,120.0,False
Dynamic: 24-month IV/RV z-score,2023-01-13,1107718.5581460153,-4462.92227809919,1103255.635867916,2468.399168076925,0.002242394429896599,0.0,0.0,103/100,2.829110794357648,15.775000000000002,120.0,False
Dynamic: 24-month IV/RV z-score,2023-01-17,1107718.5581460153,-4243.666191536473,1103474.8919544788,219.25608656276017,0.00019873552369409353,0.0,0.0,103/100,2.829110794357648,15.000000000000002,120.0,False
Dynamic: 24-month IV/RV z-score,2023-01-18,1107718.5581460153,-12766.362459538886,1094952.1956864763,-8522.696268002503,-0.007723507195444235,0.0,0.0,103/100,2.829110794357648,45.125,120.0,False
Dynamic: 24-month IV/RV z-score,2023-01-19,1107718.5581460153,-18997.478984111603,1088721.0791619036,-6231.116524572717,-0.005690765815274834,0.0,0.0,103/100,2.829110794357648,67.14999999999999,120.0,False
Dynamic: 24-month IV/RV z-score,2023-01-20,1125395.5554084624,-17943.288490235493,1107452.2669182268,18731.187756323256,0.017204762647511584,266.291227788263,0.0,103/100,2.788389819772414,64.35000000000002,115.0,False
Dynamic: 24-month IV/RV z-score,2023-01-23,1125395.5554084624,-14820.29189209038,1110575.263516372,3122.996598145226,0.0028199830290074335,0.0,0.0,103/100,2.788389819772414,53.14999999999999,115.0,False
Dynamic: 24-month IV/RV z-score,2023-01-24,1125395.5554084624,-14457.801215519967,1110937.7541929425,362.4906765704509,0.00032639901902964397,0.0,0.0,103/100,2.788389819772414,51.849999999999994,115.0,False
Dynamic: 24-month IV/RV z-score,2023-01-25,1125395.5554084624,-15154.89867046307,1110240.6567379993,-697.0974549432285,-0.0006274856105233928,0.0,0.0,103/100,2.788389819772414,54.349999999999994,115.0,False
Dynamic: 24-month IV/RV z-score,2023-01-26,1125395.5554084624,-12199.205461504313,1113196.349946958,2955.693208958721,0.002662209486763656,0.0,0.0,103/100,2.788389819772414,43.75,115.0,False
Dynamic: 24-month IV/RV z-score,2023-01-27,1125395.5554084624,-11376.630464671453,1114018.924943791,822.574996832991,0.0007389307347909213,0.0,0.0,103/100,2.788389819772414,40.80000000000001,115.0,False
Dynamic: 24-month IV/RV z-score,2023-01-30,1125395.5554084624,-14555.394859212001,1110840.1605492504,-3178.7643945405725,-0.002853420461147893,0.0,0.0,103/100,2.788389819772414,52.199999999999996,115.0,False
Dynamic: 24-month IV/RV z-score,2023-01-31,1125395.5554084624,-11237.210973682828,1114158.3444347796,3318.1838855291717,0.00298709391627372,0.0,0.0,103/100,2.788389819772414,40.3,115.0,False
Dynamic: 24-month IV/RV z-score,2023-02-01,1125395.5554084624,-7277.697429606001,1118117.8579788564,3959.513544076821,0.0035538158142911502,0.0,0.0,103/100,2.788389819772414,26.099999999999998,115.0,False
Dynamic: 24-month IV/RV z-score,2023-02-02,1125395.5554084624,-5771.966926928897,1119623.5884815336,1505.73050267715,0.0013466652839253523,0.0,0.0,103/100,2.788389819772414,20.7,115.0,False
Dynamic: 24-month IV/RV z-score,2023-02-03,1125395.5554084624,-6831.5550584424145,1118564.00035002,-1059.5881315136794,-0.0009463788923478322,0.0,0.0,103/100,2.788389819772414,24.5,115.0,False
Dynamic: 24-month IV/RV z-score,2023-02-06,1125395.5554084624,-8337.285561119517,1117058.269847343,-1505.7305026769172,-0.0013461281627209498,0.0,0.0,103/100,2.788389819772414,29.9,115.0,False
Dynamic: 24-month IV/RV z-score,2023-02-07,1125395.5554084624,-5242.172861172139,1120153.3825472903,3095.11269994732,0.0027707710362954163,0.0,0.0,103/100,2.788389819772414,18.8,115.0,False
Dynamic: 24-month IV/RV z-score,2023-02-08,1125395.5554084624,-7960.852935450242,1117434.7024730123,-2718.6800742780324,-0.0024270605406695456,0.0,0.0,103/100,2.788389819772414,28.549999999999997,115.0,False
Dynamic: 24-month IV/RV z-score,2023-02-09,1125395.5554084624,-10735.300806123796,1114660.2546023387,-2774.4478706736118,-0.0024828724797372193,0.0,0.0,103/100,2.788389819772414,38.50000000000001,115.0,False
Dynamic: 24-month IV/RV z-score,2023-02-10,1125395.5554084624,-10010.319452982967,1115385.2359554796,724.9813531409018,0.000650405673071619,0.0,0.0,103/100,2.788389819772414,35.9,115.0,False
Dynamic: 24-month IV/RV z-score,2023-02-13,1125395.5554084624,-5604.663537742552,1119790.8918707198,4405.6559152402915,0.003949896209147985,0.0,0.0,103/100,2.788389819772414,20.099999999999998,115.0,False
Dynamic: 24-month IV/RV z-score,2023-02-14,1125395.5554084624,-3353.0387582763283,1122042.5166501862,2251.624779466307,0.0020107546826932943,0.0,0.0,103/100,2.788389819772414,12.025,115.0,False
Dynamic: 24-month IV/RV z-score,2023-02-15,1125395.5554084624,-1282.6593170953106,1124112.8960913671,2070.379441180965,0.0018451880480983007,0.0,0.0,103/100,2.788389819772414,4.6000000000000005,115.0,False
Dynamic: 24-month IV/RV z-score,2023-02-16,1125395.5554084624,-5081.840446535225,1120313.7149619272,-3799.1811294399668,-0.003379714922451371,0.0,0.0,103/100,2.788389819772414,18.225,115.0,False
Dynamic: 24-month IV/RV z-score,2023-02-17,1139762.0600724197,-17802.075078469778,1121959.98499395,1646.2700320228469,0.0014694723540706889,393.4616284731266,-3042.108786039303,103/100,2.7514799193925463,64.70000000000002,120.0,False
Dynamic: 24-month IV/RV z-score,2023-02-21,1139762.0600724197,-23181.218320882206,1116580.8417515375,-5379.14324241248,-0.00479441630214783,0.0,0.0,103/100,2.7514799193925463,84.25000000000001,120.0,False
Dynamic: 24-month IV/RV z-score,2023-02-22,1139762.0600724197,-24295.567688236177,1115466.4923841835,-1114.3493673540652,-0.000998001511118507,0.0,0.0,103/100,2.7514799193925463,88.29999999999998,120.0,False
Dynamic: 24-month IV/RV z-score,2023-02-23,1139762.0600724197,-23951.632698312118,1115810.4273741075,343.93498992407694,0.0003083328744273306,0.0,0.0,103/100,2.7514799193925463,87.05000000000001,120.0,False
Dynamic: 24-month IV/RV z-score,2023-02-24,1139762.0600724197,-26771.899615689475,1112990.1604567303,-2820.2669173772447,-0.002527550243471288,0.0,0.0,103/100,2.7514799193925463,97.30000000000001,120.0,False
Dynamic: 24-month IV/RV z-score,2023-02-27,1139762.0600724197,-26620.568220122877,1113141.4918522967,151.33139556646347,0.0001359683139556811,0.0,0.0,103/100,2.7514799193925463,96.74999999999997,120.0,False
Dynamic: 24-month IV/RV z-score,2023-02-28,1139762.0600724197,-28326.48577014626,1111435.5743022733,-1705.9175500234123,-0.0015325253460678478,0.0,0.0,103/100,2.7514799193925463,102.94999999999999,120.0,False
Dynamic: 24-month IV/RV z-score,2023-03-01,1139762.0600724197,-28890.539153621736,1110871.520918798,-564.0533834754024,-0.0005074998466101377,0.0,0.0,103/100,2.7514799193925463,105.0,120.0,False
Dynamic: 24-month IV/RV z-score,2023-03-02,1139762.0600724197,-27913.763782237384,1111848.2962901823,976.7753713843413,0.0008792874360272762,0.0,0.0,103/100,2.7514799193925463,101.45000000000002,120.0,False
Dynamic: 24-month IV/RV z-score,2023-03-03,1139762.0600724197,-23717.75690516375,1116044.303167256,4196.006877073785,0.0037739023309872888,0.0,0.0,103/100,2.7514799193925463,86.20000000000002,120.0,False
Dynamic: 24-month IV/RV z-score,2023-03-06,1139762.0600724197,-24034.177095893898,1115727.8829765257,-316.420190730365,-0.00028351938165216417,0.0,0.0,103/100,2.7514799193925463,87.35000000000002,120.0,False
Dynamic: 24-month IV/RV z-score,2023-03-07,1139762.0600724197,-28945.56875200958,1110816.49132041,-4911.391656115651,-0.004401961921945641,0.0,0.0,103/100,2.7514799193925463,105.19999999999999,120.0,False
Dynamic: 24-month IV/RV z-score,2023-03-08,1139762.0600724197,-29041.87054918832,1110720.1895232315,-96.3017971785739,-8.66946052124895e-05,0.0,0.0,103/100,2.7514799193925463,105.54999999999998,120.0,False
Dynamic: 24-month IV/RV z-score,2023-03-09,1139762.0600724197,-31573.232075029468,1108188.8279973902,-2531.36152584129,-0.0022790272020966063,0.0,0.0,103/100,2.7514799193925463,114.75,120.0,False
Dynamic: 24-month IV/RV z-score,2023-03-10,1139762.0600724197,-32605.037044801655,1107157.023027618,-1031.8049697722308,-0.0009310732464582472,0.0,0.0,103/100,2.7514799193925463,118.49999999999994,120.0,False
Dynamic: 24-month IV/RV z-score,2023-03-13,1139762.0600724197,-32632.551843995603,1107129.508228424,-27.514799193944782,-2.4851758713251293e-05,0.0,0.0,103/100,2.7514799193925463,118.60000000000002,120.0,False
Dynamic: 24-month IV/RV z-score,2023-03-14,1139762.0600724197,-32811.39803875612,1106950.6620336636,-178.84619476040825,-0.00016154044619998142,0.0,0.0,103/100,2.7514799193925463,119.25000000000003,120.0,False
Dynamic: 24-month IV/RV z-score,2023-03-15,1139762.0600724197,-32962.729434322704,1106799.330638097,-151.3313955666963,-0.00013671015408101006,0.0,0.0,103/100,2.7514799193925463,119.80000000000001,120.0,False
Dynamic: 24-month IV/RV z-score,2023-03-16,1139762.0600724197,-32990.24423351663,1106771.8158389032,-27.51479919371195,-2.4859790236586576e-05,0.0,0.0,103/100,2.7514799193925463,119.9,120.0,False
Dynamic: 24-month IV/RV z-score,2023-03-17,1122849.6600126622,-16233.93057278958,1106615.7294398725,-156.08639903063886,-0.00014102852710640157,128.57159983671465,-33017.75903271056,103/100,2.8257494469607614,57.45000000000002,120.0,False
Dynamic: 24-month IV/RV z-score,2023-03-20,1122849.6600126622,-14326.549696091059,1108523.110316571,1907.3808766985312,0.0017236162707212621,0.0,0.0,103/100,2.8257494469607614,50.69999999999999,120.0,False
Dynamic: 24-month IV/RV z-score,2023-03-21,1122849.6600126622,-11811.632688295982,1111038.0273243662,2514.9170077950694,0.0022687095870079776,0.0,0.0,103/100,2.8257494469607614,41.8,120.0,False
Dynamic: 24-month IV/RV z-score,2023-03-22,1122849.6600126622,-15470.97822211017,1107378.681790552,-3659.3455338140484,-0.0032936276201334103,0.0,0.0,103/100,2.8257494469607614,54.75,120.0,False
Dynamic: 24-month IV/RV z-score,2023-03-23,1122849.6600126622,-15047.115805066056,1107802.5442075962,423.86241704411805,0.000382761944052179,0.0,0.0,103/100,2.8257494469607614,53.25,120.0,False
Dynamic: 24-month IV/RV z-score,2023-03-24,1122849.6600126622,-13351.6661368896,1109497.9938757727,1695.4496681764722,0.00153046197360851,0.0,0.0,103/100,2.8257494469607614,47.25000000000001,120.0,False
Dynamic: 24-month IV/RV z-score,2023-03-27,1122849.6600126622,-13054.962444958719,1109794.6975677034,296.70369193074293,0.00026742156684234075,0.0,0.0,103/100,2.8257494469607614,46.2,120.0,False
Dynamic: 24-month IV/RV z-score,2023-03-28,1122849.6600126622,-13775.528553933713,1109074.1314587286,-720.566108974861,-0.0006492787454779325,0.0,0.0,103/100,2.8257494469607614,48.75,120.0,False
Dynamic: 24-month IV/RV z-score,2023-03-29,1122849.6600126622,-10102.054272884721,1112747.6057397774,3673.474281048868,0.003312199046800579,0.0,0.0,103/100,2.8257494469607614,35.74999999999999,120.0,False
Dynamic: 24-month IV/RV z-score,2023-03-30,1122849.6600126622,-8448.990846412677,1114400.6691662495,1653.0634264720138,0.0014855690706008229,0.0,0.0,103/100,2.8257494469607614,29.9,120.0,False
Dynamic: 24-month IV/RV z-score,2023-03-31,1122849.6600126622,-5708.01388286074,1117141.6461298014,2740.976963551948,0.002459597377667322,0.0,0.0,103/100,2.8257494469607614,20.200000000000003,120.0,False
Dynamic: 24-month IV/RV z-score,2023-04-03,1122849.6600126622,-4436.426631728395,1118413.2333809338,1271.5872511323541,0.0011382506914299206,0.0,0.0,103/100,2.8257494469607614,15.699999999999998,120.0,False
Dynamic: 24-month IV/RV z-score,2023-04-04,1122849.6600126622,-5340.666454755839,1117508.9935579062,-904.2398230275139,-0.0008085024354496095,0.0,0.0,103/100,2.8257494469607614,18.9,120.0,False
Dynamic: 24-month IV/RV z-score,2023-04-05,1122849.6600126622,-5877.558849678384,1116972.1011629838,-536.8923949224409,-0.0004804367553348232,0.0,0.0,103/100,2.8257494469607614,20.8,120.0,False
Dynamic: 24-month IV/RV z-score,2023-04-06,1122849.6600126622,-4747.25907089408,1118102.4009417682,1130.2997787843924,0.0010119319700174767,0.0,0.0,103/100,2.8257494469607614,16.8,120.0,False
Dynamic: 24-month IV/RV z-score,2023-04-10,1122849.6600126622,-3673.47428104899,1119176.185731613,1073.7847898448817,0.0009603635489383588,0.0,0.0,103/100,2.8257494469607614,13.0,120.0,False
Dynamic: 24-month IV/RV z-score,2023-04-11,1122849.6600126622,-3419.156830822521,1119430.5031818396,254.3174502265174,0.0002272362952935314,0.0,0.0,103/100,2.8257494469607614,12.099999999999998,120.0,False
Dynamic: 24-month IV/RV z-score,2023-04-12,1122849.6600126622,-3800.6330061622243,1119049.0270065,-381.4761753396597,-0.00034077700603596384,0.0,0.0,103/100,2.8257494469607614,13.45,120.0,False
Dynamic: 24-month IV/RV z-score,2023-04-13,1122849.6600126622,-1172.686020488716,1121676.9739921736,2627.946985673625,0.0023483752027411153,0.0,0.0,103/100,2.8257494469607614,4.1499999999999995,120.0,False
Dynamic: 24-month IV/RV z-score,2023-04-14,1122849.6600126622,-791.2098451490132,1122058.4501675132,381.4761753396597,0.00034009450508909467,0.0,0.0,103/100,2.8257494469607614,2.8,120.0,False
Dynamic: 24-month IV/RV z-score,2023-04-17,1122849.6600126622,-332.02556001788946,1122517.6344526443,459.1842851310503,0.0004092338372057025,0.0,0.0,103/100,2.8257494469607614,1.1749999999999998,120.0,False
Dynamic: 24-month IV/RV z-score,2023-04-18,1122849.6600126622,-296.70369193088,1122552.9563207312,35.32186808693223,3.146664872133442e-05,0.0,0.0,103/100,2.8257494469607614,1.05,120.0,False
Dynamic: 24-month IV/RV z-score,2023-04-19,1122849.6600126622,-155.41621958284188,1122694.2437930794,141.28747234819457,0.00012586263441072276,0.0,0.0,103/100,2.8257494469607614,0.5499999999999999,120.0,False
Dynamic: 24-month IV/RV z-score,2023-04-20,1122849.6600126622,-63.57936255661713,1122786.0806501056,91.83685702621005,8.180041675109884e-05,0.0,0.0,103/100,2.8257494469607614,0.22499999999999998,120.0,False
Dynamic: 24-month IV/RV z-score,2023-04-21,1133849.920509131,-11178.187910351728,1122671.7325987793,-114.34805132634938,-0.00010184313227334929,177.92741388287186,0.0,101/98,2.7164490669141497,41.150000000000006,125.0,False
Dynamic: 24-month IV/RV z-score,2023-04-24,1133849.920509131,-10811.467286318315,1123038.4532228126,366.7206240333617,0.00032664991322484127,0.0,0.0,101/98,2.7164490669141497,39.8,125.0,False
Dynamic: 24-month IV/RV z-score,2023-04-25,1133849.920509131,-14899.723132024114,1118950.1973771069,-4088.2558457057457,-0.0036403525043808838,0.0,0.0,101/98,2.7164490669141497,54.85000000000001,125.0,False
Dynamic: 24-month IV/RV z-score,2023-04-26,1133849.920509131,-17100.046876224573,1116749.8736329065,-2200.323744200403,-0.001966417941887011,0.0,0.0,101/98,2.7164490669141497,62.95,125.0,False
Dynamic: 24-month IV/RV z-score,2023-04-27,1133849.920509131,-11137.441174348012,1122712.4793347828,5962.605701876339,0.005339249049994832,0.0,0.0,101/98,2.7164490669141497,40.99999999999999,125.0,False
Dynamic: 24-month IV/RV z-score,2023-04-28,1133849.920509131,-8285.169654088155,1125564.7508550428,2852.271520260023,0.0025405182295203943,0.0,0.0,101/98,2.7164490669141497,30.499999999999996,125.0,False
Dynamic: 24-month IV/RV z-score,2023-05-01,1133849.920509131,-8570.396806114142,1125279.5237030168,-285.2271520260256,-0.0002534080352191159,0.0,0.0,101/98,2.7164490669141497,31.549999999999997,125.0,False
Dynamic: 24-month IV/RV z-score,2023-05-02,1133849.920509131,-12672.23489715451,1121177.6856119763,-4101.838091040496,-0.003645172603463309,0.0,0.0,101/98,2.7164490669141497,46.650000000000006,125.0,False
Dynamic: 24-month IV/RV z-score,2023-05-03,1133849.920509131,-14872.558641354968,1118977.361867776,-2200.323744200403,-0.0019625111812668905,0.0,0.0,101/98,2.7164490669141497,54.74999999999999,125.0,False
Dynamic: 24-month IV/RV z-score,2023-05-04,1133849.920509131,-18920.06775105705,1114929.852758074,-4047.5091097019613,-0.0036171501297809217,0.0,0.0,101/98,2.7164490669141497,69.64999999999999,125.0,False
Dynamic: 24-month IV/RV z-score,2023-05-05,1133849.920509131,-11246.099137024581,1122603.8213721064,7673.968614032492,0.006882916082163293,0.0,0.0,101/98,2.7164490669141497,41.400000000000006,125.0,False
Dynamic: 24-month IV/RV z-score,2023-05-08,1133849.920509131,-10825.049531652887,1123024.870977478,421.04960537166335,0.00037506518092644825,0.0,0.0,101/98,2.7164490669141497,39.85,125.0,False
Dynamic: 24-month IV/RV z-score,2023-05-09,1133849.920509131,-12971.044294515064,1120878.8762146158,-2145.994762862334,-0.0019109058208074403,0.0,0.0,101/98,2.7164490669141497,47.75,125.0,False
Dynamic: 24-month IV/RV z-score,2023-05-10,1133849.920509131,-10526.24013429233,1123323.6803748386,2444.804160222877,0.0021811492857100045,0.0,0.0,101/98,2.7164490669141497,38.75,125.0,False
Dynamic: 24-month IV/RV z-score,2023-05-11,1133849.920509131,-11925.21140375312,1121924.7091053778,-1398.9712694608606,-0.0012453857190957152,0.0,0.0,101/98,2.7164490669141497,43.900000000000006,125.0,False
Dynamic: 24-month IV/RV z-score,2023-05-12,1133849.920509131,-13378.511654552187,1120471.4088545789,-1453.3002507989295,-0.0012953634401704495,0.0,0.0,101/98,2.7164490669141497,49.25,125.0,False
Dynamic: 24-month IV/RV z-score,2023-05-15,1133849.920509131,-10485.493398288618,1123364.4271108422,2893.0182562633418,0.0025819652633713996,0.0,0.0,101/98,2.7164490669141497,38.6,125.0,False
Dynamic: 24-month IV/RV z-score,2023-05-16,1133849.920509131,-15198.532529384667,1118651.3879797463,-4713.039131095866,-0.004195467666015751,0.0,0.0,101/98,2.7164490669141497,55.949999999999996,125.0,False
Dynamic: 24-month IV/RV z-score,2023-05-17,1133849.920509131,-6614.553477935954,1127235.367031195,8583.979051448638,0.0076735068169460074,0.0,0.0,101/98,2.7164490669141497,24.349999999999998,125.0,False
Dynamic: 24-month IV/RV z-score,2023-05-18,1133849.920509131,-1005.0861547582354,1132844.8343543727,5609.467323177727,0.004976305292790251,0.0,0.0,101/98,2.7164490669141497,3.6999999999999997,125.0,False
Dynamic: 24-month IV/RV z-score,2023-05-19,1138730.7457780768,-4963.32189998102,1133767.4238780958,922.5895237231161,0.0008144006096377776,82.49663103510686,0.0,98/95,2.7048075749215363,18.35,130.0,False
Dynamic: 24-month IV/RV z-score,2023-05-22,1138730.7457780768,-4625.220953115828,1134105.524824961,338.10094686527736,0.00029821014411290925,0.0,0.0,98/95,2.7048075749215363,17.1,130.0,False
Dynamic: 24-month IV/RV z-score,2023-05-23,1138730.7457780768,-6721.4468236800185,1132009.2989543967,-2096.225870564347,-0.0018483516962743973,0.0,0.0,98/95,2.7048075749215363,24.85,130.0,False
Dynamic: 24-month IV/RV z-score,2023-05-24,1138730.7457780768,-8236.13906563608,1130494.6067124407,-1514.6922419560142,-0.0013380563599213469,0.0,0.0,98/95,2.7048075749215363,30.450000000000003,130.0,False
Dynamic: 24-month IV/RV z-score,2023-05-25,1138730.7457780768,-6667.3506721815875,1132063.3951058951,1568.7883934543934,0.0013877009090883519,0.0,0.0,98/95,2.7048075749215363,24.65,130.0,False
Dynamic: 24-month IV/RV z-score,2023-05-26,1138730.7457780768,-3921.970983636228,1134808.7747944405,2745.379688545363,0.0024251112618021153,0.0,0.0,98/95,2.7048075749215363,14.5,130.0,False
Dynamic: 24-month IV/RV z-score,2023-05-30,1138730.7457780768,-3692.0623397678974,1135038.683438309,229.908643868519,0.00020259681540624186,0.0,0.0,98/95,2.7048075749215363,13.65,130.0,False
Dynamic: 24-month IV/RV z-score,2023-05-31,1138730.7457780768,-4435.884422871321,1134294.8613552055,-743.8220831034705,-0.0006553275178694529,0.0,0.0,98/95,2.7048075749215363,16.400000000000002,130.0,False
Dynamic: 24-month IV/RV z-score,2023-06-01,1138730.7457780768,-2244.9902871848753,1136485.7554908919,2190.894135686336,0.0019315031834568064,0.0,0.0,98/95,2.7048075749215363,8.3,130.0,False
Dynamic: 24-month IV/RV z-score,2023-06-02,1138730.7457780768,-865.5384239748918,1137865.2073541018,1379.4518632099498,0.0012137872001871663,0.0,0.0,98/95,2.7048075749215363,3.2,130.0,False
Dynamic: 24-month IV/RV z-score,2023-06-05,1138730.7457780768,-757.3461209780301,1137973.3996570988,108.1923029969912,9.508358485499357e-05,0.0,0.0,98/95,2.7048075749215363,2.7999999999999994,130.0,False
Dynamic: 24-month IV/RV z-score,2023-06-06,1138730.7457780768,-513.9134392350919,1138216.8323388416,243.43268174282275,0.00021391772585910296,0.0,0.0,98/95,2.7048075749215363,1.9,130.0,False
Dynamic: 24-month IV/RV z-score,2023-06-07,1138730.7457780768,-527.4374771096997,1138203.308300967,-13.524037874536589,-1.1881776380673337e-05,0.0,0.0,98/95,2.7048075749215363,1.95,130.0,False
Dynamic: 24-month IV/RV z-score,2023-06-08,1138730.7457780768,-256.9567196175459,1138473.7890584592,270.48075749212876,0.00023763835117995846,0.0,0.0,98/95,2.7048075749215363,0.9499999999999997,130.0,False
Dynamic: 24-month IV/RV z-score,2023-06-09,1138730.7457780768,-202.86056811911524,1138527.8852099576,54.096151498379186,4.7516378522072245e-05,0.0,0.0,98/95,2.7048075749215363,0.75,130.0,False
Dynamic: 24-month IV/RV z-score,2023-06-12,1138730.7457780768,-142.00239768338065,1138588.7433803934,60.858170435763896,5.345338592621651e-05,0.0,0.0,98/95,2.7048075749215363,0.5249999999999999,130.0,False
Dynamic: 24-month IV/RV z-score,2023-06-13,1138730.7457780768,-74.38220831034224,1138656.3635697665,67.6201893731486,5.9389476460447455e-05,0.0,0.0,98/95,2.7048075749215363,0.2749999999999999,130.0,False
Dynamic: 24-month IV/RV z-score,2023-06-14,1138730.7457780768,-33.81009468651921,1138696.9356833904,40.5721136238426,3.5631569736072066e-05,0.0,0.0,98/95,2.7048075749215363,0.125,130.0,False
Dynamic: 24-month IV/RV z-score,2023-06-15,1138730.7457780768,-33.81009468651921,1138696.9356833904,0.0,0.0,0.0,0.0,98/95,2.7048075749215363,0.125,130.0,False
Dynamic: 24-month IV/RV z-score,2023-06-16,1157529.2979283195,-18993.52305309916,1138535.7748752204,-161.16080816998146,-0.00014153090530033552,194.97090285642471,0.0,103/100,2.582396064323475,73.55000000000001,130.0,False
Dynamic: 24-month IV/RV z-score,2023-06-20,1157529.2979283195,-21924.54258610631,1135604.7553422132,-2931.019533007173,-0.002574376315340965,0.0,0.0,103/100,2.582396064323475,84.90000000000002,130.0,False
Dynamic: 24-month IV/RV z-score,2023-06-21,1157529.2979283195,-24248.699043997425,1133280.5988843222,-2324.1564578909893,-0.0020466244500628727,0.0,0.0,103/100,2.582396064323475,93.89999999999998,130.0,False
Dynamic: 24-month IV/RV z-score,2023-06-22,1157529.2979283195,-23590.188047594947,1133939.1098807247,658.5109964024741,0.0005810661517109406,0.0,0.0,103/100,2.582396064323475,91.35000000000001,130.0,False
Dynamic: 24-month IV/RV z-score,2023-06-23,1157529.2979283195,-26831.095108320907,1130698.2028199986,-3240.90706072608,-0.002858096199774729,0.0,0.0,103/100,2.582396064323475,103.9,130.0,False
Dynamic: 24-month IV/RV z-score,2023-06-26,1157529.2979283195,-28328.884825628524,1129200.413102691,-1497.789717307547,-0.0013246591473941027,0.0,0.0,103/100,2.582396064323475,109.70000000000002,130.0,False
Dynamic: 24-month IV/RV z-score,2023-06-27,1157529.2979283195,-25152.537666510645,1132376.760261809,3176.347159117926,0.0028129171068846937,0.0,0.0,103/100,2.582396064323475,97.39999999999999,130.0,False
Dynamic: 24-month IV/RV z-score,2023-06-28,1157529.2979283195,-24571.49855203786,1132957.7993762817,581.0391144726891,0.0005131146583565727,0.0,0.0,103/100,2.582396064323475,95.14999999999999,130.0,False
Dynamic: 24-month IV/RV z-score,2023-06-29,1157529.2979283195,-23357.77240180583,1134171.5255265138,1213.7261502321344,0.00107128981406035,0.0,0.0,103/100,2.582396064323475,90.44999999999999,130.0,False
Dynamic: 24-month IV/RV z-score,2023-06-30,1157529.2979283195,-18167.15631251565,1139362.1416158038,5190.616089290008,0.004576570626634524,0.0,0.0,103/100,2.582396064323475,70.35000000000001,130.0,False
Dynamic: 24-month IV/RV z-score,2023-07-03,1157529.2979283195,-16927.60620164038,1140601.6917266792,1239.550110875396,0.0010879333844791006,0.0,0.0,103/100,2.582396064323475,65.55000000000001,130.0,False
Dynamic: 24-month IV/RV z-score,2023-07-05,1157529.2979283195,-17896.004725761682,1139633.2932025578,-968.3985241213813,-0.0008490242747715149,0.0,0.0,103/100,2.582396064323475,69.3,130.0,False
Dynamic: 24-month IV/RV z-score,2023-07-06,1157529.2979283195,-22169.870212217033,1135359.4277161025,-4273.865486455383,-0.0037502111529622573,0.0,0.0,103/100,2.582396064323475,85.85,130.0,False
Dynamic: 24-month IV/RV z-score,2023-07-07,1157529.2979283195,-24287.43498496228,1133241.8629433573,-2117.5647727451287,-0.001865105200213879,0.0,0.0,103/100,2.582396064323475,94.05,130.0,False
Dynamic: 24-month IV/RV z-score,2023-07-10,1157529.2979283195,-23719.30785081112,1133809.9900775084,568.1271341510583,0.0005013291096354067,0.0,0.0,103/100,2.582396064323475,91.85000000000001,130.0,False
Dynamic: 24-month IV/RV z-score,2023-07-11,1157529.2979283195,-20452.576829441918,1137076.7210988777,3266.7310213693418,0.0028811979520007025,0.0,0.0,103/100,2.582396064323475,79.19999999999999,130.0,False
Dynamic: 24-month IV/RV z-score,2023-07-12,1157529.2979283195,-15016.63311404101,1142512.6648142785,5435.943715400761,0.004780630554240384,0.0,0.0,103/100,2.582396064323475,58.150000000000006,130.0,False
Dynamic: 24-month IV/RV z-score,2023-07-13,1157529.2979283195,-10019.696729575082,1147509.6011987445,4996.936384466011,0.004373637630772587,0.0,0.0,103/100,2.582396064323475,38.8,130.0,False
Dynamic: 24-month IV/RV z-score,2023-07-14,1157529.2979283195,-10297.30430648986,1147231.9936218297,-277.60757691483013,-0.00024192179013127202,0.0,0.0,103/100,2.582396064323475,39.87500000000001,130.0,False
Dynamic: 24-month IV/RV z-score,2023-07-17,1157529.2979283195,-7747.188192970425,1149782.1097353492,2550.116113519529,0.0022228425703756383,0.0,0.0,103/100,2.582396064323475,30.0,130.0,False
Dynamic: 24-month IV/RV z-score,2023-07-18,1157529.2979283195,-2860.0036412382483,1154669.2942870813,4887.184551732149,0.004250531044405426,0.0,0.0,103/100,2.582396064323475,11.075,130.0,False
Dynamic: 24-month IV/RV z-score,2023-07-19,1157529.2979283195,-1555.8936287548938,1155973.4042995647,1304.1100124833174,0.0011294229602671901,0.0,0.0,103/100,2.582396064323475,6.025,130.0,False
Dynamic: 24-month IV/RV z-score,2023-07-20,1157529.2979283195,-3144.0672083138306,1154385.2307200057,-1588.173579558963,-0.0013738841859612938,0.0,0.0,103/100,2.582396064323475,12.174999999999999,130.0,False
Dynamic: 24-month IV/RV z-score,2023-07-21,1177667.997658089,-21250.89567956384,1156417.1019785253,2031.87125851959,0.001760132756768007,166.99864031330915,-945.1973094808969,103/100,2.5495975620352542,83.35,135.0,False
Dynamic: 24-month IV/RV z-score,2023-07-24,1177667.997658089,-19134.729703074583,1158533.2679550145,2116.1659764891956,0.0018299331381979034,0.0,0.0,103/100,2.5495975620352542,75.05,135.0,False
Dynamic: 24-month IV/RV z-score,2023-07-25,1177667.997658089,-17044.059702205675,1160623.9379558833,2090.6700008688495,0.0018045834838729125,0.0,0.0,103/100,2.5495975620352542,66.85000000000001,135.0,False
Dynamic: 24-month IV/RV z-score,2023-07-26,1177667.997658089,-17745.19903176537,1159922.7986263237,-701.1393295596354,-0.0006041055217200775,0.0,0.0,103/100,2.5495975620352542,69.6,135.0,False
Dynamic: 24-month IV/RV z-score,2023-07-27,1177667.997658089,-21034.179886790847,1156633.817771298,-3288.980855025584,-0.002835517035203239,0.0,0.0,103/100,2.5495975620352542,82.5,135.0,False
Dynamic: 24-month IV/RV z-score,2023-07-28,1177667.997658089,-17082.303665636202,1160585.693992453,3951.8762211548164,0.0034167047171158593,0.0,0.0,103/100,2.5495975620352542,67.0,135.0,False
Dynamic: 24-month IV/RV z-score,2023-07-31,1177667.997658089,-15998.724701771218,1161669.2729563178,1083.5789638648275,0.0009336483893207514,0.0,0.0,103/100,2.5495975620352542,62.74999999999999,135.0,False
Dynamic: 24-month IV/RV z-score,2023-08-01,1177667.997658089,-18165.882629501186,1159502.1150285879,-2167.157927729888,-0.0018655550062151027,0.0,0.0,103/100,2.5495975620352542,71.25,135.0,False
Dynamic: 24-month IV/RV z-score,2023-08-02,1177667.997658089,-24463.388607728266,1153204.6090503607,-6297.505978227127,-0.005431215602458739,0.0,0.0,103/100,2.5495975620352542,95.95,135.0,False
Dynamic: 24-month IV/RV z-score,2023-08-03,1177667.997658089,-25253.763851959193,1152414.2338061298,-790.3752442309633,-0.0006853729494559202,0.0,0.0,103/100,2.5495975620352542,99.05,135.0,False
Dynamic: 24-month IV/RV z-score,2023-08-04,1177667.997658089,-28733.964524137315,1148934.0331339517,-3480.2006721780635,-0.003019921630682987,0.0,0.0,103/100,2.5495975620352542,112.7,135.0,False
Dynamic: 24-month IV/RV z-score,2023-08-07,1177667.997658089,-26209.862937722417,1151458.1347203667,2524.1015864149667,0.0021969073189780364,0.0,0.0,103/100,2.5495975620352542,102.80000000000001,135.0,False
Dynamic: 24-month IV/RV z-score,2023-08-08,1177667.997658089,-28721.216536327138,1148946.781121762,-2511.3535986046772,-0.002181020327946648,0.0,0.0,103/100,2.5495975620352542,112.65,135.0,False
Dynamic: 24-month IV/RV z-score,2023-08-09,1177667.997658089,-30684.406659094282,1146983.5909989947,-1963.1901227673516,-0.00170868673381952,0.0,0.0,103/100,2.5495975620352542,120.35,135.0,False
Dynamic: 24-month IV/RV z-score,2023-08-10,1177667.997658089,-31691.497696098206,1145976.4999619909,-1007.0910370037891,-0.0008780343894254639,0.0,0.0,103/100,2.5495975620352542,124.29999999999998,135.0,False
Dynamic: 24-month IV/RV z-score,2023-08-11,1177667.997658089,-32736.832696532656,1144931.1649615564,-1045.3350004344247,-0.0009121783915020387,0.0,0.0,103/100,2.5495975620352542,128.39999999999998,135.0,False
Dynamic: 24-month IV/RV z-score,2023-08-14,1177667.997658089,-32494.62092813931,1145173.3767299498,242.21176839340478,0.0002115513803850888,0.0,0.0,103/100,2.5495975620352542,127.44999999999997,135.0,False
Dynamic: 24-month IV/RV z-score,2023-08-15,1177667.997658089,-34126.363367841885,1143541.6342902472,-1631.7424397026189,-0.0014248868100322776,0.0,0.0,103/100,2.5495975620352542,133.85000000000002,135.0,False
Dynamic: 24-month IV/RV z-score,2023-08-16,1177667.997658089,-34368.575136235224,1143299.4225218538,-242.21176839340478,-0.00021180843891510648,0.0,0.0,103/100,2.5495975620352542,134.79999999999998,135.0,False
Dynamic: 24-month IV/RV z-score,2023-08-17,1177667.997658089,-34457.81105090647,1143210.1866071825,-89.23591467132792,-7.805121992843223e-05,0.0,0.0,103/100,2.5495975620352542,135.15000000000003,135.0,True
Dynamic: 24-month IV/RV z-score,2023-08-18,1157819.9288873961,-14638.2140375977,1143181.7148497985,-28.47175738401711,-2.4905094196614463e-05,66.71572081479083,-34419.56708747593,102/99,2.616302777050527,55.95,130.0,False
Dynamic: 24-month IV/RV z-score,2023-08-21,1157819.9288873961,-12819.883607547583,1145000.0452798486,1818.3304300501477,0.0015905873986876706,0.0,0.0,102/99,2.616302777050527,49.0,130.0,False
Dynamic: 24-month IV/RV z-score,2023-08-22,1157819.9288873961,-13696.345037859512,1144123.5838495367,-876.4614303119015,-0.0007654684678179979,0.0,0.0,102/99,2.616302777050527,52.35000000000001,130.0,False
Dynamic: 24-month IV/RV z-score,2023-08-23,1157819.9288873961,-9693.401788972204,1148126.5270984238,4002.9432488870807,0.003498698309686743,0.0,0.0,102/99,2.616302777050527,37.050000000000004,130.0,False
Dynamic: 24-month IV/RV z-score,2023-08-24,1157819.9288873961,-15069.903995811039,1142750.024891585,-5376.50220683869,-0.004682848170424525,0.0,0.0,102/99,2.616302777050527,57.60000000000001,130.0,False
Dynamic: 24-month IV/RV z-score,2023-08-25,1157819.9288873961,-12218.133968825961,1145601.7949185702,2851.77002698509,0.0024955326754472207,0.0,0.0,102/99,2.616302777050527,46.699999999999996,130.0,False
Dynamic: 24-month IV/RV z-score,2023-08-28,1157819.9288873961,-9719.56481674271,1148100.3640706534,2498.569152083248,0.0021810101582993013,0.0,0.0,102/99,2.616302777050527,37.150000000000006,130.0,False
Dynamic: 24-month IV/RV z-score,2023-08-29,1157819.9288873961,-4931.730734740244,1152888.198152656,4787.834082002519,0.004170222597114304,0.0,0.0,102/99,2.616302777050527,18.85,130.0,False
Dynamic: 24-month IV/RV z-score,2023-08-30,1157819.9288873961,-3479.682693477201,1154340.2461939189,1452.0480412628967,0.00125948729771852,0.0,0.0,102/99,2.616302777050527,13.3,130.0,False
Dynamic: 24-month IV/RV z-score,2023-08-31,1157819.9288873961,-3532.0087490182127,1154287.920138378,-52.32605554093607,-4.53298372932176e-05,0.0,0.0,102/99,2.616302777050527,13.500000000000004,130.0,False
Dynamic: 24-month IV/RV z-score,2023-09-01,1157819.9288873961,-2786.3624575588115,1155033.5664298374,745.6462914594449,0.000645979463572699,0.0,0.0,102/99,2.616302777050527,10.65,130.0,False
Dynamic: 24-month IV/RV z-score,2023-09-05,1157819.9288873961,-3610.497832329727,1154209.4310550664,-824.1353747709654,-0.0007135163849119053,0.0,0.0,102/99,2.616302777050527,13.799999999999997,130.0,False
Dynamic: 24-month IV/RV z-score,2023-09-06,1157819.9288873961,-5729.703081740654,1152090.2258056554,-2119.205249411054,-0.0018360664818636296,0.0,0.0,102/99,2.616302777050527,21.9,130.0,False
Dynamic: 24-month IV/RV z-score,2023-09-07,1157819.9288873961,-6776.224192560866,1151043.7046948352,-1046.5211108201183,-0.0009083673200059872,0.0,0.0,102/99,2.616302777050527,25.900000000000002,130.0,False
Dynamic: 24-month IV/RV z-score,2023-09-08,1157819.9288873961,-5088.708901363275,1152731.219986033,1687.515291197691,0.0014660740372538505,0.0,0.0,102/99,2.616302777050527,19.45,130.0,False
Dynamic: 24-month IV/RV z-score,2023-09-11,1157819.9288873961,-2485.4876381980007,1155334.441249198,2603.22126316512,0.002258307242859914,0.0,0.0,102/99,2.616302777050527,9.5,130.0,False
Dynamic: 24-month IV/RV z-score,2023-09-12,1157819.9288873961,-4290.736554362864,1153529.1923330333,-1805.248916164739,-0.0015625336281093194,0.0,0.0,102/99,2.616302777050527,16.4,130.0,False
Dynamic: 24-month IV/RV z-score,2023-09-13,1157819.9288873961,-2400.457797943859,1155419.4710894523,1890.278756418964,0.0016386917374806576,0.0,0.0,102/99,2.616302777050527,9.175,130.0,False
Dynamic: 24-month IV/RV z-score,2023-09-14,1157819.9288873961,-104.6521110820211,1157715.276776314,2295.8056868617423,0.001986988919874255,0.0,0.0,102/99,2.616302777050527,0.4,130.0,False
Dynamic: 24-month IV/RV z-score,2023-09-15,1160758.8976002592,-4210.224676402324,1156548.6729238569,-1166.603852457134,-0.0010076776871300597,46.78027418224805,-1224.4756893568995,98/95,2.5989041212360027,16.2,130.0,False
Dynamic: 24-month IV/RV z-score,2023-09-18,1160758.8976002592,-4171.241114583784,1156587.6564856754,38.98356181848794,3.370680606118448e-05,0.0,0.0,98/95,2.5989041212360027,16.05,130.0,False
Dynamic: 24-month IV/RV z-score,2023-09-19,1160758.8976002592,-4548.082212163004,1156210.8153880963,-376.8410975791048,-0.00032582147618986923,0.0,0.0,98/95,2.5989041212360027,17.5,130.0,False
Dynamic: 24-month IV/RV z-score,2023-09-20,1160758.8976002592,-6770.145235819786,1153988.7523644394,-2222.0630236568395,-0.0019218493669866943,0.0,0.0,98/95,2.5989041212360027,26.049999999999997,130.0,False
Dynamic: 24-month IV/RV z-score,2023-09-21,1160758.8976002592,-11071.331556465373,1149687.5660437937,-4301.186320645735,-0.0037272341795645536,0.0,0.0,98/95,2.5989041212360027,42.60000000000001,130.0,False
Dynamic: 24-month IV/RV z-score,2023-09-22,1160758.8976002592,-11318.227447982792,1149440.6701522763,-246.89589151740074,-0.0002147504233406261,0.0,0.0,98/95,2.5989041212360027,43.550000000000004,130.0,False
Dynamic: 24-month IV/RV z-score,2023-09-25,1160758.8976002592,-10317.64936130693,1150441.2482389521,1000.5780866758432,0.0008704912855947988,0.0,0.0,98/95,2.5989041212360027,39.7,130.0,False
Dynamic: 24-month IV/RV z-score,2023-09-26,1160758.8976002592,-14371.939790435097,1146386.957809824,-4054.290429128101,-0.0035241177551085245,0.0,0.0,98/95,2.5989041212360027,55.30000000000001,130.0,False
Dynamic: 24-month IV/RV z-score,2023-09-27,1160758.8976002592,-14644.824723164873,1146114.0728770944,-272.8849327296484,-0.00023803911137565414,0.0,0.0,98/95,2.5989041212360027,56.349999999999994,130.0,False
Dynamic: 24-month IV/RV z-score,2023-09-28,1160758.8976002592,-13384.356224365412,1147374.5413758939,1260.4684987994842,0.0010997757802897468,0.0,0.0,98/95,2.5989041212360027,51.5,130.0,False
Dynamic: 24-month IV/RV z-score,2023-09-29,1160758.8976002592,-13995.098692855872,1146763.7989074034,-610.7424684904981,-0.0005322956423262637,0.0,0.0,98/95,2.5989041212360027,53.849999999999994,130.0,False
Dynamic: 24-month IV/RV z-score,2023-10-02,1160758.8976002592,-14358.945269828913,1146399.9523304303,-363.8465769730974,-0.000317281184948226,0.0,0.0,98/95,2.5989041212360027,55.25,130.0,False
Dynamic: 24-month IV/RV z-score,2023-10-03,1160758.8976002592,-19348.84118260203,1141410.056417657,-4989.895912773209,-0.004352665841122594,0.0,0.0,98/95,2.5989041212360027,74.44999999999997,130.0,False
Dynamic: 24-month IV/RV z-score,2023-10-04,1160758.8976002592,-17568.591859555378,1143190.3057407038,1780.2493230467662,0.0015596930419854438,0.0,0.0,98/95,2.5989041212360027,67.60000000000001,130.0,False
Dynamic: 24-month IV/RV z-score,2023-10-05,1160758.8976002592,-18049.389121984033,1142709.508478275,-480.79726242879406,-0.0004205749996429864,0.0,0.0,98/95,2.5989041212360027,69.44999999999999,130.0,False
Dynamic: 24-month IV/RV z-score,2023-10-06,1160758.8976002592,-12981.526085573832,1147777.3715146852,5067.863036410185,0.004434953064457181,0.0,0.0,98/95,2.5989041212360027,49.95,130.0,False
Dynamic: 24-month IV/RV z-score,2023-10-09,1160758.8976002592,-10278.665799488388,1150480.2318007709,2702.8602860856336,0.0023548645871269702,0.0,0.0,98/95,2.5989041212360027,39.55,130.0,False
Dynamic: 24-month IV/RV z-score,2023-10-10,1160758.8976002592,-7939.6520903759865,1152819.2455098832,2339.0137091123033,0.0020330759664173303,0.0,0.0,98/95,2.5989041212360027,30.549999999999997,130.0,False
Dynamic: 24-month IV/RV z-score,2023-10-11,1160758.8976002592,-5171.819201259645,1155587.0783989995,2767.832889116369,0.0024009252967425176,0.0,0.0,98/95,2.5989041212360027,19.9,130.0,False
Dynamic: 24-month IV/RV z-score,2023-10-12,1160758.8976002592,-8030.613734619247,1152728.28386564,-2858.7945333595853,-0.0024738893215389135,0.0,0.0,98/95,2.5989041212360027,30.9,130.0,False
Dynamic: 24-month IV/RV z-score,2023-10-13,1160758.8976002592,-11383.200051013691,1149375.6975492456,-3352.586316394387,-0.00290839251827113,0.0,0.0,98/95,2.5989041212360027,43.800000000000004,130.0,False
Dynamic: 24-month IV/RV z-score,2023-10-16,1160758.8976002592,-4833.961665498964,1155924.9359347601,6549.238385514589,0.005698083228555362,0.0,0.0,98/95,2.5989041212360027,18.599999999999998,130.0,False
Dynamic: 24-month IV/RV z-score,2023-10-17,1160758.8976002592,-5321.2561882307145,1155437.6414120283,-487.29452273179777,-0.0004215624281327379,0.0,0.0,98/95,2.5989041212360027,20.474999999999998,130.0,False
Dynamic: 24-month IV/RV z-score,2023-10-18,1160758.8976002592,-11142.80141979936,1149616.0961804597,-5821.545231568627,-0.00503838980393112,0.0,0.0,98/95,2.5989041212360027,42.875,130.0,False
Dynamic: 24-month IV/RV z-score,2023-10-19,1160758.8976002592,-21713.843932926804,1139045.0536673323,-10571.042513127439,-0.009195280536040795,0.0,0.0,98/95,2.5989041212360027,83.55000000000001,130.0,False
Dynamic: 24-month IV/RV z-score,2023-10-20,1144313.305567895,-17461.552012238128,1126851.7535556569,-12193.300111675402,-0.010704844441769112,121.3904685342709,-33785.75357606803,103/100,2.6679223853686977,65.45,125.0,False
Dynamic: 24-month IV/RV z-score,2023-10-23,1144313.305567895,-17701.665026921317,1126611.6405409737,-240.1130146831274,-0.0002130830554467611,0.0,0.0,103/100,2.6679223853686977,66.35000000000002,125.0,False
Dynamic: 24-month IV/RV z-score,2023-10-24,1144313.305567895,-15887.477804870594,1128425.8277630245,1814.1872220507357,0.0016103039918704543,0.0,0.0,103/100,2.6679223853686977,59.55,125.0,False
Dynamic: 24-month IV/RV z-score,2023-10-25,1144313.305567895,-20596.360815046344,1123716.9447528487,-4708.883010175778,-0.004172966352171015,0.0,0.0,103/100,2.6679223853686977,77.19999999999999,125.0,False
Dynamic: 24-month IV/RV z-score,2023-10-26,1144313.305567895,-24691.6216765873,1119621.6838913078,-4095.2608615409117,-0.0036443882782613013,0.0,0.0,103/100,2.6679223853686977,92.55000000000001,125.0,False
Dynamic: 24-month IV/RV z-score,2023-10-27,1144313.305567895,-26652.544629833294,1117660.7609380619,-1960.9229532459285,-0.001751415662503586,0.0,0.0,103/100,2.6679223853686977,99.9,125.0,False
Dynamic: 24-month IV/RV z-score,2023-10-30,1144313.305567895,-24131.357975659866,1120181.9475922352,2521.1866541733034,0.0022557709300425888,0.0,0.0,103/100,2.6679223853686977,90.44999999999999,125.0,False
Dynamic: 24-month IV/RV z-score,2023-10-31,1144313.305567895,-23290.962424268728,1121022.3431436263,840.3955513911787,0.0007502312934051236,0.0,0.0,103/100,2.6679223853686977,87.29999999999998,125.0,False
Dynamic: 24-month IV/RV z-score,2023-11-01,1144313.305567895,-19449.154189337805,1124864.1513785573,3841.80823493097,0.0034270576839330325,0.0,0.0,103/100,2.6679223853686977,72.89999999999999,125.0,False
Dynamic: 24-month IV/RV z-score,2023-11-02,1144313.305567895,-11432.047421304871,1132881.25814659,8017.106768032769,0.007127177764717274,0.0,0.0,103/100,2.6679223853686977,42.85,125.0,False
Dynamic: 24-month IV/RV z-score,2023-11-03,1144313.305567895,-6923.258590031771,1137390.0469778632,4508.788831273094,0.00397993064043578,0.0,0.0,103/100,2.6679223853686977,25.95,125.0,False
Dynamic: 24-month IV/RV z-score,2023-11-06,1144313.305567895,-6229.5987698359095,1138083.7067980592,693.659820195986,0.0006098697821728116,0.0,0.0,103/100,2.6679223853686977,23.35,125.0,False
Dynamic: 24-month IV/RV z-score,2023-11-07,1144313.305567895,-5042.373308346839,1139270.9322595482,1187.2254614890553,0.0010431793851344295,0.0,0.0,103/100,2.6679223853686977,18.9,125.0,False
Dynamic: 24-month IV/RV z-score,2023-11-08,1144313.305567895,-4642.184950541535,1139671.1206173536,400.18835780536756,0.0003512670660452688,0.0,0.0,103/100,2.6679223853686977,17.400000000000002,125.0,False
Dynamic: 24-month IV/RV z-score,2023-11-09,1144313.305567895,-7283.428112056546,1137029.8774558385,-2641.2431615151,-0.0023175485574157273,0.0,0.0,103/100,2.6679223853686977,27.300000000000004,125.0,False
Dynamic: 24-month IV/RV z-score,2023-11-10,1144313.305567895,-1760.8287743433405,1142552.4767935518,5522.599337713327,0.004857039772842686,0.0,0.0,103/100,2.6679223853686977,6.6,125.0,False
Dynamic: 24-month IV/RV z-score,2023-11-13,1144313.305567895,-1854.2060578312448,1142459.0995100639,-93.37728348793462,-8.172691004093569e-05,0.0,0.0,103/100,2.6679223853686977,6.949999999999999,125.0,False
Dynamic: 24-month IV/RV z-score,2023-11-14,1144313.305567895,-146.73573119527833,1144166.5698366999,1707.4703266359866,0.0014945570719933077,0.0,0.0,103/100,2.6679223853686977,0.5499999999999998,125.0,False
Dynamic: 24-month IV/RV z-score,2023-11-15,1144313.305567895,-53.358447707373955,1144259.9471201878,93.37728348793462,8.161161665576344e-05,0.0,0.0,103/100,2.6679223853686977,0.2,125.0,False
Dynamic: 24-month IV/RV z-score,2023-11-16,1144313.305567895,-6.669805963421751,1144306.6357619315,46.68864174373448,4.080247837157103e-05,0.0,0.0,103/100,2.6679223853686977,0.025000000000000022,125.0,False
Dynamic: 24-month IV/RV z-score,2023-11-17,1148095.5560774633,-3827.8808776460705,1144267.6751998172,-38.96056211437099,-3.4047309433349326e-05,45.63036807790019,0.0,98/95,2.5350204487722325,15.099999999999998,135.0,False
Dynamic: 24-month IV/RV z-score,2023-11-20,1148095.5560774633,-2547.6955510160938,1145547.8605264472,1280.1853266300168,0.0011187813431909888,0.0,0.0,98/95,2.5350204487722325,10.05,135.0,False
Dynamic: 24-month IV/RV z-score,2023-11-21,1148095.5560774633,-2801.1975958933167,1145294.35848157,-253.50204487727024,-0.00022129328124342873,0.0,0.0,98/95,2.5350204487722325,11.049999999999999,135.0,False
Dynamic: 24-month IV/RV z-score,2023-11-22,1148095.5560774633,-2015.3412567739251,1146080.2148206893,785.8563391193748,0.0006861610146768893,0.0,0.0,98/95,2.5350204487722325,7.950000000000001,135.0,False
Dynamic: 24-month IV/RV z-score,2023-11-24,1148095.5560774633,-1660.4383939458125,1146435.1176835175,354.9028628282249,0.00030966668671061903,0.0,0.0,98/95,2.5350204487722325,6.550000000000001,135.0,False
Dynamic: 24-month IV/RV z-score,2023-11-27,1148095.5560774633,-1635.08818945809,1146460.4678880053,25.350204487796873,2.211220163861327e-05,0.0,0.0,98/95,2.5350204487722325,6.45,135.0,False
Dynamic: 24-month IV/RV z-score,2023-11-28,1148095.5560774633,-1508.3371670194783,1146587.2189104438,126.7510224385187,0.00011055856349928561,0.0,0.0,98/95,2.5350204487722325,5.95,135.0,False
Dynamic: 24-month IV/RV z-score,2023-11-29,1148095.5560774633,-1622.4130872142287,1146473.142990249,-114.0759201948531,-9.949170748935199e-05,0.0,0.0,98/95,2.5350204487722325,6.3999999999999995,135.0,False
Dynamic: 24-month IV/RV z-score,2023-11-30,1148095.5560774633,-1330.8857356054218,1146764.670341858,291.52735160896555,0.0002542818847448558,0.0,0.0,98/95,2.5350204487722325,5.249999999999999,135.0,False
Dynamic: 24-month IV/RV z-score,2023-12-01,1148095.5560774633,-760.5061346316697,1147335.0499428317,570.3796009737998,0.0004973815602495879,0.0,0.0,98/95,2.5350204487722325,3.0,135.0,False
Dynamic: 24-month IV/RV z-score,2023-12-04,1148095.5560774633,-975.9828727773094,1147119.573204686,-215.47673814580776,-0.00018780628915371356,0.0,0.0,98/95,2.5350204487722325,3.849999999999999,135.0,False
Dynamic: 24-month IV/RV z-score,2023-12-05,1148095.5560774633,-823.8816458509754,1147271.6744316122,152.10122692631558,0.00013259404728094282,0.0,0.0,98/95,2.5350204487722325,3.249999999999999,135.0,False
Dynamic: 24-month IV/RV z-score,2023-12-06,1148095.5560774633,-1052.0334862404763,1147043.5225912228,-228.15184038947336,-0.00019886470264551814,0.0,0.0,98/95,2.5350204487722325,4.1499999999999995,135.0,False
Dynamic: 24-month IV/RV z-score,2023-12-07,1148095.5560774633,-557.7044987298912,1147537.8515787334,494.32898751064204,0.0004309592249769345,0.0,0.0,98/95,2.5350204487722325,2.2,135.0,False
Dynamic: 24-month IV/RV z-score,2023-12-08,1148095.5560774633,-196.46408477984806,1147899.0919926835,361.2404139500577,0.00031479607705575674,0.0,0.0,98/95,2.5350204487722325,0.7750000000000001,135.0,False
Dynamic: 24-month IV/RV z-score,2023-12-11,1148095.5560774633,-88.72571570702813,1148006.8303617563,107.73836907278746,9.385700348074622e-05,0.0,0.0,98/95,2.5350204487722325,0.35,135.0,False
Dynamic: 24-month IV/RV z-score,2023-12-12,1148095.5560774633,-44.36285785351405,1148051.1932196098,44.36285785352811,3.864337448189481e-05,0.0,0.0,98/95,2.5350204487722325,0.17499999999999993,135.0,False
Dynamic: 24-month IV/RV z-score,2023-12-13,1148095.5560774633,-31.687755609652907,1148063.8683218537,12.675102243898436,1.104053749401146e-05,0.0,0.0,98/95,2.5350204487722325,0.125,135.0,False
Dynamic: 24-month IV/RV z-score,2023-12-14,1148095.5560774633,-38.02530673158349,1148057.5307707316,-6.3375511220656335,-5.5202078010907485e-06,0.0,0.0,98/95,2.5350204487722325,0.15000000000000002,135.0,False
Dynamic: 24-month IV/RV z-score,2023-12-15,1168146.8862648022,-20362.73157826078,1147784.1546865413,-273.3760841903277,-0.000238120544365783,311.40139092201974,0.0,103/100,2.4328233665783485,83.70000000000002,140.0,False
Dynamic: 24-month IV/RV z-score,2023-12-18,1168146.8862648022,-18647.591104823045,1149499.2951599793,1715.1404734379612,0.0014943057598719722,0.0,0.0,103/100,2.4328233665783485,76.65,140.0,False
Dynamic: 24-month IV/RV z-score,2023-12-19,1168146.8862648022,-16153.947154080233,1151992.939110722,2493.6439507426694,0.002169330560916727,0.0,0.0,103/100,2.4328233665783485,66.39999999999999,140.0,False
Dynamic: 24-month IV/RV z-score,2023-12-20,1168146.8862648022,-22637.421426011533,1145509.4648387907,-6483.47427193122,-0.005628050356746184,0.0,0.0,103/100,2.4328233665783485,93.05,140.0,False
Dynamic: 24-month IV/RV z-score,2023-12-21,1168146.8862648022,-17893.415861183752,1150253.4704036184,4744.005564827705,0.004141393598607435,0.0,0.0,103/100,2.4328233665783485,73.55,140.0,False
Dynamic: 24-month IV/RV z-score,2023-12-22,1168146.8862648022,-17637.96940769303,1150508.9168571092,255.44645349076018,0.00022207840277244095,0.0,0.0,103/100,2.4328233665783485,72.5,140.0,False
Dynamic: 24-month IV/RV z-score,2023-12-26,1168146.8862648022,-15229.474274780465,1152917.4119900218,2408.495132912649,0.0020934171805395696,0.0,0.0,103/100,2.4328233665783485,62.60000000000001,140.0,False
Dynamic: 24-month IV/RV z-score,2023-12-27,1168146.8862648022,-14317.165512313582,1153829.7207524886,912.3087624667678,0.000791304522751668,0.0,0.0,103/100,2.4328233665783485,58.85,140.0,False
Dynamic: 24-month IV/RV z-score,2023-12-28,1168146.8862648022,-14536.119615305632,1153610.7666494965,-218.95410299208015,-0.0001897629251994548,0.0,0.0,103/100,2.4328233665783485,59.74999999999999,140.0,False
Dynamic: 24-month IV/RV z-score,2023-12-29,1168146.8862648022,-16689.16829472747,1151457.7179700746,-2153.0486794218887,-0.0018663562630185648,0.0,0.0,103/100,2.4328233665783485,68.6,140.0,False
Dynamic: 24-month IV/RV z-score,2024-01-02,1168146.8862648022,-19864.002788112215,1148282.88347669,-3174.8344933846965,-0.002757230633688934,0.0,0.0,103/100,2.4328233665783485,81.64999999999999,140.0,False
Dynamic: 24-month IV/RV z-score,2024-01-03,1168146.8862648022,-24522.85953510975,1143624.0267296925,-4658.856746997451,-0.004057237823568038,0.0,0.0,103/100,2.4328233665783485,100.79999999999998,140.0,False
Dynamic: 24-month IV/RV z-score,2024-01-04,1168146.8862648022,-26517.774695704007,1141629.1115690982,-1994.9151605942752,-0.001744380245576771,0.0,0.0,103/100,2.4328233665783485,109.00000000000003,140.0,False
Dynamic: 24-month IV/RV z-score,2024-01-05,1168146.8862648022,-26542.102929369783,1141604.7833354324,-24.328233665786684,-2.131010274641909e-05,0.0,0.0,103/100,2.4328233665783485,109.1,140.0,False
Dynamic: 24-month IV/RV z-score,2024-01-08,1168146.8862648022,-19243.632829634735,1148903.2534351675,7298.470099735074,0.006393167062957783,0.0,0.0,103/100,2.4328233665783485,79.1,140.0,False
Dynamic: 24-month IV/RV z-score,2024-01-09,1168146.8862648022,-20703.326849581747,1147443.5594152205,-1459.6940199469682,-0.0012705108246343633,0.0,0.0,103/100,2.4328233665783485,85.1,140.0,False
Dynamic: 24-month IV/RV z-score,2024-01-10,1168146.8862648022,-16555.363009565663,1151591.5232552364,4147.963840015931,0.0036149611072198162,0.0,0.0,103/100,2.4328233665783485,68.05,140.0,False
Dynamic: 24-month IV/RV z-score,2024-01-11,1168146.8862648022,-17516.32823936411,1150630.558025438,-960.9652297983412,-0.0008344670921872632,0.0,0.0,103/100,2.4328233665783485,72.0,140.0,False
Dynamic: 24-month IV/RV z-score,2024-01-12,1168146.8862648022,-17698.789991857488,1150448.0962729447,-182.46175249340013,-0.00015857544476005625,0.0,0.0,103/100,2.4328233665783485,72.75,140.0,False
Dynamic: 24-month IV/RV z-score,2024-01-16,1168146.8862648022,-20946.609186239584,1147200.2770785626,-3247.8191943820566,-0.0028230905895745284,0.0,0.0,103/100,2.4328233665783485,86.10000000000001,140.0,False
Dynamic: 24-month IV/RV z-score,2024-01-17,1168146.8862648022,-27028.66760268545,1141118.2186621167,-6082.058416445972,-0.005301653545564333,0.0,0.0,103/100,2.4328233665783485,111.1,140.0,False
Dynamic: 24-month IV/RV z-score,2024-01-18,1168146.8862648022,-19413.93046529522,1148732.955799507,7614.737137390301,0.006673048429914674,0.0,0.0,103/100,2.4328233665783485,79.8,140.0,False
Dynamic: 24-month IV/RV z-score,2024-01-19,1166887.1065812549,-3689.330262244955,1163197.77631901,14464.820519502973,0.012591978358830636,37.25382349498054,-4911.856122297272,98/95,2.403472483547202,15.349999999999998,145.0,False
Dynamic: 24-month IV/RV z-score,2024-01-22,1166887.1065812549,-3136.5315910290983,1163750.5749902257,552.7986712157726,0.0004752404814296618,0.0,0.0,98/95,2.403472483547202,13.049999999999997,145.0,False
Dynamic: 24-month IV/RV z-score,2024-01-23,1166887.1065812549,-2319.3509466230503,1164567.7556346317,817.1806444060057,0.0007021956955104436,0.0,0.0,98/95,2.403472483547202,9.65,145.0,False
Dynamic: 24-month IV/RV z-score,2024-01-24,1166887.1065812549,-2511.6287453068267,1164375.477835948,-192.2777986836154,-0.0001651065794612272,0.0,0.0,98/95,2.403472483547202,10.450000000000001,145.0,False
Dynamic: 24-month IV/RV z-score,2024-01-25,1166887.1065812549,-1886.7258995845539,1165000.3806816703,624.9028457221575,0.0005366849934727025,0.0,0.0,98/95,2.403472483547202,7.8500000000000005,145.0,False
Dynamic: 24-month IV/RV z-score,2024-01-26,1166887.1065812549,-1850.6738123313455,1165036.4327689235,36.05208725319244,3.094598753006217e-05,0.0,0.0,98/95,2.403472483547202,7.699999999999999,145.0,False
Dynamic: 24-month IV/RV z-score,2024-01-29,1166887.1065812549,-1153.666792102657,1165733.4397891522,697.0070202287752,0.0005982705781759634,0.0,0.0,98/95,2.403472483547202,4.8,145.0,False
Dynamic: 24-month IV/RV z-score,2024-01-30,1166887.1065812549,-1129.6320672671852,1165757.4745139878,24.034724835539237,2.0617684982848772e-05,0.0,0.0,98/95,2.403472483547202,4.700000000000001,145.0,False
Dynamic: 24-month IV/RV z-score,2024-01-31,1166887.1065812549,-2763.9933560792824,1164123.1132251755,-1634.3612888122443,-0.0014019736733780208,0.0,0.0,98/95,2.403472483547202,11.5,145.0,False
Dynamic: 24-month IV/RV z-score,2024-02-01,1166887.1065812549,-943.3629497922766,1165943.7436314626,1820.630406287033,0.0015639500544259999,0.0,0.0,98/95,2.403472483547202,3.924999999999999,145.0,False
Dynamic: 24-month IV/RV z-score,2024-02-02,1166887.1065812549,-552.7986712158563,1166334.307910039,390.56427857652307,0.000334976949539767,0.0,0.0,98/95,2.403472483547202,2.299999999999999,145.0,False
Dynamic: 24-month IV/RV z-score,2024-02-05,1166887.1065812549,-468.6771342917044,1166418.4294469631,84.12153692403808,7.212472132001047e-05,0.0,0.0,98/95,2.403472483547202,1.95,145.0,False
Dynamic: 24-month IV/RV z-score,2024-02-06,1166887.1065812549,-258.3732919813242,1166628.7332892735,210.30384231032804,0.00018029879929959414,0.0,0.0,98/95,2.403472483547202,1.0749999999999997,145.0,False
Dynamic: 24-month IV/RV z-score,2024-02-07,1166887.1065812549,-102.1475805507561,1166784.959000704,156.2257114306558,0.00013391210671631626,0.0,0.0,98/95,2.403472483547202,0.42500000000000004,145.0,False
Dynamic: 24-month IV/RV z-score,2024-02-08,1166887.1065812549,-78.11285571528406,1166808.9937255397,24.034724835539237,2.059910410245891e-05,0.0,0.0,98/95,2.403472483547202,0.32499999999999996,145.0,False
Dynamic: 24-month IV/RV z-score,2024-02-09,1166887.1065812549,-66.09549329754809,1166821.0110879573,12.017362417653203,1.0299339893826698e-05,0.0,0.0,98/95,2.403472483547202,0.27500000000000013,145.0,False
Dynamic: 24-month IV/RV z-score,2024-02-12,1166887.1065812549,-60.086812088680055,1166827.0197691661,6.0086812088266015,5.1496169093390165e-06,0.0,0.0,98/95,2.403472483547202,0.25,145.0,False
Dynamic: 24-month IV/RV z-score,2024-02-13,1166887.1065812549,-78.11285571528411,1166808.9937255397,-18.026043626479805,-1.544877117265475e-05,0.0,0.0,98/95,2.403472483547202,0.3250000000000002,145.0,False
Dynamic: 24-month IV/RV z-score,2024-02-14,1166887.1065812549,-30.043406044340042,1166857.0631752105,48.06944967084564,4.119735957575088e-05,0.0,0.0,98/95,2.403472483547202,0.12500000000000006,145.0,False
Dynamic: 24-month IV/RV z-score,2024-02-15,1166887.1065812549,-18.026043626604018,1166869.0805376281,12.017362417653203,1.0298915605888581e-05,0.0,0.0,98/95,2.403472483547202,0.07500000000000001,145.0,False
Dynamic: 24-month IV/RV z-score,2024-02-16,1188647.4816811723,-22041.281972223293,1166606.199708949,-262.8808286790736,-0.00022528733776883136,280.9068723059658,0.0,103/100,2.331177363534986,94.55,150.0,False
Dynamic: 24-month IV/RV z-score,2024-02-20,1188647.4816811723,-24512.329977570374,1164135.151703602,-2471.04800534714,-0.0021181509287054867,0.0,0.0,103/100,2.331177363534986,105.14999999999999,150.0,False
Dynamic: 24-month IV/RV z-score,2024-02-21,1188647.4816811723,-23439.988390344286,1165207.493290828,1072.3415872261394,0.0009211487048190747,0.0,0.0,103/100,2.331177363534986,100.55000000000001,150.0,False
Dynamic: 24-month IV/RV z-score,2024-02-22,1188647.4816811723,-15140.996976159731,1173506.4847050125,8298.99141418445,0.007122329252059689,0.0,0.0,103/100,2.331177363534986,64.94999999999999,150.0,False
Dynamic: 24-month IV/RV z-score,2024-02-23,1188647.4816811723,-14779.664484811809,1173867.8171963606,361.3324913480319,0.0003079083891375234,0.0,0.0,103/100,2.331177363534986,63.39999999999999,150.0,False
Dynamic: 24-month IV/RV z-score,2024-02-26,1188647.4816811723,-16761.16524381655,1171886.3164373557,-1981.500759004848,-0.0016880101234374445,0.0,0.0,103/100,2.331177363534986,71.9,150.0,False
Dynamic: 24-month IV/RV z-score,2024-02-27,1188647.4816811723,-15280.867617971835,1173366.6140632005,1480.2976258448325,0.0012631751092930799,0.0,0.0,103/100,2.331177363534986,65.55000000000001,150.0,False
Dynamic: 24-month IV/RV z-score,2024-02-28,1188647.4816811723,-17472.174339694717,1171175.3073414776,-2191.30672172294,-0.0018675379846838647,0.0,0.0,103/100,2.331177363534986,74.94999999999999,150.0,False
Dynamic: 24-month IV/RV z-score,2024-02-29,1188647.4816811723,-14231.837804381088,1174415.6438767912,3240.3365353136323,0.0027667391166819044,0.0,0.0,103/100,2.331177363534986,61.05,150.0,False
Dynamic: 24-month IV/RV z-score,2024-03-01,1188647.4816811723,-9382.98888822832,1179264.492792944,4848.848916152725,0.0041287332482615735,0.0,0.0,103/100,2.331177363534986,40.25,150.0,False
Dynamic: 24-month IV/RV z-score,2024-03-04,1188647.4816811723,-9989.095002747415,1178658.386678425,-606.1061145190615,-0.0005139696126045257,0.0,0.0,103/100,2.331177363534986,42.85,150.0,False
Dynamic: 24-month IV/RV z-score,2024-03-05,1188647.4816811723,-15164.308749795084,1173483.172931377,-5175.213747047819,-0.0043907664897138154,0.0,0.0,103/100,2.331177363534986,65.05,150.0,False
Dynamic: 24-month IV/RV z-score,2024-03-06,1188647.4816811723,-12436.831234459147,1176210.6504467132,2727.477515336126,0.0023242578830702243,0.0,0.0,103/100,2.331177363534986,53.34999999999999,150.0,False
Dynamic: 24-month IV/RV z-score,2024-03-07,1188647.4816811723,-7867.723601930579,1180779.7580792417,4569.107632528525,0.0038845997787839703,0.0,0.0,103/100,2.331177363534986,33.75000000000001,150.0,False
Dynamic: 24-month IV/RV z-score,2024-03-08,1188647.4816811723,-9487.891869587394,1179159.589811585,-1620.1682676568162,-0.001372117244194948,0.0,0.0,103/100,2.331177363534986,40.7,150.0,False
Dynamic: 24-month IV/RV z-score,2024-03-11,1188647.4816811723,-10420.362815001386,1178227.118866171,-932.4709454139229,-0.000790792826917408,0.0,0.0,103/100,2.331177363534986,44.699999999999996,150.0,False
Dynamic: 24-month IV/RV z-score,2024-03-12,1188647.4816811723,-2948.9393648717573,1185698.5423163006,7471.423450129572,0.006341242134470182,0.0,0.0,103/100,2.331177363534986,12.65,150.0,False
Dynamic: 24-month IV/RV z-score,2024-03-13,1188647.4816811723,-2908.143761009895,1185739.3379201624,40.795603861799464,3.4406387800833826e-05,0.0,0.0,103/100,2.331177363534986,12.475,150.0,False
Dynamic: 24-month IV/RV z-score,2024-03-14,1188647.4816811723,-3438.4866112141044,1185208.9950699583,-530.3428502040915,-0.00044726765254687884,0.0,0.0,103/100,2.331177363534986,14.75,150.0,False
Dynamic: 24-month IV/RV z-score,2024-03-15,1199060.7828982654,-19770.749871929012,1179290.0330263365,-5918.96204362181,-0.004994023896412014,519.9188450285704,-8837.529809807436,103/100,2.305626807222042,85.75000000000001,155.0,False
Dynamic: 24-month IV/RV z-score,2024-03-18,1199060.7828982654,-17488.179332779186,1181572.6035654861,2282.5705391496886,0.0019355463670731599,0.0,0.0,103/100,2.305626807222042,75.85,155.0,False
Dynamic: 24-month IV/RV z-score,2024-03-19,1199060.7828982654,-15758.959227362655,1183301.8236709028,1729.220105416607,0.0014634903519246123,0.0,0.0,103/100,2.305626807222042,68.35,155.0,False
Dynamic: 24-month IV/RV z-score,2024-03-20,1199060.7828982654,-11412.852695749107,1187647.9302025163,4346.106531613506,0.0036728638836460714,0.0,0.0,103/100,2.305626807222042,49.5,155.0,False
Dynamic: 24-month IV/RV z-score,2024-03-21,1199060.7828982654,-10306.151828282527,1188754.631069983,1106.7008674666286,0.0009318425429982735,0.0,0.0,103/100,2.305626807222042,44.7,155.0,False
Dynamic: 24-month IV/RV z-score,2024-03-22,1199060.7828982654,-11378.268293640778,1187682.5146046246,-1072.1164653582964,-0.0009018820514653525,0.0,0.0,103/100,2.305626807222042,49.35000000000001,155.0,False
Dynamic: 24-month IV/RV z-score,2024-03-25,1199060.7828982654,-12254.406480385154,1186806.3764178802,-876.1381867444143,-0.0007376871983638678,0.0,0.0,103/100,2.305626807222042,53.150000000000006,155.0,False
Dynamic: 24-month IV/RV z-score,2024-03-26,1199060.7828982654,-12588.72236743235,1186472.060530833,-334.3158870472107,-0.0002816937064800129,0.0,0.0,103/100,2.305626807222042,54.60000000000001,155.0,False
Dynamic: 24-month IV/RV z-score,2024-03-27,1199060.7828982654,-9107.225888527066,1189953.5570097384,3481.4964789054357,0.0029343265591503798,0.0,0.0,103/100,2.305626807222042,39.5,155.0,False
Dynamic: 24-month IV/RV z-score,2024-03-28,1199060.7828982654,-9107.225888527066,1189953.5570097384,0.0,0.0,0.0,0.0,103/100,2.305626807222042,39.5,155.0,False
Dynamic: 24-month IV/RV z-score,2024-04-01,1199060.7828982654,-9925.72340509089,1189135.0594931745,-818.4975165638607,-0.0006878398839537114,0.0,0.0,103/100,2.305626807222042,43.05,155.0,False
Dynamic: 24-month IV/RV z-score,2024-04-02,1199060.7828982654,-13119.016533093418,1185941.7663651719,-3193.293128002668,-0.0026853914553353064,0.0,0.0,103/100,2.305626807222042,56.9,155.0,False
Dynamic: 24-month IV/RV z-score,2024-04-03,1199060.7828982654,-12438.856624962917,1186621.9262733024,680.1599081305321,0.0005735188079387665,0.0,0.0,103/100,2.305626807222042,53.95,155.0,False
Dynamic: 24-month IV/RV z-score,2024-04-04,1199060.7828982654,-18975.308623437406,1180085.474274828,-6536.451998474309,-0.005508453749040854,0.0,0.0,103/100,2.305626807222042,82.30000000000001,155.0,False
Dynamic: 24-month IV/RV z-score,2024-04-05,1199060.7828982654,-13983.626585801683,1185077.1563124638,4991.682037635706,0.004229932616282017,0.0,0.0,103/100,2.305626807222042,60.65,155.0,False
Dynamic: 24-month IV/RV z-score,2024-04-08,1199060.7828982654,-13314.994811707293,1185745.7880865582,668.6317740944214,0.0005642094867266412,0.0,0.0,103/100,2.305626807222042,57.75,155.0,False
Dynamic: 24-month IV/RV z-score,2024-04-09,1199060.7828982654,-12312.047150565706,1186748.7357476996,1002.9476611413993,0.0008458370008295191,0.0,0.0,103/100,2.305626807222042,53.400000000000006,155.0,False
Dynamic: 24-month IV/RV z-score,2024-04-10,1199060.7828982654,-20174.23456319287,1178886.5483350726,-7862.187412627041,-0.006624980651589674,0.0,0.0,103/100,2.305626807222042,87.50000000000001,155.0,False
Dynamic: 24-month IV/RV z-score,2024-04-11,1199060.7828982654,-14951.989844834941,1184108.7930534305,5222.244718357921,0.004429811100765679,0.0,0.0,103/100,2.305626807222042,64.85,155.0,False
Dynamic: 24-month IV/RV z-score,2024-04-12,1199060.7828982654,-24139.912671614777,1174920.8702266507,-9187.922826779773,-0.007759356978582321,0.0,0.0,103/100,2.305626807222042,104.69999999999999,155.0,False
Dynamic: 24-month IV/RV z-score,2024-04-15,1199060.7828982654,-31275.827639967,1167784.9552582984,-7135.914968352299,-0.006073528140644657,0.0,0.0,103/100,2.305626807222042,135.65,155.0,False
Dynamic: 24-month IV/RV z-score,2024-04-16,1199060.7828982654,-33074.2165496002,1165986.5663486652,-1798.3889096332714,-0.0015400000672516345,0.0,0.0,103/100,2.305626807222042,143.45000000000002,155.0,False
Dynamic: 24-month IV/RV z-score,2024-04-17,1199060.7828982654,-35160.80881013614,1163899.9740881294,-2086.5922605358064,-0.0017895508582659314,0.0,0.0,103/100,2.305626807222042,152.5,155.0,False
Dynamic: 24-month IV/RV z-score,2024-04-18,1199060.7828982654,-35621.93417158055,1163438.848726685,-461.12536144442856,-0.0003961898545497,0.0,0.0,103/100,2.305626807222042,154.5,155.0,False
Dynamic: 24-month IV/RV z-score,2024-04-19,1182263.2938061692,-19204.372034466684,1163058.9217717026,-379.9269549823366,-0.0003265551562062763,264.6456146213134,-35737.21551194165,103/100,2.3419965895691077,82.0,150.0,False
Dynamic: 24-month IV/RV z-score,2024-04-22,1182263.2938061692,-17026.31520616741,1165236.9786000017,2178.0568282990716,0.001872696892244452,0.0,0.0,103/100,2.3419965895691077,72.69999999999999,150.0,False
Dynamic: 24-month IV/RV z-score,2024-04-23,1182263.2938061692,-12178.382265759363,1170084.9115404098,4847.932940408122,0.00416046952632132,0.0,0.0,103/100,2.3419965895691077,52.00000000000001,150.0,False
Dynamic: 24-month IV/RV z-score,2024-04-24,1182263.2938061692,-13759.22996371851,1168504.0638424507,-1580.8476979590487,-0.0013510538272627493,0.0,0.0,103/100,2.3419965895691077,58.75000000000001,150.0,False
Dynamic: 24-month IV/RV z-score,2024-04-25,1182263.2938061692,-10878.574158548507,1171384.7196476206,2880.6558051698375,0.0024652509942475476,0.0,0.0,103/100,2.3419965895691077,46.45,150.0,False
Dynamic: 24-month IV/RV z-score,2024-04-26,1182263.2938061692,-10339.914942947611,1171923.3788632215,538.6592156009283,0.0004598482518731739,0.0,0.0,103/100,2.3419965895691077,44.15,150.0,False
Dynamic: 24-month IV/RV z-score,2024-04-29,1182263.2938061692,-8946.426972153991,1173316.8668340151,1393.4879707936198,0.0011890606467337417,0.0,0.0,103/100,2.3419965895691077,38.199999999999996,150.0,False
Dynamic: 24-month IV/RV z-score,2024-04-30,1182263.2938061692,-15761.637047800095,1166501.6567583692,-6815.21007564594,-0.005808499194284611,0.0,0.0,103/100,2.3419965895691077,67.3,150.0,False
Dynamic: 24-month IV/RV z-score,2024-05-01,1182263.2938061692,-17096.575103854488,1165166.7187023147,-1334.938056054525,-0.0011443944792708383,0.0,0.0,103/100,2.3419965895691077,73.0,150.0,False
Dynamic: 24-month IV/RV z-score,2024-05-02,1182263.2938061692,-13443.06042412668,1168820.2333820425,3653.514679727843,0.0031356153768251627,0.0,0.0,103/100,2.3419965895691077,57.4,150.0,False
Dynamic: 24-month IV/RV z-score,2024-05-03,1182263.2938061692,-6967.439853968096,1175295.853952201,6475.620570158586,0.0055403049889211076,0.0,0.0,103/100,2.3419965895691077,29.75,150.0,False
Dynamic: 24-month IV/RV z-score,2024-05-06,1182263.2938061692,-3922.844287528256,1178340.449518641,3044.595566439908,0.00259049290117197,0.0,0.0,103/100,2.3419965895691077,16.75,150.0,False
Dynamic: 24-month IV/RV z-score,2024-05-07,1182263.2938061692,-2904.0757710656935,1179359.2180351035,1018.7685164625291,0.0008645790924675101,0.0,0.0,103/100,2.3419965895691077,12.399999999999999,150.0,False
Dynamic: 24-month IV/RV z-score,2024-05-08,1182263.2938061692,-2945.060711383153,1179318.233094786,-40.984940317459404,-3.475187177126582e-05,0.0,0.0,103/100,2.3419965895691077,12.575,150.0,False
Dynamic: 24-month IV/RV z-score,2024-05-09,1182263.2938061692,-1264.6781583673182,1180998.615647802,1680.3825530158356,0.0014248762597404152,0.0,0.0,103/100,2.3419965895691077,5.4,150.0,False
Dynamic: 24-month IV/RV z-score,2024-05-10,1182263.2938061692,-971.9285846711798,1181291.365221498,292.74957369617186,0.0002478830794696574,0.0,0.0,103/100,2.3419965895691077,4.15,150.0,False
Dynamic: 24-month IV/RV z-score,2024-05-13,1182263.2938061692,-971.9285846711798,1181291.365221498,0.0,0.0,0.0,0.0,103/100,2.3419965895691077,4.15,150.0,False
Dynamic: 24-month IV/RV z-score,2024-05-14,1182263.2938061692,-339.5895054875207,1181923.7043006816,632.3390791835263,0.000535294761140559,0.0,0.0,103/100,2.3419965895691077,1.4500000000000002,150.0,False
Dynamic: 24-month IV/RV z-score,2024-05-15,1182263.2938061692,-29.274957369613848,1182234.0188487996,310.31454811803997,0.0002625504057400807,0.0,0.0,103/100,2.3419965895691077,0.125,150.0,False
Dynamic: 24-month IV/RV z-score,2024-05-16,1182263.2938061692,-5.854991473922769,1182257.4388146952,23.419965895591304,1.9809923857971867e-05,0.0,0.0,103/100,2.3419965895691077,0.024999999999999994,150.0,False
Dynamic: 24-month IV/RV z-score,2024-05-17,1185784.4889663053,-3555.7494652846576,1182228.7395010206,-28.699313674587756,-2.4275012135532847e-05,34.55430514853429,0.0,98/95,2.2293100095828575,15.95,155.0,False
Dynamic: 24-month IV/RV z-score,2024-05-20,1185784.4889663053,-3299.378814182629,1182485.1101521226,256.37065110192634,0.00021685367859536342,0.0,0.0,98/95,2.2293100095828575,14.799999999999999,155.0,False
Dynamic: 24-month IV/RV z-score,2024-05-21,1185784.4889663053,-2730.904761739,1183053.5842045662,568.4740524436347,0.0004807452098660736,0.0,0.0,98/95,2.2293100095828575,12.249999999999998,155.0,False
Dynamic: 24-month IV/RV z-score,2024-05-22,1185784.4889663053,-3176.766763655572,1182607.7222026498,-445.86200191639364,-0.0003768738862459653,0.0,0.0,98/95,2.2293100095828575,14.25,155.0,False
Dynamic: 24-month IV/RV z-score,2024-05-23,1185784.4889663053,-4380.5941688303155,1181403.8947974748,-1203.8274051749613,-0.0010179431290476826,0.0,0.0,98/95,2.2293100095828575,19.650000000000002,155.0,False
Dynamic: 24-month IV/RV z-score,2024-05-24,1185784.4889663053,-2942.6892126493726,1182841.799753656,1437.904956181068,0.0012171154695808095,0.0,0.0,98/95,2.2293100095828575,13.200000000000003,155.0,False
Dynamic: 24-month IV/RV z-score,2024-05-28,1185784.4889663053,-2942.6892126493713,1182841.799753656,0.0,0.0,0.0,0.0,98/95,2.2293100095828575,13.199999999999998,155.0,False
Dynamic: 24-month IV/RV z-score,2024-05-29,1185784.4889663053,-4714.9906702677445,1181069.4982960375,-1772.3014576183632,-0.0014983419236515028,0.0,0.0,98/95,2.2293100095828575,21.150000000000002,155.0,False
Dynamic: 24-month IV/RV z-score,2024-05-30,1185784.4889663053,-6375.826627406972,1179408.6623388983,-1660.8359571392648,-0.0014062135712888946,0.0,0.0,98/95,2.2293100095828575,28.599999999999998,155.0,False
Dynamic: 24-month IV/RV z-score,2024-05-31,1185784.4889663053,-3633.775315620058,1182150.7136506853,2742.051311786985,0.0023249374024005842,0.0,0.0,98/95,2.2293100095828575,16.3,155.0,False
Dynamic: 24-month IV/RV z-score,2024-06-03,1185784.4889663053,-3555.749465284658,1182228.7395010206,78.02585033536889,6.600330180783764e-05,0.0,0.0,98/95,2.2293100095828575,15.950000000000001,155.0,False
Dynamic: 24-month IV/RV z-score,2024-06-04,1185784.4889663053,-3421.990864709687,1182362.4981015956,133.7586005749181,0.00011314104970194805,0.0,0.0,98/95,2.2293100095828575,15.350000000000001,155.0,False
Dynamic: 24-month IV/RV z-score,2024-06-05,1185784.4889663053,-1593.956656851743,1184190.5323094535,1828.0342078579124,0.0015460860867906323,0.0,0.0,98/95,2.2293100095828575,7.1499999999999995,155.0,False
Dynamic: 24-month IV/RV z-score,2024-06-06,1185784.4889663053,-1354.3058308215857,1184430.1831354836,239.650826030178,0.00020237522551602716,0.0,0.0,98/95,2.2293100095828575,6.074999999999999,155.0,False
Dynamic: 24-month IV/RV z-score,2024-06-07,1185784.4889663053,-1192.6808551268289,1184591.8081111785,161.6249756948091,0.00013645800148975873,0.0,0.0,98/95,2.2293100095828575,5.3500000000000005,155.0,False
Dynamic: 24-month IV/RV z-score,2024-06-10,1185784.4889663053,-847.137803641486,1184937.351162664,345.5430514854379,0.0002916979917633178,0.0,0.0,98/95,2.2293100095828575,3.8000000000000007,155.0,False
Dynamic: 24-month IV/RV z-score,2024-06-11,1185784.4889663053,-579.620602491543,1185204.8683638137,267.5172011498362,0.00022576484814784692,0.0,0.0,98/95,2.2293100095828575,2.6,155.0,False
Dynamic: 24-month IV/RV z-score,2024-06-12,1185784.4889663053,-150.47842564684288,1185634.0105406584,429.1421768446453,0.00036208269835835694,0.0,0.0,98/95,2.2293100095828575,0.675,155.0,False
Dynamic: 24-month IV/RV z-score,2024-06-13,1185784.4889663053,-78.02585033539998,1185706.46311597,72.45257531153038,6.110871876763291e-05,0.0,0.0,98/95,2.2293100095828575,0.34999999999999987,155.0,False
Dynamic: 24-month IV/RV z-score,2024-06-14,1185784.4889663053,-94.74567540727145,1185689.743290898,-16.719825071981177,-1.4101150320189326e-05,0.0,0.0,98/95,2.2293100095828575,0.42500000000000004,155.0,False
Dynamic: 24-month IV/RV z-score,2024-06-17,1185784.4889663053,-44.58620019165713,1185739.9027661136,50.1594752157107,4.230404749594463e-05,0.0,0.0,98/95,2.2293100095828575,0.1999999999999999,155.0,False
Dynamic: 24-month IV/RV z-score,2024-06-18,1185784.4889663053,-16.719825071871423,1185767.7691412333,27.866375119658187,2.3501254410529526e-05,0.0,0.0,98/95,2.2293100095828575,0.07499999999999996,155.0,False
Dynamic: 24-month IV/RV z-score,2024-06-20,1185784.4889663053,-11.14655004791429,1185773.3424162574,5.573275024071336,4.7001404230861965e-06,0.0,0.0,98/95,2.2293100095828575,0.05000000000000002,155.0,False
Dynamic: 24-month IV/RV z-score,2024-06-21,1189190.194606445,-3439.339560128305,1185750.8550463167,-22.48736994061619,-1.896430720460529e-05,33.633919988636414,0.0,98/95,2.169930321847511,15.850000000000001,165.0,False
Dynamic: 24-month IV/RV z-score,2024-06-24,1189190.194606445,-3905.8745793255193,1185284.3200271195,-466.5350191972684,-0.00039345113453792546,0.0,0.0,98/95,2.169930321847511,18.0,165.0,False
Dynamic: 24-month IV/RV z-score,2024-06-25,1189190.194606445,-3103.0003602419406,1186087.1942462032,802.8742190836929,0.0006773684638512467,0.0,0.0,98/95,2.169930321847511,14.3,165.0,False
Dynamic: 24-month IV/RV z-score,2024-06-26,1189190.194606445,-2875.157676447953,1186315.0369299971,227.8426837939769,0.00019209606587033967,0.0,0.0,98/95,2.169930321847511,13.250000000000004,165.0,False
Dynamic: 24-month IV/RV z-score,2024-06-27,1189190.194606445,-2267.5771863306486,1186922.6174201143,607.5804901171941,0.0005121577921574083,0.0,0.0,98/95,2.169930321847511,10.45,165.0,False
Dynamic: 24-month IV/RV z-score,2024-06-28,1189190.194606445,-2571.3674313893007,1186618.8271750556,-303.7902450587135,-0.00025594781041327064,0.0,0.0,98/95,2.169930321847511,11.850000000000001,165.0,False
Dynamic: 24-month IV/RV z-score,2024-07-01,1189190.194606445,-2007.1855477089475,1187183.009058736,564.1818836804014,0.00047545333915155474,0.0,0.0,98/95,2.169930321847511,9.25,165.0,False
Dynamic: 24-month IV/RV z-score,2024-07-02,1189190.194606445,-1226.0106318438436,1187964.183974601,781.1749158650637,0.0006580071563562218,0.0,0.0,98/95,2.169930321847511,5.65,165.0,False
Dynamic: 24-month IV/RV z-score,2024-07-03,1189190.194606445,-808.299044888198,1188381.8955615568,417.71158695570193,0.00035161968061880877,0.0,0.0,98/95,2.169930321847511,3.7250000000000005,165.0,False
Dynamic: 24-month IV/RV z-score,2024-07-05,1189190.194606445,-477.38467080645245,1188712.8099356387,330.9143740818836,0.0002784579395880282,0.0,0.0,98/95,2.169930321847511,2.2,165.0,False
Dynamic: 24-month IV/RV z-score,2024-07-08,1189190.194606445,-271.24129023093883,1188918.953316214,206.1433805753477,0.00017341731228293078,0.0,0.0,98/95,2.169930321847511,1.25,165.0,False
Dynamic: 24-month IV/RV z-score,2024-07-09,1189190.194606445,-216.99303218475103,1188973.2015742604,54.2482580463402,4.5628222087756853e-05,0.0,0.0,98/95,2.169930321847511,0.9999999999999998,165.0,False
Dynamic: 24-month IV/RV z-score,2024-07-10,1189190.194606445,-157.3199483339445,1189032.874658111,59.673083850648254,5.0188754272761926e-05,0.0,0.0,98/95,2.169930321847511,0.7249999999999999,165.0,False
Dynamic: 24-month IV/RV z-score,2024-07-11,1189190.194606445,-119.34616770161306,1189070.8484387435,37.973780632484704,3.1936695310763596e-05,0.0,0.0,98/95,2.169930321847511,0.5499999999999998,165.0,False
Dynamic: 24-month IV/RV z-score,2024-07-12,1189190.194606445,-81.37238706928166,1189108.8222193758,37.973780632251874,3.193567539061526e-05,0.0,0.0,98/95,2.169930321847511,0.375,165.0,False
Dynamic: 24-month IV/RV z-score,2024-07-15,1189190.194606445,-37.97378063233145,1189152.2208258128,43.39860643702559,3.6496749183934085e-05,0.0,0.0,98/95,2.169930321847511,0.17500000000000004,165.0,False
Dynamic: 24-month IV/RV z-score,2024-07-16,1189190.194606445,-21.699303218475116,1189168.4953032266,16.274477413855493,1.3685781457439816e-05,0.0,0.0,98/95,2.169930321847511,0.10000000000000003,165.0,False
Dynamic: 24-month IV/RV z-score,2024-07-17,1189190.194606445,-43.39860643695023,1189146.796000008,-21.69930321862921,-1.8247458879350198e-05,0.0,0.0,98/95,2.169930321847511,0.20000000000000007,165.0,False
Dynamic: 24-month IV/RV z-score,2024-07-18,1189190.194606445,-54.24825804618775,1189135.946348399,-10.849651609081775,-9.123895927332093e-06,0.0,0.0,98/95,2.169930321847511,0.2499999999999999,165.0,False
Dynamic: 24-month IV/RV z-score,2024-07-19,1194184.577403775,-5033.266400423283,1189151.3110033516,15.364654952660203,1.2920856526044133e-05,38.8836030933958,0.0,98/95,2.160200171855486,23.300000000000004,165.0,False
Dynamic: 24-month IV/RV z-score,2024-07-22,1194184.577403775,-2894.6682302863514,1191289.9091734886,2138.598170137033,0.001798423926667958,0.0,0.0,98/95,2.160200171855486,13.400000000000002,165.0,False
Dynamic: 24-month IV/RV z-score,2024-07-23,1194184.577403775,-3045.8822423162355,1191138.6951614588,-151.2140120298136,-0.0001269330083847331,0.0,0.0,98/95,2.160200171855486,14.100000000000001,165.0,False
Dynamic: 24-month IV/RV z-score,2024-07-24,1194184.577403775,-7463.491593760705,1186721.0858100143,-4417.609351444524,-0.0037087279335222822,0.0,0.0,98/95,2.160200171855486,34.550000000000004,165.0,False
Dynamic: 24-month IV/RV z-score,2024-07-25,1194184.577403775,-9418.472749289918,1184766.1046544851,-1954.9811555291526,-0.0016473804830009486,0.0,0.0,98/95,2.160200171855486,43.6,165.0,False
Dynamic: 24-month IV/RV z-score,2024-07-26,1194184.577403775,-6448.197512988624,1187736.3798907863,2970.275236301124,0.0025070562236986227,0.0,0.0,98/95,2.160200171855486,29.849999999999994,165.0,False
Dynamic: 24-month IV/RV z-score,2024-07-29,1194184.577403775,-6372.590506973685,1187811.9868968013,75.60700601502322,6.365638646355087e-05,0.0,0.0,98/95,2.160200171855486,29.500000000000004,165.0,False
Dynamic: 24-month IV/RV z-score,2024-07-30,1194184.577403775,-9472.477753586309,1184712.0996501886,-3099.8872466126923,-0.0026097457180165318,0.0,0.0,98/95,2.160200171855486,43.85000000000001,165.0,False
Dynamic: 24-month IV/RV z-score,2024-07-31,1194184.577403775,-3672.340292154326,1190512.2371116206,5800.137461432023,0.004895820227669434,0.0,0.0,98/95,2.160200171855486,17.0,165.0,False
Dynamic: 24-month IV/RV z-score,2024-08-01,1194184.577403775,-8251.964656487957,1185932.612747287,-4579.624364333693,-0.003846767989083899,0.0,0.0,98/95,2.160200171855486,38.2,165.0,False
Dynamic: 24-month IV/RV z-score,2024-08-02,1194184.577403775,-13360.838062926183,1180823.7393408488,-5108.873406438157,-0.0043078951970155765,0.0,0.0,98/95,2.160200171855486,61.85000000000001,165.0,False
Dynamic: 24-month IV/RV z-score,2024-08-05,1194184.577403775,-18847.746499439116,1175336.830904336,-5486.908436512807,-0.0046466786309493635,0.0,0.0,98/95,2.160200171855486,87.25,165.0,False
Dynamic: 24-month IV/RV z-score,2024-08-06,1194184.577403775,-19949.44858708541,1174235.1288166896,-1101.7020876463503,-0.0009373500929079626,0.0,0.0,98/95,2.160200171855486,92.35,165.0,False
Dynamic: 24-month IV/RV z-score,2024-08-07,1194184.577403775,-22368.87277956356,1171815.7046242114,-2419.424192478182,-0.0020604256618658168,0.0,0.0,98/95,2.160200171855486,103.55000000000001,165.0,False
Dynamic: 24-month IV/RV z-score,2024-08-08,1194184.577403775,-14127.70912393488,1180056.86827984,8241.163655628683,0.007032815504270484,0.0,0.0,98/95,2.160200171855486,65.4,165.0,False
Dynamic: 24-month IV/RV z-score,2024-08-09,1194184.577403775,-12496.757994183989,1181687.819409591,1630.9511297508143,0.0013820953664107627,0.0,0.0,98/95,2.160200171855486,57.85000000000001,165.0,False
Dynamic: 24-month IV/RV z-score,2024-08-12,1194184.577403775,-12248.334974420606,1181936.2424293542,248.4230197633151,0.00021022728311392846,0.0,0.0,98/95,2.160200171855486,56.7,165.0,False
Dynamic: 24-month IV/RV z-score,2024-08-13,1194184.577403775,-4747.03987765243,1189437.5375261225,7501.295096768299,0.006346615686604329,0.0,0.0,98/95,2.160200171855486,21.974999999999998,165.0,False
Dynamic: 24-month IV/RV z-score,2024-08-14,1194184.577403775,-1749.7621392029434,1192434.815264572,2997.2777384493966,0.00251991184394873,0.0,0.0,98/95,2.160200171855486,8.1,165.0,False
Dynamic: 24-month IV/RV z-score,2024-08-15,1194184.577403775,-129.6120103113292,1194054.9653934636,1620.1501288916916,0.0013586907293814399,0.0,0.0,98/95,2.160200171855486,0.6000000000000001,165.0,False
Dynamic: 24-month IV/RV z-score,2024-08-16,1199117.8384432546,-4998.837183172842,1194119.0012600818,64.03586661815643,5.362891028815042e-05,65.57614369323319,0.0,98/95,2.1500374981388575,23.249999999999993,170.0,False
Dynamic: 24-month IV/RV z-score,2024-08-19,1199117.8384432546,-3612.0629968732806,1195505.7754463814,1386.7741862996481,0.0011613366715010898,0.0,0.0,98/95,2.1500374981388575,16.8,170.0,False
Dynamic: 24-month IV/RV z-score,2024-08-20,1199117.8384432546,-3751.8154342523053,1195366.0230090022,-139.7524373792112,-0.00011689817000426483,0.0,0.0,98/95,2.1500374981388575,17.449999999999996,170.0,False
Dynamic: 24-month IV/RV z-score,2024-08-21,1199117.8384432546,-3472.3105594942563,1195645.5278837604,279.50487475818954,0.00023382367356794553,0.0,0.0,98/95,2.1500374981388575,16.150000000000006,170.0,False
Dynamic: 24-month IV/RV z-score,2024-08-22,1199117.8384432546,-4536.5791210729885,1194581.2593221816,-1064.2685615788214,-0.0008901204719616862,0.0,0.0,98/95,2.1500374981388575,21.099999999999998,170.0,False
Dynamic: 24-month IV/RV z-score,2024-08-23,1199117.8384432546,-3020.802684885095,1196097.0357583696,1515.7764361880254,0.0012688767920636668,0.0,0.0,98/95,2.1500374981388575,14.05,170.0,False
Dynamic: 24-month IV/RV z-score,2024-08-26,1199117.8384432546,-3203.5558722268975,1195914.2825710278,-182.7531873418484,-0.00015279127184353314,0.0,0.0,98/95,2.1500374981388575,14.899999999999999,170.0,False
Dynamic: 24-month IV/RV z-score,2024-08-27,1199117.8384432546,-2741.2978101270437,1196376.5406331276,462.2580620998051,0.000386531099123566,0.0,0.0,98/95,2.1500374981388575,12.750000000000002,170.0,False
Dynamic: 24-month IV/RV z-score,2024-08-28,1199117.8384432546,-3870.0674966499437,1195247.7709466047,-1128.7696865228936,-0.0009434903211371637,0.0,0.0,98/95,2.1500374981388575,18.0,170.0,False
Dynamic: 24-month IV/RV z-score,2024-08-29,1199117.8384432546,-3063.8034348478723,1196054.0350084067,806.2640618020669,0.000674558096990685,0.0,0.0,98/95,2.1500374981388575,14.250000000000002,170.0,False
Dynamic: 24-month IV/RV z-score,2024-08-30,1199117.8384432546,-2053.2858107226093,1197064.552632532,1010.5176241253503,0.0008448762301263013,0.0,0.0,98/95,2.1500374981388575,9.550000000000002,170.0,False
Dynamic: 24-month IV/RV z-score,2024-09-03,1199117.8384432546,-5160.08999553326,1193957.7484477214,-3106.804184810724,-0.002595352253960237,0.0,0.0,98/95,2.1500374981388575,24.000000000000007,170.0,False
Dynamic: 24-month IV/RV z-score,2024-09-04,1199117.8384432546,-6385.611369472406,1192732.2270737821,-1225.5213739392348,-0.0010264361327129157,0.0,0.0,98/95,2.1500374981388575,29.7,170.0,False
Dynamic: 24-month IV/RV z-score,2024-09-05,1199117.8384432546,-6235.108744602687,1192882.729698652,150.50262486981228,0.00012618307902934056,0.0,0.0,98/95,2.1500374981388575,29.0,170.0,False
Dynamic: 24-month IV/RV z-score,2024-09-06,1199117.8384432546,-11814.456052273024,1187303.3823909815,-5579.347307670396,-0.004677196818064333,0.0,0.0,98/95,2.1500374981388575,54.95000000000001,170.0,False
Dynamic: 24-month IV/RV z-score,2024-09-09,1199117.8384432546,-7664.883680865027,1191452.9547623897,4149.5723714081105,0.0034949554031016294,0.0,0.0,98/95,2.1500374981388575,35.65,170.0,False
Dynamic: 24-month IV/RV z-score,2024-09-10,1199117.8384432546,-6600.615119286293,1192517.2233239682,1064.2685615785886,0.0008932526939688934,0.0,0.0,98/95,2.1500374981388575,30.700000000000003,170.0,False
Dynamic: 24-month IV/RV z-score,2024-09-11,1199117.8384432546,-3676.564121817446,1195441.274321437,2924.0509974688757,0.0024519989651121676,0.0,0.0,98/95,2.1500374981388575,17.099999999999998,170.0,False
Dynamic: 24-month IV/RV z-score,2024-09-12,1199117.8384432546,-1935.0337483249718,1197182.8046949296,1741.530373492511,0.0014568096408424935,0.0,0.0,98/95,2.1500374981388575,9.0,170.0,False
Dynamic: 24-month IV/RV z-score,2024-09-13,1199117.8384432546,-962.1417804171386,1198155.6966628374,972.8919679077808,0.0008126511373973688,0.0,0.0,98/95,2.1500374981388575,4.475,170.0,False
Dynamic: 24-month IV/RV z-score,2024-09-16,1199117.8384432546,-591.260311988186,1198526.5781312664,370.8814684289973,0.000309543633988385,0.0,0.0,98/95,2.1500374981388575,2.750000000000001,170.0,False
Dynamic: 24-month IV/RV z-score,2024-09-17,1199117.8384432546,-478.3833433358957,1198639.4550999186,112.8769686522428,9.417977933234845e-05,0.0,0.0,98/95,2.1500374981388575,2.2249999999999996,170.0,False
Dynamic: 24-month IV/RV z-score,2024-09-18,1199117.8384432546,-258.0044997766629,1198859.8339434778,220.37884355918504,0.0001838574916097624,0.0,0.0,98/95,2.1500374981388575,1.2,170.0,False
Dynamic: 24-month IV/RV z-score,2024-09-19,1199117.8384432546,-43.00074996277715,1199074.8376932917,215.0037498138845,0.00017934018950871433,0.0,0.0,98/95,2.1500374981388575,0.2,170.0,False
Dynamic: 24-month IV/RV z-score,2024-09-20,1203632.4960741645,-4563.021452759513,1199069.474621405,-5.363071886822581,-4.4726748641421565e-06,48.363821849524776,0.0,98/95,2.1027748630228165,21.700000000000003,175.0,False
Dynamic: 24-month IV/RV z-score,2024-09-23,1203632.4960741645,-3711.3976332352718,1199921.0984409293,851.6238195244223,0.0007102372611005325,0.0,0.0,98/95,2.1027748630228165,17.650000000000002,175.0,False
Dynamic: 24-month IV/RV z-score,2024-09-24,1203632.4960741645,-3206.7316661097957,1200425.7644080548,504.6659671254456,0.0004205826264587209,0.0,0.0,98/95,2.1027748630228165,15.250000000000002,175.0,False
Dynamic: 24-month IV/RV z-score,2024-09-25,1203632.4960741645,-3343.4120322062786,1200289.0840419582,-136.68036609655246,-0.00011385990716716865,0.0,0.0,98/95,2.1027748630228165,15.9,175.0,False
Dynamic: 24-month IV/RV z-score,2024-09-26,1203632.4960741645,-2786.176693505232,1200846.3193806594,557.2353387011681,0.000464250942635136,0.0,0.0,98/95,2.1027748630228165,13.25,175.0,False
Dynamic: 24-month IV/RV z-score,2024-09-27,1203632.4960741645,-3469.5785239876473,1200162.9175501768,-683.4018304825295,-0.0005691001583241206,0.0,0.0,98/95,2.1027748630228165,16.5,175.0,False
Dynamic: 24-month IV/RV z-score,2024-09-30,1203632.4960741645,-2775.662819190118,1200856.8332549743,693.9157047974877,0.0005781845903169991,0.0,0.0,98/95,2.1027748630228165,13.200000000000001,175.0,False
Dynamic: 24-month IV/RV z-score,2024-10-01,1203632.4960741645,-4310.688469196773,1199321.8076049678,-1535.025650006486,-0.001278275317671107,0.0,0.0,98/95,2.1027748630228165,20.499999999999996,175.0,False
Dynamic: 24-month IV/RV z-score,2024-10-02,1203632.4960741645,-3963.7306167980087,1199668.7654573666,346.95785239874385,0.0002892950417465734,0.0,0.0,98/95,2.1027748630228165,18.849999999999998,175.0,False
Dynamic: 24-month IV/RV z-score,2024-10-03,1203632.4960741645,-4405.313338032802,1199227.1827361318,-441.5827212347649,-0.0003680872036927463,0.0,0.0,98/95,2.1027748630228165,20.950000000000003,175.0,False
Dynamic: 24-month IV/RV z-score,2024-10-04,1203632.4960741645,-2428.7049667913534,1201203.791107373,1976.608371241251,0.001648235129837028,0.0,0.0,98/95,2.1027748630228165,11.55,175.0,False
Dynamic: 24-month IV/RV z-score,2024-10-07,1203632.4960741645,-3900.647370907325,1199731.8487032573,-1471.9424041158054,-0.0012253894093681161,0.0,0.0,98/95,2.1027748630228165,18.55,175.0,False
Dynamic: 24-month IV/RV z-score,2024-10-08,1203632.4960741645,-2081.7471143925886,1201550.7489597718,1818.9002565145493,0.0015160889981211678,0.0,0.0,98/95,2.1027748630228165,9.9,175.0,False
Dynamic: 24-month IV/RV z-score,2024-10-09,1203632.4960741645,-1198.5816719230056,1202433.9144022416,883.1654424697626,0.0007350213407417705,0.0,0.0,98/95,2.1027748630228165,5.700000000000001,175.0,False
Dynamic: 24-month IV/RV z-score,2024-10-10,1203632.4960741645,-919.9640025724823,1202712.532071592,278.6176693504676,0.00023171141965749875,0.0,0.0,98/95,2.1027748630228165,4.375,175.0,False
Dynamic: 24-month IV/RV z-score,2024-10-11,1203632.4960741645,-415.29803544700627,1203217.1980387175,504.6659671254456,0.00041960647591832156,0.0,0.0,98/95,2.1027748630228165,1.975,175.0,False
Dynamic: 24-month IV/RV z-score,2024-10-14,1203632.4960741645,-147.19424041159715,1203485.301833753,268.1037950355094,0.00022282244259175243,0.0,0.0,98/95,2.1027748630228165,0.7,175.0,False
Dynamic: 24-month IV/RV z-score,2024-10-15,1203632.4960741645,-131.42342893892604,1203501.0726452256,15.77081147255376,1.3104282577058868e-05,0.0,0.0,98/95,2.1027748630228165,0.625,175.0,False
Dynamic: 24-month IV/RV z-score,2024-10-16,1203632.4960741645,-52.569371575570436,1203579.926702589,78.85405736346729,6.552055428588055e-05,0.0,0.0,98/95,2.1027748630228165,0.2500000000000001,175.0,False
Dynamic: 24-month IV/RV z-score,2024-10-17,1203632.4960741645,-21.02774863022816,1203611.4683255344,31.54162294534035,2.6206504649683993e-05,0.0,0.0,98/95,2.1027748630228165,0.09999999999999998,175.0,False
Dynamic: 24-month IV/RV z-score,2024-10-18,1208711.023342044,-5120.600336778933,1203590.4230052652,-21.04532026918605,-1.7485144353512894e-05,42.07306889938603,0.0,98/95,2.052344824360294,24.949999999999996,175.0,False
Dynamic: 24-month IV/RV z-score,2024-10-21,1208711.023342044,-5428.452060432978,1203282.5712816112,-307.85172365396284,-0.0002557778109311126,0.0,0.0,98/95,2.052344824360294,26.450000000000003,175.0,False
Dynamic: 24-month IV/RV z-score,2024-10-22,1208711.023342044,-5674.733439356212,1203036.2899026878,-246.28137892344967,-0.00020467459996631465,0.0,0.0,98/95,2.052344824360294,27.65,175.0,False
Dynamic: 24-month IV/RV z-score,2024-10-23,1208711.023342044,-7501.320333036875,1201209.7030090073,-1826.5868936805055,-0.0015183140434011921,0.0,0.0,98/95,2.052344824360294,36.550000000000004,175.0,False
Dynamic: 24-month IV/RV z-score,2024-10-24,1208711.023342044,-6906.140333972389,1201804.8830080717,595.1799990644213,0.0004954838423079089,0.0,0.0,98/95,2.052344824360294,33.65,175.0,False
Dynamic: 24-month IV/RV z-score,2024-10-25,1208711.023342044,-7357.656195331652,1201353.3671467125,-451.51586135919206,-0.0003756981418057137,0.0,0.0,98/95,2.052344824360294,35.849999999999994,175.0,False
Dynamic: 24-month IV/RV z-score,2024-10-28,1208711.023342044,-6516.194817343934,1202194.8285247001,841.4613779876381,0.0007004278682682941,0.0,0.0,98/95,2.052344824360294,31.750000000000004,175.0,False
Dynamic: 24-month IV/RV z-score,2024-10-29,1208711.023342044,-5828.659301183234,1202882.364040861,687.5355161607731,0.0005719002443260734,0.0,0.0,98/95,2.052344824360294,28.399999999999995,175.0,False
Dynamic: 24-month IV/RV z-score,2024-10-30,1208711.023342044,-7203.730333504632,1201507.2930085394,-1375.0710323215462,-0.0011431467227620562,0.0,0.0,98/95,2.052344824360294,35.1,175.0,False
Dynamic: 24-month IV/RV z-score,2024-10-31,1208711.023342044,-11698.365498853673,1197012.6578431905,-4494.635165348882,-0.003740830531368977,0.0,0.0,98/95,2.052344824360294,56.999999999999986,175.0,False
Dynamic: 24-month IV/RV z-score,2024-11-01,1208711.023342044,-10631.14619018632,1198079.8771518578,1067.2193086673506,0.0008915689417940964,0.0,0.0,98/95,2.052344824360294,51.79999999999999,175.0,False
Dynamic: 24-month IV/RV z-score,2024-11-04,1208711.023342044,-11564.963085270256,1197146.0602567738,-933.81689508399,-0.0007794279103525703,0.0,0.0,98/95,2.052344824360294,56.349999999999994,175.0,False
Dynamic: 24-month IV/RV z-score,2024-11-05,1208711.023342044,-7624.461022498494,1201086.5623195455,3940.502062771702,0.0032915800281934082,0.0,0.0,98/95,2.052344824360294,37.150000000000006,175.0,False
Dynamic: 24-month IV/RV z-score,2024-11-06,1208711.023342044,-1231.4068946161765,1207479.616447428,6393.054127882468,0.005322725545722662,0.0,0.0,98/95,2.052344824360294,6.0,175.0,False
Dynamic: 24-month IV/RV z-score,2024-11-07,1208711.023342044,-343.76775808034927,1208367.2555839638,887.639136535814,0.0007351172843375053,0.0,0.0,98/95,2.052344824360294,1.6750000000000003,175.0,False
Dynamic: 24-month IV/RV z-score,2024-11-08,1208711.023342044,-246.2813789232353,1208464.7419631209,97.4863791570533,8.067611788264983e-05,0.0,0.0,98/95,2.052344824360294,1.2000000000000002,175.0,False
Dynamic: 24-month IV/RV z-score,2024-11-11,1208711.023342044,-97.48637915711399,1208613.536962887,148.79499976616353,0.00012312729912533626,0.0,0.0,98/95,2.052344824360294,0.4750000000000001,175.0,False
Dynamic: 24-month IV/RV z-score,2024-11-12,1208711.023342044,-46.17775854810661,1208664.845583496,51.30862060887739,4.245246229639399e-05,0.0,0.0,98/95,2.052344824360294,0.22499999999999998,175.0,False
Dynamic: 24-month IV/RV z-score,2024-11-13,1208711.023342044,-20.523448243602935,1208690.4998938006,25.654310304671526,2.1225330080865135e-05,0.0,0.0,98/95,2.052344824360294,0.09999999999999998,175.0,False
Dynamic: 24-month IV/RV z-score,2024-11-14,1208711.023342044,-25.654310304503674,1208685.3690317397,-5.130862060934305,-4.244975915113081e-06,0.0,0.0,98/95,2.052344824360294,0.125,175.0,False
Dynamic: 24-month IV/RV z-score,2024-11-15,1213821.2513929987,-5147.288528358713,1208673.96286464,-11.406167099718004,-9.436837238196993e-06,37.060477404182734,0.0,98/95,2.0589154113434853,25.0,180.0,False
Dynamic: 24-month IV/RV z-score,2024-11-18,1213821.2513929987,-4519.31932789895,1209301.9320650997,627.9692004597746,0.0005195521867380481,0.0,0.0,98/95,2.0589154113434853,21.95,180.0,False
Dynamic: 24-month IV/RV z-score,2024-11-19,1213821.2513929987,-4056.0633603466667,1209765.188032652,463.255967552308,0.0003830771747475037,0.0,0.0,98/95,2.0589154113434853,19.700000000000003,180.0,False
Dynamic: 24-month IV/RV z-score,2024-11-20,1213821.2513929987,-4200.18743914071,1209621.063953858,-144.12407879391685,-0.00011913392798834632,0.0,0.0,98/95,2.0589154113434853,20.4,180.0,False
Dynamic: 24-month IV/RV z-score,2024-11-21,1213821.2513929987,-3407.5050057734675,1210413.7463872253,792.6824333672412,0.0006553146741477001,0.0,0.0,98/95,2.0589154113434853,16.549999999999997,180.0,False
Dynamic: 24-month IV/RV z-score,2024-11-22,1213821.2513929987,-2522.171378895769,1211299.0800141029,885.3336268775165,0.0007314305786099151,0.0,0.0,98/95,2.0589154113434853,12.249999999999998,180.0,False
Dynamic: 24-month IV/RV z-score,2024-11-25,1213821.2513929987,-1801.5509849255493,1212019.7004080731,720.6203939702827,0.0005949153316964217,0.0,0.0,98/95,2.0589154113434853,8.749999999999998,180.0,False
Dynamic: 24-month IV/RV z-score,2024-11-26,1213821.2513929987,-1307.4112862031131,1212513.8401067955,494.13969872239977,0.00040769939511386966,0.0,0.0,98/95,2.0589154113434853,6.35,180.0,False
Dynamic: 24-month IV/RV z-score,2024-11-27,1213821.2513929987,-1430.9462108837224,1212390.305182115,-123.53492468059994,-0.00010188331101412818,0.0,0.0,98/95,2.0589154113434853,6.950000000000001,180.0,False
Dynamic: 24-month IV/RV z-score,2024-11-29,1213821.2513929987,-998.5739745015904,1212822.6774184972,432.3722363822162,0.00035662792298341017,0.0,0.0,98/95,2.0589154113434853,4.8500000000000005,180.0,False
Dynamic: 24-month IV/RV z-score,2024-12-02,1213821.2513929987,-700.0312398567849,1213121.220153142,298.5427346448414,0.0002461553038242137,0.0,0.0,98/95,2.0589154113434853,3.3999999999999995,180.0,False
Dynamic: 24-month IV/RV z-score,2024-12-03,1213821.2513929987,-576.496315176176,1213244.7550778226,123.53492468059994,0.00010183230053883996,0.0,0.0,98/95,2.0589154113434853,2.8000000000000007,180.0,False
Dynamic: 24-month IV/RV z-score,2024-12-04,1213821.2513929987,-432.37223638213186,1213388.8791566165,144.12407879391685,0.00011879225374000768,0.0,0.0,98/95,2.0589154113434853,2.0999999999999996,180.0,False
Dynamic: 24-month IV/RV z-score,2024-12-05,1213821.2513929987,-401.4885052119795,1213419.7628877868,30.88373117032461,2.5452459389452287e-05,0.0,0.0,98/95,2.0589154113434853,1.9499999999999993,180.0,False
Dynamic: 24-month IV/RV z-score,2024-12-06,1213821.2513929987,-257.36442641793576,1213563.8869665808,144.12407879391685,0.00011877512069768947,0.0,0.0,98/95,2.0589154113434853,1.2500000000000004,180.0,False
Dynamic: 24-month IV/RV z-score,2024-12-09,1213821.2513929987,-339.72104287167514,1213481.530350127,-82.3566164537333,-6.786343705367237e-05,0.0,0.0,98/95,2.0589154113434853,1.6500000000000004,180.0,False
Dynamic: 24-month IV/RV z-score,2024-12-10,1213821.2513929987,-329.42646581495757,1213491.8249271838,10.29457705677487,8.483505351541965e-06,0.0,0.0,98/95,2.0589154113434853,1.5999999999999996,180.0,False
Dynamic: 24-month IV/RV z-score,2024-12-11,1213821.2513929987,-154.41865585076135,1213666.832737148,175.00780996424146,0.00014421836749889394,0.0,0.0,98/95,2.0589154113434853,0.7499999999999998,180.0,False
Dynamic: 24-month IV/RV z-score,2024-12-12,1213821.2513929987,-159.56594437912014,1213661.6854486195,-5.14728852850385,-4.241105046043359e-06,0.0,0.0,98/95,2.0589154113434853,0.7750000000000001,180.0,False
Dynamic: 24-month IV/RV z-score,2024-12-13,1213821.2513929987,-113.2403476238917,1213708.011045375,46.3255967553705,3.817010729667558e-05,0.0,0.0,98/95,2.0589154113434853,0.55,180.0,False
Dynamic: 24-month IV/RV z-score,2024-12-16,1213821.2513929987,-108.09305909553296,1213713.1583339032,5.1472885282710195,4.240961154922118e-06,0.0,0.0,98/95,2.0589154113434853,0.5249999999999999,180.0,False
Dynamic: 24-month IV/RV z-score,2024-12-17,1213821.2513929987,-108.09305909553296,1213713.1583339032,0.0,0.0,0.0,0.0,98/95,2.0589154113434853,0.5249999999999999,180.0,False
Dynamic: 24-month IV/RV z-score,2024-12-18,1213821.2513929987,-2244.217798364399,1211577.0335946344,-2136.1247392687947,-0.001759991415270723,0.0,0.0,98/95,2.0589154113434853,10.900000000000002,180.0,False
Dynamic: 24-month IV/RV z-score,2024-12-19,1213821.2513929987,-653.7056431015567,1213167.5457498971,1590.5121552627534,0.0013127618889769987,0.0,0.0,98/95,2.0589154113434853,3.1750000000000003,180.0,False
Dynamic: 24-month IV/RV z-score,2024-12-20,1218788.4047160863,-5034.691872598134,1213753.7128434882,586.1670935910661,0.0004831707670096552,67.53854951046185,0.0,98/95,2.046622712438266,24.6,175.0,False
Dynamic: 24-month IV/RV z-score,2024-12-23,1218788.4047160863,-3550.890406080392,1215237.514310006,1483.801466517849,0.0012224897446795335,0.0,0.0,98/95,2.046622712438266,17.350000000000005,175.0,False
Dynamic: 24-month IV/RV z-score,2024-12-24,1218788.4047160863,-1739.629305572526,1217048.7754105139,1811.261100507807,0.0014904585146355842,0.0,0.0,98/95,2.046622712438266,8.5,175.0,False
Dynamic: 24-month IV/RV z-score,2024-12-26,1218788.4047160863,-1790.7948733834826,1216997.6098427027,-51.16556781111285,-4.2040687969868706e-05,0.0,0.0,98/95,2.046622712438266,8.75,175.0,False
Dynamic: 24-month IV/RV z-score,2024-12-27,1218788.4047160863,-3049.4678415330163,1215738.9368745533,-1258.672968149418,-0.0010342444044011412,0.0,0.0,98/95,2.046622712438266,14.9,175.0,False
Dynamic: 24-month IV/RV z-score,2024-12-30,1218788.4047160863,-5177.955462468811,1213610.4492536176,-2128.4876209357753,-0.0017507768784701394,0.0,0.0,98/95,2.046622712438266,25.299999999999994,175.0,False
Dynamic: 24-month IV/RV z-score,2024-12-31,1218788.4047160863,-5505.415096458934,1213282.9896196274,-327.4596339901909,-0.0002698226883194321,0.0,0.0,98/95,2.046622712438266,26.899999999999995,175.0,False
Dynamic: 24-month IV/RV z-score,2025-01-02,1218788.4047160863,-6231.9661593745195,1212556.438556712,-726.5510629154742,-0.0005988306678091915,0.0,0.0,98/95,2.046622712438266,30.450000000000003,175.0,False
Dynamic: 24-month IV/RV z-score,2025-01-03,1218788.4047160863,-3008.5353872842506,1215779.869328802,3223.430772090098,0.002658375865726148,0.0,0.0,98/95,2.046622712438266,14.7,175.0,False
Dynamic: 24-month IV/RV z-score,2025-01-06,1218788.4047160863,-1729.3961920103345,1217059.008524076,1279.139195274096,0.001052114142982452,0.0,0.0,98/95,2.046622712438266,8.45,175.0,False
Dynamic: 24-month IV/RV z-score,2025-01-07,1218788.4047160863,-3694.15399595107,1215094.2507201352,-1964.7578039409127,-0.0016143488443699505,0.0,0.0,98/95,2.046622712438266,18.05,175.0,False
Dynamic: 24-month IV/RV z-score,2025-01-08,1218788.4047160863,-3356.4612483987557,1215431.9434676876,337.6927475524135,0.0002779148591578462,0.0,0.0,98/95,2.046622712438266,16.4,175.0,False
Dynamic: 24-month IV/RV z-score,2025-01-10,1218788.4047160863,-7736.233853016644,1211052.1708630696,-4379.772604617989,-0.0036034700487813653,0.0,0.0,98/95,2.046622712438266,37.8,175.0,False
Dynamic: 24-month IV/RV z-score,2025-01-13,1218788.4047160863,-6508.260225553684,1212280.1444905326,1227.9736274629831,0.0010139725248894393,0.0,0.0,98/95,2.046622712438266,31.799999999999994,175.0,False
Dynamic: 24-month IV/RV z-score,2025-01-14,1218788.4047160863,-5423.550187961404,1213364.854528125,1084.7100375923328,0.000894768459684947,0.0,0.0,98/95,2.046622712438266,26.5,175.0,False
Dynamic: 24-month IV/RV z-score,2025-01-15,1218788.4047160863,-281.41062296026155,1218506.9940931262,5142.139565001242,0.0042379170171373826,0.0,0.0,98/95,2.046622712438266,1.375,175.0,False
Dynamic: 24-month IV/RV z-score,2025-01-16,1218788.4047160863,-127.91391952739161,1218660.490796559,153.4967034328729,0.00012597113038914642,0.0,0.0,98/95,2.046622712438266,0.625,175.0,False
Dynamic: 24-month IV/RV z-score,2025-01-17,1225733.2704753613,-6991.612002313619,1218741.6584730477,81.16767648863606,6.660401079838785e-05,46.74624303872663,0.0,99/96,2.032445349509773,34.4,180.0,False
Dynamic: 24-month IV/RV z-score,2025-01-21,1225733.2704753613,-4766.084344600417,1220967.186130761,2225.5276577132754,0.0018260864738977034,0.0,0.0,99/96,2.032445349509773,23.449999999999996,180.0,False
Dynamic: 24-month IV/RV z-score,2025-01-22,1225733.2704753613,-3790.510576835727,1221942.7598985254,975.5737677644938,0.0007990171880507546,0.0,0.0,99/96,2.032445349509773,18.650000000000002,180.0,False
Dynamic: 24-month IV/RV z-score,2025-01-23,1225733.2704753613,-3048.668024264659,1222684.6024510965,741.8425525710918,0.0006071009026908936,0.0,0.0,99/96,2.032445349509773,14.999999999999996,180.0,False
Dynamic: 24-month IV/RV z-score,2025-01-24,1225733.2704753613,-3353.5348266911255,1222379.7356486702,-304.8668024262879,-0.0002493421458118483,0.0,0.0,99/96,2.032445349509773,16.5,180.0,False
Dynamic: 24-month IV/RV z-score,2025-01-27,1225733.2704753613,-6127.822728771966,1219605.4477465893,-2774.2879020809196,-0.002269579428694213,0.0,0.0,99/96,2.032445349509773,30.15,180.0,False
Dynamic: 24-month IV/RV z-score,2025-01-28,1225733.2704753613,-4562.83980964944,1221170.4306657119,1564.982919122558,0.0012831878719581358,0.0,0.0,99/96,2.032445349509773,22.45,180.0,False
Dynamic: 24-month IV/RV z-score,2025-01-29,1225733.2704753613,-5416.466856443545,1220316.8036189177,-853.6270467941649,-0.0006990236787249859,0.0,0.0,99/96,2.032445349509773,26.65,180.0,False
Dynamic: 24-month IV/RV z-score,2025-01-30,1225733.2704753613,-4054.728472271998,1221678.5420030893,1361.7383841716219,0.0011158892347735705,0.0,0.0,99/96,2.032445349509773,19.950000000000003,180.0,False
Dynamic: 24-month IV/RV z-score,2025-01-31,1225733.2704753613,-5223.3845482401175,1220509.8859271212,-1168.6560759681743,-0.0009565986761558287,0.0,0.0,99/96,2.032445349509773,25.700000000000003,180.0,False
Dynamic: 24-month IV/RV z-score,2025-02-03,1225733.2704753613,-7072.909816294011,1218660.3606590673,-1849.5252680538688,-0.0015153709850116437,0.0,0.0,99/96,2.032445349509773,34.800000000000004,180.0,False
Dynamic: 24-month IV/RV z-score,2025-02-04,1225733.2704753613,-5274.195681977861,1220459.0747933835,1798.714134316193,0.0014759765660576907,0.0,0.0,99/96,2.032445349509773,25.95,180.0,False
Dynamic: 24-month IV/RV z-score,2025-02-05,1225733.2704753613,-3434.8326406715164,1222298.4378346899,1839.3630413063802,0.0015071075133081813,0.0,0.0,99/96,2.032445349509773,16.9,180.0,False
Dynamic: 24-month IV/RV z-score,2025-02-06,1225733.2704753613,-2875.910169556329,1222857.360305805,558.9224711151328,0.00045727168898723747,0.0,0.0,99/96,2.032445349509773,14.15,180.0,False
Dynamic: 24-month IV/RV z-score,2025-02-07,1225733.2704753613,-4136.026286252389,1221597.244189109,-1260.1161166960374,-0.001030468603779644,0.0,0.0,99/96,2.032445349509773,20.35,180.0,False
Dynamic: 24-month IV/RV z-score,2025-02-10,1225733.2704753613,-2316.987698441141,1223416.2827769201,1819.0385878111701,0.0014890657264199358,0.0,0.0,99/96,2.032445349509773,11.4,180.0,False
Dynamic: 24-month IV/RV z-score,2025-02-11,1225733.2704753613,-1951.1475355293821,1223782.1229398318,365.8401629116852,0.0002990316281235028,0.0,0.0,99/96,2.032445349509773,9.6,180.0,False
Dynamic: 24-month IV/RV z-score,2025-02-12,1225733.2704753613,-2123.9053902377127,1223609.3650851236,-172.75785470823757,-0.0001411671664995895,0.0,0.0,99/96,2.032445349509773,10.45,180.0,False
Dynamic: 24-month IV/RV z-score,2025-02-13,1225733.2704753613,-691.0314188333227,1225042.2390565278,1432.873971404275,0.001171022396763588,0.0,0.0,99/96,2.032445349509773,3.3999999999999995,180.0,False
Dynamic: 24-month IV/RV z-score,2025-02-14,1225733.2704753613,-355.6779361642103,1225377.592539197,335.3534826692194,0.00027374850595141,0.0,0.0,99/96,2.032445349509773,1.75,180.0,False
Dynamic: 24-month IV/RV z-score,2025-02-18,1225733.2704753613,-121.9467209705864,1225611.3237543907,233.73121519363485,0.00019074219784709356,0.0,0.0,99/96,2.032445349509773,0.6000000000000001,180.0,False
Dynamic: 24-month IV/RV z-score,2025-02-19,1225733.2704753613,-71.13558723284207,1225662.1348881284,50.811133737675846,4.14577874345845e-05,0.0,0.0,99/96,2.032445349509773,0.35000000000000003,180.0,False
Dynamic: 24-month IV/RV z-score,2025-02-20,1225733.2704753613,-40.64890699019547,1225692.621568371,30.48668024269864,2.487364125469682e-05,0.0,0.0,99/96,2.032445349509773,0.20000000000000004,180.0,False
Dynamic: 24-month IV/RV z-score,2025-02-21,1231088.2209991186,-5401.834369226099,1225686.3866298925,-6.234938478562981,-5.086869553472262e-06,46.88384546875576,0.0,98/95,2.038428063858906,26.499999999999993,185.0,False
Dynamic: 24-month IV/RV z-score,2025-02-24,1231088.2209991186,-6451.6248221134365,1224636.5961770052,-1049.7904528873041,-0.0008564918924928167,0.0,0.0,98/95,2.038428063858906,31.65,185.0,False
Dynamic: 24-month IV/RV z-score,2025-02-25,1231088.2209991186,-7572.760257235836,1223515.460741883,-1121.135435122298,-0.0009154841841426675,0.0,0.0,98/95,2.038428063858906,37.150000000000006,185.0,False
Dynamic: 24-month IV/RV z-score,2025-02-26,1231088.2209991186,-7817.371624898904,1223270.8493742198,-244.61136766313575,-0.00019992503201782252,0.0,0.0,98/95,2.038428063858906,38.35,185.0,False
Dynamic: 24-month IV/RV z-score,2025-02-27,1231088.2209991186,-12240.760523472729,1218847.460475646,-4423.388898573816,-0.0036160339313543455,0.0,0.0,98/95,2.038428063858906,60.05,185.0,False
Dynamic: 24-month IV/RV z-score,2025-02-28,1231088.2209991186,-8174.096536074209,1222914.1244630443,4066.6639873983804,0.0033364831279307783,0.0,0.0,98/95,2.038428063858906,40.09999999999999,185.0,False
Dynamic: 24-month IV/RV z-score,2025-03-03,1231088.2209991186,-12393.642628262145,1218694.5783708566,-4219.546092187753,-0.003450402614362247,0.0,0.0,98/95,2.038428063858906,60.79999999999999,185.0,False
Dynamic: 24-month IV/RV z-score,2025-03-04,1231088.2209991186,-15726.472512671457,1215361.7484864471,-3332.829884409439,-0.002734754009380058,0.0,0.0,98/95,2.038428063858906,77.14999999999999,185.0,False
Dynamic: 24-month IV/RV z-score,2025-03-05,1231088.2209991186,-13779.773711686203,1217308.4472874324,1946.6988009852357,0.0016017443394196196,0.0,0.0,98/95,2.038428063858906,67.6,185.0,False
Dynamic: 24-month IV/RV z-score,2025-03-06,1231088.2209991186,-18886.036011652763,1212202.1849874659,-5106.262299966533,-0.004194715243572844,0.0,0.0,98/95,2.038428063858906,92.65,185.0,False
Dynamic: 24-month IV/RV z-score,2025-03-07,1231088.2209991186,-18243.931171537206,1212844.2898275815,642.104840115644,0.0005297011076763614,0.0,0.0,98/95,2.038428063858906,89.5,185.0,False
Dynamic: 24-month IV/RV z-score,2025-03-10,1231088.2209991186,-26642.2547946359,1204445.9662044828,-8398.323623098666,-0.00692448626219988,0.0,0.0,98/95,2.038428063858906,130.70000000000002,185.0,False
Dynamic: 24-month IV/RV z-score,2025-03-11,1231088.2209991186,-29108.752751905173,1201979.4682472134,-2466.4979572694283,-0.0020478278199909106,0.0,0.0,98/95,2.038428063858906,142.79999999999998,185.0,False
Dynamic: 24-month IV/RV z-score,2025-03-12,1231088.2209991186,-30892.37730778173,1200195.843691337,-1783.6245558764786,-0.0014839060092077805,0.0,0.0,98/95,2.038428063858906,151.55000000000007,185.0,False
Dynamic: 24-month IV/RV z-score,2025-03-13,1231088.2209991186,-34286.360034106794,1196801.8609650119,-3393.982726325048,-0.002827857423573832,0.0,0.0,98/95,2.038428063858906,168.2,185.0,False
Dynamic: 24-month IV/RV z-score,2025-03-14,1231088.2209991186,-32135.81842673566,1198952.402572383,2150.5416073710658,0.001796906971415435,0.0,0.0,98/95,2.038428063858906,157.65000000000003,185.0,False
Dynamic: 24-month IV/RV z-score,2025-03-17,1231088.2209991186,-30392.96243213629,1200695.2585669823,1742.8559945994057,0.001453649027984838,0.0,0.0,98/95,2.038428063858906,149.10000000000002,185.0,False
Dynamic: 24-month IV/RV z-score,2025-03-18,1231088.2209991186,-34296.55217442609,1196791.6688246925,-3903.589742289856,-0.0032511078181058917,0.0,0.0,98/95,2.038428063858906,168.25,185.0,False
Dynamic: 24-month IV/RV z-score,2025-03-19,1231088.2209991186,-33104.071757068625,1197984.14924205,1192.4804173575249,0.0009963976591920165,0.0,0.0,98/95,2.038428063858906,162.39999999999998,185.0,False
Dynamic: 24-month IV/RV z-score,2025-03-20,1231088.2209991186,-35978.25532710969,1195109.965672009,-2874.1835700410884,-0.002399183304603425,0.0,0.0,98/95,2.038428063858906,176.5,185.0,False
Dynamic: 24-month IV/RV z-score,2025-03-21,1206352.181409257,-13033.837174871729,1193318.3442343853,-1791.6214376236312,-0.0014991268494830567,58.95758334352317,-37710.919181389756,101/98,2.105627976554399,61.9,170.0,False
Dynamic: 24-month IV/RV z-score,2025-03-24,1206352.181409257,-8275.117947858787,1198077.0634613982,4758.719227012945,0.0039878036317844145,0.0,0.0,101/98,2.105627976554399,39.3,170.0,False
Dynamic: 24-month IV/RV z-score,2025-03-25,1206352.181409257,-7632.9014150096955,1198719.2799942472,642.2165328490082,0.0005360394188613782,0.0,0.0,101/98,2.105627976554399,36.25,170.0,False
Dynamic: 24-month IV/RV z-score,2025-03-26,1206352.181409257,-10886.096638786239,1195466.0847704709,-3253.195223776391,-0.0027138924667934328,0.0,0.0,101/98,2.105627976554399,51.69999999999999,170.0,False
Dynamic: 24-month IV/RV z-score,2025-03-27,1206352.181409257,-11570.425731166422,1194781.7556780905,-684.3290923803579,-0.0005724370612418817,0.0,0.0,101/98,2.105627976554399,54.95,170.0,False
Dynamic: 24-month IV/RV z-score,2025-03-28,1206352.181409257,-18540.054333561482,1187812.1270756954,-6969.628602395067,-0.0058333905495899785,0.0,0.0,101/98,2.105627976554399,88.05,170.0,False
Dynamic: 24-month IV/RV z-score,2025-03-31,1206352.181409257,-16697.629854076386,1189654.5515551807,1842.4244794852566,0.0015511076520333678,0.0,0.0,101/98,2.105627976554399,79.30000000000001,170.0,False
Dynamic: 24-month IV/RV z-score,2025-04-01,1206352.181409257,-14907.846074005145,1191444.3353352519,1789.783780071186,0.0015044567162219025,0.0,0.0,101/98,2.105627976554399,70.80000000000001,170.0,False
Dynamic: 24-month IV/RV z-score,2025-04-02,1206352.181409257,-10159.654986874972,1196192.526422382,4748.191087130224,0.003985239550275965,0.0,0.0,101/98,2.105627976554399,48.249999999999986,170.0,False
Dynamic: 24-month IV/RV z-score,2025-04-03,1206352.181409257,-27415.27625473828,1178936.9051545188,-17255.621267863316,-0.014425454838337792,0.0,0.0,101/98,2.105627976554399,130.20000000000005,170.0,False
Dynamic: 24-month IV/RV z-score,2025-04-04,1206352.181409257,-33321.562728973346,1173030.6186802837,-5906.286474235123,-0.005009841025768069,0.0,0.0,101/98,2.105627976554399,158.24999999999994,170.0,False
Dynamic: 24-month IV/RV z-score,2025-04-07,1206352.181409257,-34111.173220181234,1172241.0081890759,-789.6104912078008,-0.0006731371531427666,0.0,0.0,101/98,2.105627976554399,161.9999999999999,170.0,False
Dynamic: 24-month IV/RV z-score,2025-04-08,1206352.181409257,-34595.467654788765,1171756.7137544681,-484.29443460772745,-0.0004131355508163459,0.0,0.0,101/98,2.105627976554399,164.29999999999995,170.0,False
Dynamic: 24-month IV/RV z-score,2025-04-09,1206352.181409257,-25593.908055018706,1180758.2733542384,9001.559599770233,0.0076821062718113176,0.0,0.0,101/98,2.105627976554399,121.54999999999995,170.0,False
Dynamic: 24-month IV/RV z-score,2025-04-10,1206352.181409257,-31415.96941019163,1174936.2119990655,-5822.061355172889,-0.004930781758262781,0.0,0.0,101/98,2.105627976554399,149.2,170.0,False
Dynamic: 24-month IV/RV z-score,2025-04-11,1206352.181409257,-30594.774499335417,1175757.4069099217,821.1949108561967,0.0006989272289590343,0.0,0.0,101/98,2.105627976554399,145.3,170.0,False
Dynamic: 24-month IV/RV z-score,2025-04-14,1206352.181409257,-33458.4285474494,1172893.7528618076,-2863.6540481140837,-0.002435582400999059,0.0,0.0,101/98,2.105627976554399,158.90000000000003,170.0,False
Dynamic: 24-month IV/RV z-score,2025-04-15,1206352.181409257,-35500.887684707166,1170851.29372455,-2042.4591372576542,-0.0017413846158479407,0.0,0.0,101/98,2.105627976554399,168.60000000000002,170.0,False
Dynamic: 24-month IV/RV z-score,2025-04-16,1206352.181409257,-35658.80978294874,1170693.3716263082,-157.92209824174643,-0.00013487801490097429,0.0,0.0,101/98,2.105627976554399,169.34999999999997,170.0,False
Dynamic: 24-month IV/RV z-score,2025-04-17,1184902.8965107868,-14524.76501009621,1170378.1315006907,-315.24012561747804,-0.00026927642477347913,178.37430714153237,-35795.67560142478,102/99,2.215829902379284,65.55000000000001,160.0,False
Dynamic: 24-month IV/RV z-score,2025-04-21,1184902.8965107868,-20130.8146631158,1164772.081847671,-5606.049653019756,-0.004789947370113179,0.0,0.0,102/99,2.215829902379284,90.85000000000002,160.0,False
Dynamic: 24-month IV/RV z-score,2025-04-22,1184902.8965107868,-15499.730167143096,1169403.1663436438,4631.084495972842,0.003975957672875063,0.0,0.0,102/99,2.215829902379284,69.95000000000002,160.0,False
Dynamic: 24-month IV/RV z-score,2025-04-23,1184902.8965107868,-12175.985313574167,1172726.9111972128,3323.744853568962,0.002842257443137708,0.0,0.0,102/99,2.215829902379284,54.95,160.0,False
Dynamic: 24-month IV/RV z-score,2025-04-24,1184902.8965107868,-7899.433601982148,1177003.4629088046,4276.551711591892,0.0036466731263342655,0.0,0.0,102/99,2.215829902379284,35.65,160.0,False
Dynamic: 24-month IV/RV z-score,2025-04-25,1184902.8965107868,-6736.122903233024,1178166.773607554,1163.3106987492647,0.000988366419818698,0.0,0.0,102/99,2.215829902379284,30.4,160.0,False
Dynamic: 24-month IV/RV z-score,2025-04-28,1184902.8965107868,-6813.6769498162985,1178089.2195609706,-77.55404658336192,-6.582603441263046e-05,0.0,0.0,102/99,2.215829902379284,30.75,160.0,False
Dynamic: 24-month IV/RV z-score,2025-04-29,1184902.8965107868,-5406.6249618054535,1179496.2715489813,1407.0519880107604,0.0011943509580158995,0.0,0.0,102/99,2.215829902379284,24.400000000000002,160.0,False
Dynamic: 24-month IV/RV z-score,2025-04-30,1184902.8965107868,-4952.3798318177005,1179950.5166789691,454.2451299878303,0.000385117902400145,0.0,0.0,102/99,2.215829902379284,22.35,160.0,False
Dynamic: 24-month IV/RV z-score,2025-05-01,1184902.8965107868,-4675.40109402029,1180227.4954167665,276.9787377973553,0.0002347375876210478,0.0,0.0,102/99,2.215829902379284,21.1,160.0,False
Dynamic: 24-month IV/RV z-score,2025-05-02,1184902.8965107868,-2105.03840726032,1182797.8581035265,2570.362686760025,0.002177853589025558,0.0,0.0,102/99,2.215829902379284,9.500000000000002,160.0,False
Dynamic: 24-month IV/RV z-score,2025-05-05,1184902.8965107868,-2359.858846033938,1182543.037664753,-254.8204387736041,-0.00021543870495521755,0.0,0.0,102/99,2.215829902379284,10.65,160.0,False
Dynamic: 24-month IV/RV z-score,2025-05-06,1184902.8965107868,-3068.9244147953086,1181833.9720959915,-709.0655687614344,-0.000599610793161176,0.0,0.0,102/99,2.215829902379284,13.85,160.0,False
Dynamic: 24-month IV/RV z-score,2025-05-07,1184902.8965107868,-2093.959257748423,1182808.9372530384,974.9651570469141,0.0008249594952138839,0.0,0.0,102/99,2.215829902379284,9.45,160.0,False
Dynamic: 24-month IV/RV z-score,2025-05-08,1184902.8965107868,-1174.3898482610205,1183728.506662526,919.5694094875362,0.0007774454356281879,0.0,0.0,102/99,2.215829902379284,5.3,160.0,False
Dynamic: 24-month IV/RV z-score,2025-05-09,1184902.8965107868,-814.3174891243868,1184088.5790216625,360.0723591365386,0.0003041849183404999,0.0,0.0,102/99,2.215829902379284,3.675,160.0,False
Dynamic: 24-month IV/RV z-score,2025-05-12,1184902.8965107868,-44.316598047585686,1184858.5799127393,770.0008910768665,0.0006502899400593343,0.0,0.0,102/99,2.215829902379284,0.2,160.0,False
Dynamic: 24-month IV/RV z-score,2025-05-13,1184902.8965107868,-49.8561728035339,1184853.0403379833,-5.539574756054208,-4.675304589030205e-06,0.0,0.0,102/99,2.215829902379284,0.22500000000000003,160.0,False
Dynamic: 24-month IV/RV z-score,2025-05-14,1184902.8965107868,-16.618724267844634,1184886.277786519,33.237448535626754,2.8051958685271217e-05,0.0,0.0,102/99,2.215829902379284,0.07500000000000001,160.0,False
Dynamic: 24-month IV/RV z-score,2025-05-15,1184902.8965107868,-0.0,1184902.8965107868,16.618724267929792,1.4025585897581294e-05,0.0,0.0,102/99,2.215829902379284,0.0,160.0,False
Dynamic: 24-month IV/RV z-score,2025-05-16,1200622.0435435008,-16197.413192669474,1184424.6303508314,-478.26615995541215,-0.0004036332102519413,478.26615995543204,0.0,102/99,1.9886326817273756,81.45,180.0,False
Dynamic: 24-month IV/RV z-score,2025-05-19,1200622.0435435008,-16127.811048809013,1184494.2324946919,69.60214386042207,5.876451914033076e-05,0.0,0.0,102/99,1.9886326817273756,81.1,180.0,False
Dynamic: 24-month IV/RV z-score,2025-05-20,1200622.0435435008,-17082.354736038153,1183539.6888074626,-954.5436872292776,-0.000805866049021553,0.0,0.0,102/99,1.9886326817273756,85.89999999999998,180.0,False
Dynamic: 24-month IV/RV z-score,2025-05-21,1200622.0435435008,-22859.33267645618,1177762.7108670447,-5776.977940417826,-0.0048811019985639525,0.0,0.0,102/99,1.9886326817273756,114.94999999999999,180.0,False
Dynamic: 24-month IV/RV z-score,2025-05-22,1200622.0435435008,-22531.208283971166,1178090.8352595298,328.12439248501323,0.0002785997463303769,0.0,0.0,102/99,1.9886326817273756,113.30000000000001,180.0,False
Dynamic: 24-month IV/RV z-score,2025-05-23,1200622.0435435008,-25414.725672475855,1175207.317871025,-2883.517388504697,-0.002447618895082493,0.0,0.0,102/99,1.9886326817273756,127.79999999999998,180.0,False
Dynamic: 24-month IV/RV z-score,2025-05-27,1200622.0435435008,-18524.113430290497,1182097.9301132103,6890.612242185278,0.005863316316535583,0.0,0.0,102/99,1.9886326817273756,93.14999999999998,180.0,False
Dynamic: 24-month IV/RV z-score,2025-05-28,1200622.0435435008,-21298.25602130019,1179323.7875222007,-2774.142591009615,-0.0023467959128766758,0.0,0.0,102/99,1.9886326817273756,107.1,180.0,False
Dynamic: 24-month IV/RV z-score,2025-05-29,1200622.0435435008,-20353.65549747969,1180268.388046021,944.6005238203797,0.0008009679223082156,0.0,0.0,102/99,1.9886326817273756,102.35000000000001,180.0,False
Dynamic: 24-month IV/RV z-score,2025-05-30,1200622.0435435008,-20333.769170662414,1180288.2743728384,19.886326817329973,1.684898707687843e-05,0.0,0.0,102/99,1.9886326817273756,102.25,180.0,False
Dynamic: 24-month IV/RV z-score,2025-06-02,1200622.0435435008,-18225.8185280314,1182396.2250154694,2107.9506426309235,0.00178596253847485,0.0,0.0,102/99,1.9886326817273756,91.65,180.0,False
Dynamic: 24-month IV/RV z-score,2025-06-03,1200622.0435435008,-16654.798709466766,1183967.244834034,1571.019818564644,0.0013286745892173712,0.0,0.0,102/99,1.9886326817273756,83.74999999999999,180.0,False
Dynamic: 24-month IV/RV z-score,2025-06-04,1200622.0435435008,-16605.082892423587,1184016.9606510773,49.71581704332493,4.199087201128826e-05,0.0,0.0,102/99,1.9886326817273756,83.5,180.0,False
Dynamic: 24-month IV/RV z-score,2025-06-05,1200622.0435435008,-18991.44211049644,1181630.6014330045,-2386.3592180728447,-0.0020154772248875963,0.0,0.0,102/99,1.9886326817273756,95.50000000000001,180.0,False
Dynamic: 24-month IV/RV z-score,2025-06-06,1200622.0435435008,-14715.881844782578,1185906.1616987183,4275.560265713837,0.003618356075518525,0.0,0.0,102/99,1.9886326817273756,74.0,180.0,False
Dynamic: 24-month IV/RV z-score,2025-06-09,1200622.0435435008,-14566.734393653025,1186055.3091498478,149.14745112950914,0.0001257666550242842,0.0,0.0,102/99,1.9886326817273756,73.25,180.0,False
Dynamic: 24-month IV/RV z-score,2025-06-10,1200622.0435435008,-11742.875985600152,1188879.1675579008,2823.85840805294,0.0023808825661570943,0.0,0.0,102/99,1.9886326817273756,59.05,180.0,False
Dynamic: 24-month IV/RV z-score,2025-06-11,1200622.0435435008,-11782.648639234701,1188839.394904266,-39.772653634659946,-3.345390744491361e-05,0.0,0.0,102/99,1.9886326817273756,59.25000000000001,180.0,False
Dynamic: 24-month IV/RV z-score,2025-06-12,1200622.0435435008,-9774.12963069005,1190847.9139128109,2008.5190085447393,0.0016894788456320864,0.0,0.0,102/99,1.9886326817273756,49.15,180.0,False
Dynamic: 24-month IV/RV z-score,2025-06-13,1200622.0435435008,-15501.391754064893,1185120.651789436,-5727.262123374967,-0.004809398460091097,0.0,0.0,102/99,1.9886326817273756,77.95,180.0,False
Dynamic: 24-month IV/RV z-score,2025-06-16,1200622.0435435008,-10032.65187931461,1190589.3916641863,5468.739874750376,0.004614500529117382,0.0,0.0,102/99,1.9886326817273756,50.45,180.0,False
Dynamic: 24-month IV/RV z-score,2025-06-17,1200622.0435435008,-16306.787990164481,1184315.2555533363,-6274.136110849911,-0.005269773235657693,0.0,0.0,102/99,1.9886326817273756,82.00000000000001,180.0,False
Dynamic: 24-month IV/RV z-score,2025-06-18,1200622.0435435008,-17320.99065784544,1183301.0528856553,-1014.2026676810347,-0.0008563620732954247,0.0,0.0,102/99,1.9886326817273756,87.1,180.0,False
Dynamic: 24-month IV/RV z-score,2025-06-20,1184091.7744515038,-5814.742273312828,1178277.032178191,-5024.020707464311,-0.004245767123431943,40.47613466992043,-22304.535230639896,98/95,1.974445593654611,29.449999999999996,180.0,False
Dynamic: 24-month IV/RV z-score,2025-06-23,1184091.7744515038,-4126.591290738136,1179965.1831607656,1688.1509825745597,0.0014327284131592233,0.0,0.0,98/95,1.974445593654611,20.9,180.0,False
Dynamic: 24-month IV/RV z-score,2025-06-24,1184091.7744515038,-2596.395955655814,1181495.378495848,1530.195335082477,0.0012968139712254967,0.0,0.0,98/95,1.974445593654611,13.150000000000002,180.0,False
Dynamic: 24-month IV/RV z-score,2025-06-25,1184091.7744515038,-2418.6958522268983,1181673.078599277,177.70010342891328,0.00015040270716526472,0.0,0.0,98/95,1.974445593654611,12.25,180.0,False
Dynamic: 24-month IV/RV z-score,2025-06-26,1184091.7744515038,-1727.6398944477846,1182364.134557056,691.0559577790555,0.0005848114595266019,0.0,0.0,98/95,1.974445593654611,8.75,180.0,False
Dynamic: 24-month IV/RV z-score,2025-06-27,1184091.7744515038,-1352.495231653408,1182739.2792198504,375.1446627944242,0.000317283526986456,0.0,0.0,98/95,1.974445593654611,6.849999999999998,180.0,False
Dynamic: 24-month IV/RV z-score,2025-06-30,1184091.7744515038,-967.4783408907595,1183124.296110613,385.01689076260664,0.0003255298082402991,0.0,0.0,98/95,1.974445593654611,4.9,180.0,False
Dynamic: 24-month IV/RV z-score,2025-07-01,1184091.7744515038,-918.1172010493941,1183173.6572504544,49.361139841377735,4.172100936794543e-05,0.0,0.0,98/95,1.974445593654611,4.65,180.0,False
Dynamic: 24-month IV/RV z-score,2025-07-02,1184091.7744515038,-661.4392738742947,1183430.3351776295,256.6779271750711,0.0002169401977487606,0.0,0.0,98/95,1.974445593654611,3.3500000000000005,180.0,False
Dynamic: 24-month IV/RV z-score,2025-07-03,1184091.7744515038,-454.1224865405605,1183637.6519649632,207.31678733369336,0.00017518292473250874,0.0,0.0,98/95,1.974445593654611,2.3,180.0,False
Dynamic: 24-month IV/RV z-score,2025-07-07,1184091.7744515038,-508.4197403660622,1183583.3547111377,-54.29725382546894,-4.5873205989477306e-05,0.0,0.0,98/95,1.974445593654611,2.5749999999999993,180.0,False
Dynamic: 24-month IV/RV z-score,2025-07-08,1184091.7744515038,-261.6140411592359,1183830.1604103446,246.80569920688868,0.0002085241383502634,0.0,0.0,98/95,1.974445593654611,1.325,180.0,False
Dynamic: 24-month IV/RV z-score,2025-07-09,1184091.7744515038,-133.27507757168624,1183958.4993739321,128.33896358753555,0.00010840994585148422,0.0,0.0,98/95,1.974445593654611,0.675,180.0,False
Dynamic: 24-month IV/RV z-score,2025-07-10,1184091.7744515038,-108.59450765100361,1183983.1799438528,24.680569920688868,2.0845806617098006e-05,0.0,0.0,98/95,1.974445593654611,0.55,180.0,False
Dynamic: 24-month IV/RV z-score,2025-07-11,1184091.7744515038,-88.85005171445748,1184002.9243997892,19.74445593636483,1.6676297662776562e-05,0.0,0.0,98/95,1.974445593654611,0.44999999999999996,180.0,False
Dynamic: 24-month IV/RV z-score,2025-07-14,1184091.7744515038,-39.48891187309223,1184052.2855396306,49.361139841377735,4.169004892151662e-05,0.0,0.0,98/95,1.974445593654611,0.20000000000000007,180.0,False
Dynamic: 24-month IV/RV z-score,2025-07-15,1184091.7744515038,-49.36113984136527,1184042.4133116624,-9.872227968182415,-8.337662186663763e-06,0.0,0.0,98/95,1.974445593654611,0.25,180.0,False
Dynamic: 24-month IV/RV z-score,2025-07-16,1184091.7744515038,-19.744455936546103,1184072.0299955672,29.616683904780075,2.5013195111833753e-05,0.0,0.0,98/95,1.974445593654611,0.09999999999999998,180.0,False
Dynamic: 24-month IV/RV z-score,2025-07-17,1184091.7744515038,-9.872227968273052,1184081.9022235356,9.872227968415245,8.33752315587688e-06,0.0,0.0,98/95,1.974445593654611,0.04999999999999999,180.0,False
Dynamic: 24-month IV/RV z-score,2025-07-18,1188970.6509739165,-4917.426134557428,1184053.224839359,-28.677384176524356,-2.42190883271709e-05,38.54961214471406,0.0,98/95,1.880468885108003,26.15,190.0,False
Dynamic: 24-month IV/RV z-score,2025-07-21,1188970.6509739165,-4334.480780173946,1184636.1701937425,582.9453543834388,0.0004923303633268539,0.0,0.0,98/95,1.880468885108003,23.049999999999997,190.0,False
Dynamic: 24-month IV/RV z-score,2025-07-22,1188970.6509739165,-4334.480780173948,1184636.1701937425,0.0,0.0,0.0,0.0,98/95,1.880468885108003,23.050000000000004,190.0,False
Dynamic: 24-month IV/RV z-score,2025-07-23,1188970.6509739165,-2783.0939499598444,1186187.5570239567,1551.3868302141782,0.0013095892808678844,0.0,0.0,98/95,1.880468885108003,14.8,190.0,False
Dynamic: 24-month IV/RV z-score,2025-07-24,1188970.6509739165,-2632.6564391512034,1186337.9945347654,150.43751080869697,0.00012682438786160155,0.0,0.0,98/95,1.880468885108003,13.999999999999996,190.0,False
Dynamic: 24-month IV/RV z-score,2025-07-25,1188970.6509739165,-2087.3204624698838,1186883.3305114466,545.3359766812064,0.0004596801073499801,0.0,0.0,98/95,1.880468885108003,11.100000000000001,190.0,False
Dynamic: 24-month IV/RV z-score,2025-07-28,1188970.6509739165,-1861.6641962569233,1187108.9867776595,225.65626621292904,0.00019012506150506425,0.0,0.0,98/95,1.880468885108003,9.900000000000002,190.0,False
Dynamic: 24-month IV/RV z-score,2025-07-29,1188970.6509739165,-2265.9650065551436,1186704.6859673613,-404.30081029818393,-0.00034057598316694637,0.0,0.0,98/95,1.880468885108003,12.049999999999999,190.0,False
Dynamic: 24-month IV/RV z-score,2025-07-30,1188970.6509739165,-1664.2149633205827,1187306.4360105959,601.750043234555,0.0005070764869727906,0.0,0.0,98/95,1.880468885108003,8.85,190.0,False
Dynamic: 24-month IV/RV z-score,2025-07-31,1188970.6509739165,-2801.8986388109247,1186168.7523351056,-1137.6836754903197,-0.0009582055996537608,0.0,0.0,98/95,1.880468885108003,14.9,190.0,False
Dynamic: 24-month IV/RV z-score,2025-08-01,1188970.6509739165,-6045.707465622229,1182924.9435082942,-3243.808826811379,-0.002734694216506406,0.0,0.0,98/95,1.880468885108003,32.15,190.0,False
Dynamic: 24-month IV/RV z-score,2025-08-04,1188970.6509739165,-2284.769695406224,1186685.8812785102,3760.9377702160273,0.0031793545235947462,0.0,0.0,98/95,1.880468885108003,12.15,190.0,False
Dynamic: 24-month IV/RV z-score,2025-08-05,1188970.6509739165,-2999.347871747265,1185971.3031021692,-714.5781763410196,-0.0006021628702375104,0.0,0.0,98/95,1.880468885108003,15.95,190.0,False
Dynamic: 24-month IV/RV z-score,2025-08-06,1188970.6509739165,-1588.9962079162624,1187381.6547660003,1410.3516638311557,0.0011891954384917192,0.0,0.0,98/95,1.880468885108003,8.45,190.0,False
Dynamic: 24-month IV/RV z-score,2025-08-07,1188970.6509739165,-1269.3164974479023,1187701.3344764686,319.67971046827734,0.00026923079802121386,0.0,0.0,98/95,1.880468885108003,6.750000000000001,190.0,False
Dynamic: 24-month IV/RV z-score,2025-08-08,1188970.6509739165,-409.00198251099073,1188561.6489914055,860.3145149368793,0.0007243525707716358,0.0,0.0,98/95,1.880468885108003,2.1750000000000003,190.0,False
Dynamic: 24-month IV/RV z-score,2025-08-11,1188970.6509739165,-625.2559042984111,1188345.395069618,-216.25392178748734,-0.00018194590240316888,0.0,0.0,98/95,1.880468885108003,3.3250000000000006,190.0,False
Dynamic: 24-month IV/RV z-score,2025-08-12,1188970.6509739165,-126.9316497447902,1188843.7193241718,498.32425455376506,0.00041934294239820424,0.0,0.0,98/95,1.880468885108003,0.675,190.0,False
Dynamic: 24-month IV/RV z-score,2025-08-13,1188970.6509739165,-79.91992761709011,1188890.7310462995,47.01172212767415,3.954407241546498e-05,0.0,0.0,98/95,1.880468885108003,0.42499999999999993,190.0,False
Dynamic: 24-month IV/RV z-score,2025-08-14,1188970.6509739165,-47.011722127700075,1188923.6392517888,32.908205489395186,2.767975612050222e-05,0.0,0.0,98/95,1.880468885108003,0.25,190.0,False
Dynamic: 24-month IV/RV z-score,2025-08-15,1193711.9338151023,-4774.4644473839535,1188937.4693677183,13.83011592947878,1.1632467782574096e-05,33.1816061980352,0.0,98/95,1.843422566557511,25.9,195.0,False
Dynamic: 24-month IV/RV z-score,2025-08-18,1193711.9338151023,-4516.385288065902,1189195.5485270363,258.0791593180038,0.00021706705858570707,0.0,0.0,98/95,1.843422566557511,24.5,195.0,False
Dynamic: 24-month IV/RV z-score,2025-08-19,1193711.9338151023,-5373.576781515144,1188338.3570335873,-857.1914934490342,-0.0007208162648361105,0.0,0.0,98/95,1.843422566557511,29.15,195.0,False
Dynamic: 24-month IV/RV z-score,2025-08-20,1193711.9338151023,-6064.860243974211,1187647.073571128,-691.2834624592215,-0.0005817227546074388,0.0,0.0,98/95,1.843422566557511,32.9,195.0,False
Dynamic: 24-month IV/RV z-score,2025-08-21,1193711.9338151023,-6986.571527252969,1186725.3622878494,-921.7112832786515,-0.0007760818039210804,0.0,0.0,98/95,1.843422566557511,37.90000000000001,195.0,False
Dynamic: 24-month IV/RV z-score,2025-08-22,1193711.9338151023,-3769.7991486101105,1189942.1346664922,3216.7723786428105,0.002710629165657341,0.0,0.0,98/95,1.843422566557511,20.450000000000003,195.0,False
Dynamic: 24-month IV/RV z-score,2025-08-25,1193711.9338151023,-4083.1809849248866,1189628.7528301775,-313.38183631468564,-0.000263358887113041,0.0,0.0,98/95,1.843422566557511,22.15,195.0,False
Dynamic: 24-month IV/RV z-score,2025-08-26,1193711.9338151023,-3364.2461839674575,1190347.6876311349,718.9348009573296,0.0006043354275415691,0.0,0.0,98/95,1.843422566557511,18.25,195.0,False
Dynamic: 24-month IV/RV z-score,2025-08-27,1193711.9338151023,-3262.8579428067937,1190449.0758722955,101.38824116066098,8.517531660223732e-05,0.0,0.0,98/95,1.843422566557511,17.699999999999996,195.0,False
Dynamic: 24-month IV/RV z-score,2025-08-28,1193711.9338151023,-2543.9231418493655,1191168.0106732529,718.9348009573296,0.0006039189878244144,0.0,0.0,98/95,1.843422566557511,13.8,195.0,False
Dynamic: 24-month IV/RV z-score,2025-08-29,1193711.9338151023,-3557.8055534559962,1190154.1282616463,-1013.8824116066098,-0.0008511665881906216,0.0,0.0,98/95,1.843422566557511,19.3,195.0,False
Dynamic: 24-month IV/RV z-score,2025-09-02,1193711.9338151023,-4497.951062400328,1189213.982752702,-940.1455089442898,-0.0007899359306660081,0.0,0.0,98/95,1.843422566557511,24.400000000000006,195.0,False
Dynamic: 24-month IV/RV z-score,2025-09-03,1193711.9338151023,-3668.4109074494468,1190043.522907653,829.5401549509261,0.0006975533141906354,0.0,0.0,98/95,1.843422566557511,19.9,195.0,False
Dynamic: 24-month IV/RV z-score,2025-09-04,1193711.9338151023,-2101.5017258755624,1191610.4320892268,1566.9091815738939,0.001316682248515999,0.0,0.0,98/95,1.843422566557511,11.399999999999999,195.0,False
Dynamic: 24-month IV/RV z-score,2025-09-05,1193711.9338151023,-2276.6268696985258,1191435.3069454038,-175.12514382298104,-0.0001469650979103454,0.0,0.0,98/95,1.843422566557511,12.349999999999998,195.0,False
Dynamic: 24-month IV/RV z-score,2025-09-08,1193711.9338151023,-1594.560520072247,1192117.37329503,682.066349626286,0.0005724745151081123,0.0,0.0,98/95,1.843422566557511,8.65,195.0,False
Dynamic: 24-month IV/RV z-score,2025-09-09,1193711.9338151023,-1189.0075554295947,1192522.9262596727,405.55296464264393,0.0003401954989732392,0.0,0.0,98/95,1.843422566557511,6.450000000000001,195.0,False
Dynamic: 24-month IV/RV z-score,2025-09-10,1193711.9338151023,-1087.6193142689315,1192624.3145008334,101.38824116066098,8.501995133847196e-05,0.0,0.0,98/95,1.843422566557511,5.9,195.0,False
Dynamic: 24-month IV/RV z-score,2025-09-11,1193711.9338151023,-423.9871903082275,1193287.946624794,663.6321239606477,0.0005564469178531706,0.0,0.0,98/95,1.843422566557511,2.3,195.0,False
Dynamic: 24-month IV/RV z-score,2025-09-12,1193711.9338151023,-405.5529646426526,1193306.3808504597,18.434225665638223,1.5448262691064585e-05,0.0,0.0,98/95,1.843422566557511,2.200000000000001,195.0,False
Dynamic: 24-month IV/RV z-score,2025-09-15,1193711.9338151023,-276.51338498362674,1193435.4204301187,129.0395796590019,0.00010813616832172634,0.0,0.0,98/95,1.843422566557511,1.5000000000000004,195.0,False
Dynamic: 24-month IV/RV z-score,2025-09-16,1193711.9338151023,-276.5133849836266,1193435.4204301187,0.0,0.0,0.0,0.0,98/95,1.843422566557511,1.4999999999999998,195.0,False
Dynamic: 24-month IV/RV z-score,2025-09-17,1193711.9338151023,-170.51658740656973,1193541.4172276957,105.99679757701233,8.881653398451483e-05,0.0,0.0,98/95,1.843422566557511,0.9249999999999998,195.0,False
Dynamic: 24-month IV/RV z-score,2025-09-18,1193711.9338151023,-82.95401549508797,1193628.9797996073,87.56257191160694,7.336366434196329e-05,0.0,0.0,98/95,1.843422566557511,0.4499999999999999,195.0,False
Dynamic: 24-month IV/RV z-score,2025-09-19,1198000.932734967,-4325.718267476774,1193675.21446749,46.234667882788926,3.8734538675866403e-05,36.71934761212169,0.0,98/95,1.79118768839618,24.15,200.0,False
Dynamic: 24-month IV/RV z-score,2025-09-22,1198000.932734967,-3851.0535300517868,1194149.8792049151,474.66473742504604,0.0003976498227256098,0.0,0.0,98/95,1.79118768839618,21.5,200.0,False
Dynamic: 24-month IV/RV z-score,2025-09-23,1198000.932734967,-4558.572666968277,1193442.3600679988,-707.5191369163804,-0.0005924877180303323,0.0,0.0,98/95,1.79118768839618,25.449999999999996,200.0,False
Dynamic: 24-month IV/RV z-score,2025-09-24,1198000.932734967,-4710.823620481952,1193290.109114485,-152.25095351366326,-0.00012757294244603035,0.0,0.0,98/95,1.79118768839618,26.299999999999997,200.0,False
Dynamic: 24-month IV/RV z-score,2025-09-25,1198000.932734967,-5776.5802950776815,1192224.3524398892,-1065.7566745958757,-0.0008931245356477158,0.0,0.0,98/95,1.79118768839618,32.25000000000001,200.0,False
Dynamic: 24-month IV/RV z-score,2025-09-26,1198000.932734967,-4057.0401142173473,1193943.8926207495,1719.54018086032,0.0014422958039241873,0.0,0.0,98/95,1.79118768839618,22.65,200.0,False
Dynamic: 24-month IV/RV z-score,2025-09-29,1198000.932734967,-3546.551623024436,1194454.3811119425,510.4884911929257,0.0004275648917406727,0.0,0.0,98/95,1.79118768839618,19.8,200.0,False
Dynamic: 24-month IV/RV z-score,2025-09-30,1198000.932734967,-3134.578454693314,1194866.3542802737,411.9731683311984,0.0003449048995471937,0.0,0.0,98/95,1.79118768839618,17.499999999999996,200.0,False
Dynamic: 24-month IV/RV z-score,2025-10-01,1198000.932734967,-2409.147440892862,1195591.785294074,725.4310138004366,0.0006071231407611677,0.0,0.0,98/95,1.79118768839618,13.450000000000001,200.0,False
Dynamic: 24-month IV/RV z-score,2025-10-02,1198000.932734967,-2194.2049182853198,1195806.7278166816,214.9425226075109,0.000179779189896756,0.0,0.0,98/95,1.79118768839618,12.249999999999996,200.0,False
Dynamic: 24-month IV/RV z-score,2025-10-03,1198000.932734967,-2032.998026329664,1195967.9347086374,161.2068919558078,0.00013481015636207516,0.0,0.0,98/95,1.79118768839618,11.35,200.0,False
Dynamic: 24-month IV/RV z-score,2025-10-06,1198000.932734967,-1253.8313818773258,1196747.1013530896,779.1666444521397,0.0006514945943278949,0.0,0.0,98/95,1.79118768839618,6.999999999999999,200.0,False
Dynamic: 24-month IV/RV z-score,2025-10-07,1198000.932734967,-1647.8926733244853,1196353.0400616424,-394.06129144714214,-0.0003292769967870868,0.0,0.0,98/95,1.79118768839618,9.2,200.0,False
Dynamic: 24-month IV/RV z-score,2025-10-08,1198000.932734967,-797.0785213362999,1197203.8542136308,850.8141519883648,0.0007111731432927204,0.0,0.0,98/95,1.79118768839618,4.449999999999999,200.0,False
Dynamic: 24-month IV/RV z-score,2025-10-09,1198000.932734967,-967.241351733937,1197033.691383233,-170.16283039771952,-0.0001421335470971341,0.0,0.0,98/95,1.79118768839618,5.3999999999999995,200.0,False
Dynamic: 24-month IV/RV z-score,2025-10-10,1198000.932734967,-6743.821646811618,1191257.1110881553,-5776.580295077758,-0.004825745788660796,0.0,0.0,98/95,1.79118768839618,37.650000000000006,200.0,False
Dynamic: 24-month IV/RV z-score,2025-10-13,1198000.932734967,-1907.6148881419317,1196093.317846825,4836.20675866981,0.004059750589234357,0.0,0.0,98/95,1.79118768839618,10.65,200.0,False
Dynamic: 24-month IV/RV z-score,2025-10-14,1198000.932734967,-2292.7202411471103,1195708.2124938199,-385.1053530052304,-0.00032196932067019013,0.0,0.0,98/95,1.79118768839618,12.8,200.0,False
Dynamic: 24-month IV/RV z-score,2025-10-15,1198000.932734967,-953.8074440709656,1197047.125290896,1338.912797076162,0.0011197654938603918,0.0,0.0,98/95,1.79118768839618,5.324999999999999,200.0,False
Dynamic: 24-month IV/RV z-score,2025-10-16,1198000.932734967,-1697.1503347553808,1196303.7824002116,-743.3428906844929,-0.0006209804735163305,0.0,0.0,98/95,1.79118768839618,9.475000000000001,200.0,False
Dynamic: 24-month IV/RV z-score,2025-10-17,1205294.2740640517,-7352.666018229454,1197941.6080458222,1637.8256456106901,0.0013690716937504455,59.324689144638604,0.0,99/96,1.7977178528678366,40.90000000000001,200.0,False
Dynamic: 24-month IV/RV z-score,2025-10-20,1205294.2740640517,-5186.416005523707,1200107.858058528,2166.250012705801,0.0018083101865369322,0.0,0.0,99/96,1.7977178528678366,28.849999999999994,200.0,False
Dynamic: 24-month IV/RV z-score,2025-10-21,1205294.2740640517,-5258.324719638422,1200035.9493444134,-71.90871411468834,-5.9918542847481326e-05,0.0,0.0,99/96,1.7977178528678366,29.25,200.0,False
Dynamic: 24-month IV/RV z-score,2025-10-22,1205294.2740640517,-5986.400450049894,1199307.8736140018,-728.0757304115687,-0.0006067115996061245,0.0,0.0,99/96,1.7977178528678366,33.29999999999999,200.0,False
Dynamic: 24-month IV/RV z-score,2025-10-23,1205294.2740640517,-4943.72409538655,1200350.5499686652,1042.6763546634465,0.0008693984068672833,0.0,0.0,99/96,1.7977178528678366,27.499999999999996,200.0,False
Dynamic: 24-month IV/RV z-score,2025-10-24,1205294.2740640517,-3712.287366172081,1201581.9866978796,1231.436729214387,0.0010258975840404805,0.0,0.0,99/96,1.7977178528678366,20.64999999999999,200.0,False
Dynamic: 24-month IV/RV z-score,2025-10-27,1205294.2740640517,-2381.9761550498843,1202912.2979090018,1330.3112111222,0.0011071331177143762,0.0,0.0,99/96,1.7977178528678366,13.250000000000004,200.0,False
Dynamic: 24-month IV/RV z-score,2025-10-28,1205294.2740640517,-2399.9533335785613,1202894.3207304731,-17.977178528672084,-1.4944712561248963e-05,0.0,0.0,99/96,1.7977178528678366,13.349999999999998,200.0,False
Dynamic: 24-month IV/RV z-score,2025-10-29,1205294.2740640517,-2624.668065187042,1202669.6059988646,-224.71473160851747,-0.00018681169886314297,0.0,0.0,99/96,1.7977178528678366,14.600000000000003,200.0,False
Dynamic: 24-month IV/RV z-score,2025-10-30,1205294.2740640517,-3092.0747069326794,1202202.199357119,-467.406641745707,-0.00038864093630897045,0.0,0.0,99/96,1.7977178528678366,17.200000000000003,200.0,False
Dynamic: 24-month IV/RV z-score,2025-10-31,1205294.2740640517,-3065.1089391396613,1202229.165124912,26.96576779312454,2.2430309815968386e-05,0.0,0.0,99/96,1.7977178528678366,17.05,200.0,False
Dynamic: 24-month IV/RV z-score,2025-11-03,1205294.2740640517,-2471.862047693275,1202822.4120163585,593.2468914464116,0.0004934557475859691,0.0,0.0,99/96,1.7977178528678366,13.75,200.0,False
Dynamic: 24-month IV/RV z-score,2025-11-04,1205294.2740640517,-4116.773883067347,1201177.5001809844,-1644.9118353740778,-0.001367543387071235,0.0,0.0,99/96,1.7977178528678366,22.900000000000006,200.0,False
Dynamic: 24-month IV/RV z-score,2025-11-05,1205294.2740640517,-3226.903545897767,1202067.370518154,889.8703371696174,0.0007408316731170039,0.0,0.0,99/96,1.7977178528678366,17.950000000000003,200.0,False
Dynamic: 24-month IV/RV z-score,2025-11-06,1205294.2740640517,-4907.769738329194,1200386.5043257226,-1680.866192431422,-0.0013983128014753987,0.0,0.0,99/96,1.7977178528678366,27.300000000000004,200.0,False
Dynamic: 24-month IV/RV z-score,2025-11-07,1205294.2740640517,-4584.180524812983,1200710.0935392387,323.5892135160975,0.00026957085267964587,0.0,0.0,99/96,1.7977178528678366,25.5,200.0,False
Dynamic: 24-month IV/RV z-score,2025-11-10,1205294.2740640517,-1644.9118353740705,1203649.3622286776,2939.2686894389335,0.0024479420180230083,0.0,0.0,99/96,1.7977178528678366,9.15,200.0,False
Dynamic: 24-month IV/RV z-score,2025-11-11,1205294.2740640517,-1141.5508365710762,1204152.7232274807,503.3609988030512,0.0004181957093143396,0.0,0.0,99/96,1.7977178528678366,6.35,200.0,False
Dynamic: 24-month IV/RV z-score,2025-11-12,1205294.2740640517,-997.7334083416494,1204296.54065571,143.81742822937667,0.00011943454136265075,0.0,0.0,99/96,1.7977178528678366,5.550000000000001,200.0,False
Dynamic: 24-month IV/RV z-score,2025-11-13,1205294.2740640517,-3002.1888142892867,1202292.0852497623,-2004.4554059477523,-0.0016644201309889972,0.0,0.0,99/96,1.7977178528678366,16.7,200.0,False
Dynamic: 24-month IV/RV z-score,2025-11-14,1205294.2740640517,-3074.0975284040005,1202220.1765356476,-71.90871411468834,-5.9809687676493084e-05,0.0,0.0,99/96,1.7977178528678366,17.1,200.0,False
Dynamic: 24-month IV/RV z-score,2025-11-17,1205294.2740640517,-4916.758327593532,1200377.5157364581,-1842.6607991894707,-0.001532714917910738,0.0,0.0,99/96,1.7977178528678366,27.349999999999998,200.0,False
Dynamic: 24-month IV/RV z-score,2025-11-18,1205294.2740640517,-7865.015606296784,1197429.258457755,-2948.257278703153,-0.0024561083826152297,0.0,0.0,99/96,1.7977178528678366,43.75,200.0,False
Dynamic: 24-month IV/RV z-score,2025-11-19,1205294.2740640517,-5545.959576097275,1199748.3144879544,2319.0560301993974,0.001936695645124109,0.0,0.0,99/96,1.7977178528678366,30.849999999999998,200.0,False
Dynamic: 24-month IV/RV z-score,2025-11-20,1205294.2740640517,-11577.302972468866,1193716.971091583,-6031.343396371463,-0.005027173886004266,0.0,0.0,99/96,1.7977178528678366,64.39999999999999,200.0,False
Dynamic: 24-month IV/RV z-score,2025-11-21,1217340.8458131293,-12147.88014093664,1205192.9656721926,11475.994580609724,0.009613664594309679,101.30839185905087,0.0,101/98,1.8253764298928086,66.55,200.0,False
Dynamic: 24-month IV/RV z-score,2025-11-24,1217340.8458131293,-8351.0971667596,1208989.7486463697,3796.78297417704,0.0031503527504073148,0.0,0.0,101/98,1.8253764298928086,45.75,200.0,False
Dynamic: 24-month IV/RV z-score,2025-11-25,1217340.8458131293,-6160.645450888229,1211180.2003622411,2190.451715871459,0.0018118033823892876,0.0,0.0,101/98,1.8253764298928086,33.75,200.0,False
Dynamic: 24-month IV/RV z-score,2025-11-26,1217340.8458131293,-4828.12065706648,1212512.7251560627,1332.5247938216198,0.0011001870683016168,0.0,0.0,101/98,1.8253764298928086,26.450000000000003,200.0,False
Dynamic: 24-month IV/RV z-score,2025-11-28,1217340.8458131293,-4061.4625565114993,1213279.383256618,766.6581005551852,0.0006322887048104686,0.0,0.0,101/98,1.8253764298928086,22.25,200.0,False
Dynamic: 24-month IV/RV z-score,2025-12-01,1217340.8458131293,-4609.075485479342,1212731.77032765,-547.6129289679229,-0.000451349406018986,0.0,0.0,101/98,1.8253764298928086,25.25,200.0,False
Dynamic: 24-month IV/RV z-score,2025-12-02,1217340.8458131293,-3979.3206171663237,1213361.525195963,629.7548683129717,0.0005192861964380402,0.0,0.0,101/98,1.8253764298928086,21.800000000000004,200.0,False
Dynamic: 24-month IV/RV z-score,2025-12-03,1217340.8458131293,-3094.013048668311,1214246.832764461,885.3075684979558,0.0007296321418754914,0.0,0.0,101/98,1.8253764298928086,16.950000000000003,200.0,False
Dynamic: 24-month IV/RV z-score,2025-12-04,1217340.8458131293,-2783.6990555865336,1214557.1467575429,310.3139930819161,0.00025556088326417203,0.0,0.0,101/98,1.8253764298928086,15.250000000000002,200.0,False
Dynamic: 24-month IV/RV z-score,2025-12-05,1217340.8458131293,-2236.0861266186903,1215104.7596865105,547.6129289676901,0.0004508745680922299,0.0,0.0,101/98,1.8253764298928086,12.249999999999998,200.0,False
Dynamic: 24-month IV/RV z-score,2025-12-08,1217340.8458131293,-2637.6689411951083,1214703.1768719342,-401.5828145763371,-0.0003304923393435688,0.0,0.0,101/98,1.8253764298928086,14.45,200.0,False
Dynamic: 24-month IV/RV z-score,2025-12-09,1217340.8458131293,-2655.9227054940366,1214684.9231076352,-18.25376429897733,-1.5027345483642485e-05,0.0,0.0,101/98,1.8253764298928086,14.549999999999999,200.0,False
Dynamic: 24-month IV/RV z-score,2025-12-10,1217340.8458131293,-1350.7785581206786,1215990.0672550087,1305.144147373503,0.0010744713485324464,0.0,0.0,101/98,1.8253764298928086,7.400000000000001,200.0,False
Dynamic: 24-month IV/RV z-score,2025-12-11,1217340.8458131293,-702.7699255087313,1216638.0758876207,648.008632611949,0.000532906189007587,0.0,0.0,101/98,1.8253764298928086,3.8499999999999996,200.0,False
Dynamic: 24-month IV/RV z-score,2025-12-12,1217340.8458131293,-1473.9914671384429,1215866.8543459908,-771.2215416298714,-0.000633895615232305,0.0,0.0,101/98,1.8253764298928086,8.075,200.0,False
Dynamic: 24-month IV/RV z-score,2025-12-15,1217340.8458131293,-1154.5505919072016,1216186.295221222,319.4408752312884,0.00026272685540318363,0.0,0.0,101/98,1.8253764298928086,6.325,200.0,False
Dynamic: 24-month IV/RV z-score,2025-12-16,1217340.8458131293,-1008.5204775157769,1216332.3253356135,146.03011439135298,0.00012007215914633385,0.0,0.0,101/98,1.8253764298928086,5.525,200.0,False
Dynamic: 24-month IV/RV z-score,2025-12-17,1217340.8458131293,-2345.6087124122596,1214995.2371007171,-1337.088234896306,-0.001099278714414953,0.0,0.0,101/98,1.8253764298928086,12.850000000000001,200.0,False
Dynamic: 24-month IV/RV z-score,2025-12-18,1217340.8458131293,-492.85163607105835,1216847.9941770583,1852.7570763411932,0.0015249089212583389,0.0,0.0,101/98,1.8253764298928086,2.7,200.0,False
Dynamic: 24-month IV/RV z-score,2025-12-19,1221610.3110372336,-4310.432141148252,1217299.8788960853,451.88471902697347,0.0003713567521903549,40.96691704397099,0.0,98/95,1.7811703062596083,24.200000000000003,205.0,False
Dynamic: 24-month IV/RV z-score,2025-12-22,1221610.3110372336,-3019.0836691100367,1218591.2273681236,1291.348472038284,0.0010608301983972002,0.0,0.0,98/95,1.7811703062596083,16.950000000000003,205.0,False
Dynamic: 24-month IV/RV z-score,2025-12-23,1221610.3110372336,-2484.7325772321537,1219125.5784600014,534.3510918777902,0.00043849904699522213,0.0,0.0,98/95,1.7811703062596083,13.95,205.0,False
Dynamic: 24-month IV/RV z-score,2025-12-24,1221610.3110372336,-2021.6282976046562,1219588.682739629,463.10427962755784,0.0003798659365448209,0.0,0.0,98/95,1.7811703062596083,11.350000000000003,205.0,False
Dynamic: 24-month IV/RV z-score,2025-12-26,1221610.3110372336,-1834.6054154473964,1219775.7056217862,187.0228821572382,0.00015334914533404742,0.0,0.0,98/95,1.7811703062596083,10.299999999999999,205.0,False
Dynamic: 24-month IV/RV z-score,2025-12-29,1221610.3110372336,-1968.193188416867,1219642.1178488168,-133.58777296938933,-0.00010951830927086181,0.0,0.0,98/95,1.7811703062596083,11.049999999999999,205.0,False
Dynamic: 24-month IV/RV z-score,2025-12-30,1221610.3110372336,-1986.0048914794638,1219624.3061457542,-17.81170306261629,-1.4604040646015726e-05,0.0,0.0,98/95,1.7811703062596083,11.150000000000002,205.0,False
Dynamic: 24-month IV/RV z-score,2025-12-31,1221610.3110372336,-2903.3075992031618,1218707.0034380304,-917.3027077238075,-0.0007521190772449282,0.0,0.0,98/95,1.7811703062596083,16.3,205.0,False
Dynamic: 24-month IV/RV z-score,2026-01-02,1221610.3110372336,-2342.2389527313853,1219268.072084502,561.0686464717146,0.00046038025947914285,0.0,0.0,98/95,1.7811703062596083,13.150000000000002,205.0,False
Dynamic: 24-month IV/RV z-score,2026-01-05,1221610.3110372336,-1282.4426205069178,1220327.8684167266,1059.796332224505,0.0008692069910538613,0.0,0.0,98/95,1.7811703062596083,7.199999999999999,205.0,False
Dynamic: 24-month IV/RV z-score,2026-01-06,1221610.3110372336,-739.1856770977375,1220871.125360136,543.2569434093311,0.00044517293874002384,0.0,0.0,98/95,1.7811703062596083,4.15,205.0,False
Dynamic: 24-month IV/RV z-score,2026-01-07,1221610.3110372336,-872.773450067208,1220737.5375871663,-133.58777296962216,-0.0001094200445851401,0.0,0.0,98/95,1.7811703062596083,4.8999999999999995,205.0,False
Dynamic: 24-month IV/RV z-score,2026-01-08,1221610.3110372336,-748.0915286290357,1220862.2195086046,124.68192143831402,0.00010213655073210148,0.0,0.0,98/95,1.7811703062596083,4.200000000000001,205.0,False
Dynamic: 24-month IV/RV z-score,2026-01-09,1221610.3110372336,-227.0992140481001,1221383.2118231854,520.992314580828,0.00042674128681818857,0.0,0.0,98/95,1.7811703062596083,1.2750000000000001,205.0,False
Dynamic: 24-month IV/RV z-score,2026-01-12,1221610.3110372336,-124.68192143817258,1221485.6291157955,102.41729261004366,8.385352903061971e-05,0.0,0.0,98/95,1.7811703062596083,0.7,205.0,False
Dynamic: 24-month IV/RV z-score,2026-01-13,1221610.3110372336,-120.2289956725236,1221490.0820415611,4.452925765654072,3.645499921933748e-06,0.0,0.0,98/95,1.7811703062596083,0.6750000000000002,205.0,False
Dynamic: 24-month IV/RV z-score,2026-01-14,1221610.3110372336,-89.05851531298042,1221521.2525219205,31.170480359345675,2.551840642639469e-05,0.0,0.0,98/95,1.7811703062596083,0.5,205.0,False
Dynamic: 24-month IV/RV z-score,2026-01-15,1221610.3110372336,-13.358777296947064,1221596.9522599366,75.69973801611923,6.197169133148606e-05,0.0,0.0,98/95,1.7811703062596083,0.07500000000000001,205.0,False
Dynamic: 24-month IV/RV z-score,2026-01-16,1226709.7347997248,-5139.9093498357315,1221569.825449889,-27.126810047542676,-2.2206023023718657e-05,40.48558734459651,0.0,98/95,1.7602429280259353,29.200000000000003,205.0,False
Dynamic: 24-month IV/RV z-score,2026-01-20,1226709.7347997248,-9294.082659976939,1217415.6521397477,-4154.173310141312,-0.0034006842863946174,0.0,0.0,98/95,1.7602429280259353,52.800000000000004,205.0,False
Dynamic: 24-month IV/RV z-score,2026-01-21,1226709.7347997248,-6539.30247761635,1220170.4323221084,2754.7801823606715,0.002262809893661899,0.0,0.0,98/95,1.7602429280259353,37.150000000000006,205.0,False
Dynamic: 24-month IV/RV z-score,2026-01-22,1226709.7347997248,-5562.367652561956,1221147.3671471628,976.9348250543699,0.0008006543997260973,0.0,0.0,98/95,1.7602429280259353,31.6,205.0,False
Dynamic: 24-month IV/RV z-score,2026-01-23,1226709.7347997248,-5667.982228243512,1221041.7525714813,-105.61457568150945,-8.648798541677216e-05,0.0,0.0,98/95,1.7602429280259353,32.2,205.0,False
Dynamic: 24-month IV/RV z-score,2026-01-26,1226709.7347997248,-4374.20367614445,1222335.5311235804,1293.778552099131,0.001059569461383747,0.0,0.0,98/95,1.7602429280259353,24.85,205.0,False
Dynamic: 24-month IV/RV z-score,2026-01-27,1226709.7347997248,-3758.1186513353705,1222951.6161483894,616.0850248089992,0.0005040228391648416,0.0,0.0,98/95,1.7602429280259353,21.349999999999994,205.0,False
Dynamic: 24-month IV/RV z-score,2026-01-28,1226709.7347997248,-3670.106504934075,1223039.6282947906,88.01214640121907,7.196698973133131e-05,0.0,0.0,98/95,1.7602429280259353,20.85,205.0,False
Dynamic: 24-month IV/RV z-score,2026-01-29,1226709.7347997248,-4180.5769540615975,1222529.1578456631,-510.4704491274897,-0.00041737850296741374,0.0,0.0,98/95,1.7602429280259353,23.750000000000007,205.0,False
Dynamic: 24-month IV/RV z-score,2026-01-30,1226709.7347997248,-4779.059549590415,1221930.6752501344,-598.4825955287088,-0.0004895446392324532,0.0,0.0,98/95,1.7602429280259353,27.150000000000006,205.0,False
Dynamic: 24-month IV/RV z-score,2026-02-02,1226709.7347997248,-3230.0457729275913,1223479.6890267972,1549.0137766627595,0.0012676772979332007,0.0,0.0,98/95,1.7602429280259353,18.35,205.0,False
Dynamic: 24-month IV/RV z-score,2026-02-03,1226709.7347997248,-5060.698418074565,1221649.0363816503,-1830.65264514694,-0.0014962672952937295,0.0,0.0,98/95,1.7602429280259353,28.750000000000007,205.0,False
Dynamic: 24-month IV/RV z-score,2026-02-04,1226709.7347997248,-5817.602877125715,1220892.1319225992,-756.9044590510894,-0.0006195760292112551,0.0,0.0,98/95,1.7602429280259353,33.05,205.0,False
Dynamic: 24-month IV/RV z-score,2026-02-05,1226709.7347997248,-10103.794406868868,1216605.9403928558,-4286.191529743373,-0.003510704523088104,0.0,0.0,98/95,1.7602429280259353,57.4,205.0,False
Dynamic: 24-month IV/RV z-score,2026-02-06,1226709.7347997248,-4356.601246864189,1222353.1335528605,5747.193160004681,0.004723956187612233,0.0,0.0,98/95,1.7602429280259353,24.749999999999996,205.0,False
Dynamic: 24-month IV/RV z-score,2026-02-09,1226709.7347997248,-2816.388684841496,1223893.3461148832,1540.2125620227307,0.001260038952529241,0.0,0.0,98/95,1.7602429280259353,15.999999999999998,205.0,False
Dynamic: 24-month IV/RV z-score,2026-02-10,1226709.7347997248,-3089.226338685517,1223620.5084610393,-272.8376538439188,-0.00022292600471274238,0.0,0.0,98/95,1.7602429280259353,17.550000000000004,205.0,False
Dynamic: 24-month IV/RV z-score,2026-02-11,1226709.7347997248,-2825.189899481626,1223884.5449002432,264.03643920389004,0.0002157829469007222,0.0,0.0,98/95,1.7602429280259353,16.05,205.0,False
Dynamic: 24-month IV/RV z-score,2026-02-12,1226709.7347997248,-7005.766853543223,1219703.9679461815,-4180.576954061631,-0.003415826248874154,0.0,0.0,98/95,1.7602429280259353,39.800000000000004,205.0,False
Dynamic: 24-month IV/RV z-score,2026-02-13,1226709.7347997248,-6512.89883369596,1220196.8359660287,492.8680198471993,0.0004040882318987471,0.0,0.0,98/95,1.7602429280259353,37.0,205.0,False
Dynamic: 24-month IV/RV z-score,2026-02-17,1226709.7347997248,-4858.270481351581,1221851.4643183732,1654.6283523445018,0.0013560339640075192,0.0,0.0,98/95,1.7602429280259353,27.6,205.0,False
Dynamic: 24-month IV/RV z-score,2026-02-18,1226709.7347997248,-2349.924308914624,1224359.81049081,2508.346172436839,0.002052905975634456,0.0,0.0,98/95,1.7602429280259353,13.350000000000001,205.0,False
Dynamic: 24-month IV/RV z-score,2026-02-19,1226709.7347997248,-1540.2125620226934,1225169.522237702,809.7117468919605,0.0006613347971355932,0.0,0.0,98/95,1.7602429280259353,8.75,205.0,False
Dynamic: 24-month IV/RV z-score,2026-02-20,1232447.8059471126,-5787.782159803297,1226660.0237873094,1490.5015496073756,0.0012165676035469364,49.71101241548843,0.0,98/95,1.7753933005531584,32.6,205.0,False
Dynamic: 24-month IV/RV z-score,2026-02-23,1232447.8059471126,-7767.345689920068,1224680.4602571926,-1979.5635301168077,-0.0016137833562105408,0.0,0.0,98/95,1.7753933005531584,43.75,205.0,False
Dynamic: 24-month IV/RV z-score,2026-02-24,1232447.8059471126,-6267.138350952649,1226180.66759616,1500.2073389673606,0.0012249785863753804,0.0,0.0,98/95,1.7753933005531584,35.3,205.0,False
Dynamic: 24-month IV/RV z-score,2026-02-25,1232447.8059471126,-4367.46751936077,1228080.3384277518,1899.6708315918222,0.0015492585079781573,0.0,0.0,98/95,1.7753933005531584,24.6,205.0,False
Dynamic: 24-month IV/RV z-score,2026-02-26,1232447.8059471126,-5281.795069145647,1227166.0108779669,-914.3275497849099,-0.0007445177006542014,0.0,0.0,98/95,1.7753933005531584,29.750000000000007,205.0,False
Dynamic: 24-month IV/RV z-score,2026-02-27,1232447.8059471126,-6213.876551936055,1226233.9293951765,-932.0814827904105,-0.0007595398458954961,0.0,0.0,98/95,1.7753933005531584,35.0,205.0,False
Dynamic: 24-month IV/RV z-score,2026-03-02,1232447.8059471126,-6364.784982483072,1226083.0209646295,-150.9084305469878,-0.0001230665918870999,0.0,0.0,98/95,1.7753933005531584,35.849999999999994,205.0,False
Dynamic: 24-month IV/RV z-score,2026-03-03,1232447.8059471126,-8317.717613091547,1224130.0883340212,-1952.932630608324,-0.0015928225064822943,0.0,0.0,98/95,1.7753933005531584,46.849999999999994,205.0,False
Dynamic: 24-month IV/RV z-score,2026-03-04,1232447.8059471126,-6151.737786416694,1226296.068160696,2165.9798266747966,0.0017694033071458115,0.0,0.0,98/95,1.7753933005531584,34.65,205.0,False
Dynamic: 24-month IV/RV z-score,2026-03-05,1232447.8059471126,-7722.960857406241,1224724.8450897064,-1571.2230709895957,-0.0012812754699167428,0.0,0.0,98/95,1.7753933005531584,43.500000000000014,205.0,False
Dynamic: 24-month IV/RV z-score,2026-03-06,1232447.8059471126,-10971.930597418515,1221475.8753496942,-3248.969740012195,-0.002652816061532781,0.0,0.0,98/95,1.7753933005531584,61.79999999999998,205.0,False
Dynamic: 24-month IV/RV z-score,2026-03-09,1232447.8059471126,-8974.613134296216,1223473.1928128165,1997.3174631223083,0.0016351673442183134,0.0,0.0,98/95,1.7753933005531584,50.550000000000004,205.0,False
Dynamic: 24-month IV/RV z-score,2026-03-10,1232447.8059471126,-8548.518742163456,1223899.2872049492,426.0943921327125,0.00034826622653905126,0.0,0.0,98/95,1.7753933005531584,48.14999999999999,205.0,False
Dynamic: 24-month IV/RV z-score,2026-03-11,1232447.8059471126,-9382.953593423443,1223064.8523536893,-834.4348512599245,-0.0006817839179934504,0.0,0.0,98/95,1.7753933005531584,52.85,205.0,False
Dynamic: 24-month IV/RV z-score,2026-03-12,1232447.8059471126,-14913.30372464653,1217534.502222466,-5530.350131223211,-0.004521714544065691,0.0,0.0,98/95,1.7753933005531584,84.0,205.0,False
Dynamic: 24-month IV/RV z-score,2026-03-13,1232447.8059471126,-17816.071771050945,1214631.7341760616,-2902.768046404468,-0.0023841361711769427,0.0,0.0,98/95,1.7753933005531584,100.35,205.0,False
Dynamic: 24-month IV/RV z-score,2026-03-16,1232447.8059471126,-12782.83176398274,1219664.9741831298,5033.240007068263,0.004143840363665996,0.0,0.0,98/95,1.7753933005531584,72.0,205.0,False
Dynamic: 24-month IV/RV z-score,2026-03-17,1232447.8059471126,-10945.29969791022,1221502.5062492024,1837.5320660725702,0.001506587550653693,0.0,0.0,98/95,1.7753933005531584,61.65,205.0,False
Dynamic: 24-month IV/RV z-score,2026-03-18,1232447.8059471126,-22423.217385986394,1210024.5885611263,-11477.917688076152,-0.009396556805536749,0.0,0.0,98/95,1.7753933005531584,126.30000000000001,205.0,False
Dynamic: 24-month IV/RV z-score,2026-03-19,1232447.8059471126,-24429.41181561146,1208018.3941315012,-2006.1944296250585,-0.0016579782333272508,0.0,0.0,98/95,1.7753933005531584,137.6,205.0,False
Dynamic: 24-month IV/RV z-score,2026-03-20,1210228.8102281264,-14301.567791949043,1195927.2424361773,-12091.151695323875,-0.01000907912831639,125.00084959544488,-36395.56266133975,102/99,1.8382477881682577,77.79999999999998,195.0,False
Dynamic: 24-month IV/RV z-score,2026-03-23,1210228.8102281264,-11930.22814521199,1198298.5820829144,2371.3396467370912,0.001982846081762135,0.0,0.0,102/99,1.8382477881682577,64.89999999999998,195.0,False
Dynamic: 24-month IV/RV z-score,2026-03-24,1210228.8102281264,-12573.614871070882,1197655.1953570554,-643.386725859018,-0.0005369168715368966,0.0,0.0,102/99,1.8382477881682577,68.39999999999999,195.0,False
Dynamic: 24-month IV/RV z-score,2026-03-25,1210228.8102281264,-11636.108499105068,1198592.7017290213,937.5063719658647,0.000782784874645337,0.0,0.0,102/99,1.8382477881682577,63.29999999999998,195.0,False
Dynamic: 24-month IV/RV z-score,2026-03-26,1210228.8102281264,-15312.604075441584,1194916.2061526848,-3676.495576336514,-0.003067343536326428,0.0,0.0,102/99,1.8382477881682577,83.29999999999998,195.0,False
Dynamic: 24-month IV/RV z-score,2026-03-27,1210228.8102281264,-20983.598501940658,1189245.2117261856,-5670.994426499121,-0.0047459348172691485,0.0,0.0,102/99,1.8382477881682577,114.14999999999998,195.0,False
Dynamic: 24-month IV/RV z-score,2026-03-30,1210228.8102281264,-22932.141157399023,1187296.6690707274,-1948.5426554582082,-0.0016384700449034728,0.0,0.0,102/99,1.8382477881682577,124.75000000000003,195.0,False
Dynamic: 24-month IV/RV z-score,2026-03-31,1210228.8102281264,-14614.069915937649,1195614.7403121886,8318.071241461206,0.007005891162797262,0.0,0.0,102/99,1.8382477881682577,79.5,195.0,False
Dynamic: 24-month IV/RV z-score,2026-04-01,1210228.8102281264,-12095.670446147136,1198133.1397819791,2518.3994697905146,0.0021063636846203604,0.0,0.0,102/99,1.8382477881682577,65.8,195.0,False
Dynamic: 24-month IV/RV z-score,2026-04-02,1210228.8102281264,-11994.566817797882,1198234.2434103284,101.10362834925763,8.438430170421007e-05,0.0,0.0,102/99,1.8382477881682577,65.25,195.0,False
Dynamic: 24-month IV/RV z-score,2026-04-06,1210228.8102281264,-10698.602127139262,1199530.2081009871,1295.9646906587295,0.0010815620549871063,0.0,0.0,102/99,1.8382477881682577,58.2,195.0,False
Dynamic: 24-month IV/RV z-score,2026-04-07,1210228.8102281264,-10358.526286328133,1199870.2839417981,340.0758408110123,0.0002835075252913821,0.0,0.0,102/99,1.8382477881682577,56.35,195.0,False
Dynamic: 24-month IV/RV z-score,2026-04-08,1210228.8102281264,-3906.2765498575477,1206322.5336782688,6452.249736470636,0.005377456065728925,0.0,0.0,102/99,1.8382477881682577,21.25,195.0,False
Dynamic: 24-month IV/RV z-score,2026-04-09,1210228.8102281264,-2141.5586732160205,1208087.2515549103,1764.7178766415454,0.0014628905847100526,0.0,0.0,102/99,1.8382477881682577,11.65,195.0,False
Dynamic: 24-month IV/RV z-score,2026-04-10,1210228.8102281264,-1760.122257171107,1208468.6879709552,381.4364160448313,0.0003157358175527314,0.0,0.0,102/99,1.8382477881682577,9.575000000000001,195.0,False
Dynamic: 24-month IV/RV z-score,2026-04-13,1210228.8102281264,-606.6217700955251,1209622.1884580308,1153.500487075653,0.000954514170335985,0.0,0.0,102/99,1.8382477881682577,3.3,195.0,False
Dynamic: 24-month IV/RV z-score,2026-04-14,1210228.8102281264,-229.78097352103222,1209999.0292546053,376.84079657448456,0.00031153594913369,0.0,0.0,102/99,1.8382477881682577,1.25,195.0,False
Dynamic: 24-month IV/RV z-score,2026-04-15,1210228.8102281264,-73.52991152673032,1210155.2803165996,156.25106199434958,0.0001291332126858169,0.0,0.0,102/99,1.8382477881682577,0.4,195.0,False
Dynamic: 24-month IV/RV z-score,2026-04-16,1210228.8102281264,-18.38247788168258,1210210.4277502447,55.14743364509195,4.557054333620414e-05,0.0,0.0,102/99,1.8382477881682577,0.1,195.0,False
Dynamic: 24-month IV/RV z-score,2026-04-17,1226811.9980209677,-16651.969512909858,1210160.0285080578,-50.399242186918855,-4.164502389936153e-05,68.78172006862309,0.0,102/99,1.6983140757684714,98.04999999999998,215.0,False
Dynamic: 24-month IV/RV z-score,2026-04-20,1226811.9980209677,-17441.685558142202,1209370.3124628256,-789.7160452322569,-0.0006525715827896406,0.0,0.0,102/99,1.6983140757684714,102.7,215.0,False
Dynamic: 24-month IV/RV z-score,2026-04-21,1226811.9980209677,-18104.0280476919,1208707.969973276,-662.3424895496573,-0.0005476754991619037,0.0,0.0,102/99,1.6983140757684714,106.59999999999997,215.0,False
Dynamic: 24-month IV/RV z-score,2026-04-22,1226811.9980209677,-16176.44157169469,1210635.556449273,1927.586475996999,0.0015947495374251108,0.0,0.0,102/99,1.6983140757684714,95.25,215.0,False
Dynamic: 24-month IV/RV z-score,2026-04-23,1226811.9980209677,-17645.48324723442,1209166.5147737332,-1469.0416755396873,-0.0012134466625516316,0.0,0.0,102/99,1.6983140757684714,103.9,215.0,False
Dynamic: 24-month IV/RV z-score,2026-04-24,1226811.9980209677,-14597.009481230012,1212214.9885397376,3048.473766004434,0.002521136442961147,0.0,0.0,102/99,1.6983140757684714,85.95,215.0,False
Dynamic: 24-month IV/RV z-score,2026-04-27,1226811.9980209677,-14155.447821530208,1212656.5501994374,441.56165969977155,0.000364260188064236,0.0,0.0,102/99,1.6983140757684714,83.35,215.0,False
Dynamic: 24-month IV/RV z-score,2026-04-28,1226811.9980209677,-15989.627023360159,1210822.3709976075,-1834.1792018299457,-0.0015125298267908427,0.0,0.0,102/99,1.6983140757684714,94.15,215.0,False
Dynamic: 24-month IV/RV z-score,2026-04-29,1226811.9980209677,-18171.960610722643,1208640.037410245,-2182.333587362431,-0.0018023565137506026,0.0,0.0,102/99,1.6983140757684714,107.0,215.0,False
Dynamic: 24-month IV/RV z-score,2026-04-30,1226811.9980209677,-11455.12844105834,1215356.8695799094,6716.832169664325,0.00555734706923694,0.0,0.0,102/99,1.6983140757684714,67.45,215.0,False
Dynamic: 24-month IV/RV z-score,2026-05-01,1226811.9980209677,-10843.735373781688,1215968.262647186,611.393067276571,0.0005030564129595572,0.0,0.0,102/99,1.6983140757684714,63.849999999999994,215.0,False
Dynamic: 24-month IV/RV z-score,2026-05-04,1226811.9980209677,-12406.184323488684,1214405.813697479,-1562.4489497069735,-0.0012849422124764365,0.0,0.0,102/99,1.6983140757684714,73.05,215.0,False
Dynamic: 24-month IV/RV z-score,2026-05-05,1226811.9980209677,-8075.483430279081,1218736.5145906885,4330.700893209549,0.003566106851896622,0.0,0.0,102/99,1.6983140757684714,47.55,215.0,False
Dynamic: 24-month IV/RV z-score,2026-05-06,1226811.9980209677,-3651.3752629022138,1223160.6227580656,4424.108167377068,0.0036300776373003885,0.0,0.0,102/99,1.6983140757684714,21.5,215.0,False
Dynamic: 24-month IV/RV z-score,2026-05-07,1226811.9980209677,-4041.9875003289617,1222770.0105206387,-390.612237426918,-0.0003193466419366686,0.0,0.0,102/99,1.6983140757684714,23.799999999999997,215.0,False
Dynamic: 24-month IV/RV z-score,2026-05-08,1226811.9980209677,-2029.4853205433233,1224782.5127004243,2012.5021797856316,0.0016458550360820556,0.0,0.0,102/99,1.6983140757684714,11.95,215.0,False
Dynamic: 24-month IV/RV z-score,2026-05-11,1226811.9980209677,-1519.9910978127818,1225292.006923155,509.494222730631,0.0004159875059019935,0.0,0.0,102/99,1.6983140757684714,8.95,215.0,False
Dynamic: 24-month IV/RV z-score,2026-05-12,1226811.9980209677,-1154.8535715225605,1225657.1444494452,365.1375262902584,0.00029800041478034167,0.0,0.0,102/99,1.6983140757684714,6.8,215.0,False
Dynamic: 24-month IV/RV z-score,2026-05-13,1226811.9980209677,-314.1881040171672,1226497.8099169505,840.6654675053433,0.0006858895828352196,0.0,0.0,102/99,1.6983140757684714,1.8499999999999996,215.0,False
Dynamic: 24-month IV/RV z-score,2026-05-14,1226811.9980209677,-42.45785189421178,1226769.5401690735,271.73025212297216,0.00022154972469246026,0.0,0.0,102/99,1.6983140757684714,0.24999999999999997,215.0,False
Dynamic: 24-month IV/RV z-score,2026-05-15,1246616.355300217,-20028.73876771763,1226587.6165324992,-181.92363657429814,-0.00014829487578349454,224.38148846843944,0.0,103/100,1.655951944416505,120.95000000000002,220.0,False
Dynamic: 24-month IV/RV z-score,2026-05-18,1246616.355300217,-20318.53035799052,1226297.8249422265,-289.7915902726818,-0.00023625836945262435,0.0,0.0,103/100,1.655951944416505,122.70000000000002,220.0,False
Dynamic: 24-month IV/RV z-score,2026-05-19,1246616.355300217,-22744.499956560696,1223871.8553436561,-2425.969598570373,-0.00197828745124351,0.0,0.0,103/100,1.655951944416505,137.35,220.0,False
Dynamic: 24-month IV/RV z-score,2026-05-20,1246616.355300217,-19407.75678856144,1227208.5985116556,3336.7431679994334,0.0027263827936157004,0.0,0.0,103/100,1.655951944416505,117.20000000000002,220.0,False
Dynamic: 24-month IV/RV z-score,2026-05-21,1246616.355300217,-18637.739134407762,1227978.616165809,770.0176541535184,0.0006274545786979502,0.0,0.0,103/100,1.655951944416505,112.54999999999998,220.0,False
Dynamic: 24-month IV/RV z-score,2026-05-22,1246616.355300217,-17263.299020542065,1229353.0562796749,1374.4401138657704,0.001119270397523131,0.0,0.0,103/100,1.655951944416505,104.24999999999999,220.0,False
Dynamic: 24-month IV/RV z-score,2026-05-26,1246616.355300217,-15234.757888631846,1231381.597411585,2028.5411319101695,0.0016500883302386082,0.0,0.0,103/100,1.655951944416505,92.0,220.0,False
Dynamic: 24-month IV/RV z-score,2026-05-27,1246616.355300217,-14795.93062336147,1231820.4246768556,438.82726527052,0.0003563698419668526,0.0,0.0,103/100,1.655951944416505,89.34999999999998,220.0,False
Dynamic: 24-month IV/RV z-score,2026-05-28,1246616.355300217,-12212.645590071725,1234403.7097101451,2583.285033289576,0.0020971279429526923,0.0,0.0,103/100,1.655951944416505,73.75,220.0,False
Dynamic: 24-month IV/RV z-score,2026-05-29,1246616.355300217,-11185.95538453349,1235430.3999156835,1026.6902055384126,0.0008317296824873477,0.0,0.0,103/100,1.655951944416505,67.55,220.0,False
Dynamic: 24-month IV/RV z-score,2026-06-01,1246616.355300217,-9952.271185943195,1236664.0841142738,1233.6841985902283,0.000998586564386228,0.0,0.0,103/100,1.655951944416505,60.099999999999994,220.0,False
Dynamic: 24-month IV/RV z-score,2026-06-02,1246616.355300217,-9256.771369288264,1237359.5839309287,695.4998166549485,0.0005623999480450781,0.0,0.0,103/100,1.655951944416505,55.900000000000006,220.0,False
Dynamic: 24-month IV/RV z-score,2026-06-03,1246616.355300217,-12477.597901178364,1234138.7573990386,-3220.8265318900812,-0.002602983460683217,0.0,0.0,103/100,1.655951944416505,75.35,220.0,False
Dynamic: 24-month IV/RV z-score,2026-06-04,1246616.355300217,-10755.407878985201,1235860.9474212318,1722.1900221931282,0.0013954589886007174,0.0,0.0,103/100,1.655951944416505,64.95,220.0,False
Dynamic: 24-month IV/RV z-score,2026-06-05,1246616.355300217,-24988.31484124507,1221628.0404589719,-14232.906962259905,-0.011516592535720571,0.0,0.0,103/100,1.655951944416505,150.90000000000003,220.0,False
Dynamic: 24-month IV/RV z-score,2026-06-08,1246616.355300217,-23721.511603766434,1222894.8436964506,1266.8032374787144,0.0010369795023719153,0.0,0.0,103/100,1.655951944416505,143.25,220.0,False
Dynamic: 24-month IV/RV z-score,2026-06-09,1246616.355300217,-25269.826671795865,1221346.528628421,-1548.3150680295657,-0.001266106465335537,0.0,0.0,103/100,1.655951944416505,152.6,220.0,False
Dynamic: 24-month IV/RV z-score,2026-06-10,1246616.355300217,-30916.622802256148,1215699.7324979608,-5646.796130460221,-0.004623418495978915,0.0,0.0,103/100,1.655951944416505,186.7,220.0,False
Dynamic: 24-month IV/RV z-score,2026-06-11,1246616.355300217,-24913.797003746316,1221702.5582964707,6002.825798509875,0.004937753655810617,0.0,0.0,103/100,1.655951944416505,150.45,220.0,False
Dynamic: 24-month IV/RV z-score,2026-06-12,1246616.355300217,-23936.785356540582,1222679.5699436762,977.011647205567,0.0007997131876091856,0.0,0.0,103/100,1.655951944416505,144.55,220.0,False
Dynamic: 24-month IV/RV z-score,2026-06-15,1246616.355300217,-11608.2231303597,1235008.1321698572,12328.562226180919,0.010083232376859597,0.0,0.0,103/100,1.655951944416505,70.1,220.0,False
Dynamic: 24-month IV/RV z-score,2026-06-16,1246616.355300217,-17867.72148025409,1228748.6338199629,-6259.498349894304,-0.0050683863424418885,0.0,0.0,103/100,1.655951944416505,107.9,220.0,False
Dynamic: 24-month IV/RV z-score,2026-06-17,1246616.355300217,-29451.105331447543,1217165.2499687695,-11583.383851193357,-0.009426975975698637,0.0,0.0,103/100,1.655951944416505,177.85,220.0,False
Dynamic: 24-month IV/RV z-score,2026-06-18,1230276.5133975619,-5129.044660268441,1225147.4687372935,7982.218768524006,0.006558040306136492,37.569435409609596,-21431.31712751384,98/95,1.6334537134612868,31.400000000000002,225.0,False
Dynamic: 24-month IV/RV z-score,2026-06-22,1230276.5133975619,-5651.749848576052,1224624.7635489858,-522.7051883076783,-0.000426646752040738,0.0,0.0,98/95,1.6334537134612868,34.599999999999994,225.0,False
Dynamic: 24-month IV/RV z-score,2026-06-23,1230276.5133975619,-8934.991812633238,1221341.5215849285,-3283.2419640573207,-0.002681018759201348,0.0,0.0,98/95,1.6334537134612868,54.699999999999996,225.0,False
Dynamic: 24-month IV/RV z-score,2026-06-24,1230276.5133975619,-8020.257733094918,1222256.2556644669,914.7340795383789,0.0007489584717887965,0.0,0.0,98/95,1.6334537134612868,49.1,225.0,False
Dynamic: 24-month IV/RV z-score,2026-06-25,1230276.5133975619,-8804.315515556335,1221472.1978820055,-784.0577824614011,-0.0006414839595442201,0.0,0.0,98/95,1.6334537134612868,53.89999999999999,225.0,False
Dynamic: 24-month IV/RV z-score,2026-06-26,1230276.5133975619,-9621.04237228698,1220655.4710252748,-816.7268567306455,-0.0006686413805789826,0.0,0.0,98/95,1.6334537134612868,58.900000000000006,225.0,False
Dynamic: 24-month IV/RV z-score,2026-06-29,1230276.5133975619,-6043.778739806761,1224232.7346577551,3577.263632480288,0.002930608773231924,0.0,0.0,98/95,1.6334537134612868,37.0,225.0,False
Dynamic: 24-month IV/RV z-score,2026-06-30,1230276.5133975619,-3961.125255143619,1226315.388142418,2082.6534846629947,0.0017011908158501843,0.0,0.0,98/95,1.6334537134612868,24.249999999999993,225.0,False
Dynamic: 24-month IV/RV z-score,2026-07-01,1230276.5133975619,-3912.121643739783,1226364.391753822,49.003611403983086,3.996003954442884e-05,0.0,0.0,98/95,1.6334537134612868,23.950000000000006,225.0,False
Dynamic: 24-month IV/RV z-score,2026-07-02,1230276.5133975619,-3903.9543751724755,1226372.5590223894,8.167268567252904,6.659740467096498e-06,0.0,0.0,98/95,1.6334537134612868,23.900000000000002,225.0,False
Dynamic: 24-month IV/RV z-score,2026-07-06,1230276.5133975619,-1478.2756106824643,1228798.2377868793,2425.678764489945,0.001977929746262097,0.0,0.0,98/95,1.6334537134612868,9.049999999999999,225.0,False
Dynamic: 24-month IV/RV z-score,2026-07-07,1230276.5133975619,-2319.5042731150265,1227957.009124447,-841.2286624324042,-0.0006845946198194008,0.0,0.0,98/95,1.6334537134612868,14.199999999999998,225.0,False
Dynamic: 24-month IV/RV z-score,2026-07-08,1230276.5133975619,-3038.2239070379937,1227238.2894905237,-718.719633923145,-0.0005852970654368628,0.0,0.0,98/95,1.6334537134612868,18.6,225.0,False
Dynamic: 24-month IV/RV z-score,2026-07-09,1230276.5133975619,-1090.330353735409,1229186.1830438264,1947.8935533026233,0.0015872170628830062,0.0,0.0,98/95,1.6334537134612868,6.675000000000001,225.0,False
Dynamic: 24-month IV/RV z-score,2026-07-10,1230276.5133975619,-432.865234067241,1229843.6481634947,657.4651196682826,0.0005348783843632798,0.0,0.0,98/95,1.6334537134612868,2.65,225.0,False
Dynamic: 24-month IV/RV z-score,2026-07-13,1230276.5133975619,-1229.1739193796184,1229047.3394781821,-796.3086853125133,-0.0006474877408210178,0.0,0.0,98/95,1.6334537134612868,7.525,225.0,False
Dynamic: 24-month IV/RV z-score,2026-07-14,1230276.5133975619,-379.7779883797492,1229896.735409182,849.39593099989,0.0006911010696792896,0.0,0.0,98/95,1.6334537134612868,2.325,225.0,False
Dynamic: 24-month IV/RV z-score,2026-07-15,1230276.5133975619,-122.5090285095965,1230154.0043690524,257.2689598703291,0.000209179317631758,0.0,0.0,98/95,1.6334537134612868,0.75,225.0,False
Dynamic: 24-month IV/RV z-score,2026-07-16,1230276.5133975619,-65.33814853845148,1230211.1752490234,57.17087997100316,4.6474571287813404e-05,0.0,0.0,98/95,1.6334537134612868,0.4,225.0,False
Dynamic: 24-month IV/RV z-score,2026-07-17,1238140.514429308,-7918.440308869647,1230222.0741204384,10.898871415061876,8.859350032253133e-06,54.43927712347883,0.0,99/96,1.6496750643478433,48.0,225.0,False
Dynamic: 24-month IV/RV z-score,2026-07-20,1238140.514429308,-7910.191933547909,1230230.3224957602,8.248375321738422,6.70478566044963e-06,0.0,0.0,99/96,1.6496750643478433,47.95,225.0,False
Dynamic: 24-month IV/RV z-score,2026-07-21,1238140.514429308,-6070.804236800064,1232069.7101925078,1839.387696747668,0.001495157177573203,0.0,0.0,99/96,1.6496750643478433,36.800000000000004,225.0,False
Dynamic: 24-month IV/RV z-score,2026-07-22,1238140.514429308,-5641.888720069622,1232498.6257092385,428.91551673063077,0.00034812601363576334,0.0,0.0,99/96,1.6496750643478433,34.19999999999999,225.0,False
Dynamic: 24-month IV/RV z-score,2026-07-23,1238140.514429308,-8537.068458000089,1229603.4459713078,-2895.1797379306518,-0.0023490328326042365,0.0,0.0,99/96,1.6496750643478433,51.75,225.0,False
Dynamic: 24-month IV/RV z-score,2026-07-24,1238140.514429308,-8652.545712504438,1229487.9687168035,-115.4772545043379,-9.391422485249823e-05,0.0,0.0,99/96,1.6496750643478433,52.449999999999996,225.0,False
Dynamic: 24-month IV/RV z-score,2026-07-27,1238140.514429308,-8479.329830747914,1229661.18459856,173.21588175650686,0.0001408845683437132,0.0,0.0,99/96,1.6496750643478433,51.400000000000006,225.0,False
Dynamic: 24-month IV/RV z-score,2026-07-28,1238140.514429308,-7794.714679043559,1230345.7997502645,684.6151517045218,0.0005567510467756609,0.0,0.0,99/96,1.6496750643478433,47.25,225.0,False
Dynamic: 24-month IV/RV z-score,2026-07-29,1238140.514429308,-12784.981748695787,1225355.5326806123,-4990.267069652211,-0.004055987406682893,0.0,0.0,99/96,1.6496750643478433,77.50000000000001,225.0,False
Dynamic: 24-month IV/RV z-score,2026-07-30,1238140.514429308,-6722.4258872174605,1231418.0885420905,6062.555861478206,0.004947589250456685,0.0,0.0,99/96,1.6496750643478433,40.74999999999999,225.0,False
Dynamic: 24-month IV/RV z-score,2026-07-31,1238140.514429308,-5171.731326730489,1232968.7831025776,1550.6945604870562,0.0012592754442344312,0.0,0.0,99/96,1.6496750643478433,31.35,225.0,False
Dynamic: 24-month IV/RV z-score,2026-08-03,1238140.514429308,-2482.760971843504,1235657.7534574645,2688.9703548869584,0.0021808908641796076,0.0,0.0,99/96,1.6496750643478433,15.05,225.0,False
Dynamic: 24-month IV/RV z-score,2026-08-04,1238140.514429308,-1179.517671008708,1236960.9967582994,1303.2433008349035,0.0010546960088166912,0.0,0.0,99/96,1.6496750643478433,7.15,225.0,False
Dynamic: 24-month IV/RV z-score,2026-08-05,1238140.514429308,-1072.288791826098,1237068.225637482,107.22887918259948,8.668735672645589e-05,0.0,0.0,99/96,1.6496750643478433,6.5,225.0,False
Dynamic: 24-month IV/RV z-score,2026-08-06,1238140.514429308,-981.5566632869668,1237158.9577660211,90.73212853912264,7.334448226758994e-05,0.0,0.0,99/96,1.6496750643478433,5.95,225.0,False
Dynamic: 24-month IV/RV z-score,2026-08-07,1238140.514429308,-573.2620848608756,1237567.2523444472,408.2945784260519,0.0003300259646208392,0.0,0.0,99/96,1.6496750643478433,3.4750000000000005,225.0,False
Dynamic: 24-month IV/RV z-score,2026-08-10,1238140.514429308,-507.27508228696183,1237633.239347021,65.98700257390738,5.331993267354562e-05,0.0,0.0,99/96,1.6496750643478433,3.075,225.0,False
Dynamic: 24-month IV/RV z-score,2026-08-11,1238140.514429308,-474.2815810000048,1237666.232848308,32.99350128695369,2.6658544904911707e-05,0.0,0.0,99/96,1.6496750643478433,2.874999999999999,225.0,False
Dynamic: 24-month IV/RV z-score,2026-08-12,1238140.514429308,-251.5754473130461,1237888.938981995,222.7061336869374,0.00017994038115953792,0.0,0.0,99/96,1.6496750643478433,1.5250000000000001,225.0,False
Dynamic: 24-month IV/RV z-score,2026-08-13,1238140.514429308,-160.84331877391475,1237979.671110534,90.73212853912264,7.329585529203264e-05,0.0,0.0,99/96,1.6496750643478433,0.9750000000000001,225.0,False
Dynamic: 24-month IV/RV z-score,2026-08-14,1238140.514429308,-86.60794087826177,1238053.9064884298,74.2353778956458,5.9964940966272806e-05,0.0,0.0,99/96,1.6496750643478433,0.525,225.0,False
Dynamic: 24-month IV/RV z-score,2026-08-17,1238140.514429308,-70.11119023478335,1238070.4032390732,16.496750643476844,1.3324743419529383e-05,0.0,0.0,99/96,1.6496750643478433,0.42500000000000004,225.0,False
Dynamic: 24-month IV/RV z-score,2026-08-18,1238140.514429308,-86.60794087826177,1238053.9064884298,-16.496750643476844,-1.3324565873107375e-05,0.0,0.0,99/96,1.6496750643478433,0.525,225.0,False
Dynamic: 24-month IV/RV z-score,2026-08-19,1238140.514429308,-37.11768894782647,1238103.3967403602,49.49025193043053,3.997423025858815e-05,0.0,0.0,99/96,1.6496750643478433,0.225,225.0,False
Dynamic: 24-month IV/RV z-score,2026-08-20,1238140.514429308,-28.869313626087255,1238111.645115682,8.248375321738422,6.6621053971260835e-06,0.0,0.0,99/96,1.6496750643478433,0.175,225.0,False
Dynamic: 24-month IV/RV z-score,2026-08-21,1242749.8405312668,-4646.433032426141,1238103.4074988407,-8.23761684121564,-6.653371587006518e-06,37.10693046729429,0.0,98/95,1.6133448029257431,28.800000000000004,230.0,False
Dynamic: 24-month IV/RV z-score,2026-08-24,1242749.8405312668,-4904.568200894259,1237845.2723303726,-258.135168468114,-0.00020849241420761722,0.0,0.0,98/95,1.6133448029257431,30.4,230.0,False
Dynamic: 24-month IV/RV z-score,2026-08-25,1242749.8405312668,-4323.764071840992,1238426.0764594257,580.8041290531401,0.00046920575780817764,0.0,0.0,98/95,1.6133448029257431,26.800000000000004,230.0,False
Dynamic: 24-month IV/RV z-score,2026-08-26,1242749.8405312668,-3968.8282151973285,1238781.0123160693,354.9358566435985,0.00028660237650868226,0.0,0.0,98/95,1.6133448029257431,24.6,230.0,False
Dynamic: 24-month IV/RV z-score,2026-08-27,1242749.8405312668,-2904.020645266338,1239845.8198860004,1064.8075699310284,0.0008595607773647096,0.0,0.0,98/95,1.6133448029257431,18.0,230.0,False
Dynamic: 24-month IV/RV z-score,2026-08-28,1242749.8405312668,-2904.020645266338,1239845.8198860004,0.0,0.0,0.0,0.0,98/95,1.6133448029257431,18.0,230.0,False
Dynamic: 24-month IV/RV z-score,2026-08-31,1242749.8405312668,-3113.7554696466846,1239636.08506162,-209.73482438037172,-0.00016916202080652365,0.0,0.0,98/95,1.6133448029257431,19.3,230.0,False
Dynamic: 24-month IV/RV z-score,2026-09-01,1242749.8405312668,-4783.567340674829,1237966.273190592,-1669.8118710280396,-0.0013470177991350418,0.0,0.0,98/95,1.6133448029257431,29.650000000000006,230.0,False
Dynamic: 24-month IV/RV z-score,2026-09-02,1242749.8405312668,-3428.357706217204,1239321.4828250497,1355.2096344577149,0.0010947064260200534,0.0,0.0,98/95,1.6133448029257431,21.25,230.0,False
Dynamic: 24-month IV/RV z-score,2026-09-03,1242749.8405312668,-1734.3456631451738,1241015.4948681216,1694.0120430719107,0.001366886692878433,0.0,0.0,98/95,1.6133448029257431,10.75,230.0,False
Dynamic: 24-month IV/RV z-score,2026-09-04,1242749.8405312668,-2008.6142796425497,1240741.2262516243,-274.2686164972838,-0.00022100337798480751,0.0,0.0,98/95,1.6133448029257431,12.449999999999998,230.0,False
Dynamic: 24-month IV/RV z-score,2026-09-08,1242749.8405312668,-2629.752028768962,1240120.0885024979,-621.1377491264138,-0.0005006182884749188,0.0,0.0,98/95,1.6133448029257431,16.300000000000004,230.0,False
Dynamic: 24-month IV/RV z-score,2026-09-09,1242749.8405312668,-3420.290982202575,1239329.5495490641,-790.5389534337446,-0.000637469677947311,0.0,0.0,98/95,1.6133448029257431,21.199999999999996,230.0,False
Dynamic: 24-month IV/RV z-score,2026-09-10,1242749.8405312668,-4791.634064689458,1237958.2064665772,-1371.3430824868847,-0.0011065201204844,0.0,0.0,98/95,1.6133448029257431,29.700000000000003,230.0,False
Dynamic: 24-month IV/RV z-score,2026-09-11,1242749.8405312668,-2008.6142796425504,1240741.2262516243,2783.019785047043,0.0022480724878348735,0.0,0.0,98/95,1.6133448029257431,12.450000000000001,230.0,False
Dynamic: 24-month IV/RV z-score,2026-09-14,1242749.8405312668,-2678.152372856734,1240071.6881584101,-669.5380932141561,-0.0005396275057587552,0.0,0.0,98/95,1.6133448029257431,16.6,230.0,False
Dynamic: 24-month IV/RV z-score,2026-09-15,1242749.8405312668,-3267.023225924629,1239482.817305342,-588.8708530680742,-0.00047486839566712735,0.0,0.0,98/95,1.6133448029257431,20.249999999999996,230.0,False
Dynamic: 24-month IV/RV z-score,2026-09-16,1242749.8405312668,-3920.4278711095567,1238829.4126601573,-653.4046451847535,-0.0005271590989903707,0.0,0.0,98/95,1.6133448029257431,24.300000000000004,230.0,False
Dynamic: 24-month IV/RV z-score,2026-09-17,1242749.8405312668,-254.10180646080454,1242495.7387248059,3666.3260646485724,0.00295950840945558,0.0,0.0,98/95,1.6133448029257431,1.575,230.0,False
Dynamic: 24-month IV/RV z-score,2026-09-18,1242749.8405312668,0.0,1242749.8405312668,254.10180646087974,0.0002045091975297897,0.0,0.0,cash,0.0,,,False
Fixed 99/96,2018-11-16,1007417.0311610828,-7546.7698189879475,999870.2613420949,-129.7386579051381,-0.00012973865790510963,129.738657905123,0.0,99/96,3.6546100818343574,20.65,85.0,False
Fixed 99/96,2018-11-19,1007417.0311610828,-10835.918892638869,996581.1122684439,-3289.149073650944,-0.0032895758588079582,0.0,0.0,99/96,3.6546100818343574,29.65,85.0,False
Fixed 99/96,2018-11-20,1007417.0311610828,-15513.819797386848,991903.2113636959,-4677.900904748007,-0.004693948989360264,0.0,0.0,99/96,3.6546100818343574,42.45,85.0,False
Fixed 99/96,2018-11-21,1007417.0311610828,-14947.355234702522,992469.6759263803,566.464562684414,0.0005710885459333515,0.0,0.0,99/96,3.6546100818343574,40.9,85.0,False
Fixed 99/96,2018-11-23,1007417.0311610828,-16884.298578074733,990532.732583008,-1936.943343372317,-0.0019516398237199306,0.0,0.0,99/96,3.6546100818343574,46.2,85.0,False
Fixed 99/96,2018-11-26,1007417.0311610828,-13448.965101150437,993968.0660599323,3435.3334769243374,0.0034681675465342288,0.0,0.0,99/96,3.6546100818343574,36.800000000000004,85.0,False
Fixed 99/96,2018-11-27,1007417.0311610828,-11987.12106841669,995429.910092666,1461.8440327337012,0.0014707152902089238,0.0,0.0,99/96,3.6546100818343574,32.8,85.0,False
Fixed 99/96,2018-11-28,1007417.0311610828,-7400.585415714572,1000016.4457453683,4586.535652702209,0.004607592765898838,0.0,0.0,99/96,3.6546100818343574,20.249999999999996,85.0,False
Fixed 99/96,2018-11-29,1007417.0311610828,-7071.670508349483,1000345.3606527334,328.91490736510605,0.0003289094982033003,0.0,0.0,99/96,3.6546100818343574,19.35,85.0,False
Fixed 99/96,2018-11-30,1007417.0311610828,-6176.291038300065,1001240.7401227828,895.3794700494036,0.0008950703479697619,0.0,0.0,99/96,3.6546100818343574,16.900000000000002,85.0,False
Fixed 99/96,2018-12-03,1007417.0311610828,-3343.9682248784366,1004073.0629362044,2832.322813421604,0.0028288129916429483,0.0,0.0,99/96,3.6546100818343574,9.149999999999999,85.0,False
Fixed 99/96,2018-12-04,1007417.0311610828,-10214.63517872703,997202.3959823558,-6870.6669538485585,-0.0068427958158311375,0.0,0.0,99/96,3.6546100818343574,27.950000000000003,85.0,False
Fixed 99/96,2018-12-06,1007417.0311610828,-10927.284144684729,996489.7470163981,-712.648965957691,-0.0007146482688257239,0.0,0.0,99/96,3.6546100818343574,29.9,85.0,False
Fixed 99/96,2018-12-07,1007417.0311610828,-16792.933326028873,990624.0978350539,-5865.649181344197,-0.005886311624285767,0.0,0.0,99/96,3.6546100818343574,45.95,85.0,False
Fixed 99/96,2018-12-10,1007417.0311610828,-16792.933326028873,990624.0978350539,0.0,0.0,0.0,0.0,99/96,3.6546100818343574,45.95,85.0,False
Fixed 99/96,2018-12-11,1007417.0311610828,-17469.036191168234,989947.9949699146,-676.1028651393717,-0.0006825019365236384,0.0,0.0,99/96,3.6546100818343574,47.80000000000001,85.0,False
Fixed 99/96,2018-12-12,1007417.0311610828,-16445.745368254607,990971.2857928282,1023.2908229136374,0.001033681393480368,0.0,0.0,99/96,3.6546100818343574,45.0,85.0,False
Fixed 99/96,2018-12-13,1007417.0311610828,-18273.05040917179,989143.980751911,-1827.3050409172429,-0.0018439535707185373,0.0,0.0,99/96,3.6546100818343574,50.0,85.0,False
Fixed 99/96,2018-12-14,1007417.0311610828,-24632.071951563572,982784.9592095192,-6359.02154239174,-0.006428812858526256,0.0,0.0,99/96,3.6546100818343574,67.4,85.0,False
Fixed 99/96,2018-12-17,1007417.0311610828,-28816.600495263916,978600.4306658189,-4184.528543700348,-0.004257827212848397,0.0,0.0,99/96,3.6546100818343574,78.85000000000002,85.0,False
Fixed 99/96,2018-12-18,1007417.0311610828,-29437.884209175754,977979.1469519071,-621.2837139117764,-0.0006348696510271035,0.0,0.0,99/96,3.6546100818343574,80.55000000000001,85.0,False
Fixed 99/96,2018-12-19,1007417.0311610828,-30899.728241909488,976517.3029191733,-1461.8440327338176,-0.0014947599213029905,0.0,0.0,99/96,3.6546100818343574,84.54999999999998,85.0,False
Fixed 99/96,2018-12-20,1007417.0311610828,-30863.182141091143,976553.8490199917,36.54610081843566,3.742493933200919e-05,0.0,0.0,99/96,3.6546100818343574,84.44999999999999,85.0,False
Fixed 99/96,2018-12-21,984794.7567782808,-8827.746455346489,975967.0103229344,-586.8386970573338,-0.0006009281491708984,385.8351425563322,-31064.185695592038,99/96,4.040158560799309,21.849999999999994,70.0,False
Fixed 99/96,2018-12-24,984794.7567782808,-12706.298673713824,972088.458104567,-3878.5522183673456,-0.003974060780070787,0.0,0.0,99/96,4.040158560799309,31.44999999999999,70.0,False
Fixed 99/96,2018-12-26,984794.7567782808,-6444.052904474898,978350.7038738059,6262.245769238914,0.006442053412967663,0.0,0.0,99/96,4.040158560799309,15.95,70.0,False
Fixed 99/96,2018-12-27,984794.7567782808,-5333.0093002550875,979461.7474780257,1111.043604219798,0.0011356291765525217,0.0,0.0,99/96,4.040158560799309,13.2,70.0,False
Fixed 99/96,2018-12-28,984794.7567782808,-5191.603750627113,979603.1530276537,141.4055496279616,0.00014437067092409883,0.0,0.0,99/96,4.040158560799309,12.850000000000001,70.0,False
Fixed 99/96,2018-12-31,984794.7567782808,-3615.9419119153813,981178.8148663654,1575.661838711705,0.001608469545899105,0.0,0.0,99/96,4.040158560799309,8.95,70.0,False
Fixed 99/96,2019-01-02,984794.7567782808,-2747.3078213435306,982047.4489569373,868.6340905718971,0.0008852964183601042,0.0,0.0,99/96,4.040158560799309,6.800000000000001,70.0,False
Fixed 99/96,2019-01-03,984794.7567782808,-5757.225949139016,979037.5308291418,-3009.9181277954485,-0.003064941649196684,0.0,0.0,99/96,4.040158560799309,14.25,70.0,False
Fixed 99/96,2019-01-04,984794.7567782808,-1717.0673883397064,983077.6893899412,4040.1585607993184,0.004126663619705928,0.0,0.0,99/96,4.040158560799309,4.25,70.0,False
Fixed 99/96,2019-01-07,984794.7567782808,-1080.742415013815,983714.014363267,636.3249733258272,0.0006472784197968373,0.0,0.0,99/96,4.040158560799309,2.6749999999999994,70.0,False
Fixed 99/96,2019-01-08,984794.7567782808,-595.923387717898,984198.8333905629,484.8190272959182,0.0004928455020636324,0.0,0.0,99/96,4.040158560799309,1.4749999999999996,70.0,False
Fixed 99/96,2019-01-09,984794.7567782808,-414.1162524819293,984380.6405257989,181.80713523598388,0.0001847260218847957,0.0,0.0,99/96,4.040158560799309,1.0250000000000001,70.0,False
Fixed 99/96,2019-01-10,984794.7567782808,-171.7067388339706,984623.0500394469,242.4095136480173,0.00024625587264548443,0.0,0.0,99/96,4.040158560799309,0.42499999999999993,70.0,False
Fixed 99/96,2019-01-11,984794.7567782808,-30.301189205994813,984764.4555890749,141.4055496279616,0.0001436138932784381,0.0,0.0,99/96,4.040158560799309,0.07499999999999998,70.0,False
Fixed 99/96,2019-01-14,984794.7567782808,-50.501982009991366,984744.2547962709,-20.200792804011144,-2.051332446995069e-05,0.0,0.0,99/96,4.040158560799309,0.125,70.0,False
Fixed 99/96,2019-01-15,984794.7567782808,-20.20079280399655,984774.5559854768,30.301189205958508,3.0770617912567744e-05,0.0,0.0,99/96,4.040158560799309,0.05,70.0,False
Fixed 99/96,2019-01-16,984794.7567782808,-10.100396401998275,984784.6563818789,10.10039640206378,1.0256557037013891e-05,0.0,0.0,99/96,4.040158560799309,0.025,70.0,False
Fixed 99/96,2019-01-17,984794.7567782808,-0.0,984794.7567782808,10.100396401947364,1.0256451840939818e-05,0.0,0.0,99/96,4.040158560799309,0.0,70.0,False
Fixed 99/96,2019-01-18,990867.8870999443,-6194.81417146004,984673.0729284843,-121.68384979653638,-0.00012356264994206612,121.6838497965382,0.0,99/96,3.687389387773834,16.799999999999997,80.0,False
Fixed 99/96,2019-01-22,990867.8870999443,-9421.279885762146,981446.6072141821,-3226.465714302147,-0.0032766872609875097,0.0,0.0,99/96,3.687389387773834,25.549999999999997,80.0,False
Fixed 99/96,2019-01-23,990867.8870999443,-9034.104000045896,981833.7830998984,387.17588571622036,0.00039449510841471636,0.0,0.0,99/96,3.687389387773834,24.500000000000007,80.0,False
Fixed 99/96,2019-01-24,990867.8870999443,-9181.599575556846,981686.2875243875,-147.49557551089674,-0.00015022458795954652,0.0,0.0,99/96,3.687389387773834,24.899999999999995,80.0,False
Fixed 99/96,2019-01-25,990867.8870999443,-6600.427004115164,984267.4600958291,2581.1725714416243,0.0026293252785987153,0.0,0.0,99/96,3.687389387773834,17.900000000000002,80.0,False
Fixed 99/96,2019-01-28,990867.8870999443,-8573.180326574164,982294.7067733702,-1972.7533224589424,-0.0020042858292469434,0.0,0.0,99/96,3.687389387773834,23.25,80.0,False
Fixed 99/96,2019-01-29,990867.8870999443,-8610.0542204519,982257.8328794924,-36.873893877724186,-3.7538524460645206e-05,0.0,0.0,99/96,3.687389387773834,23.349999999999994,80.0,False
Fixed 99/96,2019-01-30,990867.8870999443,-4848.917044922592,986018.9700550217,3761.137175529264,0.003829073232741287,0.0,0.0,99/96,3.687389387773834,13.15,80.0,False
Fixed 99/96,2019-01-31,990867.8870999443,-2894.6006694024595,987973.2864305418,1954.3163755200803,0.0019820271565476055,0.0,0.0,99/96,3.687389387773834,7.85,80.0,False
Fixed 99/96,2019-02-01,990867.8870999443,-2562.7356245028145,988305.1514754415,331.8650448997505,0.00033590487663759383,0.0,0.0,99/96,3.687389387773834,6.949999999999999,80.0,False
Fixed 99/96,2019-02-04,990867.8870999443,-1244.4939183736687,989623.3931815706,1318.241706129047,0.0013338407719123424,0.0,0.0,99/96,3.687389387773834,3.3749999999999996,80.0,False
Fixed 99/96,2019-02-05,990867.8870999443,-977.1581877600659,989890.7289121842,267.33573061367497,0.00027013885530147164,0.0,0.0,99/96,3.687389387773834,2.6499999999999995,80.0,False
Fixed 99/96,2019-02-06,990867.8870999443,-811.2256653102436,990056.661434634,165.93252244975884,0.0001676271103498994,0.0,0.0,99/96,3.687389387773834,2.2,80.0,False
Fixed 99/96,2019-02-07,990867.8870999443,-1714.6360653148329,989153.2510346294,-903.4104000045918,-0.0009124835327055658,0.0,0.0,99/96,3.687389387773834,4.65,80.0,False
Fixed 99/96,2019-02-08,990867.8870999443,-1355.1156000068843,989512.7714999374,359.52046530798543,0.00036346285566168923,0.0,0.0,99/96,3.687389387773834,3.6750000000000007,80.0,False
Fixed 99/96,2019-02-11,990867.8870999443,-977.158187760066,989890.7289121842,377.9574122468475,0.0003819631470485252,0.0,0.0,99/96,3.687389387773834,2.65,80.0,False
Fixed 99/96,2019-02-12,990867.8870999443,-202.80641632756084,990665.0806836167,774.3517714324407,0.0007822598483000487,0.0,0.0,99/96,3.687389387773834,0.5499999999999999,80.0,False
Fixed 99/96,2019-02-13,990867.8870999443,-92.18473469434585,990775.70236525,110.62168163328897,0.00011166405659213119,0.0,0.0,99/96,3.687389387773834,0.25,80.0,False
Fixed 99/96,2019-02-14,990867.8870999443,-55.31084081660751,990812.5762591277,36.873893877724186,3.7217196374284e-05,0.0,0.0,99/96,3.687389387773834,0.15,80.0,False
Fixed 99/96,2019-02-15,996488.7310016153,-5694.0273249700085,990794.7036766453,-17.87258248240687,-1.803830806212936e-05,73.18342329898837,0.0,99/96,3.569923087755491,15.950000000000001,85.0,False
Fixed 99/96,2019-02-19,996488.7310016153,-5283.486169878126,991205.2448317371,410.5411550918361,0.00041435541951173605,0.0,0.0,99/96,3.569923087755491,14.799999999999999,85.0,False
Fixed 99/96,2019-02-20,996488.7310016153,-4408.855013378031,992079.8759882372,874.6311565000797,0.0008823915743592092,0.0,0.0,99/96,3.569923087755491,12.35,85.0,False
Fixed 99/96,2019-02-21,996488.7310016153,-5372.734247072014,991115.9967545433,-963.8792336939368,-0.0009715742220189894,0.0,0.0,99/96,3.569923087755491,15.05,85.0,False
Fixed 99/96,2019-02-22,996488.7310016153,-3748.4192421432645,992740.311759472,1624.315004928736,0.0016388747737374754,0.0,0.0,99/96,3.569923087755491,10.499999999999998,85.0,False
Fixed 99/96,2019-02-25,996488.7310016153,-3355.7277024901623,993133.0032991251,392.69153965311125,0.0003955632052023983,0.0,0.0,99/96,3.569923087755491,9.400000000000002,85.0,False
Fixed 99/96,2019-02-26,996488.7310016153,-3677.020780388156,992811.7102212271,-321.29307789797895,-0.0003235146519455778,0.0,0.0,99/96,3.569923087755491,10.3,85.0,False
Fixed 99/96,2019-02-27,996488.7310016153,-3070.1338554697227,993418.5971461455,606.8869249183917,0.0006112809898093374,0.0,0.0,99/96,3.569923087755491,8.600000000000001,85.0,False
Fixed 99/96,2019-02-28,996488.7310016153,-3230.7803944187194,993257.9506071965,-160.64653894898947,-0.0001617108230210773,0.0,0.0,99/96,3.569923087755491,9.05,85.0,False
Fixed 99/96,2019-03-01,996488.7310016153,-1945.6080828267422,994543.1229187886,1285.1723115920322,0.0012938958211272666,0.0,0.0,99/96,3.569923087755491,5.449999999999999,85.0,False
Fixed 99/96,2019-03-04,996488.7310016153,-2730.99116213295,993757.7398394824,-785.3830793062225,-0.0007896923333010619,0.0,0.0,99/96,3.569923087755491,7.6499999999999995,85.0,False
Fixed 99/96,2019-03-05,996488.7310016153,-2490.021353709455,993998.7096479058,240.969808423426,0.00024248345322308573,0.0,0.0,99/96,3.569923087755491,6.9750000000000005,85.0,False
Fixed 99/96,2019-03-06,996488.7310016153,-4105.411550918814,992383.3194506965,-1615.3901972093154,-0.0016251431531350002,0.0,0.0,99/96,3.569923087755491,11.5,85.0,False
Fixed 99/96,2019-03-07,996488.7310016153,-6300.91424988844,990187.8167517269,-2195.5026989695616,-0.002212353488755592,0.0,0.0,99/96,3.569923087755491,17.65,85.0,False
Fixed 99/96,2019-03-08,996488.7310016153,-6175.966941817,990312.7640597983,124.94730807142332,0.0001261854629572845,0.0,0.0,99/96,3.569923087755491,17.3,85.0,False
Fixed 99/96,2019-03-11,996488.7310016153,-1570.7661586124161,994917.9648430028,4605.20078320452,0.004650248840907034,0.0,0.0,99/96,3.569923087755491,4.4,85.0,False
Fixed 99/96,2019-03-12,996488.7310016153,-776.4582715868194,995712.2727300285,794.3078870256431,0.0007983652070762126,0.0,0.0,99/96,3.569923087755491,2.1750000000000003,85.0,False
Fixed 99/96,2019-03-13,996488.7310016153,-160.64653894899706,996328.0844626663,615.8117326378124,0.0006184635356050183,0.0,0.0,99/96,3.569923087755491,0.4499999999999999,85.0,False
Fixed 99/96,2019-03-14,996488.7310016153,-107.09769263266472,996381.6333089826,53.54884631629102,5.374619781517431e-05,0.0,0.0,99/96,3.569923087755491,0.3,85.0,False
Fixed 99/96,2019-03-15,1001579.7741978391,-5154.592972598292,996425.1812252408,43.54791625821963,4.370606081294248e-05,63.54977637449949,0.0,99/96,3.5305431319166383,14.600000000000001,85.0,False
Fixed 99/96,2019-03-18,1001579.7741978391,-4625.011502810796,996954.7626950283,529.5814697875176,0.0005314814195445106,0.0,0.0,99/96,3.5305431319166383,13.1,85.0,False
Fixed 99/96,2019-03-19,1001579.7741978391,-5083.982109959958,996495.7920878791,-458.9706071491819,-0.0004603725508151024,0.0,0.0,99/96,3.5305431319166383,14.399999999999997,85.0,False
Fixed 99/96,2019-03-20,1001579.7741978391,-5737.132589364537,995842.6416084745,-653.150479404605,-0.0006554473030299102,0.0,0.0,99/96,3.5305431319166383,16.25,85.0,False
Fixed 99/96,2019-03-21,1001579.7741978391,-3671.7648571933037,997908.0093406457,2065.367732171202,0.0020739900521182797,0.0,0.0,99/96,3.5305431319166383,10.4,85.0,False
Fixed 99/96,2019-03-22,1001579.7741978391,-7502.404155322856,994077.3700425163,-3830.6392981294775,-0.0038386697594104957,0.0,0.0,99/96,3.5305431319166383,21.25,85.0,False
Fixed 99/96,2019-03-25,1001579.7741978391,-7784.847605876187,993794.9265919629,-282.4434505533427,-0.0002841262250454779,0.0,0.0,99/96,3.5305431319166383,22.05,85.0,False
Fixed 99/96,2019-03-26,1001579.7741978391,-6107.839618215783,995471.9345796233,1677.0079876603559,0.001687478918222407,0.0,0.0,99/96,3.5305431319166383,17.299999999999997,85.0,False
Fixed 99/96,2019-03-27,1001579.7741978391,-7184.655273450359,994395.1189243888,-1076.8156552345026,-0.0010817137257508325,0.0,0.0,99/96,3.5305431319166383,20.35,85.0,False
Fixed 99/96,2019-03-28,1001579.7741978391,-5860.70159898162,995719.0725988575,1323.9536744686775,0.0013314161033903815,0.0,0.0,99/96,3.5305431319166383,16.6,85.0,False
Fixed 99/96,2019-03-29,1001579.7741978391,-4148.388180002051,997431.386017837,1712.3134189795237,0.0017196752237660373,0.0,0.0,99/96,3.5305431319166383,11.750000000000002,85.0,False
Fixed 99/96,2019-04-01,1001579.7741978391,-1985.9305117031088,999593.843686136,2162.457668298972,0.00216802649145853,0.0,0.0,99/96,3.5305431319166383,5.624999999999999,85.0,False
Fixed 99/96,2019-04-02,1001579.7741978391,-1871.1878599158183,999708.5863379233,114.74265178735368,0.0001147892741757417,0.0,0.0,99/96,3.5305431319166383,5.3,85.0,False
Fixed 99/96,2019-04-03,1001579.7741978391,-1562.2653358731125,1000017.508861966,308.92252404266037,0.0003090125745286443,0.0,0.0,99/96,3.5305431319166383,4.425,85.0,False
Fixed 99/96,2019-04-04,1001579.7741978391,-1279.8218853197816,1000299.9523125193,282.4434505533427,0.0002824385053765699,0.0,0.0,99/96,3.5305431319166383,3.6250000000000004,85.0,False
Fixed 99/96,2019-04-05,1001579.7741978391,-714.9349842131194,1000864.839213626,564.8869011066854,0.0005647175127827531,0.0,0.0,99/96,3.5305431319166383,2.0250000000000004,85.0,False
Fixed 99/96,2019-04-08,1001579.7741978391,-538.4078276172872,1001041.3663702218,176.5271565958392,0.00017637462090736022,0.0,0.0,99/96,3.5305431319166383,1.5249999999999997,85.0,False
Fixed 99/96,2019-04-09,1001579.7741978391,-856.1567094897847,1000723.6174883493,-317.74888187251054,-0.0003174183330951763,0.0,0.0,99/96,3.5305431319166383,2.425,85.0,False
Fixed 99/96,2019-04-10,1001579.7741978391,-370.707028851247,1001209.0671689878,485.44968063849956,0.0004850986547684233,0.0,0.0,99/96,3.5305431319166383,1.05,85.0,False
Fixed 99/96,2019-04-11,1001579.7741978391,-273.6170927235395,1001306.1571051156,97.08993612776976,9.697268963249073e-05,0.0,0.0,99/96,3.5305431319166383,0.775,85.0,False
Fixed 99/96,2019-04-12,1001579.7741978391,-79.43722046812437,1001500.336977371,194.1798722554231,0.00019392657368344501,0.0,0.0,99/96,3.5305431319166383,0.22500000000000003,85.0,False
Fixed 99/96,2019-04-15,1001579.7741978391,-52.958146978749575,1001526.8160508603,26.47907348931767,2.6439405471645472e-05,0.0,0.0,99/96,3.5305431319166383,0.15,85.0,False
Fixed 99/96,2019-04-16,1001579.7741978391,-44.13178914895798,1001535.6424086902,8.826357829850167,8.812902149379909e-06,0.0,0.0,99/96,3.5305431319166383,0.125,85.0,False
Fixed 99/96,2019-04-17,1001579.7741978391,-26.47907348937477,1001553.2951243498,17.65271565958392,1.762564896545804e-05,0.0,0.0,99/96,3.5305431319166383,0.07499999999999996,85.0,False
Fixed 99/96,2019-04-18,1005870.4907013477,-4361.395240609362,1001509.0954607383,-44.19966361147817,-4.413111496581745e-05,70.67873710078412,0.0,99/96,3.447743273208981,12.650000000000002,85.0,False
Fixed 99/96,2019-04-22,1005870.4907013477,-3913.188615092194,1001957.3020862555,448.2066255172249,0.0004475312581271318,0.0,0.0,99/96,3.447743273208981,11.350000000000001,85.0,False
Fixed 99/96,2019-04-23,1005870.4907013477,-2603.046171272781,1003267.444530075,1310.1424438194372,0.0013075831086728495,0.0,0.0,99/96,3.447743273208981,7.550000000000001,85.0,False
Fixed 99/96,2019-04-24,1005870.4907013477,-3154.685094986218,1002715.8056063615,-551.6389237134717,-0.0005498423443529576,0.0,0.0,99/96,3.447743273208981,9.15,85.0,False
Fixed 99/96,2019-04-25,1005870.4907013477,-3189.1625277183084,1002681.3281736294,-34.47743273212109,-3.4384052330027615e-05,0.0,0.0,99/96,3.447743273208981,9.250000000000002,85.0,False
Fixed 99/96,2019-04-26,1005870.4907013477,-2275.5105603179277,1003594.9801410298,913.6519674004521,0.000911208717793377,0.0,0.0,99/96,3.447743273208981,6.6,85.0,False
Fixed 99/96,2019-04-29,1005870.4907013477,-2137.600829389569,1003732.8898719582,137.90973092836794,0.0001374157241289531,0.0,0.0,99/96,3.447743273208981,6.200000000000001,85.0,False
Fixed 99/96,2019-04-30,1005870.4907013477,-1827.3039348007603,1004043.1867665469,310.29689458874054,0.0003091428981951694,0.0,0.0,99/96,3.447743273208981,5.300000000000001,85.0,False
Fixed 99/96,2019-05-01,1005870.4907013477,-3361.5496913787565,1002508.941009969,-1534.2457565779332,-0.001528067494306562,0.0,0.0,99/96,3.447743273208981,9.75,85.0,False
Fixed 99/96,2019-05-02,1005870.4907013477,-3413.265840476891,1002457.2248608709,-51.716149098123424,-5.1586721058094476e-05,0.0,0.0,99/96,3.447743273208981,9.899999999999999,85.0,False
Fixed 99/96,2019-05-03,1005870.4907013477,-1534.2457565779964,1004336.2449447697,1879.0200838987948,0.0018744142266615693,0.0,0.0,99/96,3.447743273208981,4.449999999999999,85.0,False
Fixed 99/96,2019-05-06,1005870.4907013477,-2672.001036736961,1003198.4896646107,-1137.7552801589482,-0.0011328429954466923,0.0,0.0,99/96,3.447743273208981,7.750000000000002,85.0,False
Fixed 99/96,2019-05-07,1005870.4907013477,-6636.9058009272885,999233.5849004204,-3964.904764190316,-0.003952263490264896,0.0,0.0,99/96,3.447743273208981,19.25,85.0,False
Fixed 99/96,2019-05-08,1005870.4907013477,-6947.202695516098,998923.2880058317,-310.29689458874054,-0.0003105348932198604,0.0,0.0,99/96,3.447743273208981,20.150000000000002,85.0,False
Fixed 99/96,2019-05-09,1005870.4907013477,-8274.583855701556,997595.9068456461,-1327.381160185556,-0.0013288119079047922,0.0,0.0,99/96,3.447743273208981,24.000000000000004,85.0,False
Fixed 99/96,2019-05-10,1005870.4907013477,-5861.163564455267,1000009.3271368925,2413.4202912463807,0.0024192363608201983,0.0,0.0,99/96,3.447743273208981,16.999999999999996,85.0,False
Fixed 99/96,2019-05-13,1005870.4907013477,-17238.716366044908,988631.7743353028,-11377.552801589714,-0.011377446682587,0.0,0.0,99/96,3.447743273208981,50.0,85.0,False
Fixed 99/96,2019-05-14,1005870.4907013477,-12084.34017259748,993786.1505287503,5154.376193447504,0.005213646098835012,0.0,0.0,99/96,3.447743273208981,35.050000000000004,85.0,False
Fixed 99/96,2019-05-15,1005870.4907013477,-8481.448452094095,997389.0422492536,3602.891720503336,0.0036254195317437787,0.0,0.0,99/96,3.447743273208981,24.6,85.0,False
Fixed 99/96,2019-05-16,1005870.4907013477,-2904.723707678567,1002965.7669936691,5576.724744415493,0.005591323453723929,0.0,0.0,99/96,3.447743273208981,8.425,85.0,False
Fixed 99/96,2019-05-17,1006990.6654402815,-6560.541625553352,1000430.1238147281,-2535.6431789409835,-0.0025281452890874023,106.71814377566628,-5333.648742843923,99/96,3.498955533628455,18.749999999999996,85.0,False
Fixed 99/96,2019-05-20,1006990.6654402815,-7785.176062323312,999205.4893779582,-1224.6344367698766,-0.0012241079188022308,0.0,0.0,99/96,3.498955533628455,22.25,85.0,False
Fixed 99/96,2019-05-21,1006990.6654402815,-6070.687850845367,1000919.9775894361,1714.4882114778738,0.001715851473699681,0.0,0.0,99/96,3.498955533628455,17.349999999999994,85.0,False
Fixed 99/96,2019-05-22,1006990.6654402815,-6403.088626540072,1000587.5768137415,-332.40077569463756,-0.00033209525550204066,0.0,0.0,99/96,3.498955533628455,18.3,85.0,False
Fixed 99/96,2019-05-23,1006990.6654402815,-9447.179940796828,997543.4854994847,-3044.0913142567733,-0.0030423037271263276,0.0,0.0,99/96,3.498955533628455,27.000000000000004,85.0,False
Fixed 99/96,2019-05-24,1006990.6654402815,-8310.01939236758,998680.6460479139,1137.1605484292377,0.0011399608788582594,0.0,0.0,99/96,3.498955533628455,23.75,85.0,False
Fixed 99/96,2019-05-28,1006990.6654402815,-10689.309155234929,996301.3562850466,-2379.289762867382,-0.0023824330353080514,0.0,0.0,99/96,3.498955533628455,30.549999999999997,85.0,False
Fixed 99/96,2019-05-29,1006990.6654402815,-13208.557139447417,993782.1083008341,-2519.247984212474,-0.002528600376101142,0.0,0.0,99/96,3.498955533628455,37.75,85.0,False
Fixed 99/96,2019-05-30,1006990.6654402815,-12281.333923035874,994709.3315172456,927.2232164115412,0.0009330246627170524,0.0,0.0,99/96,3.498955533628455,35.099999999999994,85.0,False
Fixed 99/96,2019-05-31,1006990.6654402815,-16375.111897381168,990615.5535429004,-4093.7779743452556,-0.004115551995577449,0.0,0.0,99/96,3.498955533628455,46.8,85.0,False
Fixed 99/96,2019-06-03,1006990.6654402815,-17477.282890474133,989513.3825498074,-1102.1709930929355,-0.0011126122431159846,0.0,0.0,99/96,3.498955533628455,49.95,85.0,False
Fixed 99/96,2019-06-04,1006990.6654402815,-10934.236042588924,996056.4293976926,6543.046847885125,0.006612388435843997,0.0,0.0,99/96,3.498955533628455,31.250000000000007,85.0,False
Fixed 99/96,2019-06-05,1006990.6654402815,-8414.988058376433,998575.677381905,2519.247984212474,0.002529222150331245,0.0,0.0,99/96,3.498955533628455,24.05,85.0,False
Fixed 99/96,2019-06-06,1006990.6654402815,-6385.59384887193,1000605.0715914096,2029.3942095045932,0.002032288844472374,0.0,0.0,99/96,3.498955533628455,18.25,85.0,False
Fixed 99/96,2019-06-07,1006990.6654402815,-4128.767529681578,1002861.8979106,2256.8263191903243,0.002255461603448472,0.0,0.0,99/96,3.498955533628455,11.800000000000002,85.0,False
Fixed 99/96,2019-06-10,1006990.6654402815,-2877.8909264094045,1004112.7745138721,1250.8766032721614,0.001247306938152004,0.0,0.0,99/96,3.498955533628455,8.225000000000001,85.0,False
Fixed 99/96,2019-06-11,1006990.6654402815,-2895.3857040775465,1004095.279736204,-17.494777668151073,-1.74231203030617e-05,0.0,0.0,99/96,3.498955533628455,8.275,85.0,False
Fixed 99/96,2019-06-12,1006990.6654402815,-2746.680093898337,1004243.9853463832,148.7056101792259,0.0001480991029241263,0.0,0.0,99/96,3.498955533628455,7.85,85.0,False
Fixed 99/96,2019-06-13,1006990.6654402815,-1828.2042663208679,1005162.4611739606,918.4758275774075,0.0009145943027586423,0.0,0.0,99/96,3.498955533628455,5.2250000000000005,85.0,False
Fixed 99/96,2019-06-14,1006990.6654402815,-1399.582213451382,1005591.0832268301,428.62205286952667,0.0004264206727029318,0.0,0.0,99/96,3.498955533628455,4.0,85.0,False
Fixed 99/96,2019-06-17,1006990.6654402815,-953.465382913754,1006037.2000573678,446.11683053767774,0.0004436364223776579,0.0,0.0,99/96,3.498955533628455,2.725,85.0,False
Fixed 99/96,2019-06-18,1006990.6654402815,-367.3903310309877,1006623.2751092506,586.0750518827699,0.0005825580324956281,0.0,0.0,99/96,3.498955533628455,1.0499999999999998,85.0,False
Fixed 99/96,2019-06-19,1006990.6654402815,-96.2212771747825,1006894.4441631067,271.169053856167,0.0002693848439245805,0.0,0.0,99/96,3.498955533628455,0.27499999999999997,85.0,False
Fixed 99/96,2019-06-20,1006990.6654402815,-69.97911067256909,1006920.6863296089,26.242166502168402,2.6062480187771797e-05,0.0,0.0,99/96,3.498955533628455,0.2,85.0,False
Fixed 99/96,2019-06-21,1013157.9483607127,-6245.781817592172,1006912.1665431205,-8.519786488381214,-8.461228976686108e-06,78.49889716099453,0.0,99/96,3.4129955287388927,18.299999999999997,90.0,False
Fixed 99/96,2019-06-24,1013157.9483607127,-5989.807152936756,1007168.141207776,255.97466465551406,0.00025421747115661475,0.0,0.0,99/96,3.4129955287388927,17.55,90.0,False
Fixed 99/96,2019-06-25,1013157.9483607127,-8310.644112479204,1004847.3042482336,-2320.836959542474,-0.0023043192736015294,0.0,0.0,99/96,3.4129955287388927,24.35,90.0,False
Fixed 99/96,2019-06-26,1013157.9483607127,-8583.683754778314,1004574.2646059344,-273.0396422991762,-0.00027172252057083846,0.0,0.0,99/96,3.4129955287388927,25.15,90.0,False
Fixed 99/96,2019-06-27,1013157.9483607127,-7218.485543282757,1005939.46281743,1365.1982114956481,0.0013589818688328759,0.0,0.0,99/96,3.4129955287388927,21.15,90.0,False
Fixed 99/96,2019-06-28,1013157.9483607127,-5204.818181326811,1007953.1301793859,2013.667361955857,0.0020017778766885375,0.0,0.0,99/96,3.4129955287388927,15.25,90.0,False
Fixed 99/96,2019-07-01,1013157.9483607127,-3344.7356181641144,1009813.2127425487,1860.0825631627813,0.0018454058105179527,0.0,0.0,99/96,3.4129955287388927,9.799999999999999,90.0,False
Fixed 99/96,2019-07-02,1013157.9483607127,-2081.927272530725,1011076.021088182,1262.808345633326,0.0012505365642856425,0.0,0.0,99/96,3.4129955287388927,6.100000000000001,90.0,False
Fixed 99/96,2019-07-03,1013157.9483607127,-1203.0809238804593,1011954.8674368323,878.8463486502878,0.00086921886220237,0.0,0.0,99/96,3.4129955287388927,3.5249999999999995,90.0,False
Fixed 99/96,2019-07-05,1013157.9483607127,-1245.7433679896958,1011912.2049927231,-42.66244410921354,-4.215844548216552e-05,0.0,0.0,99/96,3.4129955287388927,3.6500000000000004,90.0,False
Fixed 99/96,2019-07-08,1013157.9483607127,-1544.380476754349,1011613.5678839583,-298.6371087647276,-0.0002951215602413626,0.0,0.0,99/96,3.4129955287388927,4.525,90.0,False
Fixed 99/96,2019-07-09,1013157.9483607127,-1314.0032785644737,1011843.9450821483,230.37719818996266,0.00022773241235962693,0.0,0.0,99/96,3.4129955287388927,3.85,90.0,False
Fixed 99/96,2019-07-10,1013157.9483607127,-639.9366616385423,1012518.0116990742,674.0666169258766,0.0006661764595241593,0.0,0.0,99/96,3.4129955287388927,1.875,90.0,False
Fixed 99/96,2019-07-11,1013157.9483607127,-435.15692991420883,1012722.7914307985,204.77973172429483,0.0002022479890315676,0.0,0.0,99/96,3.4129955287388927,1.2750000000000001,90.0,False
Fixed 99/96,2019-07-12,1013157.9483607127,-255.9746646554169,1012901.9736960573,179.18226525885984,0.0001769312064219264,0.0,0.0,99/96,3.4129955287388927,0.7499999999999999,90.0,False
Fixed 99/96,2019-07-15,1013157.9483607127,-145.0523099714029,1013012.8960507413,110.92235468397848,0.0001095094664287366,0.0,0.0,99/96,3.4129955287388927,0.42499999999999993,90.0,False
Fixed 99/96,2019-07-16,1013157.9483607127,-145.05230997140296,1013012.8960507413,0.0,0.0,0.0,0.0,99/96,3.4129955287388927,0.4250000000000001,90.0,False
Fixed 99/96,2019-07-17,1013157.9483607127,-204.77973172433357,1012953.1686289884,-59.72742175287567,-5.896017907147666e-05,0.0,0.0,99/96,3.4129955287388927,0.6000000000000001,90.0,False
Fixed 99/96,2019-07-18,1013157.9483607127,-85.3248882184723,1013072.6234724943,119.45484350586776,0.00011792731115845001,0.0,0.0,99/96,3.4129955287388927,0.24999999999999994,90.0,False
Fixed 99/96,2019-07-19,1018287.3706668878,-5207.708114431228,1013079.6625524566,7.039079962298274,6.948248130633772e-06,78.28580825615416,0.0,99/96,3.4037307937459,15.3,85.0,False
Fixed 99/96,2019-07-22,1018287.3706668878,-4169.570222338727,1014117.8004445491,1038.1378920924617,0.0010247347079073155,0.0,0.0,99/96,3.4037307937459,12.249999999999998,85.0,False
Fixed 99/96,2019-07-23,1018287.3706668878,-2978.264444527663,1015309.1062223602,1191.305777811096,0.0011747212969626109,0.0,0.0,99/96,3.4037307937459,8.75,85.0,False
Fixed 99/96,2019-07-24,1018287.3706668878,-2280.4996318097533,1016006.8710350781,697.7648127179127,0.0006872437255232011,0.0,0.0,99/96,3.4037307937459,6.700000000000001,85.0,False
Fixed 99/96,2019-07-25,1018287.3706668878,-3046.3390604025813,1015241.0316064853,-765.8394285928225,-0.0007537738675060801,0.0,0.0,99/96,3.4037307937459,8.950000000000001,85.0,False
Fixed 99/96,2019-07-26,1018287.3706668878,-2076.275784184999,1016211.0948827028,970.0632762175519,0.0009555004634540509,0.0,0.0,99/96,3.4037307937459,6.1,85.0,False
Fixed 99/96,2019-07-29,1018287.3706668878,-2059.25713021627,1016228.1135366716,17.01865396881476,1.6747164102604017e-05,0.0,0.0,99/96,3.4037307937459,6.050000000000001,85.0,False
Fixed 99/96,2019-07-30,1018287.3706668878,-2791.0592508716386,1015496.3114160162,-731.8021206554258,-0.0007201159965045667,0.0,0.0,99/96,3.4037307937459,8.200000000000001,85.0,False
Fixed 99/96,2019-07-31,1018287.3706668878,-4578.017917588236,1013709.3527492996,-1786.9586667165859,-0.0017596899630534235,0.0,0.0,99/96,3.4037307937459,13.45,85.0,False
Fixed 99/96,2019-08-01,1018287.3706668878,-7215.90928274131,1011071.4613841466,-2637.8913651530165,-0.002602216659044032,0.0,0.0,99/96,3.4037307937459,21.200000000000003,85.0,False
Fixed 99/96,2019-08-02,1018287.3706668878,-8509.326984364752,1009778.0436825231,-1293.417701623519,-0.0012792544849924425,0.0,0.0,99/96,3.4037307937459,25.000000000000004,85.0,False
Fixed 99/96,2019-08-05,1018287.3706668878,-18839.649943383556,999447.7207235043,-10330.322959018755,-0.010230290729381974,0.0,0.0,99/96,3.4037307937459,55.349999999999994,85.0,False
Fixed 99/96,2019-08-06,1018287.3706668878,-14840.266260732127,1003447.1044061558,3999.3836826514453,0.004001593679913817,0.0,0.0,99/96,3.4037307937459,43.60000000000001,85.0,False
Fixed 99/96,2019-08-07,1018287.3706668878,-14295.669333732782,1003991.701333155,544.5969269992784,0.0005427260934911526,0.0,0.0,99/96,3.4037307937459,42.0,85.0,False
Fixed 99/96,2019-08-08,1018287.3706668878,-6773.424279554342,1011513.9463873334,7522.245054178406,0.007492337879078104,0.0,0.0,99/96,3.4037307937459,19.900000000000002,85.0,False
Fixed 99/96,2019-08-09,1018287.3706668878,-9632.558146300898,1008654.812520587,-2859.1338667464443,-0.0028265886762688375,0.0,0.0,99/96,3.4037307937459,28.3,85.0,False
Fixed 99/96,2019-08-12,1018287.3706668878,-16286.851848074133,1002000.5188188137,-6654.293701773277,-0.006597196205453515,0.0,0.0,99/96,3.4037307937459,47.85,85.0,False
Fixed 99/96,2019-08-13,1018287.3706668878,-7318.021206553685,1010969.3494603342,8968.830641520442,0.008950924149313977,0.0,0.0,99/96,3.4037307937459,21.5,85.0,False
Fixed 99/96,2019-08-14,1018287.3706668878,-23911.20882606495,994376.1618408229,-16593.18761951127,-0.01641314608436828,0.0,0.0,99/96,3.4037307937459,70.25,85.0,False
Fixed 99/96,2019-08-15,1018287.3706668878,-25749.223454687737,992538.1472122001,-1838.0146286227973,-0.001848409786111782,0.0,0.0,99/96,3.4037307937459,75.65,85.0,False
Fixed 99/96,2019-08-16,1006335.9133263995,-7297.928638472913,999037.9846879266,6499.837475726497,0.0065487029329633906,79.55088089330667,-19169.83509806788,99/96,3.4587339518828983,21.099999999999994,85.0,False
Fixed 99/96,2019-08-19,1006335.9133263995,-5326.450285899663,1001009.4630404998,1971.4783525732346,0.001973376771243762,0.0,0.0,99/96,3.4587339518828983,15.399999999999999,85.0,False
Fixed 99/96,2019-08-20,1006335.9133263995,-6692.650196893407,999643.2631295061,-1366.1999109936878,-0.0013648221734526844,0.0,0.0,99/96,3.4587339518828983,19.349999999999998,85.0,False
Fixed 99/96,2019-08-21,1006335.9133263995,-4894.108541914301,1001441.8047844853,1798.5416549791116,0.0017991834900668024,0.0,0.0,99/96,3.4587339518828983,14.15,85.0,False
Fixed 99/96,2019-08-22,1006335.9133263995,-5326.450285899664,1001009.4630404998,-432.3417439854238,-0.0004317192890489485,0.0,0.0,99/96,3.4587339518828983,15.400000000000002,85.0,False
Fixed 99/96,2019-08-23,1006335.9133263995,-9373.169009602654,996962.7443167969,-4046.718723702943,-0.00404263783022718,0.0,0.0,99/96,3.4587339518828983,27.1,85.0,False
Fixed 99/96,2019-08-26,1006335.9133263995,-7488.159005826474,998847.7543205731,1885.010003776173,0.0018907527031692961,0.0,0.0,99/96,3.4587339518828983,21.65,85.0,False
Fixed 99/96,2019-08-27,1006335.9133263995,-8716.009558744903,997619.9037676547,-1227.8505529183894,-0.0012292669704739856,0.0,0.0,99/96,3.4587339518828983,25.2,85.0,False
Fixed 99/96,2019-08-28,1006335.9133263995,-6830.999554968723,999504.9137714308,1885.010003776173,0.0018895072127742552,0.0,0.0,99/96,3.4587339518828983,19.749999999999996,85.0,False
Fixed 99/96,2019-08-29,1006335.9133263995,-4565.5288164854255,1001770.3845099141,2265.4707384832436,0.0022665928974126004,0.0,0.0,99/96,3.4587339518828983,13.2,85.0,False
Fixed 99/96,2019-08-30,1006335.9133263995,-4721.171844320155,1001614.7414820794,-155.64302783471067,-0.00015536796679294085,0.0,0.0,99/96,3.4587339518828983,13.649999999999999,85.0,False
Fixed 99/96,2019-09-03,1006335.9133263995,-5533.974323012637,1000801.9390033869,-812.8024786924943,-0.0008114921286899168,0.0,0.0,99/96,3.4587339518828983,16.0,85.0,False
Fixed 99/96,2019-09-04,1006335.9133263995,-3389.55927284524,1002946.3540535542,2144.4150501673575,0.0021426967380806516,0.0,0.0,99/96,3.4587339518828983,9.799999999999999,85.0,False
Fixed 99/96,2019-09-05,1006335.9133263995,-1798.5416549791069,1004537.3716714204,1591.017617866164,0.001586343687711489,0.0,0.0,99/96,3.4587339518828983,5.199999999999999,85.0,False
Fixed 99/96,2019-09-06,1006335.9133263995,-1141.3822041213562,1005194.5311222782,657.1594508577837,0.0006541911425002045,0.0,0.0,99/96,3.4587339518828983,3.2999999999999994,85.0,False
Fixed 99/96,2019-09-09,1006335.9133263995,-925.2113321286752,1005410.7019942708,216.1708719925955,0.00021505376849906277,0.0,0.0,99/96,3.4587339518828983,2.675,85.0,False
Fixed 99/96,2019-09-10,1006335.9133263995,-769.5683042939448,1005566.3450221056,155.64302783482708,0.00015480542183010648,0.0,0.0,99/96,3.4587339518828983,2.225,85.0,False
Fixed 99/96,2019-09-11,1006335.9133263995,-380.4607347071187,1005955.4525916924,389.10756958683487,0.00038695365205199117,0.0,0.0,99/96,3.4587339518828983,1.0999999999999999,85.0,False
Fixed 99/96,2019-09-12,1006335.9133263995,-311.2860556694608,1006024.6272707301,69.17467903764918,6.876515143838802e-05,0.0,0.0,99/96,3.4587339518828983,0.8999999999999999,85.0,False
Fixed 99/96,2019-09-13,1006335.9133263995,-250.7582115115101,1006085.155114888,60.52784415788483,6.016537022768276e-05,0.0,0.0,99/96,3.4587339518828983,0.725,85.0,False
Fixed 99/96,2019-09-16,1006335.9133263995,-190.23036735355933,1006145.682959046,60.527844158001244,6.016175057377282e-05,0.0,0.0,99/96,3.4587339518828983,0.5499999999999998,85.0,False
Fixed 99/96,2019-09-17,1006335.9133263995,-155.6430278347304,1006180.2702985648,34.58733951882459,3.43760750600719e-05,0.0,0.0,99/96,3.4587339518828983,0.44999999999999996,85.0,False
Fixed 99/96,2019-09-18,1006335.9133263995,-129.70252319560865,1006206.2108032039,25.940504639060237,2.5781170039707035e-05,0.0,0.0,99/96,3.4587339518828983,0.3749999999999999,85.0,False
Fixed 99/96,2019-09-19,1006335.9133263995,-69.17467903765795,1006266.7386473619,60.527844158001244,6.015451257224136e-05,0.0,0.0,99/96,3.4587339518828983,0.19999999999999996,85.0,False
Fixed 99/96,2019-09-20,1012093.9572366462,-5852.217525601148,1006241.739711045,-24.998936316813342,-2.484325016094413e-05,94.17361535450043,0.0,99/96,3.3633434055178997,17.400000000000006,90.0,False
Fixed 99/96,2019-09-23,1012093.9572366462,-5095.465259359618,1006998.4919772866,756.7522662415868,0.0007520581152387074,0.0,0.0,99/96,3.3633434055178997,15.15,90.0,False
Fixed 99/96,2019-09-24,1012093.9572366462,-7046.204434559999,1005047.7528020862,-1950.7391752004623,-0.0019371818237484684,0.0,0.0,99/96,3.3633434055178997,20.949999999999996,90.0,False
Fixed 99/96,2019-09-25,1012093.9572366462,-5768.133940463198,1006325.823296183,1278.0704940968426,0.00127165151161579,0.0,0.0,99/96,3.3633434055178997,17.15,90.0,False
Fixed 99/96,2019-09-26,1012093.9572366462,-6104.468281014989,1005989.4889556313,-336.33434055175167,-0.00033422012311090654,0.0,0.0,99/96,3.3633434055178997,18.150000000000002,90.0,False
Fixed 99/96,2019-09-27,1012093.9572366462,-7416.172209166971,1004677.7850274793,-1311.7039281519828,-0.0013038942678355037,0.0,0.0,99/96,3.3633434055178997,22.050000000000004,90.0,False
Fixed 99/96,2019-09-30,1012093.9572366462,-6054.018129932219,1006039.939106714,1362.1540792346932,0.0013558118827097232,0.0,0.0,99/96,3.3633434055178997,18.0,90.0,False
Fixed 99/96,2019-10-01,1012093.9572366462,-9383.72810139494,1002710.2291352513,-3329.7099714627257,-0.003309719467419203,0.0,0.0,99/96,3.3633434055178997,27.899999999999995,90.0,False
Fixed 99/96,2019-10-02,1012093.9572366462,-15505.013099437521,996588.9441372086,-6121.284998042625,-0.0061047397544968796,0.0,0.0,99/96,3.3633434055178997,46.10000000000001,90.0,False
Fixed 99/96,2019-10-03,1012093.9572366462,-12158.486410947207,999935.470825699,3346.526688490412,0.0033579809490940082,0.0,0.0,99/96,3.3633434055178997,36.15,90.0,False
Fixed 99/96,2019-10-04,1012093.9572366462,-8206.557909463678,1003887.3993271826,3951.9285014835186,0.003952183532623499,0.0,0.0,99/96,3.3633434055178997,24.400000000000006,90.0,False
Fixed 99/96,2019-10-07,1012093.9572366462,-9535.078554643247,1002558.878682003,-1328.520645179553,-0.001323376153610445,0.0,0.0,99/96,3.3633434055178997,28.35,90.0,False
Fixed 99/96,2019-10-08,1012093.9572366462,-15303.212495106447,996790.7447415397,-5768.133940463304,-0.005753411658022789,0.0,0.0,99/96,3.3633434055178997,45.50000000000001,90.0,False
Fixed 99/96,2019-10-09,1012093.9572366462,-12377.103732305872,999716.8535043403,2926.108762800577,0.0029355296266913022,0.0,0.0,99/96,3.3633434055178997,36.800000000000004,90.0,False
Fixed 99/96,2019-10-10,1012093.9572366462,-9383.728101394941,1002710.2291352513,2993.375630910974,0.002994223434783727,0.0,0.0,99/96,3.3633434055178997,27.900000000000002,90.0,False
Fixed 99/96,2019-10-11,1012093.9572366462,-5229.998995580335,1006863.9582410658,4153.729105814593,0.0041425019762657556,0.0,0.0,99/96,3.3633434055178997,15.55,90.0,False
Fixed 99/96,2019-10-14,1012093.9572366462,-4195.77089838358,1007898.1863382626,1034.2280971967848,0.0010271775930916771,0.0,0.0,99/96,3.3633434055178997,12.475,90.0,False
Fixed 99/96,2019-10-15,1012093.9572366462,-1076.269889765728,1011017.6873468804,3119.501008617808,0.0030950556821132125,0.0,0.0,99/96,3.3633434055178997,3.2,90.0,False
Fixed 99/96,2019-10-16,1012093.9572366462,-857.6525684070646,1011236.3046682392,218.61732135876082,0.00021623491269728845,0.0,0.0,99/96,3.3633434055178997,2.5500000000000003,90.0,False
Fixed 99/96,2019-10-17,1012093.9572366462,-201.80060433107397,1011892.1566323151,655.8519640759332,0.0006485644958040826,0.0,0.0,99/96,3.3633434055178997,0.6,90.0,False
Fixed 99/96,2019-10-18,1017709.9230613158,-5693.918277275136,1012016.0047840406,123.84815172548406,0.00012239263928837119,77.95245260555245,0.0,99/96,3.389237069806628,16.8,90.0,False
Fixed 99/96,2019-10-21,1017709.9230613158,-4219.6001519092515,1013490.3229094065,1474.318125365884,0.0014568130527545797,0.0,0.0,99/96,3.389237069806628,12.45,90.0,False
Fixed 99/96,2019-10-22,1017709.9230613158,-4948.286121917677,1012761.6369393981,-728.6859700083733,-0.0007189866084922336,0.0,0.0,99/96,3.389237069806628,14.6,90.0,False
Fixed 99/96,2019-10-23,1017709.9230613158,-4050.1382984189217,1013659.7847628968,898.1478234987007,0.0008868304157065854,0.0,0.0,99/96,3.389237069806628,11.950000000000003,90.0,False
Fixed 99/96,2019-10-24,1017709.9230613158,-3880.676444928589,1013829.2466163872,169.46185349032748,0.00016717823478606952,0.0,0.0,99/96,3.389237069806628,11.45,90.0,False
Fixed 99/96,2019-10-25,1017709.9230613158,-2694.4434704962696,1015015.4795908196,1186.2329744324088,0.0011700520362687428,0.0,0.0,99/96,3.389237069806628,7.950000000000001,90.0,False
Fixed 99/96,2019-10-28,1017709.9230613158,-2033.5422418839769,1015676.3808194319,660.9012286122888,0.000651124285196758,0.0,0.0,99/96,3.389237069806628,6.0,90.0,False
Fixed 99/96,2019-10-29,1017709.9230613158,-2025.0691492094604,1015684.8539121064,8.473092674510553,8.342315362064312e-06,0.0,0.0,99/96,3.389237069806628,5.9750000000000005,90.0,False
Fixed 99/96,2019-10-30,1017709.9230613158,-1330.2755498991019,1016379.6475114167,694.793599310331,0.0006840641530039271,0.0,0.0,99/96,3.389237069806628,3.9250000000000007,90.0,False
Fixed 99/96,2019-10-31,1017709.9230613158,-1770.876368973963,1015939.0466923418,-440.600819074898,-0.00043350023798061077,0.0,0.0,99/96,3.389237069806628,5.225,90.0,False
Fixed 99/96,2019-11-01,1017709.9230613158,-796.4707114045576,1016913.4523499112,974.4056575694121,0.0009591182273600563,0.0,0.0,99/96,3.389237069806628,2.35,90.0,False
Fixed 99/96,2019-11-04,1017709.9230613158,-491.439375121961,1017218.4836861938,305.03133628261276,0.0002999580107605482,0.0,0.0,99/96,3.389237069806628,1.4499999999999997,90.0,False
Fixed 99/96,2019-11-05,1017709.9230613158,-457.5470044238948,1017252.3760568919,33.892370698042214,3.331867365918839e-05,0.0,0.0,99/96,3.389237069806628,1.35,90.0,False
Fixed 99/96,2019-11-06,1017709.9230613158,-237.24659488646398,1017472.6764664294,220.30040953750722,0.00021656416315440907,0.0,0.0,99/96,3.389237069806628,0.7000000000000001,90.0,False
Fixed 99/96,2019-11-07,1017709.9230613158,-169.4618534903314,1017540.4612078255,67.78474139608443,6.662069946838933e-05,0.0,0.0,99/96,3.389237069806628,0.5,90.0,False
Fixed 99/96,2019-11-08,1017709.9230613158,-33.89237069806627,1017676.0306906177,135.56948279228527,0.0001332325228928788,0.0,0.0,99/96,3.389237069806628,0.09999999999999998,90.0,False
Fixed 99/96,2019-11-11,1017709.9230613158,-42.36546337258285,1017667.5575979432,-8.473092674510553,-8.325923397056734e-06,0.0,0.0,99/96,3.389237069806628,0.125,90.0,False
Fixed 99/96,2019-11-12,1017709.9230613158,-25.419278023549715,1017684.5037832923,16.946185349021107,1.665198543721047e-05,0.0,0.0,99/96,3.389237069806628,0.07500000000000001,90.0,False
Fixed 99/96,2019-11-13,1017709.9230613158,-33.89237069806628,1017676.0306906177,-8.473092674510553,-8.325854076618455e-06,0.0,0.0,99/96,3.389237069806628,0.09999999999999999,90.0,False
Fixed 99/96,2019-11-14,1017709.9230613158,-8.47309267451657,1017701.4499686413,25.41927802353166,2.497777019105918e-05,0.0,0.0,99/96,3.389237069806628,0.025,90.0,False
Fixed 99/96,2019-11-15,1023089.6188084303,-5462.8617013741805,1017626.7571070561,-74.69286158517934,-7.33936869083962e-05,83.16595425972632,0.0,99/96,3.26140997096966,16.75,95.0,False
Fixed 99/96,2019-11-18,1023089.6188084303,-5153.027754132062,1017936.5910542982,309.8339472421212,0.00030446717824417213,0.0,0.0,99/96,3.26140997096966,15.799999999999999,95.0,False
Fixed 99/96,2019-11-19,1023089.6188084303,-5332.405302535394,1017757.2135058949,-179.37754840333946,-0.00017621681937729505,0.0,0.0,99/96,3.26140997096966,16.35,95.0,False
Fixed 99/96,2019-11-20,1023089.6188084303,-5789.002698471146,1017300.6161099591,-456.59739593579434,-0.00044863096019032156,0.0,0.0,99/96,3.26140997096966,17.75,95.0,False
Fixed 99/96,2019-11-21,1023089.6188084303,-6278.214194116594,1016811.4046143136,-489.2114956454607,-0.00048089177171262154,0.0,0.0,99/96,3.26140997096966,19.249999999999996,95.0,False
Fixed 99/96,2019-11-22,1023089.6188084303,-5430.247601664483,1017659.3712067658,847.9665924521396,0.0008339467757776386,0.0,0.0,99/96,3.26140997096966,16.65,95.0,False
Fixed 99/96,2019-11-25,1023089.6188084303,-3929.9990150184403,1019159.6197934118,1500.2485866460484,0.0014742148788617904,0.0,0.0,99/96,3.26140997096966,12.05,95.0,False
Fixed 99/96,2019-11-26,1023089.6188084303,-3179.874721695419,1019909.7440867348,750.1242933230242,0.0007360223842807212,0.0,0.0,99/96,3.26140997096966,9.750000000000002,95.0,False
Fixed 99/96,2019-11-27,1023089.6188084303,-2788.5055251790595,1020301.1132832512,391.36919651634526,0.00038372924544094467,0.0,0.0,99/96,3.26140997096966,8.55,95.0,False
Fixed 99/96,2019-11-29,1023089.6188084303,-3359.2522700987497,1019730.3665383315,-570.7467449196847,-0.0005593904951088913,0.0,0.0,99/96,3.26140997096966,10.3,95.0,False
Fixed 99/96,2019-12-02,1023089.6188084303,-5462.8617013741805,1017626.7571070561,-2103.6094312753994,-0.0020629075099690697,0.0,0.0,99/96,3.26140997096966,16.75,95.0,False
Fixed 99/96,2019-12-03,1023089.6188084303,-7436.014733810825,1015653.6040746195,-1973.1530324366177,-0.0019389751877653127,0.0,0.0,99/96,3.26140997096966,22.800000000000004,95.0,False
Fixed 99/96,2019-12-04,1023089.6188084303,-5642.239249777511,1017447.3795586528,1793.7754840332782,0.0017661291968413817,0.0,0.0,99/96,3.26140997096966,17.299999999999997,95.0,False
Fixed 99/96,2019-12-05,1023089.6188084303,-5022.571355293276,1018067.047453137,619.6678944842424,0.000609041712558156,0.0,0.0,99/96,3.26140997096966,15.4,95.0,False
Fixed 99/96,2019-12-06,1023089.6188084303,-2918.961924017846,1020170.6568844124,2103.6094312753994,0.002066277890575119,0.0,0.0,99/96,3.26140997096966,8.950000000000001,95.0,False
Fixed 99/96,2019-12-09,1023089.6188084303,-3620.1650677763228,1019469.4537406539,-701.2031437584665,-0.0006873390633483911,0.0,0.0,99/96,3.26140997096966,11.100000000000001,95.0,False
Fixed 99/96,2019-12-10,1023089.6188084303,-3294.024070679356,1019795.594737751,326.1409970970126,0.0003199124759454275,0.0,0.0,99/96,3.26140997096966,10.1,95.0,False
Fixed 99/96,2019-12-11,1023089.6188084303,-2592.8209269208796,1020496.7978815094,701.2031437584665,0.0006875918540703019,0.0,0.0,99/96,3.26140997096966,7.950000000000001,95.0,False
Fixed 99/96,2019-12-12,1023089.6188084303,-1508.402111573468,1021581.2166968568,1084.418815347366,0.001062638136247518,0.0,0.0,99/96,3.26140997096966,4.625000000000001,95.0,False
Fixed 99/96,2019-12-13,1023089.6188084303,-750.1242933230217,1022339.4945151072,758.2778182504699,0.0007422589666461477,0.0,0.0,99/96,3.26140997096966,2.3,95.0,False
Fixed 99/96,2019-12-16,1023089.6188084303,-220.14517304045205,1022869.4736353898,529.9791202825727,0.0005183983628980204,0.0,0.0,99/96,3.26140997096966,0.675,95.0,False
Fixed 99/96,2019-12-17,1023089.6188084303,-122.30287391136228,1022967.3159345189,97.84229912911542,9.565472589700974e-05,0.0,0.0,99/96,3.26140997096966,0.3750000000000001,95.0,False
Fixed 99/96,2019-12-18,1023089.6188084303,-65.22819941939319,1023024.3906090108,57.07467449188698,5.579325321813933e-05,0.0,0.0,99/96,3.26140997096966,0.2,95.0,False
Fixed 99/96,2019-12-19,1023089.6188084303,-40.76762463712075,1023048.8511837932,24.460574782337062,2.3910060216403295e-05,0.0,0.0,99/96,3.26140997096966,0.125,95.0,False
Fixed 99/96,2019-12-20,1026915.2235701745,-3890.714680893901,1023024.5088892806,-24.342294512549415,-2.3793873073052474e-05,65.10991914965304,0.0,99/96,3.176093617056246,12.25,100.0,False
Fixed 99/96,2019-12-23,1026915.2235701745,-3668.388127699964,1023246.8354424746,222.32655319396872,0.00021732280239827872,0.0,0.0,99/96,3.176093617056246,11.55,100.0,False
Fixed 99/96,2019-12-24,1026915.2235701745,-3668.388127699964,1023246.8354424746,0.0,0.0,0.0,0.0,99/96,3.176093617056246,11.55,100.0,False
Fixed 99/96,2019-12-26,1026915.2235701745,-2858.4842553506205,1024056.7393148239,809.9038723492995,0.0007915039111741073,0.0,0.0,99/96,3.176093617056246,8.999999999999998,100.0,False
Fixed 99/96,2019-12-27,1026915.2235701745,-3541.344383017714,1023373.8791871568,-682.8601276670815,-0.0006668186453457903,0.0,0.0,99/96,3.176093617056246,11.15,100.0,False
Fixed 99/96,2019-12-30,1026915.2235701745,-4573.574808560993,1022341.6487616135,-1032.2304255432682,-0.0010086542626660533,0.0,0.0,99/96,3.176093617056246,14.399999999999999,100.0,False
Fixed 99/96,2019-12-31,1026915.2235701745,-3319.017829823777,1023596.2057403508,1254.556978737237,0.0012271406337176494,0.0,0.0,99/96,3.176093617056246,10.450000000000001,100.0,False
Fixed 99/96,2020-01-02,1026915.2235701745,-1881.8354681058254,1025033.3881020687,1437.182361717918,0.0014040520604299278,0.0,0.0,99/96,3.176093617056246,5.925,100.0,False
Fixed 99/96,2020-01-03,1026915.2235701745,-3430.1811064207454,1023485.0424637538,-1548.345638314844,-0.0015105319068501322,0.0,0.0,99/96,3.176093617056246,10.8,100.0,False
Fixed 99/96,2020-01-06,1026915.2235701745,-2485.293255346512,1024429.9303148281,944.8878510742215,0.0009232063116424438,0.0,0.0,99/96,3.176093617056246,7.824999999999999,100.0,False
Fixed 99/96,2020-01-07,1026915.2235701745,-2659.978404284606,1024255.24516589,-174.68514893809333,-0.00017051937254941585,0.0,0.0,99/96,3.176093617056246,8.375,100.0,False
Fixed 99/96,2020-01-08,1026915.2235701745,-1397.4811915047483,1025517.7423786698,1262.4972127798246,0.0012326001929092723,0.0,0.0,99/96,3.176093617056246,4.4,100.0,False
Fixed 99/96,2020-01-09,1026915.2235701745,-754.3222340508584,1026160.9013361237,643.1589574539103,0.0006271553683334652,0.0,0.0,99/96,3.176093617056246,2.375,100.0,False
Fixed 99/96,2020-01-10,1026915.2235701745,-754.3222340508584,1026160.9013361237,0.0,0.0,0.0,0.0,99/96,3.176093617056246,2.375,100.0,False
Fixed 99/96,2020-01-13,1026915.2235701745,-158.80468085281225,1026756.4188893217,595.5175531980349,0.0005803354546276562,0.0,0.0,99/96,3.176093617056246,0.49999999999999994,100.0,False
Fixed 99/96,2020-01-14,1026915.2235701745,-150.86444681017167,1026764.3591233643,7.94023404258769,7.733318142966183e-06,0.0,0.0,99/96,3.176093617056246,0.475,100.0,False
Fixed 99/96,2020-01-15,1026915.2235701745,-63.5218723411249,1026851.7016978334,87.34257446904667,8.506584173173515e-05,0.0,0.0,99/96,3.176093617056246,0.19999999999999996,100.0,False
Fixed 99/96,2020-01-16,1026915.2235701745,-31.760936170562463,1026883.462634004,31.76093617058359,3.0930402236339916e-05,0.0,0.0,99/96,3.176093617056246,0.10000000000000002,100.0,False
Fixed 99/96,2020-01-17,1032048.8434110961,-5196.845558397687,1026851.9978526984,-31.464781305519864,-3.0641043945567326e-05,63.22571747605493,0.0,99/96,3.0841813402953626,16.85,100.0,False
Fixed 99/96,2020-01-21,1032048.8434110961,-5674.893666143466,1026373.9497449527,-478.04810774570797,-0.0004655472344070599,0.0,0.0,99/96,3.0841813402953626,18.4,100.0,False
Fixed 99/96,2020-01-22,1032048.8434110961,-5613.21003933756,1026435.6333717586,61.6836268058978,6.00985896235251e-05,0.0,0.0,99/96,3.0841813402953626,18.200000000000003,100.0,False
Fixed 99/96,2020-01-23,1032048.8434110961,-5227.687371800639,1026821.1560392955,385.52266753686126,0.00037559361250005807,0.0,0.0,99/96,3.0841813402953626,16.95,100.0,False
Fixed 99/96,2020-01-24,1032048.8434110961,-7695.032444036931,1024353.8109670592,-2467.3450722362613,-0.0024028966073833535,0.0,0.0,99/96,3.0841813402953626,24.950000000000006,100.0,False
Fixed 99/96,2020-01-27,1032048.8434110961,-11966.623600346004,1020082.2198107501,-4271.591156309121,-0.004170034914280696,0.0,0.0,99/96,3.0841813402953626,38.79999999999999,100.0,False
Fixed 99/96,2020-01-28,1032048.8434110961,-9052.072233766887,1022996.7711773292,2914.551366579137,0.0028571729905455534,0.0,0.0,99/96,3.0841813402953626,29.349999999999994,100.0,False
Fixed 99/96,2020-01-29,1032048.8434110961,-9622.64578172153,1022426.1976293746,-570.5735479546711,-0.0005577471640482168,0.0,0.0,99/96,3.0841813402953626,31.199999999999996,100.0,False
Fixed 99/96,2020-01-30,1032048.8434110961,-7787.557884245793,1024261.2855268504,1835.0878974758089,0.0017948365385498377,0.0,0.0,99/96,3.0841813402953626,25.250000000000007,100.0,False
Fixed 99/96,2020-01-31,1032048.8434110961,-13940.499658135037,1018108.3437529611,-6152.941773889237,-0.006007199394170493,0.0,0.0,99/96,3.0841813402953626,45.199999999999996,100.0,False
Fixed 99/96,2020-02-03,1032048.8434110961,-11997.46541374896,1020051.3779973472,1943.0342443860136,0.00190847492441093,0.0,0.0,99/96,3.0841813402953626,38.9,100.0,False
Fixed 99/96,2020-02-04,1032048.8434110961,-7093.617082679334,1024955.2263284168,4903.84833106969,0.004807452288038139,0.0,0.0,99/96,3.0841813402953626,23.0,100.0,False
Fixed 99/96,2020-02-05,1032048.8434110961,-4148.223902697262,1027900.6195083989,2945.3931799820857,0.0028736798489559234,0.0,0.0,99/96,3.0841813402953626,13.45,100.0,False
Fixed 99/96,2020-02-06,1032048.8434110961,-3284.6531274145614,1028764.1902836816,863.5707752826856,0.000840130610774148,0.0,0.0,99/96,3.0841813402953626,10.65,100.0,False
Fixed 99/96,2020-02-07,1032048.8434110961,-4487.483850129753,1027561.3595609664,-1202.83072271524,-0.0011691996417405592,0.0,0.0,99/96,3.0841813402953626,14.55,100.0,False
Fixed 99/96,2020-02-10,1032048.8434110961,-2482.7659789377662,1029566.0774321584,2004.7178711920278,0.0019509471162368897,0.0,0.0,99/96,3.0841813402953626,8.049999999999999,100.0,False
Fixed 99/96,2020-02-11,1032048.8434110961,-2182.058298258969,1029866.7851128372,300.70768067881,0.00029207224992178205,0.0,0.0,99/96,3.0841813402953626,7.075,100.0,False
Fixed 99/96,2020-02-12,1032048.8434110961,-909.833495387132,1031139.009915709,1272.2248028718168,0.0012353294826694672,0.0,0.0,99/96,3.0841813402953626,2.95,100.0,False
Fixed 99/96,2020-02-13,1032048.8434110961,-979.2275755437778,1031069.6158355523,-69.39408015669324,-6.729847235864561e-05,0.0,0.0,99/96,3.0841813402953626,3.1750000000000007,100.0,False
Fixed 99/96,2020-02-14,1032048.8434110961,-609.1258147083341,1031439.7175963878,370.1017608355032,0.0003589493426547907,0.0,0.0,99/96,3.0841813402953626,1.975,100.0,False
Fixed 99/96,2020-02-18,1032048.8434110961,-431.7853876413507,1031617.0580234547,177.34042706689797,0.00017193484412270088,0.0,0.0,99/96,3.0841813402953626,1.4,100.0,False
Fixed 99/96,2020-02-19,1032048.8434110961,-100.23589355959929,1031948.6075175365,331.5494940817589,0.00032138814640880753,0.0,0.0,99/96,3.0841813402953626,0.325,100.0,False
Fixed 99/96,2020-02-20,1032048.8434110961,-100.23589355959929,1031948.6075175365,0.0,0.0,0.0,0.0,99/96,3.0841813402953626,0.325,100.0,False
Fixed 99/96,2020-02-21,1038239.1266393458,-6276.8606160573,1031962.2660232885,13.658505751984194,1.3235645314635391e-05,86.57738780768548,0.0,99/96,3.092049564560246,20.3,100.0,False
Fixed 99/96,2020-02-24,1038239.1266393458,-13264.892631963457,1024974.2340073823,-6988.032015906181,-0.0067715964488070934,0.0,0.0,99/96,3.092049564560246,42.900000000000006,100.0,False
Fixed 99/96,2020-02-25,1038239.1266393458,-20670.351339085253,1017568.7753002605,-7405.458707121783,-0.007225019382358866,0.0,0.0,99/96,3.092049564560246,66.85000000000002,100.0,False
Fixed 99/96,2020-02-26,1038239.1266393458,-22943.007769037016,1015296.1188703087,-2272.6564299517777,-0.0022334180107690393,0.0,0.0,99/96,3.092049564560246,74.19999999999997,100.0,False
Fixed 99/96,2020-02-27,1038239.1266393458,-14037.905023103518,1024201.2216162423,8905.102745933575,0.008770941383920539,0.0,0.0,99/96,3.092049564560246,45.400000000000006,100.0,False
Fixed 99/96,2020-02-28,1038239.1266393458,-28493.23673742266,1009745.8899019231,-14455.331714319182,-0.014113761445732287,0.0,0.0,99/96,3.092049564560246,92.14999999999998,100.0,False
Fixed 99/96,2020-03-02,1038239.1266393458,-26514.325016104118,1011724.8016232416,1978.9117213184945,0.001959811613108542,0.0,0.0,99/96,3.092049564560246,85.75000000000003,100.0,False
Fixed 99/96,2020-03-03,1038239.1266393458,-29049.805659043515,1009189.3209803023,-2535.4806429393357,-0.002506097150995368,0.0,0.0,99/96,3.092049564560246,93.95000000000002,100.0,False
Fixed 99/96,2020-03-04,1038239.1266393458,-23731.48040799988,1014507.646231346,5318.325251043658,0.005269898462537892,0.0,0.0,99/96,3.092049564560246,76.74999999999997,100.0,False
Fixed 99/96,2020-03-05,1038239.1266393458,-27890.287072333416,1010348.8395670124,-4158.806664333562,-0.00409933496290793,0.0,0.0,99/96,3.092049564560246,90.19999999999999,100.0,False
Fixed 99/96,2020-03-06,1038239.1266393458,-29822.81805018357,1008416.3085891622,-1932.5309778501978,-0.0019127363759613436,0.0,0.0,99/96,3.092049564560246,96.44999999999999,100.0,False
Fixed 99/96,2020-03-09,1038239.1266393458,-30626.75093696926,1007612.3757023765,-803.9328867857112,-0.0007972232102338994,0.0,0.0,99/96,3.092049564560246,99.05000000000007,100.0,False
Fixed 99/96,2020-03-10,1038239.1266393458,-30626.75093696926,1007612.3757023765,0.0,0.0,0.0,0.0,99/96,3.092049564560246,99.05000000000007,100.0,False
Fixed 99/96,2020-03-11,1038239.1266393458,-30796.813663020057,1007442.3129763257,-170.06272605073173,-0.00016877792507474787,0.0,0.0,99/96,3.092049564560246,99.60000000000002,100.0,False
Fixed 99/96,2020-03-12,1038239.1266393458,-30874.114902134028,1007365.0117372117,-77.30123911402188,-7.67301890325367e-05,0.0,0.0,99/96,3.092049564560246,99.84999999999991,100.0,False
Fixed 99/96,2020-03-13,1038239.1266393458,-31044.177628184847,1007194.9490111609,-170.06272605084814,-0.00016881936941359754,0.0,0.0,99/96,3.092049564560246,100.39999999999992,100.0,True
Fixed 99/96,2020-03-16,1038239.1266393458,-30889.57514995685,1007349.5514893889,154.60247822804376,0.00015349806745934558,0.0,0.0,99/96,3.092049564560246,99.89999999999998,100.0,False
Fixed 99/96,2020-03-17,1038239.1266393458,-31214.240354235662,1007024.8862851101,-324.6652042787755,-0.00032229646977932624,0.0,0.0,99/96,3.092049564560246,100.94999999999993,100.0,True
Fixed 99/96,2020-03-18,1038239.1266393458,-30920.49564560246,1007318.6309937433,293.74470863316674,0.0002916955803513588,0.0,0.0,99/96,3.092049564560246,100.0,100.0,False
Fixed 99/96,2020-03-19,1038239.1266393458,-30812.273910842843,1007426.8527285029,108.22173475963064,0.00010743545431379786,0.0,0.0,99/96,3.092049564560246,99.64999999999998,100.0,False
Fixed 99/96,2020-03-20,1017138.6900003994,-10707.229446509657,1006431.4605538897,-995.3921746131964,-0.0009880540427499307,887.1704398536483,-30920.49564560246,99/96,4.3702977332692425,24.50000000000003,65.0,False
Fixed 99/96,2020-03-23,1017138.6900003994,-13023.487245142349,1004115.202755257,-2316.2577986327233,-0.002301456074671915,0.0,0.0,99/96,4.3702977332692425,29.80000000000001,65.0,False
Fixed 99/96,2020-03-24,1017138.6900003994,-7429.506146557713,1009709.1838538416,5593.981098584598,0.005571055077380427,0.0,0.0,99/96,4.3702977332692425,17.0,65.0,False
Fixed 99/96,2020-03-25,1017138.6900003994,-7189.139771227911,1009949.5502291714,240.36637532978784,0.0002380550550331595,0.0,0.0,99/96,4.3702977332692425,16.450000000000017,65.0,False
Fixed 99/96,2020-03-26,1017138.6900003994,-4392.1492219355905,1012746.5407784638,2796.9905492924154,0.00276943590762313,0.0,0.0,99/96,4.3702977332692425,10.050000000000004,65.0,False
Fixed 99/96,2020-03-27,1017138.6900003994,-5790.644496581746,1011348.0455038176,-1398.4952746462077,-0.0013808936573322939,0.0,0.0,99/96,4.3702977332692425,13.25,65.0,False
Fixed 99/96,2020-03-30,1017138.6900003994,-3561.792652614434,1013576.897347785,2228.8518439673353,0.002203842538556655,0.0,0.0,99/96,4.3702977332692425,8.150000000000002,65.0,False
Fixed 99/96,2020-03-31,1017138.6900003994,-3649.1986072798154,1013489.4913931196,-87.40595466538798,-8.62351489009372e-05,0.0,0.0,99/96,4.3702977332692425,8.349999999999994,65.0,False
Fixed 99/96,2020-04-01,1017138.6900003994,-6183.971292575981,1010954.7187078234,-2534.772685296135,-0.0025010349952537814,0.0,0.0,99/96,4.3702977332692425,14.150000000000006,65.0,False
Fixed 99/96,2020-04-02,1017138.6900003994,-4042.5254032740495,1013096.1645971253,2141.445889301831,0.0021182411533120504,0.0,0.0,99/96,4.3702977332692425,9.25,65.0,False
Fixed 99/96,2020-04-03,1017138.6900003994,-3998.8224259413564,1013139.867574458,43.7029773327522,4.313803453204201e-05,0.0,0.0,99/96,4.3702977332692425,9.149999999999999,65.0,False
Fixed 99/96,2020-04-06,1017138.6900003994,-1376.6437859798116,1015762.0462144195,2622.178639961523,0.002588170423338809,0.0,0.0,99/96,4.3702977332692425,3.1500000000000004,65.0,False
Fixed 99/96,2020-04-07,1017138.6900003994,-1223.6833653153878,1015915.0066350839,152.96042066439986,0.0001505868635616192,0.0,0.0,99/96,4.3702977332692425,2.8,65.0,False
Fixed 99/96,2020-04-08,1017138.6900003994,-469.8070063264437,1016668.882994073,753.8763589890441,0.0007420663678214812,0.0,0.0,99/96,4.3702977332692425,1.0750000000000002,65.0,False
Fixed 99/96,2020-04-09,1017138.6900003994,-185.73765366394284,1016952.9523467354,284.0693526624236,0.0002794118689124492,0.0,0.0,99/96,4.3702977332692425,0.42500000000000004,65.0,False
Fixed 99/96,2020-04-13,1017138.6900003994,-32.77723299951933,1017105.9127673998,152.96042066439986,0.00015041051831499175,0.0,0.0,99/96,4.3702977332692425,0.07500000000000001,65.0,False
Fixed 99/96,2020-04-14,1017138.6900003994,-10.925744333173105,1017127.7642560662,21.8514886663761,2.14839854848492e-05,0.0,0.0,99/96,4.3702977332692425,0.024999999999999994,65.0,False
Fixed 99/96,2020-04-15,1017138.6900003994,-10.92574433317311,1017127.7642560662,0.0,0.0,0.0,0.0,99/96,4.3702977332692425,0.02500000000000001,65.0,False
Fixed 99/96,2020-04-16,1017138.6900003994,-10.925744333173107,1017127.7642560662,0.0,0.0,0.0,0.0,99/96,4.3702977332692425,0.025,65.0,False
Fixed 99/96,2020-04-17,1025903.344360634,-8952.190363905327,1016951.1539967287,-176.61025933746714,-0.0001736362584366935,187.536003670744,0.0,99/96,3.538415163598944,25.299999999999997,85.0,False
Fixed 99/96,2020-04-20,1025903.344360634,-11358.312675152609,1014545.0316854814,-2406.12231124728,-0.0023660156161787738,0.0,0.0,99/96,3.538415163598944,32.099999999999994,85.0,False
Fixed 99/96,2020-04-21,1025903.344360634,-14702.115004753612,1011201.2293558804,-3343.8023296010215,-0.0032958638849631683,0.0,0.0,99/96,3.538415163598944,41.55,85.0,False
Fixed 99/96,2020-04-22,1025903.344360634,-12260.608541870342,1013642.7358187636,2441.506462883204,0.0024144615255643487,0.0,0.0,99/96,3.538415163598944,34.650000000000006,85.0,False
Fixed 99/96,2020-04-23,1025903.344360634,-12632.14213404823,1013271.2022265857,-371.5335921779042,-0.00036653307822287484,0.0,0.0,99/96,3.538415163598944,35.7,85.0,False
Fixed 99/96,2020-04-24,1025903.344360634,-10226.019822800949,1015677.324537833,2406.12231124728,0.0023746084029230285,0.0,0.0,99/96,3.538415163598944,28.9,85.0,False
Fixed 99/96,2020-04-27,1025903.344360634,-7819.897511553667,1018083.4468490803,2406.12231124728,0.0023689829959945286,0.0,0.0,99/96,3.538415163598944,22.1,85.0,False
Fixed 99/96,2020-04-28,1025903.344360634,-7855.281663189657,1018048.0626974443,-35.384151635924354,-3.475564969201983e-05,0.0,0.0,99/96,3.538415163598944,22.200000000000003,85.0,False
Fixed 99/96,2020-04-29,1025903.344360634,-4688.400091768602,1021214.9442688654,3166.8815714210505,0.0031107387631876815,0.0,0.0,99/96,3.538415163598944,13.250000000000004,85.0,False
Fixed 99/96,2020-04-30,1025903.344360634,-6298.378991206119,1019604.9653694278,-1609.978899437585,-0.001576532843034606,0.0,0.0,99/96,3.538415163598944,17.799999999999997,85.0,False
Fixed 99/96,2020-05-01,1025903.344360634,-10420.63265679889,1015482.711703835,-4122.253665592754,-0.004042990967682458,0.0,0.0,99/96,3.538415163598944,29.450000000000003,85.0,False
Fixed 99/96,2020-05-04,1025903.344360634,-10155.25151952897,1015748.0928411051,265.38113727001473,0.00026133496337399365,0.0,0.0,99/96,3.538415163598944,28.700000000000003,85.0,False
Fixed 99/96,2020-05-05,1025903.344360634,-7996.818269733614,1017906.5260909004,2158.4332497953437,0.002124969040067981,0.0,0.0,99/96,3.538415163598944,22.6,85.0,False
Fixed 99/96,2020-05-06,1025903.344360634,-9624.489244989129,1016278.8551156449,-1627.670975255547,-0.0015990377638174236,0.0,0.0,99/96,3.538415163598944,27.200000000000003,85.0,False
Fixed 99/96,2020-05-07,1025903.344360634,-5979.921626482215,1019923.4227341518,3644.5676185069606,0.003586188574288718,0.0,0.0,99/96,3.538415163598944,16.9,85.0,False
Fixed 99/96,2020-05-08,1025903.344360634,-2671.5034485172023,1023231.8409121168,3308.4181779649807,0.0032437907633260377,0.0,0.0,99/96,3.538415163598944,7.549999999999999,85.0,False
Fixed 99/96,2020-05-11,1025903.344360634,-1946.1283399794193,1023957.2160206545,725.3751085377298,0.0007089059190057423,0.0,0.0,99/96,3.538415163598944,5.5,85.0,False
Fixed 99/96,2020-05-12,1025903.344360634,-6776.065038291978,1019127.279322342,-4829.936698312522,-0.0047169321361715255,0.0,0.0,99/96,3.538415163598944,19.150000000000002,85.0,False
Fixed 99/96,2020-05-13,1025903.344360634,-11110.623613700682,1014792.7207469332,-4334.558575408766,-0.0042532063102961315,0.0,0.0,99/96,3.538415163598944,31.399999999999995,85.0,False
Fixed 99/96,2020-05-14,1025903.344360634,-4918.397077402532,1020984.9472832314,6192.226536298171,0.006101961917642118,0.0,0.0,99/96,3.538415163598944,13.899999999999999,85.0,False
Fixed 99/96,2020-05-15,1035045.7314104259,-9314.344172985455,1025731.3872374404,4746.439954209025,0.004648883381521918,171.95712319357762,0.0,99/96,3.582440066532867,26.0,85.0,False
Fixed 99/96,2020-05-18,1035045.7314104259,-5696.0797057872605,1029349.6517046386,3618.264467198169,0.0035274970740080125,0.0,0.0,99/96,3.582440066532867,15.900000000000006,85.0,False
Fixed 99/96,2020-05-19,1035045.7314104259,-6681.250724083797,1028364.4806863421,-985.1710182965035,-0.0009570810236007032,0.0,0.0,99/96,3.582440066532867,18.65,85.0,False
Fixed 99/96,2020-05-20,1035045.7314104259,-5069.152694144006,1029976.5787162818,1612.0980299396906,0.0015676329358087493,0.0,0.0,99/96,3.582440066532867,14.149999999999999,85.0,False
Fixed 99/96,2020-05-21,1035045.7314104259,-6233.44571576719,1028812.2856946586,-1164.2930216231616,-0.0011304072788473896,0.0,0.0,99/96,3.582440066532867,17.400000000000006,85.0,False
Fixed 99/96,2020-05-22,1035045.7314104259,-5534.869902793279,1029510.8615076325,698.575812973897,0.0006790119273334394,0.0,0.0,99/96,3.582440066532867,15.45,85.0,False
Fixed 99/96,2020-05-26,1035045.7314104259,-3922.7718728534905,1031122.9595375723,1612.098029939807,0.0015658873453545663,0.0,0.0,99/96,3.582440066532867,10.950000000000003,85.0,False
Fixed 99/96,2020-05-27,1035045.7314104259,-2991.3374555549444,1032054.3939548709,931.4344172985293,0.0009033204126462913,0.0,0.0,99/96,3.582440066532867,8.350000000000001,85.0,False
Fixed 99/96,2020-05-28,1035045.7314104259,-2973.4252552222797,1032072.3061552036,17.912200332735665,1.735586848683468e-05,0.0,0.0,99/96,3.582440066532867,8.3,85.0,False
Fixed 99/96,2020-05-29,1035045.7314104259,-2489.795846240342,1032555.9355641855,483.6294089818839,0.0004686003161771257,0.0,0.0,99/96,3.582440066532867,6.949999999999999,85.0,False
Fixed 99/96,2020-06-01,1035045.7314104259,-2418.147044909685,1032627.5843655162,71.64880133070983,6.938975300307959e-05,0.0,0.0,99/96,3.582440066532867,6.75,85.0,False
Fixed 99/96,2020-06-02,1035045.7314104259,-1755.395632601105,1033290.3357778247,662.7514123085421,0.0006418106801937551,0.0,0.0,99/96,3.582440066532867,4.9,85.0,False
Fixed 99/96,2020-06-03,1035045.7314104259,-1056.8198196271962,1033988.9115907986,698.575812973897,0.0006760692409342184,0.0,0.0,99/96,3.582440066532867,2.950000000000001,85.0,False
Fixed 99/96,2020-06-04,1035045.7314104259,-985.1710182965385,1034060.5603921294,71.64880133070983,6.929358770446647e-05,0.0,0.0,99/96,3.582440066532867,2.75,85.0,False
Fixed 99/96,2020-06-05,1035045.7314104259,-376.156206985951,1034669.5752034399,609.0148113105679,0.0005889546847039906,0.0,0.0,99/96,3.582440066532867,1.0499999999999998,85.0,False
Fixed 99/96,2020-06-08,1035045.7314104259,-250.7708046573006,1034794.9606057686,125.385402328684,0.00012118400437555188,0.0,0.0,99/96,3.582440066532867,0.6999999999999997,85.0,False
Fixed 99/96,2020-06-09,1035045.7314104259,-322.41960598795794,1034723.3118044379,-71.64880133070983,-6.923961176696913e-05,0.0,0.0,99/96,3.582440066532867,0.8999999999999997,85.0,False
Fixed 99/96,2020-06-10,1035045.7314104259,-304.5074056552937,1034741.2240047705,17.91220033261925,1.7311101555561592e-05,0.0,0.0,99/96,3.582440066532867,0.8500000000000001,85.0,False
Fixed 99/96,2020-06-11,1035045.7314104259,-3331.669261875565,1031714.0621485503,-3027.16185622022,-0.002925525518838623,0.0,0.0,99/96,3.582440066532867,9.299999999999997,85.0,False
Fixed 99/96,2020-06-12,1035045.7314104259,-2024.07863759107,1033021.6527728348,1307.5906242844649,0.0012673963380527287,0.0,0.0,99/96,3.582440066532867,5.65,85.0,False
Fixed 99/96,2020-06-15,1035045.7314104259,-600.0587111442552,1034445.6726992816,1424.0199264468392,0.00137849959158598,0.0,0.0,99/96,3.582440066532867,1.675,85.0,False
Fixed 99/96,2020-06-16,1035045.7314104259,-152.25370282764686,1034893.4777075982,447.8050083166454,0.00043289369382559784,0.0,0.0,99/96,3.582440066532867,0.42500000000000004,85.0,False
Fixed 99/96,2020-06-17,1035045.7314104259,-71.64880133065734,1034974.0826090951,80.60490149690304,7.788714803336205e-05,0.0,0.0,99/96,3.582440066532867,0.19999999999999998,85.0,False
Fixed 99/96,2020-06-18,1035045.7314104259,-62.69270116432517,1034983.0387092616,8.95610016642604,8.653453566598301e-06,0.0,0.0,99/96,3.582440066532867,0.175,85.0,False
Fixed 99/96,2020-06-19,1044408.0347301199,-9589.511251792204,1034818.5234783277,-164.51523093390279,-0.00015895451884806455,227.20793209821258,0.0,99/96,3.3412931190913615,28.69999999999999,90.0,False
Fixed 99/96,2020-06-22,1044408.0347301199,-7250.606068428258,1037157.4286616916,2338.9051833639387,0.0022602080754239307,0.0,0.0,99/96,3.3412931190913615,21.70000000000001,90.0,False
Fixed 99/96,2020-06-23,1044408.0347301199,-7000.009084496403,1037408.0256456234,250.59698393184226,0.00024161904162922632,0.0,0.0,99/96,3.3412931190913615,20.950000000000003,90.0,False
Fixed 99/96,2020-06-24,1044408.0347301199,-10441.540997160506,1033966.4937329594,-3441.531912664068,-0.0033174332833237896,0.0,0.0,99/96,3.3412931190913615,31.25,90.0,False
Fixed 99/96,2020-06-25,1044408.0347301199,-8904.546162378483,1035503.4885677414,1536.9948347819736,0.0014865035222106915,0.0,0.0,99/96,3.3412931190913615,26.650000000000013,90.0,False
Fixed 99/96,2020-06-26,1044408.0347301199,-11844.884107178874,1032563.150622941,-2940.3379448003834,-0.00283952490480488,0.0,0.0,99/96,3.3412931190913615,35.44999999999999,90.0,False
Fixed 99/96,2020-06-29,1044408.0347301199,-9723.162976555863,1034684.871753564,2121.7211306230165,0.00205481004173258,0.0,0.0,99/96,3.3412931190913615,29.1,90.0,False
Fixed 99/96,2020-06-30,1044408.0347301199,-7935.571157841984,1036472.4635722779,1787.5918187139323,0.001727667879867889,0.0,0.0,99/96,3.3412931190913615,23.75,90.0,False
Fixed 99/96,2020-07-01,1044408.0347301199,-6415.282788655415,1037992.7519414645,1520.2883691865718,0.0014667908918166717,0.0,0.0,99/96,3.3412931190913615,19.200000000000003,90.0,False
Fixed 99/96,2020-07-02,1044408.0347301199,-4878.287953873389,1039529.7467762465,1536.9948347819736,0.001480737540707544,0.0,0.0,99/96,3.3412931190913615,14.600000000000001,90.0,False
Fixed 99/96,2020-07-06,1044408.0347301199,-3107.4026007549664,1041300.6321293649,1770.885353118414,0.001703544663931078,0.0,0.0,99/96,3.3412931190913615,9.3,90.0,False
Fixed 99/96,2020-07-07,1044408.0347301199,-4360.387520414227,1040047.6472097057,-1252.9849196592113,-0.0012032883501635894,0.0,0.0,99/96,3.3412931190913615,13.05,90.0,False
Fixed 99/96,2020-07-08,1044408.0347301199,-2890.218548014028,1041517.8161821058,1470.1689724001335,0.0014135592502366734,0.0,0.0,99/96,3.3412931190913615,8.65,90.0,False
Fixed 99/96,2020-07-09,1044408.0347301199,-3725.5418277868675,1040682.492902333,-835.3232797727687,-0.0008020249551129455,0.0,0.0,99/96,3.3412931190913615,11.149999999999999,90.0,False
Fixed 99/96,2020-07-10,1044408.0347301199,-1620.5271627593104,1042787.5075673605,2105.0146650274983,0.0020227251629427734,0.0,0.0,99/96,3.3412931190913615,4.85,90.0,False
Fixed 99/96,2020-07-13,1044408.0347301199,-2673.034495273089,1041735.0002348467,-1052.5073325138073,-0.0010093210024821886,0.0,0.0,99/96,3.3412931190913615,7.999999999999999,90.0,False
Fixed 99/96,2020-07-14,1044408.0347301199,-1136.0396604910627,1043271.9950696288,1536.99483478209,0.0014754182536207416,0.0,0.0,99/96,3.3412931190913615,3.3999999999999995,90.0,False
Fixed 99/96,2020-07-15,1044408.0347301199,-133.65172476365447,1044274.3830053562,1002.387935727369,0.0009608116967239066,0.0,0.0,99/96,3.3412931190913615,0.4,90.0,False
Fixed 99/96,2020-07-16,1044408.0347301199,-100.23879357274086,1044307.7959365471,33.41293119092006,3.1996314124649317e-05,0.0,0.0,99/96,3.3412931190913615,0.30000000000000004,90.0,False
Fixed 99/96,2020-07-17,1052697.604340854,-8404.54508296753,1044293.0592578866,-14.736678660498,-1.4111432202090768e-05,114.97547223327449,0.0,99/96,3.2387456967119572,25.950000000000003,95.0,False
Fixed 99/96,2020-07-20,1052697.604340854,-6671.816135226635,1046025.7882056275,1732.728947740863,0.0016592362961524998,0.0,0.0,99/96,3.2387456967119572,20.60000000000001,95.0,False
Fixed 99/96,2020-07-21,1052697.604340854,-6526.072578874596,1046171.5317619795,145.743556351983,0.00013933074881644636,0.0,0.0,99/96,3.2387456967119572,20.150000000000006,95.0,False
Fixed 99/96,2020-07-22,1052697.604340854,-5781.161068630844,1046916.4432722232,744.911510243779,0.0007120357299239544,0.0,0.0,99/96,3.2387456967119572,17.85,95.0,False
Fixed 99/96,2020-07-23,1052697.604340854,-7465.3088309210625,1045232.295509933,-1684.147762290202,-0.0016086744774265194,0.0,0.0,99/96,3.2387456967119572,23.050000000000004,95.0,False
Fixed 99/96,2020-07-24,1052697.604340854,-8534.094910836011,1044163.5094300181,-1068.7860799148912,-0.0010225344973611161,0.0,0.0,99/96,3.2387456967119572,26.35000000000001,95.0,False
Fixed 99/96,2020-07-27,1052697.604340854,-6704.203592193752,1045993.4007486603,1829.891318642185,0.0017524949896410291,0.0,0.0,99/96,3.2387456967119572,20.700000000000003,95.0,False
Fixed 99/96,2020-07-28,1052697.604340854,-7740.60221514158,1044957.0021257126,-1036.398622947745,-0.0009908271144023484,0.0,0.0,99/96,3.2387456967119572,23.900000000000006,95.0,False
Fixed 99/96,2020-07-29,1052697.604340854,-5732.579883180163,1046965.0244576739,2008.0223319613142,0.0019216315387873273,0.0,0.0,99/96,3.2387456967119572,17.699999999999996,95.0,False
Fixed 99/96,2020-07-30,1052697.604340854,-6072.648181334917,1046624.9561595191,-340.0682981547434,-0.0003248134275840586,0.0,0.0,99/96,3.2387456967119572,18.749999999999993,95.0,False
Fixed 99/96,2020-07-31,1052697.604340854,-5311.542942607608,1047386.0613982464,761.1052387272939,0.0007271995897366601,0.0,0.0,99/96,3.2387456967119572,16.399999999999995,95.0,False
Fixed 99/96,2020-08-03,1052697.604340854,-4177.981948758425,1048519.6223920956,1133.5609938491834,0.0010822761879567544,0.0,0.0,99/96,3.2387456967119572,12.899999999999999,95.0,False
Fixed 99/96,2020-08-04,1052697.604340854,-3595.007723350273,1049102.5966175038,582.9742254081648,0.0005559974395883405,0.0,0.0,99/96,3.2387456967119572,11.100000000000001,95.0,False
Fixed 99/96,2020-08-05,1052697.604340854,-2720.546385238045,1049977.0579556162,874.4613381123636,0.0008335327173261131,0.0,0.0,99/96,3.2387456967119572,8.400000000000002,95.0,False
Fixed 99/96,2020-08-06,1052697.604340854,-1797.5038616751365,1050900.100479179,923.0425235629082,0.0008791073257925497,0.0,0.0,99/96,3.2387456967119572,5.550000000000001,95.0,False
Fixed 99/96,2020-08-07,1052697.604340854,-1700.3414907737777,1050997.2628500804,97.16237090132199,9.245633420063015e-05,0.0,0.0,99/96,3.2387456967119572,5.25,95.0,False
Fixed 99/96,2020-08-10,1052697.604340854,-1279.3045502012233,1051418.299790653,421.0369405725505,0.00040060707620748204,0.0,0.0,99/96,3.2387456967119572,3.9500000000000006,95.0,False
Fixed 99/96,2020-08-11,1052697.604340854,-1894.6662325764944,1050802.9381082775,-615.3616823754273,-0.0005852681872646759,0.0,0.0,99/96,3.2387456967119572,5.849999999999998,95.0,False
Fixed 99/96,2020-08-12,1052697.604340854,-785.3958314526499,1051912.2085094014,1109.2704011239111,0.0010556407494644038,0.0,0.0,99/96,3.2387456967119572,2.4250000000000007,95.0,False
Fixed 99/96,2020-08-13,1052697.604340854,-615.361682375272,1052082.242658479,170.0341490774881,0.00016164290869724596,0.0,0.0,99/96,3.2387456967119572,1.9000000000000004,95.0,False
Fixed 99/96,2020-08-14,1052697.604340854,-380.5526193636549,1052317.0517214905,234.80906301154755,0.00022318508334318032,0.0,0.0,99/96,3.2387456967119572,1.1749999999999998,95.0,False
Fixed 99/96,2020-08-17,1052697.604340854,-97.1623709013587,1052600.4419699528,283.39024846232496,0.0002693012034715725,0.0,0.0,99/96,3.2387456967119572,0.29999999999999993,95.0,False
Fixed 99/96,2020-08-18,1052697.604340854,-89.0655066595788,1052608.5388341944,8.096864241641015,7.692248567225946e-06,0.0,0.0,99/96,3.2387456967119572,0.2749999999999999,95.0,False
Fixed 99/96,2020-08-19,1052697.604340854,-121.45296362669839,1052576.1513772274,-32.38745696702972,-3.076875758856179e-05,0.0,0.0,99/96,3.2387456967119572,0.375,95.0,False
Fixed 99/96,2020-08-20,1052697.604340854,-40.484321208899466,1052657.1200196452,80.96864241780713,7.69242608356091e-05,0.0,0.0,99/96,3.2387456967119572,0.125,95.0,False
Fixed 99/96,2020-08-21,1059482.334716626,-6863.748701682901,1052618.586014943,-38.53400470223278,-3.6606416248363693e-05,79.0183259110221,0.0,99/96,3.098757878863612,22.150000000000002,105.0,False
Fixed 99/96,2020-08-24,1059482.334716626,-5267.888394068138,1054214.4463225577,1595.8603076147847,0.0015160860057168435,0.0,0.0,99/96,3.098757878863612,16.999999999999993,105.0,False
Fixed 99/96,2020-08-25,1059482.334716626,-4663.630607689735,1054818.7041089362,604.2577863784973,0.0005731829880404327,0.0,0.0,99/96,3.098757878863612,15.049999999999997,105.0,False
Fixed 99/96,2020-08-26,1059482.334716626,-3888.941137973833,1055593.393578652,774.6894697158132,0.0007344290224453598,0.0,0.0,99/96,3.098757878863612,12.55,105.0,False
Fixed 99/96,2020-08-27,1059482.334716626,-3811.472191002243,1055670.8625256238,77.46894697169773,7.338900323072828e-05,0.0,0.0,99/96,3.098757878863612,12.3,105.0,False
Fixed 99/96,2020-08-28,1059482.334716626,-2943.819984920431,1056538.5147317057,867.652206081897,0.0008218965180171178,0.0,0.0,99/96,3.098757878863612,9.5,105.0,False
Fixed 99/96,2020-08-31,1059482.334716626,-3253.695772806793,1056228.638943819,-309.8757878865581,-0.0002932934138849541,0.0,0.0,99/96,3.098757878863612,10.5,105.0,False
Fixed 99/96,2020-09-01,1059482.334716626,-2509.993881879525,1056972.3408347464,743.7018909272738,0.0007041107043554984,0.0,0.0,99/96,3.098757878863612,8.099999999999998,105.0,False
Fixed 99/96,2020-09-02,1059482.334716626,-1719.810622769305,1057762.5240938566,790.1832591101993,0.0007475912363856807,0.0,0.0,99/96,3.098757878863612,5.550000000000001,105.0,False
Fixed 99/96,2020-09-03,1059482.334716626,-5376.344919828365,1054105.9897967975,-3656.5342970590573,-0.0034568574833859778,0.0,0.0,99/96,3.098757878863612,17.349999999999994,105.0,False
Fixed 99/96,2020-09-04,1059482.334716626,-6817.267333499946,1052665.0673831261,-1440.9224136713892,-0.0013669616031203313,0.0,0.0,99/96,3.098757878863612,22.0,105.0,False
Fixed 99/96,2020-09-08,1059482.334716626,-12178.118463933992,1047304.216252692,-5360.851130434079,-0.00509264655638364,0.0,0.0,99/96,3.098757878863612,39.29999999999999,105.0,False
Fixed 99/96,2020-09-09,1059482.334716626,-7452.512698666987,1052029.822017959,4725.605765267042,0.004512161501817991,0.0,0.0,99/96,3.098757878863612,24.05,105.0,False
Fixed 99/96,2020-09-10,1059482.334716626,-11806.267518470362,1047676.0671981556,-4353.754819803522,-0.004138432892950017,0.0,0.0,99/96,3.098757878863612,38.1,105.0,False
Fixed 99/96,2020-09-11,1059482.334716626,-12534.475620003312,1046947.8590966227,-728.2081015328877,-0.0006950699021696094,0.0,0.0,99/96,3.098757878863612,40.45,105.0,False
Fixed 99/96,2020-09-14,1059482.334716626,-6894.736280471537,1052587.5984361544,5639.739339531749,0.005386838790995885,0.0,0.0,99/96,3.098757878863612,22.25,105.0,False
Fixed 99/96,2020-09-15,1059482.334716626,-4082.613505402809,1055399.7212112232,2812.1227750687394,0.0026716282609131614,0.0,0.0,99/96,3.098757878863612,13.175,105.0,False
Fixed 99/96,2020-09-16,1059482.334716626,-3997.397663734059,1055484.9370528918,85.21584166865796,8.0742717622595e-05,0.0,0.0,99/96,3.098757878863612,12.899999999999999,105.0,False
Fixed 99/96,2020-09-17,1059482.334716626,-5755.942759989159,1053726.391956637,-1758.5450962549075,-0.0016661015562808856,0.0,0.0,99/96,3.098757878863612,18.575,105.0,False
Fixed 99/96,2020-09-18,1053646.678464956,-8376.921665337251,1045269.7567996188,-8456.635157018085,-0.008025456343857096,103.92421614892079,-14108.653700858249,99/96,3.149218671179418,26.599999999999994,100.0,False
Fixed 99/96,2020-09-21,1053646.678464956,-10408.167708247971,1043238.5107567081,-2031.2460429107305,-0.0019432744798145718,0.0,0.0,99/96,3.149218671179418,33.04999999999998,100.0,False
Fixed 99/96,2020-09-22,1053646.678464956,-9022.511492929032,1044624.166972027,1385.6562153189443,0.00132822571351765,0.0,0.0,99/96,3.149218671179418,28.65,100.0,False
Fixed 99/96,2020-09-23,1053646.678464956,-12707.097338208954,1040939.5811267472,-3684.5858452798566,-0.0035271880182133897,0.0,0.0,99/96,3.149218671179418,40.35000000000001,100.0,False
Fixed 99/96,2020-09-24,1053646.678464956,-12329.191097667424,1041317.4873672887,377.90624054148793,0.00036304339597936774,0.0,0.0,99/96,3.149218671179418,39.150000000000006,100.0,False
Fixed 99/96,2020-09-25,1053646.678464956,-9384.671640114668,1044262.0068248415,2944.519457552815,0.0028276865540761698,0.0,0.0,99/96,3.149218671179418,29.800000000000004,100.0,False
Fixed 99/96,2020-09-28,1053646.678464956,-6581.867022764984,1047064.8114421911,2802.8046173496405,0.0026840051625278694,0.0,0.0,99/96,3.149218671179418,20.9,100.0,False
Fixed 99/96,2020-09-29,1053646.678464956,-7101.488103509588,1046545.1903614466,-519.6210807445459,-0.0004962644862727128,0.0,0.0,99/96,3.149218671179418,22.55,100.0,False
Fixed 99/96,2020-09-30,1053646.678464956,-6818.058423103442,1046828.6200418527,283.42968040611595,0.0002708241201778705,0.0,0.0,99/96,3.149218671179418,21.650000000000006,100.0,False
Fixed 99/96,2020-10-01,1053646.678464956,-5495.386581208086,1048151.291883748,1322.6718418953242,0.001263503706884217,0.0,0.0,99/96,3.149218671179418,17.450000000000003,100.0,False
Fixed 99/96,2020-10-02,1053646.678464956,-6707.83576961216,1046938.842695344,-1212.449188404018,-0.0011567501731787333,0.0,0.0,99/96,3.149218671179418,21.299999999999997,100.0,False
Fixed 99/96,2020-10-05,1053646.678464956,-3700.3319386358157,1049946.3465263203,3007.5038309763186,0.002872664293583238,0.0,0.0,99/96,3.149218671179418,11.749999999999998,100.0,False
Fixed 99/96,2020-10-06,1053646.678464956,-5101.734247310658,1048544.9442176454,-1401.4023086748784,-0.001334737068528602,0.0,0.0,99/96,3.149218671179418,16.200000000000003,100.0,False
Fixed 99/96,2020-10-07,1053646.678464956,-2377.6600967404606,1051269.0183682158,2724.074150570319,0.002597956497327747,0.0,0.0,99/96,3.149218671179418,7.55,100.0,False
Fixed 99/96,2020-10-08,1053646.678464956,-1047.1152081671567,1052599.563256789,1330.544888573233,0.0012656559504040654,0.0,0.0,99/96,3.149218671179418,3.325,100.0,False
Fixed 99/96,2020-10-09,1053646.678464956,-338.54100715178737,1053308.1374578043,708.5742010152899,0.000673165965244138,0.0,0.0,99/96,3.149218671179418,1.0749999999999997,100.0,False
Fixed 99/96,2020-10-12,1053646.678464956,-110.22265349127962,1053536.455811465,228.3183536606375,0.00021676311569351903,0.0,0.0,99/96,3.149218671179418,0.3499999999999999,100.0,False
Fixed 99/96,2020-10-13,1053646.678464956,-102.34960681333106,1053544.3288581427,7.873046677792445,7.47297033187877e-06,0.0,0.0,99/96,3.149218671179418,0.3249999999999999,100.0,False
Fixed 99/96,2020-10-14,1053646.678464956,-86.603513457434,1053560.0749514988,15.746093356050551,1.4945828974433084e-05,0.0,0.0,99/96,3.149218671179418,0.275,100.0,False
Fixed 99/96,2020-10-15,1053646.678464956,-31.492186711794183,1053615.1862782442,55.111326745478436,5.230961959901137e-05,0.0,0.0,99/96,3.149218671179418,0.1,100.0,False
Fixed 99/96,2020-10-16,1062249.610101543,-9723.475201837491,1052526.1348997054,-1089.051378538832,-0.0010336329551073886,1120.5435652506344,0.0,99/96,3.0244090829976638,32.150000000000006,105.0,False
Fixed 99/96,2020-10-19,1062249.610101543,-11175.191561676367,1051074.4185398666,-1451.7163598388433,-0.0013792687057383457,0.0,0.0,99/96,3.0244090829976638,36.95,105.0,False
Fixed 99/96,2020-10-20,1062249.610101543,-10857.628607961615,1051391.9814935813,317.562953714747,0.0003021317502482912,0.0,0.0,99/96,3.0244090829976638,35.900000000000006,105.0,False
Fixed 99/96,2020-10-21,1062249.610101543,-10857.628607961615,1051391.9814935813,0.0,0.0,0.0,0.0,99/96,3.0244090829976638,35.900000000000006,105.0,False
Fixed 99/96,2020-10-22,1062249.610101543,-10071.282246382214,1052178.3278551607,786.3463615793735,0.0007479097952243219,0.0,0.0,99/96,3.0244090829976638,33.29999999999998,105.0,False
Fixed 99/96,2020-10-23,1062249.610101543,-9904.939746817347,1052344.6703547256,166.34249956486747,0.00015809344781314572,0.0,0.0,99/96,3.0244090829976638,32.74999999999999,105.0,False
Fixed 99/96,2020-10-26,1062249.610101543,-12672.274057760213,1049577.3360437828,-2767.334310942795,-0.002629684350479944,0.0,0.0,99/96,3.0244090829976638,41.900000000000006,105.0,False
Fixed 99/96,2020-10-27,1062249.610101543,-13337.644056019704,1048911.9660455233,-665.3699982594699,-0.000633940897359242,0.0,0.0,99/96,3.0244090829976638,44.10000000000002,105.0,False
Fixed 99/96,2020-10-28,1062249.610101543,-18433.773360870757,1043815.8367406721,-5096.1293048511725,-0.004858490959983919,0.0,0.0,99/96,3.0244090829976638,60.94999999999999,105.0,False
Fixed 99/96,2020-10-29,1062249.610101543,-17481.084499726498,1044768.5256018164,952.688861144241,0.0009126982247356086,0.0,0.0,99/96,3.0244090829976638,57.80000000000001,105.0,False
Fixed 99/96,2020-10-30,1062249.610101543,-18584.99381502064,1043664.6162865222,-1103.9093152941205,-0.0010566065958564907,0.0,0.0,99/96,3.0244090829976638,61.44999999999999,105.0,False
Fixed 99/96,2020-11-02,1062249.610101543,-17723.03722636631,1044526.5728751766,861.9565886543132,0.0008258942338403852,0.0,0.0,99/96,3.0244090829976638,58.599999999999994,105.0,False
Fixed 99/96,2020-11-03,1062249.610101543,-15273.265869138206,1046976.3442324047,2449.7713572281646,0.002345341344916596,0.0,0.0,99/96,3.0244090829976638,50.500000000000014,105.0,False
Fixed 99/96,2020-11-04,1062249.610101543,-10358.601109266998,1051891.008992276,4914.664759871201,0.004694150719779966,0.0,0.0,99/96,3.0244090829976638,34.25,105.0,False
Fixed 99/96,2020-11-05,1062249.610101543,-6260.526801805162,1055989.0832997377,4098.074307461735,0.003895911527362239,0.0,0.0,99/96,3.0244090829976638,20.699999999999996,105.0,False
Fixed 99/96,2020-11-06,1062249.610101543,-6124.428393070269,1056125.1817084725,136.09840873489156,0.00012888240123620776,0.0,0.0,99/96,3.0244090829976638,20.25,105.0,False
Fixed 99/96,2020-11-09,1062249.610101543,-4067.8302166318585,1058181.7798849111,2056.5981764385942,0.0019473053119627437,0.0,0.0,99/96,3.0244090829976638,13.450000000000003,105.0,False
Fixed 99/96,2020-11-10,1062249.610101543,-3780.5113537470797,1058469.098747796,287.3188628847711,0.000271521272003028,0.0,0.0,99/96,3.0244090829976638,12.5,105.0,False
Fixed 99/96,2020-11-11,1062249.610101543,-2101.964312683376,1060147.6457888596,1678.5470410636626,0.0015858252669345152,0.0,0.0,99/96,3.0244090829976638,6.949999999999999,105.0,False
Fixed 99/96,2020-11-12,1062249.610101543,-3341.9720367124187,1058907.6380648306,-1240.007724029012,-0.0011696556880115283,0.0,0.0,99/96,3.0244090829976638,11.05,105.0,False
Fixed 99/96,2020-11-13,1062249.610101543,-1481.9604506688552,1060767.649650874,1860.011586043518,0.00175653807677012,0.0,0.0,99/96,3.0244090829976638,4.9,105.0,False
Fixed 99/96,2020-11-16,1062249.610101543,-287.31886288477807,1061962.2912386581,1194.6415877840482,0.0011262047708349154,0.0,0.0,99/96,3.0244090829976638,0.9500000000000002,105.0,False
Fixed 99/96,2020-11-17,1062249.610101543,-226.8306812248247,1062022.779420318,60.488181659951806,5.6958879010027275e-05,0.0,0.0,99/96,3.0244090829976638,0.7499999999999998,105.0,False
Fixed 99/96,2020-11-18,1062249.610101543,-310.0019310072605,1061939.6081705356,-83.17124978243373,-7.831399796132121e-05,0.0,0.0,99/96,3.0244090829976638,1.025,105.0,False
Fixed 99/96,2020-11-19,1062249.610101543,-98.29329519742407,1062151.3168063455,211.70863580983132,0.00019936033478828996,0.0,0.0,99/96,3.0244090829976638,0.325,105.0,False
Fixed 99/96,2020-11-20,1070280.2163491144,-8136.60606976474,1062143.6102793496,-7.706526995869353,-7.255582960663531e-06,105.99982219326412,0.0,99/96,2.9859104843173374,27.249999999999986,105.0,False
Fixed 99/96,2020-11-23,1070280.2163491144,-6210.693807380063,1064069.5225417344,1925.9122623847798,0.0018132315100762852,0.0,0.0,99/96,2.9859104843173374,20.800000000000004,105.0,False
Fixed 99/96,2020-11-24,1070280.2163491144,-4150.4155732011,1066129.8007759133,2060.278234178899,0.0019362252094745624,0.0,0.0,99/96,2.9859104843173374,13.900000000000006,105.0,False
Fixed 99/96,2020-11-25,1070280.2163491144,-4075.7678110931647,1066204.4485380212,74.64776210789569,7.001751761714914e-05,0.0,0.0,99/96,2.9859104843173374,13.649999999999999,105.0,False
Fixed 99/96,2020-11-27,1070280.2163491144,-3866.7540771909516,1066413.4622719234,209.01373390224762,0.00019603532342116203,0.0,0.0,99/96,2.9859104843173374,12.95,105.0,False
Fixed 99/96,2020-11-30,1070280.2163491144,-3896.613182034125,1066383.6031670803,-29.85910484311171,-2.7999557300706357e-05,0.0,0.0,99/96,2.9859104843173374,13.05,105.0,False
Fixed 99/96,2020-12-01,1070280.2163491144,-2970.980931895751,1067309.2354172186,925.6322501383256,0.0008680105802352234,0.0,0.0,99/96,2.9859104843173374,9.950000000000001,105.0,False
Fixed 99/96,2020-12-02,1070280.2163491144,-2523.09435924815,1067757.1219898663,447.88657264760695,0.0004196408667564988,0.0,0.0,99/96,2.9859104843173374,8.45,105.0,False
Fixed 99/96,2020-12-03,1070280.2163491144,-2329.010177767523,1067951.2061713468,194.08418148057535,0.00018176809827208373,0.0,0.0,99/96,2.9859104843173374,7.800000000000001,105.0,False
Fixed 99/96,2020-12-04,1070280.2163491144,-1657.1803187961218,1068623.0360303184,671.8298589715268,0.0006290829160444655,0.0,0.0,99/96,2.9859104843173374,5.549999999999999,105.0,False
Fixed 99/96,2020-12-07,1070280.2163491144,-1313.8006130996284,1068966.4157360147,343.3797056963667,0.00032132912553706205,0.0,0.0,99/96,2.9859104843173374,4.4,105.0,False
Fixed 99/96,2020-12-08,1070280.2163491144,-910.702697716788,1069369.5136513975,403.097915382823,0.00037709128130591907,0.0,0.0,99/96,2.9859104843173374,3.0500000000000003,105.0,False
Fixed 99/96,2020-12-09,1070280.2163491144,-1373.5188227859755,1068906.6975263285,-462.8161250690464,-0.00043279345367608357,0.0,0.0,99/96,2.9859104843173374,4.600000000000001,105.0,False
Fixed 99/96,2020-12-10,1070280.2163491144,-1239.152850991695,1069041.0634981229,134.36597179435194,0.00012570411627632616,0.0,0.0,99/96,2.9859104843173374,4.15,105.0,False
Fixed 99/96,2020-12-11,1070280.2163491144,-1194.3641937269347,1069085.8521553874,44.78865726455115,4.189610557903123e-05,0.0,0.0,99/96,2.9859104843173374,3.9999999999999996,105.0,False
Fixed 99/96,2020-12-14,1070280.2163491144,-1030.1391170894815,1069250.0772320249,164.22507663746364,0.00015361261801971615,0.0,0.0,99/96,2.9859104843173374,3.45,105.0,False
Fixed 99/96,2020-12-15,1070280.2163491144,-328.4501532749071,1069951.7661958395,701.6889638146386,0.0006562440150867932,0.0,0.0,99/96,2.9859104843173374,1.1,105.0,False
Fixed 99/96,2020-12-16,1070280.2163491144,-126.90119558348685,1070153.315153531,201.5489576915279,0.0001883720033550862,0.0,0.0,99/96,2.9859104843173374,0.42500000000000004,105.0,False
Fixed 99/96,2020-12-17,1070280.2163491144,-134.3659717942802,1070145.85037732,-7.46477621095255,-6.975426889987979e-06,0.0,0.0,99/96,2.9859104843173374,0.45000000000000007,105.0,False
Fixed 99/96,2020-12-18,1076749.084179605,-6578.509658125991,1070170.574521479,24.724144158884883,2.3103527570622617e-05,109.64182763543319,0.0,99/96,2.8853112535640313,22.799999999999997,110.0,False
Fixed 99/96,2020-12-21,1076749.084179605,-7790.340384622885,1068958.743794982,-1211.8307264968753,-0.001132371563326462,0.0,0.0,99/96,2.8853112535640313,27.0,110.0,False
Fixed 99/96,2020-12-22,1076749.084179605,-8093.298066247112,1068655.7861133579,-302.9576816242188,-0.000283413820582723,0.0,0.0,99/96,2.8853112535640313,28.05000000000001,110.0,False
Fixed 99/96,2020-12-23,1076749.084179605,-7631.648265676864,1069117.435913928,461.64980057021603,0.0004319911112344865,0.0,0.0,99/96,2.8853112535640313,26.450000000000003,110.0,False
Fixed 99/96,2020-12-24,1076749.084179605,-6607.362770661633,1070141.7214089432,1024.285495015094,0.0009580664018817853,0.0,0.0,99/96,2.8853112535640313,22.900000000000002,110.0,False
Fixed 99/96,2020-12-28,1076749.084179605,-4731.910455845012,1072017.1737237598,1875.4523148166481,0.0017525270506670854,0.0,0.0,99/96,2.8853112535640313,16.4,110.0,False
Fixed 99/96,2020-12-29,1076749.084179605,-5092.574362540515,1071656.5098170643,-360.66390669555403,-0.0003364348216948754,0.0,0.0,99/96,2.8853112535640313,17.65,110.0,False
Fixed 99/96,2020-12-30,1076749.084179605,-5006.015024933595,1071743.0691546714,86.55933760711923,8.077153156271777e-05,0.0,0.0,99/96,2.8853112535640313,17.35,110.0,False
Fixed 99/96,2020-12-31,1076749.084179605,-3996.156086186184,1072752.9280934187,1009.8589387473185,0.0009422584272402723,0.0,0.0,99/96,2.8853112535640313,13.850000000000001,110.0,False
Fixed 99/96,2021-01-04,1076749.084179605,-6722.775220804195,1070026.3089588007,-2726.6191346179694,-0.0025417028126540897,0.0,0.0,99/96,2.8853112535640313,23.300000000000004,110.0,False
Fixed 99/96,2021-01-05,1076749.084179605,-5034.868137469236,1071714.2160421356,1687.907083334867,0.0015774444695451084,0.0,0.0,99/96,2.8853112535640313,17.450000000000003,110.0,False
Fixed 99/96,2021-01-06,1076749.084179605,-3592.21251068722,1073156.8716689176,1442.6556267819833,0.001346119707275939,0.0,0.0,99/96,2.8853112535640313,12.450000000000003,110.0,False
Fixed 99/96,2021-01-07,1076749.084179605,-1298.3900641038144,1075450.6941155011,2293.8224465835374,0.002137453066872075,0.0,0.0,99/96,2.8853112535640313,4.500000000000001,110.0,False
Fixed 99/96,2021-01-08,1076749.084179605,-836.7402635335692,1075912.3439160713,461.64980057021603,0.00042926170683244,0.0,0.0,99/96,2.8853112535640313,2.9000000000000004,110.0,False
Fixed 99/96,2021-01-11,1076749.084179605,-1031.4987731491412,1075717.5854064557,-194.75850961566903,-0.00018101707886986063,0.0,0.0,99/96,2.8853112535640313,3.575,110.0,False
Fixed 99/96,2021-01-12,1076749.084179605,-548.209138177166,1076200.8750414278,483.28963497211225,0.0004492718549260477,0.0,0.0,99/96,2.8853112535640313,1.9000000000000001,110.0,False
Fixed 99/96,2021-01-13,1076749.084179605,-151.47884081211163,1076597.6053387928,396.730297364993,0.0003686396346311849,0.0,0.0,99/96,2.8853112535640313,0.5249999999999999,110.0,False
Fixed 99/96,2021-01-14,1076749.084179605,-100.9858938747411,1076648.0982857302,50.492946937447414,4.6900482303824376e-05,0.0,0.0,99/96,2.8853112535640313,0.35,110.0,False
Fixed 99/96,2021-01-15,1084677.0091688076,-8043.650691874446,1076633.358476933,-14.739808797137812,-1.3690460997084486e-05,115.72570267172566,0.0,99/96,2.8574247573266236,28.150000000000006,110.0,False
Fixed 99/96,2021-01-19,1084677.0091688076,-6314.908713691838,1078362.1004551158,1728.7419781826902,0.0016056923785348065,0.0,0.0,99/96,2.8574247573266236,22.1,110.0,False
Fixed 99/96,2021-01-20,1084677.0091688076,-4500.44399278943,1080176.5651760183,1814.4647209024988,0.0016826117313810673,0.0,0.0,99/96,2.8574247573266236,15.749999999999993,110.0,False
Fixed 99/96,2021-01-21,1084677.0091688076,-4386.147002496367,1080290.8621663114,114.29699029307812,0.00010581324755398747,0.0,0.0,99/96,2.8574247573266236,15.350000000000001,110.0,False
Fixed 99/96,2021-01-22,1084677.0091688076,-4629.028106869131,1080047.9810619385,-242.88110437290743,-0.00022482936112766527,0.0,0.0,99/96,2.8574247573266236,16.200000000000003,110.0,False
Fixed 99/96,2021-01-25,1084677.0091688076,-4228.988640843404,1080448.0205279642,400.03946602577344,0.00037039045768350043,0.0,0.0,99/96,2.8574247573266236,14.800000000000004,110.0,False
Fixed 99/96,2021-01-26,1084677.0091688076,-4214.70151705677,1080462.307651751,14.28712378675118,1.3223332835377022e-05,0.0,0.0,99/96,2.8574247573266236,14.750000000000004,110.0,False
Fixed 99/96,2021-01-27,1084677.0091688076,-9858.115412776846,1074818.8937560308,-5643.41389572015,-0.005223147402509065,0.0,0.0,99/96,2.8574247573266236,34.499999999999986,110.0,False
Fixed 99/96,2021-01-28,1084677.0091688076,-6772.096674864094,1077904.9124939435,3086.0187379126437,0.0028711988185547987,0.0,0.0,99/96,2.8574247573266236,23.69999999999999,110.0,False
Fixed 99/96,2021-01-29,1084677.0091688076,-9929.551031710016,1074747.4581370975,-3157.454356845934,-0.0029292512913227098,0.0,0.0,99/96,2.8574247573266236,34.75,110.0,False
Fixed 99/96,2021-02-01,1084677.0091688076,-7300.720254969518,1077376.288913838,2628.830776740564,0.002445998598868293,0.0,0.0,99/96,2.8574247573266236,25.549999999999983,110.0,False
Fixed 99/96,2021-02-02,1084677.0091688076,-4257.56288841667,1080419.446280391,3043.157366552856,0.002824600279277334,0.0,0.0,99/96,2.8574247573266236,14.900000000000002,110.0,False
Fixed 99/96,2021-02-03,1084677.0091688076,-3586.0680704449114,1081090.9410983627,671.4948179717176,0.0006215130802056379,0.0,0.0,99/96,2.8574247573266236,12.549999999999997,110.0,False
Fixed 99/96,2021-02-04,1084677.0091688076,-2414.523919940997,1082262.4852488667,1171.5441505040508,0.001083668455600817,0.0,0.0,99/96,2.8574247573266236,8.450000000000001,110.0,False
Fixed 99/96,2021-02-05,1084677.0091688076,-1657.3063592494418,1083019.7028095583,757.2175606915262,0.000699661654185002,0.0,0.0,99/96,2.8574247573266236,5.800000000000001,110.0,False
Fixed 99/96,2021-02-08,1084677.0091688076,-1121.5392172506997,1083555.469951557,535.7671419987455,0.0004946975023711886,0.0,0.0,99/96,2.8574247573266236,3.9250000000000003,110.0,False
Fixed 99/96,2021-02-09,1084677.0091688076,-1014.3857888509515,1083662.6233799567,107.15342839970253,9.889057955159153e-05,0.0,0.0,99/96,2.8574247573266236,3.5500000000000007,110.0,False
Fixed 99/96,2021-02-10,1084677.0091688076,-1000.0986650643181,1083676.9105037432,14.28712378651835,1.3184106822716757e-05,0.0,0.0,99/96,2.8574247573266236,3.4999999999999996,110.0,False
Fixed 99/96,2021-02-11,1084677.0091688076,-757.2175606915553,1083919.7916081161,242.88110437290743,0.00022412686107697866,0.0,0.0,99/96,2.8574247573266236,2.6500000000000004,110.0,False
Fixed 99/96,2021-02-12,1084677.0091688076,-192.87617111954717,1084484.1329976881,564.341389572015,0.0005206486623283713,0.0,0.0,99/96,2.8574247573266236,0.6750000000000003,110.0,False
Fixed 99/96,2021-02-16,1084677.0091688076,-107.15342839974838,1084569.855740408,85.7227427198086,7.904471823194648e-05,0.0,0.0,99/96,2.8574247573266236,0.375,110.0,False
Fixed 99/96,2021-02-17,1084677.0091688076,-64.292057039849,1084612.7171117677,42.86137135978788,3.951923532907742e-05,0.0,0.0,99/96,2.8574247573266236,0.22499999999999992,110.0,False
Fixed 99/96,2021-02-18,1084677.0091688076,-42.861371359899344,1084634.1477974479,21.43068568012677,1.9758836810712666e-05,0.0,0.0,99/96,2.8574247573266236,0.14999999999999997,110.0,False
Fixed 99/96,2021-02-19,1091783.3232610403,-7177.113470764318,1084606.209790276,-27.938007171964273,-2.575800073112422e-05,70.79937853171892,0.0,99/96,2.776446216930104,25.849999999999994,120.0,False
Fixed 99/96,2021-02-22,1091783.3232610403,-8426.514268382865,1083356.8089926573,-1249.400797618553,-0.0011519395577314073,0.0,0.0,99/96,2.776446216930104,30.349999999999994,120.0,False
Fixed 99/96,2021-02-23,1091783.3232610403,-8384.867575128916,1083398.4556859112,41.64669325388968,3.8442268427418824e-05,0.0,0.0,99/96,2.776446216930104,30.200000000000003,120.0,False
Fixed 99/96,2021-02-24,1091783.3232610403,-5788.890362299267,1085994.432898741,2595.977212829748,0.002396142618817265,0.0,0.0,99/96,2.776446216930104,20.849999999999998,120.0,False
Fixed 99/96,2021-02-25,1091783.3232610403,-11133.549329889716,1080649.7739311506,-5344.658967590425,-0.0049214423257442075,0.0,0.0,99/96,2.776446216930104,40.099999999999994,120.0,False
Fixed 99/96,2021-02-26,1091783.3232610403,-12702.241442455232,1079081.081818585,-1568.6921125655062,-0.0014516193408887768,0.0,0.0,99/96,2.776446216930104,45.750000000000014,120.0,False
Fixed 99/96,2021-03-01,1091783.3232610403,-6663.470920632251,1085119.852340408,6038.770521822851,0.005596215727965204,0.0,0.0,99/96,2.776446216930104,24.000000000000004,120.0,False
Fixed 99/96,2021-03-02,1091783.3232610403,-8398.749806213566,1083384.5734548266,-1735.2788855812978,-0.0015991587305665966,0.0,0.0,99/96,2.776446216930104,30.25,120.0,False
Fixed 99/96,2021-03-03,1091783.3232610403,-12452.361282931517,1079330.9619781089,-4053.6114767177496,-0.0037416182360721084,0.0,0.0,99/96,2.776446216930104,44.849999999999994,120.0,False
Fixed 99/96,2021-03-04,1091783.3232610403,-15423.158735046733,1076360.1645259936,-2970.797452115221,-0.0027524434643018125,0.0,0.0,99/96,2.776446216930104,55.55000000000001,120.0,False
Fixed 99/96,2021-03-05,1091783.3232610403,-10730.964628434851,1081052.3586326055,4692.194106611889,0.004359316018238468,0.0,0.0,99/96,2.776446216930104,38.64999999999999,120.0,False
Fixed 99/96,2021-03-08,1091783.3232610403,-11605.545186767835,1080177.7780742724,-874.5805583330803,-0.0008090085104104361,0.0,0.0,99/96,2.776446216930104,41.8,120.0,False
Fixed 99/96,2021-03-09,1091783.3232610403,-8565.336579229372,1083217.9866818108,3040.2086075383704,0.0028145446696361542,0.0,0.0,99/96,2.776446216930104,30.849999999999998,120.0,False
Fixed 99/96,2021-03-10,1091783.3232610403,-5622.303589283461,1086161.0196717568,2943.032989945961,0.002716935119367214,0.0,0.0,99/96,2.776446216930104,20.25,120.0,False
Fixed 99/96,2021-03-11,1091783.3232610403,-3595.4978509244847,1088187.8254101158,2026.8057383589912,0.0018660269533254947,0.0,0.0,99/96,2.776446216930104,12.95,120.0,False
Fixed 99/96,2021-03-12,1091783.3232610403,-2505.7427107794197,1089277.5805502608,1089.7551401450764,0.0010014402979874326,0.0,0.0,99/96,2.776446216930104,9.025000000000002,120.0,False
Fixed 99/96,2021-03-15,1091783.3232610403,-1242.4596820762215,1090540.863578964,1263.283028703183,0.0011597438993145026,0.0,0.0,99/96,2.776446216930104,4.475,120.0,False
Fixed 99/96,2021-03-16,1091783.3232610403,-909.2861360446091,1090874.0371249956,333.1735460315831,0.00030551220697794257,0.0,0.0,99/96,2.776446216930104,3.2749999999999995,120.0,False
Fixed 99/96,2021-03-17,1091783.3232610403,-277.6446216930104,1091505.6786393472,631.6415143515915,0.0005790233270344114,0.0,0.0,99/96,2.776446216930104,0.9999999999999998,120.0,False
Fixed 99/96,2021-03-18,1091783.3232610403,-1041.167331348789,1090742.1559296914,-763.5227096558083,-0.0006995132729017417,0.0,0.0,99/96,2.776446216930104,3.75,120.0,False
Fixed 99/96,2021-03-19,1099168.6453446816,-7477.394478337271,1091691.2508663442,949.0949366528075,0.0008701368435182211,92.072394695944,0.0,99/96,2.7900725665437576,26.800000000000004,120.0,False
Fixed 99/96,2021-03-22,1099168.6453446816,-5217.435699436826,1093951.2096452448,2259.95877890056,0.002070144628444348,0.0,0.0,99/96,2.7900725665437576,18.7,120.0,False
Fixed 99/96,2021-03-23,1099168.6453446816,-6626.422345541424,1092542.2229991402,-1408.986646104604,-0.0012879794214601947,0.0,0.0,99/96,2.7900725665437576,23.75,120.0,False
Fixed 99/96,2021-03-24,1099168.6453446816,-7826.153549155238,1091342.4917955264,-1199.7312036138028,-0.001098109691651472,0.0,0.0,99/96,2.7900725665437576,28.049999999999994,120.0,False
Fixed 99/96,2021-03-25,1099168.6453446816,-6249.762549058016,1092918.8827956235,1576.3910000971518,0.0014444512258509068,0.0,0.0,99/96,2.7900725665437576,22.4,120.0,False
Fixed 99/96,2021-03-26,1099168.6453446816,-3752.6476020013542,1095415.9977426801,2497.1149470566306,0.0022848127032712995,0.0,0.0,99/96,2.7900725665437576,13.450000000000003,120.0,False
Fixed 99/96,2021-03-29,1099168.6453446816,-3822.3994161649475,1095346.2459285166,-69.7518141635228,-6.367609593727064e-05,0.0,0.0,99/96,2.7900725665437576,13.7,120.0,False
Fixed 99/96,2021-03-30,1099168.6453446816,-3989.803770157573,1095178.841574524,-167.40435399254784,-0.00015283236201779626,0.0,0.0,99/96,2.7900725665437576,14.3,120.0,False
Fixed 99/96,2021-03-31,1099168.6453446816,-3375.987805517947,1095792.6575391637,613.8159646396525,0.0005604709855033807,0.0,0.0,99/96,2.7900725665437576,12.100000000000001,120.0,False
Fixed 99/96,2021-04-01,1099168.6453446816,-1701.9442655916919,1097466.70107909,1674.043539926177,0.0015277010011049974,0.0,0.0,99/96,2.7900725665437576,6.1,120.0,False
Fixed 99/96,2021-04-05,1099168.6453446816,-816.096225714049,1098352.5491189675,885.848039877601,0.0008071753238678703,0.0,0.0,99/96,2.7900725665437576,2.925,120.0,False
Fixed 99/96,2021-04-06,1099168.6453446816,-746.344411550455,1098422.300933131,69.7518141635228,6.350585175907142e-05,0.0,0.0,99/96,2.7900725665437576,2.675,120.0,False
Fixed 99/96,2021-04-07,1099168.6453446816,-488.2626991451577,1098680.3826455364,258.08171240543015,0.00023495673038165243,0.0,0.0,99/96,2.7900725665437576,1.7500000000000004,120.0,False
Fixed 99/96,2021-04-08,1099168.6453446816,-251.1065309889382,1098917.5388136925,237.15616815607063,0.00021585546797964206,0.0,0.0,99/96,2.7900725665437576,0.9000000000000001,120.0,False
Fixed 99/96,2021-04-09,1099168.6453446816,-111.60290266175029,1099057.0424420198,139.50362832727842,0.00012694640261901036,0.0,0.0,99/96,2.7900725665437576,0.39999999999999997,120.0,False
Fixed 99/96,2021-04-12,1099168.6453446816,-34.87590708179697,1099133.7694375997,76.72699557989836,6.981165910135978e-05,0.0,0.0,99/96,2.7900725665437576,0.125,120.0,False
Fixed 99/96,2021-04-13,1099168.6453446816,-27.900725665437566,1099140.744619016,6.9751814163755625,6.346071433904754e-06,0.0,0.0,99/96,2.7900725665437576,0.09999999999999998,120.0,False
Fixed 99/96,2021-04-14,1099168.6453446816,-20.925544249078175,1099147.7198004324,6.9751814163755625,6.346031161674759e-06,0.0,0.0,99/96,2.7900725665437576,0.07499999999999998,120.0,False
Fixed 99/96,2021-04-15,1099168.6453446816,-6.975181416359394,1099161.6701632652,13.950362832751125,1.2691981779555661e-05,0.0,0.0,99/96,2.7900725665437576,0.025,120.0,False
Fixed 99/96,2021-04-16,1106133.2039195248,-7038.09086748863,1099095.1130520361,-66.55711122904904,-6.0552612991982e-05,73.53229264540357,0.0,99/96,2.6261533087644136,26.800000000000004,125.0,False
Fixed 99/96,2021-04-19,1106133.2039195248,-7878.459926293241,1098254.7439932316,-840.3690588045865,-0.0007646008510319158,0.0,0.0,99/96,2.6261533087644136,30.0,125.0,False
Fixed 99/96,2021-04-20,1106133.2039195248,-9966.251806760947,1096166.952112764,-2087.7918804676738,-0.0019010087521921237,0.0,0.0,99/96,2.6261533087644136,37.94999999999999,125.0,False
Fixed 99/96,2021-04-21,1106133.2039195248,-7773.413793942665,1098359.7901255821,2192.838012818247,0.002000459883042316,0.0,0.0,99/96,2.6261533087644136,29.6,125.0,False
Fixed 99/96,2021-04-22,1106133.2039195248,-9598.590343533928,1096534.6135759908,-1825.176549591357,-0.001661729212959151,0.0,0.0,99/96,2.6261533087644136,36.54999999999998,125.0,False
Fixed 99/96,2021-04-23,1106133.2039195248,-7182.529299470671,1098950.6746200542,2416.061044063419,0.0022033604905404847,0.0,0.0,99/96,2.6261533087644136,27.349999999999998,125.0,False
Fixed 99/96,2021-04-26,1106133.2039195248,-6473.467906104279,1099659.7360134206,709.0613933664281,0.0006452167597164049,0.0,0.0,99/96,2.6261533087644136,24.65,125.0,False
Fixed 99/96,2021-04-27,1106133.2039195248,-6223.983341771662,1099909.2205777531,249.48456433252431,0.00022687432863266466,0.0,0.0,99/96,2.6261533087644136,23.700000000000006,125.0,False
Fixed 99/96,2021-04-28,1106133.2039195248,-6000.760310526685,1100132.443608998,223.2230312449392,0.00020294677694199237,0.0,0.0,99/96,2.6261533087644136,22.85,125.0,False
Fixed 99/96,2021-04-29,1106133.2039195248,-5107.868185546785,1101025.335733978,892.8921249799896,0.0008116223916194709,0.0,0.0,99/96,2.6261533087644136,19.450000000000003,125.0,False
Fixed 99/96,2021-04-30,1106133.2039195248,-5974.498777439041,1100158.7051420857,-866.6305918924045,-0.0007871123068341479,0.0,0.0,99/96,2.6261533087644136,22.75,125.0,False
Fixed 99/96,2021-05-03,1106133.2039195248,-5423.006582598514,1100710.1973369264,551.4921948406845,0.0005012842167797515,0.0,0.0,99/96,2.6261533087644136,20.65,125.0,False
Fixed 99/96,2021-05-04,1106133.2039195248,-7077.4831671200955,1099055.7207524048,-1654.476584521588,-0.001503099170448774,0.0,0.0,99/96,2.6261533087644136,26.950000000000003,125.0,False
Fixed 99/96,2021-05-05,1106133.2039195248,-6539.12173882339,1099594.0821807014,538.3614282966591,0.0004898399763826333,0.0,0.0,99/96,2.6261533087644136,24.9,125.0,False
Fixed 99/96,2021-05-06,1106133.2039195248,-4267.499126742172,1101865.7047927827,2271.6226120812353,0.002065873806428753,0.0,0.0,99/96,2.6261533087644136,16.25,125.0,False
Fixed 99/96,2021-05-07,1106133.2039195248,-2626.1533087644148,1103507.0506107605,1641.3458179777954,0.0014896060480313889,0.0,0.0,99/96,2.6261533087644136,10.000000000000004,125.0,False
Fixed 99/96,2021-05-10,1106133.2039195248,-5002.822053196209,1101130.3818663287,-2376.6687444318086,-0.0021537413314363096,0.0,0.0,99/96,2.6261533087644136,19.050000000000004,125.0,False
Fixed 99/96,2021-05-11,1106133.2039195248,-7917.8522259247065,1098215.3516936002,-2915.0301727284677,-0.0026473070044509273,0.0,0.0,99/96,2.6261533087644136,30.15,125.0,False
Fixed 99/96,2021-05-12,1106133.2039195248,-14824.635427975116,1091308.5684915497,-6906.783202050487,-0.006289097298994517,0.0,0.0,99/96,2.6261533087644136,56.45,125.0,False
Fixed 99/96,2021-05-13,1106133.2039195248,-10570.267067776766,1095562.936851748,4254.368360198336,0.003898410113355011,0.0,0.0,99/96,2.6261533087644136,40.25,125.0,False
Fixed 99/96,2021-05-14,1106133.2039195248,-4149.322227847773,1101983.881691677,6420.944839928998,0.005860863510388947,0.0,0.0,99/96,2.6261533087644136,15.8,125.0,False
Fixed 99/96,2021-05-17,1106133.2039195248,-4595.768290337724,1101537.4356291872,-446.4460624898784,-0.000405129394274395,0.0,0.0,99/96,2.6261533087644136,17.5,125.0,False
Fixed 99/96,2021-05-18,1106133.2039195248,-8101.682957538216,1098031.5209619866,-3505.91466720053,-0.003182746726349772,0.0,0.0,99/96,2.6261533087644136,30.85,125.0,False
Fixed 99/96,2021-05-19,1106133.2039195248,-9743.028775515973,1096390.1751440088,-1641.3458179777954,-0.0014948075593856913,0.0,0.0,99/96,2.6261533087644136,37.099999999999994,125.0,False
Fixed 99/96,2021-05-20,1106133.2039195248,-2100.922647011531,1104032.2812725133,7642.1061285045,0.006970243168679113,0.0,0.0,99/96,2.6261533087644136,8.0,125.0,False
Fixed 99/96,2021-05-21,1112526.4222743828,-6467.743797795475,1106058.6784765874,2026.3972040740773,0.0018354510447271544,74.52544293756101,0.0,99/96,2.6616229620557506,24.300000000000004,125.0,False
Fixed 99/96,2021-05-24,1112526.4222743828,-4538.0671503050535,1107988.3551240778,1929.6766474903561,0.001744642201215063,0.0,0.0,99/96,2.6616229620557506,17.049999999999997,125.0,False
Fixed 99/96,2021-05-25,1112526.4222743828,-5070.391742716204,1107456.0305316665,-532.3245924112853,-0.00048044240713307484,0.0,0.0,99/96,2.6616229620557506,19.049999999999997,125.0,False
Fixed 99/96,2021-05-26,1112526.4222743828,-4365.06165777143,1108161.3606166113,705.3300849448424,0.0006368921794630555,0.0,0.0,99/96,2.6616229620557506,16.4,125.0,False
Fixed 99/96,2021-05-27,1112526.4222743828,-3606.499113585543,1108919.9231607972,758.5625441859011,0.0006845235460690713,0.0,0.0,99/96,2.6616229620557506,13.550000000000004,125.0,False
Fixed 99/96,2021-05-28,1112526.4222743828,-3406.8773914313606,1109119.5448829515,199.6217221543193,0.0001800145510826301,0.0,0.0,99/96,2.6616229620557506,12.8,125.0,False
Fixed 99/96,2021-06-01,1112526.4222743828,-3539.9585395341483,1108986.4637348487,-133.08114810287952,-0.00011998810111757408,0.0,0.0,99/96,2.6616229620557506,13.3,125.0,False
Fixed 99/96,2021-06-02,1112526.4222743828,-3114.0988656052273,1109412.3234087776,425.8596739289351,0.00038400799996662904,0.0,0.0,99/96,2.6616229620557506,11.699999999999998,125.0,False
Fixed 99/96,2021-06-03,1112526.4222743828,-3792.812720929445,1108733.6095534533,-678.713855324313,-0.0006117778223689863,0.0,0.0,99/96,2.6616229620557506,14.250000000000002,125.0,False
Fixed 99/96,2021-06-04,1112526.4222743828,-2076.0659104034853,1110450.3563639794,1716.7468105261214,0.001548385289066534,0.0,0.0,99/96,2.6616229620557506,7.799999999999999,125.0,False
Fixed 99/96,2021-06-07,1112526.4222743828,-1636.8981216642867,1110889.5241527185,439.16778873908333,0.00039548619730922496,0.0,0.0,99/96,2.6616229620557506,6.15,125.0,False
Fixed 99/96,2021-06-08,1112526.4222743828,-1809.90361419791,1110716.518660185,-173.00549253355712,-0.00015573600144036526,0.0,0.0,99/96,2.6616229620557506,6.799999999999999,125.0,False
Fixed 99/96,2021-06-09,1112526.4222743828,-1929.676647490419,1110596.7456268924,-119.77303329249844,-0.00010783402540637255,0.0,0.0,99/96,2.6616229620557506,7.25,125.0,False
Fixed 99/96,2021-06-10,1112526.4222743828,-911.6058645040947,1111614.8164098787,1018.0707829862367,0.0009166880661184429,0.0,0.0,99/96,2.6616229620557506,3.4250000000000007,125.0,False
Fixed 99/96,2021-06-11,1112526.4222743828,-565.594879436847,1111960.827394946,346.01098506734706,0.00031126877760123683,0.0,0.0,99/96,2.6616229620557506,2.125,125.0,False
Fixed 99/96,2021-06-14,1112526.4222743828,-412.55155911864125,1112113.8707152642,153.04332031821832,0.00013763373362429832,0.0,0.0,99/96,2.6616229620557506,1.5499999999999998,125.0,False
Fixed 99/96,2021-06-15,1112526.4222743828,-485.7461905751745,1112040.6760838076,-73.1946314566303,-6.581577065445376e-05,0.0,0.0,99/96,2.6616229620557506,1.8250000000000002,125.0,False
Fixed 99/96,2021-06-16,1112526.4222743828,-785.1787738064465,1111741.2435005764,-299.4325832312461,-0.0002692640563164428,0.0,0.0,99/96,2.6616229620557506,2.9500000000000006,125.0,False
Fixed 99/96,2021-06-17,1112526.4222743828,-319.39475544669,1112207.0275189362,465.7840183598455,0.0004189680117410166,0.0,0.0,99/96,2.6616229620557506,1.1999999999999997,125.0,False
Fixed 99/96,2021-06-18,1119547.718798368,-7116.08869991269,1112431.6300984554,224.60257951915264,0.00020194314004662317,94.7921759275424,0.0,99/96,2.670202138804011,26.65,125.0,False
Fixed 99/96,2021-06-21,1119547.718798368,-3911.846133347876,1115635.8726650202,3204.242566564819,0.002880395055183005,0.0,0.0,99/96,2.670202138804011,14.649999999999999,125.0,False
Fixed 99/96,2021-06-22,1119547.718798368,-3017.328416848533,1116530.3903815194,894.5177164992783,0.0008018007832273355,0.0,0.0,99/96,2.670202138804011,11.3,125.0,False
Fixed 99/96,2021-06-23,1119547.718798368,-3003.9774061545127,1116543.7413922134,13.351010693935677,1.195758826533222e-05,0.0,0.0,99/96,2.670202138804011,11.25,125.0,False
Fixed 99/96,2021-06-24,1119547.718798368,-2283.0228286774286,1117264.6959696906,720.9545774771832,0.0006457020452939055,0.0,0.0,99/96,2.670202138804011,8.549999999999997,125.0,False
Fixed 99/96,2021-06-25,1119547.718798368,-1642.1743153644666,1117905.5444830034,640.8485133128706,0.0005735870072907101,0.0,0.0,99/96,2.670202138804011,6.149999999999999,125.0,False
Fixed 99/96,2021-06-28,1119547.718798368,-1468.6111763422061,1118079.1076220258,173.56313902232796,0.00015525742749811222,0.0,0.0,99/96,2.670202138804011,5.5,125.0,False
Fixed 99/96,2021-06-29,1119547.718798368,-1348.4520800960254,1118199.266718272,120.15909624611959,0.00010746922594928598,0.0,0.0,99/96,2.670202138804011,5.049999999999999,125.0,False
Fixed 99/96,2021-06-30,1119547.718798368,-1201.590962461805,1118346.127835906,146.86111763422377,0.00013133716145707908,0.0,0.0,99/96,2.670202138804011,4.5,125.0,False
Fixed 99/96,2021-07-01,1119547.718798368,-987.9747913574843,1118559.7440070105,213.61617110436782,0.0001910107843960951,0.0,0.0,99/96,2.670202138804011,3.7000000000000006,125.0,False
Fixed 99/96,2021-07-02,1119547.718798368,-547.3914384548225,1119000.3273599131,440.5833529026713,0.0003938845066284724,0.0,0.0,99/96,2.670202138804011,2.0500000000000007,125.0,False
Fixed 99/96,2021-07-06,1119547.718798368,-620.8219972719327,1118926.8968010962,-73.43055881699547,-6.562157045142403e-05,0.0,0.0,99/96,2.670202138804011,2.325,125.0,False
Fixed 99/96,2021-07-07,1119547.718798368,-413.88133151462176,1119133.8374668534,206.94066575728357,0.0001849456531510807,0.0,0.0,99/96,2.670202138804011,1.55,125.0,False
Fixed 99/96,2021-07-08,1119547.718798368,-1041.3788341335644,1118506.3399642345,-627.497502618935,-0.0005606992493759622,0.0,0.0,99/96,2.670202138804011,3.9000000000000004,125.0,False
Fixed 99/96,2021-07-09,1119547.718798368,-246.99369783937104,1119300.7251005287,794.3851362941787,0.0007102196097694691,0.0,0.0,99/96,2.670202138804011,0.925,125.0,False
Fixed 99/96,2021-07-12,1119547.718798368,-93.45707485814039,1119454.2617235098,153.5366229810752,0.00013717191415851815,0.0,0.0,99/96,2.670202138804011,0.35,125.0,False
Fixed 99/96,2021-07-13,1119547.718798368,-106.80808555216046,1119440.9107128158,-13.351010693935677,-1.1926356574321062e-05,0.0,0.0,99/96,2.670202138804011,0.4000000000000001,125.0,False
Fixed 99/96,2021-07-14,1119547.718798368,-46.728537429070194,1119500.9902609389,60.079548123059794,5.366924466332357e-05,0.0,0.0,99/96,2.670202138804011,0.175,125.0,False
Fixed 99/96,2021-07-15,1119547.718798368,-13.351010694020053,1119534.367787674,33.37752673518844,2.9814646905768072e-05,0.0,0.0,99/96,2.670202138804011,0.04999999999999999,125.0,False
Fixed 99/96,2021-07-16,1126493.2113213874,-7024.403874091226,1119468.807447296,-65.5603403779678,-5.856036425888611e-05,78.9113510717454,0.0,99/96,2.5872574121882965,27.150000000000006,130.0,False
Fixed 99/96,2021-07-19,1126493.2113213874,-9663.406434523285,1116829.8048868643,-2639.002560431836,-0.002357370337499165,0.0,0.0,99/96,2.5872574121882965,37.349999999999994,130.0,False
Fixed 99/96,2021-07-20,1126493.2113213874,-6481.079817531681,1120012.1315038558,3182.326616991544,0.002849428447438296,0.0,0.0,99/96,2.5872574121882965,25.049999999999997,130.0,False
Fixed 99/96,2021-07-21,1126493.2113213874,-5109.833389071886,1121383.3779323155,1371.24642845965,0.0012243139068668363,0.0,0.0,99/96,2.5872574121882965,19.750000000000004,130.0,False
Fixed 99/96,2021-07-22,1126493.2113213874,-4734.68106430458,1121758.5302570828,375.1523247673176,0.0003345442175708424,0.0,0.0,99/96,2.5872574121882965,18.299999999999994,130.0,False
Fixed 99/96,2021-07-23,1126493.2113213874,-3479.861219393259,1123013.3501019941,1254.8198449113406,0.0011186185003859705,0.0,0.0,99/96,2.5872574121882965,13.450000000000003,130.0,False
Fixed 99/96,2021-07-26,1126493.2113213874,-3130.5814687478382,1123362.6298526395,349.2797506453935,0.0003110201233258447,0.0,0.0,99/96,2.5872574121882965,12.1,130.0,False
Fixed 99/96,2021-07-27,1126493.2113213874,-4126.675572440333,1122366.5357489472,-996.0941036923323,-0.0008867075307845695,0.0,0.0,99/96,2.5872574121882965,15.950000000000003,130.0,False
Fixed 99/96,2021-07-28,1126493.2113213874,-3699.778099429263,1122793.433221958,426.897473010933,0.00038035477663811434,0.0,0.0,99/96,2.5872574121882965,14.299999999999997,130.0,False
Fixed 99/96,2021-07-29,1126493.2113213874,-3065.9000334431307,1123427.3112879442,633.8780659860931,0.0005645544828019045,0.0,0.0,99/96,2.5872574121882965,11.849999999999998,130.0,False
Fixed 99/96,2021-07-30,1126493.2113213874,-3311.689487601019,1123181.5218337865,-245.78945415769704,-0.00021878536482788924,0.0,0.0,99/96,2.5872574121882965,12.8,130.0,False
Fixed 99/96,2021-08-02,1126493.2113213874,-3596.2878029417316,1122896.9235184458,-284.5983153406996,-0.00025338585955014814,0.0,0.0,99/96,2.5872574121882965,13.899999999999999,130.0,False
Fixed 99/96,2021-08-03,1126493.2113213874,-2522.5759768835883,1123970.635344504,1073.7118260581046,0.0009561980299079842,0.0,0.0,99/96,2.5872574121882965,9.749999999999998,130.0,False
Fixed 99/96,2021-08-04,1126493.2113213874,-2651.938847493004,1123841.2724738945,-129.36287060938776,-0.000115094528754911,0.0,0.0,99/96,2.5872574121882965,10.25,130.0,False
Fixed 99/96,2021-08-05,1126493.2113213874,-1927.5067720802806,1124565.7045493072,724.4320754127111,0.00064460355136986,0.0,0.0,99/96,2.5872574121882965,7.449999999999999,130.0,False
Fixed 99/96,2021-08-06,1126493.2113213874,-1280.6924190332068,1125212.5189023542,646.8143530469388,0.0005751681297325728,0.0,0.0,99/96,2.5872574121882965,4.95,130.0,False
Fixed 99/96,2021-08-09,1126493.2113213874,-1112.5206872409676,1125380.6906341466,168.17173179239035,0.00014945775039576503,0.0,0.0,99/96,2.5872574121882965,4.300000000000001,130.0,False
Fixed 99/96,2021-08-10,1126493.2113213874,-1034.9029648753185,1125458.308356512,77.61772236553952,6.897019205287513e-05,0.0,0.0,99/96,2.5872574121882965,4.0,130.0,False
Fixed 99/96,2021-08-11,1126493.2113213874,-569.1966306814251,1125924.014690706,465.7063341939356,0.0004137926129614833,0.0,0.0,99/96,2.5872574121882965,2.1999999999999997,130.0,False
Fixed 99/96,2021-08-12,1126493.2113213874,-342.8116071149492,1126150.3997142725,226.38502356642857,0.00020106598723601543,0.0,0.0,99/96,2.5872574121882965,1.3249999999999997,130.0,False
Fixed 99/96,2021-08-13,1126493.2113213874,-174.63987532271,1126318.5714460646,168.17173179215752,0.0001493332789606061,0.0,0.0,99/96,2.5872574121882965,0.675,130.0,False
Fixed 99/96,2021-08-16,1126493.2113213874,-135.83101413988558,1126357.3803072476,38.80886118300259,3.445638042998134e-05,0.0,0.0,99/96,2.5872574121882965,0.5250000000000001,130.0,False
Fixed 99/96,2021-08-17,1126493.2113213874,-304.00274593212475,1126189.2085754552,-168.17173179239035,-0.00014930583732364333,0.0,0.0,99/96,2.5872574121882965,1.1749999999999998,130.0,False
Fixed 99/96,2021-08-18,1126493.2113213874,-931.4126683877867,1125561.7986529996,-627.4099224556703,-0.0005571088034570515,0.0,0.0,99/96,2.5872574121882965,3.6,130.0,False
Fixed 99/96,2021-08-19,1126493.2113213874,-174.63987532271,1126318.5714460646,756.7727930650581,0.0006723511707404928,0.0,0.0,99/96,2.5872574121882965,0.675,130.0,False
Fixed 99/96,2021-08-20,1132122.2916594248,-5693.753259244749,1126428.53840018,109.96695411531255,9.763397044415534e-05,64.67292120745705,0.0,99/96,2.5361929885277275,22.450000000000003,130.0,False
Fixed 99/96,2021-08-23,1132122.2916594248,-3614.0750086520115,1128508.2166507728,2079.6782505929004,0.0018462584883960353,0.0,0.0,99/96,2.5361929885277275,14.25,130.0,False
Fixed 99/96,2021-08-24,1132122.2916594248,-3512.627289110903,1128609.664370314,101.44771954114549,8.98954194965551e-05,0.0,0.0,99/96,2.5361929885277275,13.850000000000001,130.0,False
Fixed 99/96,2021-08-25,1132122.2916594248,-3018.0696563479955,1129104.2220030767,494.5576327627059,0.00043820077780276634,0.0,0.0,99/96,2.5361929885277275,11.9,130.0,False
Fixed 99/96,2021-08-26,1132122.2916594248,-4057.908781644363,1128064.3828777804,-1039.8391252963338,-0.0009209416677687932,0.0,0.0,99/96,2.5361929885277275,15.999999999999996,130.0,False
Fixed 99/96,2021-08-27,1132122.2916594248,-2371.3404442734254,1129750.9512151515,1686.5683373711072,0.001495099360435903,0.0,0.0,99/96,2.5361929885277275,9.350000000000001,130.0,False
Fixed 99/96,2021-08-30,1132122.2916594248,-1788.016056912048,1130334.2756025128,583.3243873612955,0.0005163300696793272,0.0,0.0,99/96,2.5361929885277275,7.050000000000001,130.0,False
Fixed 99/96,2021-08-31,1132122.2916594248,-1749.9731620841321,1130372.3184973407,38.042894827900454,3.365632242524619e-05,0.0,0.0,99/96,2.5361929885277275,6.9,130.0,False
Fixed 99/96,2021-09-01,1132122.2916594248,-1686.568337370939,1130435.723322054,63.404824713245034,5.609198285871919e-05,0.0,0.0,99/96,2.5361929885277275,6.65,130.0,False
Fixed 99/96,2021-09-02,1132122.2916594248,-1458.3109684034432,1130663.9806910213,228.25736896740273,0.0002019198122089616,0.0,0.0,99/96,2.5361929885277275,5.75,130.0,False
Fixed 99/96,2021-09-03,1132122.2916594248,-1192.0107046080318,1130930.2809548168,266.300263795536,0.00023552555696770838,0.0,0.0,99/96,2.5361929885277275,4.699999999999999,130.0,False
Fixed 99/96,2021-09-07,1132122.2916594248,-1509.034828173998,1130613.2568312509,-317.02412356599234,-0.0002803215449305174,0.0,0.0,99/96,2.5361929885277275,5.950000000000001,130.0,False
Fixed 99/96,2021-09-08,1132122.2916594248,-1382.2251787476118,1130740.066480677,126.80964942625724,0.00011216005885317237,0.0,0.0,99/96,2.5361929885277275,5.450000000000001,130.0,False
Fixed 99/96,2021-09-09,1132122.2916594248,-1978.2305310516272,1130144.0611283733,-596.0053523038514,-0.0005270931578101878,0.0,0.0,99/96,2.5361929885277275,7.799999999999999,130.0,False
Fixed 99/96,2021-09-10,1132122.2916594248,-2941.983866692164,1129180.3077927327,-963.7533356405329,-0.0008527703403390374,0.0,0.0,99/96,2.5361929885277275,11.600000000000001,130.0,False
Fixed 99/96,2021-09-13,1132122.2916594248,-1762.6541270267703,1130359.637532398,1179.3297396653797,0.0010444122444630555,0.0,0.0,99/96,2.5361929885277275,6.949999999999999,130.0,False
Fixed 99/96,2021-09-14,1132122.2916594248,-2136.7425928346106,1129985.5490665901,-374.08846580795944,-0.0003309464115549554,0.0,0.0,99/96,2.5361929885277275,8.425,130.0,False
Fixed 99/96,2021-09-15,1132122.2916594248,-380.4289482791592,1131741.8627111455,1756.3136445553973,0.001554279739246489,0.0,0.0,99/96,2.5361929885277275,1.5000000000000004,130.0,False
Fixed 99/96,2021-09-16,1132122.2916594248,-202.89543908221822,1131919.3962203425,177.5335091969464,0.00015686749341559114,0.0,0.0,99/96,2.5361929885277275,0.8,130.0,False
Fixed 99/96,2021-09-17,1138984.50528241,-6946.490902314812,1132038.014380095,118.61815975257196,0.00010479382202355225,84.27727932955473,0.0,99/96,2.5538569493804464,27.19999999999999,135.0,False
Fixed 99/96,2021-09-20,1138984.50528241,-10738.968472144781,1128245.5368102652,-3792.4775698299054,-0.003350132700187358,0.0,0.0,99/96,2.5538569493804464,42.05000000000001,135.0,False
Fixed 99/96,2021-09-21,1138984.50528241,-11173.124153539453,1127811.3811288704,-434.1556813947391,-0.00038480602601997926,0.0,0.0,99/96,2.5538569493804464,43.75,135.0,False
Fixed 99/96,2021-09-22,1138984.50528241,-8312.804370233353,1130671.7009121766,2860.319783306215,0.0025361685749643037,0.0,0.0,99/96,2.5538569493804464,32.55,135.0,False
Fixed 99/96,2021-09-23,1138984.50528241,-5388.6381631927425,1133595.8671192173,2924.16620704066,0.0025862203897750735,0.0,0.0,99/96,2.5538569493804464,21.1,135.0,False
Fixed 99/96,2021-09-24,1138984.50528241,-4737.404641100728,1134247.1006413093,651.2335220919922,0.0005744847356818905,0.0,0.0,99/96,2.5538569493804464,18.55,135.0,False
Fixed 99/96,2021-09-27,1138984.50528241,-5146.021753001599,1133838.4835294085,-408.6171119008213,-0.0003602540501710383,0.0,0.0,99/96,2.5538569493804464,20.149999999999995,135.0,False
Fixed 99/96,2021-09-28,1138984.50528241,-10675.122048410265,1128309.3832339996,-5529.100295408862,-0.004876444375214617,0.0,0.0,99/96,2.5538569493804464,41.8,135.0,False
Fixed 99/96,2021-09-29,1138984.50528241,-9896.195678849226,1129088.3096035607,778.9263695611153,0.0006903482157778473,0.0,0.0,99/96,2.5538569493804464,38.749999999999986,135.0,False
Fixed 99/96,2021-09-30,1138984.50528241,-13841.904665642018,1125142.600616768,-3945.7089867927134,-0.0034945973253217577,0.0,0.0,99/96,2.5538569493804464,54.19999999999999,135.0,False
Fixed 99/96,2021-10-01,1138984.50528241,-10713.429902650974,1128271.075379759,3128.4747629910707,0.0027805140088696945,0.0,0.0,99/96,2.5538569493804464,41.95,135.0,False
Fixed 99/96,2021-10-04,1138984.50528241,-15667.912384449039,1123316.592897961,-4954.482481798157,-0.004391216428313194,0.0,0.0,99/96,2.5538569493804464,61.349999999999994,135.0,False
Fixed 99/96,2021-10-05,1138984.50528241,-11888.204099365978,1127096.301183044,3779.708285083063,0.0033647756197849876,0.0,0.0,99/96,2.5538569493804464,46.55,135.0,False
Fixed 99/96,2021-10-06,1138984.50528241,-10406.96706872532,1128577.5382136847,1481.2370306407101,0.0013142062741984262,0.0,0.0,99/96,2.5538569493804464,40.75,135.0,False
Fixed 99/96,2021-10-07,1138984.50528241,-6857.105909086499,1132127.3993733234,3549.8611596387345,0.003145429569028524,0.0,0.0,99/96,2.5538569493804464,26.85,135.0,False
Fixed 99/96,2021-10-08,1138984.50528241,-7304.030875228078,1131680.4744071818,-446.92496614158154,-0.00039476561241158503,0.0,0.0,99/96,2.5538569493804464,28.600000000000005,135.0,False
Fixed 99/96,2021-10-11,1138984.50528241,-10432.505638219123,1128551.9996441908,-3128.4747629910707,-0.002764450596914214,0.0,0.0,99/96,2.5538569493804464,40.849999999999994,135.0,False
Fixed 99/96,2021-10-12,1138984.50528241,-12756.51546215533,1126227.9898202547,-2324.0098239360377,-0.0020592846627083272,0.0,0.0,99/96,2.5538569493804464,49.95,135.0,False
Fixed 99/96,2021-10-13,1138984.50528241,-8715.036839760776,1130269.468442649,4041.478622394381,0.0035885084182993854,0.0,0.0,99/96,2.5538569493804464,34.12500000000001,135.0,False
Fixed 99/96,2021-10-14,1138984.50528241,-440.54032376812705,1138543.964958642,8274.496515992796,0.007320817510353406,0.0,0.0,99/96,2.5538569493804464,1.725,135.0,False
Fixed 99/96,2021-10-15,1145198.60214269,-6279.052576589488,1138919.5495661006,375.5846074586734,0.0003298815144765488,64.95571630954642,0.0,99/96,2.547282992531232,24.650000000000006,130.0,False
Fixed 99/96,2021-10-18,1145198.60214269,-5642.231828456678,1139556.3703142332,636.8207481326535,0.0005591446282358081,0.0,0.0,99/96,2.547282992531232,22.15,130.0,False
Fixed 99/96,2021-10-19,1145198.60214269,-4317.644672340439,1140880.9574703495,1324.587156116264,0.0011623708932897436,0.0,0.0,99/96,2.547282992531232,16.950000000000003,130.0,False
Fixed 99/96,2021-10-20,1145198.60214269,-3935.5522234607524,1141263.0499192292,382.0924488797318,0.0003349100064979904,0.0,0.0,99/96,2.547282992531232,15.449999999999996,130.0,False
Fixed 99/96,2021-10-21,1145198.60214269,-3451.5684548798185,1141747.0336878102,483.98376858094707,0.0004240773138279863,0.0,0.0,99/96,2.547282992531232,13.549999999999997,130.0,False
Fixed 99/96,2021-10-22,1145198.60214269,-3693.5603391702844,1141505.0418035197,-241.99188429047354,-0.0002119487742471282,0.0,0.0,99/96,2.547282992531232,14.499999999999993,130.0,False
Fixed 99/96,2021-10-25,1145198.60214269,-2929.375441410917,1142269.2267012792,764.1848977594636,0.0006694538085894042,0.0,0.0,99/96,2.547282992531232,11.500000000000002,130.0,False
Fixed 99/96,2021-10-26,1145198.60214269,-2916.63902644826,1142281.9631162416,12.73641496244818,1.1150099000101221e-05,0.0,0.0,99/96,2.547282992531232,11.45,130.0,False
Fixed 99/96,2021-10-27,1145198.60214269,-3502.514114730444,1141696.0880279595,-585.8750882821623,-0.0005128988351386088,0.0,0.0,99/96,2.547282992531232,13.75,130.0,False
Fixed 99/96,2021-10-28,1145198.60214269,-2585.4922374192006,1142613.1099052709,917.0218773114029,0.0008032101422852378,0.0,0.0,99/96,2.547282992531232,10.15,130.0,False
Fixed 99/96,2021-10-29,1145198.60214269,-2267.081863352796,1142931.5202793372,318.41037406632677,0.00027866858108493986,0.0,0.0,99/96,2.547282992531232,8.899999999999999,130.0,False
Fixed 99/96,2021-11-01,1145198.60214269,-2025.0899790623296,1143173.5121636277,241.99188429047354,0.00021172911937128447,0.0,0.0,99/96,2.547282992531232,7.950000000000001,130.0,False
Fixed 99/96,2021-11-02,1145198.60214269,-1617.5247002573321,1143581.0774424328,407.56527880509384,0.0003565209257112567,0.0,0.0,99/96,2.547282992531232,6.35,130.0,False
Fixed 99/96,2021-11-03,1145198.60214269,-967.9675371618683,1144230.634605528,649.5571630953345,0.0005680027204961746,0.0,0.0,99/96,2.547282992531232,3.8000000000000007,130.0,False
Fixed 99/96,2021-11-04,1145198.60214269,-713.239237908745,1144485.3629047812,254.72829925315455,0.00022261971629600197,0.0,0.0,99/96,2.547282992531232,2.8000000000000003,130.0,False
Fixed 99/96,2021-11-05,1145198.60214269,-636.8207481328078,1144561.781394557,76.41848977585323,6.677105033636721e-05,0.0,0.0,99/96,2.547282992531232,2.499999999999999,130.0,False
Fixed 99/96,2021-11-08,1145198.60214269,-471.2473536182778,1144727.3547890717,165.5733945146203,0.00014466094989895595,0.0,0.0,99/96,2.547282992531232,1.8499999999999996,130.0,False
Fixed 99/96,2021-11-09,1145198.60214269,-534.9294284315587,1144663.6727142583,-63.68207481340505,-5.563077928294469e-05,0.0,0.0,99/96,2.547282992531232,2.0999999999999996,130.0,False
Fixed 99/96,2021-11-10,1145198.60214269,-738.7120678340574,1144459.8900748559,-203.7826394024305,-0.00017802839756342337,0.0,0.0,99/96,2.547282992531232,2.9000000000000004,130.0,False
Fixed 99/96,2021-11-11,1145198.60214269,-388.460656361013,1144810.141486329,350.2514114731457,0.0003060407922641506,0.0,0.0,99/96,2.547282992531232,1.5250000000000004,130.0,False
Fixed 99/96,2021-11-12,1145198.60214269,-120.99594214523354,1145077.6062005449,267.46471421583556,0.00023363237669138393,0.0,0.0,99/96,2.547282992531232,0.4750000000000001,130.0,False
Fixed 99/96,2021-11-15,1145198.60214269,-31.8410374066404,1145166.7611052834,89.15490473853424,7.785926845116364e-05,0.0,0.0,99/96,2.547282992531232,0.125,130.0,False
Fixed 99/96,2021-11-16,1145198.60214269,-50.945659850624644,1145147.6564828393,-19.10462244413793,-1.6682830040970487e-05,0.0,0.0,99/96,2.547282992531232,0.2,130.0,False
Fixed 99/96,2021-11-17,1145198.60214269,-31.8410374066404,1145166.7611052834,19.10462244413793,1.6683108362558485e-05,0.0,0.0,99/96,2.547282992531232,0.125,130.0,False
Fixed 99/96,2021-11-18,1145198.60214269,-19.104622443984237,1145179.497520246,12.73641496268101,1.1121886693832295e-05,0.0,0.0,99/96,2.547282992531232,0.07499999999999998,130.0,False
Fixed 99/96,2021-11-19,1151261.039769256,-6118.503595770412,1145142.5361734857,-36.96134676039219,-3.227559246421485e-05,56.065969204271816,0.0,99/96,2.4376508349682915,25.1,140.0,False
Fixed 99/96,2021-11-22,1151261.039769256,-6727.916304512486,1144533.1234647436,-609.4127087420784,-0.0005321719257573854,0.0,0.0,99/96,2.4376508349682915,27.600000000000005,140.0,False
Fixed 99/96,2021-11-23,1151261.039769256,-6996.057896358999,1144264.9818728971,-268.14159184647724,-0.00023428032474481775,0.0,0.0,99/96,2.4376508349682915,28.700000000000006,140.0,False
Fixed 99/96,2021-11-24,1151261.039769256,-5825.985495574217,1145435.0542736817,1170.0724007845856,0.0010225537085557512,0.0,0.0,99/96,2.4376508349682915,23.9,140.0,False
Fixed 99/96,2021-11-26,1151261.039769256,-11127.876061630253,1140133.1637076258,-5301.890566055896,-0.004628713383857286,0.0,0.0,99/96,2.4376508349682915,45.650000000000006,140.0,False
Fixed 99/96,2021-11-29,1151261.039769256,-8239.259822192827,1143021.7799470632,2888.6162394373678,0.0025335779463198094,0.0,0.0,99/96,2.4376508349682915,33.800000000000004,140.0,False
Fixed 99/96,2021-11-30,1151261.039769256,-12334.513224939561,1138926.5265443164,-4095.253402746748,-0.0035828305939510363,0.0,0.0,99/96,2.4376508349682915,50.60000000000002,140.0,False
Fixed 99/96,2021-12-01,1151261.039769256,-16381.013610986916,1134880.026158269,-4046.50038604741,-0.0035529073138064193,0.0,0.0,99/96,2.4376508349682915,67.19999999999999,140.0,False
Fixed 99/96,2021-12-02,1151261.039769256,-12919.549425331945,1138341.4903439241,3461.464185655117,0.003050070585322251,0.0,0.0,99/96,2.4376508349682915,53.0,140.0,False
Fixed 99/96,2021-12-03,1151261.039769256,-15089.058668453727,1136171.9811008023,-2169.5092431218363,-0.0019058509783970168,0.0,0.0,99/96,2.4376508349682915,61.900000000000006,140.0,False
Fixed 99/96,2021-12-06,1151261.039769256,-11944.489091344629,1139316.5506779114,3144.5695771090686,0.0027676880167932794,0.0,0.0,99/96,2.4376508349682915,49.0,140.0,False
Fixed 99/96,2021-12-07,1151261.039769256,-5582.220412077388,1145678.8193571786,6362.268679267261,0.00558428531164723,0.0,0.0,99/96,2.4376508349682915,22.9,140.0,False
Fixed 99/96,2021-12-08,1151261.039769256,-4716.854365663645,1146544.1854035924,865.3660464137793,0.0007553304048155685,0.0,0.0,99/96,2.4376508349682915,19.35,140.0,False
Fixed 99/96,2021-12-09,1151261.039769256,-6666.975033638277,1144594.0647356177,-1950.1206679746974,-0.0017008683073894693,0.0,0.0,99/96,2.4376508349682915,27.349999999999998,140.0,False
Fixed 99/96,2021-12-10,1151261.039769256,-3144.5695771090964,1148116.470192147,3522.4054565292317,0.0030774276794305333,0.0,0.0,99/96,2.4376508349682915,12.9,140.0,False
Fixed 99/96,2021-12-13,1151261.039769256,-5606.5969204270705,1145654.4428488289,-2462.027343318099,-0.0021444055609671775,0.0,0.0,99/96,2.4376508349682915,23.0,140.0,False
Fixed 99/96,2021-12-14,1151261.039769256,-8824.296022585217,1142436.743746671,-3217.6991021579597,-0.0028086122497432697,0.0,0.0,99/96,2.4376508349682915,36.2,140.0,False
Fixed 99/96,2021-12-15,1151261.039769256,-1578.3789156419687,1149682.660853614,7245.917106943205,0.006342510556146763,0.0,0.0,99/96,2.4376508349682915,6.475,140.0,False
Fixed 99/96,2021-12-16,1151261.039769256,-2748.4513164267487,1148512.5884528293,-1170.0724007848185,-0.0010177351025856263,0.0,0.0,99/96,2.4376508349682915,11.274999999999999,140.0,False
Fixed 99/96,2021-12-17,1151995.3742181822,-7997.7151029895,1143997.6591151927,-4514.929337636568,-0.003931110013969175,106.47112985403751,-7156.9095242093945,99/96,2.4760727873032504,32.300000000000004,140.0,False
Fixed 99/96,2021-12-20,1151995.3742181822,-9854.769693466937,1142140.6045247153,-1857.0545904773753,-0.0016233027888480356,0.0,0.0,99/96,2.4760727873032504,39.8,140.0,False
Fixed 99/96,2021-12-21,1151995.3742181822,-7032.046715941233,1144963.327502241,2822.7229775255546,0.002471432121704753,0.0,0.0,99/96,2.4760727873032504,28.400000000000006,140.0,False
Fixed 99/96,2021-12-22,1151995.3742181822,-4939.765210669984,1147055.6090075122,2092.2815052713268,0.001827378619921216,0.0,0.0,99/96,2.4760727873032504,19.95,140.0,False
Fixed 99/96,2021-12-23,1151995.3742181822,-3887.434276066102,1148107.9399421162,1052.3309346039314,0.0009174192831979955,0.0,0.0,99/96,2.4760727873032504,15.699999999999996,140.0,False
Fixed 99/96,2021-12-27,1151995.3742181822,-2315.128056128539,1149680.2461620537,1572.3062199375127,0.0013694759571272197,0.0,0.0,99/96,2.4760727873032504,9.349999999999998,140.0,False
Fixed 99/96,2021-12-28,1151995.3742181822,-2079.901141334731,1149915.4730768474,235.2269147937186,0.0002046020322423736,0.0,0.0,99/96,2.4760727873032504,8.400000000000002,140.0,False
Fixed 99/96,2021-12-29,1151995.3742181822,-1881.8153183504712,1150113.5588998317,198.0858229843434,0.00017226120321200966,0.0,0.0,99/96,2.4760727873032504,7.600000000000003,140.0,False
Fixed 99/96,2021-12-30,1151995.3742181822,-1980.8582298426,1150014.5159883397,-99.04291149205528,-8.611576720018999e-05,0.0,0.0,99/96,2.4760727873032504,7.999999999999998,140.0,False
Fixed 99/96,2021-12-31,1151995.3742181822,-2005.6189577156324,1149989.7552604666,-24.760727873072028,-2.153079594113816e-05,0.0,0.0,99/96,2.4760727873032504,8.099999999999998,140.0,False
Fixed 99/96,2022-01-03,1151995.3742181822,-1423.741852699369,1150571.6323654829,581.8771050162613,0.0005059845988666378,0.0,0.0,99/96,2.4760727873032504,5.75,140.0,False
Fixed 99/96,2022-01-04,1151995.3742181822,-1411.3614887628526,1150584.0127294194,12.380363936536014,1.0760185275016099e-05,0.0,0.0,99/96,2.4760727873032504,5.699999999999999,140.0,False
Fixed 99/96,2022-01-05,1151995.3742181822,-3540.7840858436484,1148454.5901323385,-2129.422597080935,-0.00185073195309704,0.0,0.0,99/96,2.4760727873032504,14.3,140.0,False
Fixed 99/96,2022-01-06,1151995.3742181822,-3676.9680891453268,1148318.4061290368,-136.18400330166332,-0.00011858022465305318,0.0,0.0,99/96,2.4760727873032504,14.85,140.0,False
Fixed 99/96,2022-01-07,1151995.3742181822,-3850.2931842565545,1148145.0810339255,-173.32509511127137,-0.00015093818420586214,0.0,0.0,99/96,2.4760727873032504,15.549999999999999,140.0,False
Fixed 99/96,2022-01-10,1151995.3742181822,-3850.293184256554,1148145.0810339255,0.0,0.0,0.0,0.0,99/96,2.4760727873032504,15.549999999999997,140.0,False
Fixed 99/96,2022-01-11,1151995.3742181822,-2253.2262364459584,1149742.147981736,1597.0669478105847,0.0013909975091059845,0.0,0.0,99/96,2.4760727873032504,9.100000000000001,140.0,False
Fixed 99/96,2022-01-12,1151995.3742181822,-1429.9320346676272,1150565.4421835146,823.2942017784808,0.000716068557827354,0.0,0.0,99/96,2.4760727873032504,5.775,140.0,False
Fixed 99/96,2022-01-13,1151995.3742181822,-3862.673548193071,1148132.700669989,-2432.7415135256015,-0.0021143877821576673,0.0,0.0,99/96,2.4760727873032504,15.600000000000001,140.0,False
Fixed 99/96,2022-01-14,1151995.3742181822,-2686.538974224027,1149308.835243958,1176.1345739690587,0.001024389056493824,0.0,0.0,99/96,2.4760727873032504,10.85,140.0,False
Fixed 99/96,2022-01-18,1151995.3742181822,-7725.347096386141,1144270.027121796,-5038.808122162009,-0.004384207244950367,0.0,0.0,99/96,2.4760727873032504,31.2,140.0,False
Fixed 99/96,2022-01-19,1151995.3742181822,-12107.995929912897,1139887.3782882693,-4382.648833526764,-0.0038300826987057723,0.0,0.0,99/96,2.4760727873032504,48.900000000000006,140.0,False
Fixed 99/96,2022-01-20,1151995.3742181822,-21678.017252839956,1130317.3569653423,-9570.021322926972,-0.008395584954452251,0.0,0.0,99/96,2.4760727873032504,87.55,140.0,False
Fixed 99/96,2022-01-21,1127275.442517925,-10429.06717505727,1116846.3753428678,-13470.9816224745,-0.011917875576679782,483.97985306904,-34665.019022245506,99/96,2.5405766565303938,41.05000000000001,135.0,False
Fixed 99/96,2022-01-24,1127275.442517925,-9285.807679618592,1117989.6348383063,1143.2594954385422,0.0010236497343580897,0.0,0.0,99/96,2.5405766565303938,36.55000000000001,135.0,False
Fixed 99/96,2022-01-25,1127275.442517925,-11699.355503322458,1115576.0870146025,-2413.547823703848,-0.0021588284439264527,0.0,0.0,99/96,2.5405766565303938,46.04999999999998,135.0,False
Fixed 99/96,2022-01-26,1127275.442517925,-11839.087219431634,1115436.3552984935,-139.73171610897407,-0.00012525520915651622,0.0,0.0,99/96,2.5405766565303938,46.599999999999994,135.0,False
Fixed 99/96,2022-01-27,1127275.442517925,-12118.550651649979,1115156.891866275,-279.4634322184138,-0.000250541799978965,0.0,0.0,99/96,2.5405766565303938,47.7,135.0,False
Fixed 99/96,2022-01-28,1127275.442517925,-8447.41738296356,1118828.0251349616,3671.133268686477,0.003292032982500359,0.0,0.0,99/96,2.5405766565303938,33.25,135.0,False
Fixed 99/96,2022-01-31,1127275.442517925,-5258.993679017916,1122016.448838907,3188.4237039454747,0.00284978891511134,0.0,0.0,99/96,2.5405766565303938,20.700000000000003,135.0,False
Fixed 99/96,2022-02-01,1127275.442517925,-3201.126587228296,1124074.3159306967,2057.867091789609,0.0018340792542919093,0.0,0.0,99/96,2.5405766565303938,12.6,135.0,False
Fixed 99/96,2022-02-02,1127275.442517925,-3074.097754401777,1124201.3447635232,127.02883282653056,0.0001130075040647327,0.0,0.0,99/96,2.5405766565303938,12.100000000000001,135.0,False
Fixed 99/96,2022-02-03,1127275.442517925,-4446.0091489281895,1122829.433368997,-1371.9113945262507,-0.0012203431359663064,0.0,0.0,99/96,2.5405766565303938,17.5,135.0,False
Fixed 99/96,2022-02-04,1127275.442517925,-4598.443748320013,1122676.998769605,-152.43459939188324,-0.0001357593547708369,0.0,0.0,99/96,2.5405766565303938,18.1,135.0,False
Fixed 99/96,2022-02-07,1127275.442517925,-3963.299584187414,1123312.1429337377,635.1441641326528,0.0005657407828152383,0.0,0.0,99/96,2.5405766565303938,15.599999999999998,135.0,False
Fixed 99/96,2022-02-08,1127275.442517925,-2489.765123399786,1124785.6773945254,1473.5344607876614,0.0013117764906727114,0.0,0.0,99/96,2.5405766565303938,9.799999999999999,135.0,False
Fixed 99/96,2022-02-09,1127275.442517925,-1073.3936373840916,1126202.048880541,1416.3714860156178,0.0012592367723747167,0.0,0.0,99/96,2.5405766565303938,4.2250000000000005,135.0,False
Fixed 99/96,2022-02-10,1127275.442517925,-3315.452536772164,1123959.9899811528,-2242.058899388183,-0.0019908140831539356,0.0,0.0,99/96,2.5405766565303938,13.05,135.0,False
Fixed 99/96,2022-02-11,1127275.442517925,-6732.528139805544,1120542.9143781194,-3417.075603033416,-0.003040211069337717,0.0,0.0,99/96,2.5405766565303938,26.500000000000004,135.0,False
Fixed 99/96,2022-02-14,1127275.442517925,-6414.956057739243,1120860.4864601858,317.5720820664428,0.00028340912069646507,0.0,0.0,99/96,2.5405766565303938,25.249999999999996,135.0,False
Fixed 99/96,2022-02-15,1127275.442517925,-2356.3848489319403,1124919.057668993,4058.571208807174,0.003620942354408907,0.0,0.0,99/96,2.5405766565303938,9.275,135.0,False
Fixed 99/96,2022-02-16,1127275.442517925,-895.5532714269636,1126379.889246498,1460.831577504985,0.0012986103911618585,0.0,0.0,99/96,2.5405766565303938,3.5249999999999995,135.0,False
Fixed 99/96,2022-02-17,1127275.442517925,-3918.8394926981323,1123356.6030252269,-3023.286221271148,-0.0026840733309733134,0.0,0.0,99/96,2.5405766565303938,15.424999999999999,135.0,False
Fixed 99/96,2022-02-18,1135067.8693455306,-9474.019988143575,1125593.849357387,2237.246332160197,0.0019915726903951825,124.24944246745439,-1557.3437180704377,99/96,2.588530051405349,36.599999999999994,130.0,False
Fixed 99/96,2022-02-22,1135067.8693455306,-10703.57176256112,1124364.2975829695,-1229.5517744175158,-0.0010923582916870789,0.0,0.0,99/96,2.588530051405349,41.35000000000001,130.0,False
Fixed 99/96,2022-02-23,1135067.8693455306,-14689.908041725355,1120377.9613038052,-3986.3362791643012,-0.0035454134284890193,0.0,0.0,99/96,2.588530051405349,56.75,130.0,False
Fixed 99/96,2022-02-24,1135067.8693455306,-12437.886897002702,1122629.9824485278,2252.0211447225884,0.0020100548408699126,0.0,0.0,99/96,2.588530051405349,48.05,130.0,False
Fixed 99/96,2022-02-25,1135067.8693455306,-7765.590154216046,1127302.2791913145,4672.296742786653,0.004161920504382133,0.0,0.0,99/96,2.588530051405349,30.0,130.0,False
Fixed 99/96,2022-02-28,1135067.8693455306,-8127.984361412793,1126939.884984118,-362.394207196543,-0.00032147030471407767,0.0,0.0,99/96,2.588530051405349,31.39999999999999,130.0,False
Fixed 99/96,2022-03-01,1135067.8693455306,-10457.661407677608,1124610.207937853,-2329.6770462649874,-0.002067259378522923,0.0,0.0,99/96,2.588530051405349,40.39999999999999,130.0,False
Fixed 99/96,2022-03-02,1135067.8693455306,-7791.475454730101,1127276.3938908004,2666.185952947475,0.002370764496114841,0.0,0.0,99/96,2.588530051405349,30.1,130.0,False
Fixed 99/96,2022-03-03,1135067.8693455306,-8089.156410641715,1126978.712934889,-297.68095591152087,-0.000264070956798923,0.0,0.0,99/96,2.588530051405349,31.25,130.0,False
Fixed 99/96,2022-03-04,1135067.8693455306,-10069.38189996681,1124998.4874455638,-1980.225489325123,-0.0017571099317112981,0.0,0.0,99/96,2.588530051405349,38.900000000000006,130.0,False
Fixed 99/96,2022-03-07,1135067.8693455306,-16786.61738336369,1118281.251962167,-6717.235483396798,-0.005970884013052347,0.0,0.0,99/96,2.588530051405349,64.85000000000001,130.0,False
Fixed 99/96,2022-03-08,1135067.8693455306,-19401.032735283086,1115666.8366102476,-2614.415351919364,-0.002337887134682859,0.0,0.0,99/96,2.588530051405349,74.94999999999999,130.0,False
Fixed 99/96,2022-03-09,1135067.8693455306,-12282.57509391838,1122785.2942516122,7118.457641364541,0.006380451052029779,0.0,0.0,99/96,2.588530051405349,47.449999999999996,130.0,False
Fixed 99/96,2022-03-10,1135067.8693455306,-13149.732661139175,1121918.1366843914,-867.15756722074,-0.000772327150756591,0.0,0.0,99/96,2.588530051405349,50.80000000000001,130.0,False
Fixed 99/96,2022-03-11,1135067.8693455306,-17951.455906496092,1117116.4134390345,-4801.72324535693,-0.004279923007170061,0.0,0.0,99/96,2.588530051405349,69.35,130.0,False
Fixed 99/96,2022-03-14,1135067.8693455306,-20384.674154817127,1114683.1951907135,-2433.2182483209763,-0.0021781241588155753,0.0,0.0,99/96,2.588530051405349,78.75000000000001,130.0,False
Fixed 99/96,2022-03-15,1135067.8693455306,-13835.69312476159,1121232.176220769,6548.981030055555,0.005875194905880843,0.0,0.0,99/96,2.588530051405349,53.45,130.0,False
Fixed 99/96,2022-03-16,1135067.8693455306,-4167.533382762612,1130900.335962768,9668.159741998883,0.008622799048263463,0.0,0.0,99/96,2.588530051405349,16.1,130.0,False
Fixed 99/96,2022-03-17,1135067.8693455306,-621.2472123372838,1134446.6221331933,3546.286170425359,0.0031358078671064327,0.0,0.0,99/96,2.588530051405349,2.4000000000000004,130.0,False
Fixed 99/96,2022-03-18,1143306.6177237884,-8329.032547860601,1134977.5851759277,530.9630427344237,0.0004680370432379455,90.28416960276381,0.0,99/96,2.5432160451482764,32.749999999999986,135.0,False
Fixed 99/96,2022-03-21,1143306.6177237884,-8265.4521467319,1135041.1655770564,63.580401128623635,5.601908086916296e-05,0.0,0.0,99/96,2.5432160451482764,32.5,135.0,False
Fixed 99/96,2022-03-22,1143306.6177237884,-6218.163230387536,1137088.4544934009,2047.2889163445216,0.001803713361623993,0.0,0.0,99/96,2.5432160451482764,24.45,135.0,False
Fixed 99/96,2022-03-23,1143306.6177237884,-8532.489831472467,1134774.1278923159,-2314.3266010850202,-0.0020353092074232304,0.0,0.0,99/96,2.5432160451482764,33.55,135.0,False
Fixed 99/96,2022-03-24,1143306.6177237884,-5747.668262035105,1137558.9494617532,2784.821569437394,0.0024540756622728477,0.0,0.0,99/96,2.5432160451482764,22.6,135.0,False
Fixed 99/96,2022-03-25,1143306.6177237884,-4755.814004427279,1138550.803719361,991.8542576078326,0.0008719146010649492,0.0,0.0,99/96,2.5432160451482764,18.700000000000006,135.0,False
Fixed 99/96,2022-03-28,1143306.6177237884,-3191.736136661087,1140114.8815871272,1564.0778677661438,0.001373744467666027,0.0,0.0,99/96,2.5432160451482764,12.55,135.0,False
Fixed 99/96,2022-03-29,1143306.6177237884,-1970.9924349899143,1141335.6252887985,1220.7437016712502,0.001070719908481399,0.0,0.0,99/96,2.5432160451482764,7.75,135.0,False
Fixed 99/96,2022-03-30,1143306.6177237884,-2288.894440633449,1141017.723283155,-317.90200564358383,-0.0002785350764488159,0.0,0.0,99/96,2.5432160451482764,9.000000000000002,135.0,False
Fixed 99/96,2022-03-31,1143306.6177237884,-3573.2185434333287,1139733.399180355,-1284.3241027998738,-0.0011255952266056024,0.0,0.0,99/96,2.5432160451482764,14.05,135.0,False
Fixed 99/96,2022-04-01,1143306.6177237884,-3013.711013500707,1140292.9067102876,559.5075299325399,0.0004909108834880715,0.0,0.0,99/96,2.5432160451482764,11.849999999999998,135.0,False
Fixed 99/96,2022-04-04,1143306.6177237884,-1252.5339022355263,1142054.0838215528,1761.1771112652496,0.0015444953668493078,0.0,0.0,99/96,2.5432160451482764,4.925000000000001,135.0,False
Fixed 99/96,2022-04-05,1143306.6177237884,-3039.14317395219,1140267.4745498362,-1786.6092717165593,-0.0015643823677230495,0.0,0.0,99/96,2.5432160451482764,11.95,135.0,False
Fixed 99/96,2022-04-06,1143306.6177237884,-4984.703448490622,1138321.9142752977,-1945.560274538584,-0.0017062314921388877,0.0,0.0,99/96,2.5432160451482764,19.6,135.0,False
Fixed 99/96,2022-04-07,1143306.6177237884,-3496.9220620788806,1139809.6956617094,1487.7813864117488,0.0013069952952271535,0.0,0.0,99/96,2.5432160451482764,13.750000000000002,135.0,False
Fixed 99/96,2022-04-08,1143306.6177237884,-3268.0326180155353,1140038.5851057728,228.8894440634176,0.000200813736656702,0.0,0.0,99/96,2.5432160451482764,12.85,135.0,False
Fixed 99/96,2022-04-11,1143306.6177237884,-8977.552639373414,1134329.065084415,-5709.520021357806,-0.005008181386095822,0.0,0.0,99/96,2.5432160451482764,35.3,135.0,False
Fixed 99/96,2022-04-12,1143306.6177237884,-9047.491080614995,1134259.1266431734,-69.9384412416257,-6.165621898823748e-05,0.0,0.0,99/96,2.5432160451482764,35.575,135.0,False
Fixed 99/96,2022-04-13,1143306.6177237884,-2174.4497186017766,1141132.1680051866,6873.041362013202,0.006059498399059837,0.0,0.0,99/96,2.5432160451482764,8.55,135.0,False
Fixed 99/96,2022-04-14,1145951.2702038705,-9701.016341388462,1136250.253862482,-4881.914142704569,-0.004278132086345976,85.36894380421845,-6970.994917502131,99/96,2.5869376910369226,37.50000000000001,135.0,False
Fixed 99/96,2022-04-18,1145951.2702038705,-8989.608476353305,1136961.6617275171,711.4078650351148,0.000626101391499656,0.0,0.0,99/96,2.5869376910369226,34.75,135.0,False
Fixed 99/96,2022-04-19,1145951.2702038705,-7683.204942379661,1138268.0652614909,1306.403533973731,0.0011490304184829103,0.0,0.0,99/96,2.5869376910369226,29.700000000000003,135.0,False
Fixed 99/96,2022-04-20,1145951.2702038705,-6363.86671995083,1139587.4034839196,1319.3382224286906,0.0011590751446810543,0.0,0.0,99/96,2.5869376910369226,24.6,135.0,False
Fixed 99/96,2022-04-21,1145951.2702038705,-9403.518506919216,1136547.7516969512,-3039.651786968345,-0.0026673265935334145,0.0,0.0,99/96,2.5869376910369226,36.35000000000001,135.0,False
Fixed 99/96,2022-04-22,1145951.2702038705,-15030.10798492452,1130921.162218946,-5626.589478005189,-0.00495059663758457,0.0,0.0,99/96,2.5869376910369226,58.099999999999994,135.0,False
Fixed 99/96,2022-04-25,1145951.2702038705,-13193.382224288305,1132757.8879795822,1836.7257606361527,0.0016240970829763945,0.0,0.0,99/96,2.5869376910369226,51.0,135.0,False
Fixed 99/96,2022-04-26,1145951.2702038705,-20579.089332198713,1125372.1808716718,-7385.707107910421,-0.006520110948937008,0.0,0.0,99/96,2.5869376910369226,79.54999999999998,135.0,False
Fixed 99/96,2022-04-27,1145951.2702038705,-17410.090660678492,1128541.179543192,3168.9986715202685,0.0028159561124621035,0.0,0.0,99/96,2.5869376910369226,67.30000000000001,135.0,False
Fixed 99/96,2022-04-28,1145951.2702038705,-15146.520181021178,1130804.7500228493,2263.570479657268,0.0020057491216878276,0.0,0.0,99/96,2.5869376910369226,58.54999999999998,135.0,False
Fixed 99/96,2022-04-29,1145951.2702038705,-22195.9253890968,1123755.3448147736,-7049.405208075652,-0.006233972052145376,0.0,0.0,99/96,2.5869376910369226,85.80000000000001,135.0,False
Fixed 99/96,2022-05-02,1145951.2702038705,-22286.4682082831,1123664.8019955873,-90.5428191863466,-8.057164720431942e-05,0.0,0.0,99/96,2.5869376910369226,86.15000000000003,135.0,False
Fixed 99/96,2022-05-03,1145951.2702038705,-21238.758443413135,1124712.5117604574,1047.7097648701165,0.0009324041858473908,0.0,0.0,99/96,2.5869376910369226,82.1,135.0,False
Fixed 99/96,2022-05-04,1145951.2702038705,-14357.50418525492,1131593.7660186156,6881.254258158151,0.006118233936410311,0.0,0.0,99/96,2.5869376910369226,55.5,135.0,False
Fixed 99/96,2022-05-05,1145951.2702038705,-22635.704796573067,1123315.5654072973,-8278.200611318229,-0.0073155233440743705,0.0,0.0,99/96,2.5869376910369226,87.49999999999997,135.0,False
Fixed 99/96,2022-05-06,1145951.2702038705,-26451.437890852532,1119499.832313018,-3815.7330942794215,-0.0033968487678668335,0.0,0.0,99/96,2.5869376910369226,102.25,135.0,False
Fixed 99/96,2022-05-09,1145951.2702038705,-31224.337930815655,1114726.9322730547,-4772.900039963191,-0.004263421844469484,0.0,0.0,99/96,2.5869376910369226,120.69999999999999,135.0,False
Fixed 99/96,2022-05-10,1145951.2702038705,-31599.44389601602,1114351.8263078544,-375.10596520034596,-0.00033650031621235144,0.0,0.0,99/96,2.5869376910369226,122.15000000000003,135.0,False
Fixed 99/96,2022-05-11,1145951.2702038705,-33255.08401827963,1112696.186185591,-1655.6401222634595,-0.001485742727904027,0.0,0.0,99/96,2.5869376910369226,128.54999999999995,135.0,False
Fixed 99/96,2022-05-12,1145951.2702038705,-34871.92007517772,1111079.3501286928,-1616.8360568981152,-0.0014530795350712333,0.0,0.0,99/96,2.5869376910369226,134.8,135.0,False
Fixed 99/96,2022-05-13,1145951.2702038705,-33850.07968721814,1112101.1905166523,1021.8403879594989,0.0009196826381852041,0.0,0.0,99/96,2.5869376910369226,130.85000000000002,135.0,False
Fixed 99/96,2022-05-16,1145951.2702038705,-34613.22630607403,1111338.0438977964,-763.1466188558843,-0.0006862204854769516,0.0,0.0,99/96,2.5869376910369226,133.8,135.0,False
Fixed 99/96,2022-05-17,1145951.2702038705,-33979.426571769975,1111971.8436321006,633.7997343041934,0.0005703032824120324,0.0,0.0,99/96,2.5869376910369226,131.35,135.0,False
Fixed 99/96,2022-05-18,1145951.2702038705,-34897.789452088095,1111053.4807517824,-918.3628803181928,-0.0008258868114128237,0.0,0.0,99/96,2.5869376910369226,134.90000000000003,135.0,False
Fixed 99/96,2022-05-19,1145951.2702038705,-34833.11600981217,1111118.1541940584,64.67344227596186,5.82091171994481e-05,0.0,0.0,99/96,2.5869376910369226,134.65000000000003,135.0,False
Fixed 99/96,2022-05-20,1121527.4337197675,-10622.277555318595,1110905.156164449,-212.99802960944362,-0.00019169701152432772,122.45521042324127,-34923.65882899846,99/96,2.847795591238229,37.3,115.0,False
Fixed 99/96,2022-05-23,1121527.4337197675,-7817.198897948941,1113710.2348218185,2805.078657369595,0.0025250388314466132,0.0,0.0,99/96,2.847795591238229,27.450000000000003,115.0,False
Fixed 99/96,2022-05-24,1121527.4337197675,-8913.600200575656,1112613.833519192,-1096.4013026265893,-0.000984458316307002,0.0,0.0,99/96,2.847795591238229,31.299999999999997,115.0,False
Fixed 99/96,2022-05-25,1121527.4337197675,-7874.154809773704,1113653.2789099938,1039.4453908018768,0.0009342373422718264,0.0,0.0,99/96,2.847795591238229,27.65,115.0,False
Fixed 99/96,2022-05-26,1121527.4337197675,-5182.987976053577,1116344.445743714,2691.16683372017,0.0024165212680504755,0.0,0.0,99/96,2.847795591238229,18.2,115.0,False
Fixed 99/96,2022-05-27,1121527.4337197675,-2662.688877807744,1118864.7448419598,2520.2990982457995,0.0022576357215329246,0.0,0.0,99/96,2.847795591238229,9.35,115.0,False
Fixed 99/96,2022-05-31,1121527.4337197675,-2918.9904810191856,1118608.4432387482,-256.30160321155563,-0.00022907291019147458,0.0,0.0,99/96,2.847795591238229,10.250000000000002,115.0,False
Fixed 99/96,2022-06-01,1121527.4337197675,-3232.2479960553906,1118295.1857237122,-313.25751503603533,-0.0002800421514154161,0.0,0.0,99/96,2.847795591238229,11.350000000000001,115.0,False
Fixed 99/96,2022-06-02,1121527.4337197675,-1665.9604208743647,1119861.473298893,1566.2875751808751,0.0014006029849509272,0.0,0.0,99/96,2.847795591238229,5.850000000000001,115.0,False
Fixed 99/96,2022-06-03,1121527.4337197675,-2178.5636272972456,1119348.8700924702,-512.6032064228784,-0.00045773804943294305,0.0,0.0,99/96,2.847795591238229,7.65,115.0,False
Fixed 99/96,2022-06-06,1121527.4337197675,-1836.8281563486582,1119690.605563419,341.73547094874084,0.00030529844633742087,0.0,0.0,99/96,2.847795591238229,6.450000000000001,115.0,False
Fixed 99/96,2022-06-07,1121527.4337197675,-954.011523064807,1120573.4221967028,882.8166332838591,0.000788446941411669,0.0,0.0,99/96,2.847795591238229,3.3500000000000005,115.0,False
Fixed 99/96,2022-06-08,1121527.4337197675,-1096.4013026267182,1120431.0324171407,-142.38977956213057,-0.00012706867461032,0.0,0.0,99/96,2.847795591238229,3.85,115.0,False
Fixed 99/96,2022-06-09,1121527.4337197675,-3517.0275551792133,1118010.4061645882,-2420.6262525524944,-0.002160441992873352,0.0,0.0,99/96,2.847795591238229,12.35,115.0,False
Fixed 99/96,2022-06-10,1121527.4337197675,-8301.32414845944,1113226.1095713081,-4784.296593280043,-0.004279295225607882,0.0,0.0,99/96,2.847795591238229,29.150000000000002,115.0,False
Fixed 99/96,2022-06-13,1121527.4337197675,-19236.859218814236,1102290.5745009533,-10935.535070354817,-0.009823282957822421,0.0,0.0,99/96,2.847795591238229,67.54999999999998,115.0,False
Fixed 99/96,2022-06-14,1121527.4337197675,-22184.32765574581,1099343.1060640216,-2947.4684369317256,-0.002673948689315586,0.0,0.0,99/96,2.847795591238229,77.9,115.0,False
Fixed 99/96,2022-06-15,1121527.4337197675,-17926.873246844654,1103600.5604729229,4257.454408901278,0.003872725799085819,0.0,0.0,99/96,2.847795591238229,62.949999999999996,115.0,False
Fixed 99/96,2022-06-16,1121527.4337197675,-30571.08567194239,1090956.348047825,-12644.212425097823,-0.011457236320792985,0.0,0.0,99/96,2.847795591238229,107.35,115.0,False
Fixed 99/96,2022-06-17,1099353.4617521635,-10680.85636098793,1088672.6053911755,-2283.742656649556,-0.0020933400871043784,105.17902935230833,-32749.649299239634,99/96,2.962789559219953,36.05,110.0,False
Fixed 99/96,2022-06-21,1099353.4617521635,-7303.276263477186,1092050.1854886862,3377.580097510712,0.003102475510805336,0.0,0.0,99/96,2.962789559219953,24.650000000000006,110.0,False
Fixed 99/96,2022-06-22,1099353.4617521635,-7155.136785516186,1092198.3249666472,148.1394779609982,0.00013565262835846248,0.0,0.0,99/96,2.962789559219953,24.15,110.0,False
Fixed 99/96,2022-06-23,1099353.4617521635,-6295.927813342401,1093057.5339388212,859.2089721739758,0.0007866785294696754,0.0,0.0,99/96,2.962789559219953,21.250000000000004,110.0,False
Fixed 99/96,2022-06-24,1099353.4617521635,-2933.161663627754,1096420.3000885358,3362.766149714589,0.0030764768050195457,0.0,0.0,99/96,2.962789559219953,9.900000000000002,110.0,False
Fixed 99/96,2022-06-27,1099353.4617521635,-2429.4874385603616,1096923.974313603,503.67422506725416,0.00045938060890216015,0.0,0.0,99/96,2.962789559219953,8.200000000000001,110.0,False
Fixed 99/96,2022-06-28,1099353.4617521635,-4340.486704257231,1095012.9750479062,-1910.9992656968534,-0.0017421437678875051,0.0,0.0,99/96,2.962789559219953,14.65,110.0,False
Fixed 99/96,2022-06-29,1099353.4617521635,-4429.37039103383,1094924.0913611297,-88.88368677650578,-8.117135486240823e-05,0.0,0.0,99/96,2.962789559219953,14.95,110.0,False
Fixed 99/96,2022-06-30,1099353.4617521635,-5362.649102188116,1093990.8126499753,-933.2787111543585,-0.0008523684139547516,0.0,0.0,99/96,2.962789559219953,18.1,110.0,False
Fixed 99/96,2022-07-01,1099353.4617521635,-3570.161418860044,1095783.3003333034,1792.4876833281014,0.0016384851340627282,0.0,0.0,99/96,2.962789559219953,12.05,110.0,False
Fixed 99/96,2022-07-05,1099353.4617521635,-2947.975611423853,1096405.4861407396,622.185807436239,0.000567800045179645,0.0,0.0,99/96,2.962789559219953,9.95,110.0,False
Fixed 99/96,2022-07-06,1099353.4617521635,-1985.0690046773686,1097368.392747486,962.9066067463718,0.0008782395007305155,0.0,0.0,99/96,2.962789559219953,6.7,110.0,False
Fixed 99/96,2022-07-07,1099353.4617521635,-866.6159460718362,1098486.8458060916,1118.453058605548,0.0010192138446827315,0.0,0.0,99/96,2.962789559219953,2.925,110.0,False
Fixed 99/96,2022-07-08,1099353.4617521635,-377.755668800544,1098975.706083363,488.8602772713639,0.00044503061564893365,0.0,0.0,99/96,2.962789559219953,1.275,110.0,False
Fixed 99/96,2022-07-11,1099353.4617521635,-318.499877616145,1099034.9618745474,59.25579118449241,5.391910927277088e-05,0.0,0.0,99/96,2.962789559219953,1.0750000000000002,110.0,False
Fixed 99/96,2022-07-12,1099353.4617521635,-903.6508155620857,1098449.8109366014,-585.1509379460476,-0.0005324224963216828,0.0,0.0,99/96,2.962789559219953,3.05,110.0,False
Fixed 99/96,2022-07-13,1099353.4617521635,-422.19751218884323,1098931.2642399746,481.4533033731859,0.0004383025046565958,0.0,0.0,99/96,2.962789559219953,1.4249999999999998,110.0,False
Fixed 99/96,2022-07-14,1099353.4617521635,-103.69763457269836,1099249.7641175909,318.49987761629745,0.00028982693274870464,0.0,0.0,99/96,2.962789559219953,0.35000000000000003,110.0,False
Fixed 99/96,2022-07-15,1109233.8583861184,-9960.0772519707,1099273.7811341477,24.01701655681245,2.184855284093068e-05,79.68061801576562,0.0,99/96,2.8457363577059147,35.0,115.0,False
Fixed 99/96,2022-07-18,1109233.8583861184,-10941.856295379239,1098292.002090739,-981.7790434085764,-0.0008931160373857328,0.0,0.0,99/96,2.8457363577059147,38.44999999999999,115.0,False
Fixed 99/96,2022-07-19,1109233.8583861184,-7213.941666784494,1102019.916719334,3727.914628594881,0.0033942836891267536,0.0,0.0,99/96,2.8457363577059147,25.35,115.0,False
Fixed 99/96,2022-07-20,1109233.8583861184,-6929.368031013904,1102304.4903551044,284.57363577047363,0.0002582291222263944,0.0,0.0,99/96,2.8457363577059147,24.35000000000001,115.0,False
Fixed 99/96,2022-07-21,1109233.8583861184,-5421.127761429766,1103812.7306246886,1508.2402695841156,0.0013682610229577286,0.0,0.0,99/96,2.8457363577059147,19.049999999999994,115.0,False
Fixed 99/96,2022-07-22,1109233.8583861184,-6018.732396548009,1103215.1259895705,-597.6046351180412,-0.0005414003829977698,0.0,0.0,99/96,2.8457363577059147,21.15,115.0,False
Fixed 99/96,2022-07-25,1109233.8583861184,-5520.728533949476,1103713.129852169,498.00386259844527,0.00045141138012572135,0.0,0.0,99/96,2.8457363577059147,19.400000000000006,115.0,False
Fixed 99/96,2022-07-26,1109233.8583861184,-6972.054076379491,1102261.804309739,-1451.3255424299277,-0.0013149481538053953,0.0,0.0,99/96,2.8457363577059147,24.5,115.0,False
Fixed 99/96,2022-07-27,1109233.8583861184,-3984.0309007882806,1105249.8274853302,2988.0231755911373,0.002710810774634753,0.0,0.0,99/96,2.8457363577059147,14.0,115.0,False
Fixed 99/96,2022-07-28,1109233.8583861184,-2305.0464497417906,1106928.8119363766,1678.9844510464463,0.0015190994916203238,0.0,0.0,99/96,2.8457363577059147,8.1,115.0,False
Fixed 99/96,2022-07-29,1109233.8583861184,-1408.6394970644276,1107825.218889054,896.4069526772946,0.0008098144551040853,0.0,0.0,99/96,2.8457363577059147,4.949999999999999,115.0,False
Fixed 99/96,2022-08-01,1109233.8583861184,-1593.6123603153121,1107640.246025803,-184.9728632508777,-0.00016696935590287953,0.0,0.0,99/96,2.8457363577059147,5.6,115.0,False
Fixed 99/96,2022-08-02,1109233.8583861184,-2191.2169954335545,1107042.641390685,-597.6046351180412,-0.0005395295424324154,0.0,0.0,99/96,2.8457363577059147,7.700000000000001,115.0,False
Fixed 99/96,2022-08-03,1109233.8583861184,-981.7790434085408,1108252.0793427099,1209.4379520248622,0.0010924944593873054,0.0,0.0,99/96,2.8457363577059147,3.450000000000001,115.0,False
Fixed 99/96,2022-08-04,1109233.8583861184,-747.0057938978026,1108486.8525922205,234.77324951067567,0.0002118410187417208,0.0,0.0,99/96,2.8457363577059147,2.625,115.0,False
Fixed 99/96,2022-08-05,1109233.8583861184,-675.8623849551544,1108557.9960011633,71.14340894273482,6.41806520089716e-05,0.0,0.0,99/96,2.8457363577059147,2.374999999999999,115.0,False
Fixed 99/96,2022-08-08,1109233.8583861184,-441.08913544441685,1108792.769250674,234.77324951067567,0.00021178255928644418,0.0,0.0,99/96,2.8457363577059147,1.5500000000000003,115.0,False
Fixed 99/96,2022-08-09,1109233.8583861184,-512.2325443870645,1108721.6258417314,-71.14340894250199,-6.416294452438187e-05,0.0,0.0,99/96,2.8457363577059147,1.7999999999999998,115.0,False
Fixed 99/96,2022-08-10,1109233.8583861184,-120.94379520250139,1109112.914590916,391.28874918445945,0.0003529188391968585,0.0,0.0,99/96,2.8457363577059147,0.42500000000000004,115.0,False
Fixed 99/96,2022-08-11,1109233.8583861184,-92.48643162544221,1109141.371954493,28.45736357709393,2.5657769558540267e-05,0.0,0.0,99/96,2.8457363577059147,0.32499999999999996,115.0,False
Fixed 99/96,2022-08-12,1109233.8583861184,-35.57170447132393,1109198.2866816472,56.91472715418786,5.1314222508702656e-05,0.0,0.0,99/96,2.8457363577059147,0.125,115.0,False
Fixed 99/96,2022-08-15,1109233.8583861184,-14.22868178852957,1109219.62970433,21.34302268270403,1.9241846060280565e-05,0.0,0.0,99/96,2.8457363577059147,0.04999999999999999,115.0,False
Fixed 99/96,2022-08-16,1109233.8583861184,-14.228681788529578,1109219.62970433,0.0,0.0,0.0,0.0,99/96,2.8457363577059147,0.05000000000000002,115.0,False
Fixed 99/96,2022-08-17,1109233.8583861184,-14.228681788529576,1109219.62970433,0.0,0.0,0.0,0.0,99/96,2.8457363577059147,0.05000000000000001,115.0,False
Fixed 99/96,2022-08-18,1109233.8583861184,-7.114340894264787,1109226.7440452243,7.114340894389898,6.413825273110518e-06,0.0,0.0,99/96,2.8457363577059147,0.025,115.0,False
Fixed 99/96,2022-08-19,1117777.7670564938,-8604.243303294874,1109173.523753199,-53.220292025245726,-4.7979632938899286e-05,60.334632919448154,0.0,99/96,2.6232449095411203,32.8,125.0,False
Fixed 99/96,2022-08-22,1117777.7670564938,-12971.946077680841,1104805.8209788129,-4367.7027743861545,-0.00393779934415206,0.0,0.0,99/96,2.6232449095411203,49.45,125.0,False
Fixed 99/96,2022-08-23,1117777.7670564938,-13811.384448733996,1103966.38260776,-839.4383710529655,-0.0007598062529298177,0.0,0.0,99/96,2.6232449095411203,52.64999999999999,125.0,False
Fixed 99/96,2022-08-24,1117777.7670564938,-12775.202709465257,1105002.5643470285,1036.1817392685916,0.0009385989968471176,0.0,0.0,99/96,2.6232449095411203,48.7,125.0,False
Fixed 99/96,2022-08-25,1117777.7670564938,-10020.795554447077,1107756.9715020468,2754.4071550183,0.002492670373707151,0.0,0.0,99/96,2.6232449095411203,38.19999999999999,125.0,False
Fixed 99/96,2022-08-26,1117777.7670564938,-18297.133244049313,1099480.6338124445,-8276.337689602282,-0.007471257597575831,0.0,0.0,99/96,2.6232449095411203,69.75,125.0,False
Fixed 99/96,2022-08-29,1117777.7670564938,-20290.799375300565,1097486.9676811933,-1993.6661312512588,-0.0018132798977442688,0.0,0.0,99/96,2.6232449095411203,77.35,125.0,False
Fixed 99/96,2022-08-30,1117777.7670564938,-23556.739287679266,1094221.0277688145,-3265.939912378788,-0.002975834801281718,0.0,0.0,99/96,2.6232449095411203,89.80000000000001,125.0,False
Fixed 99/96,2022-08-31,1117777.7670564938,-26009.473278100217,1091768.2937783937,-2452.73399042082,-0.0022415343227520923,0.0,0.0,99/96,2.6232449095411203,99.15000000000003,125.0,False
Fixed 99/96,2022-09-01,1117777.7670564938,-26521.006035460734,1091256.7610210332,-511.5327573604882,-0.00046853600738872014,0.0,0.0,99/96,2.6232449095411203,101.10000000000002,125.0,False
Fixed 99/96,2022-09-02,1117777.7670564938,-28645.83441218904,1089131.9326443048,-2124.828376728343,-0.0019471387968678089,0.0,0.0,99/96,2.6232449095411203,109.20000000000002,125.0,False
Fixed 99/96,2022-09-06,1117777.7670564938,-30193.548908818302,1087584.2181476755,-1547.7144966293126,-0.0014210532720968505,0.0,0.0,99/96,2.6232449095411203,115.10000000000002,125.0,False
Fixed 99/96,2022-09-07,1117777.7670564938,-27871.977163874402,1089905.7898926195,2321.571744943969,0.0021346133073703033,0.0,0.0,99/96,2.6232449095411203,106.25,125.0,False
Fixed 99/96,2022-09-08,1117777.7670564938,-26402.960014531378,1091374.8070419624,1469.0171493429225,0.0013478386507954632,0.0,0.0,99/96,2.6232449095411203,100.65,125.0,False
Fixed 99/96,2022-09-09,1117777.7670564938,-22100.83836288394,1095676.9286936098,4302.12165164738,0.003941928679211282,0.0,0.0,99/96,2.6232449095411203,84.25,125.0,False
Fixed 99/96,2022-09-12,1117777.7670564938,-16814.99987015858,1100962.7671863353,5285.83849272551,0.004824267404286653,0.0,0.0,99/96,2.6232449095411203,64.1,125.0,False
Fixed 99/96,2022-09-13,1117777.7670564938,-31492.055139041146,1086285.7119174527,-14677.055268882541,-0.013331109558220366,0.0,0.0,99/96,2.6232449095411203,120.04999999999998,125.0,False
Fixed 99/96,2022-09-14,1117777.7670564938,-31465.822689945744,1086311.944366548,26.23244909523055,2.4148756452735398e-05,0.0,0.0,99/96,2.6232449095411203,119.95000000000002,125.0,False
Fixed 99/96,2022-09-15,1117777.7670564938,-32593.818001048407,1085183.9490554454,-1127.995311102597,-0.0010383714520973975,0.0,0.0,99/96,2.6232449095411203,124.24999999999994,125.0,False
Fixed 99/96,2022-09-16,1095336.1435535112,-10434.373677601412,1084901.76987591,-282.1791795354802,-0.0002600288916742022,85.43581131995785,-32790.561369264,99/96,2.8011741416379623,37.25000000000001,115.0,False
Fixed 99/96,2022-09-19,1095336.1435535112,-9411.945115903553,1085924.1984376076,1022.428561697714,0.0009424157929198707,0.0,0.0,99/96,2.8011741416379623,33.599999999999994,115.0,False
Fixed 99/96,2022-09-20,1095336.1435535112,-10910.573281679865,1084425.5702718315,-1498.6281657761429,-0.0013800485963314513,0.0,0.0,99/96,2.8011741416379623,38.95,115.0,False
Fixed 99/96,2022-09-21,1095336.1435535112,-14019.876578897996,1081316.2669746133,-3109.303297218168,-0.002867235320206274,0.0,0.0,99/96,2.8011741416379623,50.04999999999998,115.0,False
Fixed 99/96,2022-09-22,1095336.1435535112,-15406.4577790088,1079929.6857745023,-1386.581200110959,-0.0012823086477654622,0.0,0.0,99/96,2.8011741416379623,55.00000000000003,115.0,False
Fixed 99/96,2022-09-23,1095336.1435535112,-18137.6025671058,1077198.5409864055,-2731.1447880968917,-0.0025290024193919125,0.0,0.0,99/96,2.8011741416379623,64.74999999999999,115.0,False
Fixed 99/96,2022-09-26,1095336.1435535112,-20014.38924200324,1075321.754311508,-1876.7866748974193,-0.0017422848281792858,0.0,0.0,99/96,2.8011741416379623,71.44999999999999,115.0,False
Fixed 99/96,2022-09-27,1095336.1435535112,-20182.45969050152,1075153.6838630098,-168.0704484982416,-0.00015629782232562395,0.0,0.0,99/96,2.8011741416379623,72.05000000000001,115.0,False
Fixed 99/96,2022-09-28,1095336.1435535112,-16919.091815493295,1078417.051738018,3263.3678750081453,0.003035257120900914,0.0,0.0,99/96,2.8011741416379623,60.400000000000006,115.0,False
Fixed 99/96,2022-09-29,1095336.1435535112,-20952.782579451963,1074383.3609740592,-4033.69076395873,-0.003740381105304169,0.0,0.0,99/96,2.8011741416379623,74.80000000000001,115.0,False
Fixed 99/96,2022-09-30,1095336.1435535112,-23866.003686755437,1071470.1398667558,-2913.2211073033977,-0.0027115285038128434,0.0,0.0,99/96,2.8011741416379623,85.19999999999999,115.0,False
Fixed 99/96,2022-10-03,1095336.1435535112,-19860.324664213156,1075475.818889298,4005.679022542201,0.0037384887114448873,0.0,0.0,99/96,2.8011741416379623,70.9,115.0,False
Fixed 99/96,2022-10-04,1095336.1435535112,-13571.688716235929,1081764.4548372752,6288.635947977193,0.005847305757624488,0.0,0.0,99/96,2.8011741416379623,48.45,115.0,False
Fixed 99/96,2022-10-05,1095336.1435535112,-13669.72981119326,1081666.413742318,-98.04109495715238,-9.063072327686328e-05,0.0,0.0,99/96,2.8011741416379623,48.80000000000001,115.0,False
Fixed 99/96,2022-10-06,1095336.1435535112,-16540.933306372164,1078795.210247139,-2871.20349517907,-0.002654426039951918,0.0,0.0,99/96,2.8011741416379623,59.04999999999998,115.0,False
Fixed 99/96,2022-10-07,1095336.1435535112,-23585.88627259164,1071750.2572809197,-7044.95296621928,-0.006530389548731308,0.0,0.0,99/96,2.8011741416379623,84.19999999999999,115.0,False
Fixed 99/96,2022-10-10,1095336.1435535112,-25420.655335364518,1069915.4882181466,-1834.7690627730917,-0.0017119371330294175,0.0,0.0,99/96,2.8011741416379623,90.75000000000003,115.0,False
Fixed 99/96,2022-10-11,1095336.1435535112,-26597.14847485245,1068738.9950786587,-1176.493139487924,-0.0010996131493032912,0.0,0.0,99/96,2.8011741416379623,94.94999999999999,115.0,False
Fixed 99/96,2022-10-12,1095336.1435535112,-27241.418527429185,1068094.725026082,-644.2700525766704,-0.0006028319875511778,0.0,0.0,99/96,2.8011741416379623,97.25,115.0,False
Fixed 99/96,2022-10-13,1095336.1435535112,-23557.87453117526,1071778.269022336,3683.543996253982,0.003448705353510606,0.0,0.0,99/96,2.8011741416379623,84.1,115.0,False
Fixed 99/96,2022-10-14,1095336.1435535112,-29356.305004365848,1065979.8385491455,-5798.4304731904995,-0.005410102668418348,0.0,0.0,99/96,2.8011741416379623,104.80000000000001,115.0,False
Fixed 99/96,2022-10-17,1095336.1435535112,-24468.256127207602,1070867.8874263037,4888.048877158202,0.004585498431012525,0.0,0.0,99/96,2.8011741416379623,87.35,115.0,False
Fixed 99/96,2022-10-18,1095336.1435535112,-20308.512526875227,1075027.631026636,4159.743600332411,0.0038844601179794935,0.0,0.0,99/96,2.8011741416379623,72.5,115.0,False
Fixed 99/96,2022-10-19,1095336.1435535112,-26247.001707147712,1069089.1418463634,-5938.489180272678,-0.005524033995853217,0.0,0.0,99/96,2.8011741416379623,93.70000000000002,115.0,False
Fixed 99/96,2022-10-20,1095336.1435535112,-30714.87446306026,1064621.269090451,-4467.872755912365,-0.004179139588113445,0.0,0.0,99/96,2.8011741416379623,109.65,115.0,False
Fixed 99/96,2022-10-21,1082881.5833893502,-10672.24668869747,1072209.3367006527,7588.067610201659,0.007127480758189586,87.14953788628456,-23039.65731497224,99/96,2.857361897910969,37.35,110.0,False
Fixed 99/96,2022-10-24,1082881.5833893502,-9300.712977700206,1073580.87041165,1371.5337109973188,0.0012791659837785296,0.0,0.0,99/96,2.857361897910969,32.550000000000004,110.0,False
Fixed 99/96,2022-10-25,1082881.5833893502,-7529.148600995404,1075352.434788355,1771.5643767048605,0.0016501452527051264,0.0,0.0,99/96,2.857361897910969,26.35,110.0,False
Fixed 99/96,2022-10-26,1082881.5833893502,-7329.133268141637,1075552.4501212086,200.0153328536544,0.0001859997954001269,0.0,0.0,99/96,2.857361897910969,25.650000000000002,110.0,False
Fixed 99/96,2022-10-27,1082881.5833893502,-9715.030452897296,1073166.552936453,-2385.897184755653,-0.0022182992419260694,0.0,0.0,99/96,2.857361897910969,34.0,110.0,False
Fixed 99/96,2022-10-28,1082881.5833893502,-4857.515226448648,1078024.0681629016,4857.515226448653,0.00452633863136831,0.0,0.0,99/96,2.857361897910969,17.0,110.0,False
Fixed 99/96,2022-10-31,1082881.5833893502,-5500.421653478618,1077381.1617358716,-642.9064270299859,-0.0005963748361625942,0.0,0.0,99/96,2.857361897910969,19.250000000000007,110.0,False
Fixed 99/96,2022-11-01,1082881.5833893502,-6257.622556425023,1076623.9608329253,-757.2009029462934,-0.0007028161711369885,0.0,0.0,99/96,2.857361897910969,21.9,110.0,False
Fixed 99/96,2022-11-02,1082881.5833893502,-9857.898547792844,1073023.6848415574,-3600.2759913678747,-0.0033440422304762407,0.0,0.0,99/96,2.857361897910969,34.5,110.0,False
Fixed 99/96,2022-11-03,1082881.5833893502,-11615.17611500809,1071266.4072743421,-1757.2775672152638,-0.0016376875851298323,0.0,0.0,99/96,2.857361897910969,40.65,110.0,False
Fixed 99/96,2022-11-04,1082881.5833893502,-8729.24059811801,1074152.3427912323,2885.9355168901384,0.0026939475533755974,0.0,0.0,99/96,2.857361897910969,30.549999999999997,110.0,False
Fixed 99/96,2022-11-07,1082881.5833893502,-6086.180842550365,1076795.4025467997,2643.0597555674613,0.002460600466316798,0.0,0.0,99/96,2.857361897910969,21.3,110.0,False
Fixed 99/96,2022-11-08,1082881.5833893502,-5600.4293199055,1077281.1540694446,485.7515226448886,0.0004511084663771925,0.0,0.0,99/96,2.857361897910969,19.6,110.0,False
Fixed 99/96,2022-11-09,1082881.5833893502,-9014.976787909107,1073866.606601441,-3414.547468003584,-0.0031695973285200685,0.0,0.0,99/96,2.857361897910969,31.549999999999997,110.0,False
Fixed 99/96,2022-11-10,1082881.5833893502,-864.3519741180681,1082017.2314152322,8150.624813791132,0.007589978833205446,0.0,0.0,99/96,2.857361897910969,3.025,110.0,False
Fixed 99/96,2022-11-11,1082881.5833893502,-307.16640402542924,1082574.4169853248,557.185570092639,0.0005149507363795269,0.0,0.0,99/96,2.857361897910969,1.0750000000000002,110.0,False
Fixed 99/96,2022-11-14,1082881.5833893502,-178.58511861943558,1082702.9982707307,128.58128540590405,0.0001187736227536984,0.0,0.0,99/96,2.857361897910969,0.625,110.0,False
Fixed 99/96,2022-11-15,1082881.5833893502,-128.5812854059936,1082753.0021039443,50.00383321358822,4.618425671076842e-05,0.0,0.0,99/96,2.857361897910969,0.45,110.0,False
Fixed 99/96,2022-11-16,1082881.5833893502,-28.573618979109686,1082853.009770371,100.00766642671078,9.236424764691442e-05,0.0,0.0,99/96,2.857361897910969,0.09999999999999998,110.0,False
Fixed 99/96,2022-11-17,1082881.5833893502,-42.86042846866454,1082838.7229608817,-14.286809489363804,-1.3193673897071712e-05,0.0,0.0,99/96,2.857361897910969,0.15,110.0,False
Fixed 99/96,2022-11-18,1092752.3016541307,-9926.70103540653,1082825.6006187242,-13.122342157410458,-1.2118464069676982e-05,55.98277062609033,0.0,99/96,2.7308668598092236,36.35000000000001,120.0,False
Fixed 99/96,2022-11-21,1092752.3016541307,-10063.24437839699,1082689.0572757337,-136.5433429905679,-0.0001260991085845209,0.0,0.0,99/96,2.7308668598092236,36.85,120.0,False
Fixed 99/96,2022-11-22,1092752.3016541307,-7578.1555359705935,1085174.14611816,2485.0888424264267,0.002295293210665239,0.0,0.0,99/96,2.7308668598092236,27.749999999999993,120.0,False
Fixed 99/96,2022-11-23,1092752.3016541307,-6076.178763075521,1086676.1228910552,1501.9767728950828,0.001384088238987058,0.0,0.0,99/96,2.7308668598092236,22.249999999999993,120.0,False
Fixed 99/96,2022-11-25,1092752.3016541307,-5885.018082888877,1086867.283571242,191.16068018670194,0.0001759132055632051,0.0,0.0,99/96,2.7308668598092236,21.55,120.0,False
Fixed 99/96,2022-11-28,1092752.3016541307,-9011.860637370439,1083740.4410167602,-3126.8425544817,-0.0028769313436388666,0.0,0.0,99/96,2.7308668598092236,33.0,120.0,False
Fixed 99/96,2022-11-29,1092752.3016541307,-9790.157692416067,1082962.1439617146,-778.2970550456084,-0.0007181581729250874,0.0,0.0,99/96,2.7308668598092236,35.85,120.0,False
Fixed 99/96,2022-11-30,1092752.3016541307,-4028.028618218605,1088724.273035912,5762.129074197495,0.005320711445294224,0.0,0.0,99/96,2.7308668598092236,14.75,120.0,False
Fixed 99/96,2022-12-01,1092752.3016541307,-3836.8679380319595,1088915.4337160988,191.16068018670194,0.0001755822708477961,0.0,0.0,99/96,2.7308668598092236,14.05,120.0,False
Fixed 99/96,2022-12-02,1092752.3016541307,-3686.670260742452,1089065.6313933881,150.19767728936858,0.00013793327988453896,0.0,0.0,99/96,2.7308668598092236,13.5,120.0,False
Fixed 99/96,2022-12-05,1092752.3016541307,-6786.204146625922,1085966.0975075047,-3099.5338858834,-0.002846048756416808,0.0,0.0,99/96,2.7308668598092236,24.85,120.0,False
Fixed 99/96,2022-12-06,1092752.3016541307,-10418.257070172189,1082334.0445839586,-3632.0529235461727,-0.003344536198581549,0.0,0.0,99/96,2.7308668598092236,38.15,120.0,False
Fixed 99/96,2022-12-07,1092752.3016541307,-11032.70211362926,1081719.5995405014,-614.4450434572063,-0.0005677037015807684,0.0,0.0,99/96,2.7308668598092236,40.39999999999999,120.0,False
Fixed 99/96,2022-12-08,1092752.3016541307,-8929.93463157616,1083822.3670225546,2102.7674820532557,0.001943911789105579,0.0,0.0,99/96,2.7308668598092236,32.699999999999996,120.0,False
Fixed 99/96,2022-12-09,1092752.3016541307,-10609.417750358834,1082142.8839037719,-1679.4831187827513,-0.0015495925991974024,0.0,0.0,99/96,2.7308668598092236,38.85,120.0,False
Fixed 99/96,2022-12-12,1092752.3016541307,-8001.439899241024,1084750.8617548896,2607.9778511177283,0.0024100124760877417,0.0,0.0,99/96,2.7308668598092236,29.299999999999997,120.0,False
Fixed 99/96,2022-12-13,1092752.3016541307,-3222.422894574884,1089529.8787595558,4779.0170046661515,0.004405635591692159,0.0,0.0,99/96,2.7308668598092236,11.8,120.0,False
Fixed 99/96,2022-12-14,1092752.3016541307,-1679.4831187826726,1091072.818535348,1542.9397757921834,0.0014161518705193554,0.0,0.0,99/96,2.7308668598092236,6.15,120.0,False
Fixed 99/96,2022-12-15,1092752.3016541307,-10984.911943582603,1081767.389710548,-9305.428824799834,-0.008528696404783931,0.0,0.0,99/96,2.7308668598092236,40.225,120.0,False
Fixed 99/96,2022-12-16,1082821.864042363,-10026.308608560392,1072795.5554338025,-8971.834276745562,-0.008293681582642431,119.75868615780466,-19836.987534170356,99/96,2.7850857246001084,36.00000000000001,115.0,False
Fixed 99/96,2022-12-19,1082821.864042363,-11251.746327384442,1071570.1177149785,-1225.4377188240178,-0.0011422844852563285,0.0,0.0,99/96,2.7850857246001084,40.40000000000001,115.0,False
Fixed 99/96,2022-12-20,1082821.864042363,-10861.834325940423,1071960.0297164225,389.9120014440268,0.0003638697972236926,0.0,0.0,99/96,2.7850857246001084,39.0,115.0,False
Fixed 99/96,2022-12-21,1082821.864042363,-7798.240028880303,1075023.6240134826,3063.5942970600445,0.002857937061207849,0.0,0.0,99/96,2.7850857246001084,27.999999999999996,115.0,False
Fixed 99/96,2022-12-22,1082821.864042363,-10945.386897678425,1071876.4771446844,-3147.1468687981833,-0.0029275141480600286,0.0,0.0,99/96,2.7850857246001084,39.3,115.0,False
Fixed 99/96,2022-12-23,1082821.864042363,-9580.694892624373,1073241.1691497385,1364.692005054094,0.0012731802909691226,0.0,0.0,99/96,2.7850857246001084,34.4,115.0,False
Fixed 99/96,2022-12-27,1082821.864042363,-10137.712037544392,1072684.1520048184,-557.0171449200716,-0.0005190046384088154,0.0,0.0,99/96,2.7850857246001084,36.39999999999999,115.0,False
Fixed 99/96,2022-12-28,1082821.864042363,-12825.319761783498,1069996.5442805793,-2687.6077242391184,-0.002505497745273866,0.0,0.0,99/96,2.7850857246001084,46.05,115.0,False
Fixed 99/96,2022-12-29,1082821.864042363,-9260.410034295362,1073561.4540080675,3564.9097274881788,0.003331702094313771,0.0,0.0,99/96,2.7850857246001084,33.25000000000001,115.0,False
Fixed 99/96,2022-12-30,1082821.864042363,-9427.515177771367,1073394.3488645914,-167.10514347604476,-0.00015565493978209055,0.0,0.0,99/96,2.7850857246001084,33.85,115.0,False
Fixed 99/96,2023-01-03,1082821.864042363,-10931.461469055426,1071890.4025733075,-1503.9462912839372,-0.001401112548128025,0.0,0.0,99/96,2.7850857246001084,39.25,115.0,False
Fixed 99/96,2023-01-04,1082821.864042363,-8786.945461113342,1074034.9185812497,2144.5160079421476,0.0020006858936265637,0.0,0.0,99/96,2.7850857246001084,31.55,115.0,False
Fixed 99/96,2023-01-05,1082821.864042363,-11404.926042237443,1071416.9380001253,-2617.980581124313,-0.0024375190562543336,0.0,0.0,99/96,2.7850857246001084,40.949999999999996,115.0,False
Fixed 99/96,2023-01-06,1082821.864042363,-5806.903735791227,1077014.9603065716,5598.022306446219,0.0052248775503729306,0.0,0.0,99/96,2.7850857246001084,20.85,115.0,False
Fixed 99/96,2023-01-09,1082821.864042363,-5737.276592676224,1077084.5874496866,69.62714311503805,6.46482599417908e-05,0.0,0.0,99/96,2.7850857246001084,20.6,115.0,False
Fixed 99/96,2023-01-10,1082821.864042363,-3829.4928713251497,1078992.3711710377,1907.7837213510647,0.0017712478143134813,0.0,0.0,99/96,2.7850857246001084,13.750000000000002,115.0,False
Fixed 99/96,2023-01-11,1082821.864042363,-2241.994008303087,1080579.8700340597,1587.498863022076,0.0014712790427786615,0.0,0.0,99/96,2.7850857246001084,8.049999999999999,115.0,False
Fixed 99/96,2023-01-12,1082821.864042363,-570.9425735430221,1082250.92146882,1671.0514347602148,0.0015464395377895457,0.0,0.0,99/96,2.7850857246001084,2.05,115.0,False
Fixed 99/96,2023-01-13,1082821.864042363,-285.4712867715111,1082536.3927555913,285.47128677135333,0.0002637755081640325,0.0,0.0,99/96,2.7850857246001084,1.025,115.0,False
Fixed 99/96,2023-01-17,1082821.864042363,-139.25428623000545,1082682.6097561328,146.21700054151006,0.00013506890070402733,0.0,0.0,99/96,2.7850857246001084,0.5000000000000001,115.0,False
Fixed 99/96,2023-01-18,1082821.864042363,-215.84414365650838,1082606.0198987063,-76.58985742647201,-7.07408216741312e-05,0.0,0.0,99/96,2.7850857246001084,0.7749999999999999,115.0,False
Fixed 99/96,2023-01-19,1082821.864042363,-160.1424291645062,1082661.7216131983,55.70171449193731,5.145151003049797e-05,0.0,0.0,99/96,2.7850857246001084,0.575,115.0,False
Fixed 99/96,2023-01-20,1091563.2447066675,-8831.329389568717,1082731.9153170988,70.19370390055701,6.483438224447191e-05,89.94872526412338,0.0,99/96,2.7257189473977532,32.39999999999999,120.0,False
Fixed 99/96,2023-01-23,1091563.2447066675,-6473.582500069663,1085089.6622065979,2357.746889499016,0.002177590644687477,0.0,0.0,99/96,2.7257189473977532,23.75,120.0,False
Fixed 99/96,2023-01-24,1091563.2447066675,-6023.838873749036,1085539.4058329184,449.7436263205018,0.00041447600321431466,0.0,0.0,99/96,2.7257189473977532,22.100000000000005,120.0,False
Fixed 99/96,2023-01-25,1091563.2447066675,-6473.582500069664,1085089.6622065979,-449.7436263205018,-0.0004143042840305533,0.0,0.0,99/96,2.7257189473977532,23.750000000000004,120.0,False
Fixed 99/96,2023-01-26,1091563.2447066675,-4810.893942157034,1086752.3507645105,1662.6885579125956,0.0015323052240046042,0.0,0.0,99/96,2.7257189473977532,17.65,120.0,False
Fixed 99/96,2023-01-27,1091563.2447066675,-4224.864368466518,1087338.380338201,586.0295736906119,0.0005392484987756241,0.0,0.0,99/96,2.7257189473977532,15.5,120.0,False
Fixed 99/96,2023-01-30,1091563.2447066675,-6132.8676316449455,1085430.3770750226,-1908.0032631785143,-0.0017547465422723674,0.0,0.0,99/96,2.7257189473977532,22.500000000000004,120.0,False
Fixed 99/96,2023-01-31,1091563.2447066675,-4170.349989518562,1087392.894717149,1962.5176421264187,0.001808054835737094,0.0,0.0,99/96,2.7257189473977532,15.3,120.0,False
Fixed 99/96,2023-02-01,1091563.2447066675,-2003.4034263373483,1089559.8412803302,2166.9465631812345,0.0019927908060728416,0.0,0.0,99/96,2.7257189473977532,7.35,120.0,False
Fixed 99/96,2023-02-02,1091563.2447066675,-1567.288394753708,1089995.9563119137,436.1150315834675,0.0004002671675849001,0.0,0.0,99/96,2.7257189473977532,5.75,120.0,False
Fixed 99/96,2023-02-03,1091563.2447066675,-1676.317152649618,1089886.9275540179,-109.02875789580867,-0.0001000267544705169,0.0,0.0,99/96,2.7257189473977532,6.1499999999999995,120.0,False
Fixed 99/96,2023-02-06,1091563.2447066675,-1989.7748316003597,1089573.4698750672,-313.45767895062454,-0.0002876056873661881,0.0,0.0,99/96,2.7257189473977532,7.3,120.0,False
Fixed 99/96,2023-02-07,1091563.2447066675,-919.9301447467417,1090643.3145619207,1069.8446868534666,0.0009818931136200693,0.0,0.0,99/96,2.7257189473977532,3.375,120.0,False
Fixed 99/96,2023-02-08,1091563.2447066675,-1587.731286859191,1089975.5134198084,-667.801142112352,-0.0006123002206093187,0.0,0.0,99/96,2.7257189473977532,5.824999999999999,120.0,False
Fixed 99/96,2023-02-09,1091563.2447066675,-2684.8331631867873,1088878.4115434808,-1097.1018763275351,-0.0010065380944984659,0.0,0.0,99/96,2.7257189473977532,9.850000000000001,120.0,False
Fixed 99/96,2023-02-10,1091563.2447066675,-1921.6318579154158,1089641.6128487522,763.2013052713592,0.0007009059020552932,0.0,0.0,99/96,2.7257189473977532,7.05,120.0,False
Fixed 99/96,2023-02-13,1091563.2447066675,-606.472465796,1090956.7722408716,1315.1593921193853,0.001206965094404877,0.0,0.0,99/96,2.7257189473977532,2.225,120.0,False
Fixed 99/96,2023-02-14,1091563.2447066675,-183.98602894934834,1091379.2586777182,422.48643684666604,0.0003872623073588599,0.0,0.0,99/96,2.7257189473977532,0.675,120.0,False
Fixed 99/96,2023-02-15,1091563.2447066675,-54.514378947955066,1091508.7303277196,129.4716500013601,0.00011863121730781856,0.0,0.0,99/96,2.7257189473977532,0.2,120.0,False
Fixed 99/96,2023-02-16,1091563.2447066675,-238.50040789730338,1091324.74429877,-183.98602894949727,-0.00016856120692154697,0.0,0.0,99/96,2.7257189473977532,0.875,120.0,False
Fixed 99/96,2023-02-17,1099830.7371421317,-8362.49032556253,1091468.2468165692,143.50251779914834,0.00013149387343114327,94.99789009838791,0.0,99/96,2.6759969041800096,31.250000000000004,125.0,False
Fixed 99/96,2023-02-21,1099830.7371421317,-12483.525557999741,1087347.211584132,-4121.035232437309,-0.003775680368583223,0.0,0.0,99/96,2.6759969041800096,46.64999999999999,125.0,False
Fixed 99/96,2023-02-22,1099830.7371421317,-13005.344954314844,1086825.3921878168,-521.8193963151425,-0.0004799013514320549,0.0,0.0,99/96,2.6759969041800096,48.599999999999994,125.0,False
Fixed 99/96,2023-02-23,1099830.7371421317,-11908.186223601042,1087922.5509185307,1097.1587307138834,0.001009507818459543,0.0,0.0,99/96,2.6759969041800096,44.5,125.0,False
Fixed 99/96,2023-02-24,1099830.7371421317,-14878.54278724085,1084952.1943548908,-2970.356563639827,-0.0027303014917118285,0.0,0.0,99/96,2.6759969041800096,55.599999999999994,125.0,False
Fixed 99/96,2023-02-27,1099830.7371421317,-13928.563886256949,1085902.1732558748,949.9789009839296,0.0008755951699317421,0.0,0.0,99/96,2.6759969041800096,52.05,125.0,False
Fixed 99/96,2023-02-28,1099830.7371421317,-15855.281657266554,1083975.455484865,-1926.7177710097749,-0.0017743014227817877,0.0,0.0,99/96,2.6759969041800096,59.24999999999999,125.0,False
Fixed 99/96,2023-03-01,1099830.7371421317,-16858.78049633406,1082971.9566457977,-1003.4988390672952,-0.0009257578979207093,0.0,0.0,99/96,2.6759969041800096,63.0,125.0,False
Fixed 99/96,2023-03-02,1099830.7371421317,-14704.602988469152,1085126.1341536625,2154.177507864777,0.001989135078378945,0.0,0.0,99/96,2.6759969041800096,54.95,125.0,False
Fixed 99/96,2023-03-03,1099830.7371421317,-9098.389474212032,1090732.3476679197,5606.213514257222,0.005166416454092548,0.0,0.0,99/96,2.6759969041800096,34.0,125.0,False
Fixed 99/96,2023-03-06,1099830.7371421317,-8696.98993858503,1091133.7472035466,401.3995356268715,0.0003680091972013688,0.0,0.0,99/96,2.6759969041800096,32.5,125.0,False
Fixed 99/96,2023-03-07,1099830.7371421317,-14356.723390925752,1085474.013751206,-5659.733452340588,-0.005187020809177434,0.0,0.0,99/96,2.6759969041800096,53.650000000000006,125.0,False
Fixed 99/96,2023-03-08,1099830.7371421317,-13527.164350629946,1086303.5727915016,829.5590402956586,0.000764236665075746,0.0,0.0,99/96,2.6759969041800096,50.55,125.0,False
Fixed 99/96,2023-03-09,1099830.7371421317,-21086.85560493847,1078743.8815371932,-7559.691254308447,-0.006959096373845175,0.0,0.0,99/96,2.6759969041800096,78.8,125.0,False
Fixed 99/96,2023-03-10,1099830.7371421317,-26331.809537131285,1073498.9276050003,-5244.953932192875,-0.004862093794422151,0.0,0.0,99/96,2.6759969041800096,98.39999999999998,125.0,False
Fixed 99/96,2023-03-13,1099830.7371421317,-26171.249722880493,1073659.4874192511,160.55981425079517,0.0001495668138291606,0.0,0.0,99/96,2.6759969041800096,97.80000000000001,125.0,False
Fixed 99/96,2023-03-14,1099830.7371421317,-24485.37167324709,1075345.3654688846,1685.8780496334657,0.0015702166928974748,0.0,0.0,99/96,2.6759969041800096,91.50000000000001,125.0,False
Fixed 99/96,2023-03-15,1099830.7371421317,-27750.087896346693,1072080.649245785,-3264.716223099502,-0.0030359699571271825,0.0,0.0,99/96,2.6759969041800096,103.69999999999999,125.0,False
Fixed 99/96,2023-03-16,1099830.7371421317,-19802.37709093207,1080028.3600511996,7947.710805414477,0.00741335160839407,0.0,0.0,99/96,2.6759969041800096,74.0,125.0,False
Fixed 99/96,2023-03-17,1075248.451060347,-8539.154915735548,1066709.2961446114,-13319.063906588126,-0.01233214274665595,110.31444149515316,-33011.12655602509,99/96,2.723813370250573,31.35000000000001,115.0,False
Fixed 99/96,2023-03-20,1075248.451060347,-7081.914762651488,1068166.5362976955,1457.2401530840434,0.0013661080468230224,0.0,0.0,99/96,2.723813370250573,25.999999999999993,115.0,False
Fixed 99/96,2023-03-21,1075248.451060347,-5256.959804583605,1069991.4912557635,1824.954958067974,0.00170849291384223,0.0,0.0,99/96,2.723813370250573,19.299999999999997,115.0,False
Fixed 99/96,2023-03-22,1075248.451060347,-7354.296099676547,1067894.1549606705,-2097.336295092944,-0.001960142965839351,0.0,0.0,99/96,2.723813370250573,27.0,115.0,False
Fixed 99/96,2023-03-23,1075248.451060347,-7286.200765420281,1067962.2502949268,68.0953342563007,6.376599585267151e-05,0.0,0.0,99/96,2.723813370250573,26.749999999999993,115.0,False
Fixed 99/96,2023-03-24,1075248.451060347,-6060.484748807525,1069187.9663115395,1225.7160166127142,0.001147714740173944,0.0,0.0,99/96,2.723813370250573,22.25,115.0,False
Fixed 99/96,2023-03-27,1075248.451060347,-5379.531406244883,1069868.919654102,680.9533425625414,0.0006368883339678,0.0,0.0,99/96,2.723813370250573,19.750000000000007,115.0,False
Fixed 99/96,2023-03-28,1075248.451060347,-5488.483941054906,1069759.9671192921,-108.95253480994143,-0.00010183727446266833,0.0,0.0,99/96,2.723813370250573,20.150000000000006,115.0,False
Fixed 99/96,2023-03-29,1075248.451060347,-3595.4336487307564,1071653.0174116162,1893.050292324042,0.0017696028553224608,0.0,0.0,99/96,2.723813370250573,13.200000000000001,115.0,False
Fixed 99/96,2023-03-30,1075248.451060347,-2764.6705708043314,1072483.7804895428,830.7630779265892,0.0007752164781218429,0.0,0.0,99/96,2.723813370250573,10.15,115.0,False
Fixed 99/96,2023-03-31,1075248.451060347,-1647.907089001597,1073600.5439713455,1116.7634818027727,0.0010412870591787193,0.0,0.0,99/96,2.723813370250573,6.050000000000001,115.0,False
Fixed 99/96,2023-04-03,1075248.451060347,-1048.6681475464707,1074199.7829128006,599.2389414550271,0.0005581581947027292,0.0,0.0,99/96,2.723813370250573,3.85,115.0,False
Fixed 99/96,2023-04-04,1075248.451060347,-1225.7160166127578,1074022.7350437343,-177.04786906624213,-0.00016481838097770485,0.0,0.0,99/96,2.723813370250573,4.5,115.0,False
Fixed 99/96,2023-04-05,1075248.451060347,-1212.0969497615047,1074036.3541105855,13.619066851213574,1.2680426965783198e-05,0.0,0.0,99/96,2.723813370250573,4.449999999999999,115.0,False
Fixed 99/96,2023-04-06,1075248.451060347,-817.1440110751719,1074431.3070492719,394.9529386863578,0.00036772771906168344,0.0,0.0,99/96,2.723813370250573,3.0,115.0,False
Fixed 99/96,2023-04-10,1075248.451060347,-531.1436071988617,1074717.307453148,286.00040387618355,0.0002661877050675887,0.0,0.0,99/96,2.723813370250573,1.95,115.0,False
Fixed 99/96,2023-04-11,1075248.451060347,-463.04827294259746,1074785.4027874044,68.0953342563007,6.336115905458684e-05,0.0,0.0,99/96,2.723813370250573,1.7000000000000002,115.0,False
Fixed 99/96,2023-04-12,1075248.451060347,-442.61967266571804,1074805.8313876814,20.428600277053192,1.900714340186127e-05,0.0,0.0,99/96,2.723813370250573,1.6249999999999998,115.0,False
Fixed 99/96,2023-04-13,1075248.451060347,-149.80973536378153,1075098.6413249832,292.80993730179034,0.00027243054396497435,0.0,0.0,99/96,2.723813370250573,0.55,115.0,False
Fixed 99/96,2023-04-14,1075248.451060347,-81.71440110751718,1075166.7366592395,68.0953342563007,6.333868506458451e-05,0.0,0.0,99/96,2.723813370250573,0.29999999999999993,115.0,False
Fixed 99/96,2023-04-17,1075248.451060347,-40.8572005537586,1075207.5938597932,40.85720055364072,3.800080411764384e-05,0.0,0.0,99/96,2.723813370250573,0.15000000000000002,115.0,False
Fixed 99/96,2023-04-18,1075248.451060347,-40.8572005537586,1075207.5938597932,0.0,0.0,0.0,0.0,99/96,2.723813370250573,0.15000000000000002,115.0,False
Fixed 99/96,2023-04-19,1075248.451060347,-13.61906685125287,1075234.8319934958,27.23813370265998,2.533290674122668e-05,0.0,0.0,99/96,2.723813370250573,0.05000000000000002,115.0,False
Fixed 99/96,2023-04-20,1075248.451060347,-0.0,1075248.451060347,13.619066851213574,1.26661325006161e-05,0.0,0.0,99/96,2.723813370250573,0.0,115.0,False
Fixed 99/96,2023-04-21,1081412.207840885,-6256.102577418723,1075156.1052634662,-92.34579688077793,-8.588321777136532e-05,92.34579688081692,0.0,99/96,2.601290052980758,24.049999999999997,120.0,False
Fixed 99/96,2023-04-24,1081412.207840885,-5917.934870531227,1075494.2729703537,338.16770688747056,0.0003145289369905768,0.0,0.0,99/96,2.601290052980758,22.750000000000007,120.0,False
Fixed 99/96,2023-04-25,1081412.207840885,-8454.192672187462,1072958.0151686976,-2536.2578016561456,-0.0023582252973336493,0.0,0.0,99/96,2.601290052980758,32.49999999999999,120.0,False
Fixed 99/96,2023-04-26,1081412.207840885,-10040.979604505725,1071371.2282363793,-1586.7869323182385,-0.001478890049643522,0.0,0.0,99/96,2.601290052980758,38.599999999999994,120.0,False
Fixed 99/96,2023-04-27,1081412.207840885,-5826.889718676898,1075585.3181222081,4214.089885828784,0.003933361074821562,0.0,0.0,99/96,2.601290052980758,22.4,120.0,False
Fixed 99/96,2023-04-28,1081412.207840885,-4045.006032385079,1077367.2018084999,1781.8836862917524,0.0016566641960142903,0.0,0.0,99/96,2.601290052980758,15.55,120.0,False
Fixed 99/96,2023-05-01,1081412.207840885,-3901.935079471137,1077510.2727614138,143.07095291395672,0.00013279683349720628,0.0,0.0,99/96,2.601290052980758,15.0,120.0,False
Fixed 99/96,2023-05-02,1081412.207840885,-6490.218682186992,1074921.9891586981,-2588.2836027157027,-0.0024020964515563126,0.0,0.0,99/96,2.601290052980758,24.950000000000003,120.0,False
Fixed 99/96,2023-05-03,1081412.207840885,-7517.72825311439,1073894.4795877705,-1027.509570927592,-0.0009558922240783252,0.0,0.0,99/96,2.601290052980758,28.9,120.0,False
Fixed 99/96,2023-05-04,1081412.207840885,-10340.127960598513,1071072.0798802865,-2822.399707484059,-0.0026281909080745347,0.0,0.0,99/96,2.601290052980758,39.75,120.0,False
Fixed 99/96,2023-05-05,1081412.207840885,-4851.405948809113,1076560.801892076,5488.722011789447,0.005124512266628134,0.0,0.0,99/96,2.601290052980758,18.65,120.0,False
Fixed 99/96,2023-05-08,1081412.207840885,-4123.0447339745015,1077289.1631069104,728.3612148344982,0.0006765630083822582,0.0,0.0,99/96,2.601290052980758,15.849999999999998,120.0,False
Fixed 99/96,2023-05-09,1081412.207840885,-5215.586556226419,1076196.6212846586,-1092.5418222518638,-0.0010141583705353119,0.0,0.0,99/96,2.601290052980758,20.049999999999997,120.0,False
Fixed 99/96,2023-05-10,1081412.207840885,-3355.6641683451776,1078056.5436725398,1859.9223878812045,0.0017282365983095627,0.0,0.0,99/96,2.601290052980758,12.899999999999999,120.0,False
Fixed 99/96,2023-05-11,1081412.207840885,-3524.748021788928,1077887.4598190961,-169.08385344361886,-0.00015684135905114083,0.0,0.0,99/96,2.601290052980758,13.550000000000002,120.0,False
Fixed 99/96,2023-05-12,1081412.207840885,-3472.7222207293116,1077939.4856201557,52.025801059557125,4.826644988353834e-05,0.0,0.0,99/96,2.601290052980758,13.349999999999998,120.0,False
Fixed 99/96,2023-05-15,1081412.207840885,-1833.9094873514346,1079578.2983535335,1638.8127333777957,0.0015203197908970623,0.0,0.0,99/96,2.601290052980758,7.050000000000001,120.0,False
Fixed 99/96,2023-05-16,1081412.207840885,-2919.948084470901,1078492.2597564142,-1086.0385971192736,-0.00100598409469288,0.0,0.0,99/96,2.601290052980758,11.225,120.0,False
Fixed 99/96,2023-05-17,1081412.207840885,-513.7547854636998,1080898.4530554214,2406.1932990071364,0.0022310714585476177,0.0,0.0,99/96,2.601290052980758,1.9750000000000003,120.0,False
Fixed 99/96,2023-05-18,1081412.207840885,-65.03225132451895,1081347.1755895605,448.72253413917497,0.00041513847380469926,0.0,0.0,99/96,2.601290052980758,0.25,120.0,False
Fixed 99/96,2023-05-19,1087208.8319715823,-5881.754792162702,1081327.0771794196,-20.09841014095582,-1.858645455843355e-05,85.13066146551279,0.0,99/96,2.579717014106448,22.8,125.0,False
Fixed 99/96,2023-05-22,1087208.8319715823,-5507.695825117267,1081701.136146465,374.0589670455083,0.0003459258303428747,0.0,0.0,99/96,2.579717014106448,21.35,125.0,False
Fixed 99/96,2023-05-23,1087208.8319715823,-7932.629818377327,1079276.202153205,-2424.9339932601433,-0.0022417781697992023,0.0,0.0,99/96,2.579717014106448,30.749999999999996,125.0,False
Fixed 99/96,2023-05-24,1087208.8319715823,-9635.243047687582,1077573.5889238946,-1702.6132293103728,-0.0015775509789927034,0.0,0.0,99/96,2.579717014106448,37.349999999999994,125.0,False
Fixed 99/96,2023-05-25,1087208.8319715823,-7958.426988518393,1079250.404983064,1676.8160591693595,0.001556103524070096,0.0,0.0,99/96,2.579717014106448,30.85,125.0,False
Fixed 99/96,2023-05-26,1087208.8319715823,-4836.969401449591,1082371.8625701326,3121.4575870686676,0.00289224592611359,0.0,0.0,99/96,2.579717014106448,18.750000000000004,125.0,False
Fixed 99/96,2023-05-30,1087208.8319715823,-4746.679305955864,1082462.1526656265,90.29009549389593,8.341873862049987e-05,0.0,0.0,99/96,2.579717014106448,18.4,125.0,False
Fixed 99/96,2023-05-31,1087208.8319715823,-5778.566111598444,1081430.2658599839,-1031.886805642629,-0.0009532774915977926,0.0,0.0,99/96,2.579717014106448,22.400000000000002,125.0,False
Fixed 99/96,2023-06-01,1087208.8319715823,-3185.950512421463,1084022.8814591607,2592.6155991768464,0.002397395080407927,0.0,0.0,99/96,2.579717014106448,12.349999999999998,125.0,False
Fixed 99/96,2023-06-02,1087208.8319715823,-1302.7570921237564,1085906.0748794584,1883.193420297699,0.0017372266328574693,0.0,0.0,99/96,2.579717014106448,5.05,125.0,False
Fixed 99/96,2023-06-05,1087208.8319715823,-1206.0177040947644,1086002.8142674875,96.73938802909106,8.908633100679353e-05,0.0,0.0,99/96,2.579717014106448,4.675,125.0,False
Fixed 99/96,2023-06-06,1087208.8319715823,-831.9587370493294,1086376.873234533,374.0589670455083,0.0003444364619789031,0.0,0.0,99/96,2.579717014106448,3.2249999999999996,125.0,False
Fixed 99/96,2023-06-07,1087208.8319715823,-902.900954937257,1086305.931016645,-70.94221788807772,-6.530166430818163e-05,0.0,0.0,99/96,2.579717014106448,3.5000000000000004,125.0,False
Fixed 99/96,2023-06-08,1087208.8319715823,-464.3490625391606,1086744.482909043,438.5518923981581,0.00040370937861644585,0.0,0.0,99/96,2.579717014106448,1.7999999999999998,125.0,False
Fixed 99/96,2023-06-09,1087208.8319715823,-316.01533422803993,1086892.8166373542,148.33372831111774,0.00013649365664503144,0.0,0.0,99/96,2.579717014106448,1.225,125.0,False
Fixed 99/96,2023-06-12,1087208.8319715823,-206.37736112851587,1087002.4546104537,109.63797309948131,0.00010087284727733348,0.0,0.0,99/96,2.579717014106448,0.8,125.0,False
Fixed 99/96,2023-06-13,1087208.8319715823,-90.29009549372564,1087118.5418760886,116.08726563490927,0.00010679577138250629,0.0,0.0,99/96,2.579717014106448,0.34999999999999987,125.0,False
Fixed 99/96,2023-06-14,1087208.8319715823,-32.246462676330616,1087176.5855089058,58.043632817221805,5.339218363165088e-05,0.0,0.0,99/96,2.579717014106448,0.12500000000000006,125.0,False
Fixed 99/96,2023-06-15,1087208.8319715823,-32.24646267633059,1087176.5855089058,0.0,0.0,0.0,0.0,99/96,2.579717014106448,0.12499999999999994,125.0,False
Fixed 99/96,2023-06-16,1092594.837875982,-5436.54979134892,1087158.2880846332,-18.29742427263409,-1.683022290632774e-05,50.543886949050055,0.0,99/96,2.4655554609292163,22.049999999999994,130.0,False
Fixed 99/96,2023-06-20,1092594.837875982,-6767.9497402506995,1085826.8881357315,-1331.3999489017297,-0.0012246606253146775,0.0,0.0,99/96,2.4655554609292163,27.450000000000003,130.0,False
Fixed 99/96,2023-06-21,1092594.837875982,-7285.7163870458335,1085309.1214889362,-517.7666467952076,-0.00047684087809263254,0.0,0.0,99/96,2.4655554609292163,29.549999999999997,130.0,False
Fixed 99/96,2023-06-22,1092594.837875982,-6472.083084939192,1086122.7547910428,813.633302106522,0.000749678857384195,0.0,0.0,99/96,2.4655554609292163,26.25,130.0,False
Fixed 99/96,2023-06-23,1092594.837875982,-8358.233012550045,1084236.604863432,-1886.1499276107643,-0.0017365900118477828,0.0,0.0,99/96,2.4655554609292163,33.900000000000006,130.0,False
Fixed 99/96,2023-06-26,1092594.837875982,-9085.571873524164,1083509.2660024578,-727.3388609741814,-0.0006708303867547505,0.0,0.0,99/96,2.4655554609292163,36.85000000000001,130.0,False
Fixed 99/96,2023-06-27,1092594.837875982,-6188.544206932331,1086406.2936690496,2897.0276665918063,0.0026737451699700987,0.0,0.0,99/96,2.4655554609292163,25.099999999999994,130.0,False
Fixed 99/96,2023-06-28,1092594.837875982,-5670.777560137195,1086924.0603158448,517.7666467952076,0.0004765865678544312,0.0,0.0,99/96,2.4655554609292163,22.999999999999993,130.0,False
Fixed 99/96,2023-06-29,1092594.837875982,-4820.160926116618,1087774.6769498654,850.6166340205818,0.0007825906749854283,0.0,0.0,99/96,2.4655554609292163,19.55,130.0,False
Fixed 99/96,2023-06-30,1092594.837875982,-2625.816565889616,1089969.0213100924,2194.344360226998,0.0020172784003209543,0.0,0.0,99/96,2.4655554609292163,10.650000000000002,130.0,False
Fixed 99/96,2023-07-03,1092594.837875982,-2243.655469445587,1090351.1824065365,382.16109644412063,0.000350616475305765,0.0,0.0,99/96,2.4655554609292163,9.100000000000001,130.0,False
Fixed 99/96,2023-07-05,1092594.837875982,-2403.9165744059856,1090190.921301576,-160.26110496046022,-0.00014698118142697503,0.0,0.0,99/96,2.4655554609292163,9.75,130.0,False
Fixed 99/96,2023-07-06,1092594.837875982,-4018.8554013146218,1088575.9824746675,-1614.9388269085903,-0.001481335787478888,0.0,0.0,99/96,2.4655554609292163,16.299999999999997,130.0,False
Fixed 99/96,2023-07-07,1092594.837875982,-3944.888737486745,1088649.9491384954,73.9666638278868,6.79480945922073e-05,0.0,0.0,99/96,2.4655554609292163,15.999999999999996,130.0,False
Fixed 99/96,2023-07-10,1092594.837875982,-3328.499872254443,1089266.3380037276,616.3888652322348,0.0005661956496851861,0.0,0.0,99/96,2.4655554609292163,13.500000000000004,130.0,False
Fixed 99/96,2023-07-11,1092594.837875982,-2206.6721375316483,1090388.1657384504,1121.8277347227558,0.0010298929615126795,0.0,0.0,99/96,2.4655554609292163,8.95,130.0,False
Fixed 99/96,2023-07-12,1092594.837875982,-567.0777560137196,1092027.7601199683,1639.5943815179635,0.0015036795455383167,0.0,0.0,99/96,2.4655554609292163,2.3,130.0,False
Fixed 99/96,2023-07-13,1092594.837875982,-308.19443261615197,1092286.6434433658,258.8833233974874,0.00023706661391931227,0.0,0.0,99/96,2.4655554609292163,1.2499999999999998,130.0,False
Fixed 99/96,2023-07-14,1092594.837875982,-160.26110496039902,1092434.5767710216,147.9333276557736,0.0001354345295201398,0.0,0.0,99/96,2.4655554609292163,0.6499999999999999,130.0,False
Fixed 99/96,2023-07-17,1092594.837875982,-67.80277517555342,1092527.0351008065,92.45832978491671,8.463511843270766e-05,0.0,0.0,99/96,2.4655554609292163,0.2749999999999999,130.0,False
Fixed 99/96,2023-07-18,1092594.837875982,-49.31110921858434,1092545.5267667635,18.49166595702991,1.692559118704473e-05,0.0,0.0,99/96,2.4655554609292163,0.20000000000000007,130.0,False
Fixed 99/96,2023-07-19,1092594.837875982,-18.49166595696912,1092576.346210025,30.819443261483684,2.820884119381084e-05,0.0,0.0,99/96,2.4655554609292163,0.07499999999999998,130.0,False
Fixed 99/96,2023-07-20,1092594.837875982,-30.819443261615202,1092564.0184327203,-12.327777304686606,-1.1283218191104893e-05,0.0,0.0,99/96,2.4655554609292163,0.125,130.0,False
Fixed 99/96,2023-07-21,1097729.8415895177,-5178.357403424779,1092551.4841860929,-12.534246627474204,-1.1472322368311083e-05,43.35368988913877,0.0,99/96,2.4085383271743153,21.500000000000004,135.0,False
Fixed 99/96,2023-07-24,1097729.8415895177,-4130.64323110395,1093599.1983584138,1047.714172320906,0.0009589609162459212,0.0,0.0,99/96,2.4085383271743153,17.15,135.0,False
Fixed 99/96,2023-07-25,1097729.8415895177,-3504.423266038629,1094225.4183234791,626.2199650653638,0.0005726229188951493,0.0,0.0,99/96,2.4085383271743153,14.550000000000002,135.0,False
Fixed 99/96,2023-07-26,1097729.8415895177,-3215.398666777711,1094514.44292274,289.0245992608834,0.00026413625055776713,0.0,0.0,99/96,2.4085383271743153,13.35,135.0,False
Fixed 99/96,2023-07-27,1097729.8415895177,-4516.009363451841,1093213.832226066,-1300.6106966740917,-0.001188299254600067,0.0,0.0,99/96,2.4085383271743153,18.75,135.0,False
Fixed 99/96,2023-07-28,1097729.8415895177,-2757.7763846145917,1094972.065204903,1758.232978837099,0.0016083157082424915,0.0,0.0,99/96,2.4085383271743153,11.450000000000003,135.0,False
Fixed 99/96,2023-07-31,1097729.8415895177,-2264.0260275438563,1095465.8155619737,493.7503570707049,0.000450925071753705,0.0,0.0,99/96,2.4085383271743153,9.4,135.0,False
Fixed 99/96,2023-08-01,1097729.8415895177,-2805.9471511580764,1094923.8944383597,-541.9211236140691,-0.0004946946914414774,0.0,0.0,99/96,2.4085383271743153,11.649999999999997,135.0,False
Fixed 99/96,2023-08-02,1097729.8415895177,-5937.046976484687,1091792.794613033,-3131.099825326586,-0.0028596506489911855,0.0,0.0,99/96,2.4085383271743153,24.65,135.0,False
Fixed 99/96,2023-08-03,1097729.8415895177,-5768.449293582484,1091961.3922959352,168.59768290212378,0.0001544227840062362,0.0,0.0,99/96,2.4085383271743153,23.949999999999996,135.0,False
Fixed 99/96,2023-08-04,1097729.8415895177,-7984.3045545828545,1089745.5370349349,-2215.855261000339,-0.0020292432284088058,0.0,0.0,99/96,2.4085383271743153,33.15,135.0,False
Fixed 99/96,2023-08-07,1097729.8415895177,-4708.692429625788,1093021.1491598918,3275.6121249569114,0.0030058504610805947,0.0,0.0,99/96,2.4085383271743153,19.550000000000004,135.0,False
Fixed 99/96,2023-08-08,1097729.8415895177,-6286.285033924961,1091443.5565555927,-1577.592604299076,-0.0014433321857602044,0.0,0.0,99/96,2.4085383271743153,26.099999999999994,135.0,False
Fixed 99/96,2023-08-09,1097729.8415895177,-8646.652594555791,1089083.1889949618,-2360.367560630897,-0.002162610742858617,0.0,0.0,99/96,2.4085383271743153,35.9,135.0,False
Fixed 99/96,2023-08-10,1097729.8415895177,-9007.933343631938,1088721.9082458857,-361.28074907604605,-0.0003317292496356483,0.0,0.0,99/96,2.4085383271743153,37.4,135.0,False
Fixed 99/96,2023-08-11,1097729.8415895177,-8405.798761838361,1089324.0428276793,602.1345817935653,0.0005530655507461901,0.0,0.0,99/96,2.4085383271743153,34.900000000000006,135.0,False
Fixed 99/96,2023-08-14,1097729.8415895177,-5268.677590693814,1092461.1639988238,3137.1211711445358,0.0028798787576571616,0.0,0.0,99/96,2.4085383271743153,21.874999999999996,135.0,False
Fixed 99/96,2023-08-15,1097729.8415895177,-12801.381208931487,1084928.460380586,-7532.703618237749,-0.0068951683286069265,0.0,0.0,99/96,2.4085383271743153,53.150000000000006,135.0,False
Fixed 99/96,2023-08-16,1097729.8415895177,-18581.873194149844,1079147.9683953677,-5780.491985218367,-0.005327993684662524,0.0,0.0,99/96,2.4085383271743153,77.15,135.0,False
Fixed 99/96,2023-08-17,1097729.8415895177,-26590.263132004442,1071139.5784575131,-8008.389937854605,-0.007421030454018873,0.0,0.0,99/96,2.4085383271743153,110.4,135.0,False
Fixed 99/96,2023-08-18,1075280.5578510636,-6579.287337126685,1068701.2705139369,-2438.3079435762484,-0.0022763680780869544,56.254129648293976,-28972.31694593268,99/96,2.445831723838917,26.899999999999995,130.0,False
Fixed 99/96,2023-08-21,1075280.5578510636,-5295.225682111256,1069985.3321689523,1284.0616550154518,0.001201515980605139,0.0,0.0,99/96,2.445831723838917,21.650000000000006,130.0,False
Fixed 99/96,2023-08-22,1075280.5578510636,-5539.808854495148,1069740.7489965684,-244.58317238395102,-0.00022858553760563005,0.0,0.0,99/96,2.445831723838917,22.650000000000006,130.0,False
Fixed 99/96,2023-08-23,1075280.5578510636,-3497.5393650896513,1071783.0184859738,2042.269489405444,0.001909125637516551,0.0,0.0,99/96,2.445831723838917,14.3,130.0,False
Fixed 99/96,2023-08-24,1075280.5578510636,-6028.97519926293,1069251.5826518007,-2531.435834173113,-0.0023618920905735807,0.0,0.0,99/96,2.445831723838917,24.65,130.0,False
Fixed 99/96,2023-08-25,1075280.5578510636,-4096.768137430186,1071183.7897136335,1932.2070618327707,0.0018070649538257655,0.0,0.0,99/96,2.445831723838917,16.75,130.0,False
Fixed 99/96,2023-08-28,1075280.5578510636,-2727.1023720803923,1072553.4554789832,1369.6657653497532,0.0012786468377343763,0.0,0.0,99/96,2.445831723838917,11.15,130.0,False
Fixed 99/96,2023-08-29,1075280.5578510636,-1149.5409102042909,1074131.0169408591,1577.5614618759137,0.0014708464681336686,0.0,0.0,99/96,2.445831723838917,4.7,130.0,False
Fixed 99/96,2023-08-30,1075280.5578510636,-721.5203585324803,1074559.0374925311,428.0205516719725,0.0003984807671701951,0.0,0.0,99/96,2.445831723838917,2.9499999999999993,130.0,False
Fixed 99/96,2023-08-31,1075280.5578510636,-599.2287723405344,1074681.329078723,122.2915861918591,0.00011380629814183862,0.0,0.0,99/96,2.445831723838917,2.4499999999999993,130.0,False
Fixed 99/96,2023-09-01,1075280.5578510636,-452.47886891019965,1074828.0789821534,146.74990343046375,0.00013655201729090294,0.0,0.0,99/96,2.445831723838917,1.85,130.0,False
Fixed 99/96,2023-09-05,1075280.5578510636,-538.0829792445618,1074742.474871819,-85.6041103345342,-7.964446780694967e-05,0.0,0.0,99/96,2.445831723838917,2.2,130.0,False
Fixed 99/96,2023-09-06,1075280.5578510636,-764.3224136996616,1074516.2354373639,-226.23943445505574,-0.00021050571624803283,0.0,0.0,99/96,2.445831723838917,3.1250000000000004,130.0,False
Fixed 99/96,2023-09-07,1075280.5578510636,-721.5203585324804,1074559.0374925311,42.8020551672671,3.983379101746287e-05,0.0,0.0,99/96,2.445831723838917,2.9499999999999997,130.0,False
Fixed 99/96,2023-09-08,1075280.5578510636,-366.87475857583746,1074913.6830924877,354.6455999566242,0.00033003826461142083,0.0,0.0,99/96,2.445831723838917,1.4999999999999998,130.0,False
Fixed 99/96,2023-09-11,1075280.5578510636,-128.40616550154314,1075152.151685562,238.46859307424165,0.00022184906269706595,0.0,0.0,99/96,2.445831723838917,0.525,130.0,False
Fixed 99/96,2023-09-12,1075280.5578510636,-183.43737928791876,1075097.1204717755,-55.03121378645301,-5.11845822939172e-05,0.0,0.0,99/96,2.445831723838917,0.75,130.0,False
Fixed 99/96,2023-09-13,1075280.5578510636,-30.57289654798646,1075249.9849545155,152.86448273994029,0.00014218667302623444,0.0,0.0,99/96,2.445831723838917,0.125,130.0,False
Fixed 99/96,2023-09-14,1075280.5578510636,-30.572896547986453,1075249.9849545155,0.0,0.0,0.0,0.0,99/96,2.445831723838917,0.12499999999999997,130.0,False
Fixed 99/96,2023-09-15,1080679.5280406724,-5448.502026210695,1075231.0260144616,-18.958940053824335,-1.7632123058941573e-05,49.53183660191651,0.0,99/96,2.416187151312947,22.549999999999997,135.0,False
Fixed 99/96,2023-09-18,1080679.5280406724,-5400.178283184438,1075279.349757488,48.323743026237935,4.4942660560431946e-05,0.0,0.0,99/96,2.416187151312947,22.35000000000001,135.0,False
Fixed 99/96,2023-09-19,1080679.5280406724,-5931.739456473286,1074747.788584199,-531.5611732888501,-0.0004943470488936175,0.0,0.0,99/96,2.416187151312947,24.550000000000004,135.0,False
Fixed 99/96,2023-09-20,1080679.5280406724,-8601.626258674092,1072077.9017819983,-2669.8868022006936,-0.0024841984608480194,0.0,0.0,99/96,2.416187151312947,35.60000000000001,135.0,False
Fixed 99/96,2023-09-21,1080679.5280406724,-13397.757754030292,1067281.770286642,-4796.131495356327,-0.004473678160312966,0.0,0.0,99/96,2.416187151312947,55.45,135.0,False
Fixed 99/96,2023-09-22,1080679.5280406724,-13748.104890970666,1066931.4231497017,-350.34713694034144,-0.0003282611459261009,0.0,0.0,99/96,2.416187151312947,56.89999999999999,135.0,False
Fixed 99/96,2023-09-25,1080679.5280406724,-12769.549094688926,1067909.9789459836,978.5557962819003,0.0009171684093745025,0.0,0.0,99/96,2.416187151312947,52.85000000000001,135.0,False
Fixed 99/96,2023-09-26,1080679.5280406724,-17348.22374642696,1063331.3042942456,-4578.674651738023,-0.004287509941855894,0.0,0.0,99/96,2.416187151312947,71.80000000000001,135.0,False
Fixed 99/96,2023-09-27,1080679.5280406724,-17396.547489453213,1063282.9805512193,-48.323743026237935,-4.544561307573414e-05,0.0,0.0,99/96,2.416187151312947,71.99999999999997,135.0,False
Fixed 99/96,2023-09-28,1080679.5280406724,-16357.587014388651,1064321.9410262837,1038.9604750643484,0.0009771250871764003,0.0,0.0,99/96,2.416187151312947,67.7,135.0,False
Fixed 99/96,2023-09-29,1080679.5280406724,-16985.79567373002,1063693.7323669423,-628.208659341326,-0.0005902430788333746,0.0,0.0,99/96,2.416187151312947,70.30000000000001,135.0,False
Fixed 99/96,2023-10-02,1080679.5280406724,-17541.518718531992,1063138.0093221404,-555.7230448019691,-0.0005224464786168781,0.0,0.0,99/96,2.416187151312947,72.6,135.0,False
Fixed 99/96,2023-10-03,1080679.5280406724,-22325.56927813163,1058353.9587625407,-4784.050559599651,-0.004499933703480341,0.0,0.0,99/96,2.416187151312947,92.39999999999999,135.0,False
Fixed 99/96,2023-10-04,1080679.5280406724,-20851.695115830727,1059827.8329248417,1473.8741623009555,0.001392609863740013,0.0,0.0,99/96,2.416187151312947,86.29999999999998,135.0,False
Fixed 99/96,2023-10-05,1080679.5280406724,-21455.741903658974,1059223.7861370135,-604.046787828207,-0.0005699480321829098,0.0,0.0,99/96,2.416187151312947,88.80000000000003,135.0,False
Fixed 99/96,2023-10-06,1080679.5280406724,-16599.205729519945,1064080.3223111525,4856.536174139008,0.004584995387849844,0.0,0.0,99/96,2.416187151312947,68.7,135.0,False
Fixed 99/96,2023-10-09,1080679.5280406724,-13977.6426703454,1066701.885370327,2621.5630591744557,0.002463689069524877,0.0,0.0,99/96,2.416187151312947,57.85000000000001,135.0,False
Fixed 99/96,2023-10-10,1080679.5280406724,-11633.94113357184,1069045.5869071006,2343.701536773704,0.0021971476463267248,0.0,0.0,99/96,2.416187151312947,48.15,135.0,False
Fixed 99/96,2023-10-11,1080679.5280406724,-8468.73596535188,1072210.7920753206,3165.2051682199817,0.0029607766095152144,0.0,0.0,99/96,2.416187151312947,35.050000000000004,135.0,False
Fixed 99/96,2023-10-12,1080679.5280406724,-12419.201957748544,1068260.326082924,-3950.4659923966974,-0.0036844117048573377,0.0,0.0,99/96,2.416187151312947,51.39999999999999,135.0,False
Fixed 99/96,2023-10-13,1080679.5280406724,-16079.725491987665,1064599.8025486846,-3660.52353423927,-0.0034266212503291094,0.0,0.0,99/96,2.416187151312947,66.55000000000001,135.0,False
Fixed 99/96,2023-10-16,1080679.5280406724,-9096.944624693246,1071582.5834159793,6982.780867294641,0.006559066468524222,0.0,0.0,99/96,2.416187151312947,37.65,135.0,False
Fixed 99/96,2023-10-17,1080679.5280406724,-10123.82416400125,1070555.7038766711,-1026.8795393081382,-0.0009582831554005855,0.0,0.0,99/96,2.416187151312947,41.900000000000006,135.0,False
Fixed 99/96,2023-10-18,1080679.5280406724,-18085.16082757741,1062594.367213095,-7961.336663576076,-0.007436639340434703,0.0,0.0,99/96,2.416187151312947,74.85000000000001,135.0,False
Fixed 99/96,2023-10-19,1080679.5280406724,-27798.233175855457,1052881.294864817,-9713.072348278016,-0.009140903291020464,0.0,0.0,99/96,2.416187151312947,115.05000000000001,135.0,False
Fixed 99/96,2023-10-20,1055639.5548923754,-7629.416168886974,1048010.1387234884,-4871.156141328625,-0.004626500788917576,50.86277445924313,-32618.526542724783,99/96,2.481110949231537,30.749999999999993,125.0,False
Fixed 99/96,2023-10-23,1055639.5548923754,-7220.0328622637735,1048419.5220301116,409.3833066232037,0.000390629147082322,0.0,0.0,99/96,2.481110949231537,29.1,125.0,False
Fixed 99/96,2023-10-24,1055639.5548923754,-5967.071832901846,1049672.4830594736,1252.9610293619335,0.001195095096031551,0.0,0.0,99/96,2.481110949231537,24.05,125.0,False
Fixed 99/96,2023-10-25,1055639.5548923754,-8634.266103325748,1047005.2887890496,-2667.1942704239627,-0.002540977603461503,0.0,0.0,99/96,2.481110949231537,34.8,125.0,False
Fixed 99/96,2023-10-26,1055639.5548923754,-11239.432600018861,1044400.1222923564,-2605.1664966931567,-0.0024882075807909354,0.0,0.0,99/96,2.481110949231537,45.3,125.0,False
Fixed 99/96,2023-10-27,1055639.5548923754,-12951.399154988623,1042688.1557373868,-1711.9665549696656,-0.0016391864750188168,0.0,0.0,99/96,2.481110949231537,52.2,125.0,False
Fixed 99/96,2023-10-30,1055639.5548923754,-9825.199358956886,1045814.3555334185,3126.199796031695,0.002998211669356543,0.0,0.0,99/96,2.481110949231537,39.6,125.0,False
Fixed 99/96,2023-10-31,1055639.5548923754,-8410.966117894908,1047228.5887744805,1414.2332410620293,0.0013522794304545727,0.0,0.0,99/96,2.481110949231537,33.89999999999999,125.0,False
Fixed 99/96,2023-11-01,1055639.5548923754,-5297.171876609331,1050342.383015766,3113.7942412855336,0.002973366344906081,0.0,0.0,99/96,2.481110949231537,21.349999999999998,125.0,False
Fixed 99/96,2023-11-02,1055639.5548923754,-2034.5109783698601,1053605.0439140054,3262.660898239352,0.0031062831996473417,0.0,0.0,99/96,2.481110949231537,8.2,125.0,False
Fixed 99/96,2023-11-03,1055639.5548923754,-837.3749453656437,1054802.1799470098,1197.1360330043826,0.0011362284566873715,0.0,0.0,99/96,2.481110949231537,3.375,125.0,False
Fixed 99/96,2023-11-06,1055639.5548923754,-645.0888468001997,1054994.4660455752,192.28609856544062,0.00018229588658513762,0.0,0.0,99/96,2.481110949231537,2.6,125.0,False
Fixed 99/96,2023-11-07,1055639.5548923754,-409.3833066232036,1055230.1715857522,235.70554017694667,0.00022341874556031094,0.0,0.0,99/96,2.481110949231537,1.6500000000000001,125.0,False
Fixed 99/96,2023-11-08,1055639.5548923754,-285.3277591616268,1055354.2271332138,124.05554746161215,0.00011756254777584019,0.0,0.0,99/96,2.481110949231537,1.1500000000000001,125.0,False
Fixed 99/96,2023-11-09,1055639.5548923754,-434.194416115519,1055205.3604762598,-148.86665695393458,-0.00014105847413747874,0.0,0.0,99/96,2.481110949231537,1.7500000000000002,125.0,False
Fixed 99/96,2023-11-10,1055639.5548923754,-93.0416605961827,1055546.5132317792,341.1527555193752,0.0003233046080863833,0.0,0.0,99/96,2.481110949231537,0.3750000000000002,125.0,False
Fixed 99/96,2023-11-13,1055639.5548923754,-62.0277737307884,1055577.5271186447,31.013886865461245,2.9381828727359505e-05,0.0,0.0,99/96,2.481110949231537,0.2499999999999999,125.0,False
Fixed 99/96,2023-11-14,1055639.5548923754,-37.21666423847306,1055602.338228137,24.81110949232243,2.350477236867654e-05,0.0,0.0,99/96,2.481110949231537,0.15000000000000002,125.0,False
Fixed 99/96,2023-11-15,1055639.5548923754,-18.60833211923653,1055620.9465602562,18.608332119183615,1.762816493044994e-05,0.0,0.0,99/96,2.481110949231537,0.07500000000000001,125.0,False
Fixed 99/96,2023-11-16,1055639.5548923754,-6.202777373078841,1055633.3521150022,12.4055547460448,1.1751902789125523e-05,0.0,0.0,99/96,2.481110949231537,0.024999999999999994,125.0,False
Fixed 99/96,2023-11-17,1060859.2647658917,-5261.80430798021,1055597.4604579115,-35.891657090745866,-3.400011663035052e-05,42.094434463842745,0.0,99/96,2.338579692435649,22.5,135.0,False
Fixed 99/96,2023-11-20,1060859.2647658917,-3601.4127263508994,1057257.852039541,1660.391581629403,0.0015729401062685167,0.0,0.0,99/96,2.338579692435649,15.4,135.0,False
Fixed 99/96,2023-11-21,1060859.2647658917,-4010.6641725271384,1056848.6005933646,-409.2514461763203,-0.0003870876393935463,0.0,0.0,99/96,2.338579692435649,17.150000000000002,135.0,False
Fixed 99/96,2023-11-22,1060859.2647658917,-2969.996209393275,1057889.2685564985,1040.667963133892,0.0009846897299665702,0.0,0.0,99/96,2.338579692435649,12.700000000000003,135.0,False
Fixed 99/96,2023-11-24,1060859.2647658917,-2513.973169368322,1058345.2915965235,456.02304002502933,0.0004310687834534477,0.0,0.0,99/96,2.338579692435649,10.749999999999998,135.0,False
Fixed 99/96,2023-11-27,1060859.2647658917,-2584.1305601413924,1058275.1342057504,-70.15739077306353,-6.628969895750014e-05,0.0,0.0,99/96,2.338579692435649,11.05,135.0,False
Fixed 99/96,2023-11-28,1060859.2647658917,-2408.7370832087186,1058450.527682683,175.3934769325424,0.0001657352339325957,0.0,0.0,99/96,2.338579692435649,10.3,135.0,False
Fixed 99/96,2023-11-29,1060859.2647658917,-2525.6660678305007,1058333.5986980612,-116.92898462177254,-0.00011047184687773548,0.0,0.0,99/96,2.338579692435649,10.799999999999999,135.0,False
Fixed 99/96,2023-11-30,1060859.2647658917,-2128.1075201164404,1058731.1572457752,397.55854771402664,0.0003756457776669109,0.0,0.0,99/96,2.338579692435649,9.1,135.0,False
Fixed 99/96,2023-12-01,1060859.2647658917,-1292.0652800706962,1059567.199485821,836.0422400457319,0.0007896643395484126,0.0,0.0,99/96,2.338579692435649,5.525,135.0,False
Fixed 99/96,2023-12-04,1060859.2647658917,-1765.627667788915,1059093.6370981028,-473.5623877181206,-0.00044693945598539564,0.0,0.0,99/96,2.338579692435649,7.55,135.0,False
Fixed 99/96,2023-12-05,1060859.2647658917,-1531.76969854535,1059327.4950673464,233.85796924354509,0.00022080953095349187,0.0,0.0,99/96,2.338579692435649,6.55,135.0,False
Fixed 99/96,2023-12-06,1060859.2647658917,-1987.7927385703017,1058871.4720273213,-456.02304002502933,-0.00043048353049313093,0.0,0.0,99/96,2.338579692435649,8.5,135.0,False
Fixed 99/96,2023-12-07,1060859.2647658917,-1087.4395569825767,1059771.825208909,900.353181587765,0.0008502950597619741,0.0,0.0,99/96,2.338579692435649,4.65,135.0,False
Fixed 99/96,2023-12-08,1060859.2647658917,-409.25144617623863,1060450.0133197154,678.1881108062807,0.0006399378570689507,0.0,0.0,99/96,2.338579692435649,1.7500000000000002,135.0,False
Fixed 99/96,2023-12-11,1060859.2647658917,-175.39347693267365,1060683.871288959,233.85796924354509,0.00022052710293385402,0.0,0.0,99/96,2.338579692435649,0.7499999999999999,135.0,False
Fixed 99/96,2023-12-12,1060859.2647658917,-58.46449231089121,1060800.8002735807,116.92898462177254,0.00011023924072661728,0.0,0.0,99/96,2.338579692435649,0.24999999999999994,135.0,False
Fixed 99/96,2023-12-13,1060859.2647658917,-29.232246155445612,1060830.0325197363,29.23224615561776,2.7556772344228264e-05,0.0,0.0,99/96,2.338579692435649,0.125,135.0,False
Fixed 99/96,2023-12-14,1060859.2647658917,-35.07869538653474,1060824.186070505,-5.84644923126325,-5.511202597952014e-06,0.0,0.0,99/96,2.338579692435649,0.15000000000000002,135.0,False
Fixed 99/96,2023-12-15,1065556.3959711422,-4754.454414503321,1060801.9415566388,-22.244513866258785,-2.0969086261701797e-05,57.32320925287691,0.0,99/96,2.247968990308898,21.150000000000002,140.0,False
Fixed 99/96,2023-12-18,1065556.3959711422,-4057.5840275075607,1061498.8119436346,696.8703869958408,0.0006569278954875468,0.0,0.0,99/96,2.247968990308898,18.049999999999997,140.0,False
Fixed 99/96,2023-12-19,1065556.3959711422,-3147.1565864324566,1062409.2393847099,910.4274410752114,0.0008576810739977514,0.0,0.0,99/96,2.247968990308898,13.999999999999996,140.0,False
Fixed 99/96,2023-12-20,1065556.3959711422,-5923.398289463948,1059632.9976816783,-2776.2417030315846,-0.002613156587982446,0.0,0.0,99/96,2.247968990308898,26.350000000000005,140.0,False
Fixed 99/96,2023-12-21,1065556.3959711422,-3990.1449577982944,1061566.251013344,1933.2533316656481,0.0018244555765016823,0.0,0.0,99/96,2.247968990308898,17.75,140.0,False
Fixed 99/96,2023-12-22,1065556.3959711422,-3675.4292991550487,1061880.9666719872,314.71565864328295,0.00029646351166756624,0.0,0.0,99/96,2.247968990308898,16.35,140.0,False
Fixed 99/96,2023-12-26,1065556.3959711422,-2528.965114097511,1063027.4308570446,1146.4641850574408,0.001079654143016251,0.0,0.0,99/96,2.247968990308898,11.250000000000004,140.0,False
Fixed 99/96,2023-12-27,1065556.3959711422,-2011.932246326464,1063544.4637248158,517.0328677711077,0.0004863777290811111,0.0,0.0,99/96,2.247968990308898,8.950000000000001,140.0,False
Fixed 99/96,2023-12-28,1065556.3959711422,-1888.2939518594746,1063668.1020192828,123.63829446700402,0.00011625117584079803,0.0,0.0,99/96,2.247968990308898,8.4,140.0,False
Fixed 99/96,2023-12-29,1065556.3959711422,-2225.4893004058094,1063330.9066707364,-337.1953485463746,-0.000317011808388612,0.0,0.0,99/96,2.247968990308898,9.9,140.0,False
Fixed 99/96,2024-01-02,1065556.3959711422,-2776.241703031489,1062780.1542681106,-550.7524026257452,-0.0005179501500151007,0.0,0.0,99/96,2.247968990308898,12.35,140.0,False
Fixed 99/96,2024-01-03,1065556.3959711422,-4675.775499842508,1060880.6204712996,-1899.5337968110107,-0.0017873252423679098,0.0,0.0,99/96,2.247968990308898,20.8,140.0,False
Fixed 99/96,2024-01-04,1065556.3959711422,-5552.483406062979,1060003.9125650793,-876.7079062203411,-0.0008263963817445319,0.0,0.0,99/96,2.247968990308898,24.700000000000003,140.0,False
Fixed 99/96,2024-01-05,1065556.3959711422,-4507.17782556934,1061049.2181455728,1045.3055804935284,0.000986133700171088,0.0,0.0,99/96,2.247968990308898,20.049999999999997,140.0,False
Fixed 99/96,2024-01-08,1065556.3959711422,-1388.1208515157448,1064168.2751196264,3119.0569740536157,0.0029395968827015118,0.0,0.0,99/96,2.247968990308898,6.175000000000001,140.0,False
Fixed 99/96,2024-01-09,1065556.3959711422,-1247.6227896214384,1064308.7731815209,140.49806189443916,0.00013202617027707753,0.0,0.0,99/96,2.247968990308898,5.55,140.0,False
Fixed 99/96,2024-01-10,1065556.3959711422,-640.671162238036,1064915.724808904,606.9516273832414,0.0005702777640073098,0.0,0.0,99/96,2.247968990308898,2.85,140.0,False
Fixed 99/96,2024-01-11,1065556.3959711422,-505.7930228195021,1065050.6029483227,134.87813941854984,0.00012665616280838066,0.0,0.0,99/96,2.247968990308898,2.25,140.0,False
Fixed 99/96,2024-01-12,1065556.3959711422,-342.815271022107,1065213.5807001202,162.9777517975308,0.00015302348202639315,0.0,0.0,99/96,2.247968990308898,1.5250000000000001,140.0,False
Fixed 99/96,2024-01-16,1065556.3959711422,-258.5164338855233,1065297.8795372567,84.29883713647723,7.913796694269948e-05,0.0,0.0,99/96,2.247968990308898,1.1500000000000001,140.0,False
Fixed 99/96,2024-01-17,1065556.3959711422,-421.4941856829184,1065134.9017854594,-162.97775179729797,-0.00015298796226659306,0.0,0.0,99/96,2.247968990308898,1.875,140.0,False
Fixed 99/96,2024-01-18,1065556.3959711422,-39.3394573304057,1065517.056513812,382.15472835255787,0.0003587852841100414,0.0,0.0,99/96,2.247968990308898,0.17499999999999993,140.0,False
Fixed 99/96,2024-01-19,1070464.9728699387,-4942.702461448006,1065522.2704084907,5.213894678745419,4.893300062036587e-06,34.12556265142175,0.0,99/96,2.201649203317597,22.45,145.0,False
Fixed 99/96,2024-01-22,1070464.9728699387,-4293.215946469315,1066171.7569234695,649.4865149788093,0.0006095475740077738,0.0,0.0,99/96,2.201649203317597,19.5,145.0,False
Fixed 99/96,2024-01-23,1070464.9728699387,-3313.482050992984,1067151.4908189457,979.733895476209,0.0009189268887626056,0.0,0.0,99/96,2.201649203317597,15.05,145.0,False
Fixed 99/96,2024-01-24,1070464.9728699387,-3555.663463357919,1066909.3094065809,-242.18141236482188,-0.00022694192384908884,0.0,0.0,99/96,2.201649203317597,16.15,145.0,False
Fixed 99/96,2024-01-25,1070464.9728699387,-2663.9955360142926,1067800.9773339245,891.6679273436312,0.0008357485678325283,0.0,0.0,99/96,2.201649203317597,12.1,145.0,False
Fixed 99/96,2024-01-26,1070464.9728699387,-2708.0285200806447,1067756.944349858,-44.03298406652175,-4.123707039160873e-05,0.0,0.0,99/96,2.201649203317597,12.3,145.0,False
Fixed 99/96,2024-01-29,1070464.9728699387,-1717.286378587726,1068747.6864913509,990.7421414928976,0.000927872346544234,0.0,0.0,99/96,2.201649203317597,7.800000000000001,145.0,False
Fixed 99/96,2024-01-30,1070464.9728699387,-1728.2946246043139,1068736.6782453344,-11.008246016455814,-1.0300135528384935e-05,0.0,0.0,99/96,2.201649203317597,7.85,145.0,False
Fixed 99/96,2024-01-31,1070464.9728699387,-4139.100502237083,1066325.8723677017,-2410.8058776326943,-0.00225575291529323,0.0,0.0,99/96,2.201649203317597,18.8,145.0,False
Fixed 99/96,2024-02-01,1070464.9728699387,-1486.1132122393783,1068978.8596576992,2652.987289997516,0.00248797047764282,0.0,0.0,99/96,2.201649203317597,6.75,145.0,False
Fixed 99/96,2024-02-02,1070464.9728699387,-858.6431892938629,1069606.329680645,627.4700229456648,0.0005869807595133558,0.0,0.0,99/96,2.201649203317597,3.8999999999999995,145.0,False
Fixed 99/96,2024-02-05,1070464.9728699387,-792.593713194335,1069672.3791567443,66.04947609943338,6.175120160256675e-05,0.0,0.0,99/96,2.201649203317597,3.5999999999999996,145.0,False
Fixed 99/96,2024-02-06,1070464.9728699387,-473.3545787132835,1069991.6182912255,319.23913448117673,0.0002984457116981254,0.0,0.0,99/96,2.201649203317597,2.1500000000000004,145.0,False
Fixed 99/96,2024-02-07,1070464.9728699387,-148.61132122393784,1070316.3615487148,324.7432574892882,0.00030350074891982715,0.0,0.0,99/96,2.201649203317597,0.675,145.0,False
Fixed 99/96,2024-02-08,1070464.9728699387,-104.57833715758586,1070360.394532781,44.03298406628892,4.1140157852614934e-05,0.0,0.0,99/96,2.201649203317597,0.475,145.0,False
Fixed 99/96,2024-02-09,1070464.9728699387,-66.04947609952792,1070398.9233938393,38.52886105817743,3.5996157233597614e-05,0.0,0.0,99/96,2.201649203317597,0.30000000000000004,145.0,False
Fixed 99/96,2024-02-12,1070464.9728699387,-66.04947609952792,1070398.9233938393,0.0,0.0,0.0,0.0,99/96,2.201649203317597,0.30000000000000004,145.0,False
Fixed 99/96,2024-02-13,1070464.9728699387,-148.61132122393784,1070316.3615487148,-82.56184512446634,-7.713184619306812e-05,0.0,0.0,99/96,2.201649203317597,0.675,145.0,False
Fixed 99/96,2024-02-14,1070464.9728699387,-38.52886105805796,1070426.4440088808,110.08246016595513,0.00010285039463164836,0.0,0.0,99/96,2.201649203317597,0.17500000000000004,145.0,False
Fixed 99/96,2024-02-15,1070464.9728699387,-22.01649203317596,1070442.9563779056,16.512369024800137,1.5425972627269857e-05,0.0,0.0,99/96,2.201649203317597,0.09999999999999995,145.0,False
Fixed 99/96,2024-02-16,1075906.5074386683,-5485.374796145087,1070421.1326425232,-21.823735382407904,-2.038757437039518e-05,43.84022741558452,0.0,99/96,2.138547678809001,25.65,150.0,False
Fixed 99/96,2024-02-20,1075906.5074386683,-6875.430787370939,1069031.0766512973,-1390.055991225876,-0.0012986066407286723,0.0,0.0,99/96,2.138547678809001,32.15,150.0,False
Fixed 99/96,2024-02-21,1075906.5074386683,-6340.79386766869,1069565.7135709997,534.6369197024032,0.0005001135433566617,0.0,0.0,99/96,2.138547678809001,29.650000000000006,150.0,False
Fixed 99/96,2024-02-22,1075906.5074386683,-2373.7879234779907,1073532.7195151902,3967.005944190547,0.003708987576785505,0.0,0.0,99/96,2.138547678809001,11.099999999999998,150.0,False
Fixed 99/96,2024-02-23,1075906.5074386683,-1946.078387716191,1073960.4290509522,427.70953576196916,0.00039841313449229254,0.0,0.0,99/96,2.138547678809001,9.1,150.0,False
Fixed 99/96,2024-02-26,1075906.5074386683,-2138.547678809001,1073767.9597598594,-192.46929109282792,-0.00017921450910707293,0.0,0.0,99/96,2.138547678809001,10.0,150.0,False
Fixed 99/96,2024-02-27,1075906.5074386683,-1635.9889742888859,1074270.5184643795,502.55870452011004,0.0004680328742836526,0.0,0.0,99/96,2.138547678809001,7.65,150.0,False
Fixed 99/96,2024-02-28,1075906.5074386683,-2149.2404172030465,1073757.2670214653,-513.2514429141302,-0.00047776740969096565,0.0,0.0,99/96,2.138547678809001,10.05,150.0,False
Fixed 99/96,2024-02-29,1075906.5074386683,-1315.2068224675359,1074591.3006162008,834.0335947354324,0.0007767431433074456,0.0,0.0,99/96,2.138547678809001,6.15,150.0,False
Fixed 99/96,2024-03-01,1075906.5074386683,-641.5643036427003,1075264.9431350257,673.6425188248977,0.0006268825351913865,0.0,0.0,99/96,2.138547678809001,3.0,150.0,False
Fixed 99/96,2024-03-04,1075906.5074386683,-652.2570420367451,1075254.2503966314,-10.692738394252956,-9.94428253475732e-06,0.0,0.0,99/96,2.138547678809001,3.049999999999999,150.0,False
Fixed 99/96,2024-03-05,1075906.5074386683,-1432.826944802031,1074473.6804938663,-780.569902765099,-0.000725939843973844,0.0,0.0,99/96,2.138547678809001,6.700000000000001,150.0,False
Fixed 99/96,2024-03-06,1075906.5074386683,-973.0391938580952,1074933.4682448101,459.7877509437967,0.0004279190447293857,0.0,0.0,99/96,2.138547678809001,4.549999999999999,150.0,False
Fixed 99/96,2024-03-07,1075906.5074386683,-395.63132057966516,1075510.8761180886,577.4078732784837,0.0005371568476897348,0.0,0.0,99/96,2.138547678809001,1.8499999999999999,150.0,False
Fixed 99/96,2024-03-08,1075906.5074386683,-481.1732277320252,1075425.3342109362,-85.54190715239383,-7.953606890631626e-05,0.0,0.0,99/96,2.138547678809001,2.25,150.0,False
Fixed 99/96,2024-03-11,1075906.5074386683,-417.01679736775515,1075489.4906413006,64.15643036435358,5.9656796546958546e-05,0.0,0.0,99/96,2.138547678809001,1.9499999999999997,150.0,False
Fixed 99/96,2024-03-12,1075906.5074386683,-53.46369197022503,1075853.043746698,363.55310539738275,0.0003380350143455946,0.0,0.0,99/96,2.138547678809001,0.25,150.0,False
Fixed 99/96,2024-03-13,1075906.5074386683,-42.770953576180034,1075863.7364850922,10.692738394252956,9.938846626367237e-06,0.0,0.0,99/96,2.138547678809001,0.20000000000000007,150.0,False
Fixed 99/96,2024-03-14,1075906.5074386683,-64.15643036427005,1075842.351008304,-21.38547678827308,-1.9877495692988134e-05,0.0,0.0,99/96,2.138547678809001,0.3000000000000001,150.0,False
Fixed 99/96,2024-03-15,1081708.5630951724,-5855.671318486789,1075852.8917766856,10.540768381673843,9.797688640622582e-06,53.61566198255407,0.0,99/96,2.102574979708003,27.85,155.0,False
Fixed 99/96,2024-03-18,1081708.5630951724,-4625.664955357606,1077082.8981398148,1230.0063631292433,0.0011432848975272414,0.0,0.0,99/96,2.102574979708003,22.0,155.0,False
Fixed 99/96,2024-03-19,1081708.5630951724,-3595.4032153006856,1078113.1598798716,1030.2617400567979,0.0009565296615852148,0.0,0.0,99/96,2.102574979708003,17.1,155.0,False
Fixed 99/96,2024-03-20,1081708.5630951724,-2144.626479302163,1079563.9366158703,1450.7767359986901,0.0013456627652708164,0.0,0.0,99/96,2.102574979708003,10.2,155.0,False
Fixed 99/96,2024-03-21,1081708.5630951724,-1734.6243582591026,1079973.9387369133,410.00212104292586,0.0003797849364328698,0.0,0.0,99/96,2.102574979708003,8.25,155.0,False
Fixed 99/96,2024-03-22,1081708.5630951724,-1923.8561064328228,1079784.7069887395,-189.23174817371182,-0.0001752188098121943,0.0,0.0,99/96,2.102574979708003,9.15,155.0,False
Fixed 99/96,2024-03-25,1081708.5630951724,-1944.8818562299027,1079763.6812389425,-21.02574979700148,-1.9472168535927814e-05,0.0,0.0,99/96,2.102574979708003,9.25,155.0,False
Fixed 99/96,2024-03-26,1081708.5630951724,-1860.7788570415826,1079847.7842381308,84.10299918823875,7.789019083492832e-05,0.0,0.0,99/96,2.102574979708003,8.85,155.0,False
Fixed 99/96,2024-03-27,1081708.5630951724,-1124.877614143782,1080583.6854810286,735.9012428978458,0.0006814860887240926,0.0,0.0,99/96,2.102574979708003,5.350000000000001,155.0,False
Fixed 99/96,2024-03-28,1081708.5630951724,-1187.9548635350213,1080520.6082316374,-63.077249391237274,-5.837331271862922e-05,0.0,0.0,99/96,2.102574979708003,5.649999999999999,155.0,False
Fixed 99/96,2024-04-01,1081708.5630951724,-1208.980613332102,1080499.5824818404,-21.02574979700148,-1.945890678700657e-05,0.0,0.0,99/96,2.102574979708003,5.750000000000001,155.0,False
Fixed 99/96,2024-04-02,1081708.5630951724,-1892.3174817372028,1079816.2456134353,-683.3368684051093,-0.0006324267769132197,0.0,0.0,99/96,2.102574979708003,9.0,155.0,False
Fixed 99/96,2024-04-03,1081708.5630951724,-1608.469859476622,1080100.0932356957,283.8476222604513,0.0002628665973618549,0.0,0.0,99/96,2.102574979708003,7.6499999999999995,155.0,False
Fixed 99/96,2024-04-04,1081708.5630951724,-3879.250837561266,1077829.3122576112,-2270.780978084542,-0.0021023801333835967,0.0,0.0,99/96,2.102574979708003,18.450000000000003,155.0,False
Fixed 99/96,2024-04-05,1081708.5630951724,-2270.7809780846433,1079437.7821170879,1608.469859476667,0.0014923233587955664,0.0,0.0,99/96,2.102574979708003,10.8,155.0,False
Fixed 99/96,2024-04-08,1081708.5630951724,-1508.5975479404924,1080199.965547232,762.1834301440977,0.0007060929705917651,0.0,0.0,99/96,2.102574979708003,7.175000000000001,155.0,False
Fixed 99/96,2024-04-09,1081708.5630951724,-1266.8014252740718,1080441.7616698984,241.79612266644835,0.00022384385334062173,0.0,0.0,99/96,2.102574979708003,6.025,155.0,False
Fixed 99/96,2024-04-10,1081708.5630951724,-3006.6822209824436,1078701.88087419,-1739.8807957083918,-0.001610342044738533,0.0,0.0,99/96,2.102574979708003,14.299999999999997,155.0,False
Fixed 99/96,2024-04-11,1081708.5630951724,-1119.6211766945119,1080588.9419184779,1887.0610442878678,0.0017493814349878178,0.0,0.0,99/96,2.102574979708003,5.325000000000001,155.0,False
Fixed 99/96,2024-04-12,1081708.5630951724,-3763.609213677325,1077944.9538814952,-2643.988036982715,-0.002446802789124014,0.0,0.0,99/96,2.102574979708003,17.9,155.0,False
Fixed 99/96,2024-04-15,1081708.5630951724,-7947.733423296252,1073760.829671876,-4184.124209619127,-0.0038815750234303392,0.0,0.0,99/96,2.102574979708003,37.800000000000004,155.0,False
Fixed 99/96,2024-04-16,1081708.5630951724,-7769.014550021072,1073939.5485451513,178.71887327521108,0.00016644197509974035,0.0,0.0,99/96,2.102574979708003,36.95,155.0,False
Fixed 99/96,2024-04-17,1081708.5630951724,-10560.182835583444,1071148.380259589,-2791.168285562191,-0.0025989994402788597,0.0,0.0,99/96,2.102574979708003,50.224999999999994,155.0,False
Fixed 99/96,2024-04-18,1081708.5630951724,-11585.188138191097,1070123.3749569813,-1025.0053026077803,-0.0009569218620854025,0.0,0.0,99/96,2.102574979708003,55.1,155.0,False
Fixed 99/96,2024-04-19,1068483.4811982464,-7391.614318326676,1061091.8668799198,-9031.508077061502,-0.008439688626953434,59.816532055822805,-20556.8796831969,99/96,2.136304716279386,34.6,150.0,False
Fixed 99/96,2024-04-22,1068483.4811982464,-5383.487885024051,1063099.9933132222,2008.1264333024155,0.0018925094951554033,0.0,0.0,99/96,2.136304716279386,25.199999999999996,150.0,False
Fixed 99/96,2024-04-23,1068483.4811982464,-3054.9157442795217,1065428.5654539668,2328.5721407446545,0.00219036041331111,0.0,0.0,99/96,2.136304716279386,14.299999999999999,150.0,False
Fixed 99/96,2024-04-24,1068483.4811982464,-3685.1256355819405,1064798.3555626643,-630.2098913025111,-0.0005915083485995565,0.0,0.0,99/96,2.136304716279386,17.25,150.0,False
Fixed 99/96,2024-04-25,1068483.4811982464,-2499.476518046881,1065984.0046801995,1185.649117535213,0.0011134963829924072,0.0,0.0,99/96,2.136304716279386,11.7,150.0,False
Fixed 99/96,2024-04-26,1068483.4811982464,-2125.623192697989,1066357.8580055484,373.8533253488131,0.00035071194662150695,0.0,0.0,99/96,2.136304716279386,9.950000000000001,150.0,False
Fixed 99/96,2024-04-29,1068483.4811982464,-1570.1839664653485,1066913.297231781,555.4392262327019,0.0005208750721559241,0.0,0.0,99/96,2.136304716279386,7.35,150.0,False
Fixed 99/96,2024-04-30,1068483.4811982464,-3642.399541256354,1064841.08165699,-2072.2155747909565,-0.0019422530210913003,0.0,0.0,99/96,2.136304716279386,17.050000000000004,150.0,False
Fixed 99/96,2024-05-01,1068483.4811982464,-3866.711536465689,1064616.7696617807,-224.31199520942755,-0.00021065302520106854,0.0,0.0,99/96,2.136304716279386,18.1,150.0,False
Fixed 99/96,2024-05-02,1068483.4811982464,-2307.209093581737,1066176.2721046647,1559.502442884026,0.0014648486547694795,0.0,0.0,99/96,2.136304716279386,10.8,150.0,False
Fixed 99/96,2024-05-03,1068483.4811982464,-630.2098913024188,1067853.2713069438,1676.9992022791412,0.0015729098894394777,0.0,0.0,99/96,2.136304716279386,2.9499999999999997,150.0,False
Fixed 99/96,2024-05-06,1068483.4811982464,-293.74189848841564,1068189.7392997579,336.4679928140249,0.0003150882259341792,0.0,0.0,99/96,2.136304716279386,1.3750000000000004,150.0,False
Fixed 99/96,2024-05-07,1068483.4811982464,-202.94894804654166,1068280.5322502,90.79295044206083,8.49970254364063e-05,0.0,0.0,99/96,2.136304716279386,0.95,150.0,False
Fixed 99/96,2024-05-08,1068483.4811982464,-138.85980655816007,1068344.6213916882,64.08914148830809,5.9992801098252e-05,0.0,0.0,99/96,2.136304716279386,0.6499999999999999,150.0,False
Fixed 99/96,2024-05-09,1068483.4811982464,-64.08914148838156,1068419.392056758,74.77066506980918,6.99874025409386e-05,0.0,0.0,99/96,2.136304716279386,0.29999999999999993,150.0,False
Fixed 99/96,2024-05-10,1068483.4811982464,-37.385332534889265,1068446.0958657116,26.70380895351991,2.499375165965212e-05,0.0,0.0,99/96,2.136304716279386,0.17500000000000004,150.0,False
Fixed 99/96,2024-05-13,1068483.4811982464,-21.363047162793855,1068462.1181510836,16.022285372018814,1.4995876192580582e-05,0.0,0.0,99/96,2.136304716279386,0.09999999999999998,150.0,False
Fixed 99/96,2024-05-14,1068483.4811982464,-21.363047162793855,1068462.1181510836,0.0,0.0,0.0,0.0,99/96,2.136304716279386,0.09999999999999998,150.0,False
Fixed 99/96,2024-05-15,1068483.4811982464,-5.34076179069847,1068478.1404364556,16.022285372018814,1.4995651319571479e-05,0.0,0.0,99/96,2.136304716279386,0.025000000000000022,150.0,False
Fixed 99/96,2024-05-16,1068483.4811982464,-5.340761790698466,1068478.1404364556,0.0,0.0,0.0,0.0,99/96,2.136304716279386,0.02500000000000001,150.0,False
Fixed 99/96,2024-05-17,1073383.3860054766,-4936.1705500469425,1068447.2154554296,-30.924981025978923,-2.8943017040483632e-05,36.26574281667142,0.0,99/96,2.014763489815079,24.499999999999996,160.0,False
Fixed 99/96,2024-05-20,1073383.3860054766,-4644.0298440237575,1068739.3561614528,292.14070602320135,0.00027342549243170033,0.0,0.0,99/96,2.014763489815079,23.050000000000004,160.0,False
Fixed 99/96,2024-05-21,1073383.3860054766,-3898.567352792178,1069484.8186526843,745.4624912315048,0.0006975157103870089,0.0,0.0,99/96,2.014763489815079,19.35,160.0,False
Fixed 99/96,2024-05-22,1073383.3860054766,-4462.701129940399,1068920.6848755362,-564.1337771480903,-0.0005274817999368908,0.0,0.0,99/96,2.014763489815079,22.149999999999995,160.0,False
Fixed 99/96,2024-05-23,1073383.3860054766,-6104.733374139689,1067278.6526313368,-1642.0322441994213,-0.0015361591065015112,0.0,0.0,99/96,2.014763489815079,30.299999999999997,160.0,False
Fixed 99/96,2024-05-24,1073383.3860054766,-4271.298598407967,1069112.0874070686,1833.4347757317591,0.0017178595029625487,0.0,0.0,99/96,2.014763489815079,21.199999999999996,160.0,False
Fixed 99/96,2024-05-28,1073383.3860054766,-4231.003328611666,1069152.382676865,40.29526979639195,3.769040708734295e-05,0.0,0.0,99/96,2.014763489815079,21.0,160.0,False
Fixed 99/96,2024-05-29,1073383.3860054766,-6467.390802306402,1066915.9952031702,-2236.3874736947473,-0.002091738754858685,0.0,0.0,99/96,2.014763489815079,32.099999999999994,160.0,False
Fixed 99/96,2024-05-30,1073383.3860054766,-8663.48300620484,1064719.9029992716,-2196.092203898588,-0.0020583553098577623,0.0,0.0,99/96,2.014763489815079,43.0,160.0,False
Fixed 99/96,2024-05-31,1073383.3860054766,-5369.344700357186,1068014.0413051194,3294.138305847766,0.0030939013129822612,0.0,0.0,99/96,2.014763489815079,26.650000000000006,160.0,False
Fixed 99/96,2024-06-03,1073383.3860054766,-5349.197065459035,1068034.1889400175,20.14763489807956,1.8864578665622744e-05,0.0,0.0,99/96,2.014763489815079,26.55,160.0,False
Fixed 99/96,2024-06-04,1073383.3860054766,-5208.163621171979,1068175.2223843045,141.03344428702258,0.00013204955959977838,0.0,0.0,99/96,2.014763489815079,25.849999999999998,160.0,False
Fixed 99/96,2024-06-05,1073383.3860054766,-2659.4878065559046,1070723.8981989208,2548.675814616261,0.002386009112743892,0.0,0.0,99/96,2.014763489815079,13.200000000000001,160.0,False
Fixed 99/96,2024-06-06,1073383.3860054766,-2377.4209179817935,1071005.9650874948,282.06688857404515,0.00026343568967557296,0.0,0.0,99/96,2.014763489815079,11.8,160.0,False
Fixed 99/96,2024-06-07,1073383.3860054766,-2271.645834766501,1071111.74017071,105.77508321520872,9.876236609618338e-05,0.0,0.0,99/96,2.014763489815079,11.274999999999999,160.0,False
Fixed 99/96,2024-06-10,1073383.3860054766,-1702.4751488937416,1071680.910856583,569.1706858729012,0.0005313831083413323,0.0,0.0,99/96,2.014763489815079,8.45,160.0,False
Fixed 99/96,2024-06-11,1073383.3860054766,-1188.7104589908968,1072194.6755464857,513.764689902775,0.0004794008036330677,0.0,0.0,99/96,2.014763489815079,5.9,160.0,False
Fixed 99/96,2024-06-12,1073383.3860054766,-271.99307112503567,1073111.3929343515,916.7173878657632,0.0008549915502971128,0.0,0.0,99/96,2.014763489815079,1.35,160.0,False
Fixed 99/96,2024-06-13,1073383.3860054766,-120.88580938890476,1073262.5001960876,151.10726173617877,0.00014081227981654898,0.0,0.0,99/96,2.014763489815079,0.6000000000000001,160.0,False
Fixed 99/96,2024-06-14,1073383.3860054766,-146.07035301159326,1073237.315652465,-25.184543622657657,-2.3465409084932887e-05,0.0,0.0,99/96,2.014763489815079,0.7250000000000001,160.0,False
Fixed 99/96,2024-06-17,1073383.3860054766,-60.44290469445238,1073322.943100782,85.62744831712916,7.978426305932373e-05,0.0,0.0,99/96,2.014763489815079,0.30000000000000004,160.0,False
Fixed 99/96,2024-06-18,1073383.3860054766,-20.147634898150795,1073363.2383705785,40.29526979639195,3.7542540253454604e-05,0.0,0.0,99/96,2.014763489815079,0.10000000000000003,160.0,False
Fixed 99/96,2024-06-20,1073383.3860054766,-15.11072617361309,1073368.275279303,5.0369087245780975,4.692641357939564e-06,0.0,0.0,99/96,2.014763489815079,0.07499999999999998,160.0,False
Fixed 99/96,2024-06-21,1078018.0139301408,-4665.073668606738,1073352.940261534,-15.33501776913181,-1.4286818534103851e-05,30.445743942486967,0.0,99/96,1.964241544676521,23.75,165.0,False
Fixed 99/96,2024-06-24,1078018.0139301408,-5391.84304013705,1072626.1708900037,-726.7693715302739,-0.0006771019524605126,0.0,0.0,99/96,1.964241544676521,27.45,165.0,False
Fixed 99/96,2024-06-25,1078018.0139301408,-4419.543475522172,1073598.4704546186,972.299564614892,0.0009064663822329067,0.0,0.0,99/96,1.964241544676521,22.5,165.0,False
Fixed 99/96,2024-06-26,1078018.0139301408,-4193.655697884372,1073824.3582322565,225.88777763792314,0.00021040247714054772,0.0,0.0,99/96,1.964241544676521,21.349999999999998,165.0,False
Fixed 99/96,2024-06-27,1078018.0139301408,-3378.495456843616,1074639.5184732971,815.160241040634,0.0007591187839903757,0.0,0.0,99/96,1.964241544676521,17.2,165.0,False
Fixed 99/96,2024-06-28,1078018.0139301408,-3830.271012119216,1074187.7429180215,-451.77555527561344,-0.00042039730301135503,0.0,0.0,99/96,1.964241544676521,19.5,165.0,False
Fixed 99/96,2024-07-01,1078018.0139301408,-3250.8197564396423,1074767.194173701,579.4512556795962,0.0005394320122342755,0.0,0.0,99/96,1.964241544676521,16.55,165.0,False
Fixed 99/96,2024-07-02,1078018.0139301408,-2013.3475832934341,1076004.6663468473,1237.472173146205,0.0011513862535574848,0.0,0.0,99/96,1.964241544676521,10.25,165.0,False
Fixed 99/96,2024-07-03,1078018.0139301408,-1325.863042656652,1076692.1508874842,687.484540636884,0.0006389233821550988,0.0,0.0,99/96,1.964241544676521,6.750000000000001,165.0,False
Fixed 99/96,2024-07-05,1078018.0139301408,-805.3390333173737,1077212.6748968235,520.5240093392786,0.0004834473892190161,0.0,0.0,99/96,1.964241544676521,4.1000000000000005,165.0,False
Fixed 99/96,2024-07-08,1078018.0139301408,-500.8815938925128,1077517.1323362482,304.4574394247029,0.000282634475549548,0.0,0.0,99/96,1.964241544676521,2.55,165.0,False
Fixed 99/96,2024-07-09,1078018.0139301408,-383.02710121192166,1077634.9868289288,117.8544926806353,0.00010937598033833318,0.0,0.0,99/96,1.964241544676521,1.9500000000000002,165.0,False
Fixed 99/96,2024-07-10,1078018.0139301408,-235.70898536118256,1077782.3049447795,147.3181158506777,0.00013670502317686406,0.0,0.0,99/96,1.964241544676521,1.2000000000000002,165.0,False
Fixed 99/96,2024-07-11,1078018.0139301408,-220.97717377610866,1077797.0367563646,14.73181158513762,1.3668633746855008e-05,0.0,0.0,99/96,1.964241544676521,1.1250000000000002,165.0,False
Fixed 99/96,2024-07-12,1078018.0139301408,-108.03328495720866,1077909.9806451835,112.94388881884515,0.00010479142636987682,0.0,0.0,99/96,1.964241544676521,0.55,165.0,False
Fixed 99/96,2024-07-15,1078018.0139301408,-58.92724634029562,1077959.0866838004,49.10603861697018,4.555671577288756e-05,0.0,0.0,99/96,1.964241544676521,0.29999999999999993,165.0,False
Fixed 99/96,2024-07-16,1078018.0139301408,-19.642415446765217,1077998.371514694,39.28483089362271,3.644371236255495e-05,0.0,0.0,99/96,1.964241544676521,0.10000000000000003,165.0,False
Fixed 99/96,2024-07-17,1078018.0139301408,-49.106038616913004,1077968.9078915238,-29.46362317027524,-2.7331788200135598e-05,0.0,0.0,99/96,1.964241544676521,0.2499999999999999,165.0,False
Fixed 99/96,2024-07-18,1078018.0139301408,-58.92724634029564,1077959.0866838004,-9.82120772334747,-9.110845082260788e-06,0.0,0.0,99/96,1.964241544676521,0.30000000000000004,165.0,False
Fixed 99/96,2024-07-19,1084180.6346201284,-6207.6604980173415,1077972.974122111,13.887438310543075,1.2883084786974308e-05,45.03980802977881,0.0,99/96,1.9582525230338614,31.700000000000003,165.0,False
Fixed 99/96,2024-07-22,1084180.6346201284,-3818.592419916031,1080362.0422002124,2389.06807810138,0.0022162597165731324,0.0,0.0,99/96,1.9582525230338614,19.500000000000004,165.0,False
Fixed 99/96,2024-07-23,1084180.6346201284,-4073.1652479104314,1080107.469372218,-254.5728279943578,-0.0002356365903747326,0.0,0.0,99/96,1.9582525230338614,20.799999999999997,165.0,False
Fixed 99/96,2024-07-24,1084180.6346201284,-9086.291706877115,1075094.3429132514,-5013.126458966639,-0.004641321906495466,0.0,0.0,99/96,1.9582525230338614,46.39999999999999,165.0,False
Fixed 99/96,2024-07-25,1084180.6346201284,-11210.995694368858,1072969.6389257596,-2124.7039874917828,-0.001976295384211846,0.0,0.0,99/96,1.9582525230338614,57.25,165.0,False
Fixed 99/96,2024-07-26,1084180.6346201284,-8107.165445360185,1076073.4691747683,3103.8302490087226,0.002892747507857063,0.0,0.0,99/96,1.9582525230338614,41.39999999999999,165.0,False
Fixed 99/96,2024-07-29,1084180.6346201284,-8146.330495820865,1076034.3041243076,-39.16505046072416,-3.6396260648219325e-05,0.0,0.0,99/96,1.9582525230338614,41.6,165.0,False
Fixed 99/96,2024-07-30,1084180.6346201284,-11514.524835439104,1072666.1097846893,-3368.1943396183196,-0.003130192343040017,0.0,0.0,99/96,1.9582525230338614,58.8,165.0,False
Fixed 99/96,2024-07-31,1084180.6346201284,-4954.378883275671,1079226.2557368528,6560.145952163497,0.006115738991213426,0.0,0.0,99/96,1.9582525230338614,25.300000000000004,165.0,False
Fixed 99/96,2024-08-01,1084180.6346201284,-10222.078170236759,1073958.5564498918,-5267.699286960997,-0.0048809962312902355,0.0,0.0,99/96,1.9582525230338614,52.2,165.0,False
Fixed 99/96,2024-08-02,1084180.6346201284,-15431.02988150683,1068749.6047386215,-5208.95171127026,-0.004850235309348583,0.0,0.0,99/96,1.9582525230338614,78.80000000000001,165.0,False
Fixed 99/96,2024-08-05,1084180.6346201284,-20463.738865703865,1063716.8957544246,-5032.708984196885,-0.004708969212136149,0.0,0.0,99/96,1.9582525230338614,104.50000000000006,165.0,False
Fixed 99/96,2024-08-06,1084180.6346201284,-21952.010783209585,1062228.6238369187,-1488.2719175058883,-0.001399124074691227,0.0,0.0,99/96,1.9582525230338614,112.1,165.0,False
Fixed 99/96,2024-08-07,1084180.6346201284,-24066.923508086154,1060113.7111120422,-2114.9127248765435,-0.0019910146247398286,0.0,0.0,99/96,1.9582525230338614,122.89999999999999,165.0,False
Fixed 99/96,2024-08-08,1084180.6346201284,-16801.806647630532,1067378.8279724978,7265.1168604556005,0.006853148661604136,0.0,0.0,99/96,1.9582525230338614,85.8,165.0,False
Fixed 99/96,2024-08-09,1084180.6346201284,-16224.122153335544,1067956.512466793,577.6844942951575,0.0005412178686292624,0.0,0.0,99/96,1.9582525230338614,82.85000000000001,165.0,False
Fixed 99/96,2024-08-12,1084180.6346201284,-15832.47164872877,1068348.1629713997,391.65050460677594,0.00036672888833466644,0.0,0.0,99/96,1.9582525230338614,80.85,165.0,False
Fixed 99/96,2024-08-13,1084180.6346201284,-7784.053779059599,1076396.5808410689,8048.417869669152,0.00753351589736817,0.0,0.0,99/96,1.9582525230338614,39.75,165.0,False
Fixed 99/96,2024-08-14,1084180.6346201284,-4122.1215609862775,1080058.513059142,3661.9322180731688,0.003402028846293703,0.0,0.0,99/96,1.9582525230338614,21.049999999999997,165.0,False
Fixed 99/96,2024-08-15,1084180.6346201284,-259.4684593019867,1083921.1661608263,3862.653101684293,0.003576336888215126,0.0,0.0,99/96,1.9582525230338614,1.3250000000000002,165.0,False
Fixed 99/96,2024-08-16,1090172.2490738647,-6060.909880713865,1084111.3391931509,190.17303232452832,0.0001754491362118138,69.29542697756594,0.0,99/96,1.951983858522984,31.05,170.0,False
Fixed 99/96,2024-08-19,1090172.2490738647,-4489.562874602863,1085682.6861992618,1571.3470061109401,0.0014494332355940998,0.0,0.0,99/96,1.951983858522984,23.0,170.0,False
Fixed 99/96,2024-08-20,1090172.2490738647,-4528.602551773323,1085643.6465220912,-39.03967717057094,-3.595864396366277e-05,0.0,0.0,99/96,1.951983858522984,23.200000000000003,170.0,False
Fixed 99/96,2024-08-21,1090172.2490738647,-4196.765295824415,1085975.4837780402,331.83725594892167,0.000305659464790331,0.0,0.0,99/96,1.951983858522984,21.5,170.0,False
Fixed 99/96,2024-08-22,1090172.2490738647,-5436.27504598651,1084735.9740278781,-1239.5097501620185,-0.0011413791275010077,0.0,0.0,99/96,1.951983858522984,27.849999999999998,170.0,False
Fixed 99/96,2024-08-23,1090172.2490738647,-3679.489573315825,1086492.759500549,1756.7854726708028,0.0016195512223564634,0.0,0.0,99/96,1.951983858522984,18.85,170.0,False
Fixed 99/96,2024-08-26,1090172.2490738647,-3972.2871520942726,1086199.9619217704,-292.79757877858356,-0.0002694887528870149,0.0,0.0,99/96,1.951983858522984,20.35,170.0,False
Fixed 99/96,2024-08-27,1090172.2490738647,-3445.2515102930665,1086726.9975635717,527.0356418013107,0.00048521051397276693,0.0,0.0,99/96,1.951983858522984,17.65,170.0,False
Fixed 99/96,2024-08-28,1090172.2490738647,-4733.560856918236,1085438.6882169463,-1288.3093466253486,-0.0011854949306622231,0.0,0.0,99/96,1.951983858522984,24.249999999999996,170.0,False
Fixed 99/96,2024-08-29,1090172.2490738647,-3855.1681205828936,1086317.0809532818,878.3927363355178,0.0008092513615656216,0.0,0.0,99/96,1.951983858522984,19.75,170.0,False
Fixed 99/96,2024-08-30,1090172.2490738647,-2644.9381282986433,1087527.310945566,1210.2299922842067,0.001114066982378814,0.0,0.0,99/96,1.951983858522984,13.55,170.0,False
Fixed 99/96,2024-09-03,1090172.2490738647,-6509.8661681741505,1083662.3829056905,-3864.92803987558,-0.0035538675681764387,0.0,0.0,99/96,1.951983858522984,33.349999999999994,170.0,False
Fixed 99/96,2024-09-04,1090172.2490738647,-7827.455272677167,1082344.7938011875,-1317.5891045029275,-0.0012158667914354826,0.0,0.0,99/96,1.951983858522984,40.10000000000001,170.0,False
Fixed 99/96,2024-09-05,1090172.2490738647,-7817.695353384551,1082354.55372048,9.75991929252632,9.017384615672697e-06,0.0,0.0,99/96,1.951983858522984,40.05,170.0,False
Fixed 99/96,2024-09-06,1090172.2490738647,-13810.285799050112,1076361.9632748147,-5992.59044566541,-0.005536624228231424,0.0,0.0,99/96,1.951983858522984,70.75,170.0,False
Fixed 99/96,2024-09-09,1090172.2490738647,-9594.000664640465,1080578.2484092242,4216.285134409554,0.003917162885969772,0.0,0.0,99/96,1.951983858522984,49.14999999999999,170.0,False
Fixed 99/96,2024-09-10,1090172.2490738647,-8432.570268819292,1081739.6788050453,1161.4303958211094,0.0010748230380639434,0.0,0.0,99/96,1.951983858522984,43.2,170.0,False
Fixed 99/96,2024-09-11,1090172.2490738647,-5123.957628622832,1085048.2914452418,3308.6126401964575,0.0030586033821475844,0.0,0.0,99/96,1.951983858522984,26.249999999999996,170.0,False
Fixed 99/96,2024-09-12,1090172.2490738647,-2976.7753842475504,1087195.4736896171,2147.182244375348,0.001978881733932125,0.0,0.0,99/96,1.951983858522984,15.249999999999998,170.0,False
Fixed 99/96,2024-09-13,1090172.2490738647,-1693.3459972686887,1088478.9030765959,1283.4293869787361,0.0011804955208498669,0.0,0.0,99/96,1.951983858522984,8.675,170.0,False
Fixed 99/96,2024-09-16,1090172.2490738647,-1263.9095483936323,1088908.339525471,429.4364488751162,0.0003945289593223489,0.0,0.0,99/96,1.951983858522984,6.4750000000000005,170.0,False
Fixed 99/96,2024-09-17,1090172.2490738647,-1058.9512432487188,1089113.297830616,204.95830514491536,0.00018822365272197494,0.0,0.0,99/96,1.951983858522984,5.425,170.0,False
Fixed 99/96,2024-09-18,1090172.2490738647,-590.4751172032027,1089581.7739566613,468.4761260454543,0.00043014452856149354,0.0,0.0,99/96,1.951983858522984,3.025,170.0,False
Fixed 99/96,2024-09-19,1090172.2490738647,-53.67955610938206,1090118.5695177552,536.795561093837,0.0004926620231031631,0.0,0.0,99/96,1.951983858522984,0.275,170.0,False
Fixed 99/96,2024-09-20,1095581.4826349972,-5457.98261778872,1090123.5000172085,4.9304994533304125,4.5229019953740845e-06,48.74905665625739,0.0,99/96,1.9117277120100595,28.549999999999997,170.0,False
Fixed 99/96,2024-09-23,1095581.4826349972,-4559.470593143991,1091022.0120418533,898.5120246447623,0.0008242295708977831,0.0,0.0,99/96,1.9117277120100595,23.849999999999994,170.0,False
Fixed 99/96,2024-09-24,1095581.4826349972,-3995.5109181010243,1091585.9717168962,563.95967504289,0.0005169095296138071,0.0,0.0,99/96,1.9117277120100595,20.9,170.0,False
Fixed 99/96,2024-09-25,1095581.4826349972,-4167.566412181929,1091413.9162228154,-172.0554940807633,-0.0001576197372802346,0.0,0.0,99/96,1.9117277120100595,21.799999999999997,170.0,False
Fixed 99/96,2024-09-26,1095581.4826349972,-3565.372182898761,1092016.1104520985,602.1942292831372,0.0005517560481245187,0.0,0.0,99/96,1.9117277120100595,18.65,170.0,False
Fixed 99/96,2024-09-27,1095581.4826349972,-4263.1527977824335,1091318.329837215,-697.7806148836389,-0.0006389838100416823,0.0,0.0,99/96,1.9117277120100595,22.300000000000004,170.0,False
Fixed 99/96,2024-09-30,1095581.4826349972,-3517.578990098509,1092063.9036448987,745.5738076837733,0.0006831863694574114,0.0,0.0,99/96,1.9117277120100595,18.4,170.0,False
Fixed 99/96,2024-10-01,1095581.4826349972,-5219.016653787463,1090362.4659812097,-1701.4376636890229,-0.0015580019246220767,0.0,0.0,99/96,1.9117277120100595,27.3,170.0,False
Fixed 99/96,2024-10-02,1095581.4826349972,-4913.1402198658525,1090668.3424151314,305.87643392174505,0.00028052729570671175,0.0,0.0,99/96,1.9117277120100595,25.699999999999996,170.0,False
Fixed 99/96,2024-10-03,1095581.4826349972,-5419.748063548519,1090161.7345714488,-506.6078436826356,-0.00046449303054019175,0.0,0.0,99/96,1.9117277120100595,28.35,170.0,False
Fixed 99/96,2024-10-04,1095581.4826349972,-3211.7025561769,1092369.7800788204,2208.0455073716585,0.002025429289388647,0.0,0.0,99/96,1.9117277120100595,16.8,170.0,False
Fixed 99/96,2024-10-07,1095581.4826349972,-5075.637075386709,1090505.8455596105,-1863.934519209899,-0.0017063219371332705,0.0,0.0,99/96,1.9117277120100595,26.550000000000004,170.0,False
Fixed 99/96,2024-10-08,1095581.4826349972,-2905.8261222552906,1092675.656512742,2169.810953131411,0.0019897288602042096,0.0,0.0,99/96,1.9117277120100595,15.200000000000001,170.0,False
Fixed 99/96,2024-10-09,1095581.4826349972,-1768.348133609305,1093813.1345013878,1137.4779886459,0.0010410024071334512,0.0,0.0,99/96,1.9117277120100595,9.25,170.0,False
Fixed 99/96,2024-10-10,1095581.4826349972,-1462.4716996876957,1094119.0109353096,305.87643392174505,0.0002796423120856595,0.0,0.0,99/96,1.9117277120100595,7.65,170.0,False
Fixed 99/96,2024-10-11,1095581.4826349972,-693.0012956036464,1094888.4813393936,769.4704040840734,0.0007032785249077023,0.0,0.0,99/96,1.9117277120100595,3.624999999999999,170.0,False
Fixed 99/96,2024-10-14,1095581.4826349972,-215.06936760113172,1095366.4132673962,477.93192800250836,0.0004365119700755482,0.0,0.0,99/96,1.9117277120100595,1.125,170.0,False
Fixed 99/96,2024-10-15,1095581.4826349972,-224.62800616118201,1095356.854628836,-9.558638560120016,-8.726430210326264e-06,0.0,0.0,99/96,1.9117277120100595,1.175,170.0,False
Fixed 99/96,2024-10-16,1095581.4826349972,-76.46910848040238,1095505.0135265167,148.1588976806961,0.00013526084860338017,0.0,0.0,99/96,1.9117277120100595,0.4,170.0,False
Fixed 99/96,2024-10-17,1095581.4826349972,-23.896596400125745,1095557.5860385972,52.57251208042726,4.798929391580664e-05,0.0,0.0,99/96,1.9117277120100595,0.125,170.0,False
Fixed 99/96,2024-10-18,1101745.2926193764,-6211.446642843149,1095533.8459765334,-23.74006206379272,-2.166938768566329e-05,47.63665846390986,0.0,99/96,1.8681042534866612,33.25,175.0,False
Fixed 99/96,2024-10-21,1101745.2926193764,-6603.748536075346,1095141.5440833012,-392.30189323215745,-0.00035809198836977973,0.0,0.0,99/96,1.8681042534866612,35.349999999999994,175.0,False
Fixed 99/96,2024-10-22,1101745.2926193764,-6883.964174098347,1094861.328445278,-280.21563802310266,-0.0002558716172690323,0.0,0.0,99/96,1.8681042534866612,36.85,175.0,False
Fixed 99/96,2024-10-23,1101745.2926193764,-8826.792597724474,1092918.5000216519,-1942.8284236262552,-0.001774497256547658,0.0,0.0,99/96,1.8681042534866612,47.25,175.0,False
Fixed 99/96,2024-10-24,1101745.2926193764,-8163.61558773671,1093581.6770316397,663.1770099878777,0.0006067945688308374,0.0,0.0,99/96,1.8681042534866612,43.7,175.0,False
Fixed 99/96,2024-10-25,1101745.2926193764,-8621.30112984094,1093123.9914895354,-457.6855421043001,-0.00041851976099915866,0.0,0.0,99/96,1.8681042534866612,46.14999999999999,175.0,False
Fixed 99/96,2024-10-28,1101745.2926193764,-7818.016300841676,1093927.2763185347,803.2848289993126,0.0007348524369177323,0.0,0.0,99/96,1.8681042534866612,41.849999999999994,175.0,False
Fixed 99/96,2024-10-29,1101745.2926193764,-7108.136684516745,1094637.1559348598,709.8796163250227,0.0006489276130987598,0.0,0.0,99/96,1.8681042534866612,38.05,175.0,False
Fixed 99/96,2024-10-30,1101745.2926193764,-8714.706342515274,1093030.5862768611,-1606.5696579986252,-0.0014676732370065837,0.0,0.0,99/96,1.8681042534866612,46.65,175.0,False
Fixed 99/96,2024-10-31,1101745.2926193764,-13515.734273975992,1088229.5583454005,-4801.027931460645,-0.004392400351589609,0.0,0.0,99/96,1.8681042534866612,72.35,175.0,False
Fixed 99/96,2024-11-01,1101745.2926193764,-12460.255370756027,1089285.0372486205,1055.4789032200351,0.000969904644774422,0.0,0.0,99/96,1.8681042534866612,66.69999999999999,175.0,False
Fixed 99/96,2024-11-04,1101745.2926193764,-13562.436880313158,1088182.8557390634,-1102.18150955718,-0.0010118393917730728,0.0,0.0,99/96,1.8681042534866612,72.6,175.0,False
Fixed 99/96,2024-11-05,1101745.2926193764,-9489.969607712239,1092255.3230116642,4072.4672726008575,0.003742447559362594,0.0,0.0,99/96,1.8681042534866612,50.8,175.0,False
Fixed 99/96,2024-11-06,1101745.2926193764,-1961.5094661609942,1099783.7831532154,7528.460141551215,0.006892582698331928,0.0,0.0,99/96,1.8681042534866612,10.5,175.0,False
Fixed 99/96,2024-11-07,1101745.2926193764,-593.1231004820149,1101152.1695188945,1368.3863656790927,0.0012442321723964422,0.0,0.0,99/96,1.8681042534866612,3.175,175.0,False
Fixed 99/96,2024-11-08,1101745.2926193764,-392.30189323219884,1101352.9907261443,200.82120724976994,0.00018237371074469877,0.0,0.0,99/96,1.8681042534866612,2.1,175.0,False
Fixed 99/96,2024-11-11,1101745.2926193764,-177.4699040812328,1101567.8227152952,214.83198915096,0.00019506188384643686,0.0,0.0,99/96,1.8681042534866612,0.95,175.0,False
Fixed 99/96,2024-11-12,1101745.2926193764,-112.08625520919969,1101633.2063641672,65.38364887190983,5.935508238685827e-05,0.0,0.0,99/96,1.8681042534866612,0.6000000000000001,175.0,False
Fixed 99/96,2024-11-13,1101745.2926193764,-46.70260633716653,1101698.5900130393,65.38364887214266,5.93515595703753e-05,0.0,0.0,99/96,1.8681042534866612,0.25,175.0,False
Fixed 99/96,2024-11-14,1101745.2926193764,-51.37286697088317,1101693.9197524055,-4.670260633807629,-4.239145512396902e-06,0.0,0.0,99/96,1.8681042534866612,0.27499999999999997,175.0,False
Fixed 99/96,2024-11-15,1107594.9984571643,-5892.870173453178,1101702.1282837112,8.208531305659562,7.450827456345621e-06,43.16433566542137,0.0,99/96,1.8767102463226681,31.4,175.0,False
Fixed 99/96,2024-11-18,1107594.9984571643,-5273.555792166698,1102321.4426649977,619.3143812865019,0.00056214321946646,0.0,0.0,99/96,1.8767102463226681,28.1,175.0,False
Fixed 99/96,2024-11-19,1107594.9984571643,-4729.309820733124,1102865.6886364312,544.2459714335855,0.0004937271020672984,0.0,0.0,99/96,1.8767102463226681,25.200000000000003,175.0,False
Fixed 99/96,2024-11-20,1107594.9984571643,-4832.528884280871,1102762.4695728833,-103.21906354790553,-9.359168991418532e-05,0.0,0.0,99/96,1.8767102463226681,25.750000000000004,175.0,False
Fixed 99/96,2024-11-21,1107594.9984571643,-3988.0092734356695,1103606.9891837286,844.519610845251,0.000765821864768812,0.0,0.0,99/96,1.8767102463226681,21.25,175.0,False
Fixed 99/96,2024-11-22,1107594.9984571643,-3021.5034965794953,1104573.4949605847,966.5057768560946,0.0008757698948345105,0.0,0.0,99/96,1.8767102463226681,16.099999999999998,175.0,False
Fixed 99/96,2024-11-25,1107594.9984571643,-2223.9016418923616,1105371.096815272,797.6018546873238,0.0007220903437628046,0.0,0.0,99/96,1.8767102463226681,11.85,175.0,False
Fixed 99/96,2024-11-26,1107594.9984571643,-1632.7379143007208,1105962.2605428635,591.1637275915127,0.0005348101911608616,0.0,0.0,99/96,1.8767102463226681,8.699999999999998,175.0,False
Fixed 99/96,2024-11-27,1107594.9984571643,-1811.0253877013745,1105783.973069463,-178.28747340058908,-0.00016120574793676568,0.0,0.0,99/96,1.8767102463226681,9.649999999999999,175.0,False
Fixed 99/96,2024-11-29,1107594.9984571643,-1276.1629674994144,1106318.835489665,534.8624202020001,0.00048369521825986084,0.0,0.0,99/96,1.8767102463226681,6.800000000000001,175.0,False
Fixed 99/96,2024-12-02,1107594.9984571643,-919.5880206981075,1106675.410436466,356.57494680117816,0.0003223075802043507,0.0,0.0,99/96,1.8767102463226681,4.9,175.0,False
Fixed 99/96,2024-12-03,1107594.9984571643,-778.834752223907,1106816.1637049404,140.7532684742473,0.00012718568348657477,0.0,0.0,99/96,1.8767102463226681,4.149999999999999,175.0,False
Fixed 99/96,2024-12-04,1107594.9984571643,-544.2459714335738,1107050.7524857307,234.58878079033457,0.0002119491822427655,0.0,0.0,99/96,1.8767102463226681,2.9000000000000004,175.0,False
Fixed 99/96,2024-12-05,1107594.9984571643,-525.4788689703472,1107069.5195881939,18.767102463170886,1.6952341544529403e-05,0.0,0.0,99/96,1.8767102463226681,2.8000000000000007,175.0,False
Fixed 99/96,2024-12-06,1107594.9984571643,-333.11606872227367,1107261.882388442,192.36280024820007,0.0001737585552168408,0.0,0.0,99/96,1.8767102463226681,1.7750000000000004,175.0,False
Fixed 99/96,2024-12-09,1107594.9984571643,-469.17756158066686,1107125.8208955836,-136.06149285845459,-0.0001228810410821568,0.0,0.0,99/96,1.8767102463226681,2.499999999999999,175.0,False
Fixed 99/96,2024-12-10,1107594.9984571643,-459.79401034905356,1107135.2044468152,9.383551231585443,8.475596047441414e-06,0.0,0.0,99/96,1.8767102463226681,2.4499999999999993,175.0,False
Fixed 99/96,2024-12-11,1107594.9984571643,-197.0545758638801,1107397.9438813003,262.7394344850909,0.00023731467794529948,0.0,0.0,99/96,1.8767102463226681,1.0499999999999998,175.0,False
Fixed 99/96,2024-12-12,1107594.9984571643,-225.2052295587201,1107369.7932276055,-28.15065369475633,-2.5420539969678302e-05,0.0,0.0,99/96,1.8767102463226681,1.1999999999999997,175.0,False
Fixed 99/96,2024-12-13,1107594.9984571643,-164.21214655323345,1107430.786310611,60.99308300553821,5.507923674508142e-05,0.0,0.0,99/96,1.8767102463226681,0.875,175.0,False
Fixed 99/96,2024-12-16,1107594.9984571643,-150.13681970581342,1107444.8616374584,14.075326847378165,1.270989304380521e-05,0.0,0.0,99/96,1.8767102463226681,0.7999999999999998,175.0,False
Fixed 99/96,2024-12-17,1107594.9984571643,-150.13681970581345,1107444.8616374584,0.0,0.0,0.0,0.0,99/96,1.8767102463226681,0.8,175.0,False
Fixed 99/96,2024-12-18,1107594.9984571643,-3359.3113409175758,1104235.6871162467,-3209.1745212117676,-0.0028978187830197566,0.0,0.0,99/96,1.8767102463226681,17.9,175.0,False
Fixed 99/96,2024-12-19,1107594.9984571643,-1745.3405290800815,1105849.6579280843,1613.9708118375856,0.0014616180500854892,0.0,0.0,99/96,1.8767102463226681,9.3,175.0,False
Fixed 99/96,2024-12-20,1113472.0673473764,-5938.696876668093,1107533.3704707082,1683.71254262398,0.0015225510362579797,61.62798645598964,0.0,99/96,1.8675147410905952,31.799999999999997,175.0,False
Fixed 99/96,2024-12-23,1113472.0673473764,-4426.00993638471,1109046.0574109918,1512.6869402835146,0.0013658161285385884,0.0,0.0,99/96,1.8675147410905952,23.7,175.0,False
Fixed 99/96,2024-12-24,1113472.0673473764,-2306.3807052468846,1111165.6866421294,2119.629231137689,0.0019112183997893606,0.0,0.0,99/96,1.8675147410905952,12.349999999999998,175.0,False
Fixed 99/96,2024-12-26,1113472.0673473764,-2381.081294890509,1111090.9860524859,-74.70058964355849,-6.722722861363106e-05,0.0,0.0,99/96,1.8675147410905952,12.75,175.0,False
Fixed 99/96,2024-12-27,1113472.0673473764,-4061.844561872045,1109410.2227855043,-1680.7632669815794,-0.0015127143394016995,0.0,0.0,99/96,1.8675147410905952,21.75,175.0,False
Fixed 99/96,2024-12-30,1113472.0673473764,-6779.078510158861,1106692.9888372174,-2717.2339482868556,-0.002449259879239607,0.0,0.0,99/96,1.8675147410905952,36.3,175.0,False
Fixed 99/96,2024-12-31,1113472.0673473764,-7432.708669540569,1106039.358677836,-653.6301593815442,-0.0005906156142438945,0.0,0.0,99/96,1.8675147410905952,39.8,175.0,False
Fixed 99/96,2025-01-02,1113472.0673473764,-8273.090303031337,1105198.977044345,-840.3816334907897,-0.000759811689247103,0.0,0.0,99/96,1.8675147410905952,44.3,175.0,False
Fixed 99/96,2025-01-03,1113472.0673473764,-4500.710526028335,1108971.356821348,3772.379777002847,0.0034133037175725356,0.0,0.0,99/96,1.8675147410905952,24.1,175.0,False
Fixed 99/96,2025-01-06,1113472.0673473764,-2763.921816814081,1110708.1455305624,1736.7887092144229,0.0015661258503489872,0.0,0.0,99/96,1.8675147410905952,14.8,175.0,False
Fixed 99/96,2025-01-07,1113472.0673473764,-5639.894518093599,1107832.1728292827,-2875.9727012796793,-0.0025893144953086367,0.0,0.0,99/96,1.8675147410905952,30.200000000000006,175.0,False
Fixed 99/96,2025-01-08,1113472.0673473764,-5285.066717286385,1108187.00063009,354.82780080731027,0.0003202902113783601,0.0,0.0,99/96,1.8675147410905952,28.3,175.0,False
Fixed 99/96,2025-01-10,1113472.0673473764,-11121.050283194496,1102351.0170641819,-5835.983565908158,-0.0052662443816702265,0.0,0.0,99/96,1.8675147410905952,59.550000000000004,175.0,False
Fixed 99/96,2025-01-13,1113472.0673473764,-9897.828127780154,1103574.2392195961,1223.2221554142889,0.0011096485025903213,0.0,0.0,99/96,1.8675147410905952,53.0,175.0,False
Fixed 99/96,2025-01-14,1113472.0673473764,-8730.631414598533,1104741.4359327778,1167.1967131816782,0.0010576512858864184,0.0,0.0,99/96,1.8675147410905952,46.75,175.0,False
Fixed 99/96,2025-01-15,1113472.0673473764,-975.7764522198362,1112496.2908951566,7754.85496237874,0.007019610842994295,0.0,0.0,99/96,1.8675147410905952,5.2250000000000005,175.0,False
Fixed 99/96,2025-01-16,1113472.0673473764,-709.6556016144261,1112762.411745762,266.1208506054245,0.000239210550887492,0.0,0.0,99/96,1.8675147410905952,3.8,175.0,False
Fixed 99/96,2025-01-17,1119816.822519404,-6387.462040320579,1113429.3604790836,666.9487333216239,0.0005993631041825154,42.70686829284277,0.0,99/96,1.8568203605583078,34.4,180.0,False
Fixed 99/96,2025-01-21,1119816.822519404,-4354.243745509231,1115462.5787738948,2033.2182948112022,0.0018260864738974814,0.0,0.0,99/96,1.8568203605583078,23.449999999999996,180.0,False
Fixed 99/96,2025-01-22,1119816.822519404,-3462.969972441245,1116353.852546963,891.2737730680965,0.0007990171880509767,0.0,0.0,99/96,1.8568203605583078,18.650000000000002,180.0,False
Fixed 99/96,2025-01-23,1119816.822519404,-2785.2305408374614,1117031.5919785667,677.7394316038117,0.0006071009026908936,0.0,0.0,99/96,1.8568203605583078,14.999999999999996,180.0,False
Fixed 99/96,2025-01-24,1119816.822519404,-3063.753594921208,1116753.068924483,-278.52305408380926,-0.00024934214581207037,0.0,0.0,99/96,1.8568203605583078,16.5,180.0,False
Fixed 99/96,2025-01-27,1119816.822519404,-5598.313387083298,1114218.5091323208,-2534.559792162152,-0.002269579428694213,0.0,0.0,99/96,1.8568203605583078,30.15,180.0,False
Fixed 99/96,2025-01-28,1119816.822519404,-4168.561709453401,1115648.2608099508,1429.7516776300035,0.0012831878719583578,0.0,0.0,99/96,1.8568203605583078,22.45,180.0,False
Fixed 99/96,2025-01-29,1119816.822519404,-4948.426260887891,1114868.3962585162,-779.8645514345262,-0.0006990236787249859,0.0,0.0,99/96,1.8568203605583078,26.65,180.0,False
Fixed 99/96,2025-01-30,1119816.822519404,-3704.356619313825,1116112.4659000903,1244.069641574053,0.0011158892347735705,0.0,0.0,99/96,1.8568203605583078,19.950000000000003,180.0,False
Fixed 99/96,2025-01-31,1119816.822519404,-4772.0283266348515,1115044.7941927693,-1067.6717073209584,-0.0009565986761557177,0.0,0.0,99/96,1.8568203605583078,25.700000000000003,180.0,False
Fixed 99/96,2025-02-03,1119816.822519404,-6461.734854742912,1113355.0876646612,-1689.7065281081013,-0.0015153709850117547,0.0,0.0,99/96,1.8568203605583078,34.800000000000004,180.0,False
Fixed 99/96,2025-02-04,1119816.822519404,-4818.448835648809,1114998.3736837553,1643.2860190940555,0.0014759765660576907,0.0,0.0,99/96,1.8568203605583078,25.95,180.0,False
Fixed 99/96,2025-02-05,1119816.822519404,-3138.0264093435403,1116678.7961100605,1680.4224263052456,0.0015071075133081813,0.0,0.0,99/96,1.8568203605583078,16.9,180.0,False
Fixed 99/96,2025-02-06,1119816.822519404,-2627.400810190006,1117189.421709214,510.6255991535727,0.00045727168898723747,0.0,0.0,99/96,1.8568203605583078,14.15,180.0,False
Fixed 99/96,2025-02-07,1119816.822519404,-3778.629433736157,1116038.193085668,-1151.2286235461943,-0.001030468603779755,0.0,0.0,99/96,1.8568203605583078,20.35,180.0,False
Fixed 99/96,2025-02-10,1119816.822519404,-2116.7752110364713,1117700.0473083677,1661.854222699767,0.0014890657264201579,0.0,0.0,99/96,1.8568203605583078,11.4,180.0,False
Fixed 99/96,2025-02-11,1119816.822519404,-1782.5475461359756,1118034.2749732682,334.227664900478,0.00029903162812372486,0.0,0.0,99/96,1.8568203605583078,9.6,180.0,False
Fixed 99/96,2025-02-12,1119816.822519404,-1940.3772767834316,1117876.4452426208,-157.82973064738326,-0.0001411671664995895,0.0,0.0,99/96,1.8568203605583078,10.45,180.0,False
Fixed 99/96,2025-02-13,1119816.822519404,-631.3189225898246,1119185.5035968143,1309.0583541935775,0.001171022396763588,0.0,0.0,99/96,1.8568203605583078,3.3999999999999995,180.0,False
Fixed 99/96,2025-02-14,1119816.822519404,-324.9435630977039,1119491.8789563065,306.3753594921436,0.00027374850595141,0.0,0.0,99/96,1.8568203605583078,1.75,180.0,False
Fixed 99/96,2025-02-18,1119816.822519404,-111.40922163349849,1119705.4132977705,213.53434146405198,0.00019074219784709356,0.0,0.0,99/96,1.8568203605583078,0.6000000000000001,180.0,False
Fixed 99/96,2025-02-19,1119816.822519404,-64.98871261954078,1119751.8338067846,46.42050901404582,4.145778743480655e-05,0.0,0.0,99/96,1.8568203605583078,0.35000000000000003,180.0,False
Fixed 99/96,2025-02-20,1119816.822519404,-37.136407211166166,1119779.686112193,27.85230540833436,2.487364125469682e-05,0.0,0.0,99/96,1.8568203605583078,0.20000000000000004,180.0,False
Fixed 99/96,2025-02-21,1126073.172687404,-6303.838463664163,1119769.33422374,-10.351888452889398,-9.244576036904206e-06,47.48829566423521,0.0,99/96,1.8622861044798122,33.849999999999994,180.0,False
Fixed 99/96,2025-02-24,1126073.172687404,-7430.52155687445,1118642.6511305296,-1126.6830932104494,-0.0010061742706961585,0.0,0.0,99/96,1.8622861044798122,39.89999999999999,180.0,False
Fixed 99/96,2025-02-25,1126073.172687404,-8650.318955308729,1117422.8537320953,-1219.7973984342534,-0.0010904263280159254,0.0,0.0,99/96,1.8622861044798122,46.45,180.0,False
Fixed 99/96,2025-02-26,1126073.172687404,-8911.039009935901,1117162.1336774682,-260.72005462716334,-0.00023332264393594038,0.0,0.0,99/96,1.8622861044798122,47.85,180.0,False
Fixed 99/96,2025-02-27,1126073.172687404,-13501.574257478636,1112571.5984299255,-4590.535247542663,-0.004109103870564956,0.0,0.0,99/96,1.8622861044798122,72.49999999999999,180.0,False
Fixed 99/96,2025-02-28,1126073.172687404,-9423.167688667849,1116650.0049987363,4078.4065688108094,0.003665747511950146,0.0,0.0,99/96,1.8622861044798122,50.599999999999994,180.0,False
Fixed 99/96,2025-03-03,1126073.172687404,-13762.294312105814,1112310.8783752983,-4339.126623437973,-0.003885843016176671,0.0,0.0,99/96,1.8622861044798122,73.9,180.0,False
Fixed 99/96,2025-03-04,1126073.172687404,-16267.06912263116,1109806.103564773,-2504.774810525356,-0.002251865786104701,0.0,0.0,99/96,1.8622861044798122,87.35,180.0,False
Fixed 99/96,2025-03-05,1126073.172687404,-15149.697459943272,1110923.4752274607,1117.371662687743,0.0010068170098349594,0.0,0.0,99/96,1.8622861044798122,81.35,180.0,False
Fixed 99/96,2025-03-06,1126073.172687404,-19833.347012710004,1106239.825674694,-4683.649552766699,-0.0042159965625064855,0.0,0.0,99/96,1.8622861044798122,106.50000000000001,180.0,False
Fixed 99/96,2025-03-07,1126073.172687404,-19675.052693829217,1106398.119993575,158.29431888088584,0.00014309222576058822,0.0,0.0,99/96,1.8622861044798122,105.65,180.0,False
Fixed 99/96,2025-03-10,1126073.172687404,-27254.55713906205,1098818.615548342,-7579.504445232917,-0.0068506121876606985,0.0,0.0,99/96,1.8622861044798122,146.35,180.0,False
Fixed 99/96,2025-03-11,1126073.172687404,-28837.500327869897,1097235.6723595343,-1582.9431888076942,-0.001440586432017943,0.0,0.0,99/96,1.8622861044798122,154.85000000000002,180.0,False
Fixed 99/96,2025-03-12,1126073.172687404,-30113.166309438562,1095960.0063779654,-1275.6659815688618,-0.0011626180352172222,0.0,0.0,99/96,1.8622861044798122,161.7,180.0,False
Fixed 99/96,2025-03-13,1126073.172687404,-32170.99245488876,1093902.1802325153,-2057.826145450119,-0.0018776471162036401,0.0,0.0,99/96,1.8622861044798122,172.75000000000003,180.0,False
Fixed 99/96,2025-03-14,1126073.172687404,-31519.192318320824,1094553.9803690834,651.8001365680248,0.000595848649309394,0.0,0.0,99/96,1.8622861044798122,169.25,180.0,False
Fixed 99/96,2025-03-17,1126073.172687404,-30792.9007375737,1095280.2719498305,726.2915807471145,0.0006635502622740486,0.0,0.0,99/96,1.8622861044798122,165.35000000000002,180.0,False
Fixed 99/96,2025-03-18,1126073.172687404,-32571.38396735191,1093501.7887200522,-1778.4832297782414,-0.001623769984108403,0.0,0.0,99/96,1.8622861044798122,174.89999999999998,180.0,False
Fixed 99/96,2025-03-19,1126073.172687404,-32580.69539787432,1093492.4772895298,-9.311430522473529,-8.515240321083084e-06,0.0,0.0,99/96,1.8622861044798122,174.95000000000002,180.0,False
Fixed 99/96,2025-03-20,1126073.172687404,-33372.16699227823,1092701.0056951258,-791.4715944039635,-0.0007238015906299022,0.0,0.0,99/96,1.8622861044798122,179.2,180.0,False
Fixed 99/96,2025-03-21,1100290.891120844,-7778.38675982049,1092512.5043610237,-188.50133410212584,-0.00017250952741842962,39.51844574382245,-33521.14988063662,99/96,1.927729060674223,40.35,170.0,False
Fixed 99/96,2025-03-24,1100290.891120844,-4385.583613033858,1095905.3075078102,3392.803146786522,0.003105505093299543,0.0,0.0,99/96,1.927729060674223,22.75,170.0,False
Fixed 99/96,2025-03-25,1100290.891120844,-3922.928638472044,1096367.962482372,462.65497456188314,0.00042216692573004977,0.0,0.0,99/96,1.927729060674223,20.35,170.0,False
Fixed 99/96,2025-03-26,1100290.891120844,-6024.153314606947,1094266.737806237,-2101.224676134996,-0.0019165323577838844,0.0,0.0,99/96,1.927729060674223,31.25,170.0,False
Fixed 99/96,2025-03-27,1100290.891120844,-6525.362870382246,1093765.528250462,-501.20955577515997,-0.00045803234116392755,0.0,0.0,99/96,1.927729060674223,33.85000000000001,170.0,False
Fixed 99/96,2025-03-28,1100290.891120844,-11788.063206022875,1088502.8279148212,-5262.700335640693,-0.004811543424721676,0.0,0.0,99/96,1.927729060674223,61.150000000000006,170.0,False
Fixed 99/96,2025-03-31,1100290.891120844,-10101.300277932927,1090189.590842911,1686.7629280898254,0.0015496174055156242,0.0,0.0,99/96,1.927729060674223,52.39999999999999,170.0,False
Fixed 99/96,2025-04-01,1100290.891120844,-8819.36045258457,1091471.5306682596,1281.939825348556,0.0011758870531477505,0.0,0.0,99/96,1.927729060674223,45.75,170.0,False
Fixed 99/96,2025-04-02,1100290.891120844,-5696.4393742923285,1094594.4517465518,3122.9210782921873,0.0028612025055569923,0.0,0.0,99/96,1.927729060674223,29.549999999999997,170.0,False
Fixed 99/96,2025-04-03,1100290.891120844,-19566.449965843363,1080724.4411550006,-13870.010591551196,-0.012671369354576911,0.0,0.0,99/96,1.927729060674223,101.5,170.0,False
Fixed 99/96,2025-04-04,1100290.891120844,-28530.3900979785,1071760.5010228655,-8963.94013213506,-0.00829438087155232,0.0,0.0,99/96,1.927729060674223,148.0,170.0,False
Fixed 99/96,2025-04-07,1100290.891120844,-28048.457832809956,1072242.433288034,481.93226516852155,0.0004496641411104729,0.0,0.0,99/96,1.927729060674223,145.50000000000006,170.0,False
Fixed 99/96,2025-04-08,1100290.891120844,-30053.29605591113,1070237.595064933,-2004.8382231011055,-0.0018697620620676814,0.0,0.0,99/96,1.927729060674223,155.89999999999998,170.0,False
Fixed 99/96,2025-04-09,1100290.891120844,-16838.71334498933,1083452.1777758547,13214.582710921764,0.012347335556007977,0.0,0.0,99/96,1.927729060674223,87.34999999999997,170.0,False
Fixed 99/96,2025-04-10,1100290.891120844,-24308.663455101956,1075982.2276657422,-7469.95011011255,-0.006894582209846178,0.0,0.0,99/96,1.927729060674223,126.10000000000002,170.0,False
Fixed 99/96,2025-04-11,1100290.891120844,-22332.741167910866,1077958.1499529332,1975.9222871910315,0.0018363893346804439,0.0,0.0,99/96,1.927729060674223,115.84999999999997,170.0,False
Fixed 99/96,2025-04-14,1100290.891120844,-24135.167839641268,1076155.7232812028,-1802.4266717303544,-0.001672074812745783,0.0,0.0,99/96,1.927729060674223,125.19999999999999,170.0,False
Fixed 99/96,2025-04-15,1100290.891120844,-27749.659828405438,1072541.2312924387,-3614.4919887641445,-0.0033587072117625683,0.0,0.0,99/96,1.927729060674223,143.95,170.0,False
Fixed 99/96,2025-04-16,1100290.891120844,-32193.075313259524,1068097.8158075844,-4443.415484854253,-0.0041428854716381025,0.0,0.0,99/96,1.927729060674223,167.0,170.0,False
Fixed 99/96,2025-04-17,1076480.6628470821,-9103.63101554579,1067377.0318315364,-720.7839760479983,-0.0006748295571628038,142.46525784594226,-32771.394031461794,99/96,2.0207837992332496,45.05000000000001,160.0,False
Fixed 99/96,2025-04-21,1076480.6628470821,-13781.745510770756,1062698.9173363114,-4678.114495225018,-0.00438281352859704,0.0,0.0,99/96,2.0207837992332496,68.19999999999997,160.0,False
Fixed 99/96,2025-04-22,1076480.6628470821,-9527.995613384772,1066952.6672336974,4253.749897385947,0.0040027799294724,0.0,0.0,99/96,2.0207837992332496,47.150000000000006,160.0,False
Fixed 99/96,2025-04-23,1076480.6628470821,-7153.574649285704,1069327.0881977964,2374.420964099001,0.002225422961128265,0.0,0.0,99/96,2.0207837992332496,35.400000000000006,160.0,False
Fixed 99/96,2025-04-24,1076480.6628470821,-4294.165573370655,1072186.4972737115,2859.409075915115,0.002674026598105117,0.0,0.0,99/96,2.0207837992332496,21.25,160.0,False
Fixed 99/96,2025-04-25,1076480.6628470821,-3384.812863715693,1073095.8499833664,909.3527096549515,0.000848129231217909,0.0,0.0,99/96,2.0207837992332496,16.75,160.0,False
Fixed 99/96,2025-04-28,1076480.6628470821,-3344.3971877310287,1073136.2656593511,40.415675984695554,3.7662689670536764e-05,0.0,0.0,99/96,2.0207837992332496,16.550000000000004,160.0,False
Fixed 99/96,2025-04-29,1076480.6628470821,-2465.3562350645648,1074015.3066120176,879.0409526664298,0.0008191326495954332,0.0,0.0,99/96,2.0207837992332496,12.200000000000001,160.0,False
Fixed 99/96,2025-04-30,1076480.6628470821,-2313.7974501220706,1074166.8653969602,151.55878494260833,0.00014111417594286912,0.0,0.0,99/96,2.0207837992332496,11.45,160.0,False
Fixed 99/96,2025-05-01,1076480.6628470821,-2030.887718229416,1074449.7751288528,282.90973189263605,0.00026337596234471405,0.0,0.0,99/96,2.0207837992332496,10.05,160.0,False
Fixed 99/96,2025-05-02,1076480.6628470821,-778.001762704801,1075702.6610843774,1252.8859555246308,0.0011660721464383794,0.0,0.0,99/96,2.0207837992332496,3.8499999999999996,160.0,False
Fixed 99/96,2025-05-05,1076480.6628470821,-747.6900057163022,1075732.9728413657,30.311756988288835,2.817856465808788e-05,0.0,0.0,99/96,2.0207837992332496,3.6999999999999993,160.0,False
Fixed 99/96,2025-05-06,1076480.6628470821,-980.0801426281259,1075500.582704454,-232.3901369117666,-0.00021602957497712794,0.0,0.0,99/96,2.0207837992332496,4.85,160.0,False
Fixed 99/96,2025-05-07,1076480.6628470821,-555.7155447891436,1075924.947302293,424.3645978390705,0.00039457402874854,0.0,0.0,99/96,2.0207837992332496,2.75,160.0,False
Fixed 99/96,2025-05-08,1076480.6628470821,-277.8577723945718,1076202.8050746876,277.8577723945491,0.00025825014383329403,0.0,0.0,99/96,2.0207837992332496,1.375,160.0,False
Fixed 99/96,2025-05-09,1076480.6628470821,-166.71466343674308,1076313.9481836455,111.14310895791277,0.00010327338716620282,0.0,0.0,99/96,2.0207837992332496,0.825,160.0,False
Fixed 99/96,2025-05-12,1076480.6628470821,-20.2078379923325,1076460.4550090898,146.50682544428855,0.0001361190437896287,0.0,0.0,99/96,2.0207837992332496,0.10000000000000003,160.0,False
Fixed 99/96,2025-05-13,1076480.6628470821,-25.259797490415618,1076455.4030495917,-5.051959498086944,-4.693121307464132e-06,0.0,0.0,99/96,2.0207837992332496,0.125,160.0,False
Fixed 99/96,2025-05-14,1076480.6628470821,-5.051959498083122,1076475.610887584,20.207837992347777,1.8772573332048736e-05,0.0,0.0,99/96,2.0207837992332496,0.024999999999999994,160.0,False
Fixed 99/96,2025-05-15,1076480.6628470821,-5.051959498083124,1076475.610887584,0.0,0.0,0.0,0.0,99/96,2.0207837992332496,0.025,160.0,False
Fixed 99/96,2025-05-16,1083340.5763759608,-6919.533530578123,1076421.0428453828,-54.56804220122285,-5.0691387384227404e-05,59.620001699496555,0.0,99/96,1.806666718166612,38.3,180.0,False
Fixed 99/96,2025-05-19,1083340.5763759608,-6928.566864168958,1076412.0095117919,-9.03333359095268,-8.392007617263886e-06,0.0,0.0,99/96,1.806666718166612,38.35000000000001,180.0,False
Fixed 99/96,2025-05-20,1083340.5763759608,-7488.633546800607,1075851.9428291603,-560.0666826316155,-0.0005203088386998012,0.0,0.0,99/96,1.806666718166612,41.45,180.0,False
Fixed 99/96,2025-05-21,1083340.5763759608,-11138.100317497161,1072202.4760584636,-3649.4667706966866,-0.0033921645027658043,0.0,0.0,99/96,1.806666718166612,61.64999999999999,180.0,False
Fixed 99/96,2025-05-22,1083340.5763759608,-10939.366978498834,1072401.209397462,198.7333389983978,0.00018535056897928115,0.0,0.0,99/96,1.806666718166612,60.55,180.0,False
Fixed 99/96,2025-05-23,1083340.5763759608,-12746.033696665449,1070594.5426792954,-1806.6667181665543,-0.0016846929137478428,0.0,0.0,99/96,1.806666718166612,70.55000000000001,180.0,False
Fixed 99/96,2025-05-27,1083340.5763759608,-7371.200210119776,1075969.376165841,5374.833486545598,0.005020419283190414,0.0,0.0,99/96,1.806666718166612,40.8,180.0,False
Fixed 99/96,2025-05-28,1083340.5763759608,-8988.166922878896,1074352.409453082,-1616.9667127591092,-0.0015027999388989022,0.0,0.0,99/96,1.806666718166612,49.75000000000001,180.0,False
Fixed 99/96,2025-05-29,1083340.5763759608,-8247.433568430582,1075093.1428075302,740.7333544483408,0.0006894696264752032,0.0,0.0,99/96,1.806666718166612,45.65,180.0,False
Fixed 99/96,2025-05-30,1083340.5763759608,-8130.000231749754,1075210.576144211,117.43333668075502,0.000109230848942099,0.0,0.0,99/96,1.806666718166612,45.0,180.0,False
Fixed 99/96,2025-06-02,1083340.5763759608,-6567.233520535636,1076773.342855425,1562.7667112140916,0.0014534517664608337,0.0,0.0,99/96,1.806666718166612,36.35000000000001,180.0,False
Fixed 99/96,2025-06-03,1083340.5763759608,-5401.933487318171,1077938.6428886426,1165.3000332175288,0.0010822147863795983,0.0,0.0,99/96,1.806666718166612,29.900000000000006,180.0,False
Fixed 99/96,2025-06-04,1083340.5763759608,-5257.400149864841,1078083.176226096,144.53333745338023,0.00013408308386275714,0.0,0.0,99/96,1.806666718166612,29.1,180.0,False
Fixed 99/96,2025-06-05,1083340.5763759608,-6169.766842538979,1077170.8095334219,-912.3666926741134,-0.0008462859942476308,0.0,0.0,99/96,1.806666718166612,34.15,180.0,False
Fixed 99/96,2025-06-06,1083340.5763759608,-3523.0001004248934,1079817.5762755359,2646.7667421139777,0.0024571467391141244,0.0,0.0,99/96,1.806666718166612,19.5,180.0,False
Fixed 99/96,2025-06-09,1083340.5763759608,-3098.433421655739,1080242.142954305,424.566678769188,0.00039318370815344394,0.0,0.0,99/96,1.806666718166612,17.15,180.0,False
Fixed 99/96,2025-06-10,1083340.5763759608,-2113.8000602549355,1081226.7763157059,984.6333614008036,0.0009114931942091342,0.0,0.0,99/96,1.806666718166612,11.699999999999998,180.0,False
Fixed 99/96,2025-06-11,1083340.5763759608,-2186.0667289816,1081154.5096469792,-72.26666872669011,-6.683766098813937e-05,0.0,0.0,99/96,1.806666718166612,12.099999999999998,180.0,False
Fixed 99/96,2025-06-12,1083340.5763759608,-1734.4000494399475,1081606.176326521,451.6666795418132,0.0004177633034978534,0.0,0.0,99/96,1.806666718166612,9.6,180.0,False
Fixed 99/96,2025-06-13,1083340.5763759608,-3803.0334417407184,1079537.54293422,-2068.6333923009224,-0.00191255693391712,0.0,0.0,99/96,1.806666718166612,21.05,180.0,False
Fixed 99/96,2025-06-16,1083340.5763759608,-1102.0666980816334,1082238.5096778793,2700.966743659228,0.0025019664775325356,0.0,0.0,99/96,1.806666718166612,6.1000000000000005,180.0,False
Fixed 99/96,2025-06-17,1083340.5763759608,-3089.400088064906,1080251.176287896,-1987.3333899832796,-0.001836317384949493,0.0,0.0,99/96,1.806666718166612,17.099999999999998,180.0,False
Fixed 99/96,2025-06-18,1083340.5763759608,-1115.6166984678828,1082224.959677493,1973.783389596967,0.0018271522706223564,0.0,0.0,99/96,1.806666718166612,6.175,180.0,False
Fixed 99/96,2025-06-20,1089942.8140020354,-6643.989472486448,1083298.8245295489,1073.8648520559072,0.0009922750740991582,41.75184641179843,0.0,99/96,1.8152976700782644,36.6,180.0,False
Fixed 99/96,2025-06-23,1089942.8140020354,-4855.921267459358,1085086.892734576,1788.0682050271425,0.0016505770748931337,0.0,0.0,99/96,1.8152976700782644,26.750000000000004,180.0,False
Fixed 99/96,2025-06-24,1089942.8140020354,-3167.6944342865722,1086775.1195677489,1688.226833172841,0.0015558448309316297,0.0,0.0,99/96,1.8152976700782644,17.450000000000003,180.0,False
Fixed 99/96,2025-06-25,1089942.8140020354,-3013.3941323299186,1086929.4198697056,154.30030195671134,0.00014197997283749153,0.0,0.0,99/96,1.8152976700782644,16.599999999999998,180.0,False
Fixed 99/96,2025-06-26,1089942.8140020354,-2196.5101807947,1087746.3038212408,816.8839515352156,0.0007515519743988008,0.0,0.0,99/96,1.8152976700782644,12.099999999999998,180.0,False
Fixed 99/96,2025-06-27,1089942.8140020354,-1760.8387399759165,1088181.9752620596,435.6714408188127,0.0004005267030449122,0.0,0.0,99/96,1.8152976700782644,9.7,180.0,False
Fixed 99/96,2025-06-30,1089942.8140020354,-1297.9378341059592,1088644.8761679295,462.9009058699012,0.00042538924223434194,0.0,0.0,99/96,1.8152976700782644,7.15,180.0,False
Fixed 99/96,2025-07-01,1089942.8140020354,-1252.5553923540026,1088690.2586096814,45.38244175189175,4.1687094428422e-05,0.0,0.0,99/96,1.8152976700782644,6.9,180.0,False
Fixed 99/96,2025-07-02,1089942.8140020354,-898.5723466887408,1089044.2416553467,353.9830456653144,0.00032514578215980805,0.0,0.0,99/96,1.8152976700782644,4.949999999999999,180.0,False
Fixed 99/96,2025-07-03,1089942.8140020354,-589.9717427754359,1089352.84225926,308.60060391318984,0.00028336828946828874,0.0,0.0,99/96,1.8152976700782644,3.25,180.0,False
Fixed 99/96,2025-07-07,1089942.8140020354,-721.5808238561102,1089221.2331781792,-131.60908108064905,-0.00012081400623853433,0.0,0.0,99/96,1.8152976700782644,3.9750000000000005,180.0,False
Fixed 99/96,2025-07-08,1089942.8140020354,-372.1360223660442,1089570.6779796693,349.4448014900554,0.0003208207762075421,0.0,0.0,99/96,1.8152976700782644,2.05,180.0,False
Fixed 99/96,2025-07-09,1089942.8140020354,-172.4532786574351,1089770.360723378,199.68274370860308,0.000183267361855588,0.0,0.0,99/96,1.8152976700782644,0.95,180.0,False
Fixed 99/96,2025-07-10,1089942.8140020354,-131.60908108067414,1089811.2049209548,40.844197576865554,3.747963703992774e-05,0.0,0.0,99/96,1.8152976700782644,0.7249999999999999,180.0,False
Fixed 99/96,2025-07-11,1089942.8140020354,-122.53259273028286,1089820.281409305,9.076488350285217,8.328496081899672e-06,0.0,0.0,99/96,1.8152976700782644,0.675,180.0,False
Fixed 99/96,2025-07-14,1089942.8140020354,-54.45893010234792,1089888.355071933,68.07366262795404,6.246320039116071e-05,0.0,0.0,99/96,1.8152976700782644,0.29999999999999993,180.0,False
Fixed 99/96,2025-07-15,1089942.8140020354,-63.53541845273924,1089879.2785835827,-9.076488350285217,-8.327906531047091e-06,0.0,0.0,99/96,1.8152976700782644,0.3499999999999999,180.0,False
Fixed 99/96,2025-07-16,1089942.8140020354,-18.15297670078264,1089924.6610253346,45.38244175189175,4.1639879428512216e-05,0.0,0.0,99/96,1.8152976700782644,0.09999999999999998,180.0,False
Fixed 99/96,2025-07-17,1089942.8140020354,-13.61473252558698,1089929.1992695099,4.538244175259024,4.163814562252455e-06,0.0,0.0,99/96,1.8152976700782644,0.07499999999999998,180.0,False
Fixed 99/96,2025-07-18,1095926.7078346557,-6023.705680508614,1089903.002154147,-26.197115362854674,-2.4035612019912556e-05,39.811847888418995,0.0,99/96,1.7309499081921302,34.800000000000004,190.0,False
Fixed 99/96,2025-07-21,1095926.7078346557,-5435.182711723289,1090491.5251229324,588.5229687853716,0.0005399773811267661,0.0,0.0,99/96,1.7309499081921302,31.4,190.0,False
Fixed 99/96,2025-07-22,1095926.7078346557,-5469.8017098871305,1090456.9061247685,-34.61899816384539,-3.1746233112528444e-05,0.0,0.0,99/96,1.7309499081921302,31.599999999999994,190.0,False
Fixed 99/96,2025-07-23,1095926.7078346557,-3643.6495567444335,1092283.0582779113,1826.152153142728,0.001674666961056115,0.0,0.0,99/96,1.7309499081921302,21.049999999999997,190.0,False
Fixed 99/96,2025-07-24,1095926.7078346557,-3444.590317302339,1092482.1175173533,199.05923944199458,0.00018224144184375568,0.0,0.0,99/96,1.7309499081921302,19.9,190.0,False
Fixed 99/96,2025-07-25,1095926.7078346557,-2786.8293521893293,1093139.8784824663,657.7609651130624,0.0006020793883636522,0.0,0.0,99/96,1.7309499081921302,16.099999999999998,190.0,False
Fixed 99/96,2025-07-28,1095926.7078346557,-2535.8416155014706,1093390.866219154,250.98773668776266,0.0002296025802628332,0.0,0.0,99/96,1.7309499081921302,14.649999999999999,190.0,False
Fixed 99/96,2025-07-29,1095926.7078346557,-3011.8528402543066,1092914.8549944013,-476.0112247527577,-0.00043535321124343884,0.0,0.0,99/96,1.7309499081921302,17.4,190.0,False
Fixed 99/96,2025-07-30,1095926.7078346557,-2284.8538788136116,1093641.853955842,726.9989614407532,0.0006651926800322894,0.0,0.0,99/96,1.7309499081921302,13.2,190.0,False
Fixed 99/96,2025-07-31,1095926.7078346557,-3842.708796186529,1092083.999038469,-1557.8549173730426,-0.0014244653418649111,0.0,0.0,99/96,1.7309499081921302,22.2,190.0,False
Fixed 99/96,2025-08-01,1095926.7078346557,-7694.072341914019,1088232.6354927416,-3851.3635457274504,-0.003526618418654981,0.0,0.0,99/96,1.7309499081921302,44.449999999999996,190.0,False
Fixed 99/96,2025-08-04,1095926.7078346557,-3297.459575106008,1092629.2482595497,4396.612766808132,0.0040401405208889685,0.0,0.0,99/96,1.7309499081921302,19.049999999999997,190.0,False
Fixed 99/96,2025-08-05,1095926.7078346557,-4387.958017267049,1091538.7498173886,-1090.4984421611298,-0.0009980498361161771,0.0,0.0,99/96,1.7309499081921302,25.349999999999994,190.0,False
Fixed 99/96,2025-08-06,1095926.7078346557,-2561.805864124353,1093364.9019705313,1826.152153142728,0.0016730071685024939,0.0,0.0,99/96,1.7309499081921302,14.8,190.0,False
Fixed 99/96,2025-08-07,1095926.7078346557,-2215.6158824859267,1093711.0919521698,346.1899816384539,0.00031662803608800694,0.0,0.0,99/96,1.7309499081921302,12.799999999999999,190.0,False
Fixed 99/96,2025-08-08,1095926.7078346557,-796.2369577683799,1095130.4708768872,1419.3789247174282,0.0012977640394813417,0.0,0.0,99/96,1.7309499081921302,4.6,190.0,False
Fixed 99/96,2025-08-11,1095926.7078346557,-1172.7185628001682,1094753.9892718554,-376.4816050317604,-0.0003437778557383586,0.0,0.0,99/96,1.7309499081921302,6.775,190.0,False
Fixed 99/96,2025-08-12,1095926.7078346557,-173.09499081921302,1095753.6128438364,999.6235719809774,0.0009131033837528335,0.0,0.0,99/96,1.7309499081921302,1.0,190.0,False
Fixed 99/96,2025-08-13,1095926.7078346557,-90.87487018008684,1095835.8329644755,82.2201206390746,7.503522660146089e-05,0.0,0.0,99/96,1.7309499081921302,0.525,190.0,False
Fixed 99/96,2025-08-14,1095926.7078346557,-51.928497245763914,1095874.77933741,38.94637293438427,3.5540335297401526e-05,0.0,0.0,99/96,1.7309499081921302,0.30000000000000004,190.0,False
Fixed 99/96,2025-08-15,1101639.2969123235,-5743.174028113281,1095896.1228842102,21.34354680031538,1.9476264261797382e-05,30.584950445573686,0.0,99/96,1.6991639136429826,33.8,195.0,False
Fixed 99/96,2025-08-18,1101639.2969123235,-5522.282719339693,1096117.0141929837,220.89130877354182,0.00020156226868683902,0.0,0.0,99/96,1.6991639136429826,32.5,195.0,False
Fixed 99/96,2025-08-19,1101639.2969123235,-6550.276887093696,1095089.0200252298,-1027.994167753961,-0.0009378507535628966,0.0,0.0,99/96,1.6991639136429826,38.54999999999999,195.0,False
Fixed 99/96,2025-08-20,1101639.2969123235,-7357.379746074113,1094281.9171662494,-807.1028589804191,-0.0007370203190986135,0.0,0.0,99/96,1.6991639136429826,43.3,195.0,False
Fixed 99/96,2025-08-21,1101639.2969123235,-8393.869733396334,1093245.4271789272,-1036.4899873221293,-0.0009471873482166382,0.0,0.0,99/96,1.6991639136429826,49.400000000000006,195.0,False
Fixed 99/96,2025-08-22,1101639.2969123235,-4732.171499495706,1096907.1254128278,3661.6982339005917,0.003349383535359962,0.0,0.0,99/96,1.6991639136429826,27.849999999999998,195.0,False
Fixed 99/96,2025-08-25,1101639.2969123235,-5275.903951861462,1096363.392960462,-543.7324523658026,-0.0004956959798771976,0.0,0.0,99/96,1.6991639136429826,31.050000000000004,195.0,False
Fixed 99/96,2025-08-26,1101639.2969123235,-4332.867979789606,1097306.4289325338,943.0359720718116,0.0008601490875441709,0.0,0.0,99/96,1.6991639136429826,25.5,195.0,False
Fixed 99/96,2025-08-27,1101639.2969123235,-4205.430686266382,1097433.866226057,127.43729352322407,0.00011613646850427983,0.0,0.0,99/96,1.6991639136429826,24.75,195.0,False
Fixed 99/96,2025-08-28,1101639.2969123235,-3381.3361881495357,1098257.9607241738,824.0944981167559,0.0007509286194626874,0.0,0.0,99/96,1.6991639136429826,19.900000000000002,195.0,False
Fixed 99/96,2025-08-29,1101639.2969123235,-4613.230025540697,1097026.0668867826,-1231.893837391166,-0.0011216798616044965,0.0,0.0,99/96,1.6991639136429826,27.15,195.0,False
Fixed 99/96,2025-09-02,1101639.2969123235,-5785.653125954356,1095853.6437863691,-1172.4231004135218,-0.0010687285706352245,0.0,0.0,99/96,1.6991639136429826,34.050000000000004,195.0,False
Fixed 99/96,2025-09-03,1101639.2969123235,-4842.6171538825,1096796.679758441,943.0359720718116,0.0008605491959796652,0.0,0.0,99/96,1.6991639136429826,28.5,195.0,False
Fixed 99/96,2025-09-04,1101639.2969123235,-2914.0661118977146,1098725.2308004256,1928.5510419846978,0.001758348723675418,0.0,0.0,99/96,1.6991639136429826,17.15,195.0,False
Fixed 99/96,2025-09-05,1101639.2969123235,-3304.8738120356006,1098334.4231002878,-390.8077001378406,-0.0003556919320520935,0.0,0.0,99/96,1.6991639136429826,19.45,195.0,False
Fixed 99/96,2025-09-08,1101639.2969123235,-2455.29185521411,1099184.0050571093,849.5819568214938,0.000773518464825429,0.0,0.0,99/96,1.6991639136429826,14.450000000000003,195.0,False
Fixed 99/96,2025-09-09,1101639.2969123235,-1894.5677637119256,1099744.7291486114,560.7240915021393,0.0005101275936716387,0.0,0.0,99/96,1.6991639136429826,11.15,195.0,False
Fixed 99/96,2025-09-10,1101639.2969123235,-1673.6764549383377,1099965.6204573852,220.89130877377465,0.00020085689243964922,0.0,0.0,99/96,1.6991639136429826,9.85,195.0,False
Fixed 99/96,2025-09-11,1101639.2969123235,-645.6822871843333,1100993.6146251392,1027.994167753961,0.0009345693616555906,0.0,0.0,99/96,1.6991639136429826,3.8,195.0,False
Fixed 99/96,2025-09-12,1101639.2969123235,-594.7073697750438,1101044.5895425484,50.97491740924306,4.62990127572116e-05,0.0,0.0,99/96,1.6991639136429826,3.5,195.0,False
Fixed 99/96,2025-09-15,1101639.2969123235,-416.29515884253084,1101223.0017534809,178.41221093246713,0.00016203904240308376,0.0,0.0,99/96,1.6991639136429826,2.4500000000000006,195.0,False
Fixed 99/96,2025-09-16,1101639.2969123235,-416.2951588425306,1101223.0017534809,0.0,0.0,0.0,0.0,99/96,1.6991639136429826,2.4499999999999993,195.0,False
Fixed 99/96,2025-09-17,1101639.2969123235,-225.13921855769516,1101414.1576937658,191.15594028495252,0.0001735851321491566,0.0,0.0,99/96,1.6991639136429826,1.325,195.0,False
Fixed 99/96,2025-09-18,1101639.2969123235,-97.70192503447149,1101541.594987289,127.43729352322407,0.00011570333705357427,0.0,0.0,99/96,1.6991639136429826,0.575,195.0,False
Fixed 99/96,2025-09-19,1107138.9308096783,-5537.653608698197,1101601.27720098,59.682213691063225,5.41806264626743e-05,38.019711343301054,0.0,99/96,1.653030927969611,33.5,200.0,False
Fixed 99/96,2025-09-22,1107138.9308096783,-4926.032165349441,1102212.8986443288,611.6214433487039,0.0005552112692741584,0.0,0.0,99/96,1.653030927969611,29.800000000000004,200.0,False
Fixed 99/96,2025-09-23,1107138.9308096783,-5826.934021092878,1101311.9967885853,-900.9018557434902,-0.0008173573878981211,0.0,0.0,99/96,1.653030927969611,35.24999999999999,200.0,False
Fixed 99/96,2025-09-24,1107138.9308096783,-6157.540206686801,1100981.3906029915,-330.6061855938751,-0.0003001930302747313,0.0,0.0,99/96,1.653030927969611,37.25,200.0,False
Fixed 99/96,2025-09-25,1107138.9308096783,-7496.4952583421855,1099642.435551336,-1338.9550516554154,-0.0012161468514214624,0.0,0.0,99/96,1.653030927969611,45.35,200.0,False
Fixed 99/96,2025-09-26,1107138.9308096783,-5479.79752621926,1101659.133283459,2016.6977321230806,0.0018339577183668077,0.0,0.0,99/96,1.653030927969611,33.15,200.0,False
Fixed 99/96,2025-09-29,1107138.9308096783,-4868.176082870505,1102270.7547268078,611.6214433487039,0.0005551821111180466,0.0,0.0,99/96,1.653030927969611,29.450000000000003,200.0,False
Fixed 99/96,2025-09-30,1107138.9308096783,-4322.675876640533,1102816.2549330378,545.5002062299754,0.00049488767064787,0.0,0.0,99/96,1.653030927969611,26.15,200.0,False
Fixed 99/96,2025-10-01,1107138.9308096783,-3355.652783778309,1103783.2780259,967.0230928622186,0.0008768669200662771,0.0,0.0,99/96,1.653030927969611,20.299999999999994,200.0,False
Fixed 99/96,2025-10-02,1107138.9308096783,-3066.372371383628,1104072.5584382946,289.2804123945534,0.00026208080712364357,0.0,0.0,99/96,1.653030927969611,18.549999999999997,200.0,False
Fixed 99/96,2025-10-03,1107138.9308096783,-2901.069278586667,1104237.8615310916,165.30309279705398,0.00014972122215484163,0.0,0.0,99/96,1.653030927969611,17.55,200.0,False
Fixed 99/96,2025-10-06,1107138.9308096783,-1958.8416496439888,1105180.0891600342,942.227628942579,0.0008532832116769917,0.0,0.0,99/96,1.653030927969611,11.85,200.0,False
Fixed 99/96,2025-10-07,1107138.9308096783,-2529.1373197935045,1104609.7934898848,-570.2956701493822,-0.0005160205795806672,0.0,0.0,99/96,1.653030927969611,15.299999999999997,200.0,False
Fixed 99/96,2025-10-08,1107138.9308096783,-1289.3641238162966,1105849.566685862,1239.77319597709,0.0011223630310754906,0.0,0.0,99/96,1.653030927969611,7.800000000000001,200.0,False
Fixed 99/96,2025-10-09,1107138.9308096783,-1578.6445362109782,1105560.2862734674,-289.2804123945534,-0.00026159110706303057,0.0,0.0,99/96,1.653030927969611,9.549999999999999,200.0,False
Fixed 99/96,2025-10-10,1107138.9308096783,-9513.19299046511,1097625.7378192132,-7934.548454254167,-0.0071769477908791846,0.0,0.0,99/96,1.653030927969611,57.55,200.0,False
Fixed 99/96,2025-10-13,1107138.9308096783,-3446.5694848166386,1103692.3613248616,6066.623505648458,0.005527041956670642,0.0,0.0,99/96,1.653030927969611,20.849999999999998,200.0,False
Fixed 99/96,2025-10-14,1107138.9308096783,-4016.865154966155,1103122.065654712,-570.295670149615,-0.0005167161521939523,0.0,0.0,99/96,1.653030927969611,24.3,200.0,False
Fixed 99/96,2025-10-15,1107138.9308096783,-2091.084123881558,1105047.8466857967,1925.7810310847126,0.0017457551535258187,0.0,0.0,99/96,1.653030927969611,12.65,200.0,False
Fixed 99/96,2025-10-16,1107138.9308096783,-4165.637938483419,1102973.292871195,-2074.5538146018516,-0.001877342977341434,0.0,0.0,99/96,1.653030927969611,25.199999999999996,200.0,False
Fixed 99/96,2025-10-17,1113879.1109718746,-6795.005389051823,1107084.1055828228,4110.812711627921,0.003727028331689697,54.825226855430344,0.0,99/96,1.6613705107706165,40.90000000000001,200.0,False
Fixed 99/96,2025-10-20,1113879.1109718746,-4793.053923573228,1109086.0570483014,2001.9514654786326,0.0018083101865369322,0.0,0.0,99/96,1.6613705107706165,28.849999999999994,200.0,False
Fixed 99/96,2025-10-21,1113879.1109718746,-4859.508744004053,1109019.6022278706,-66.45482043083757,-5.9918542847481326e-05,0.0,0.0,99/96,1.6613705107706165,29.25,200.0,False
Fixed 99/96,2025-10-22,1113879.1109718746,-5532.363800866151,1108346.7471710085,-672.855056862114,-0.0006067115996060135,0.0,0.0,99/96,1.6613705107706165,33.29999999999999,200.0,False
Fixed 99/96,2025-10-23,1113879.1109718746,-4568.7689046191945,1109310.3420672554,963.594896246912,0.0008693984068672833,0.0,0.0,99/96,1.6613705107706165,27.499999999999996,200.0,False
Fixed 99/96,2025-10-24,1113879.1109718746,-3430.7301047413216,1110448.3808671331,1138.0387998777442,0.0010258975840402584,0.0,0.0,99/96,1.6613705107706165,20.64999999999999,200.0,False
Fixed 99/96,2025-10-27,1113879.1109718746,-2201.3159267710676,1111677.7950451034,1229.4141779702622,0.0011071331177143762,0.0,0.0,99/96,1.6613705107706165,13.250000000000004,200.0,False
Fixed 99/96,2025-10-28,1113879.1109718746,-2217.9296318787724,1111661.1813399957,-16.613705107709393,-1.4944712561248963e-05,0.0,0.0,99/96,1.6613705107706165,13.349999999999998,200.0,False
Fixed 99/96,2025-10-29,1113879.1109718746,-2425.6009457251007,1111453.5100261495,-207.671313846251,-0.00018681169886303195,0.0,0.0,99/96,1.6613705107706165,14.600000000000003,200.0,False
Fixed 99/96,2025-10-30,1113879.1109718746,-2857.557278525461,1111021.553693349,-431.9563328004442,-0.00038864093630897045,0.0,0.0,99/96,1.6613705107706165,17.200000000000003,200.0,False
Fixed 99/96,2025-10-31,1113879.1109718746,-2832.6367208639012,1111046.4742510107,24.920557661680505,2.2430309815968386e-05,0.0,0.0,99/96,1.6613705107706165,17.05,200.0,False
Fixed 99/96,2025-11-03,1113879.1109718746,-2284.3844523095977,1111594.7265195649,548.2522685541771,0.0004934557475859691,0.0,0.0,99/96,1.6613705107706165,13.75,200.0,False
Fixed 99/96,2025-11-04,1113879.1109718746,-3804.5384696647125,1110074.5725022098,-1520.1540173550602,-0.001367543387071235,0.0,0.0,99/96,1.6613705107706165,22.900000000000006,200.0,False
Fixed 99/96,2025-11-05,1113879.1109718746,-2982.160066833257,1110896.9509050413,822.3784028314985,0.0007408316731170039,0.0,0.0,99/96,1.6613705107706165,17.950000000000003,200.0,False
Fixed 99/96,2025-11-06,1113879.1109718746,-4535.541494403784,1109343.5694774708,-1553.381427570479,-0.0013983128014753987,0.0,0.0,99/96,1.6613705107706165,27.300000000000004,200.0,False
Fixed 99/96,2025-11-07,1113879.1109718746,-4236.494802465072,1109642.6161694096,299.0466919387691,0.00026957085267964587,0.0,0.0,99/96,1.6613705107706165,25.5,200.0,False
Fixed 99/96,2025-11-10,1113879.1109718746,-1520.154017355114,1112358.9569545195,2716.3407851099037,0.002447942018022786,0.0,0.0,99/96,1.6613705107706165,9.15,200.0,False
Fixed 99/96,2025-11-11,1113879.1109718746,-1054.9702743393414,1112824.1406975351,465.18374301563017,0.00041819570931411754,0.0,0.0,99/96,1.6613705107706165,6.35,200.0,False
Fixed 99/96,2025-11-12,1113879.1109718746,-922.0606334776922,1112957.0503383968,132.90964086167514,0.00011943454136287279,0.0,0.0,99/96,1.6613705107706165,5.550000000000001,200.0,False
Fixed 99/96,2025-11-13,1113879.1109718746,-2774.4887529869293,1111104.6222188876,-1852.428119509248,-0.0016644201309888862,0.0,0.0,99/96,1.6613705107706165,16.7,200.0,False
Fixed 99/96,2025-11-14,1113879.1109718746,-2840.943573417754,1111038.1673984567,-66.45482043083757,-5.9809687676493084e-05,0.0,0.0,99/96,1.6613705107706165,17.1,200.0,False
Fixed 99/96,2025-11-17,1113879.1109718746,-4543.848346957636,1109335.2626249169,-1702.9047735398635,-0.001532714917910738,0.0,0.0,99/96,1.6613705107706165,27.349999999999998,200.0,False
Fixed 99/96,2025-11-18,1113879.1109718746,-7268.495984621447,1106610.6149872532,-2724.647637663642,-0.0024561083826151187,0.0,0.0,99/96,1.6613705107706165,43.75,200.0,False
Fixed 99/96,2025-11-19,1113879.1109718746,-5125.328025727351,1108753.7829461473,2143.167958894046,0.001936695645124109,0.0,0.0,99/96,1.6613705107706165,30.849999999999998,200.0,False
Fixed 99/96,2025-11-20,1113879.1109718746,-10699.226089362768,1103179.8848825118,-5573.898063635454,-0.005027173886004377,0.0,0.0,99/96,1.6613705107706165,64.39999999999999,200.0,False
Fixed 99/96,2025-11-21,1121258.5920826893,-7464.671143068997,1113793.9209396204,10614.036057108548,0.009621310361581648,85.19003225423221,0.0,99/96,1.6869313317670047,44.25,195.0,False
Fixed 99/96,2025-11-24,1121258.5920826893,-4782.45032555946,1116476.14175713,2682.220817509573,0.002408184105769484,0.0,0.0,99/96,1.6869313317670047,28.35000000000001,195.0,False
Fixed 99/96,2025-11-25,1121258.5920826893,-3323.2547235810002,1117935.3373591083,1459.1956019783393,0.001306965323667253,0.0,0.0,99/96,1.6869313317670047,19.700000000000003,195.0,False
Fixed 99/96,2025-11-26,1121258.5920826893,-2488.223714356332,1118770.368368333,835.0310092247091,0.0007469403473705505,0.0,0.0,99/96,1.6869313317670047,14.749999999999998,195.0,False
Fixed 99/96,2025-11-28,1121258.5920826893,-2007.4482848027355,1119251.1437978866,480.7754295535851,0.00042973557679659713,0.0,0.0,99/96,1.6869313317670047,11.899999999999999,195.0,False
Fixed 99/96,2025-12-01,1121258.5920826893,-2243.6186712501167,1119014.9734114392,-236.1703864473384,-0.0002110075006453993,0.0,0.0,99/96,1.6869313317670047,13.3,195.0,False
Fixed 99/96,2025-12-02,1121258.5920826893,-1762.8432416965202,1119495.7488409928,480.7754295535851,0.00042964164106562563,0.0,0.0,99/96,1.6869313317670047,10.450000000000001,195.0,False
Fixed 99/96,2025-12-03,1121258.5920826893,-1290.5024688017584,1119968.0896138875,472.3407728946768,0.00042192279281416667,0.0,0.0,99/96,1.6869313317670047,7.649999999999999,195.0,False
Fixed 99/96,2025-12-04,1121258.5920826893,-1088.070708989718,1120170.5213736997,202.43175981217064,0.00018074779245003114,0.0,0.0,99/96,1.6869313317670047,6.449999999999999,195.0,False
Fixed 99/96,2025-12-05,1121258.5920826893,-792.8577259304922,1120465.7343567589,295.2129830592312,0.0002635428958595032,0.0,0.0,99/96,1.6869313317670047,4.699999999999999,195.0,False
Fixed 99/96,2025-12-08,1121258.5920826893,-910.9429191541827,1120347.649163535,-118.08519322378561,-0.0001053893837205111,0.0,0.0,99/96,1.6869313317670047,5.4,195.0,False
Fixed 99/96,2025-12-09,1121258.5920826893,-877.2042925188427,1120381.3877901705,33.73862663540058,3.0114426232463742e-05,0.0,0.0,99/96,1.6869313317670047,5.200000000000001,195.0,False
Fixed 99/96,2025-12-10,1121258.5920826893,-400.64619129466365,1120857.9458913945,476.55810122401454,0.00042535346125660567,0.0,0.0,99/96,1.6869313317670047,2.375,195.0,False
Fixed 99/96,2025-12-11,1121258.5920826893,-206.64908814145807,1121051.9429945478,193.9971031532623,0.00017307911663944076,0.0,0.0,99/96,1.6869313317670047,1.2249999999999999,195.0,False
Fixed 99/96,2025-12-12,1121258.5920826893,-312.08229637689595,1120946.5097863125,-105.43320823530667,-9.404845947968976e-05,0.0,0.0,99/96,1.6869313317670047,1.8500000000000003,195.0,False
Fixed 99/96,2025-12-15,1121258.5920826893,-181.34511816495302,1121077.2469645243,130.7371782117989,0.00011663105872616875,0.0,0.0,99/96,1.6869313317670047,1.075,195.0,False
Fixed 99/96,2025-12-16,1121258.5920826893,-139.1718348707779,1121119.4202478186,42.17328329430893,3.7618534680428084e-05,0.0,0.0,99/96,1.6869313317670047,0.825,195.0,False
Fixed 99/96,2025-12-17,1121258.5920826893,-303.6476397180609,1120954.9444429711,-164.4758048474323,-0.00014670676635952784,0.0,0.0,99/96,1.6869313317670047,1.8,195.0,False
Fixed 99/96,2025-12-18,1121258.5920826893,-50.60793995301015,1121207.9841427363,253.0396997651551,0.00022573583445040235,0.0,0.0,99/96,1.6869313317670047,0.30000000000000004,195.0,False
Fixed 99/96,2025-12-19,1126651.198699378,-5430.340097730195,1121220.8586016477,12.874458911363035,1.148266788453256e-05,37.73348104162975,0.0,99/96,1.640586132244772,33.1,205.0,False
Fixed 99/96,2025-12-22,1126651.198699378,-3888.18913342011,1122763.0095659578,1542.15096431016,0.0013754212227494733,0.0,0.0,99/96,1.640586132244772,23.700000000000003,205.0,False
Fixed 99/96,2025-12-23,1126651.198699378,-3223.7517498609777,1123427.446949517,664.4373835590668,0.0005917877396190985,0.0,0.0,99/96,1.640586132244772,19.650000000000006,205.0,False
Fixed 99/96,2025-12-24,1126651.198699378,-2665.9524648977545,1123985.2462344803,557.7992849634029,0.0004965156285596795,0.0,0.0,99/96,1.640586132244772,16.25,205.0,False
Fixed 99/96,2025-12-26,1126651.198699378,-2501.8938516732774,1124149.3048477047,164.0586132244207,0.00014596153621582175,0.0,0.0,99/96,1.640586132244772,15.25,205.0,False
Fixed 99/96,2025-12-29,1126651.198699378,-2747.981771509993,1123903.2169278678,-246.08791983686388,-0.00021891035183285723,0.0,0.0,99/96,1.640586132244772,16.75,205.0,False
Fixed 99/96,2025-12-30,1126651.198699378,-2821.8081474610085,1123829.390551917,-73.82637595082633,-6.568748522017831e-05,0.0,0.0,99/96,1.640586132244772,17.200000000000003,205.0,False
Fixed 99/96,2025-12-31,1126651.198699378,-4117.871191934377,1122533.3275074435,-1296.0630444735289,-0.0011532560505799205,0.0,0.0,99/96,1.640586132244772,25.099999999999994,205.0,False
Fixed 99/96,2026-01-02,1126651.198699378,-3576.4777682936033,1123074.7209310844,541.3934236408677,0.0004822960801020848,0.0,0.0,99/96,1.640586132244772,21.8,205.0,False
Fixed 99/96,2026-01-05,1126651.198699378,-2108.1531799345316,1124543.0455194435,1468.3245883591007,0.0013074148683016595,0.0,0.0,99/96,1.640586132244772,12.849999999999998,205.0,False
Fixed 99/96,2026-01-06,1126651.198699378,-1222.236668522355,1125428.9620308555,885.9165114120115,0.0007878013340101298,0.0,0.0,99/96,1.640586132244772,7.45,205.0,False
Fixed 99/96,2026-01-07,1126651.198699378,-1538.0494989794738,1125113.1492003985,-315.8128304569982,-0.0002806155173820102,0.0,0.0,99/96,1.640586132244772,9.375,205.0,False
Fixed 99/96,2026-01-08,1126651.198699378,-1369.8894204243845,1125281.3092789536,168.1600785551127,0.00014946059307430204,0.0,0.0,99/96,1.640586132244772,8.35,205.0,False
Fixed 99/96,2026-01-09,1126651.198699378,-418.34946372241683,1126232.8492356555,951.5399567019194,0.0008456018498268492,0.0,0.0,99/96,1.640586132244772,2.55,205.0,False
Fixed 99/96,2026-01-12,1126651.198699378,-237.88498917549194,1126413.3137102025,180.4644745469559,0.00016023726769232027,0.0,0.0,99/96,1.640586132244772,1.45,205.0,False
Fixed 99/96,2026-01-13,1126651.198699378,-233.78352384488002,1126417.4151755332,4.101465330692008,3.6411726325180638e-06,0.0,0.0,99/96,1.640586132244772,1.425,205.0,False
Fixed 99/96,2026-01-14,1126651.198699378,-225.58059318365616,1126425.6181061943,8.202930661151186,7.282318748469407e-06,0.0,0.0,99/96,1.640586132244772,1.375,205.0,False
Fixed 99/96,2026-01-15,1126651.198699378,-16.40586132244772,1126634.7928380554,209.17473186110146,0.00018569777577748248,0.0,0.0,99/96,1.640586132244772,0.1,205.0,False
Fixed 99/96,2026-01-16,1132843.7130366424,-6225.7943330473145,1126617.9187035952,-16.87413446023129,-1.4977466138543782e-05,33.27999578291042,0.0,99/96,1.6234144284347625,38.35,210.0,False
Fixed 99/96,2026-01-20,1132843.7130366424,-10901.227886939429,1121942.485149703,-4675.433553892188,-0.004149972653792133,0.0,0.0,99/96,1.6234144284347625,67.14999999999999,210.0,False
Fixed 99/96,2026-01-21,1132843.7130366424,-7946.6136271881605,1124897.0994094543,2954.6142597512808,0.0026334810374499806,0.0,0.0,99/96,1.6234144284347625,48.94999999999999,210.0,False
Fixed 99/96,2026-01-22,1132843.7130366424,-6907.628392989914,1125936.0846436524,1038.9852341981605,0.0009236269119581308,0.0,0.0,99/96,1.6234144284347625,42.55,210.0,False
Fixed 99/96,2026-01-23,1132843.7130366424,-6988.799114411652,1125854.9139222307,-81.17072142171673,-7.209176660094574e-05,0.0,0.0,99/96,1.6234144284347625,43.05,210.0,False
Fixed 99/96,2026-01-26,1132843.7130366424,-5535.843200962541,1127307.86983568,1452.955913449172,0.001290535659152825,0.0,0.0,99/96,1.6234144284347625,34.10000000000001,210.0,False
Fixed 99/96,2026-01-27,1132843.7130366424,-4764.721347456028,1128078.9916891863,771.1218535064254,0.0006840383839588071,0.0,0.0,99/96,1.6234144284347625,29.35,210.0,False
Fixed 99/96,2026-01-28,1132843.7130366424,-4675.433553892115,1128168.2794827502,89.28779356391169,7.915030261340661e-05,0.0,0.0,99/96,1.6234144284347625,28.799999999999997,210.0,False
Fixed 99/96,2026-01-29,1132843.7130366424,-5243.628603844283,1127600.0844327982,-568.1950499520171,-0.0005036438803371901,0.0,0.0,99/96,1.6234144284347625,32.300000000000004,210.0,False
Fixed 99/96,2026-01-30,1132843.7130366424,-6006.633385208621,1126837.0796514337,-763.0047813644633,-0.0006766625791343461,0.0,0.0,99/96,1.6234144284347625,37.0,210.0,False
Fixed 99/96,2026-02-02,1132843.7130366424,-4253.345802499077,1128590.3672341434,1753.2875827096868,0.0015559370687836527,0.0,0.0,99/96,1.6234144284347625,26.199999999999996,210.0,False
Fixed 99/96,2026-02-03,1132843.7130366424,-6509.8918580233985,1126333.821178619,-2256.546055524377,-0.0019994376356893273,0.0,0.0,99/96,1.6234144284347625,40.10000000000001,210.0,False
Fixed 99/96,2026-02-04,1132843.7130366424,-7337.833216525127,1125505.8798201173,-827.9413585017901,-0.0007350763538604976,0.0,0.0,99/96,1.6234144284347625,45.2,210.0,False
Fixed 99/96,2026-02-05,1132843.7130366424,-12151.256996834196,1120692.4560398082,-4813.423780309036,-0.004276675818946751,0.0,0.0,99/96,1.6234144284347625,74.85,210.0,False
Fixed 99/96,2026-02-06,1132843.7130366424,-5828.057798080798,1127015.6552385616,6323.19919875334,0.00564222518379176,0.0,0.0,99/96,1.6234144284347625,35.900000000000006,210.0,False
Fixed 99/96,2026-02-09,1132843.7130366424,-4026.0677825182115,1128817.6452541242,1801.9900155626237,0.0015989041564654638,0.0,0.0,99/96,1.6234144284347625,24.800000000000004,210.0,False
Fixed 99/96,2026-02-10,1132843.7130366424,-4440.038461769075,1128403.6745748734,-413.97067925077863,-0.00036672945447946415,0.0,0.0,99/96,1.6234144284347625,27.349999999999998,210.0,False
Fixed 99/96,2026-02-11,1132843.7130366424,-4196.526297503861,1128647.1867391386,243.5121642651502,0.00021580234959528433,0.0,0.0,99/96,1.6234144284347625,25.85,210.0,False
Fixed 99/96,2026-02-12,1132843.7130366424,-9440.154901348145,1123403.5581352944,-5243.628603844205,-0.004645941322898195,0.0,0.0,99/96,1.6234144284347625,58.150000000000006,210.0,False
Fixed 99/96,2026-02-13,1132843.7130366424,-9245.345169935972,1123598.3678667063,194.80973141198047,0.0001734102852009034,0.0,0.0,99/96,1.6234144284347625,56.95,210.0,False
Fixed 99/96,2026-02-17,1132843.7130366424,-8117.072142173813,1124726.6408944686,1128.273027762305,0.001004160436708812,0.0,0.0,99/96,1.6234144284347625,50.0,210.0,False
Fixed 99/96,2026-02-18,1132843.7130366424,-4809.3652442379835,1128034.3477924045,3307.70689793583,0.00294089850606305,0.0,0.0,99/96,1.6234144284347625,29.625,210.0,False
Fixed 99/96,2026-02-19,1132843.7130366424,-4610.496976754725,1128233.2160598878,198.86826748331077,0.00017629628731818947,0.0,0.0,99/96,1.6234144284347625,28.4,210.0,False
Fixed 99/96,2026-02-20,1139355.9771202211,-6558.171282556517,1132797.8058376645,4564.589777776739,0.0040457856698437045,45.90719897789563,0.0,99/96,1.6395428206391296,39.99999999999999,205.0,False
Fixed 99/96,2026-02-23,1139355.9771202211,-8746.960948109756,1130609.0161721113,-2188.789665553253,-0.0019321980094538782,0.0,0.0,99/96,1.6395428206391296,53.349999999999994,205.0,False
Fixed 99/96,2026-02-24,1139355.9771202211,-7189.395268502583,1132166.5818517185,1557.5656796072144,0.0013776342283919885,0.0,0.0,99/96,1.6395428206391296,43.85,205.0,False
Fixed 99/96,2026-02-25,1139355.9771202211,-5164.559885013258,1134191.417235208,2024.8353834894951,0.0017884606522988733,0.0,0.0,99/96,1.6395428206391296,31.5,205.0,False
Fixed 99/96,2026-02-26,1139355.9771202211,-6222.065004325497,1133133.9121158957,-1057.5051193123218,-0.0009323868116460909,0.0,0.0,99/96,1.6395428206391296,37.95,205.0,False
Fixed 99/96,2026-02-27,1139355.9771202211,-7222.186124915365,1132133.7909953059,-1000.1211205897853,-0.0008826151171508201,0.0,0.0,99/96,1.6395428206391296,44.05,205.0,False
Fixed 99/96,2026-03-02,1139355.9771202211,-7336.954122360103,1132019.022997861,-114.76799744484015,-0.00010137317546532465,0.0,0.0,99/96,1.6395428206391296,44.749999999999986,205.0,False
Fixed 99/96,2026-03-03,1139355.9771202211,-9443.766646881386,1129912.2104733398,-2106.8125245212577,-0.001861110530582688,0.0,0.0,99/96,1.6395428206391296,57.599999999999994,205.0,False
Fixed 99/96,2026-03-04,1139355.9771202211,-7181.197554399386,1132174.7795658216,2262.5690924818628,0.0020024291015794393,0.0,0.0,99/96,1.6395428206391296,43.79999999999999,205.0,False
Fixed 99/96,2026-03-05,1139355.9771202211,-8927.310658380058,1130428.666461841,-1746.1131039806642,-0.0015422646180568433,0.0,0.0,99/96,1.6395428206391296,54.44999999999999,205.0,False
Fixed 99/96,2026-03-06,1139355.9771202211,-12263.780298380689,1127092.1968218405,-3336.4696400004905,-0.002951508342798337,0.0,0.0,99/96,1.6395428206391296,74.8,205.0,False
Fixed 99/96,2026-03-09,1139355.9771202211,-10542.260336709604,1128813.7167835115,1721.5199616709724,0.0015273994146400849,0.0,0.0,99/96,1.6395428206391296,64.3,205.0,False
Fixed 99/96,2026-03-10,1139355.9771202211,-10083.188346930647,1129272.7887732906,459.07198977912776,0.00040668533962118225,0.0,0.0,99/96,1.6395428206391296,61.5,205.0,False
Fixed 99/96,2026-03-11,1139355.9771202211,-11411.218031648343,1127944.7590885728,-1328.029684717767,-0.0011760043258992603,0.0,0.0,99/96,1.6395428206391296,69.60000000000001,205.0,False
Fixed 99/96,2026-03-12,1139355.9771202211,-17100.43161926612,1122255.545500955,-5689.213587617734,-0.005043876077951648,0.0,0.0,99/96,1.6395428206391296,104.3,205.0,False
Fixed 99/96,2026-03-13,1139355.9771202211,-20305.73783361562,1119050.2392866055,-3205.306214349577,-0.002856128648416556,0.0,0.0,99/96,1.6395428206391296,123.85000000000001,205.0,False
Fixed 99/96,2026-03-16,1139355.9771202211,-16879.093338479837,1122476.8837817414,3426.6444951358717,0.0030621006768385417,0.0,0.0,99/96,1.6395428206391296,102.94999999999999,205.0,False
Fixed 99/96,2026-03-17,1139355.9771202211,-16362.637349978515,1122993.3397702426,516.4559885011986,0.00046010389698292187,0.0,0.0,99/96,1.6395428206391296,99.80000000000001,205.0,False
Fixed 99/96,2026-03-18,1139355.9771202211,-27183.61996619677,1112172.3571540243,-10820.982616218273,-0.009635838640354,0.0,0.0,99/96,1.6395428206391296,165.8,205.0,False
Fixed 99/96,2026-03-19,1139355.9771202211,-29806.88847921937,1109549.0886410018,-2623.2685130224563,-0.0023586888274540474,0.0,0.0,99/96,1.6395428206391296,181.79999999999998,205.0,False
Fixed 99/96,2026-03-20,1114186.529730234,-8548.245938910599,1105638.2837913234,-3910.8048496784177,-0.0035246794303336326,107.06550579550206,-33610.62782310216,99/96,1.6994524729444527,50.30000000000001,195.0,False
Fixed 99/96,2026-03-23,1114186.529730234,-6789.312629413089,1107397.217100821,1758.9333094975445,0.0015908759087701618,0.0,0.0,99/96,1.6994524729444527,39.95,195.0,False
Fixed 99/96,2026-03-24,1114186.529730234,-7214.175747649202,1106972.3539825848,-424.863118236186,-0.00038365918902028007,0.0,0.0,99/96,1.6994524729444527,42.45,195.0,False
Fixed 99/96,2026-03-25,1114186.529730234,-6466.4166595536435,1107720.1130706805,747.7590880957432,0.0006754993342024118,0.0,0.0,99/96,1.6994524729444527,38.050000000000004,195.0,False
Fixed 99/96,2026-03-26,1114186.529730234,-8820.15833458171,1105366.3713956524,-2353.741675028112,-0.0021248523406363073,0.0,0.0,99/96,1.6994524729444527,51.900000000000006,195.0,False
Fixed 99/96,2026-03-27,1114186.529730234,-13374.690962072846,1100811.8387681611,-4554.53262749128,-0.004120382838986414,0.0,0.0,99/96,1.6994524729444527,78.70000000000002,195.0,False
Fixed 99/96,2026-03-30,1114186.529730234,-14275.400772733403,1099911.1289575007,-900.7098106604535,-0.0008182232230244946,0.0,0.0,99/96,1.6994524729444527,84.0,195.0,False
Fixed 99/96,2026-03-31,1114186.529730234,-7477.590880955593,1106708.9388492785,6797.809891777812,0.006180326494396704,0.0,0.0,99/96,1.6994524729444527,44.00000000000001,195.0,False
Fixed 99/96,2026-04-01,1114186.529730234,-5871.6082940230835,1108314.921436211,1605.9825869326014,0.001451133654529313,0.0,0.0,99/96,1.6994524729444527,34.55,195.0,False
Fixed 99/96,2026-04-02,1114186.529730234,-5540.215061798915,1108646.3146684351,331.39323222404346,0.00029900637969815236,0.0,0.0,99/96,1.6994524729444527,32.599999999999994,195.0,False
Fixed 99/96,2026-04-06,1114186.529730234,-4461.062741479188,1109725.466988755,1079.1523203197867,0.0009733963898508335,0.0,0.0,99/96,1.6994524729444527,26.249999999999996,195.0,False
Fixed 99/96,2026-04-07,1114186.529730234,-4529.040840396967,1109657.4888898372,-67.9780989177525,-6.125668098999615e-05,0.0,0.0,99/96,1.6994524729444527,26.650000000000002,195.0,False
Fixed 99/96,2026-04-08,1114186.529730234,-1113.1413697786165,1113073.3883604554,3415.8994706182275,0.0030783367884406054,0.0,0.0,99/96,1.6994524729444527,6.550000000000001,195.0,False
Fixed 99/96,2026-04-09,1114186.529730234,-420.6144870537521,1113765.9152431802,692.5268827248365,0.0006221754018798098,0.0,0.0,99/96,1.6994524729444527,2.4750000000000005,195.0,False
Fixed 99/96,2026-04-10,1114186.529730234,-301.65281394764037,1113884.8769162865,118.96167310629971,0.00010681030140902159,0.0,0.0,99/96,1.6994524729444527,1.7750000000000001,195.0,False
Fixed 99/96,2026-04-13,1114186.529730234,-135.95619783555622,1114050.5735323986,165.69661611202173,0.00014875560261740084,0.0,0.0,99/96,1.6994524729444527,0.8,195.0,False
Fixed 99/96,2026-04-14,1114186.529730234,-59.48083655305583,1114127.048893681,76.47536128247157,6.864622046731661e-05,0.0,0.0,99/96,1.6994524729444527,0.3499999999999999,195.0,False
Fixed 99/96,2026-04-15,1114186.529730234,-33.98904945888905,1114152.5406807752,25.49178709415719,2.288050282905907e-05,0.0,0.0,99/96,1.6994524729444527,0.19999999999999996,195.0,False
Fixed 99/96,2026-04-16,1114186.529730234,-8.497262364722264,1114178.0324678693,25.49178709415719,2.2879979323597865e-05,0.0,0.0,99/96,1.6994524729444527,0.05,195.0,False
Fixed 99/96,2026-04-17,1120752.6073286952,-6621.583195495412,1114131.0241331998,-47.00833466951735,-4.219104424940667e-05,55.50559703425905,0.0,99/96,1.5635379446270155,42.35000000000001,215.0,False
Fixed 99/96,2026-04-20,1120752.6073286952,-7168.821476114866,1113583.7858525803,-547.2382806194946,-0.0004911794652207035,0.0,0.0,99/96,1.5635379446270155,45.849999999999994,215.0,False
Fixed 99/96,2026-04-21,1120752.6073286952,-7747.330515626864,1113005.2768130684,-578.5090395119041,-0.0005195020319633814,0.0,0.0,99/96,1.5635379446270155,49.55000000000001,215.0,False
Fixed 99/96,2026-04-22,1120752.6073286952,-6512.135539371521,1114240.4717893237,1235.1949762552977,0.0011097835760420782,0.0,0.0,99/96,1.5635379446270155,41.650000000000006,215.0,False
Fixed 99/96,2026-04-23,1120752.6073286952,-7348.628339746973,1113403.9789889483,-836.4928003754467,-0.0007507291482888867,0.0,0.0,99/96,1.5635379446270155,47.0,215.0,False
Fixed 99/96,2026-04-24,1120752.6073286952,-5777.272705396822,1114975.3346232984,1571.3556343500968,0.0014113077229855886,0.0,0.0,99/96,1.5635379446270155,36.949999999999996,215.0,False
Fixed 99/96,2026-04-27,1120752.6073286952,-5065.86294059153,1115686.7443881037,711.409764805343,0.0006380497780658079,0.0,0.0,99/96,1.5635379446270155,32.4,215.0,False
Fixed 99/96,2026-04-28,1120752.6073286952,-5761.637325950553,1114990.9700027446,-695.7743853591383,-0.0006236287998032664,0.0,0.0,99/96,1.5635379446270155,36.85,215.0,False
Fixed 99/96,2026-04-29,1120752.6073286952,-6785.754679681247,1113966.852649014,-1024.1173537306022,-0.000918498338805418,0.0,0.0,99/96,1.5635379446270155,43.39999999999999,215.0,False
Fixed 99/96,2026-04-30,1120752.6073286952,-3236.523545377923,1117516.0837833174,3549.23113430338,0.0031861191613227202,0.0,0.0,99/96,1.5635379446270155,20.700000000000003,215.0,False
Fixed 99/96,2026-05-01,1120752.6073286952,-2869.0921283905736,1117883.5152003046,367.43141698720865,0.00032879295637822104,0.0,0.0,99/96,1.5635379446270155,18.35,215.0,False
Fixed 99/96,2026-05-04,1120752.6073286952,-3486.689616518245,1117265.917712177,-617.5974881276488,-0.0005524703421510013,0.0,0.0,99/96,1.5635379446270155,22.300000000000004,215.0,False
Fixed 99/96,2026-05-05,1120752.6073286952,-1672.9856007509065,1119079.6217279444,1813.7040157674346,0.0016233413970787591,0.0,0.0,99/96,1.5635379446270155,10.7,215.0,False
Fixed 99/96,2026-05-06,1120752.6073286952,-711.4097648052921,1120041.19756389,961.5758359455504,0.0008592559611271255,0.0,0.0,99/96,1.5635379446270155,4.55,215.0,False
Fixed 99/96,2026-05-07,1120752.6073286952,-621.5063329892387,1120131.100995706,89.90343181602657,8.026796872440123e-05,0.0,0.0,99/96,1.5635379446270155,3.9749999999999996,215.0,False
Fixed 99/96,2026-05-08,1120752.6073286952,-285.3456748944304,1120467.2616538007,336.16065809479915,0.00030010831571058993,0.0,0.0,99/96,1.5635379446270155,1.8250000000000002,215.0,False
Fixed 99/96,2026-05-11,1120752.6073286952,-203.25993280151206,1120549.3473958937,82.08574209292419,7.32602771202906e-05,0.0,0.0,99/96,1.5635379446270155,1.3000000000000003,215.0,False
Fixed 99/96,2026-05-12,1120752.6073286952,-109.44765612389108,1120643.1596725713,93.81227667769417,8.371989765176835e-05,0.0,0.0,99/96,1.5635379446270155,0.7,215.0,False
Fixed 99/96,2026-05-13,1120752.6073286952,-39.08844861567539,1120713.5188800795,70.35920750815421,6.278466691278517e-05,0.0,0.0,99/96,1.5635379446270155,0.25,215.0,False
Fixed 99/96,2026-05-14,1120752.6073286952,-3.908844861567538,1120748.6984838336,35.17960375407711,3.1390362623007206e-05,0.0,0.0,99/96,1.5635379446270155,0.024999999999999994,215.0,False
Fixed 99/96,2026-05-15,1128406.5829199478,-7707.679738597153,1120698.9031813506,-49.79530248302035,-4.443039064006005e-05,53.70414734449166,0.0,99/96,1.5127928829435044,50.94999999999999,225.0,False
Fixed 99/96,2026-05-18,1128406.5829199478,-7359.73737552015,1121046.8455444276,347.94236307707615,0.00031046908504084314,0.0,0.0,99/96,1.5127928829435044,48.650000000000006,225.0,False
Fixed 99/96,2026-05-19,1128406.5829199478,-8554.843753045514,1119851.7391669024,-1195.106377525255,-0.0010660628342831213,0.0,0.0,99/96,1.5127928829435044,56.54999999999998,225.0,False
Fixed 99/96,2026-05-20,1128406.5829199478,-6542.829218730659,1121863.7537012172,2012.0145343148615,0.0017966793852655094,0.0,0.0,99/96,1.5127928829435044,43.250000000000014,225.0,False
Fixed 99/96,2026-05-21,1128406.5829199478,-5748.612955185316,1122657.9699647625,794.2162635452114,0.0007079435991446115,0.0,0.0,99/96,1.5127928829435044,38.0,225.0,False
Fixed 99/96,2026-05-22,1128406.5829199478,-5052.728229031305,1123353.8546909166,695.8847261541523,0.0006198546171423125,0.0,0.0,99/96,1.5127928829435044,33.400000000000006,225.0,False
Fixed 99/96,2026-05-26,1128406.5829199478,-3971.081317726699,1124435.501602221,1081.646911304444,0.0009628728354718064,0.0,0.0,99/96,1.5127928829435044,26.25,225.0,False
Fixed 99/96,2026-05-27,1128406.5829199478,-3464.295701940625,1124942.2872180073,506.78561578621157,0.0004507022546549333,0.0,0.0,99/96,1.5127928829435044,22.9,225.0,False
Fixed 99/96,2026-05-28,1128406.5829199478,-2435.5965415390415,1125970.9863784087,1028.6991604014765,0.0009144461650076874,0.0,0.0,99/96,1.5127928829435044,16.099999999999998,225.0,False
Fixed 99/96,2026-05-29,1128406.5829199478,-2201.113644682799,1126205.469275265,234.48289685626514,0.00020824950171260959,0.0,0.0,99/96,1.5127928829435044,14.55,225.0,False
Fixed 99/96,2026-06-01,1128406.5829199478,-1883.4271392646629,1126523.155780683,317.686505418038,0.00028208574197607916,0.0,0.0,99/96,1.5127928829435044,12.45,225.0,False
Fixed 99/96,2026-06-02,1128406.5829199478,-1565.7406338465273,1126840.8422861013,317.6865054182708,0.0002820061920503214,0.0,0.0,99/96,1.5127928829435044,10.350000000000001,225.0,False
Fixed 99/96,2026-06-03,1128406.5829199478,-2238.933466756386,1126167.6494531913,-673.1928329099901,-0.0005974160747885815,0.0,0.0,99/96,1.5127928829435044,14.799999999999999,225.0,False
Fixed 99/96,2026-06-04,1128406.5829199478,-1550.612705017092,1126855.9702149306,688.3207617392763,0.0006112062995891065,0.0,0.0,99/96,1.5127928829435044,10.25,225.0,False
Fixed 99/96,2026-06-05,1128406.5829199478,-7571.528379132239,1120835.0545408155,-6020.9156741150655,-0.005343110240580873,0.0,0.0,99/96,1.5127928829435044,50.05,225.0,False
Fixed 99/96,2026-06-08,1128406.5829199478,-5650.281417793989,1122756.3015021537,1921.2469613382127,0.0017141210506885773,0.0,0.0,99/96,1.5127928829435044,37.35,225.0,False
Fixed 99/96,2026-06-09,1128406.5829199478,-6784.876080001616,1121621.706839946,-1134.5946622076444,-0.0010105440162657686,0.0,0.0,99/96,1.5127928829435044,44.849999999999994,225.0,False
Fixed 99/96,2026-06-10,1128406.5829199478,-12412.465604551453,1115994.1173153964,-5627.589524549665,-0.00501736859248636,0.0,0.0,99/96,1.5127928829435044,82.05,225.0,False
Fixed 99/96,2026-06-11,1128406.5829199478,-5778.868812844186,1122627.7141071036,6633.596791707212,0.0059441144794425416,0.0,0.0,99/96,1.5127928829435044,38.199999999999996,225.0,False
Fixed 99/96,2026-06-12,1128406.5829199478,-3131.4812676930546,1125275.1016522548,2647.3875451511703,0.0023582061193427872,0.0,0.0,99/96,1.5127928829435044,20.700000000000003,225.0,False
Fixed 99/96,2026-06-15,1128406.5829199478,-571.079313311173,1127835.5036066365,2560.4019543817267,0.0022753564445017194,0.0,0.0,99/96,1.5127928829435044,3.7750000000000004,225.0,False
Fixed 99/96,2026-06-16,1128406.5829199478,-688.3207617392945,1127718.2621582085,-117.24144842801616,-0.00010395261370399478,0.0,0.0,99/96,1.5127928829435044,4.550000000000001,225.0,False
Fixed 99/96,2026-06-17,1128406.5829199478,-1278.309986087261,1127128.2729338605,-589.9892243479844,-0.0005231707636079719,0.0,0.0,99/96,1.5127928829435044,8.45,225.0,False
Fixed 99/96,2026-06-18,1134589.0205503833,-6220.800487127635,1128368.2200632556,1239.947129395092,0.0011000940701872963,38.362856692080946,0.0,99/96,1.5044257526306253,41.349999999999994,225.0,False
Fixed 99/96,2026-06-22,1134589.0205503833,-6867.703560758803,1127721.3169896244,-646.903073631227,-0.0005733084839937286,0.0,0.0,99/96,1.5044257526306253,45.64999999999999,225.0,False
Fixed 99/96,2026-06-23,1134589.0205503833,-10523.458139651222,1124065.562410732,-3655.7545788923744,-0.0032417180768127274,0.0,0.0,99/96,1.5044257526306253,69.94999999999999,225.0,False
Fixed 99/96,2026-06-24,1134589.0205503833,-9613.280559309696,1124975.7399910735,910.1775803414639,0.0008097192999929614,0.0,0.0,99/96,1.5044257526306253,63.9,225.0,False
Fixed 99/96,2026-06-25,1134589.0205503833,-10598.679427282754,1123990.3411231006,-985.3988679728936,-0.0008759289937938508,0.0,0.0,99/96,1.5044257526306253,70.44999999999999,225.0,False
Fixed 99/96,2026-06-26,1134589.0205503833,-11636.73319659789,1122952.2873537855,-1038.0537693151273,-0.0009235433182440689,0.0,0.0,99/96,1.5044257526306253,77.35000000000002,225.0,False
Fixed 99/96,2026-06-29,1134589.0205503833,-7740.270497284568,1126848.7500530987,3896.4626993131824,0.003469838160706784,0.0,0.0,99/96,1.5044257526306253,51.45,225.0,False
Fixed 99/96,2026-06-30,1134589.0205503833,-5453.543353286017,1129135.4771970971,2286.7271439984906,0.00202931151486907,0.0,0.0,99/96,1.5044257526306253,36.25,225.0,False
Fixed 99/96,2026-07-01,1134589.0205503833,-5498.676125864937,1129090.3444245183,-45.13277257885784,-3.997108716391473e-05,0.0,0.0,99/96,1.5044257526306253,36.550000000000004,225.0,False
Fixed 99/96,2026-07-02,1134589.0205503833,-5603.985928549079,1128985.0346218343,-105.30980268400162,-9.326959813626967e-05,0.0,0.0,99/96,1.5044257526306253,37.25,225.0,False
Fixed 99/96,2026-07-06,1134589.0205503833,-2489.8246206036856,1132099.1959297797,3114.161307945382,0.0027583725314732632,0.0,0.0,99/96,1.5044257526306253,16.550000000000004,225.0,False
Fixed 99/96,2026-07-07,1134589.0205503833,-3670.798836418726,1130918.2217139646,-1180.9742158150766,-0.001043172029501438,0.0,0.0,99/96,1.5044257526306253,24.4,225.0,False
Fixed 99/96,2026-07-08,1134589.0205503833,-4738.9411207864705,1129850.079429597,-1068.1422843676992,-0.0009444911788130117,0.0,0.0,99/96,1.5044257526306253,31.500000000000004,225.0,False
Fixed 99/96,2026-07-09,1134589.0205503833,-1963.2756071829663,1132625.7449432004,2775.6655136034824,0.002456667096049303,0.0,0.0,99/96,1.5044257526306253,13.05,225.0,False
Fixed 99/96,2026-07-10,1134589.0205503833,-902.655451578375,1133686.365098805,1060.6201556045562,0.0009364259644810691,0.0,0.0,99/96,1.5044257526306253,5.999999999999999,225.0,False
Fixed 99/96,2026-07-13,1134589.0205503833,-2410.842268590577,1132178.1782817927,-1508.1868170122616,-0.0013303386751774005,0.0,0.0,99/96,1.5044257526306253,16.025,225.0,False
Fixed 99/96,2026-07-14,1134589.0205503833,-887.6111940520689,1133701.4093563312,1523.2310745385475,0.0013453987223550623,0.0,0.0,99/96,1.5044257526306253,5.8999999999999995,225.0,False
Fixed 99/96,2026-07-15,1134589.0205503833,-282.0798286182422,1134306.940721765,605.5313654337078,0.0005341189138836633,0.0,0.0,99/96,1.5044257526306253,1.8749999999999996,225.0,False
Fixed 99/96,2026-07-16,1134589.0205503833,-338.49579434189076,1134250.5247560414,-56.4159657235723,-4.973606675429121e-05,0.0,0.0,99/96,1.5044257526306253,2.2500000000000004,225.0,False
Fixed 99/96,2026-07-17,1141841.3814067047,-7302.565997554621,1134538.81540915,288.29065310861915,0.00025416841060810214,50.205141233188016,0.0,99/96,1.5213679161572127,48.0,225.0,False
Fixed 99/96,2026-07-20,1141841.3814067047,-7294.959157973835,1134546.422248731,7.606839580927044,6.704785660671675e-06,0.0,0.0,99/96,1.5213679161572127,47.95,225.0,False
Fixed 99/96,2026-07-21,1141841.3814067047,-5598.633931458544,1136242.7474752462,1696.3252265152987,0.001495157177573203,0.0,0.0,99/96,1.5213679161572127,36.800000000000004,225.0,False
Fixed 99/96,2026-07-22,1141841.3814067047,-5203.078273257666,1136638.303133447,395.5556582007557,0.0003481260136355413,0.0,0.0,99/96,1.5213679161572127,34.19999999999999,225.0,False
Fixed 99/96,2026-07-23,1141841.3814067047,-7873.078966113576,1133968.3024405912,-2670.0006928557996,-0.0023490328326040144,0.0,0.0,99/96,1.5213679161572127,51.75,225.0,False
Fixed 99/96,2026-07-24,1141841.3814067047,-7979.57472024458,1133861.80668646,-106.49575413111597,-9.391422485260925e-05,0.0,0.0,99/96,1.5213679161572127,52.449999999999996,225.0,False
Fixed 99/96,2026-07-27,1141841.3814067047,-7819.831089048074,1134021.5503176565,159.74363119644113,0.0001408845683437132,0.0,0.0,99/96,1.5213679161572127,51.400000000000006,225.0,False
Fixed 99/96,2026-07-28,1141841.3814067047,-7188.46340384283,1134652.9180028618,631.3676852053031,0.0005567510467754389,0.0,0.0,99/96,1.5213679161572127,47.25,225.0,False
Fixed 99/96,2026-07-29,1141841.3814067047,-11790.601350218401,1130050.7800564864,-4602.137946375413,-0.004055987406682671,0.0,0.0,99/96,1.5213679161572127,77.50000000000001,225.0,False
Fixed 99/96,2026-07-30,1141841.3814067047,-6199.574258340641,1135641.807148364,5591.027091877535,0.004947589250456463,0.0,0.0,99/96,1.5213679161572127,40.74999999999999,225.0,False
Fixed 99/96,2026-07-31,1141841.3814067047,-4769.488417152862,1137071.8929895519,1430.0858411879744,0.0012592754442344312,0.0,0.0,99/96,1.5213679161572127,31.35,225.0,False
Fixed 99/96,2026-08-03,1141841.3814067047,-2289.6587138166055,1139551.722692888,2479.829703336116,0.0021808908641793856,0.0,0.0,99/96,1.5213679161572127,15.05,225.0,False
Fixed 99/96,2026-08-04,1141841.3814067047,-1087.7780600524072,1140753.6033466524,1201.880653764354,0.0010546960088166912,0.0,0.0,99/96,1.5213679161572127,7.15,225.0,False
Fixed 99/96,2026-08-05,1141841.3814067047,-988.8891455021883,1140852.4922612025,98.88891455018893,8.668735672645589e-05,0.0,0.0,99/96,1.5213679161572127,6.5,225.0,False
Fixed 99/96,2026-08-06,1141841.3814067047,-905.2139101135416,1140936.167496591,83.67523538856767,7.334448226758994e-05,0.0,0.0,99/96,1.5213679161572127,5.95,225.0,False
Fixed 99/96,2026-08-07,1141841.3814067047,-528.6753508646316,1141312.70605584,376.53855924890377,0.0003300259646208392,0.0,0.0,99/96,1.5213679161572127,3.4750000000000005,225.0,False
Fixed 99/96,2026-08-10,1141841.3814067047,-467.82063421834295,1141373.5607724863,60.8547166462522,5.331993267354562e-05,0.0,0.0,99/96,1.5213679161572127,3.075,225.0,False
Fixed 99/96,2026-08-11,1141841.3814067047,-437.39327589519854,1141403.9881308095,30.427358323242515,2.6658544904911707e-05,0.0,0.0,99/96,1.5213679161572127,2.874999999999999,225.0,False
Fixed 99/96,2026-08-12,1141841.3814067047,-232.00860721397498,1141609.3727994906,205.38466868107207,0.00017994038115931588,0.0,0.0,99/96,1.5213679161572127,1.5250000000000001,225.0,False
Fixed 99/96,2026-08-13,1141841.3814067047,-148.33337182532827,1141693.0480348794,83.6752353888005,7.329585529203264e-05,0.0,0.0,99/96,1.5213679161572127,0.9750000000000001,225.0,False
Fixed 99/96,2026-08-14,1141841.3814067047,-79.87181559825368,1141761.5095911063,68.46155622694641,5.9964940966272806e-05,0.0,0.0,99/96,1.5213679161572127,0.525,225.0,False
Fixed 99/96,2026-08-17,1141841.3814067047,-64.65813643668154,1141776.723270268,15.213679161621258,1.3324743419529383e-05,0.0,0.0,99/96,1.5213679161572127,0.42500000000000004,225.0,False
Fixed 99/96,2026-08-18,1141841.3814067047,-79.87181559825368,1141761.5095911063,-15.213679161621258,-1.3324565873107375e-05,0.0,0.0,99/96,1.5213679161572127,0.525,225.0,False
Fixed 99/96,2026-08-19,1141841.3814067047,-34.23077811353729,1141807.1506285912,45.64103748486377,3.997423025858815e-05,0.0,0.0,99/96,1.5213679161572127,0.225,225.0,False
Fixed 99/96,2026-08-20,1141841.3814067047,-26.62393853275122,1141814.7574681719,7.6068395806942135,6.6621053971260835e-06,0.0,0.0,99/96,1.5213679161572127,0.175,225.0,False
Fixed 99/96,2026-08-21,1147933.437777167,-6122.557568555944,1141810.880208611,-3.8772595608606935,-3.395699289643339e-06,30.50119809365794,0.0,99/96,1.4878633216417847,41.15,235.0,False
Fixed 99/96,2026-08-24,1147933.437777167,-6531.719982007436,1141401.7177951594,-409.1624134515878,-0.00035834516954058593,0.0,0.0,99/96,1.4878633216417847,43.900000000000006,235.0,False
Fixed 99/96,2026-08-25,1147933.437777167,-5839.8635374440055,1142093.574239723,691.8564445634838,0.0006061463144630963,0.0,0.0,99/96,1.4878633216417847,39.25,235.0,False
Fixed 99/96,2026-08-26,1147933.437777167,-5430.701123992514,1142502.7366531745,409.1624134515878,0.0003582564709936342,0.0,0.0,99/96,1.4878633216417847,36.5,235.0,False
Fixed 99/96,2026-08-27,1147933.437777167,-4128.820717555952,1143804.617059611,1301.8804064365104,0.0011394987203707796,0.0,0.0,99/96,1.4878633216417847,27.749999999999993,235.0,False
Fixed 99/96,2026-08-28,1147933.437777167,-4188.335250421624,1143745.1025267453,-59.514532865723595,-5.2032079586039615e-05,0.0,0.0,99/96,1.4878633216417847,28.15,235.0,False
Fixed 99/96,2026-08-31,1147933.437777167,-4537.983131007443,1143395.4546461594,-349.6478805858642,-0.0003057043740020138,0.0,0.0,99/96,1.4878633216417847,30.5,235.0,False
Fixed 99/96,2026-09-01,1147933.437777167,-6613.552464697733,1141319.8853124692,-2075.5693336902186,-0.0018152681342716859,0.0,0.0,99/96,1.4878633216417847,44.449999999999996,235.0,False
Fixed 99/96,2026-09-02,1147933.437777167,-5185.20367592162,1142748.2341012454,1428.3487887762021,0.001251488567891812,0.0,0.0,99/96,1.4878633216417847,34.85,235.0,False
Fixed 99/96,2026-09-03,1147933.437777167,-2752.5471450373016,1145180.8906321297,2432.6565308843274,0.002128777326702691,0.0,0.0,99/96,1.4878633216417847,18.5,235.0,False
Fixed 99/96,2026-09-04,1147933.437777167,-3250.9813577873,1144682.4564193797,-498.43421275005676,-0.00043524496158409143,0.0,0.0,99/96,1.4878633216417847,21.85,235.0,False
Fixed 99/96,2026-09-08,1147933.437777167,-4255.2890998955045,1143678.1486772716,-1004.3077421081252,-0.0008773679866201922,0.0,0.0,99/96,1.4878633216417847,28.599999999999998,235.0,False
Fixed 99/96,2026-09-09,1147933.437777167,-5453.019073817142,1142480.4187033498,-1197.7299739217851,-0.0010472613954433108,0.0,0.0,99/96,1.4878633216417847,36.650000000000006,235.0,False
Fixed 99/96,2026-09-10,1147933.437777167,-7297.969592652954,1140635.468184514,-1844.9505188358016,-0.0016148640174767914,0.0,0.0,99/96,1.4878633216417847,49.05,235.0,False
Fixed 99/96,2026-09-11,1147933.437777167,-3712.2189874962532,1144221.2187896706,3585.750605156645,0.00314364291237057,0.0,0.0,99/96,1.4878633216417847,24.950000000000003,235.0,False
Fixed 99/96,2026-09-14,1147933.437777167,-5036.417343757442,1142897.0204334096,-1324.1983562610112,-0.0011572922565286081,0.0,0.0,99/96,1.4878633216417847,33.85,235.0,False
Fixed 99/96,2026-09-15,1147933.437777167,-6472.205449141764,1141461.2323280252,-1435.7881053844467,-0.0012562707573076093,0.0,0.0,99/96,1.4878633216417847,43.5,235.0,False
Fixed 99/96,2026-09-16,1147933.437777167,-8815.590180727575,1139117.8475964393,-2343.3847315858584,-0.0020529691812717354,0.0,0.0,99/96,1.4878633216417847,59.25000000000001,235.0,False
Fixed 99/96,2026-09-17,1147933.437777167,-1342.7966477817108,1146590.6411293852,7472.793532945914,0.006560158414437689,0.0,0.0,99/96,1.4878633216417847,9.025,235.0,False
Fixed 99/96,2026-09-18,1147933.437777167,0.0,1147933.437777167,1342.796647781739,0.0011711212350897782,0.0,0.0,cash,0.0,,,False
