strategy_id,strategy,sizing,hedge,source,cagr,annualized_volatility,sharpe_zero_cash,max_drawdown,train_cagr,validation_cagr,test_cagr,train_sharpe,validation_sharpe,test_sharpe,selection_score,positive_all_splits,trades,win_rate,mean_trade_return_spx_down_5,mean_trade_return_spx_down_10
vertical_103/100_monthly_dte60_m103_profit_25,"103/100, monthly 60 DTE, profit 25",5% concurrent max-loss budget; overlap allowed,None,ITM structure grid,0.0415927001529117,0.0380489879681383,1.089921170098861,-0.0485422841519664,0.0419097234193395,0.0375024743750536,0.0447460769508427,0.994401433862581,1.0972668634166456,1.6149617601202275,1.3399499280035485,True,,,,
monthly_sizing_1,"103/100, monthly 60 DTE, 25% target; Fixed $1 million per monthly entry",Fixed $1 million per monthly entry,None,Monthly entry sizing comparison,0.0302203962085303,0.0302164411480868,1.0003525923338037,-0.0426533492956828,0.0283283377690739,0.0288239228208089,0.0373160046861464,0.8490381418641443,1.0929723350355551,1.653886160410294,1.327577144477038,True,,,,
monthly_sizing_0,"103/100, monthly 60 DTE, 25% target; 100% of current equity per monthly entry",100% of current equity per monthly entry,None,Monthly entry sizing comparison,0.034817382517466,0.033986227405593,1.0239496740494332,-0.0463818037040945,0.0303186055898485,0.0348907630075472,0.0483394155221856,0.8439825447435217,1.0965261155740351,1.6341004988715329,1.3201741274457468,True,,,,
vertical_delta55_3wide_monthly_dte60_d55_profit_50,"delta55_3wide, monthly 60 DTE, profit 50",5% concurrent max-loss budget; overlap allowed,None,ITM structure grid,0.0320515768663189,0.0362855726928823,0.8876369571097499,-0.0783055777226608,0.0214848889348162,0.049810355911096,0.0463634129204881,0.5935346865981984,1.2481434672160896,1.5098912111631515,1.244775371086303,True,,,,
vertical_delta55_3wide_monthly_dte60_d55_short_delta_40,"delta55_3wide, monthly 60 DTE, short delta 40",5% concurrent max-loss budget; overlap allowed,None,ITM structure grid,0.0303799354554783,0.0284925646306157,1.064662917982457,-0.0586550706166125,0.0244377096669254,0.0383806225501033,0.0403123002658851,0.914593571084938,1.15297118004401,1.403375965746914,1.233586105345446,True,,,,
vertical_101/98_monthly_dte60_m101_profit_50,"101/98, monthly 60 DTE, profit 50",5% concurrent max-loss budget; overlap allowed,None,ITM structure grid,0.0321750339967414,0.0410933211794873,0.7912551894849384,-0.082765098163036,0.0208890495264648,0.0502927442616911,0.0483390526941203,0.4895712420732601,1.2562702389919913,1.5072766706050489,1.2202671003100052,True,,,,
vertical_102/99_monthly_dte60_m102_profit_50,"102/99, monthly 60 DTE, profit 50",5% concurrent max-loss budget; overlap allowed,None,ITM structure grid,0.0402403799537935,0.0404800459026531,0.9948968732737392,-0.0517868022713721,0.031621319683716,0.0554272904798476,0.0511505635369471,0.78124847932654,1.3210403783401028,1.3281159321594758,1.2109950198911184,True,,,,
leveraged_103_100_60d_profit_15,"103/100, monthly 60 DTE, 15% profit target",5% concurrent max-loss budget; overlap allowed,None,103/100 profit-target sweep,0.03671078661145,0.0334857807102098,1.0932477009570782,-0.0296224536886242,0.0387862652405779,0.0362166385203259,0.0310088233595766,1.031559718578481,1.3333095964484458,1.209434617797258,1.2021034358932206,True,,,,
vertical_delta75_3wide_monthly_dte60_d75_profit_25,"delta75_3wide, monthly 60 DTE, profit 25",5% concurrent max-loss budget; overlap allowed,None,ITM structure grid,0.0421843630436518,0.0458090043993875,0.9245626153466002,-0.0510520615809121,0.04094057979047,0.0249384364243643,0.0635186339276019,0.8463875193464232,0.5829725315732188,1.646694548750398,1.1885047967051272,True,,,,
leveraged_103_100_60d_profit_20,"103/100, monthly 60 DTE, 20% profit target",5% concurrent max-loss budget; overlap allowed,None,103/100 profit-target sweep,0.0363722542506299,0.0362609865996288,1.0032476580517018,-0.048382838481375,0.0377141259169524,0.029627872365294,0.0391246463106871,0.9512158792396794,0.898007013293897,1.4202256885741782,1.1776217453016855,True,,,,
vertical_delta50_3wide_monthly_dte60_d50_short_delta_25,"delta50_3wide, monthly 60 DTE, short delta 25",5% concurrent max-loss budget; overlap allowed,None,ITM structure grid,0.0304978088451486,0.0365073549687395,0.8411930450976487,-0.0652873156033349,0.0187997626253049,0.0567513725034116,0.0398634722812563,0.5135980364436668,1.4526944514323563,1.2968617138767415,1.1727634797727746,True,,,,
vertical_100/97_monthly_dte60_m100_hold,"100/97, monthly 60 DTE, hold",5% concurrent max-loss budget; overlap allowed,None,ITM structure grid,0.0367880706341645,0.042596038672147,0.8695046356730798,-0.0734263386830211,0.028392718723279,0.0526513009718268,0.0463438044606836,0.6566926317420483,1.1289035802381313,1.3924198980884763,1.1638902024323865,True,,,,
leveraged_103_100_60d_profit_30,"103/100, monthly 60 DTE, 30% profit target",5% concurrent max-loss budget; overlap allowed,None,103/100 profit-target sweep,0.0433970719543082,0.0414195930217495,1.0462503254747868,-0.0500983197268223,0.0435297359174406,0.0359736628378164,0.0504734637012413,1.0057778982122725,0.8960558606918533,1.3659965519125925,1.162503958408579,True,,,,
vertical_delta50_3wide_monthly_dte60_d50_hold,"delta50_3wide, monthly 60 DTE, hold",5% concurrent max-loss budget; overlap allowed,None,ITM structure grid,0.0377193900408932,0.0436600017952675,0.869935876783004,-0.0745678844420061,0.029578592255868,0.0519329764433724,0.048140439183576,0.6688103274194745,1.082253036993187,1.4073965590601696,1.161576675569603,True,,,,
vertical_102/99_monthly_dte60_m102_short_delta_40,"102/99, monthly 60 DTE, short delta 40",5% concurrent max-loss budget; overlap allowed,None,ITM structure grid,0.035417230328389,0.0512204965115568,0.705202844490735,-0.1101580129544773,0.022568080251218,0.0587201679810649,0.0512293881463119,0.417845395762692,1.4455165750723518,1.2499496023452266,1.1195510387541785,True,,,,
vertical_100/97_monthly_dte60_m100_profit_75,"100/97, monthly 60 DTE, profit 75",5% concurrent max-loss budget; overlap allowed,None,ITM structure grid,0.0308007549277311,0.0410899906264996,0.758862080296562,-0.0637729830470602,0.0194138126439524,0.0513904891182681,0.0448137333306639,0.4819513555168088,1.0933400566620322,1.3795789545388994,1.1113034027921354,True,,,,
vertical_delta55_3wide_monthly_dte60_d55_hold,"delta55_3wide, monthly 60 DTE, hold",5% concurrent max-loss budget; overlap allowed,None,ITM structure grid,0.0393369031259078,0.0475652264692978,0.835007432193935,-0.0873188545496207,0.0308939394808975,0.0498951044970612,0.0543378168324091,0.6559632971817972,0.9475157756563714,1.356227134147768,1.09688774878464,True,,,,
vertical_delta55_3wide_monthly_dte60_d55_profit_75,"delta55_3wide, monthly 60 DTE, profit 75",5% concurrent max-loss budget; overlap allowed,None,ITM structure grid,0.0352538887441471,0.0450200622455905,0.7921375368834052,-0.0836451608547629,0.0238011656175669,0.0546246566213461,0.0506797526487166,0.5460880962495563,1.0560622948240572,1.331468163228576,1.0908766234460765,True,,,,
vertical_delta60_3wide_monthly_dte60_d60_profit_50,"delta60_3wide, monthly 60 DTE, profit 50",5% concurrent max-loss budget; overlap allowed,None,ITM structure grid,0.0337891996436401,0.0441957480142296,0.7740601925984124,-0.0856254211192254,0.0237157323548327,0.049744009335084,0.0483867093854961,0.525456575836361,1.1575583537163938,1.2785988627460492,1.0849135254374185,True,,,,
vertical_delta65_3wide_monthly_dte60_d65_short_delta_40,"delta65_3wide, monthly 60 DTE, short delta 40",5% concurrent max-loss budget; overlap allowed,None,ITM structure grid,0.0343395584625043,0.047345722107984,0.7368296693485251,-0.0901215180766997,0.0210314599614429,0.046952704232116,0.0623041476975825,0.4582914993332779,0.9642459633445496,1.3950058854545089,1.0809911253982358,True,,,,
vertical_delta65_3wide_monthly_dte60_d65_profit_50,"delta65_3wide, monthly 60 DTE, profit 50",5% concurrent max-loss budget; overlap allowed,None,ITM structure grid,0.034342251156874,0.0451594731574883,0.7703145169762671,-0.0840308346269929,0.0224824932177818,0.0445805235810536,0.0602098766157115,0.5211574947955503,0.9183329287797728,1.3770304746938462,1.0733035454588256,True,,,,
vertical_101/98_monthly_dte60_m101_profit_75,"101/98, monthly 60 DTE, profit 75",5% concurrent max-loss budget; overlap allowed,None,ITM structure grid,0.0360301414090935,0.0489876204142294,0.7471150732350093,-0.0720178965213085,0.0252549319444537,0.0547143634331825,0.0500583613501461,0.5111802214316636,1.0627300118515317,1.303277100290131,1.068709593646199,True,,,,
vertical_delta70_3wide_monthly_dte60_d70_profit_25,"delta70_3wide, monthly 60 DTE, profit 25",5% concurrent max-loss budget; overlap allowed,None,ITM structure grid,0.0377391093924956,0.038107239103806,0.9910526720384468,-0.0511395556116814,0.0406078233130302,0.0204384123398233,0.0466407281909249,1.0421752970796825,0.5325689923540361,1.3519238937844058,1.0645357567465088,True,,,,
vertical_delta60_3wide_monthly_dte60_d60_profit_75,"delta60_3wide, monthly 60 DTE, profit 75",5% concurrent max-loss budget; overlap allowed,None,ITM structure grid,0.0376425584690587,0.0517990308784312,0.739322644014177,-0.1000973763143546,0.0266736083048029,0.0484321365055038,0.0601883041008299,0.5207293544055509,0.8832632992209436,1.3806148764640351,1.063164930599504,True,,,,
vertical_101/98_monthly_dte60_m101_hold,"101/98, monthly 60 DTE, hold",5% concurrent max-loss budget; overlap allowed,None,ITM structure grid,0.0397846658752287,0.0522117872623475,0.7734327528279992,-0.0836386585571101,0.0322142745227871,0.0492279050801747,0.0532343368087426,0.5995906240959116,0.936246468036054,1.3072597346344077,1.0549733532234038,True,,,,
leveraged_103_100_60d_profit_35,"103/100, monthly 60 DTE, 35% profit target",5% concurrent max-loss budget; overlap allowed,None,103/100 profit-target sweep,0.0396730943335057,0.0469601883268911,0.8518791696746238,-0.0578617305516376,0.035572791185273,0.0466385843266006,0.0450536028852495,0.7167901039271526,1.0668725340141525,1.168209818284547,1.043529475202347,True,,,,
vertical_delta60_3wide_monthly_dte30_d60_hold,"delta60_3wide, monthly 30 DTE, hold",5% concurrent max-loss budget; overlap allowed,None,ITM structure grid,0.0497714341319173,0.0630506027176381,0.8019688006238298,-0.1417580171823922,0.0373524326104166,0.0841102616057876,0.0534180586682204,0.5711818556617301,1.4799515747165042,1.009477954580397,1.0406010293809669,True,,,,
vertical_100/97_monthly_dte45_m100_profit_75,"100/97, monthly 45 DTE, profit 75",5% concurrent max-loss budget; overlap allowed,None,ITM structure grid,0.0306101392122446,0.0457586570486431,0.6818250627248007,-0.096872669335542,0.0168396988340233,0.0485045573357205,0.0546807589574283,0.3842174590542936,0.9934800305762032,1.3248920204783257,1.0366311430138375,True,,,,
vertical_delta50_3wide_monthly_dte60_d50_profit_75,"delta50_3wide, monthly 60 DTE, profit 75",5% concurrent max-loss budget; overlap allowed,None,ITM structure grid,0.0310024931826404,0.0421733026987352,0.7450804862127576,-0.0640806707147795,0.0208152066953168,0.0505110010121259,0.0424120726447874,0.5047622550149583,1.0508538619862486,1.2440999362476597,1.0349858204939115,True,,,,
vertical_101/98_monthly_dte30_m101_hold,"101/98, monthly 30 DTE, hold",5% concurrent max-loss budget; overlap allowed,None,ITM structure grid,0.049795448651726,0.0575241247424188,0.8736569960968725,-0.1320645996646976,0.0395734603615922,0.0806884270863783,0.0501237466442017,0.6769043893350787,1.4456770531401202,0.9575080165339216,1.0290746295619395,True,,,,
vertical_delta50_3wide_monthly_dte45_d50_profit_75,"delta50_3wide, monthly 45 DTE, profit 75",5% concurrent max-loss budget; overlap allowed,None,ITM structure grid,0.0327911440298747,0.0478574884529952,0.6981002827641398,-0.096779696045083,0.0213735127257694,0.0473151581330109,0.0529607126189979,0.4499714097567906,0.9680836363802452,1.2969878783016096,1.027820587985799,True,,,,
vertical_delta55_3wide_monthly_dte60_d55_short_delta_25,"delta55_3wide, monthly 60 DTE, short delta 25",5% concurrent max-loss budget; overlap allowed,None,ITM structure grid,0.0307173036715198,0.0446212549443819,0.7003845910721761,-0.0892863988797452,0.0184924121981249,0.0497899984465939,0.0488210795733294,0.4281847102177488,1.0354236766369826,1.23929533682743,1.0127697532128406,True,,,,
leveraged_103_100_60d_profit_45,"103/100, monthly 60 DTE, 45% profit target",5% concurrent max-loss budget; overlap allowed,None,103/100 profit-target sweep,0.0402033245250166,0.0525852377585839,0.7757743447072509,-0.0754661354219451,0.0326988155762979,0.0492058336304339,0.053894045386619,0.5996540826901521,1.042685080653069,1.165509590879056,1.0109516124770432,True,,,,
vertical_delta65_3wide_monthly_dte60_d65_profit_75,"delta65_3wide, monthly 60 DTE, profit 75",5% concurrent max-loss budget; overlap allowed,None,ITM structure grid,0.0405198666694803,0.0527307453614067,0.7796853956761656,-0.1135914938511926,0.0309209575972364,0.0483969518646343,0.0617787371181697,0.6092189599441333,0.8444710505456412,1.2561243835594622,1.008531337975378,True,,,,
vertical_delta60_3wide_monthly_dte60_d60_short_delta_25,"delta60_3wide, monthly 60 DTE, short delta 25",5% concurrent max-loss budget; overlap allowed,None,ITM structure grid,0.0358944163542307,0.0519011850580783,0.7054777130083136,-0.1046114546287986,0.0250688938726986,0.0471658486636641,0.0575104926659,0.492197978537963,0.861144611683573,1.2939462131496602,1.0066367275772492,True,,,,
vertical_delta60_3wide_monthly_dte60_d60_short_delta_40,"delta60_3wide, monthly 60 DTE, short delta 40",5% concurrent max-loss budget; overlap allowed,None,ITM structure grid,0.030965539066603,0.0385453796500284,0.8104735184576277,-0.0605762137477825,0.0233598312772056,0.0429880850443116,0.0419419227732944,0.6228221904000669,1.0381285448870976,1.1439755164204644,1.005990574837779,True,,,,
vertical_100/97_monthly_dte45_m100_short_delta_25,"100/97, monthly 45 DTE, short delta 25",5% concurrent max-loss budget; overlap allowed,None,ITM structure grid,0.0307837147736793,0.0403375970387138,0.771848354858072,-0.0795578168220898,0.0217902902590223,0.0466109730152231,0.042202264789104,0.5548510195051479,1.055416657814797,1.1561565169093204,1.0023449113199387,True,,,,
vertical_delta55_3wide_monthly_dte30_d55_hold,"delta55_3wide, monthly 30 DTE, hold",5% concurrent max-loss budget; overlap allowed,None,ITM structure grid,0.0417401534967736,0.0555262785975855,0.7643129043990953,-0.1385587900927399,0.0299319597733374,0.0676437094927013,0.051781155327337,0.5335404327940261,1.2901642614353872,1.0389741821587417,0.9984905117972308,True,,,,
vertical_102/99_monthly_dte45_m102_profit_50,"102/99, monthly 45 DTE, profit 50",5% concurrent max-loss budget; overlap allowed,None,ITM structure grid,0.049896250271946,0.0490949905581648,1.0163294383848245,-0.0876621683008858,0.0548727107087623,0.049882964256753,0.0351398497327413,1.0319881174420031,1.0556926531667865,0.9526347402512272,0.9966716948720932,True,,,,
vertical_101/98_monthly_dte60_m101_short_delta_25,"101/98, monthly 60 DTE, short delta 25",5% concurrent max-loss budget; overlap allowed,None,ITM structure grid,0.0326823737028714,0.0489243267524262,0.6818591309639526,-0.0709129033898612,0.0215016468361792,0.051867190298187,0.0474586836493189,0.4428245927591675,1.0016149610684024,1.2205557567756515,0.9952912206651968,True,,,,
vertical_delta55_3wide_monthly_dte60_d55_exit_7dte,"delta55_3wide, monthly 60 DTE, exit 7dte",5% concurrent max-loss budget; overlap allowed,None,ITM structure grid,0.0325385034040039,0.0432487130614541,0.7620549349482535,-0.0779649794135731,0.0265596263356353,0.0372027118682571,0.045935891511043,0.6186217661038649,0.7978352743687642,1.244618824906811,0.9907669894560016,True,,,,
vertical_104/101_monthly_dte60_m104_profit_25,"104/101, monthly 60 DTE, profit 25",5% concurrent max-loss budget; overlap allowed,None,ITM structure grid,0.045569738800905,0.054832051039108,0.8395870237324617,-0.0457208997519532,0.0491929381143261,0.0324400625487282,0.0479488251397481,0.7998203749464794,0.7983573131560827,1.1654661690316173,0.9862541714200476,True,,,,
vertical_103/100_monthly_dte60_m103_profit_50,"103/100, monthly 60 DTE, profit 50",5% concurrent max-loss budget; overlap allowed,None,ITM structure grid,0.0400469683742517,0.0537672911768729,0.7570909340596027,-0.075784703445218,0.0311565732926393,0.0584876730062053,0.0485527635638667,0.5623951792230312,1.2042527966792564,1.026660320159985,0.9744617295392216,True,,,,
vertical_delta55_3wide_monthly_dte45_d55_profit_75,"delta55_3wide, monthly 45 DTE, profit 75",5% concurrent max-loss budget; overlap allowed,None,ITM structure grid,0.0304920449284518,0.0528061382701522,0.5952527524701933,-0.1115164607996374,0.0141790486762374,0.0534813618752962,0.0573649325038727,0.2877368852478572,0.9709223344558238,1.2278264082359065,0.9593295957661072,True,,,,
vertical_101/98_monthly_dte60_m101_exit_7dte,"101/98, monthly 60 DTE, exit 7dte",5% concurrent max-loss budget; overlap allowed,None,ITM structure grid,0.0321733491405049,0.0480869372583933,0.6826704555019721,-0.0798417249522017,0.0256712971987775,0.038602995730083,0.0453894593977921,0.5189385853176036,0.8228491559170711,1.2064130016713237,0.9550266231627674,True,,,,
vertical_101/98_monthly_dte45_m101_profit_50,"101/98, monthly 45 DTE, profit 50",5% concurrent max-loss budget; overlap allowed,None,ITM structure grid,0.0387074511655729,0.0424664047476306,0.9155436895617988,-0.0740591135979963,0.0382878082917164,0.0449872973137914,0.0337160577346129,0.8787003076212222,1.000811178947049,0.9626729969840248,0.9548987083281378,True,,,,
vertical_delta60_3wide_monthly_dte30_d60_profit_75,"delta60_3wide, monthly 30 DTE, profit 75",5% concurrent max-loss budget; overlap allowed,None,ITM structure grid,0.0494592663898285,0.0593351434604851,0.8432676866214744,-0.1279834684246638,0.0464416736769217,0.060471086537343,0.0475603405834368,0.7405032220266387,1.1443934218311385,0.9464626788883737,0.9547319468681146,True,,,,
vertical_delta65_3wide_monthly_dte60_d65_exit_7dte,"delta65_3wide, monthly 60 DTE, exit 7dte",5% concurrent max-loss budget; overlap allowed,None,ITM structure grid,0.0395156619801793,0.051597486609188,0.7769644109407357,-0.0914062637382655,0.0358286867347692,0.0351134653341647,0.0551089047162201,0.7039150967931045,0.6386963264917854,1.2116995088183151,0.9488075416451432,True,,,,
vertical_delta60_3wide_monthly_dte60_d60_hold,"delta60_3wide, monthly 60 DTE, hold",5% concurrent max-loss budget; overlap allowed,None,ITM structure grid,0.0398870862079123,0.0576009371545069,0.7079345328806368,-0.1199093154264608,0.0343444245169139,0.0380355788356017,0.0585562082371997,0.585840387908813,0.6762436558034237,1.2414605876715583,0.9484607192610206,True,,,,
vertical_delta60_3wide_monthly_dte60_d60_exit_7dte,"delta60_3wide, monthly 60 DTE, exit 7dte",5% concurrent max-loss budget; overlap allowed,None,ITM structure grid,0.0353962284467077,0.0534922709962731,0.6771234618461578,-0.0836268366016822,0.0300607056177648,0.0355778511919153,0.0513631671576171,0.5426992007097682,0.7011599382223299,1.2475708390100726,0.9481926303516998,True,,,,
vertical_102/99_monthly_dte60_m102_hold,"102/99, monthly 60 DTE, hold",5% concurrent max-loss budget; overlap allowed,None,ITM structure grid,0.0445398005123944,0.0617139816198477,0.7371225997010297,-0.1119733399530281,0.0402401012374631,0.0453561227234307,0.0567026536955812,0.6242085163873969,0.8036169219511665,1.151407855084586,0.9439516954582972,True,,,,
vertical_102/99_monthly_dte60_m102_profit_75,"102/99, monthly 60 DTE, profit 75",5% concurrent max-loss budget; overlap allowed,None,ITM structure grid,0.0363915232257743,0.0588842045971636,0.6365572237953965,-0.1218195774014816,0.0263465310064825,0.0447789201854513,0.0585124845550444,0.4476010967471532,0.783720345007242,1.2172396079306171,0.9353457771087316,True,,,,
vertical_delta60_3wide_monthly_dte30_d60_short_delta_25,"delta60_3wide, monthly 30 DTE, short delta 25",5% concurrent max-loss budget; overlap allowed,None,ITM structure grid,0.0492702365708233,0.0605330024552735,0.8248330282959825,-0.1267962684372214,0.0460361286209169,0.0631368148322439,0.0452068019461644,0.7172756388159303,1.1912332582404328,0.8930022268299246,0.9343840766270582,True,,,,
vertical_delta55_3wide_monthly_dte45_d55_profit_50,"delta55_3wide, monthly 45 DTE, profit 50",5% concurrent max-loss budget; overlap allowed,None,ITM structure grid,0.035470743215936,0.0395586917672389,0.900943929643098,-0.0584659162706376,0.0339081118151827,0.0420334318573991,0.0336156447041575,0.8770398505276641,0.9294221717381416,0.9593851272430328,0.9336984770995111,True,,,,
vertical_delta55_3wide_monthly_dte45_d55_short_delta_25,"delta55_3wide, monthly 45 DTE, short delta 25",5% concurrent max-loss budget; overlap allowed,None,ITM structure grid,0.0320352408809536,0.0489848273541697,0.6682555171022762,-0.0940032903565986,0.0205281405161021,0.0461504583926661,0.0528928374030244,0.4416691634895268,0.8748543598818781,1.158219007184786,0.9308990197965192,True,,,,
101/98_dte21_profit_90_none,"101/98, sequential 21 DTE, profit 90",One position; short-strike notional capped at equity,None,Sequential unlevered hedge grid,0.0397030513082941,0.0502457508604782,0.8001031058282292,-0.0923450122148976,0.0395855524986159,0.0241562513644528,0.0558433071030846,0.8013372420646229,0.4765853476206773,1.211984924131604,0.926030179563588,True,184.0,0.6902173913043478,-0.0191597216844126,-0.0192570929070929
vertical_delta50_3wide_monthly_dte45_d50_profit_50,"delta50_3wide, monthly 45 DTE, profit 50",5% concurrent max-loss budget; overlap allowed,None,ITM structure grid,0.033245845326729,0.0395749799019005,0.846162579642434,-0.0571524343329163,0.0316639309512172,0.0368792711328764,0.034362481028751,0.7937647136090225,0.8851715737342997,0.988274817257144,0.9191112670677436,True,,,,
vertical_101/98_monthly_dte21_m101_profit_25,"101/98, monthly 21 DTE, profit 25",5% concurrent max-loss budget; overlap allowed,None,ITM structure grid,0.0474174117799077,0.0615902050548816,0.7829644716819627,-0.1002670809272979,0.0463274352554634,0.0452059049024471,0.0529129190870452,0.7290862282534506,0.7333293033809495,1.0910640735037025,0.9165237440033024,True,,,,
vertical_102/99_monthly_dte60_m102_exit_7dte,"102/99, monthly 60 DTE, exit 7dte",5% concurrent max-loss budget; overlap allowed,None,ITM structure grid,0.0376342319912779,0.0586412947967313,0.6594599042004359,-0.1316611615086012,0.0322793988323411,0.0409310822979978,0.0505065445408838,0.5264581046727504,0.7685422474160913,1.1585901566381105,0.9163453462940342,True,,,,
vertical_101/98_monthly_dte45_m101_short_delta_40,"101/98, monthly 45 DTE, short delta 40",5% concurrent max-loss budget; overlap allowed,None,ITM structure grid,0.0352315473104187,0.0402245596552045,0.8809412089476842,-0.0607032795000488,0.0324074787474994,0.0496916857988365,0.0293607163780309,0.7989799697209946,1.1704582351277577,0.8268612179932823,0.9139862841314982,True,,,,
vertical_delta65_3wide_monthly_dte60_d65_hold,"delta65_3wide, monthly 60 DTE, hold",5% concurrent max-loss budget; overlap allowed,None,ITM structure grid,0.0436428219533502,0.0563595828397885,0.7862020282275738,-0.1494001857303492,0.0418388901939055,0.029623231281632,0.0633504937503195,0.7696672297188882,0.4956723390948395,1.1906551571779134,0.9133159506432572,True,,,,
vertical_delta50_3wide_monthly_dte30_d50_hold,"delta50_3wide, monthly 30 DTE, hold",5% concurrent max-loss budget; overlap allowed,None,ITM structure grid,0.0349858768476658,0.0571089421187559,0.6308616788116774,-0.1275918168873433,0.0249520143229753,0.0536556743591583,0.0467572678321501,0.4230948442274673,1.1200129160365462,1.0088759057019467,0.9109915763753976,True,,,,
vertical_delta55_3wide_monthly_dte30_d55_short_delta_25,"delta55_3wide, monthly 30 DTE, short delta 25",5% concurrent max-loss budget; overlap allowed,None,ITM structure grid,0.044842796237501,0.04873731283704,0.9245125127026096,-0.0787685130022268,0.0459393363086817,0.0489338911351773,0.0375020606124425,0.9120776762440016,1.068737491689021,0.8261699574943784,0.9095322543763056,True,,,,
vertical_100/97_monthly_dte30_m100_hold,"100/97, monthly 30 DTE, hold",5% concurrent max-loss budget; overlap allowed,None,ITM structure grid,0.0330771880960287,0.0502186100682778,0.6732080032669155,-0.1253697832467561,0.0231342451160836,0.0500351248165702,0.0462740844644453,0.4611533139077395,1.0566819587257952,1.014556598894498,0.9079425865415502,True,,,,
103/100_dte15_hold_none,"103/100, sequential 15 DTE, hold",One position; short-strike notional capped at equity,None,Sequential unlevered hedge grid,0.0415235434296616,0.0530093789212736,0.7940364396340966,-0.0766792336661907,0.0321765813510566,0.0604017574340514,0.0509872512475004,0.6657799841212868,1.0549586450632304,0.9179814249342392,0.90294089389044,True,222.0,0.5135135135135135,-0.0116904617569066,-0.0132403009036282
100/97_dte21_profit_70_none,"100/97, sequential 21 DTE, profit 70",One position; short-strike notional capped at equity,None,Sequential unlevered hedge grid,0.0334806437484362,0.0469570346181163,0.724865620535719,-0.0997698634378662,0.0246162940134759,0.0588478197523356,0.035093400205342,0.5411499372551513,1.3184644884844798,0.8324487219815949,0.9016044005320502,True,225.0,0.8044444444444444,-0.0214252650876176,-0.0211027381994139
leveraged_103_100_60d_profit_40,"103/100, monthly 60 DTE, 40% profit target",5% concurrent max-loss budget; overlap allowed,None,103/100 profit-target sweep,0.0384957194606783,0.0505182634454528,0.7728846729932771,-0.058066353891053,0.0347626810232586,0.0435797719156585,0.0446466376724958,0.6686965587837802,0.94115742683795,0.9720844118379796,0.8989245137453721,True,,,,
vertical_100/97_monthly_dte45_m100_hold,"100/97, monthly 45 DTE, hold",5% concurrent max-loss budget; overlap allowed,None,ITM structure grid,0.0324531792861724,0.0491181837137688,0.6748361579910691,-0.0877776424919878,0.0241975156694944,0.0367474127431282,0.0532072789786663,0.5187508231375536,0.6888635517894962,1.1589587102732064,0.8969914823537172,True,,,,
vertical_101/98_monthly_dte30_m101_profit_75,"101/98, monthly 30 DTE, profit 75",5% concurrent max-loss budget; overlap allowed,None,ITM structure grid,0.0446352659433182,0.0570300862203706,0.7943020198146536,-0.1238069144962299,0.038608762233415,0.0620753239733122,0.0454473342551051,0.6696788668542352,1.131217233661171,0.8684109903541821,0.8968918356019845,True,,,,
vertical_delta70_3wide_monthly_dte60_d70_profit_50,"delta70_3wide, monthly 60 DTE, profit 50",5% concurrent max-loss budget; overlap allowed,None,ITM structure grid,0.0344326952638305,0.0580778038345489,0.6118755473148777,-0.1192159258551303,0.0241190182325024,0.0461161992011511,0.0540535367026109,0.4116448791749747,0.9042422530192908,1.0843955310182718,0.8911926153716925,True,,,,
vertical_delta60_3wide_monthly_dte21_d60_profit_25,"delta60_3wide, monthly 21 DTE, profit 25",5% concurrent max-loss budget; overlap allowed,None,ITM structure grid,0.0469449077794961,0.0616041559056796,0.7754733617185412,-0.0993579255897217,0.0469900011233805,0.0451869014443899,0.0485705547559121,0.7323012428662239,0.7422802375562174,1.0341085916458312,0.8900168778137577,True,,,,
vertical_delta55_3wide_monthly_dte30_d55_profit_75,"delta55_3wide, monthly 30 DTE, profit 75",5% concurrent max-loss budget; overlap allowed,None,ITM structure grid,0.0389375591773086,0.053583002309997,0.7397517689965738,-0.1175374413842051,0.0320777867479464,0.0550987335682762,0.0435311101003239,0.5883402113593535,1.1086780702650982,0.8972995179392876,0.8880454851394788,True,,,,
vertical_101/98_monthly_dte30_m101_short_delta_25,"101/98, monthly 30 DTE, short delta 25",5% concurrent max-loss budget; overlap allowed,None,ITM structure grid,0.0459367343992014,0.0556820003658893,0.8345305016337179,-0.1178708236904053,0.0429223657101842,0.0577506457673429,0.0432366945740267,0.7581370811740801,1.0802762160343662,0.8391524581063075,0.886818895401229,True,,,,
vertical_delta80_3wide_monthly_dte60_d80_profit_25,"delta80_3wide, monthly 60 DTE, profit 25",5% concurrent max-loss budget; overlap allowed,None,ITM structure grid,0.0481323555045718,0.0568679055229211,0.8539838162448022,-0.0497209514327073,0.0562130744185853,0.0293979376145372,0.0429319914863799,0.8794510158558624,0.6979385171585776,0.9876921046188708,0.8856467156019393,True,,,,
vertical_delta65_3wide_monthly_dte45_d65_short_delta_40,"delta65_3wide, monthly 45 DTE, short delta 40",5% concurrent max-loss budget; overlap allowed,None,ITM structure grid,0.0475238673261355,0.0557452474328093,0.8607615062584413,-0.0723610528158297,0.0510152556682186,0.0520528177498718,0.0326681366537082,0.8304938593836387,1.1188025633155372,0.782768237818203,0.8817349892713758,True,,,,
101/98_dte15_profit_50_none,"101/98, sequential 15 DTE, profit 50",One position; short-strike notional capped at equity,None,Sequential unlevered hedge grid,0.0408810751869497,0.0606023770356741,0.6915016969885652,-0.1273817056640653,0.0370299489872327,0.0456427927079818,0.0477119965524608,0.7010424730538244,0.8334098299725429,0.96601765164988,0.8742700604933293,True,312.0,0.7339743589743589,-0.0188645995841759,-0.0183996221338556
vertical_delta60_3wide_monthly_dte45_d60_profit_50,"delta60_3wide, monthly 45 DTE, profit 50",5% concurrent max-loss budget; overlap allowed,None,ITM structure grid,0.041658356624209,0.0466414008479357,0.8982705244338552,-0.0783329247033574,0.0468954831003807,0.0368595499850628,0.0308732290699869,0.9324306836310924,0.8420401668679279,0.8667548687717167,0.8735791310908897,True,,,,
103/100_dte45_hold_none,"103/100, sequential 45 DTE, hold",One position; short-strike notional capped at equity,None,Sequential unlevered hedge grid,0.0332943082189469,0.0403290579985477,0.8323525250203877,-0.0575705352221623,0.0369809516975083,0.0212778413467,0.0343561235731957,1.0312231116193078,0.5772179880470663,0.9491801648405942,0.8656350720907215,True,76.0,0.6447368421052632,-0.014492795402395,-0.0156081475975189
vertical_102/99_monthly_dte60_m102_short_delta_25,"102/99, monthly 60 DTE, short delta 25",5% concurrent max-loss budget; overlap allowed,None,ITM structure grid,0.035642703915441,0.0589076800401169,0.6240571601592344,-0.1188306513505043,0.0269451055995515,0.0437032196101028,0.0539414249933762,0.4599571491980012,0.7718160153890851,1.0721963434713422,0.8604514639785661,True,,,,
vertical_delta65_3wide_weekly_dte21_d65_profit_25,"delta65_3wide, monthly 21 DTE, profit 25",5% concurrent max-loss budget; overlap allowed,None,ITM structure grid,0.03910019219727,0.0663576004248974,0.6111856560608308,-0.1429628320904215,0.0221190311904608,0.0801794895275151,0.0501668912673192,0.3522376566569366,1.1491758925491091,0.9180353160204164,0.8602658452521091,True,,,,
vertical_delta50_3wide_monthly_dte45_d50_hold,"delta50_3wide, monthly 45 DTE, hold",5% concurrent max-loss budget; overlap allowed,None,ITM structure grid,0.0319045027109956,0.0534460926749476,0.6143787701225608,-0.0877595624324611,0.0236322269420063,0.0360346302806369,0.0528767013846158,0.4552628189799287,0.6539074219772539,1.133683048123279,0.8600456794151984,True,,,,
101/98_dte15_profit_90_none,"101/98, sequential 15 DTE, profit 90",One position; short-strike notional capped at equity,None,Sequential unlevered hedge grid,0.0446874771257004,0.0572553210628102,0.7922687016251534,-0.1317310718607283,0.0415513971259957,0.0546972438817316,0.0441354084061897,0.7583099488973357,0.9551329929240412,0.8499361244750149,0.8591445532068944,True,240.0,0.6625,-0.0188816226051997,
104/101_dte45_hold_none,"104/101, sequential 45 DTE, hold",One position; short-strike notional capped at equity,None,Sequential unlevered hedge grid,0.0325891616277567,0.033423877324787,0.9762427072659742,-0.0497978545236262,0.0359090856407315,0.0238970067368993,0.0313881906973341,0.9952268467616472,0.633517432013487,0.916103033910572,0.8560285475144407,True,76.0,0.5657894736842105,-0.0119802232860365,-0.0129741294347575
leveraged_103_100_60d_profit_65,"103/100, monthly 60 DTE, 65% profit target",5% concurrent max-loss budget; overlap allowed,None,103/100 profit-target sweep,0.0421704377033489,0.0589031230654854,0.7306389040932084,-0.1254316168982154,0.0400802451019546,0.0355917345802088,0.055118319750339,0.6753036450707105,0.6274097987232302,1.0394812790194723,0.8509525263604711,True,,,,
vertical_delta65_3wide_monthly_dte30_d65_profit_25,"delta65_3wide, monthly 30 DTE, profit 25",5% concurrent max-loss budget; overlap allowed,None,ITM structure grid,0.0447380452348795,0.045347254637242,0.9877035177348408,-0.0576609936189075,0.0533241995364435,0.0409779141996828,0.0231127193635463,1.0641688001877536,1.0625504804857595,0.6493435894279792,0.8487050866370767,True,,,,
vertical_103/100_monthly_dte60_m103_exit_7dte,"103/100, monthly 60 DTE, exit 7dte",5% concurrent max-loss budget; overlap allowed,None,ITM structure grid,0.0450022404864514,0.0624234735756978,0.7364374680301868,-0.1036302017129544,0.0449408796599397,0.042558137903814,0.047636363956625,0.6879771789022481,0.7257397929591737,0.980236667802138,0.8483936057792183,True,,,,
104/101_dte21_profit_90_none,"104/101, sequential 21 DTE, profit 90",One position; short-strike notional capped at equity,None,Sequential unlevered hedge grid,0.0436311310366679,0.0437521964950556,0.9979230231258108,-0.0753124147666378,0.0434655009422153,0.0652455952182597,0.0229415542176276,0.9704665754852264,1.29317571474742,0.5652479833198896,0.8480432311217088,True,171.0,0.4678362573099415,-0.0091909288977703,-0.0125168711656441
vertical_delta55_3wide_monthly_dte45_d55_short_delta_40,"delta55_3wide, monthly 45 DTE, short delta 40",5% concurrent max-loss budget; overlap allowed,None,ITM structure grid,0.0324929217243035,0.034786764881199,0.9366326889940824,-0.0485039891464225,0.0328857459348699,0.0395839035229874,0.0242823123389708,0.99536936283793,0.9947760001727692,0.7124852497242944,0.8479052982304373,True,,,,
vertical_delta60_3wide_weekly_dte21_d60_profit_25,"delta60_3wide, monthly 21 DTE, profit 25",5% concurrent max-loss budget; overlap allowed,None,ITM structure grid,0.0336973671058529,0.0605794039085142,0.5773941796583791,-0.1100616084629253,0.0172630275503122,0.0693223161700533,0.0484095408675651,0.3055704387583818,1.0947577936484345,0.9347597105848704,0.8446442874841391,True,,,,
vertical_delta50_3wide_monthly_dte30_d50_profit_75,"delta50_3wide, monthly 30 DTE, profit 75",5% concurrent max-loss budget; overlap allowed,None,ITM structure grid,0.03349427888152,0.0559605622196282,0.6168640340491452,-0.10962829353774,0.0274463504346738,0.0414679683175813,0.0437749518970291,0.4683025906916005,0.90438596837602,0.9725453969441978,0.8443009825747585,True,,,,
vertical_delta60_3wide_weekly_dte30_d60_hold,"delta60_3wide, monthly 30 DTE, hold",5% concurrent max-loss budget; overlap allowed,None,ITM structure grid,0.0481473495397555,0.0683230678718507,0.7225205802358802,-0.1527729032726645,0.0369025184940658,0.0837304280345039,0.0470273377508116,0.5527559532230818,1.1698648123985955,0.7931925407053771,0.8442279244593878,True,,,,
vertical_delta70_3wide_monthly_dte60_d70_hold,"delta70_3wide, monthly 60 DTE, hold",5% concurrent max-loss budget; overlap allowed,None,ITM structure grid,0.0480860747843534,0.0669153224163611,0.7354258144198497,-0.160414816979302,0.0510223486864254,0.0222601633520398,0.0655952983625858,0.7509249209970341,0.3578901519485233,1.1357464328039768,0.8435270739806593,True,,,,
leveraged_103_100_60d_profit_55,"103/100, monthly 60 DTE, 55% profit target",5% concurrent max-loss budget; overlap allowed,None,103/100 profit-target sweep,0.0371903850083132,0.056563580967479,0.6737620199310344,-0.1223969155413182,0.0327477708765115,0.0349800392655443,0.0528590278015677,0.5788188593853424,0.6349128979752968,1.057930275694391,0.8418923932419244,True,,,,
vertical_delta65_3wide_monthly_dte60_d65_short_delta_25,"delta65_3wide, monthly 60 DTE, short delta 25",5% concurrent max-loss budget; overlap allowed,None,ITM structure grid,0.0372552548260867,0.0546287661425941,0.6969371094891924,-0.1342769388232375,0.0306968594912582,0.0395887428812393,0.0547823134351868,0.5969219264506528,0.6727596815095136,1.0255946588285332,0.8402192497081622,True,,,,
vertical_delta70_3wide_monthly_dte60_d70_exit_7dte,"delta70_3wide, monthly 60 DTE, exit 7dte",5% concurrent max-loss budget; overlap allowed,None,ITM structure grid,0.0416527411499689,0.0630171633197282,0.6791535801807529,-0.1107460177695308,0.0409246287163302,0.0314274461676633,0.0541855558195931,0.6279377979997446,0.5372099738361088,1.0870427254694377,0.8399298839117829,True,,,,
leveraged_103_100_60d_profit_60,"103/100, monthly 60 DTE, 60% profit target",5% concurrent max-loss budget; overlap allowed,None,103/100 profit-target sweep,0.0411834893482614,0.0575000899427744,0.7305597848118188,-0.1126970801668003,0.0390999661472342,0.0384352312790159,0.0502229343150144,0.6683861849342214,0.7091444141703497,0.976676283063866,0.8389381512958355,True,,,,
vertical_delta70_3wide_monthly_dte45_d70_profit_50,"delta70_3wide, monthly 45 DTE, profit 50",5% concurrent max-loss budget; overlap allowed,None,ITM structure grid,0.0477808131873771,0.0510085808769378,0.9405799055865242,-0.0801739658762681,0.0550420045657309,0.040396509558791,0.0336083153581738,1.032230484742857,0.806874008617371,0.7739120921824583,0.8375671115156528,True,,,,
vertical_delta55_3wide_weekly_dte30_d55_hold,"delta55_3wide, monthly 30 DTE, hold",5% concurrent max-loss budget; overlap allowed,None,ITM structure grid,0.0431111646145017,0.0643601764494819,0.6880789112579272,-0.1422035577031299,0.0324851407298134,0.0713673940997745,0.0472380961131371,0.5151757709921291,1.08786362309815,0.8377169521555877,0.8369086386269435,True,,,,
101/98_dte21_profit_50_none,"101/98, sequential 21 DTE, profit 50",One position; short-strike notional capped at equity,None,Sequential unlevered hedge grid,0.0372712829950181,0.0502094589314807,0.7539709672181538,-0.094668507593818,0.0333921845406328,0.0580648301132065,0.0283655182690667,0.7084363863254951,1.2442667216015686,0.6700307175032031,0.8330587784438173,True,240.0,0.7625,-0.0186572026320225,-0.0185646601064165
vertical_100/97_monthly_dte30_m100_profit_75,"100/97, monthly 30 DTE, profit 75",5% concurrent max-loss budget; overlap allowed,None,ITM structure grid,0.0312827313343606,0.0487883354734881,0.6558403675743985,-0.1130920854982922,0.0250401440516867,0.0394323799545939,0.0419799910016931,0.5097237199946562,0.8665245788876432,0.9469284111551516,0.8321379450561248,True,,,,
101/98_dte21_profit_90_put_d20_b5,"101/98, sequential 21 DTE, profit 90; + 20-delta put; 5% credit budget",One position; short-strike notional capped at equity,20-delta put; 5% credit budget,Sequential unlevered hedge grid,0.0353720812267568,0.0480921783852233,0.746915144626234,-0.0951407409063592,0.0377479735155419,0.0148894200798768,0.0490394036201369,0.8107355540983777,0.3084159086030053,1.111971233460607,0.8301620041800991,True,184.0,0.6739130434782609,-0.0151159259365552,-0.0125173349064934
103/100_dte30_profit_60_none,"103/100, sequential 30 DTE, profit 60",One position; short-strike notional capped at equity,None,Sequential unlevered hedge grid,0.0330764275972783,0.0387115524958866,0.8600072108108452,-0.0745835781765464,0.0280241705635611,0.0587914646802261,0.0229004877515917,0.7283684871645658,1.3712301417968813,0.5815746071956951,0.8263314084549701,True,140.0,0.65,-0.0123439596391884,-0.0119147116572188
vertical_103/100_monthly_dte60_m103_profit_75,"103/100, monthly 60 DTE, profit 75",5% concurrent max-loss budget; overlap allowed,None,ITM structure grid,0.047464701503892,0.0585492025841641,0.8212744272833074,-0.1122110035084074,0.049726230007709,0.0418944199380348,0.0462822253146186,0.8372828766475205,0.735482106614271,0.8618004642083076,0.8224906329831803,True,,,,
101/98_dte15_profit_80_put_d5_b5,"101/98, sequential 15 DTE, profit 80; + 5-delta put; 5% credit budget",One position; short-strike notional capped at equity,5-delta put; 5% credit budget,Sequential unlevered hedge grid,0.0370713863912275,0.0554930778560846,0.683735881243636,-0.1343861408369804,0.0348653539613692,0.0316489321485635,0.0491947451464314,0.6392185665359439,0.574823462322,1.0203015526571202,0.8189409939448716,True,257.0,0.6809338521400778,-0.013985121004375,3.7832188222821965e-05
vertical_delta55_3wide_monthly_dte45_d55_hold,"delta55_3wide, monthly 45 DTE, hold",5% concurrent max-loss budget; overlap allowed,None,ITM structure grid,0.0327581968273644,0.0559997794170196,0.6036527073850936,-0.0978730916251942,0.023981513348795,0.0383079928001719,0.0538431325378947,0.4547286526125511,0.6336784618402391,1.0634082232533248,0.8186982957171143,True,,,,
vertical_102/99_monthly_dte45_m102_hold,"102/99, monthly 45 DTE, hold",5% concurrent max-loss budget; overlap allowed,None,ITM structure grid,0.0459986222730721,0.0662695860156413,0.7118231523933789,-0.0924465351953441,0.0402992603801615,0.0633545854806476,0.0459071946910323,0.6042149047811674,0.953721819892595,0.8366207044705233,0.8185553581649234,True,,,,
101/98_dte15_profit_80_none,"101/98, sequential 15 DTE, profit 80",One position; short-strike notional capped at equity,None,Sequential unlevered hedge grid,0.0420320787630859,0.0556974448450369,0.767138418083851,-0.1205723046002769,0.0405022099053691,0.0460007341165882,0.0426580412325729,0.7155893039616591,0.8128125881293198,0.8638113331991335,0.8185339644108969,True,257.0,0.6848249027237354,-0.0190302776536339,-0.0194182830065954
vertical_delta50_3wide_weekly_dte15_d50_profit_25,"delta50_3wide, monthly 15 DTE, profit 25",5% concurrent max-loss budget; overlap allowed,None,ITM structure grid,0.0354438085284518,0.0684626853214301,0.5430268999640762,-0.1493926583131392,0.0162856680962732,0.0902364947750489,0.0399975340638294,0.256328588419031,1.3070247381513014,0.7975044405439328,0.818260383069054,True,,,,
leveraged_103_100_60d_profit_80,"103/100, monthly 60 DTE, 80% profit target",5% concurrent max-loss budget; overlap allowed,None,103/100 profit-target sweep,0.0483031197214869,0.0594444280612416,0.8232694265705369,-0.106310043530779,0.0528865985612478,0.0337745614835738,0.049231426615242,0.8738394742282196,0.5869038538212361,0.9158545137157876,0.8180560841044895,True,,,,
vertical_delta65_3wide_monthly_dte60_d65_exit_14dte,"delta65_3wide, monthly 60 DTE, exit 14dte",5% concurrent max-loss budget; overlap allowed,None,ITM structure grid,0.0318421769271115,0.0462438195436227,0.7010058586288702,-0.0863483843819025,0.0284626776462351,0.0380847620507278,0.0357675247806832,0.6201983671215511,0.7634658722133492,0.9271982129840268,0.8175959154764704,True,,,,
101/98_dte15_profit_80_put_d10_b5,"101/98, sequential 15 DTE, profit 80; + 10-delta put; 5% credit budget",One position; short-strike notional capped at equity,10-delta put; 5% credit budget,Sequential unlevered hedge grid,0.0380624704757972,0.0536383664981511,0.7233097710202885,-0.1243179475544045,0.0377026627172256,0.0317090847019128,0.0455403637642826,0.7008308669698391,0.5766697396411684,0.9883841276883668,0.8157251200744077,True,257.0,0.6770428015564203,-0.0134169806734014,-0.0056402687058164
101/98_dte21_profit_50_put_d15_b5,"101/98, sequential 21 DTE, profit 50; + 15-delta put; 5% credit budget",One position; short-strike notional capped at equity,15-delta put; 5% credit budget,Sequential unlevered hedge grid,0.0345445970876885,0.0481326103845426,0.7296823332219877,-0.087379468846592,0.0312350581196458,0.0548195514343157,0.0244467141511264,0.7110396399827523,1.2729141440797485,0.6194018962294268,0.8149962242485307,True,240.0,0.7625,-0.0147962268352435,-0.0143538870922542
101/98_dte21_profit_90_put_d15_b5,"101/98, sequential 21 DTE, profit 90; + 15-delta put; 5% credit budget",One position; short-strike notional capped at equity,15-delta put; 5% credit budget,Sequential unlevered hedge grid,0.0349575047847037,0.0483961681035847,0.7342501327033016,-0.0974999789282243,0.0376528860495217,0.0136731007941803,0.048486552608159,0.8065366900451746,0.2836834971001419,1.09486013300132,0.8136380923031272,True,184.0,0.6739130434782609,-0.0150728836596841,-0.0112107757676539
100/97_dte15_profit_70_none,"100/97, sequential 15 DTE, profit 70",One position; short-strike notional capped at equity,None,Sequential unlevered hedge grid,0.0363821530250796,0.0549372989317084,0.6780216862440671,-0.1054096256796356,0.0347975216195606,0.0304425199463322,0.0471456070260598,0.6864442035755159,0.6051213579637847,0.971849220855765,0.8126023458947651,True,297.0,0.7777777777777778,-0.0218933518223869,-0.021081058177565
vertical_delta55_3wide_monthly_dte30_d55_short_delta_40,"delta55_3wide, monthly 30 DTE, short delta 40",5% concurrent max-loss budget; overlap allowed,None,ITM structure grid,0.0350676491207315,0.0399557006888289,0.8826435899140544,-0.0632716046196478,0.0365438682781793,0.0441885070133336,0.0216547688630426,0.8833014463959643,1.176422444106288,0.5918783835527229,0.8108043787537336,True,,,,
101/98_dte21_profit_50_put_d20_b5,"101/98, sequential 21 DTE, profit 50; + 20-delta put; 5% credit budget",One position; short-strike notional capped at equity,20-delta put; 5% credit budget,Sequential unlevered hedge grid,0.0348334828245089,0.0477024457970861,0.7416844248556214,-0.0849702709918129,0.0319486939446007,0.054726658147431,0.0238428467250193,0.7317946752821416,1.272509178165936,0.6025984721824262,0.8105925199160949,True,240.0,0.7625,-0.0148964680248329,-0.0145522459085127
vertical_100/97_weekly_dte15_m100_profit_25,"100/97, monthly 15 DTE, profit 25",5% concurrent max-loss budget; overlap allowed,None,ITM structure grid,0.0339686542091921,0.0681819838584114,0.524075368584813,-0.1491883371714978,0.0141715746199289,0.0894253150474067,0.0398524430546938,0.2291590408064698,1.291929423706938,0.7936541588806313,0.806590828346502,True,,,,
101/98_dte15_profit_80_put_d15_b5,"101/98, sequential 15 DTE, profit 80; + 15-delta put; 5% credit budget",One position; short-strike notional capped at equity,15-delta put; 5% credit budget,Sequential unlevered hedge grid,0.0388681441649998,0.0529426808452245,0.7467722065539668,-0.1189471222949317,0.0393750013894176,0.0335351383914812,0.0427037627755455,0.7400976990625094,0.6133679287567344,0.9347588882814768,0.8062717588791979,True,257.0,0.6731517509727627,-0.0136369660953612,-0.0086731357151063
vertical_delta65_3wide_weekly_dte30_d65_profit_75,"delta65_3wide, monthly 30 DTE, profit 75",5% concurrent max-loss budget; overlap allowed,None,ITM structure grid,0.0494714259693784,0.0671753133959448,0.7524619613598085,-0.1497338675629295,0.0430399833954056,0.0758632461887383,0.0427556121989534,0.6493491593120776,1.083367709509325,0.7249527485131526,0.8059668716667,True,,,,
101/98_dte15_profit_80_put_d20_b5,"101/98, sequential 15 DTE, profit 80; + 20-delta put; 5% credit budget",One position; short-strike notional capped at equity,20-delta put; 5% credit budget,Sequential unlevered hedge grid,0.0392617208125498,0.0526268063406106,0.7581370726478978,-0.1164018111046626,0.0396602713307769,0.036542330819389,0.0407919624004835,0.7484406432839465,0.6751228009759547,0.8919728489917336,0.8027170052671233,True,257.0,0.6731517509727627,-0.0140631981907465,-0.0106759600838135
vertical_100/97_weekly_dte45_m100_hold,"100/97, monthly 45 DTE, hold",5% concurrent max-loss budget; overlap allowed,None,ITM structure grid,0.0364116667441261,0.0564076457326261,0.662313361211896,-0.1154662928574384,0.032061922309158,0.0375175804504224,0.0484349096918821,0.5771044585443996,0.6568329414179918,0.96455240313703,0.7992814418258624,True,,,,
vertical_103/100_monthly_dte60_m103_short_delta_25,"103/100, monthly 60 DTE, short delta 25",5% concurrent max-loss budget; overlap allowed,None,ITM structure grid,0.0466978503335377,0.0631306833797038,0.7545821965951532,-0.1136291321683568,0.0491724558382302,0.0344786958629108,0.0515950820134774,0.7575167613208831,0.5951179675574482,0.9218477476563122,0.7987890995751659,True,,,,
vertical_delta50_3wide_weekly_dte45_d50_profit_75,"delta50_3wide, monthly 45 DTE, profit 75",5% concurrent max-loss budget; overlap allowed,None,ITM structure grid,0.0320261669654147,0.0539663197295153,0.6111786202791641,-0.126694666218558,0.0242205012537386,0.0418024674893802,0.0458626623910314,0.4605678657147241,0.7692113313625801,0.948757505910133,0.7968846276808366,True,,,,
vertical_delta70_3wide_monthly_dte60_d70_profit_75,"delta70_3wide, monthly 60 DTE, profit 75",5% concurrent max-loss budget; overlap allowed,None,ITM structure grid,0.0436840445705368,0.0629642763948503,0.7105325760007015,-0.1258196545560723,0.0432625123598948,0.0359534928719091,0.0527456558750887,0.6781339774949591,0.6054306654272948,0.945234686734614,0.7967483639484447,True,,,,
vertical_delta50_3wide_weekly_dte45_d50_hold,"delta50_3wide, monthly 45 DTE, hold",5% concurrent max-loss budget; overlap allowed,None,ITM structure grid,0.0371233100499208,0.0578159504893757,0.6594437051566113,-0.117358557880066,0.0325653068247513,0.0397632485115562,0.0482317773400926,0.5709629859394894,0.6782628736484323,0.9507263709157756,0.7965177222765805,True,,,,
102/99_dte21_profit_90_none,"102/99, sequential 21 DTE, profit 90",One position; short-strike notional capped at equity,None,Sequential unlevered hedge grid,0.0452378196697749,0.052029687550701,0.8764227676431237,-0.0996097584583364,0.0505462299075387,0.0404695420502319,0.0342117016177585,0.9588997225864792,0.7728782856513718,0.7405809888402792,0.7953827382372481,True,177.0,0.6101694915254238,-0.0157432131969316,-0.0163542243580458
101/98_dte15_profit_90_put_d20_b5,"101/98, sequential 15 DTE, profit 90; + 20-delta put; 5% credit budget",One position; short-strike notional capped at equity,20-delta put; 5% credit budget,Sequential unlevered hedge grid,0.0410842234202839,0.0547404656120224,0.7629606749594268,-0.1308640095962466,0.0399508258830565,0.0487458519457943,0.0368567914332862,0.778149303814174,0.8975948970068569,0.7478865754920544,0.7948024984568904,True,240.0,0.6625,-0.0154151153002959,
101/98_dte21_profit_90_put_d10_b5,"101/98, sequential 21 DTE, profit 90; + 10-delta put; 5% credit budget",One position; short-strike notional capped at equity,10-delta put; 5% credit budget,Sequential unlevered hedge grid,0.0345497087758002,0.0480062110386077,0.7316792645234076,-0.0986125836317103,0.0373601264160141,0.0135770276948865,0.0474084841764406,0.7969544537431935,0.2816672011190587,1.0623435195094215,0.7942996545482951,True,,,,
vertical_delta55_3wide_weekly_dte21_d55_short_delta_40,"delta55_3wide, monthly 21 DTE, short delta 40",5% concurrent max-loss budget; overlap allowed,None,ITM structure grid,0.0323281154184074,0.0689936881310573,0.4956884056216449,-0.1561499755671112,0.0118869605313953,0.070634836644305,0.0568585682103877,0.2031884127288977,0.9794664029785456,0.9370231026836242,0.7934252545579477,True,,,,
vertical_101/98_monthly_dte45_m101_profit_75,"101/98, monthly 45 DTE, profit 75",5% concurrent max-loss budget; overlap allowed,None,ITM structure grid,0.0335668696301585,0.0569528901154983,0.6082246756476507,-0.1068981520002033,0.024046859407182,0.0561520765924417,0.0398985502056554,0.4238858795719754,1.0599858294045883,0.8069842003961931,0.7928939070498051,True,,,,
vertical_delta60_3wide_monthly_dte45_d60_short_delta_40,"delta60_3wide, monthly 45 DTE, short delta 40",5% concurrent max-loss budget; overlap allowed,None,ITM structure grid,0.0358081484783814,0.0509963813553278,0.7153829889503974,-0.0809829527007448,0.0365079917657915,0.0386518926880434,0.0308840033396706,0.6690100280855438,0.8301023008470262,0.8267851837892414,0.7928079702142485,True,,,,
101/98_dte21_profit_50_put_d10_b5,"101/98, sequential 21 DTE, profit 50; + 10-delta put; 5% credit budget",One position; short-strike notional capped at equity,10-delta put; 5% credit budget,Sequential unlevered hedge grid,0.0335244362778659,0.0438703910850542,0.7737483137005151,-0.077623210230292,0.0300909829577875,0.0529999898568314,0.0245729296601533,0.6797627190368299,1.2108881082490517,0.6208588086356613,0.7924906706056696,True,,,,
vertical_101/98_monthly_dte45_m101_hold,"101/98, monthly 45 DTE, hold",5% concurrent max-loss budget; overlap allowed,None,ITM structure grid,0.0351063427297047,0.0607746615141323,0.5982001683595063,-0.1060267230779461,0.0272151968500509,0.0440753635038766,0.0500149402791196,0.4580697375366122,0.7219495835871007,0.9667611082571216,0.7923984274917785,True,,,,
vertical_delta55_3wide_weekly_dte45_d55_hold,"delta55_3wide, monthly 45 DTE, hold",5% concurrent max-loss budget; overlap allowed,None,ITM structure grid,0.0412748390910584,0.0613989724760913,0.689516976104971,-0.1245105031678693,0.0378272058404622,0.043766758571698,0.0491619461199259,0.6266552126010785,0.6899883475199466,0.910583247926252,0.7907386903437716,True,,,,
100/97_dte21_profit_70_put_d20_b5,"100/97, sequential 21 DTE, profit 70; + 20-delta put; 5% credit budget",One position; short-strike notional capped at equity,20-delta put; 5% credit budget,Sequential unlevered hedge grid,0.0304774577738664,0.0431525215626031,0.7175018860475139,-0.0784997029695687,0.0245877234143494,0.0512175680542057,0.0276436125407057,0.5789736616655587,1.1826305014021103,0.6712804808755237,0.7898941036428746,True,,,,
vertical_101/98_monthly_dte45_m101_short_delta_25,"101/98, monthly 45 DTE, short delta 25",5% concurrent max-loss budget; overlap allowed,None,ITM structure grid,0.0342353413879252,0.0555100072391826,0.6342434118030816,-0.1044113601124089,0.0263178201715208,0.0529059011657631,0.0395572980162339,0.4749010858790176,1.0088620421593573,0.8051561205476174,0.7894530748758088,True,,,,
vertical_102/99_monthly_dte60_m102_exit_14dte,"102/99, monthly 60 DTE, exit 14dte",5% concurrent max-loss budget; overlap allowed,None,ITM structure grid,0.0306596017023021,0.0513074573472571,0.6143161885556496,-0.1112798228125845,0.0276506612043705,0.0368519726279905,0.0335177570113751,0.5135505223548523,0.7771105350218661,0.9030246238421538,0.7842541428853361,True,,,,
vertical_delta55_3wide_monthly_dte30_d55_profit_50,"delta55_3wide, monthly 30 DTE, profit 50",5% concurrent max-loss budget; overlap allowed,None,ITM structure grid,0.0379950141303113,0.0420251585259388,0.9084124573631018,-0.0633700200434778,0.0444492036165595,0.0304769750232249,0.0263294232073449,1.024899423958662,0.7307285743811673,0.711375926891681,0.7829462663712419,True,,,,
101/98_dte21_profit_30_none,"101/98, sequential 21 DTE, profit 30",One position; short-strike notional capped at equity,None,Sequential unlevered hedge grid,0.0319211670633787,0.0445766688068206,0.7274037057862351,-0.0899166220644653,0.0269123128016073,0.0514973333324657,0.0275807108486962,0.609245789381604,1.146062975712269,0.6642190112739689,0.7827524885509157,True,,,,
vertical_100/97_weekly_dte45_m100_profit_75,"100/97, monthly 45 DTE, profit 75",5% concurrent max-loss budget; overlap allowed,None,ITM structure grid,0.0301780721493198,0.0533563099611859,0.5839604036470709,-0.1289535628176281,0.0219677771956829,0.0386019654361489,0.0466149689124528,0.4267953271730562,0.7183683009699603,0.9610983551112632,0.7825565922387873,True,,,,
vertical_delta75_3wide_monthly_dte60_d75_profit_50,"delta75_3wide, monthly 60 DTE, profit 50",5% concurrent max-loss budget; overlap allowed,None,ITM structure grid,0.0399739340000755,0.0597277883163135,0.6858612296146143,-0.1299217594076923,0.0368709341232682,0.0438602600948543,0.0454196182462955,0.6086187199734908,0.7983455860915779,0.8433157641894188,0.7811232095750889,True,,,,
vertical_delta60_3wide_monthly_dte45_d60_profit_75,"delta60_3wide, monthly 45 DTE, profit 75",5% concurrent max-loss budget; overlap allowed,None,ITM structure grid,0.0355159850991433,0.0577952217999334,0.632667846725735,-0.1079805878388293,0.0267163402140748,0.0567120984285742,0.0410250950492285,0.4723977291695724,0.9717207965101194,0.8068386067282214,0.7804759465396499,True,,,,
vertical_101/98_monthly_dte30_m101_short_delta_40,"101/98, monthly 30 DTE, short delta 40",5% concurrent max-loss budget; overlap allowed,None,ITM structure grid,0.0428013329452174,0.0479035511606618,0.8989221491701465,-0.0613417309628862,0.044259289477329,0.0588840677172217,0.0226731290245809,0.935573046150052,1.2560075834405502,0.4685970418052609,0.7785285886022906,True,,,,
vertical_delta75_3wide_monthly_dte60_d75_short_delta_25,"delta75_3wide, monthly 60 DTE, short delta 25",5% concurrent max-loss budget; overlap allowed,None,ITM structure grid,0.0490100508189008,0.0723323709061963,0.6977091478680604,-0.1351968852777916,0.0533180033211846,0.0235042521411905,0.0620308943973004,0.7238004142204626,0.3571064855171561,1.0159585824247626,0.7755968895115458,True,,,,
101/98_dte15_profit_90_put_d15_b5,"101/98, sequential 15 DTE, profit 90; + 15-delta put; 5% credit budget",One position; short-strike notional capped at equity,15-delta put; 5% credit budget,Sequential unlevered hedge grid,0.0403434331362668,0.0525003822266181,0.7797338970212665,-0.1328024115715537,0.0395203339566725,0.0467663330335639,0.0364147166355262,0.7671537430032961,0.854505319854422,0.737021100201517,0.7751833312169851,True,,,,
vertical_101/98_weekly_dte21_m101_profit_25,"101/98, monthly 21 DTE, profit 25",5% concurrent max-loss budget; overlap allowed,None,ITM structure grid,0.0316363371592378,0.0642638778677735,0.5168249293365127,-0.1275699990797453,0.0133605612835596,0.075711411733343,0.043793333094444,0.2326198484470185,1.1454096134480047,0.8044058792483131,0.7751308131868617,True,,,,
vertical_101/98_weekly_dte45_m101_hold,"101/98, monthly 45 DTE, hold",5% concurrent max-loss budget; overlap allowed,None,ITM structure grid,0.0442580628230036,0.0624789062441258,0.7244670305743577,-0.1244770507846042,0.0429158479197986,0.0472490804662422,0.045295730188003,0.6908225908412601,0.7407212309904453,0.8260685351121376,0.7742846669873048,True,,,,
101/98_dte21_profit_50_put_d15_b10,"101/98, sequential 21 DTE, profit 50; + 15-delta put; 10% credit budget",One position; short-strike notional capped at equity,15-delta put; 10% credit budget,Sequential unlevered hedge grid,0.0317701844829647,0.041147191180665,0.7808416836588283,-0.0658396461365182,0.0290287901124048,0.051532194244827,0.0204814714143461,0.6979609437289925,1.2772359257662391,0.5417823299909008,0.7729784563622419,True,,,,
100/97_dte21_profit_70_put_d15_b5,"100/97, sequential 21 DTE, profit 70; + 15-delta put; 5% credit budget",One position; short-strike notional capped at equity,15-delta put; 5% credit budget,Sequential unlevered hedge grid,0.0303446826907514,0.0432999168949634,0.7122345806975267,-0.0785788299082592,0.0248742723310095,0.0504305224129681,0.0268910588075004,0.5852118546699082,1.1564576807242757,0.6485163198342826,0.7723778163684492,True,,,,
vertical_delta75_3wide_monthly_dte45_d75_short_delta_40,"delta75_3wide, monthly 45 DTE, short delta 40",5% concurrent max-loss budget; overlap allowed,None,ITM structure grid,0.0474166933419633,0.0693974111385465,0.7023180121970236,-0.1033718278592087,0.0448251859727768,0.0598522878352614,0.0428382161717657,0.6289926471448359,0.9204533419532884,0.7541523714297869,0.7717702194946433,True,,,,
vertical_delta75_3wide_monthly_dte60_d75_exit_7dte,"delta75_3wide, monthly 60 DTE, exit 7dte",5% concurrent max-loss budget; overlap allowed,None,ITM structure grid,0.0461018908603139,0.0699597602232695,0.6792541610867291,-0.1171014543143086,0.0482668946251574,0.035781969108005,0.0500006004908579,0.6603867710321887,0.5668043994729826,0.925097337345243,0.7712332003043683,True,,,,
vertical_delta50_3wide_weekly_dte30_d50_hold,"delta50_3wide, monthly 30 DTE, hold",5% concurrent max-loss budget; overlap allowed,None,ITM structure grid,0.0367424907880264,0.0602180408671838,0.6294107175097374,-0.1310766996727446,0.0276116240003805,0.0574070832933673,0.0437824158811239,0.4736834696018027,0.9443892822496992,0.8019666269464893,0.7710742262269137,True,,,,
vertical_delta65_3wide_monthly_dte45_d65_hold,"delta65_3wide, monthly 45 DTE, hold",5% concurrent max-loss budget; overlap allowed,None,ITM structure grid,0.0408528875166369,0.0720715302738375,0.5915999778195072,-0.1017065984165065,0.0337074865825861,0.0542821792874443,0.0490230014013037,0.4646595004536455,0.8102042879706569,0.878939542790997,0.7708797662381602,True,,,,
101/98_dte21_profit_50_put_d20_b10,"101/98, sequential 21 DTE, profit 50; + 20-delta put; 10% credit budget",One position; short-strike notional capped at equity,20-delta put; 10% credit budget,Sequential unlevered hedge grid,0.032354218950745,0.0405561352524006,0.8055686772092954,-0.0611638050540783,0.0304597407373581,0.0513541372582688,0.0192914898149727,0.7453002332826036,1.282072271386978,0.5116550808525223,0.7686975109863258,True,,,,
100/97_dte21_profit_70_put_d10_b5,"100/97, sequential 21 DTE, profit 70; + 10-delta put; 5% credit budget",One position; short-strike notional capped at equity,10-delta put; 5% credit budget,Sequential unlevered hedge grid,0.0303433592199848,0.0434785764574567,0.7094612989767939,-0.0794291368789937,0.0251442080494772,0.0495703978778929,0.0269154446990256,0.5892217523791051,1.1275899124285764,0.6490229642885186,0.7657383530059485,True,,,,
vertical_delta75_3wide_monthly_dte45_d75_profit_25,"delta75_3wide, monthly 45 DTE, profit 25",5% concurrent max-loss budget; overlap allowed,None,ITM structure grid,0.0393562516877366,0.0464527611601426,0.8542028390578136,-0.0757415769350133,0.0489350007350108,0.0208986181168133,0.0294604286517352,0.9822863415766606,0.4816910026482442,0.8247042333421195,0.7655381024754013,True,,,,
leveraged_103_100_60d_profit_70,"103/100, monthly 60 DTE, 70% profit target",5% concurrent max-loss budget; overlap allowed,None,103/100 profit-target sweep,0.0432819330189486,0.0589257385949175,0.7484853357851695,-0.1202062044789989,0.0444433290935473,0.0381711061373792,0.0449289831068633,0.750026679531936,0.6824557407258706,0.8114105628429285,0.7636717521112393,True,,,,
101/98_dte15_profit_80_put_d20_b10,"101/98, sequential 15 DTE, profit 80; + 20-delta put; 10% credit budget",One position; short-strike notional capped at equity,20-delta put; 10% credit budget,Sequential unlevered hedge grid,0.0364288269611192,0.0503492885992805,0.7359770939201373,-0.1102442455798309,0.0387439908349056,0.0271579150841041,0.0388156456872428,0.76953396348173,0.5262547075859061,0.8801291803062635,0.7606560709638814,True,,,,
vertical_delta75_3wide_monthly_dte30_d75_profit_25,"delta75_3wide, monthly 30 DTE, profit 25",5% concurrent max-loss budget; overlap allowed,None,ITM structure grid,0.0467233649738776,0.0540720330984829,0.8715463142018475,-0.0667332095490642,0.0493800993680577,0.066309027076566,0.0197234645304067,0.8695384094506996,1.2876959818793188,0.4413735058292419,0.7601961412222403,True,,,,
103/100_dte30_profit_60_put_d20_b5,"103/100, sequential 30 DTE, profit 60; + 20-delta put; 5% credit budget",One position; short-strike notional capped at equity,20-delta put; 5% credit budget,Sequential unlevered hedge grid,0.030346558654775,0.0391408553824825,0.7833660293483539,-0.0703216432659766,0.0264822381808786,0.0553172227893206,0.0173556309873526,0.685914345639224,1.383799314934208,0.4652621624033979,0.75980466471597,True,,,,
vertical_delta70_3wide_monthly_dte60_d70_short_delta_25,"delta70_3wide, monthly 60 DTE, short delta 25",5% concurrent max-loss budget; overlap allowed,None,ITM structure grid,0.0417015377022815,0.067618197441032,0.6380908484768786,-0.1576007957831822,0.0425300677074571,0.0224176659518318,0.0588240229822609,0.6263471752334892,0.3590088418362535,1.020478259756306,0.7577525014699277,True,,,,
101/98_dte21_profit_90_put_d5_b5,"101/98, sequential 21 DTE, profit 90; + 5-delta put; 5% credit budget",One position; short-strike notional capped at equity,5-delta put; 5% credit budget,Sequential unlevered hedge grid,0.0326410473713632,0.048617748382217,0.6851057432760738,-0.0986086198685607,0.0346488282997026,0.0136520231606318,0.0458814804541951,0.7297177622674048,0.283005116268638,1.0166846249118986,0.757061830190827,True,,,,
vertical_101/98_monthly_dte45_m101_profit_25,"101/98, monthly 45 DTE, profit 25",5% concurrent max-loss budget; overlap allowed,None,ITM structure grid,0.031057518811896,0.0333776997560302,0.9330123291397114,-0.0410378827312272,0.0338240617749117,0.0411248456902577,0.0129228696281082,0.9999085660086156,1.1300025595123926,0.4616738889836909,0.7566251021852071,True,,,,
101/98_dte15_profit_80_put_d15_b10,"101/98, sequential 15 DTE, profit 80; + 15-delta put; 10% credit budget",One position; short-strike notional capped at equity,15-delta put; 10% credit budget,Sequential unlevered hedge grid,0.0356225457844892,0.0514377000889791,0.7063631253532581,-0.1152847220596515,0.0381562713752039,0.0212082708163785,0.0425795054310702,0.7466515004435654,0.4057553104352259,0.943447370742399,0.7557965505818666,True,,,,
vertical_delta75_3wide_monthly_dte45_d75_exit_14dte,"delta75_3wide, monthly 45 DTE, exit 14dte",5% concurrent max-loss budget; overlap allowed,None,ITM structure grid,0.0363155174311848,0.0535848662510052,0.6925329623363842,-0.1014086219281301,0.0333166437620582,0.0463657167959692,0.0353119470565232,0.6224708083353376,0.8493962845262285,0.7599080933256914,0.7549270352783418,True,,,,
vertical_100/97_weekly_dte30_m100_hold,"100/97, monthly 30 DTE, hold",5% concurrent max-loss budget; overlap allowed,None,ITM structure grid,0.0352060896917725,0.0597897401228883,0.6086807396355851,-0.1304767609621235,0.0261130424813262,0.0545197486546813,0.0434665094172852,0.4534905451483946,0.9041576077223707,0.7980911047374848,0.7539766100351528,True,,,,
101/98_dte15_profit_50_put_d20_b5,"101/98, sequential 15 DTE, profit 50; + 20-delta put; 5% credit budget",One position; short-strike notional capped at equity,20-delta put; 5% credit budget,Sequential unlevered hedge grid,0.0344771680047382,0.0503137283794452,0.6990337371379455,-0.1239170233444282,0.0320752887257895,0.0390951981205434,0.037077131447553,0.6494545234381355,0.7606739134671244,0.7896739385216568,0.7523269998571244,True,,,,
101/98_dte15_profit_80_put_d5_b10,"101/98, sequential 15 DTE, profit 80; + 5-delta put; 10% credit budget",One position; short-strike notional capped at equity,5-delta put; 10% credit budget,Sequential unlevered hedge grid,0.0339999759493137,0.056650953304629,0.6186322023767254,-0.1451401127205799,0.0302746437712748,0.0248346639260763,0.0545898076108484,0.5527817764076457,0.4589799453197741,0.9830491489791604,0.7510500475183431,True,,,,
vertical_delta60_3wide_weekly_dte45_d60_hold,"delta60_3wide, monthly 45 DTE, hold",5% concurrent max-loss budget; overlap allowed,None,ITM structure grid,0.0451088126599312,0.0675470824734991,0.6870370695339292,-0.130599606703728,0.0432654473070195,0.0500806635409321,0.0456765475836618,0.6429969146011711,0.7298615601227536,0.8030560929794086,0.7491466806639613,True,,,,
vertical_delta55_3wide_weekly_dte15_d55_short_delta_40,"delta55_3wide, monthly 15 DTE, short delta 40",5% concurrent max-loss budget; overlap allowed,None,ITM structure grid,0.0458897130099127,0.0872308270892072,0.5580450717876269,-0.1440719115800202,0.0229145642297512,0.1307465512574301,0.0339695355838642,0.2871720546749298,1.5654680504534637,0.5174949013009168,0.7489947786438265,True,,,,
vertical_delta60_3wide_monthly_dte45_d60_short_delta_25,"delta60_3wide, monthly 45 DTE, short delta 25",5% concurrent max-loss budget; overlap allowed,None,ITM structure grid,0.0325485900655888,0.0601606157115175,0.5624954330429164,-0.1156087370742194,0.0228801355960164,0.0535020532343843,0.0409422212271051,0.3865993680576327,0.9608206945184936,0.7866360818688403,0.7477626630769801,True,,,,
vertical_delta60_3wide_monthly_dte45_d60_hold,"delta60_3wide, monthly 45 DTE, hold",5% concurrent max-loss budget; overlap allowed,None,ITM structure grid,0.034970598917525,0.0645158767108163,0.5650500076594989,-0.0954261627697288,0.0275196348108357,0.0429838603278194,0.0494931544728636,0.4380691643909753,0.6708273409990118,0.9147748132247574,0.7473096172867278,True,,,,
vertical_delta65_3wide_monthly_dte45_d65_profit_75,"delta65_3wide, monthly 45 DTE, profit 75",5% concurrent max-loss budget; overlap allowed,None,ITM structure grid,0.0406625157734632,0.0630221006766292,0.6638222375966488,-0.1035310744144574,0.038910519848716,0.045434493781765,0.0411550069492394,0.601717472083253,0.7728692528807097,0.7931572607104481,0.7464357881475543,True,,,,
vertical_delta70_3wide_monthly_dte45_d70_hold,"delta70_3wide, monthly 45 DTE, hold",5% concurrent max-loss budget; overlap allowed,None,ITM structure grid,0.0460716694542779,0.0688537213407033,0.6886613859015265,-0.1031397052149558,0.0420391649359379,0.0640515414615261,0.0403650171982097,0.6099438329965079,0.9198933690869344,0.7118557929052509,0.7462589522639879,True,,,,
101/98_dte15_profit_80_put_d10_b10,"101/98, sequential 15 DTE, profit 80; + 10-delta put; 10% credit budget",One position; short-strike notional capped at equity,10-delta put; 10% credit budget,Sequential unlevered hedge grid,0.0340566167597509,0.0535465165476901,0.6523615229198181,-0.1259437579943035,0.0349038516076347,0.0176694195082105,0.0481326983719938,0.6612253098970334,0.3375035280581732,0.9942698924829636,0.7459307770325618,True,,,,
vertical_delta50_3wide_weekly_dte60_d50_hold,"delta50_3wide, monthly 60 DTE, hold",5% concurrent max-loss budget; overlap allowed,None,ITM structure grid,0.0316606371926444,0.0518346345132326,0.6273174499758875,-0.097371857428638,0.0269692214212755,0.0417438985752096,0.0357219554603351,0.5263158655712482,0.7806745261103373,0.8097106620741631,0.7417030873979419,True,,,,
vertical_delta50_3wide_monthly_dte30_d50_short_delta_25,"delta50_3wide, monthly 30 DTE, short delta 25",5% concurrent max-loss budget; overlap allowed,None,ITM structure grid,0.034074218235248,0.0456718458000834,0.7565426949759878,-0.0766791913685644,0.034759217735758,0.0360706396567354,0.0300360315104608,0.7568894420367489,0.8246931403472236,0.6875037933249474,0.7391128675523908,True,,,,
vertical_delta65_3wide_weekly_dte60_d65_profit_75,"delta65_3wide, monthly 60 DTE, profit 75",5% concurrent max-loss budget; overlap allowed,None,ITM structure grid,0.0441552134571667,0.0568274167528591,0.7888064821946088,-0.1124940058659772,0.0489021892209633,0.0361316675892522,0.0380379134735451,0.8546998687135313,0.6387476388167813,0.7393793018124648,0.7364621891369183,True,,,,
vertical_100/97_weekly_dte60_m100_hold,"100/97, monthly 60 DTE, hold",5% concurrent max-loss budget; overlap allowed,None,ITM structure grid,0.0311768957116527,0.0510302610549863,0.627202022845932,-0.096385582549472,0.0269275602056451,0.0412770006121734,0.0338869033248447,0.5300367694267697,0.792047730027384,0.7889420485806721,0.7347086744957907,True,,,,
vertical_103/100_monthly_dte60_m103_short_delta_40,"103/100, monthly 60 DTE, short delta 40",5% concurrent max-loss budget; overlap allowed,None,ITM structure grid,0.0408918842949197,0.059747866593414,0.7007075420585136,-0.0782456548407265,0.0408029979870829,0.0429820080145384,0.0390717663366264,0.6660074755625269,0.8023625360268207,0.7276289734350452,0.7343769962644582,True,,,,
vertical_101/98_monthly_dte15_m101_short_delta_40,"101/98, monthly 15 DTE, short delta 40",5% concurrent max-loss budget; overlap allowed,None,ITM structure grid,0.0406399873078264,0.0818566270197718,0.5275811968841972,-0.1502952402359989,0.0272181696194182,0.0595485048574642,0.0626034263705057,0.3671451683530675,0.6771087545734392,0.9138577695509148,0.7340359683601969,True,,,,
vertical_delta55_3wide_monthly_dte30_d55_exit_7dte,"delta55_3wide, monthly 30 DTE, exit 7dte",5% concurrent max-loss budget; overlap allowed,None,ITM structure grid,0.031674342470066,0.0456744369647323,0.7056184243187923,-0.1024317572322808,0.0314440669000979,0.0326010279613409,0.0314380880843185,0.678118436309519,0.7610492540967635,0.7427707701820901,0.733927306493543,True,,,,
vertical_delta55_3wide_weekly_dte45_d55_profit_75,"delta55_3wide, monthly 45 DTE, profit 75",5% concurrent max-loss budget; overlap allowed,None,ITM structure grid,0.0349262938745131,0.0578802289556837,0.6221247436460964,-0.1299462437275075,0.0283967026648337,0.0495016024985417,0.0400902926141788,0.5031825471667501,0.8531097416829616,0.7650041113681824,0.7334693475444537,True,,,,
vertical_101/98_weekly_dte30_m101_profit_75,"101/98, monthly 30 DTE, profit 75",5% concurrent max-loss budget; overlap allowed,None,ITM structure grid,0.0452822534333448,0.0607418511997424,0.7595449635563902,-0.1128628551823657,0.0433020980957767,0.0658798690740478,0.0309227154327682,0.7171433430615076,1.0571484453382882,0.5711658043978094,0.7333960113483419,True,,,,
vertical_delta55_3wide_weekly_dte60_d55_hold,"delta55_3wide, monthly 60 DTE, hold",5% concurrent max-loss budget; overlap allowed,None,ITM structure grid,0.0351870741289612,0.0555520989553355,0.6503738927608943,-0.111730414975895,0.0316648062435436,0.0428776838935391,0.038099773858641,0.5786237626950799,0.7486181849242437,0.7868591314257783,0.7324150656243014,True,,,,
vertical_delta60_3wide_weekly_dte21_d60_short_delta_40,"delta60_3wide, monthly 21 DTE, short delta 40",5% concurrent max-loss budget; overlap allowed,None,ITM structure grid,0.0397908966495637,0.0748628968907939,0.5586872241519605,-0.1597698675161988,0.0294486783817122,0.0541600092487564,0.0567984187195946,0.4249380288594146,0.6695192690333094,0.8905029083211834,0.7322406981630273,True,,,,
vertical_delta75_3wide_monthly_dte45_d75_exit_7dte,"delta75_3wide, monthly 45 DTE, exit 7dte",5% concurrent max-loss budget; overlap allowed,None,ITM structure grid,0.0454998499933001,0.0622332933363113,0.7461445520260768,-0.1052242789573425,0.0474595957278329,0.0486079153523182,0.0365688111065742,0.7522951715859812,0.7719308922691996,0.7024343266352944,0.7316586173254519,True,,,,
vertical_delta60_3wide_weekly_dte15_d60_profit_25,"delta60_3wide, monthly 15 DTE, profit 25",5% concurrent max-loss budget; overlap allowed,None,ITM structure grid,0.0399848868755834,0.0838595747851368,0.5094469774007053,-0.1468762992254267,0.01191743325922,0.1388167838354934,0.0308578996571116,0.1770788301535743,1.5696223463081618,0.5223025844543618,0.731063401067328,True,,,,
vertical_101/98_weekly_dte30_m101_short_delta_25,"101/98, monthly 30 DTE, short delta 25",5% concurrent max-loss budget; overlap allowed,None,ITM structure grid,0.0470494065854669,0.0590138742981858,0.8086582770176302,-0.1081869028121145,0.0492321553071637,0.0573120049668807,0.030437208783026,0.8319991573365627,0.9539914476770074,0.5737279743218429,0.7310275503824207,True,,,,
vertical_100/97_monthly_dte30_m100_profit_50,"100/97, monthly 30 DTE, profit 50",5% concurrent max-loss budget; overlap allowed,None,ITM structure grid,0.031043721209814,0.0364174592999728,0.857740461504667,-0.0568338482950843,0.0349795599031814,0.0296847189351214,0.0206865742858808,0.9567481933904176,0.8164479513663371,0.593484537862469,0.730140531931848,True,,,,
vertical_delta60_3wide_weekly_dte60_d60_hold,"delta60_3wide, monthly 60 DTE, hold",5% concurrent max-loss budget; overlap allowed,None,ITM structure grid,0.0400360115753897,0.0593735638083253,0.6909273023393225,-0.1285349118000268,0.0394090802497837,0.041207551599032,0.0407442394757564,0.6692123228713178,0.686298691214344,0.7730223653856191,0.7275604341610254,True,,,,
vertical_delta70_3wide_weekly_dte21_d70_profit_25,"delta70_3wide, monthly 21 DTE, profit 25",5% concurrent max-loss budget; overlap allowed,None,ITM structure grid,0.0386738404160647,0.0750206197199982,0.5432813068600078,-0.1548014472815714,0.024146711668586,0.0780147735499297,0.0439036342506116,0.3420054887616804,1.034951327960788,0.7250816413555738,0.7269076066682367,True,,,,
vertical_delta65_3wide_monthly_dte45_d65_exit_14dte,"delta65_3wide, monthly 45 DTE, exit 14dte",5% concurrent max-loss budget; overlap allowed,None,ITM structure grid,0.030291741051952,0.0561200881300831,0.5598017999484094,-0.0827930809556674,0.0267520831332581,0.0413386379350604,0.0299268702693613,0.4483998933412995,0.9049990686513476,0.7544230614817327,0.726701461899739,True,,,,
vertical_delta60_3wide_monthly_dte30_d60_profit_25,"delta60_3wide, monthly 30 DTE, profit 25",5% concurrent max-loss budget; overlap allowed,None,ITM structure grid,0.0351967425318411,0.0404810382740187,0.8746839353236118,-0.0568078235752919,0.0419367893829312,0.031095416504641,0.0193016237108218,0.9693243515617948,0.8984622420099281,0.5379036635707173,0.726434438554471,True,,,,
vertical_101/98_weekly_dte60_m101_hold,"101/98, monthly 60 DTE, hold",5% concurrent max-loss budget; overlap allowed,None,ITM structure grid,0.0367249833519671,0.054640227873503,0.6874730401277122,-0.1035995013782172,0.0346870640115133,0.0438230016653136,0.0357632634779025,0.6452271783909229,0.7688413535569346,0.7372587425785477,0.7263710904499171,True,,,,
vertical_102/99_monthly_dte30_m102_profit_25,"102/99, monthly 30 DTE, profit 25",5% concurrent max-loss budget; overlap allowed,None,ITM structure grid,0.0489804340950137,0.0483539395042252,1.0131121032385262,-0.0665601430021078,0.0603100325065697,0.0533773936045762,0.0115162945725308,1.1583617793006522,1.2196625080543286,0.2919876811513893,0.7259749448082272,True,,,,
vertical_delta65_3wide_weekly_dte60_d65_hold,"delta65_3wide, monthly 60 DTE, hold",5% concurrent max-loss budget; overlap allowed,None,ITM structure grid,0.0454943383981101,0.0645347004153324,0.7217506177616966,-0.139689259309933,0.0483894309493571,0.0383172571865442,0.0440354071744741,0.7443596694380639,0.609039421907019,0.7752198492970604,0.7236987923171642,True,,,,
101/98_dte21_profit_90_put_d20_b10,"101/98, sequential 21 DTE, profit 90; + 20-delta put; 10% credit budget",One position; short-strike notional capped at equity,20-delta put; 10% credit budget,Sequential unlevered hedge grid,0.0310289093945672,0.0458654364270546,0.6893007461836727,-0.0976796347223528,0.0358691702390856,0.0057009786976907,0.0422663241862473,0.8076813460793495,0.1357092476314594,0.9984897308396136,0.7232544538579413,True,,,,
vertical_delta75_3wide_monthly_dte60_d75_short_delta_40,"delta75_3wide, monthly 60 DTE, short delta 40",5% concurrent max-loss budget; overlap allowed,None,ITM structure grid,0.0417207079043808,0.0710948997178105,0.6104866470222982,-0.1314188796163861,0.0389508044707853,0.0406218234425945,0.0511725437327548,0.542669618572439,0.6417517274496283,0.8373062297793289,0.7215401542401672,True,,,,
vertical_delta60_3wide_weekly_dte30_d60_profit_75,"delta60_3wide, monthly 30 DTE, profit 75",5% concurrent max-loss budget; overlap allowed,None,ITM structure grid,0.0410796042088066,0.0642667469424252,0.6586159685779327,-0.1414943993399335,0.034030218947882,0.0658182368788449,0.0378273682009493,0.5486588615801988,0.977455926165084,0.6577119278363377,0.7213803715542629,True,,,,
vertical_delta70_3wide_monthly_dte60_d70_short_delta_40,"delta70_3wide, monthly 60 DTE, short delta 40",5% concurrent max-loss budget; overlap allowed,None,ITM structure grid,0.0344761242737383,0.0648995903180797,0.5547665210996292,-0.1375068379107866,0.027495548195719,0.0438303564618616,0.0462148896367144,0.4239803941187805,0.8008543981909503,0.8021646562934788,0.7203696389222569,True,,,,
103/100_dte30_profit_60_put_d15_b5,"103/100, sequential 30 DTE, profit 60; + 15-delta put; 5% credit budget",One position; short-strike notional capped at equity,15-delta put; 5% credit budget,Sequential unlevered hedge grid,0.0301945121137499,0.0403820193371141,0.7568288618901732,-0.0728560620791909,0.0274163740769404,0.0529949863921399,0.0160749517036189,0.6804524930122468,1.3112416189610991,0.4285363994304896,0.7198293645963739,True,,,,
101/98_dte15_profit_50_put_d15_b5,"101/98, sequential 15 DTE, profit 50; + 15-delta put; 5% credit budget",One position; short-strike notional capped at equity,15-delta put; 5% credit budget,Sequential unlevered hedge grid,0.0336053622780632,0.0506596976129103,0.6779669313691612,-0.1267508959807581,0.0314590240680938,0.038585788953559,0.0350751066178198,0.6347193231575726,0.747696025623177,0.7385429409981402,0.7192000685154164,True,,,,
101/98_dte15_profit_80_put_d5_b15,"101/98, sequential 15 DTE, profit 80; + 5-delta put; 15% credit budget",One position; short-strike notional capped at equity,5-delta put; 15% credit budget,Sequential unlevered hedge grid,0.0313262724741114,0.0566808787268367,0.5726570287347778,-0.1508300463222349,0.0266792466907475,0.0239417144872213,0.0529142954687846,0.4912363201241239,0.4430478340750333,0.9543029198445152,0.7188645693331123,True,,,,
vertical_delta60_3wide_weekly_dte45_d60_profit_50,"delta60_3wide, monthly 45 DTE, profit 50",5% concurrent max-loss budget; overlap allowed,None,ITM structure grid,0.0375974444556681,0.0503641956272549,0.7580207584143165,-0.1031903112551265,0.0396941073035121,0.0391856605379246,0.0297648417888192,0.7840484734433147,0.7620859066826458,0.6687424416544704,0.7183020443558255,True,,,,
vertical_102/99_monthly_dte45_m102_profit_75,"102/99, monthly 45 DTE, profit 75",5% concurrent max-loss budget; overlap allowed,None,ITM structure grid,0.0393208598324232,0.0630562831523727,0.6431541145716538,-0.1060124653789754,0.036237416569592,0.045291886531116,0.0426239580416287,0.5885139349584277,0.6867169957228615,0.7868929229477071,0.7177182121054984,True,,,,
101/98_dte15_profit_90_put_d20_b10,"101/98, sequential 15 DTE, profit 90; + 20-delta put; 10% credit budget",One position; short-strike notional capped at equity,20-delta put; 10% credit budget,Sequential unlevered hedge grid,0.0374495217104497,0.0496142749283209,0.7659589256811221,-0.1282168038412406,0.0382946863772242,0.0428071539879368,0.029604385996923,0.7872179984421219,0.8302444859030408,0.6308786765302365,0.7176790520753089,True,,,,
vertical_101/98_weekly_dte45_m101_profit_50,"101/98, monthly 45 DTE, profit 50",5% concurrent max-loss budget; overlap allowed,None,ITM structure grid,0.0339030126966286,0.0481436360727737,0.7166465614616299,-0.0945812684277542,0.0334045000068454,0.0386600865675228,0.0306558750955221,0.7048910507049676,0.7711100650930857,0.6942633002577515,0.7173074801540553,True,,,,
vertical_delta60_3wide_monthly_dte30_d60_short_delta_40,"delta60_3wide, monthly 30 DTE, short delta 40",5% concurrent max-loss budget; overlap allowed,None,ITM structure grid,0.0424842011142896,0.0512756806595199,0.8370787510005362,-0.0810810356268357,0.0501269260878762,0.0387251725187487,0.0236087366728428,0.9070968058726852,0.8880805201390465,0.5508415266265784,0.7172132893290072,True,,,,
vertical_101/98_monthly_dte45_m101_exit_7dte,"101/98, monthly 45 DTE, exit 7dte",5% concurrent max-loss budget; overlap allowed,None,ITM structure grid,0.0303289378402016,0.0500441169727032,0.6221299656792845,-0.1174606642676248,0.0299458718233702,0.0285332047685298,0.0332783393389839,0.5773112150453908,0.6147253926991083,0.8275672364048685,0.7162746452019484,True,,,,
vertical_102/99_monthly_dte45_m102_exit_14dte,"102/99, monthly 45 DTE, exit 14dte",5% concurrent max-loss budget; overlap allowed,None,ITM structure grid,0.031928872257364,0.0485325583719177,0.6718905090110995,-0.077978657951898,0.0305068097861147,0.0426857911971385,0.0255111432556183,0.6048467070006577,0.941345805280054,0.6439995411567826,0.7152522788496134,True,,,,
vertical_delta60_3wide_monthly_dte30_d60_exit_7dte,"delta60_3wide, monthly 30 DTE, exit 7dte",5% concurrent max-loss budget; overlap allowed,None,ITM structure grid,0.0347742385944485,0.0542983054882409,0.656716586781641,-0.1052879644347847,0.035055268594019,0.0343776242209474,0.0343291664693199,0.6176781901343302,0.7279879191172427,0.7492963330467107,0.7149685335009797,True,,,,
vertical_102/99_weekly_dte60_m102_hold,"102/99, monthly 60 DTE, hold",5% concurrent max-loss budget; overlap allowed,None,ITM structure grid,0.0451160053896113,0.0613423514131562,0.7501437980158493,-0.1190819020397881,0.0484321089366572,0.0438497382478082,0.0364993606820691,0.7786103698235415,0.727737690228202,0.6813415901969052,0.7144111529306192,True,,,,
101/98_dte15_profit_90_put_d10_b5,"101/98, sequential 15 DTE, profit 90; + 10-delta put; 5% credit budget",One position; short-strike notional capped at equity,10-delta put; 5% credit budget,Sequential unlevered hedge grid,0.0375310185204289,0.0534575552307489,0.7160916943716576,-0.1407311647935925,0.0370665788774993,0.0417813078363222,0.0346851053029699,0.7108576244322733,0.7494041537745788,0.6961790516055523,0.7136783773484275,True,,,,
vertical_delta65_3wide_monthly_dte45_d65_exit_7dte,"delta65_3wide, monthly 45 DTE, exit 7dte",5% concurrent max-loss budget; overlap allowed,None,ITM structure grid,0.0363411046849877,0.0632326376118679,0.5961513090486485,-0.1204328465492986,0.0362637785405526,0.0364470360314703,0.0364668659990767,0.5406103581954215,0.6798348286437206,0.8058490062877189,0.7135898949389676,True,,,,
vertical_delta80_3wide_weekly_dte30_d80_profit_25,"delta80_3wide, monthly 30 DTE, profit 25",5% concurrent max-loss budget; overlap allowed,None,ITM structure grid,0.0412913899809261,0.0630366366630151,0.6733209124859046,-0.1311633934050375,0.042225902602889,0.0396415903829794,0.0401445634040664,0.6661744703682397,0.6193734622494868,0.7825091133464664,0.7133561840394314,True,,,,
vertical_delta60_3wide_weekly_dte30_d60_short_delta_25,"delta60_3wide, monthly 30 DTE, short delta 25",5% concurrent max-loss budget; overlap allowed,None,ITM structure grid,0.0428207475463868,0.0618637290631524,0.7087602977750593,-0.1344158839014015,0.0400533092079964,0.057935892917039,0.0361379356490987,0.6667895040393337,0.8895087778240643,0.63941137642334,0.7129773380510921,True,,,,
101/98_dte15_profit_80_put_d5_b20,"101/98, sequential 15 DTE, profit 80; + 5-delta put; 20% credit budget",One position; short-strike notional capped at equity,5-delta put; 20% credit budget,Sequential unlevered hedge grid,0.0306409969250671,0.0566555129284132,0.5611560667301055,-0.1519150338039745,0.0256261182129677,0.0239417144872213,0.0526553321707379,0.4734752832540509,0.4430478340750334,0.9501490914378656,0.7129734033988094,True,,,,
vertical_102/99_monthly_dte45_m102_exit_7dte,"102/99, monthly 45 DTE, exit 7dte",5% concurrent max-loss budget; overlap allowed,None,ITM structure grid,0.0398749954427095,0.0560370689143861,0.7258330202759378,-0.1004196934611311,0.0432827600466194,0.0385485154023057,0.0310469572017055,0.7384875399709185,0.730638627995974,0.6908555693778855,0.7114438747111679,True,,,,
vertical_101/98_weekly_dte60_m101_exit_7dte,"101/98, monthly 60 DTE, exit 7dte",5% concurrent max-loss budget; overlap allowed,None,ITM structure grid,0.0312551874278241,0.0487748247411317,0.6554442219009297,-0.0979484159110041,0.0296015054948315,0.0338502787951555,0.0336245206018099,0.6158928349172631,0.6762786649834491,0.7652236264928269,0.7096098269199582,True,,,,
vertical_delta70_3wide_monthly_dte45_d70_short_delta_40,"delta70_3wide, monthly 45 DTE, short delta 40",5% concurrent max-loss budget; overlap allowed,None,ITM structure grid,0.04667371141681,0.0576792824635587,0.8197733166954695,-0.0707090812834836,0.0520656394016156,0.0535762484669415,0.0239316641908815,0.8602781201682053,1.031046483964844,0.4795029573200679,0.7085321493460228,True,,,,
vertical_102/99_monthly_dte45_m102_short_delta_40,"102/99, monthly 45 DTE, short delta 40",5% concurrent max-loss budget; overlap allowed,None,ITM structure grid,0.0437887848813054,0.0559913419307462,0.7934642362492602,-0.0835831443410155,0.0486426075165267,0.0497567278147685,0.0235285871172781,0.8169444273640328,0.9847300396946268,0.5204349807052885,0.7082880880058319,True,,,,
103/100_dte30_profit_80_none,"103/100, sequential 30 DTE, profit 80",One position; short-strike notional capped at equity,None,Sequential unlevered hedge grid,0.039875511423665,0.0427502654913459,0.9359906023544404,-0.0527890306213304,0.0463604547472373,0.0431757670113448,0.0174569584455799,1.111556764310278,0.9380423401878236,0.4258221766670288,0.707754248262456,True,,,,
vertical_delta70_3wide_weekly_dte15_d70_profit_25,"delta70_3wide, monthly 15 DTE, profit 25",5% concurrent max-loss budget; overlap allowed,None,ITM structure grid,0.0494791593076935,0.0880140168339829,0.5926708283657685,-0.1926821498543619,0.0267156263383014,0.1399083689715494,0.0318362193306285,0.3352471140168274,1.4443515597376932,0.4738286020072875,0.7075563408771681,True,,,,
vertical_delta60_3wide_monthly_dte45_d60_exit_7dte,"delta60_3wide, monthly 45 DTE, exit 7dte",5% concurrent max-loss budget; overlap allowed,None,ITM structure grid,0.0313138329898821,0.0551924697406472,0.5862623913875216,-0.1035987891920534,0.0309770869634922,0.0279149363734114,0.0357368642579263,0.5357811531957549,0.5742124015412989,0.8469463147502017,0.706019669878541,True,,,,
vertical_delta70_3wide_monthly_dte45_d70_exit_14dte,"delta70_3wide, monthly 45 DTE, exit 14dte",5% concurrent max-loss budget; overlap allowed,None,ITM structure grid,0.0311435819656304,0.0490524147704118,0.6497781607057389,-0.0978785093858247,0.0279222210006879,0.0424828299614159,0.0295338673265259,0.5744440980082942,0.8448081898443686,0.6857619466922773,0.7052274515790488,True,,,,
vertical_delta65_3wide_weekly_dte60_d65_short_delta_25,"delta65_3wide, monthly 60 DTE, short delta 25",5% concurrent max-loss budget; overlap allowed,None,ITM structure grid,0.0423082709036601,0.058726872249931,0.7350240576498965,-0.1174799959945589,0.0454076108760155,0.0380373441244141,0.0373279899716485,0.7717345481601285,0.6565636885468538,0.7010786747916141,0.7039428475215295,True,,,,
vertical_delta60_3wide_weekly_dte60_d60_exit_7dte,"delta60_3wide, monthly 60 DTE, exit 7dte",5% concurrent max-loss budget; overlap allowed,None,ITM structure grid,0.0334908692741304,0.0543645897017731,0.6331952434498394,-0.1135210047852264,0.0319232888856666,0.0339433548151979,0.037747297444886,0.5919759942686356,0.6250160888783906,0.7882037691579685,0.7024718302838612,True,,,,
vertical_delta65_3wide_monthly_dte30_d65_exit_7dte,"delta65_3wide, monthly 30 DTE, exit 7dte",5% concurrent max-loss budget; overlap allowed,None,ITM structure grid,0.0378563475386832,0.0594837472626155,0.6544243491598957,-0.1071043442236926,0.0384192308215818,0.0395279175195728,0.0345055883311087,0.6184099346736601,0.7506646067524625,0.712535353963763,0.7021377537870357,True,,,,
102/99_dte30_profit_60_none,"102/99, sequential 30 DTE, profit 60",One position; short-strike notional capped at equity,None,Sequential unlevered hedge grid,0.0347252147249612,0.0415942525460215,0.8415711389658602,-0.0728626133145121,0.0350521325585844,0.0557263208031524,0.0131825104409761,0.8568612113911964,1.273642005704306,0.3396179084345968,0.7009057512486403,True,,,,
vertical_delta60_3wide_weekly_dte60_d60_profit_75,"delta60_3wide, monthly 60 DTE, profit 75",5% concurrent max-loss budget; overlap allowed,None,ITM structure grid,0.0362415890433132,0.0529621929766375,0.6987081768384544,-0.1112872732667022,0.0362568391938988,0.0374851647037786,0.0349538702804006,0.7045081663187098,0.6763038908199601,0.7072483713392625,0.6982472010062732,True,,,,
vertical_delta70_3wide_weekly_dte60_d70_short_delta_25,"delta70_3wide, monthly 60 DTE, short delta 25",5% concurrent max-loss budget; overlap allowed,None,ITM structure grid,0.0490876668117188,0.0622796363445105,0.8006733041787292,-0.122095254074241,0.057371938385538,0.0361349233478911,0.0374635238190466,0.9134487317882748,0.5900534565012081,0.6639467866490761,0.6965713976359542,True,,,,
vertical_delta50_3wide_weekly_dte15_d50_profit_50,"delta50_3wide, monthly 15 DTE, profit 50",5% concurrent max-loss budget; overlap allowed,None,ITM structure grid,0.0411009234764319,0.0800685476078912,0.5431670553706032,-0.1464239779823033,0.0259844073105013,0.0899396125896223,0.0389967365249077,0.3451109894166887,1.1388785691937129,0.6111307666369611,0.6963683795664724,True,,,,
vertical_delta60_3wide_monthly_dte30_d60_profit_50,"delta60_3wide, monthly 30 DTE, profit 50",5% concurrent max-loss budget; overlap allowed,None,ITM structure grid,0.0447438389056187,0.051128504556365,0.8816360241690355,-0.0816899758285667,0.0545609301570009,0.0385707209791501,0.0219135011894915,1.0068017676254286,0.8679844268340174,0.4802166760146804,0.6962883122765624,True,,,,
vertical_delta60_3wide_weekly_dte60_d60_short_delta_25,"delta60_3wide, monthly 60 DTE, short delta 25",5% concurrent max-loss budget; overlap allowed,None,ITM structure grid,0.0369767105987703,0.0518381789314048,0.7264074632436887,-0.1016391696660619,0.0388215950667509,0.034795064907459,0.0336436157584445,0.7631066996285916,0.6548149390486235,0.6907659325600605,0.6961934523108437,True,,,,
vertical_101/98_weekly_dte30_m101_short_delta_40,"101/98, monthly 30 DTE, short delta 40",5% concurrent max-loss budget; overlap allowed,None,ITM structure grid,0.0368940091673546,0.0530271892785413,0.7097909881645764,-0.095587543836935,0.0338661297752818,0.057240607284096,0.0258881603571397,0.6514700991287338,1.0468799958616757,0.5301785254218306,0.6955088753621019,True,,,,
vertical_delta70_3wide_monthly_dte60_d70_exit_14dte,"delta70_3wide, monthly 60 DTE, exit 14dte",5% concurrent max-loss budget; overlap allowed,None,ITM structure grid,0.0336834661683436,0.0599873077531348,0.5823008333397112,-0.0954615795587933,0.032972364592972,0.0379758372913738,0.0315334320294196,0.5224783837021454,0.6992361924552228,0.7656282753440331,0.6942250266751151,True,,,,
vertical_102/99_weekly_dte60_m102_profit_75,"102/99, monthly 60 DTE, profit 75",5% concurrent max-loss budget; overlap allowed,None,ITM structure grid,0.0410086901234043,0.0555514441085143,0.7513190420572405,-0.1101254941458645,0.0448601952520373,0.0380427980820079,0.0324959050250153,0.8021019632333468,0.6905592173714877,0.6512234171398728,0.6936987116035344,True,,,,
vertical_delta65_3wide_weekly_dte60_d65_exit_7dte,"delta65_3wide, monthly 60 DTE, exit 7dte",5% concurrent max-loss budget; overlap allowed,None,ITM structure grid,0.0374537806849282,0.0601707454131831,0.6412351553998813,-0.1213664912802239,0.0373341163579523,0.0354666778394228,0.0398039848475348,0.6182139703773015,0.6066704934214887,0.7691162417007142,0.6930813553023127,True,,,,
vertical_delta50_3wide_monthly_dte21_d50_short_delta_40,"delta50_3wide, monthly 21 DTE, short delta 40",5% concurrent max-loss budget; overlap allowed,None,ITM structure grid,0.0337588459436222,0.0556400431460961,0.6245584450992522,-0.1139192692390922,0.0352832294052953,0.0169049803258614,0.046262904929248,0.6196363379007789,0.366295257505794,0.8915736944827778,0.6927619568128796,True,,,,
vertical_102/99_weekly_dte60_m102_exit_7dte,"102/99, monthly 60 DTE, exit 7dte",5% concurrent max-loss budget; overlap allowed,None,ITM structure grid,0.0376020230257749,0.05640606021779,0.6826841160384696,-0.1062396595871141,0.0385251691457504,0.0381854754986286,0.0342595914276087,0.676826811082652,0.6911881435617608,0.6984805383446734,0.6918297383290217,True,,,,
vertical_101/98_weekly_dte45_m101_profit_75,"101/98, monthly 45 DTE, profit 75",5% concurrent max-loss budget; overlap allowed,None,ITM structure grid,0.0381130076548785,0.0581986609748573,0.6718701079680022,-0.1245681415264329,0.0363814694348343,0.0463833372408266,0.0350719717555934,0.6327145152809817,0.8065660289751622,0.6555854117024827,0.6915284011839794,True,,,,
vertical_101/98_monthly_dte30_m101_exit_7dte,"101/98, monthly 30 DTE, exit 7dte",5% concurrent max-loss budget; overlap allowed,None,ITM structure grid,0.0342290900351378,0.048743680569513,0.7149090040444764,-0.1036154363694935,0.0361293499644852,0.0327342195285891,0.0300455260814576,0.7320290557927849,0.7102305272461248,0.6650900575807057,0.6913979193752494,True,,,,
100/97_dte15_profit_70_put_d20_b5,"100/97, sequential 15 DTE, profit 70; + 20-delta put; 5% credit budget",One position; short-strike notional capped at equity,20-delta put; 5% credit budget,Sequential unlevered hedge grid,0.0318287432497097,0.0487578369083245,0.6672181023699598,-0.1090928573576321,0.0327024247364595,0.0231647069565836,0.0379308692732747,0.6862312030851151,0.4820630961883357,0.8024326838773647,0.6913886066855295,True,,,,
vertical_delta80_3wide_monthly_dte60_d80_short_delta_40,"delta80_3wide, monthly 60 DTE, short delta 40",5% concurrent max-loss budget; overlap allowed,None,ITM structure grid,0.0482767146268483,0.0838228941202274,0.6043155834357303,-0.1281284755588779,0.0525437881017909,0.0304928436750575,0.0534676696280285,0.590696578518434,0.4869299155290112,0.8392358484847998,0.6903864482459909,True,,,,
101/98_dte21_profit_90_put_d15_b10,"101/98, sequential 21 DTE, profit 90; + 15-delta put; 10% credit budget",One position; short-strike notional capped at equity,15-delta put; 10% credit budget,Sequential unlevered hedge grid,0.0301978064015557,0.0464251050926922,0.664185856425211,-0.1051189309565723,0.0356697500817995,0.0032914816406712,0.0411690562435071,0.7951323384976876,0.0888264762852591,0.9645019894350642,0.6901460502060212,True,,,,
101/98_dte15_profit_80_put_d20_b15,"101/98, sequential 15 DTE, profit 80; + 20-delta put; 15% credit budget",One position; short-strike notional capped at equity,20-delta put; 15% credit budget,Sequential unlevered hedge grid,0.0339240465266938,0.0492647266621026,0.7019596620710513,-0.1061768398339221,0.0384002002953223,0.0178641859185948,0.0367320306987708,0.7838455019819243,0.3664164703637328,0.8213800609456987,0.6900669395681763,True,,,,
104/101_dte21_profit_90_put_d20_b5,"104/101, sequential 21 DTE, profit 90; + 20-delta put; 5% credit budget",One position; short-strike notional capped at equity,20-delta put; 5% credit budget,Sequential unlevered hedge grid,0.0357509056166351,0.0436860829644338,0.8257624358593731,-0.0749224631394859,0.0350062838971159,0.0613999957646897,0.0129017590925626,0.8204871417454668,1.2547674459496632,0.3366765301695402,0.6876794414199432,True,,,,
vertical_delta55_3wide_weekly_dte60_d55_profit_75,"delta55_3wide, monthly 60 DTE, profit 75",5% concurrent max-loss budget; overlap allowed,None,ITM structure grid,0.0322776425940884,0.0488408322037407,0.6748980908394847,-0.0867959079853888,0.0307791582924685,0.0384177664812279,0.0306497491025239,0.6513832700826393,0.7427245469727164,0.6730418304787538,0.6873993515789003,True,,,,
vertical_delta65_3wide_weekly_dte45_d65_hold,"delta65_3wide, monthly 45 DTE, hold",5% concurrent max-loss budget; overlap allowed,None,ITM structure grid,0.0481566763778025,0.0724302667139108,0.6856394196737755,-0.14230337736624,0.0485053533409065,0.0555548525562943,0.0397737188458957,0.6753649099967156,0.7409334209713788,0.6634109214639078,0.6868074944416835,True,,,,
vertical_101/98_weekly_dte60_m101_profit_75,"101/98, monthly 60 DTE, profit 75",5% concurrent max-loss budget; overlap allowed,None,ITM structure grid,0.0334576257059939,0.048654977810836,0.7007754507366871,-0.0849678090302998,0.032655453511577,0.0405971238627576,0.0287576557203308,0.6917358773645045,0.7894598574886577,0.6308060339516667,0.6866059080263421,True,,,,
vertical_delta65_3wide_weekly_dte15_d65_profit_25,"delta65_3wide, monthly 15 DTE, profit 25",5% concurrent max-loss budget; overlap allowed,None,ITM structure grid,0.042620004220337,0.0874972819886936,0.5207267674000946,-0.1624433230002793,0.0168459067869295,0.1382473656991907,0.0294018723829536,0.2273297671938638,1.4600508450308516,0.4702053891250974,0.6862875476393506,True,,,,
vertical_delta60_3wide_weekly_dte45_d60_short_delta_25,"delta60_3wide, monthly 45 DTE, short delta 25",5% concurrent max-loss budget; overlap allowed,None,ITM structure grid,0.0403694007731008,0.0601518038398498,0.6880626836192505,-0.13070214426837,0.0397625146614233,0.0493871473012443,0.0332338703403105,0.6630280149065375,0.8347659416334925,0.6147788268870779,0.6843413694498177,True,,,,
vertical_delta60_3wide_weekly_dte45_d60_profit_75,"delta60_3wide, monthly 45 DTE, profit 75",5% concurrent max-loss budget; overlap allowed,None,ITM structure grid,0.0405360485116335,0.062254907112528,0.6694467003998951,-0.1256199271946327,0.039804411538197,0.0471018855073326,0.0361927031701914,0.6436734252519848,0.7560213875208154,0.6623579858164063,0.6836800236161942,True,,,,
vertical_delta55_3wide_monthly_dte21_d55_profit_25,"delta55_3wide, monthly 21 DTE, profit 25",5% concurrent max-loss budget; overlap allowed,None,ITM structure grid,0.0380028388320208,0.0574197572320577,0.6782696445923431,-0.0988705099317219,0.0417587419926315,0.0327821667437402,0.032021517603979,0.7033714970297708,0.5809280543926312,0.7279823853956072,0.6825558953096613,True,,,,
vertical_102/99_weekly_dte60_m102_short_delta_25,"102/99, monthly 60 DTE, short delta 25",5% concurrent max-loss budget; overlap allowed,None,ITM structure grid,0.041860220785757,0.0549576945279546,0.7737269100780579,-0.0992649280859025,0.0474937087455453,0.0361580648941013,0.0308045179712921,0.8544093996846008,0.674773629676281,0.6161024055590301,0.6822787111590811,True,,,,
vertical_100/97_monthly_dte30_m100_short_delta_25,"100/97, monthly 30 DTE, short delta 25",5% concurrent max-loss budget; overlap allowed,None,ITM structure grid,0.0327996206745015,0.0434498501441565,0.7645581094946045,-0.0708441907283492,0.0359127073111176,0.0314328526910026,0.0248849228033916,0.8291926772888407,0.7413986415795252,0.5903964742209072,0.6813826100481215,True,,,,
vertical_delta65_3wide_monthly_dte45_d65_short_delta_25,"delta65_3wide, monthly 45 DTE, short delta 25",5% concurrent max-loss budget; overlap allowed,None,ITM structure grid,0.0375020003158008,0.0692308431218465,0.5664006392884966,-0.1074955827910703,0.0320799749273261,0.0541170241908659,0.0373057448284896,0.4585266292389392,0.8767283017092724,0.6732597493666871,0.6812310084253522,True,,,,
vertical_delta60_3wide_monthly_dte15_d60_short_delta_40,"delta60_3wide, monthly 15 DTE, short delta 40",5% concurrent max-loss budget; overlap allowed,None,ITM structure grid,0.0340708339439201,0.0845835873532698,0.4382517794410335,-0.1513848325408843,0.0188359530415815,0.056031277684035,0.0586106209886063,0.2540964906702042,0.681684083741563,0.8575714380395442,0.6811463914997968,True,,,,
vertical_delta55_3wide_weekly_dte45_d55_short_delta_25,"delta55_3wide, monthly 45 DTE, short delta 25",5% concurrent max-loss budget; overlap allowed,None,ITM structure grid,0.0335146835960664,0.0550318590882703,0.6265908821388516,-0.1306370409521661,0.0304595611215994,0.0389186270811667,0.0372985037513906,0.5726180796735073,0.7011348669396209,0.7135947686918482,0.6806329012457406,True,,,,
vertical_100/97_weekly_dte15_m100_profit_50,"100/97, monthly 15 DTE, profit 50",5% concurrent max-loss budget; overlap allowed,None,ITM structure grid,0.039755926157448,0.079712424180244,0.5290205498108124,-0.1455490065797117,0.0252797953670582,0.0851795209975536,0.0389724325095242,0.338474216444635,1.0877502564569357,0.6093783992705765,0.6802999511972986,True,,,,
103/100_dte21_hold_none,"103/100, sequential 21 DTE, hold",One position; short-strike notional capped at equity,None,Sequential unlevered hedge grid,0.0360542498683127,0.0493737077108265,0.7420865611612493,-0.0642464852269398,0.0379148845430257,0.0384616375553721,0.0281107566822329,0.7936081199064029,0.7387315713040655,0.6039437355883536,0.6801571600719379,True,167.0,0.5329341317365269,-0.0116993107662293,-0.0115021954487223
vertical_delta65_3wide_monthly_dte45_d65_profit_25,"delta65_3wide, monthly 45 DTE, profit 25",5% concurrent max-loss budget; overlap allowed,None,ITM structure grid,0.0374567868349049,0.0411231431184079,0.9145070330665616,-0.0428790678760536,0.0483403658888219,0.0319122029223897,0.0109238158393223,1.039532025251672,0.9386851969181376,0.3919050934921735,0.6780043530700282,True,,,,
101/98_dte15_profit_90_put_d15_b10,"101/98, sequential 15 DTE, profit 90; + 15-delta put; 10% credit budget",One position; short-strike notional capped at equity,15-delta put; 10% credit budget,Sequential unlevered hedge grid,0.0359692512795004,0.0503032937841727,0.727773745059102,-0.1360835245095151,0.0374264457913393,0.038879074571456,0.0287262235833707,0.7610369466374339,0.7428463944941658,0.6088962734695725,0.677092651859853,True,,,,
vertical_delta70_3wide_monthly_dte45_d70_exit_7dte,"delta70_3wide, monthly 45 DTE, exit 7dte",5% concurrent max-loss budget; overlap allowed,None,ITM structure grid,0.038613747959628,0.0578388152167321,0.6840143124373437,-0.1050648697638336,0.0400803945935808,0.0410071259386433,0.0318542069207621,0.6864485105218024,0.7063801711939847,0.6568028706878724,0.676365185964437,True,,,,
vertical_102/99_monthly_dte45_m102_profit_25,"102/99, monthly 45 DTE, profit 25",5% concurrent max-loss budget; overlap allowed,None,ITM structure grid,0.0377555858335161,0.0386442341692359,0.9782864253339768,-0.0441291470427683,0.049019217946401,0.0315770071058647,0.0107460505306993,1.1697547253088825,0.838809305398662,0.3861653110487822,0.6760768332037868,True,,,,
100/97_dte15_profit_70_put_d15_b5,"100/97, sequential 15 DTE, profit 70; + 15-delta put; 5% credit budget",One position; short-strike notional capped at equity,15-delta put; 5% credit budget,Sequential unlevered hedge grid,0.0314601626571207,0.0489211131771574,0.6578540495635022,-0.1104923051409466,0.032501426337429,0.0228233679580593,0.0370302285150612,0.6809406876685219,0.4742660050303849,0.778362269086032,0.6756741439072407,True,,,,
vertical_103/100_monthly_dte60_m103_exit_14dte,"103/100, monthly 60 DTE, exit 14dte",5% concurrent max-loss budget; overlap allowed,None,ITM structure grid,0.0361761837206315,0.0568639162552159,0.6534180935929752,-0.0883671613785779,0.0382517329158755,0.040315857485085,0.02588403807785,0.6339957671221277,0.7652182334929951,0.6434994532761901,0.6734954594389605,True,,,,
vertical_delta55_3wide_weekly_dte30_d55_profit_75,"delta55_3wide, monthly 30 DTE, profit 75",5% concurrent max-loss budget; overlap allowed,None,ITM structure grid,0.0369911530041768,0.0594133842478445,0.6411267875114479,-0.1096264010123337,0.0327525306384406,0.0547126693874477,0.0321557046765546,0.5674271085281296,0.89326448738259,0.6000135636134997,0.6725496486827616,True,,,,
101/98_dte15_profit_40_none,"101/98, sequential 15 DTE, profit 40",One position; short-strike notional capped at equity,None,Sequential unlevered hedge grid,0.0403838413127264,0.0542774316675562,0.7567493905060402,-0.0920123942139263,0.0427126750864987,0.0464054457299452,0.0274907083493924,0.8059972576062383,0.8234671199541606,0.5362262999666729,0.6705544576634164,True,,,,
102/99_dte15_hold_none,"102/99, sequential 15 DTE, hold",One position; short-strike notional capped at equity,None,Sequential unlevered hedge grid,0.0388574115724449,0.0579736045265149,0.6865747388910569,-0.0855577972648935,0.0353961866357459,0.0573613795542027,0.0309339047590473,0.6476952617359839,0.9369004186447998,0.5395344707134249,0.6698041031674157,True,,,,
vertical_102/99_weekly_dte60_m102_short_delta_40,"102/99, monthly 60 DTE, short delta 40",5% concurrent max-loss budget; overlap allowed,None,ITM structure grid,0.0376351036499853,0.0452916520979673,0.8384107098403439,-0.0650457910562033,0.044676927081529,0.0343799803311406,0.020020364795271,0.9644351570915762,0.8367700289346782,0.4577506939706228,0.6665741987667517,True,,,,
101/98_dte15_profit_50_put_d10_b5,"101/98, sequential 15 DTE, profit 50; + 10-delta put; 5% credit budget",One position; short-strike notional capped at equity,10-delta put; 5% credit budget,Sequential unlevered hedge grid,0.0316658406869061,0.0513775904957796,0.6326574737608369,-0.1279565521045207,0.0296438811347607,0.0369044356531134,0.0325046251353418,0.5934161193555446,0.7074540136968205,0.6744184500193617,0.6663508937133014,True,,,,
vertical_delta55_3wide_weekly_dte60_d55_short_delta_25,"delta55_3wide, monthly 60 DTE, short delta 25",5% concurrent max-loss budget; overlap allowed,None,ITM structure grid,0.0300798958263877,0.0471252873759754,0.6524890503234082,-0.0835662342953131,0.0286591690439108,0.0339267365891413,0.0304997752335438,0.6376670795310017,0.6760401557927704,0.6724347045774002,0.6661263581988838,True,,,,
101/98_dte15_profit_80_put_d15_b15,"101/98, sequential 15 DTE, profit 80; + 15-delta put; 15% credit budget",One position; short-strike notional capped at equity,15-delta put; 15% credit budget,Sequential unlevered hedge grid,0.0326941069607489,0.0515295536486617,0.6502242832406661,-0.1136709505020052,0.0374930878167658,0.0090724563406581,0.0422898583282862,0.7407392787229495,0.1921970622670691,0.8835975888768183,0.6659813801376854,True,,,,
vertical_101/98_weekly_dte45_m101_short_delta_25,"101/98, monthly 45 DTE, short delta 25",5% concurrent max-loss budget; overlap allowed,None,ITM structure grid,0.0368319687477176,0.0567770157285803,0.6655047234463799,-0.1250213474785256,0.0353392568867514,0.0466975123910555,0.0315022335637737,0.634317643382062,0.8321701997125646,0.5901499408812035,0.6648156392206901,True,,,,
vertical_100/97_weekly_dte15_m100_short_delta_40,"100/97, monthly 15 DTE, short delta 40",5% concurrent max-loss budget; overlap allowed,None,ITM structure grid,0.0334762317005015,0.0724631571590349,0.4907085132897373,-0.160594710658723,0.0136135285490002,0.1099982124896223,0.0198339822298168,0.2111379568317191,1.5593512570359378,0.3883700327151627,0.6647643754702974,True,,,,
vertical_delta55_3wide_weekly_dte21_d55_hold,"delta55_3wide, monthly 21 DTE, hold",5% concurrent max-loss budget; overlap allowed,None,ITM structure grid,0.0475620788087589,0.0841810048906137,0.5941968090801117,-0.1734960997237248,0.0398651467725115,0.0725645665668506,0.0459997903965299,0.4980909213286694,0.8430433073394084,0.6370048196857159,0.6633965557850217,True,,,,
vertical_delta55_3wide_weekly_dte30_d55_short_delta_25,"delta55_3wide, monthly 30 DTE, short delta 25",5% concurrent max-loss budget; overlap allowed,None,ITM structure grid,0.0384702469384188,0.056924043515663,0.6916590870031707,-0.0970100677891523,0.0379860540762129,0.0492032863854694,0.0292841555448248,0.680266382554951,0.8433197901295775,0.5620893850574452,0.6630805061446766,True,,,,
vertical_delta55_3wide_weekly_dte45_d55_profit_50,"delta55_3wide, monthly 45 DTE, profit 50",5% concurrent max-loss budget; overlap allowed,None,ITM structure grid,0.0301456834565521,0.0474606215182681,0.6495520920841878,-0.1080833917333441,0.0292330019588828,0.0328216712709927,0.0302087948126752,0.6422836314814648,0.6448730949328995,0.680456036736228,0.6627440460319775,True,,,,
vertical_100/97_monthly_dte21_m100_short_delta_25,"100/97, monthly 21 DTE, short delta 25",5% concurrent max-loss budget; overlap allowed,None,ITM structure grid,0.0492456795396722,0.0589873686865636,0.8445165143877362,-0.0907708447019531,0.0637927123153749,0.0189506352053387,0.0367774623885865,1.0517914832293085,0.3638439913216753,0.6587512488509784,0.6625569961790779,True,,,,
100/97_dte15_profit_70_put_d10_b5,"100/97, sequential 15 DTE, profit 70; + 10-delta put; 5% credit budget",One position; short-strike notional capped at equity,10-delta put; 5% credit budget,Sequential unlevered hedge grid,0.0306911651245085,0.0492626169341057,0.6384996677393284,-0.1118890022295315,0.0314953671010695,0.0223875365205117,0.0366370388688066,0.6553833034478652,0.4641892309637346,0.767873086334015,0.6621413131990538,True,,,,
vertical_delta55_3wide_weekly_dte30_d55_profit_50,"delta55_3wide, monthly 30 DTE, profit 50",5% concurrent max-loss budget; overlap allowed,None,ITM structure grid,0.0316461757186514,0.0507124058229836,0.6397484370017015,-0.0929051834184032,0.0285099234021151,0.0466039250007324,0.0262207399024247,0.574847618886642,0.8716132293300537,0.5876161266795172,0.6619133572054385,True,,,,
vertical_delta70_3wide_monthly_dte45_d70_profit_25,"delta70_3wide, monthly 45 DTE, profit 25",5% concurrent max-loss budget; overlap allowed,None,ITM structure grid,0.0347746469371186,0.0419547209139113,0.83575738048185,-0.0746136722407908,0.0434453329065831,0.0277213929697406,0.0161523063357584,0.9571101889632396,0.716652827915361,0.5103153875843519,0.6614631671636871,True,,,,
102/99_dte21_profit_90_put_d20_b5,"102/99, sequential 21 DTE, profit 90; + 20-delta put; 5% credit budget",One position; short-strike notional capped at equity,20-delta put; 5% credit budget,Sequential unlevered hedge grid,0.0399467373347501,0.04948321852612,0.8163366259748072,-0.1074562221138845,0.0482717735738458,0.0299202950788672,0.0252834813767042,0.9690937387672192,0.5925390983330455,0.5724838567979137,0.6613744263947818,True,,,,
vertical_102/99_weekly_dte30_m102_profit_25,"102/99, monthly 30 DTE, profit 25",5% concurrent max-loss budget; overlap allowed,None,ITM structure grid,0.0356722954594102,0.0519380318625156,0.7008478703910895,-0.0875726483248827,0.0341897264615691,0.0575524482469391,0.0186072151937917,0.6478173987692752,1.1339149718392252,0.4209017069310185,0.6611869932798158,True,,,,
vertical_103/100_weekly_dte60_m103_profit_25,"103/100, monthly 60 DTE, profit 25",5% concurrent max-loss budget; overlap allowed,None,ITM structure grid,0.0327097695452174,0.0367946600407223,0.8931756277058274,-0.054957100783192,0.0405979609714495,0.0286474506239238,0.0134191383992146,1.055786575133934,0.8185077911396885,0.4172935703912732,0.6609592820212317,True,,,,
vertical_delta65_3wide_weekly_dte60_d65_profit_50,"delta65_3wide, monthly 60 DTE, profit 50",5% concurrent max-loss budget; overlap allowed,None,ITM structure grid,0.0360892312322356,0.0464307806399171,0.7868052091269454,-0.096895829031726,0.0425703156389483,0.0242326207241085,0.0286837928374812,0.9437880530024584,0.5152154959599905,0.6183452452488256,0.6582252254774736,True,,,,
vertical_101/98_monthly_dte30_m101_profit_50,"101/98, monthly 30 DTE, profit 50",5% concurrent max-loss budget; overlap allowed,None,ITM structure grid,0.0415921150609435,0.0478990172015029,0.8747577914225214,-0.0625628093397852,0.0498115883410814,0.0396843318153958,0.0192164038664877,1.054267646622116,0.8184276421633848,0.4129088501946093,0.6566772617737203,True,,,,
vertical_101/98_weekly_dte30_m101_exit_7dte,"101/98, monthly 30 DTE, exit 7dte",5% concurrent max-loss budget; overlap allowed,None,ITM structure grid,0.0304413953020099,0.0545768706531317,0.5767916800395224,-0.1293858866170844,0.0222275656737283,0.0567338379237805,0.0291869876072206,0.4329190173411974,0.9743388629511914,0.5809111666890842,0.6566573196874718,True,,,,
vertical_103/100_monthly_dte45_m103_exit_14dte,"103/100, monthly 45 DTE, exit 14dte",5% concurrent max-loss budget; overlap allowed,None,ITM structure grid,0.0382707680987424,0.0566237592573818,0.6915986536633036,-0.0865202472120274,0.0409319586761531,0.0448416050062148,0.0238588056685034,0.6876143620319206,0.8655344050377617,0.5339710077885731,0.6556711248248455,True,,,,
101/98_dte15_profit_80_put_d10_b15,"101/98, sequential 15 DTE, profit 80; + 10-delta put; 15% credit budget",One position; short-strike notional capped at equity,10-delta put; 15% credit budget,Sequential unlevered hedge grid,0.0315966531886355,0.0556814324754743,0.5866027989591882,-0.1296183248390291,0.0329979717367447,0.0080995000323966,0.0513568794250065,0.6153484057622028,0.1708193061183564,0.9212962136269068,0.6543154741032917,True,,,,
vertical_delta80_3wide_monthly_dte60_d80_profit_50,"delta80_3wide, monthly 60 DTE, profit 50",5% concurrent max-loss budget; overlap allowed,None,ITM structure grid,0.0436330033855449,0.0700678724739187,0.643669490131177,-0.1169073820692041,0.0476926281860423,0.0341524121178762,0.041021055072,0.6506428171975723,0.5963380617933934,0.6840054052340176,0.6530505896581107,True,,,,
103/100_dte30_profit_60_put_d10_b5,"103/100, sequential 30 DTE, profit 60; + 10-delta put; 5% credit budget",One position; short-strike notional capped at equity,10-delta put; 5% credit budget,Sequential unlevered hedge grid,0.0300799678853691,0.0431799983899781,0.707814780117884,-0.0755292367622364,0.0293220643400804,0.0485714544654296,0.0141485141944226,0.6635429683480151,1.1787634766375152,0.37578277903768,0.6528951819422094,True,,,,
vertical_102/99_weekly_dte60_m102_profit_50,"102/99, monthly 60 DTE, profit 50",5% concurrent max-loss budget; overlap allowed,None,ITM structure grid,0.0352092442555518,0.04342210473029,0.8186633350319514,-0.0818357471360996,0.0415749465431993,0.0285387815356661,0.0229609295201997,0.9868722207351062,0.645942280472895,0.5229749278599828,0.6528702006616762,True,,,,
104/101_dte21_profit_90_put_d15_b5,"104/101, sequential 21 DTE, profit 90; + 15-delta put; 5% credit budget",One position; short-strike notional capped at equity,15-delta put; 5% credit budget,Sequential unlevered hedge grid,0.0339176333836572,0.044111274382704,0.7780597307579012,-0.0793791950206337,0.0327641085489118,0.0597038768906805,0.0121382802324121,0.7642044675711737,1.2015316677448324,0.3169994721712165,0.6513192962332826,True,,,,
vertical_delta75_3wide_weekly_dte21_d75_profit_25,"delta75_3wide, monthly 21 DTE, profit 25",5% concurrent max-loss budget; overlap allowed,None,ITM structure grid,0.0433095240289354,0.0775961283916003,0.5851013912711344,-0.1656141213757185,0.0407623152200835,0.0483691963288528,0.0459061364834592,0.5438517314512726,0.6057580318861127,0.7178773752163213,0.6504660944244931,True,,,,
vertical_delta80_3wide_monthly_dte45_d80_exit_14dte,"delta80_3wide, monthly 45 DTE, exit 14dte",5% concurrent max-loss budget; overlap allowed,None,ITM structure grid,0.0369671025528925,0.0583803414042618,0.6510151034687139,-0.1117583081198078,0.0350270547025446,0.051779743324114,0.0281151331595292,0.6083811292181571,0.8564105936162231,0.5599925680067188,0.6504576121370101,True,,,,
vertical_102/99_monthly_dte45_m102_short_delta_25,"102/99, monthly 45 DTE, short delta 25",5% concurrent max-loss budget; overlap allowed,None,ITM structure grid,0.0403906893599421,0.0651083916127267,0.6407641269435689,-0.0827386084003262,0.0402099926795824,0.0468422276285025,0.0345171329268001,0.6209166640154278,0.7203316854346152,0.6233144348728703,0.6489540510917601,True,,,,
vertical_delta70_3wide_weekly_dte60_d70_exit_7dte,"delta70_3wide, monthly 60 DTE, exit 7dte",5% concurrent max-loss budget; overlap allowed,None,ITM structure grid,0.040379598936423,0.0631196215757454,0.6587919840477057,-0.1323642257393408,0.043068457993515,0.0357407014893045,0.0369889130326515,0.6839515868381776,0.5742454376661573,0.6733752980640453,0.6487209448790591,True,,,,
vertical_delta50_3wide_monthly_dte30_d50_profit_50,"delta50_3wide, monthly 30 DTE, profit 50",5% concurrent max-loss budget; overlap allowed,None,ITM structure grid,0.0301191782922363,0.0377948957335803,0.8040944735248681,-0.0686523191356259,0.0368758157630411,0.0181683431943515,0.0219951341264144,0.9927267664515064,0.4667753704008314,0.6052099280584734,0.6486172689496572,True,,,,
vertical_102/99_weekly_dte45_m102_profit_75,"102/99, monthly 45 DTE, profit 75",5% concurrent max-loss budget; overlap allowed,None,ITM structure grid,0.0482708318204585,0.0655911260993313,0.7515906964743212,-0.1216053763426951,0.0539996572892689,0.0516163303401939,0.0280120121875282,0.8099464880181712,0.7909874563742335,0.5072819087883615,0.648038861337897,True,,,,
vertical_delta65_3wide_weekly_dte30_d65_short_delta_40,"delta65_3wide, monthly 30 DTE, short delta 40",5% concurrent max-loss budget; overlap allowed,None,ITM structure grid,0.0427486238804091,0.0622527249841399,0.7035864050345579,-0.0944411032576209,0.0415757751628549,0.0641118556777173,0.0252653731235326,0.6822581451678122,0.9848209008829728,0.4580881652037635,0.6479466701012526,True,,,,
vertical_delta70_3wide_monthly_dte45_d70_profit_75,"delta70_3wide, monthly 45 DTE, profit 75",5% concurrent max-loss budget; overlap allowed,None,ITM structure grid,0.039671698499446,0.0642681323749929,0.6375179047078108,-0.0951081243153953,0.0396205436103409,0.0435483794454911,0.0359621259763474,0.6276917550736277,0.659264074445524,0.6503569878225753,0.6479000662544939,True,,,,
vertical_delta80_3wide_monthly_dte60_d80_exit_7dte,"delta80_3wide, monthly 60 DTE, exit 7dte",5% concurrent max-loss budget; overlap allowed,None,ITM structure grid,0.048227664390215,0.0847707166752507,0.5979513854084754,-0.1383174035323388,0.0534567704549662,0.0415106808749998,0.0393762647488826,0.5900299163828606,0.6224548728753068,0.6835398345671089,0.6456832615006577,True,,,,
vertical_101/98_weekly_dte60_m101_short_delta_25,"101/98, monthly 60 DTE, short delta 25",5% concurrent max-loss budget; overlap allowed,None,ITM structure grid,0.0323593349236281,0.0466828511799579,0.7055852397392292,-0.0763931175810538,0.0335377907383147,0.0358521456220541,0.0253675354166256,0.7479241800568491,0.7225737178046444,0.5641035093598566,0.6454423351135398,True,,,,
101/98_dte15_profit_90_put_d5_b5,"101/98, sequential 15 DTE, profit 90; + 5-delta put; 5% credit budget",One position; short-strike notional capped at equity,5-delta put; 5% credit budget,Sequential unlevered hedge grid,0.0341010642615324,0.0545755635137314,0.6418643839058016,-0.1422266917681131,0.0328945433950109,0.0409638924919704,0.030882802333735,0.6206314712386304,0.731854398675938,0.609963886099795,0.6452267017952567,True,,,,
101/98_dte21_profit_80_none,"101/98, sequential 21 DTE, profit 80",One position; short-strike notional capped at equity,None,Sequential unlevered hedge grid,0.0353348886446367,0.0509558332163519,0.7071032273118536,-0.1105359258989534,0.0348401387687777,0.0517138707567788,0.0206715786826201,0.6956218928987143,1.0267770767563125,0.4257114388816535,0.6446035952958974,True,,,,
vertical_delta65_3wide_weekly_dte30_d65_profit_50,"delta65_3wide, monthly 30 DTE, profit 50",5% concurrent max-loss budget; overlap allowed,None,ITM structure grid,0.0424213736258376,0.0597818843543869,0.7248778072211671,-0.097632218268484,0.044880201878394,0.0504018933979448,0.027225067147196,0.7666363388473724,0.7928813081566866,0.5138039885356084,0.6426055528561985,True,,,,
102/99_dte15_profit_70_none,"102/99, sequential 15 DTE, profit 70",One position; short-strike notional capped at equity,None,Sequential unlevered hedge grid,0.0350813953304052,0.0565635374873201,0.6379108450581182,-0.0999695744151119,0.0321152876874748,0.051790036627435,0.0274338558483788,0.5850459144552126,0.8944896685668875,0.527240933446356,0.6387908555389936,True,,,,
vertical_100/97_monthly_dte21_m100_profit_75,"100/97, monthly 21 DTE, profit 75",5% concurrent max-loss budget; overlap allowed,None,ITM structure grid,0.049771506239552,0.0623930082678485,0.8097692855067735,-0.1192867855285789,0.0666107646097242,0.0094878702736869,0.0408362053886783,1.039067061950918,0.1854847820317554,0.7099295616960704,0.6381729641992891,True,,,,
vertical_delta65_3wide_weekly_dte60_d65_short_delta_40,"delta65_3wide, monthly 60 DTE, short delta 40",5% concurrent max-loss budget; overlap allowed,None,ITM structure grid,0.0349443110631446,0.0483848692695039,0.7341194973334724,-0.0977673166283923,0.0399842184588488,0.0253551302493268,0.0295293714421545,0.851752430593693,0.5221545746667196,0.6126499654560379,0.6380384407171,True,,,,
vertical_103/100_weekly_dte60_m103_profit_50,"103/100, monthly 60 DTE, profit 50",5% concurrent max-loss budget; overlap allowed,None,ITM structure grid,0.0424510183209274,0.052112672892686,0.823885434308162,-0.0955388590066191,0.0523024512456613,0.033676809649809,0.0220873485700967,0.96856540634692,0.7080730674887559,0.466667381337409,0.6380253119237478,True,,,,
102/99_dte21_profit_90_put_d15_b5,"102/99, sequential 21 DTE, profit 90; + 15-delta put; 5% credit budget",One position; short-strike notional capped at equity,15-delta put; 5% credit budget,Sequential unlevered hedge grid,0.0390631853081555,0.0498458190384217,0.7937107228741261,-0.1138898647059503,0.0476339646157724,0.0281313733192827,0.0245818363335605,0.9503255853611804,0.5546857961268393,0.5546836983913158,0.6379332083189574,True,,,,
104/101_dte30_profit_70_none,"104/101, sequential 30 DTE, profit 70",One position; short-strike notional capped at equity,None,Sequential unlevered hedge grid,0.0338281121648837,0.0380767421677991,0.8927121487820467,-0.0515224210966324,0.0374126139431432,0.0520682141640846,0.0054238700242768,0.971659607671512,1.249091474684085,0.1808377468629526,0.637711898131429,True,,,,
vertical_delta65_3wide_weekly_dte45_d65_profit_75,"delta65_3wide, monthly 45 DTE, profit 75",5% concurrent max-loss budget; overlap allowed,None,ITM structure grid,0.0450680564933476,0.0657789171764458,0.7030763583440313,-0.1302517166761232,0.0497553210953807,0.0431168544098474,0.0330786288681861,0.7599254017510974,0.6433506810171956,0.5842375016276041,0.6372528671651687,True,,,,
vertical_delta70_3wide_weekly_dte60_d70_profit_50,"delta70_3wide, monthly 60 DTE, profit 50",5% concurrent max-loss budget; overlap allowed,None,ITM structure grid,0.0402320004287375,0.0504582856231667,0.8069802046297893,-0.0968726195464297,0.0494778664860089,0.0268644173172161,0.0262032201881283,0.9766392579797054,0.5585966955346203,0.5385265648889853,0.6361063654880824,True,,,,
vertical_delta50_3wide_monthly_dte21_d50_profit_50,"delta50_3wide, monthly 21 DTE, profit 50",5% concurrent max-loss budget; overlap allowed,None,ITM structure grid,0.0446586274878817,0.0592555695609453,0.7669941755129445,-0.0867019736502916,0.0556482567466609,0.0233703605454691,0.0334738885925125,0.9155222551926588,0.4289140673009948,0.6289176666142015,0.6357151059625428,True,,,,
vertical_delta80_3wide_monthly_dte45_d80_exit_7dte,"delta80_3wide, monthly 45 DTE, exit 7dte",5% concurrent max-loss budget; overlap allowed,None,ITM structure grid,0.0475165920319013,0.0668256117788521,0.7281460621580395,-0.1101961983691485,0.0516154314690453,0.0567011168165894,0.0263329678205741,0.7654544081224057,0.8283419922019405,0.4816276781505695,0.6355321045599347,True,,,,
vertical_delta65_3wide_weekly_dte30_d65_exit_7dte,"delta65_3wide, monthly 30 DTE, exit 7dte",5% concurrent max-loss budget; overlap allowed,None,ITM structure grid,0.031972973289621,0.0621221358800841,0.5377441349668513,-0.1468257654807221,0.0222830353632492,0.0612598665040493,0.0322624379832006,0.3860952089062989,0.918384084162464,0.5872353460496739,0.6349023888980829,True,,,,
vertical_103/100_weekly_dte60_m103_exit_7dte,"103/100, monthly 60 DTE, exit 7dte",5% concurrent max-loss budget; overlap allowed,None,ITM structure grid,0.0440466792886473,0.0645094474459877,0.7005181455435916,-0.1099995582100833,0.0492374901153422,0.0438284777592614,0.0288631324618193,0.7387370640375923,0.7237379038300865,0.5447088802992478,0.6341512902671436,True,,,,
vertical_delta50_3wide_weekly_dte21_d50_hold,"delta50_3wide, monthly 21 DTE, hold",5% concurrent max-loss budget; overlap allowed,None,ITM structure grid,0.0401915488118544,0.0795977437426835,0.5349685298679583,-0.1702502141955609,0.0309231474395657,0.0606467980316343,0.0478557266835728,0.4231086913368835,0.734723659122609,0.6662720723792707,0.6337801076576159,True,,,,
vertical_delta70_3wide_weekly_dte60_d70_profit_25,"delta70_3wide, monthly 60 DTE, profit 25",5% concurrent max-loss budget; overlap allowed,None,ITM structure grid,0.0303064348937576,0.0364622902197835,0.8370724309656297,-0.0665873304066461,0.0380693611876001,0.0198670231602726,0.0177060475102659,1.0549723108350235,0.5272582481728917,0.5129001267477022,0.6302177151388906,True,,,,
vertical_100/97_monthly_dte21_m100_profit_50,"100/97, monthly 21 DTE, profit 50",5% concurrent max-loss budget; overlap allowed,None,ITM structure grid,0.0420415076850444,0.0573011344099351,0.7474014781341304,-0.0876068582274399,0.0529650445036307,0.0188820089477108,0.0329453494948952,0.8963856843483006,0.3601213143668199,0.6600274866759743,0.6292420723953502,True,,,,
vertical_delta50_3wide_monthly_dte21_d50_hold,"delta50_3wide, monthly 21 DTE, hold",5% concurrent max-loss budget; overlap allowed,None,ITM structure grid,0.0497080251969235,0.0696111637786254,0.7318038683684757,-0.1179328723452122,0.0638729493615997,0.01365567323427,0.0442535944942872,0.8834296005377646,0.2388833877197804,0.7275580183248286,0.6291946830098717,True,,,,
101/98_dte15_profit_90_put_d20_b15,"101/98, sequential 15 DTE, profit 90; + 20-delta put; 15% credit budget",One position; short-strike notional capped at equity,20-delta put; 15% credit budget,Sequential unlevered hedge grid,0.0340599575137685,0.0477721212940022,0.7251086675349412,-0.1276007519637632,0.0370449985015257,0.0368813782400978,0.0223784906227009,0.7893497716917096,0.7519516503873123,0.4992526773702789,0.6285275837892181,True,,,,
vertical_delta75_3wide_monthly_dte60_d75_exit_14dte,"delta75_3wide, monthly 60 DTE, exit 14dte",5% concurrent max-loss budget; overlap allowed,None,ITM structure grid,0.036453947086978,0.06488846074837,0.5842510151351,-0.102283177417864,0.0375869582944903,0.0420244388355453,0.0275442133774266,0.551947743165335,0.7117331421032738,0.6167034624514167,0.6275022797398371,True,,,,
vertical_delta65_3wide_weekly_dte21_d65_short_delta_40,"delta65_3wide, monthly 21 DTE, short delta 40",5% concurrent max-loss budget; overlap allowed,None,ITM structure grid,0.0473399902537381,0.0859151705686798,0.5813169411970311,-0.170988967264718,0.0418670456173324,0.0690125756121144,0.0423406285010348,0.511265463311209,0.776942636025858,0.5957805873047342,0.626947466275216,True,,,,
vertical_delta50_3wide_weekly_dte15_d50_short_delta_40,"delta50_3wide, monthly 15 DTE, short delta 40",5% concurrent max-loss budget; overlap allowed,None,ITM structure grid,0.035003574580638,0.0725049669773792,0.5108314694690936,-0.1567204380363995,0.0188596321998242,0.1041991747528268,0.0169313043455572,0.2775771307423819,1.4736914238470094,0.3294094858667111,0.6258473154533747,True,,,,
102/99_dte21_profit_90_put_d10_b5,"102/99, sequential 21 DTE, profit 90; + 10-delta put; 5% credit budget",One position; short-strike notional capped at equity,10-delta put; 5% credit budget,Sequential unlevered hedge grid,0.0386177690712832,0.0500671835590167,0.7818604816237296,-0.1158162781535973,0.0473805912324123,0.0273378610331325,0.0239208600731157,0.9412790757109404,0.5380122014278839,0.5386897184119055,0.6232258190819376,True,,,,
vertical_delta70_3wide_monthly_dte30_d70_exit_7dte,"delta70_3wide, monthly 30 DTE, exit 7dte",5% concurrent max-loss budget; overlap allowed,None,ITM structure grid,0.0395082657710641,0.0671526147004003,0.6105795498705924,-0.1130297059947396,0.042914229688368,0.0372832509613516,0.0315783981453376,0.6052619191175239,0.6641325088848273,0.6093778455150127,0.622569292833401,True,,,,
vertical_delta55_3wide_weekly_dte15_d55_profit_25,"delta55_3wide, monthly 15 DTE, profit 25",5% concurrent max-loss budget; overlap allowed,None,ITM structure grid,0.0347740473987834,0.0791291989442452,0.4715961856651242,-0.1263236912523503,0.0164360131056251,0.105837217469807,0.0215636434600172,0.2327793865015304,1.392510124532801,0.3829007717835841,0.6216544435667344,True,,,,
vertical_100/97_weekly_dte21_m100_hold,"100/97, monthly 21 DTE, hold",5% concurrent max-loss budget; overlap allowed,None,ITM structure grid,0.0384970324430582,0.079431581014953,0.5153965756020304,-0.1719664231049193,0.0286074600843344,0.0594662815114297,0.0475472650204551,0.3962498463406265,0.7224091071848878,0.6593102949729103,0.6212345587939742,True,,,,
101/98_dte15_profit_70_none,"101/98, sequential 15 DTE, profit 70",One position; short-strike notional capped at equity,None,Sequential unlevered hedge grid,0.0440199364560625,0.0591551348906333,0.7578396351204508,-0.1052412491139278,0.0505005005065462,0.0510389623098852,0.0179982675320633,0.9124378844285312,0.860920166883771,0.376804673345867,0.6207470900632742,True,268.0,0.6902985074626866,-0.018933055185317,-0.0194182830065954
vertical_102/99_weekly_dte45_m102_profit_50,"102/99, monthly 45 DTE, profit 50",5% concurrent max-loss budget; overlap allowed,None,ITM structure grid,0.0436950759096157,0.0537868201149565,0.8220766668701585,-0.1080553193708925,0.0514309861061046,0.0492935936368357,0.0154103552512665,0.9383257828722812,0.9245409998195288,0.3307002753976868,0.6194419217715836,True,,,,
vertical_delta55_3wide_weekly_dte15_d55_profit_50,"delta55_3wide, monthly 15 DTE, profit 50",5% concurrent max-loss budget; overlap allowed,None,ITM structure grid,0.0416115969601456,0.090727918139017,0.4947958317898108,-0.1392262079940472,0.0306720162939908,0.0735197813668211,0.0431320645411585,0.3633780339772435,0.8226408390976838,0.6154198767340444,0.6173564364170107,True,,,,
vertical_delta65_3wide_weekly_dte45_d65_exit_7dte,"delta65_3wide, monthly 45 DTE, exit 7dte",5% concurrent max-loss budget; overlap allowed,None,ITM structure grid,0.0379455083879831,0.0636472962048469,0.6170214874592741,-0.1324752906396071,0.0369817709603434,0.0487550676709143,0.0301102931985088,0.5920683773374008,0.7366162099853768,0.5650011187968111,0.6171670172412873,True,,,,
vertical_104/101_monthly_dte75_m104_profit_75,"104/101, monthly 75 DTE, profit 75",5% concurrent max-loss budget; overlap allowed,None,ITM structure grid,0.0338484522704276,0.0478379672702209,0.719750056642267,-0.0762994192885078,0.0389777605684273,0.0306373853008516,0.0218056722752311,0.8035639736131013,0.6466848673017993,0.5199870883140623,0.6141743626886728,True,,,,
vertical_delta65_3wide_weekly_dte45_d65_profit_50,"delta65_3wide, monthly 45 DTE, profit 50",5% concurrent max-loss budget; overlap allowed,None,ITM structure grid,0.0409209065955715,0.054668079661295,0.7609747332884784,-0.0978061126627778,0.0456576360364888,0.0506173923742219,0.0173804095726881,0.8278392541598164,0.915506676604102,0.3687783395887021,0.6135392003981969,True,,,,
vertical_delta60_3wide_weekly_dte30_d60_short_delta_40,"delta60_3wide, monthly 30 DTE, short delta 40",5% concurrent max-loss budget; overlap allowed,None,ITM structure grid,0.0321364548995337,0.0553228564657295,0.599445602145209,-0.119338464193665,0.0287509567700012,0.0472981256192135,0.0272563430689158,0.5454639864389197,0.794906685706815,0.5451766917911695,0.6130791755026473,True,,,,
vertical_delta60_3wide_monthly_dte45_d60_profit_25,"delta60_3wide, monthly 45 DTE, profit 25",5% concurrent max-loss budget; overlap allowed,None,ITM structure grid,0.0302280959454008,0.0383022200312942,0.7964765850670912,-0.0435159030948796,0.0367540735438103,0.0304706867234492,0.0106829948265942,0.8922732310906716,0.8452454321416162,0.3729596440252607,0.6112798232183443,True,,,,
vertical_100/97_monthly_dte21_m100_hold,"100/97, monthly 21 DTE, hold",5% concurrent max-loss budget; overlap allowed,None,ITM structure grid,0.0477866128643567,0.0688867749181493,0.7121772781306307,-0.1220337353262345,0.0613814206995904,0.0122801420526781,0.0434492398877917,0.8615029628209357,0.2208962534531743,0.7107230207355567,0.6110287459672754,True,,,,
vertical_delta60_3wide_weekly_dte45_d60_exit_7dte,"delta60_3wide, monthly 45 DTE, exit 7dte",5% concurrent max-loss budget; overlap allowed,None,ITM structure grid,0.033092476827732,0.0597532787642372,0.5747771098534307,-0.128151390802067,0.0309846905688166,0.0419694055500123,0.0305779628076268,0.5297921863611634,0.6903440334397367,0.5990049630846926,0.609035028841798,True,,,,
103/100_dte21_profit_90_none,"103/100, sequential 21 DTE, profit 90",One position; short-strike notional capped at equity,None,Sequential unlevered hedge grid,0.0421506527299182,0.0488585835865868,0.8694459215635466,-0.059891842149134,0.0531149894716167,0.0362420135766357,0.0157387424792099,1.0579823113152629,0.7350803026611922,0.3607716394710708,0.6089807995648909,True,173.0,0.5433526011560693,-0.0123746257808531,-0.0136860647514819
vertical_102/99_monthly_dte21_m102_profit_25,"102/99, monthly 21 DTE, profit 25",5% concurrent max-loss budget; overlap allowed,None,ITM structure grid,0.0481832059226217,0.0804747852850637,0.6249504056291558,-0.0962500180880837,0.0573954136806182,0.0194837082045962,0.0498047627965674,0.7016943564289169,0.285134860453042,0.7383706049280832,0.6082182116045551,True,,,,
vertical_101/98_weekly_dte45_m101_exit_7dte,"101/98, monthly 45 DTE, exit 7dte",5% concurrent max-loss budget; overlap allowed,None,ITM structure grid,0.0319083079845388,0.0553498227397358,0.5952132088562698,-0.1209636752235577,0.0304043281922381,0.0401533820619339,0.0282118816468772,0.5637161068270711,0.70500095314207,0.5752659194716864,0.6079619349310483,True,,,,
vertical_102/99_weekly_dte45_m102_exit_7dte,"102/99, monthly 45 DTE, exit 7dte",5% concurrent max-loss budget; overlap allowed,None,ITM structure grid,0.0424222889451322,0.0622916224403474,0.6981956766632937,-0.1247258060493788,0.0460231294743187,0.0509545328210179,0.0233321254566525,0.7339049606904584,0.8023354419996159,0.4540874638470176,0.607532904193311,True,,,,
103/100_dte30_profit_80_put_d20_b5,"103/100, sequential 30 DTE, profit 80; + 20-delta put; 5% credit budget",One position; short-strike notional capped at equity,20-delta put; 5% credit budget,Sequential unlevered hedge grid,0.0370616509043912,0.0411213860469399,0.905521089943604,-0.0531053025893917,0.0467151870387785,0.0344707070814991,0.0111954359569985,1.170314469937481,0.7756795171866437,0.2899383798573978,0.6049883487103423,True,,,,
vertical_delta70_3wide_weekly_dte30_d70_profit_25,"delta70_3wide, monthly 30 DTE, profit 25",5% concurrent max-loss budget; overlap allowed,None,ITM structure grid,0.0329873630758073,0.0538234805616334,0.6298173697932411,-0.0941590132373096,0.0343392837071525,0.0370258868942094,0.0249404808414326,0.6390038424186004,0.6678712997015652,0.558074486270844,0.6048373814029274,True,,,,
101/98_dte15_profit_80_put_d20_b20,"101/98, sequential 15 DTE, profit 80; + 20-delta put; 20% credit budget",One position; short-strike notional capped at equity,20-delta put; 20% credit budget,Sequential unlevered hedge grid,0.0321494703860389,0.0528250939191615,0.6254169611882654,-0.1095906734157616,0.0389046940610544,0.0098297140356733,0.0345439944721994,0.7938292695309845,0.2185569824245937,0.7284405564597204,0.6042885784240948,True,257.0,0.6809338521400778,0.0008110009285299,0.0155510086845321
104/101_dte21_profit_90_put_d10_b5,"104/101, sequential 21 DTE, profit 90; + 10-delta put; 5% credit budget",One position; short-strike notional capped at equity,10-delta put; 5% credit budget,Sequential unlevered hedge grid,0.032326395045912,0.0445906514063401,0.7356249278564403,-0.0841472063399517,0.030980588777784,0.0597248683920734,0.0095743652700097,0.7176961512119475,1.1831056421029345,0.253424634504614,0.6037056432454768,True,,,,
vertical_delta65_3wide_weekly_dte21_d65_profit_50,"delta65_3wide, monthly 21 DTE, profit 50",5% concurrent max-loss budget; overlap allowed,None,ITM structure grid,0.0451495242669477,0.0815909122887175,0.581973073466865,-0.1614079389400975,0.040490500896773,0.0689943430079433,0.0356062315400518,0.5212928985192691,0.7972679693868292,0.5324555084405006,0.6019359886915344,True,,,,
vertical_101/98_weekly_dte30_m101_profit_50,"101/98, monthly 30 DTE, profit 50",5% concurrent max-loss budget; overlap allowed,None,ITM structure grid,0.0356949216661048,0.0551426218274361,0.6636443672379775,-0.0910056210432763,0.0358109527534389,0.0500674739202158,0.0211762933093129,0.6625790072259172,0.8720669987137496,0.4334438428937714,0.6004899589330085,True,,,,
vertical_100/97_weekly_dte15_m100_short_delta_25,"100/97, monthly 15 DTE, short delta 25",5% concurrent max-loss budget; overlap allowed,None,ITM structure grid,0.0421900881744079,0.0829921503557698,0.5395247935525221,-0.1435059849756639,0.0374135343377732,0.0569978424965162,0.0418301706576429,0.4726401872961731,0.6874104120331611,0.6066911844872634,0.6000467027016001,True,,,,
102/99_dte15_profit_60_none,"102/99, sequential 15 DTE, profit 60",One position; short-strike notional capped at equity,None,Sequential unlevered hedge grid,0.0401529634510695,0.0550799969064302,0.7423612718149618,-0.1290943499724341,0.0410473604116023,0.0659955556169935,0.0123266776191364,0.7667518748632581,1.1341029208036986,0.2526168004558569,0.599083038839838,True,,,,
101/98_dte15_profit_70_put_d5_b5,"101/98, sequential 15 DTE, profit 70; + 5-delta put; 5% credit budget",One position; short-strike notional capped at equity,5-delta put; 5% credit budget,Sequential unlevered hedge grid,0.0371968955494297,0.0545716191227916,0.6966956525706257,-0.1261210752772961,0.0419274671139437,0.0358483019302589,0.0244842346546199,0.7817159860582574,0.6204731485018649,0.5135476965695088,0.5988190985760219,True,,,,
vertical_102/99_weekly_dte45_m102_exit_14dte,"102/99, monthly 45 DTE, exit 14dte",5% concurrent max-loss budget; overlap allowed,None,ITM structure grid,0.0337411596789691,0.0525885158083989,0.6573639591404776,-0.1090239601401434,0.0334661577668098,0.0503824476493444,0.018174811049566,0.6405410635606134,0.9307098500205738,0.4038569264869933,0.5964234811967799,True,,,,
vertical_delta65_3wide_weekly_dte45_d65_short_delta_25,"delta65_3wide, monthly 45 DTE, short delta 25",5% concurrent max-loss budget; overlap allowed,None,ITM structure grid,0.0441671137978272,0.0662829998309741,0.6852362384359606,-0.1323387415033377,0.0491834236336303,0.0454030704148236,0.0280643465362036,0.7456837949781083,0.6810124397959377,0.4898378869372272,0.5955482465079103,True,,,,
102/99_dte15_profit_30_none,"102/99, sequential 15 DTE, profit 30",One position; short-strike notional capped at equity,None,Sequential unlevered hedge grid,0.0403767353478758,0.049681000255436,0.8217221541469278,-0.0849284522362039,0.0419823415306388,0.0731683262956073,0.0039380154900863,0.869366537260095,1.3166015366301136,0.1068455488886127,0.5951503546055419,True,,,,
vertical_delta70_3wide_monthly_dte45_d70_short_delta_25,"delta70_3wide, monthly 45 DTE, short delta 25",5% concurrent max-loss budget; overlap allowed,None,ITM structure grid,0.0374721429858655,0.068889437910484,0.5685044429545554,-0.0952975683927599,0.0349195878607255,0.0498646471026553,0.032820467221442,0.5199908465853598,0.7304552393656456,0.5549681580759432,0.5949469601626425,True,,,,
vertical_delta75_3wide_weekly_dte60_d75_profit_25,"delta75_3wide, monthly 60 DTE, profit 25",5% concurrent max-loss budget; overlap allowed,None,ITM structure grid,0.0325870764107711,0.0423352857954608,0.7786240825936563,-0.0727775085484485,0.0401769463880921,0.0231904784933654,0.0194546466950993,0.9596261495133074,0.5677114163334237,0.4609788196100509,0.594223594574743,True,,,,
vertical_103/100_weekly_dte60_m103_short_delta_40,"103/100, monthly 60 DTE, short delta 40",5% concurrent max-loss budget; overlap allowed,None,ITM structure grid,0.046609019844678,0.0570510129551704,0.8271153526557906,-0.0931677394450827,0.0603031885166429,0.0336390243617228,0.0192617207106473,1.0048647034299265,0.6742210767862384,0.3838439576052951,0.5939184887792752,True,,,,
vertical_delta75_3wide_monthly_dte30_d75_exit_7dte,"delta75_3wide, monthly 30 DTE, exit 7dte",5% concurrent max-loss budget; overlap allowed,None,ITM structure grid,0.0413315006545862,0.0671443888612314,0.6367911280234839,-0.1176262985967027,0.04573692084112,0.0399757023519946,0.0295840441718788,0.6644650552074959,0.6436692775779715,0.5376631291185122,0.5930977550372218,True,,,,
101/98_dte15_profit_70_put_d10_b5,"101/98, sequential 15 DTE, profit 70; + 10-delta put; 5% credit budget",One position; short-strike notional capped at equity,10-delta put; 5% credit budget,Sequential unlevered hedge grid,0.0380241615322647,0.0535047230097391,0.7244024305653475,-0.126275898161127,0.0444030726692656,0.0356016845796791,0.0215290483051531,0.8411441094897697,0.6167703995039029,0.4747116767734782,0.5901602977427151,True,,,,
vertical_105/102_weekly_dte75_m105_profit_50,"105/102, monthly 75 DTE, profit 50",5% concurrent max-loss budget; overlap allowed,None,ITM structure grid,0.0303029825945599,0.0346066865302722,0.8799512480202852,-0.0570029194094638,0.0387861751455642,0.0281672970978255,0.0073877735733856,1.0685346026597429,0.8634375013810901,0.2510383494706845,0.5896538652816048,True,,,,
103/100_dte30_profit_60_put_d5_b5,"103/100, sequential 30 DTE, profit 60; + 5-delta put; 5% credit budget",One position; short-strike notional capped at equity,5-delta put; 5% credit budget,Sequential unlevered hedge grid,0.0327593528639604,0.0508806548309691,0.6583504467070397,-0.0800907866136547,0.0354540144191126,0.0468209759682174,0.0109631330348332,0.6426656928668075,1.1246774240456618,0.2913915074799688,0.5891000083521251,True,,,,
vertical_delta70_3wide_weekly_dte60_d70_short_delta_40,"delta70_3wide, monthly 60 DTE, short delta 40",5% concurrent max-loss budget; overlap allowed,None,ITM structure grid,0.0414834163688107,0.054551337522916,0.7724326803906487,-0.1091521335544627,0.0516664318501429,0.0286185011458974,0.0242128724984431,0.9498784334847996,0.5533982554691653,0.4593892669641249,0.5877692304111386,True,,,,
vertical_delta50_3wide_weekly_dte30_d50_profit_75,"delta50_3wide, monthly 30 DTE, profit 75",5% concurrent max-loss budget; overlap allowed,None,ITM structure grid,0.0312991800566937,0.0556671739663248,0.5815203480489481,-0.0974528823876538,0.0291902454825383,0.0418825844222909,0.0271031583698759,0.5461497667953026,0.7344276305830182,0.5252339242040643,0.5862983695719769,True,,,,
vertical_delta75_3wide_weekly_dte30_d75_profit_25,"delta75_3wide, monthly 30 DTE, profit 25",5% concurrent max-loss budget; overlap allowed,None,ITM structure grid,0.0369854251604602,0.0594587003723399,0.6403137131804334,-0.1020727023734454,0.0424714943967794,0.0301742830119322,0.0274698916806046,0.695437774193118,0.535887644466793,0.567778618180247,0.5862082576538328,True,,,,
vertical_delta75_3wide_weekly_dte60_d75_exit_7dte,"delta75_3wide, monthly 60 DTE, exit 7dte",5% concurrent max-loss budget; overlap allowed,None,ITM structure grid,0.0430064096750872,0.0699704799949249,0.6368442149027906,-0.1386192182324926,0.0474298784492408,0.0417627850371915,0.0310945257557595,0.672621318003632,0.6227785830562539,0.5315220168806546,0.5860332733952146,True,,,,
vertical_delta55_3wide_weekly_dte21_d55_short_delta_25,"delta55_3wide, monthly 21 DTE, short delta 25",5% concurrent max-loss budget; overlap allowed,None,ITM structure grid,0.0406494337991725,0.0789344450613316,0.5443301498659032,-0.150291869047771,0.0327857824697503,0.0691354328498567,0.0362050105617046,0.4512260712853648,0.8343965465005427,0.5103766433108837,0.5859043839599727,True,,,,
vertical_delta75_3wide_weekly_dte60_d75_profit_50,"delta75_3wide, monthly 60 DTE, profit 50",5% concurrent max-loss budget; overlap allowed,None,ITM structure grid,0.042768001857389,0.0563113642724057,0.7718687207704436,-0.1153353896807998,0.0524450801609042,0.0356449026723975,0.0212809538216021,0.9252968208436092,0.6681202836757494,0.4042918586689592,0.5851573954570026,True,,,,
vertical_104/101_monthly_dte60_m104_profit_50,"104/101, monthly 60 DTE, profit 50",5% concurrent max-loss budget; overlap allowed,None,ITM structure grid,0.0462032783758141,0.0649807363417496,0.7271903327878669,-0.0918954698810056,0.0586902882205015,0.027636192271369,0.0279090571862947,0.8485315501382881,0.5225251417465105,0.5032146371013831,0.5822373697868491,True,,,,
101/98_dte15_hold_none,"101/98, sequential 15 DTE, hold",One position; short-strike notional capped at equity,None,Sequential unlevered hedge grid,0.0309580026316511,0.0560990787742217,0.5716502152131858,-0.1125344196367078,0.0292344128449717,0.0369405887688987,0.0301612534957831,0.5467791403227985,0.6557741845230025,0.5578527715022653,0.5820518244516217,True,,,,
102/99_dte21_profit_90_put_d5_b5,"102/99, sequential 21 DTE, profit 90; + 5-delta put; 5% credit budget",One position; short-strike notional capped at equity,5-delta put; 5% credit budget,Sequential unlevered hedge grid,0.0363383651414221,0.0507216809466915,0.729106082383387,-0.1158042127223284,0.0442420308197433,0.0275246243980269,0.0217043732753696,0.8678769821478061,0.5413532682758493,0.4847829788630077,0.5808219620609758,True,,,,
vertical_100/97_weekly_dte21_m100_short_delta_25,"100/97, monthly 21 DTE, short delta 25",5% concurrent max-loss budget; overlap allowed,None,ITM structure grid,0.0312039481026213,0.0714234531197633,0.4659849714799167,-0.1692128188881055,0.0213308474087519,0.0504739185773877,0.0418893556081381,0.3374712255817486,0.6608728555094876,0.6366112724769233,0.5807430311010875,True,,,,
vertical_delta60_3wide_weekly_dte21_d60_profit_50,"delta60_3wide, monthly 21 DTE, profit 50",5% concurrent max-loss budget; overlap allowed,None,ITM structure grid,0.0334186986820097,0.0797745601915163,0.4519582883281554,-0.1778846044759818,0.0203712507689257,0.0627145627684193,0.0439227522371568,0.298805173242588,0.7066271833156503,0.6260230624112195,0.5796849318537262,True,,,,
vertical_delta55_3wide_monthly_dte15_d55_profit_75,"delta55_3wide, monthly 15 DTE, profit 75",5% concurrent max-loss budget; overlap allowed,None,ITM structure grid,0.0321558222594491,0.0961043935574342,0.3774690434941844,-0.2047544408277292,0.0143180815796593,0.0759935385688128,0.0431915585119289,0.1887838618365885,0.8670468865114342,0.5930346672470089,0.5793435388762697,True,,,,
vertical_101/98_weekly_dte21_m101_profit_50,"101/98, monthly 21 DTE, profit 50",5% concurrent max-loss budget; overlap allowed,None,ITM structure grid,0.038517723319315,0.0776528553297629,0.5255839022494511,-0.1882815107857816,0.0306066759307468,0.0651045373640231,0.0360608651146929,0.4303170200553375,0.7759579740205591,0.5362404843349827,0.5792156789058769,True,,,,
vertical_delta70_3wide_weekly_dte45_d70_exit_7dte,"delta70_3wide, monthly 45 DTE, exit 7dte",5% concurrent max-loss budget; overlap allowed,None,ITM structure grid,0.0416260664903451,0.0700655953896465,0.6171349772513933,-0.1407541439351944,0.0430205702031714,0.0525995326804347,0.0266436237496576,0.6164304382518526,0.7360351281374756,0.4816285934454241,0.5790011422199982,True,,,,
vertical_delta50_3wide_weekly_dte21_d50_short_delta_25,"delta50_3wide, monthly 21 DTE, short delta 25",5% concurrent max-loss budget; overlap allowed,None,ITM structure grid,0.0314503726435737,0.0732986506590089,0.459167386709804,-0.163751949260409,0.0203532519900926,0.0555475135367911,0.0411026705453372,0.3169972610088406,0.6988256734952599,0.6211502032663226,0.5787478478292829,True,,,,
vertical_delta60_3wide_weekly_dte21_d60_profit_75,"delta60_3wide, monthly 21 DTE, profit 75",5% concurrent max-loss budget; overlap allowed,None,ITM structure grid,0.0445488081385925,0.0859099366511665,0.5503582510562331,-0.1743849539369542,0.0386588976286412,0.0681521639862281,0.0389196549087811,0.4847424797401951,0.759014057946353,0.5223429630556709,0.5786721930810763,True,,,,
vertical_102/99_weekly_dte45_m102_profit_25,"102/99, monthly 45 DTE, profit 25",5% concurrent max-loss budget; overlap allowed,None,ITM structure grid,0.0314129215955005,0.0416464020395635,0.7635198460687422,-0.0586423873258444,0.037655172024877,0.0329921104896184,0.0113863534234579,0.8660442452845157,0.8260190897321772,0.3317712576601224,0.578649022662657,True,,,,
vertical_delta60_3wide_weekly_dte45_d60_short_delta_40,"delta60_3wide, monthly 45 DTE, short delta 40",5% concurrent max-loss budget; overlap allowed,None,ITM structure grid,0.033472625345559,0.0510875787986487,0.6700458249253162,-0.0816999535366773,0.0352221331341067,0.0455988353456426,0.0163237428205156,0.6876593098172539,0.9049682944636877,0.3634523856924829,0.578121745427283,True,,,,
vertical_delta55_3wide_monthly_dte15_d55_short_delta_25,"delta55_3wide, monthly 15 DTE, short delta 25",5% concurrent max-loss budget; overlap allowed,None,ITM structure grid,0.0325608529688832,0.092912885671067,0.3914105712383688,-0.1792935583071249,0.0152408734304003,0.0806493748965355,0.0379035066919208,0.2007877302207873,0.9595203133843624,0.5311105816702653,0.5746945858381782,True,,,,
102/99_dte15_profit_40_none,"102/99, sequential 15 DTE, profit 40",One position; short-strike notional capped at equity,None,Sequential unlevered hedge grid,0.0371867038318811,0.0515005783232883,0.734830541606322,-0.1096417249060952,0.0382664457190946,0.0626738193762492,0.0091600798696485,0.7712927309213355,1.1363555824141578,0.2026439581012443,0.5745878384529941,True,,,,
vertical_delta80_3wide_monthly_dte30_d80_exit_7dte,"delta80_3wide, monthly 30 DTE, exit 7dte",5% concurrent max-loss budget; overlap allowed,None,ITM structure grid,0.044310480385767,0.0734380545678251,0.6271375669610875,-0.1306599427284192,0.0493819618112376,0.0441037283398149,0.0294662597022719,0.6581991406624463,0.6420841295782718,0.5050355176476106,0.574482419013849,True,,,,
vertical_delta65_3wide_weekly_dte45_d65_short_delta_40,"delta65_3wide, monthly 45 DTE, short delta 40",5% concurrent max-loss budget; overlap allowed,None,ITM structure grid,0.0414760083803944,0.0566984702596106,0.7451455115228264,-0.0888081438371258,0.0479332242611789,0.0483986668147462,0.0156164670026184,0.8404463042112977,0.8692813115606804,0.312813986192242,0.5743088177702684,True,,,,
vertical_delta55_3wide_weekly_dte21_d55_profit_75,"delta55_3wide, monthly 21 DTE, profit 75",5% concurrent max-loss budget; overlap allowed,None,ITM structure grid,0.0396700562200948,0.0824701266772355,0.5130459892927431,-0.1681115427723363,0.0310426597619046,0.0662784969624274,0.0393521889530459,0.4138342974284413,0.7681944437967229,0.5374144576854778,0.5741355833354601,True,,,,
101/98_dte21_profit_80_put_d20_b5,"101/98, sequential 21 DTE, profit 80; + 20-delta put; 5% credit budget",One position; short-strike notional capped at equity,20-delta put; 5% credit budget,Sequential unlevered hedge grid,0.0323626501032918,0.0482157884539877,0.6848189006794616,-0.1078733514698465,0.0339065600048376,0.0460240439403989,0.0143281060631581,0.7206988424225848,0.9620678436833668,0.3119000804481311,0.5730537175762411,True,,,,
103/100_dte30_profit_80_put_d15_b5,"103/100, sequential 30 DTE, profit 80; + 15-delta put; 5% credit budget",One position; short-strike notional capped at equity,15-delta put; 5% credit budget,Sequential unlevered hedge grid,0.0366472419196659,0.0417362824033155,0.8832077996342551,-0.0537214693902258,0.0469300067521014,0.0334942059378307,0.0095109595967912,1.1523475714769706,0.7513914203520696,0.2473915136672142,0.5727165276065956,True,,,,
vertical_delta70_3wide_weekly_dte30_d70_profit_50,"delta70_3wide, monthly 30 DTE, profit 50",5% concurrent max-loss budget; overlap allowed,None,ITM structure grid,0.0449748993757106,0.0685572773216313,0.675821982826076,-0.1085559455241121,0.0503426872737549,0.0510614680305576,0.0230973916626782,0.7240749687891582,0.7608192838706673,0.4125510580487907,0.5726737935930435,True,,,,
101/98_dte15_profit_70_put_d15_b5,"101/98, sequential 15 DTE, profit 70; + 15-delta put; 5% credit budget",One position; short-strike notional capped at equity,15-delta put; 5% credit budget,Sequential unlevered hedge grid,0.0383612517694649,0.0530653362009792,0.7360706833937886,-0.1239380446736918,0.0458443618728048,0.0354987826628128,0.0190699499551751,0.8766450923058297,0.61523200427549,0.4265788653950776,0.5722012659516647,True,,,,
103/100_dte21_hold_put_d20_b5,"103/100, sequential 21 DTE, hold; + 20-delta put; 5% credit budget",One position; short-strike notional capped at equity,20-delta put; 5% credit budget,Sequential unlevered hedge grid,0.0318299087242324,0.0481856844607893,0.6743073501004634,-0.0564060348886215,0.0358827609306195,0.0307817134946108,0.0208191490581435,0.7612126799522128,0.6152547694432671,0.47076720406048,0.5708099313939351,True,,,,
vertical_101/98_weekly_dte45_m101_short_delta_40,"101/98, monthly 45 DTE, short delta 40",5% concurrent max-loss budget; overlap allowed,None,ITM structure grid,0.0302581752962789,0.0449434769770001,0.6857750449022517,-0.0786503249066519,0.0330658962205494,0.0368594705394562,0.0153857720400554,0.7423750411119745,0.8104903383415233,0.3751169042864005,0.5701147973856023,True,,,,
104/101_dte21_profit_70_none,"104/101, sequential 21 DTE, profit 70",One position; short-strike notional capped at equity,None,Sequential unlevered hedge grid,0.0348453234456098,0.0418394085013756,0.8394446644242386,-0.0451712990847787,0.0425307542339707,0.0408535111247276,0.0063145369598167,0.9769563436322892,0.9683179690142254,0.1945700415464871,0.5698524310140671,True,,,,
vertical_delta60_3wide_monthly_dte15_d60_profit_75,"delta60_3wide, monthly 15 DTE, profit 75",5% concurrent max-loss budget; overlap allowed,None,ITM structure grid,0.0367441102422252,0.0910115760788513,0.4419421271567718,-0.1416837008569444,0.024297918717298,0.0659048622050959,0.0455377402586045,0.3040615220542648,0.71894403162958,0.5988407326536745,0.5689598152580491,True,,,,
101/98_dte15_profit_80_put_d15_b20,"101/98, sequential 15 DTE, profit 80; + 15-delta put; 20% credit budget",One position; short-strike notional capped at equity,15-delta put; 20% credit budget,Sequential unlevered hedge grid,0.0303821895114562,0.0560428546425152,0.5620321973854937,-0.1191309117626751,0.0367936763627652,9.567194051629536e-05,0.042038729447468,0.7160923537183995,0.0290757321160717,0.7891374921392601,0.5682708128841027,True,257.0,0.6809338521400778,0.0020865815515078,0.0235623061593609
vertical_delta50_3wide_weekly_dte21_d50_profit_75,"delta50_3wide, monthly 21 DTE, profit 75",5% concurrent max-loss budget; overlap allowed,None,ITM structure grid,0.037771704376027,0.0735596035418686,0.540884572691372,-0.1619108712765138,0.0331038971192756,0.0521260558082306,0.0375321563916315,0.4911659656091337,0.6716641142249306,0.5447001575958532,0.5680294594646665,True,,,,
vertical_delta60_3wide_weekly_dte21_d60_short_delta_25,"delta60_3wide, monthly 21 DTE, short delta 25",5% concurrent max-loss budget; overlap allowed,None,ITM structure grid,0.0486875737467573,0.0819034971756516,0.621464056898165,-0.1337045383983659,0.0505683681907198,0.0582238864441069,0.0336730237490854,0.6446501600477033,0.6886453216945025,0.4718993631221269,0.566954941681661,True,,,,
101/98_dte15_profit_90_put_d15_b15,"101/98, sequential 15 DTE, profit 90; + 15-delta put; 15% credit budget",One position; short-strike notional capped at equity,15-delta put; 15% credit budget,Sequential unlevered hedge grid,0.0318487460346212,0.0489700772929856,0.6648471814155555,-0.1393693023735528,0.0357316032886698,0.0310729576012893,0.0210702168674294,0.744368507726223,0.6205611407863727,0.4665423678366201,0.5665514634153922,True,,,,
vertical_102/99_monthly_dte30_m102_exit_7dte,"102/99, monthly 30 DTE, exit 7dte",5% concurrent max-loss budget; overlap allowed,None,ITM structure grid,0.0406223777781473,0.0609823813768916,0.6834898156693003,-0.1151324698771855,0.0486841481564968,0.0354348416185652,0.0219325820996036,0.7631691149520168,0.644820302101559,0.4422694438428791,0.5651641462565619,True,,,,
vertical_delta60_3wide_weekly_dte30_d60_profit_50,"delta60_3wide, monthly 30 DTE, profit 50",5% concurrent max-loss budget; overlap allowed,None,ITM structure grid,0.0351904999801513,0.0564290596307281,0.6411423496928693,-0.091963216431921,0.0356457138249446,0.0505759471911317,0.0186876904860957,0.6465506355193614,0.8708389668926988,0.3726710138927817,0.5651420789667567,True,,,,
vertical_delta65_3wide_monthly_dte15_d65_short_delta_40,"delta65_3wide, monthly 15 DTE, short delta 40",5% concurrent max-loss budget; overlap allowed,None,ITM structure grid,0.0369585417217031,0.0913625744184809,0.4429382554531107,-0.159425536138032,0.0179499073492339,0.0997169227912513,0.0335104895770446,0.2375852128950971,1.0194533253927265,0.4605470609159874,0.5650684692857509,True,,,,
vertical_delta80_3wide_weekly_dte21_d80_profit_25,"delta80_3wide, monthly 21 DTE, profit 25",5% concurrent max-loss budget; overlap allowed,None,ITM structure grid,0.0403922243186949,0.087561715672896,0.4959542700293762,-0.2017966498446814,0.0357583497025855,0.0487331060044833,0.0460139422073215,0.4432306773652412,0.5415454341631626,0.6267359889900862,0.5648343816435576,True,,,,
vertical_delta65_3wide_monthly_dte15_d65_profit_75,"delta65_3wide, monthly 15 DTE, profit 75",5% concurrent max-loss budget; overlap allowed,None,ITM structure grid,0.0377250246295695,0.0976763820182766,0.4280027952276507,-0.2097244238770964,0.0236837333925927,0.0705972279507425,0.0477662447111999,0.2848244024408597,0.698296581335864,0.6074641292296108,0.5638301498376654,True,,,,
102/99_dte30_profit_60_put_d20_b5,"102/99, sequential 30 DTE, profit 60; + 20-delta put; 5% credit budget",One position; short-strike notional capped at equity,20-delta put; 5% credit budget,Sequential unlevered hedge grid,0.0310982727844808,0.0396531860650863,0.7922226086934873,-0.0729114188001379,0.0345579954164818,0.0482064875526588,0.0041410313021688,0.8998480806541829,1.1535930496645994,0.12160381442863,0.563399642597941,True,,,,
vertical_delta50_3wide_monthly_dte15_d50_profit_75,"delta50_3wide, monthly 15 DTE, profit 75",5% concurrent max-loss budget; overlap allowed,None,ITM structure grid,0.0320964889783452,0.0725516766504529,0.4717844444697692,-0.1127511243460916,0.0200808415557303,0.0678176340013307,0.0331905377836412,0.3157707476095399,0.8653694046611518,0.5008873511207447,0.5613300833140682,True,,,,
101/98_dte15_profit_40_put_d20_b5,"101/98, sequential 15 DTE, profit 40; + 20-delta put; 5% credit budget",One position; short-strike notional capped at equity,20-delta put; 5% credit budget,Sequential unlevered hedge grid,0.0354734998265922,0.0507916583673661,0.7118901594417205,-0.0867358938451204,0.0400705190699444,0.0404883372150641,0.0168971198410625,0.8169364813844285,0.7674672263249913,0.3512981731877071,0.5612453813269377,True,,,,
vertical_delta55_3wide_monthly_dte15_d55_hold,"delta55_3wide, monthly 15 DTE, hold",5% concurrent max-loss budget; overlap allowed,None,ITM structure grid,0.0306095558297858,0.1038708353033018,0.3423315181124881,-0.2385027936017859,0.0097437795177495,0.0816888906606301,0.0439977822276673,0.1423844324703992,0.8877557986394128,0.5673273269100361,0.5611934297966799,True,,,,
101/98_dte15_profit_70_put_d20_b5,"101/98, sequential 15 DTE, profit 70; + 20-delta put; 5% credit budget",One position; short-strike notional capped at equity,20-delta put; 5% credit budget,Sequential unlevered hedge grid,0.0384975145264678,0.0528519652862407,0.7413064114312697,-0.1187961497501888,0.0462108222681065,0.0371266870075819,0.0170695486016345,0.8869545375281438,0.6465051697220005,0.3831959394139717,0.5603980839098345,True,,,,
vertical_102/99_weekly_dte30_m102_exit_7dte,"102/99, monthly 30 DTE, exit 7dte",5% concurrent max-loss budget; overlap allowed,None,ITM structure grid,0.0385382122801154,0.063938361835492,0.6234375175353805,-0.1423432823327278,0.0367021448896347,0.0659206737813291,0.0172377562456735,0.5870756903033161,0.9815998750131324,0.3286538821642545,0.5601320151344459,True,,,,
vertical_delta75_3wide_weekly_dte45_d75_exit_7dte,"delta75_3wide, monthly 45 DTE, exit 7dte",5% concurrent max-loss budget; overlap allowed,None,ITM structure grid,0.0460778654806766,0.0778306474441867,0.6177620255183758,-0.148348434140999,0.0493040876137491,0.0582810114427569,0.0245196285215438,0.6247153030703126,0.7616625030304102,0.4263241565537892,0.5590612020468816,True,,,,
vertical_delta70_3wide_weekly_dte30_d70_exit_7dte,"delta70_3wide, monthly 30 DTE, exit 7dte",5% concurrent max-loss budget; overlap allowed,None,ITM structure grid,0.034114390540773,0.0721432120097598,0.5010486625802738,-0.1659404623744776,0.0282127982213142,0.0581924842050589,0.028062072247226,0.4056844857031431,0.8219979165185295,0.4849651686552176,0.5589396025707399,True,,,,
vertical_100/97_monthly_dte15_m100_profit_75,"100/97, monthly 15 DTE, profit 75",5% concurrent max-loss budget; overlap allowed,None,ITM structure grid,0.0300946183984656,0.0715628268242275,0.4501939038544907,-0.1138692863520618,0.0174763773380237,0.0648915658562281,0.0339175694727529,0.2813139585781019,0.8660625138263538,0.5081933858945448,0.5578288055760252,True,,,,
vertical_delta70_3wide_weekly_dte60_d70_exit_14dte,"delta70_3wide, monthly 60 DTE, exit 14dte",5% concurrent max-loss budget; overlap allowed,None,ITM structure grid,0.0318928869226062,0.0572109260378978,0.5774234943425278,-0.126241163572028,0.0329193774752423,0.0357044255195986,0.025037382939939,0.5829768880528571,0.6195513132859134,0.5128186760791683,0.5564860490032438,True,,,,
103/100_dte21_hold_put_d15_b5,"103/100, sequential 21 DTE, hold; + 15-delta put; 5% credit budget",One position; short-strike notional capped at equity,15-delta put; 5% credit budget,Sequential unlevered hedge grid,0.031337669797987,0.0492658779699718,0.6508848839728276,-0.0564723428562812,0.0355325047808952,0.0294559351861558,0.0207336779584643,0.730041233131544,0.5875053879067996,0.4682502377842021,0.5555961392358153,True,,,,
101/98_dte15_profit_90_put_d10_b10,"101/98, sequential 15 DTE, profit 90; + 10-delta put; 10% credit budget",One position; short-strike notional capped at equity,10-delta put; 10% credit budget,Sequential unlevered hedge grid,0.0303813371545957,0.052279648393278,0.598763652926651,-0.1517982460252354,0.0325302237455524,0.0290439988589479,0.0253006998998037,0.6434851460924715,0.537905387690211,0.5289716111882398,0.5553612897232085,True,,,,
vertical_102/99_weekly_dte45_m102_short_delta_40,"102/99, monthly 45 DTE, short delta 40",5% concurrent max-loss budget; overlap allowed,None,ITM structure grid,0.0465194691574952,0.0571180765495504,0.824696839670899,-0.0882103629923891,0.0593430226031583,0.0452363113854303,0.0102602658285364,0.9986759419179522,0.8564825660607773,0.2177705555428596,0.5552769945414069,True,,,,
101/98_dte15_profit_70_put_d5_b10,"101/98, sequential 15 DTE, profit 70; + 5-delta put; 10% credit budget",One position; short-strike notional capped at equity,5-delta put; 10% credit budget,Sequential unlevered hedge grid,0.0330245052454327,0.0564709166505792,0.6037026511334669,-0.1475410413417945,0.0358590474500775,0.028069032659564,0.0295171433405458,0.6652304127095725,0.4941871381160673,0.5395495458532551,0.5534763844754269,True,,,,
vertical_103/100_weekly_dte45_m103_profit_25,"103/100, monthly 45 DTE, profit 25",5% concurrent max-loss budget; overlap allowed,None,ITM structure grid,0.0427558241164329,0.0515444873508225,0.8380274355564301,-0.068830489149518,0.0549849889379576,0.0429001503994654,0.0068196522387427,0.9832084174145584,0.908119712260512,0.1893472592419344,0.552987563853922,True,,,,
104/101_dte21_profit_90_put_d5_b5,"104/101, sequential 21 DTE, profit 90; + 5-delta put; 5% credit budget",One position; short-strike notional capped at equity,5-delta put; 5% credit budget,Sequential unlevered hedge grid,0.0316748150191525,0.0448868256762188,0.7169978564942587,-0.0886135248168955,0.0320135212493408,0.0573471170941612,0.0056363501210341,0.7285488359421278,1.1627639895624589,0.1565026486634578,0.5499244327630887,True,,,,
vertical_delta60_3wide_monthly_dte15_d60_hold,"delta60_3wide, monthly 15 DTE, hold",5% concurrent max-loss budget; overlap allowed,None,ITM structure grid,0.0336422862568306,0.1023933382780142,0.3744005884220033,-0.2185539775609869,0.0139582520945593,0.0863422357851411,0.0418165479349579,0.1820527136494173,0.8758937826914049,0.5294216114401172,0.5484322172825228,True,,,,
vertical_104/101_monthly_dte75_m104_short_delta_25,"104/101, monthly 75 DTE, short delta 25",5% concurrent max-loss budget; overlap allowed,None,ITM structure grid,0.0318605390678963,0.0504065926392421,0.6474576039563973,-0.0708976757070887,0.0347446713709471,0.0369174689989404,0.0182772810903155,0.7026595809154461,0.7464965933565973,0.3831891766616951,0.5483634342029535,True,,,,
102/99_dte30_profit_60_put_d15_b5,"102/99, sequential 30 DTE, profit 60; + 15-delta put; 5% credit budget",One position; short-strike notional capped at equity,15-delta put; 5% credit budget,Sequential unlevered hedge grid,0.0308126777298121,0.0400499512900767,0.7778542764792813,-0.0744947298691598,0.034537006509268,0.0470901039573035,0.0038823930400391,0.8878793531343759,1.119184526557479,0.1151049691582658,0.5483159468365871,True,,,,
102/99_dte21_profit_60_none,"102/99, sequential 21 DTE, profit 60",One position; short-strike notional capped at equity,None,Sequential unlevered hedge grid,0.0323555844480663,0.0500179654980657,0.6617104837895935,-0.0903610844329005,0.0372397023050028,0.0297519139639266,0.0204334912894472,0.7552865181464156,0.6024985102289682,0.4362046990686191,0.5481910031924733,True,,,,
vertical_delta70_3wide_weekly_dte45_d70_profit_75,"delta70_3wide, monthly 45 DTE, profit 75",5% concurrent max-loss budget; overlap allowed,None,ITM structure grid,0.0489270404551105,0.0709503673476887,0.7087342983330019,-0.1196511933148388,0.0585130433501783,0.0486733478508052,0.020970617591028,0.8156401329041262,0.6799181259338571,0.369772053651006,0.5480850080778865,True,,,,
vertical_delta60_3wide_monthly_dte15_d60_short_delta_25,"delta60_3wide, monthly 15 DTE, short delta 25",5% concurrent max-loss budget; overlap allowed,None,ITM structure grid,0.03068816660363,0.0974405728329418,0.35894488497533,-0.143672269820683,0.011443046994497,0.0713371004100333,0.0491883433594066,0.1638483873317524,0.7297721387041457,0.6063785552871748,0.5461040589169196,True,,,,
vertical_103/100_weekly_dte60_m103_exit_14dte,"103/100, monthly 60 DTE, exit 14dte",5% concurrent max-loss budget; overlap allowed,None,ITM structure grid,0.0358599642153532,0.0578213863122405,0.638286835100282,-0.1071683041467397,0.0400129569029028,0.0415227226218326,0.0179516489666615,0.6754541268579974,0.7466795296767329,0.3862217134562176,0.5449275416860199,True,,,,
vertical_104/101_monthly_dte60_m104_exit_14dte,"104/101, monthly 60 DTE, exit 14dte",5% concurrent max-loss budget; overlap allowed,None,ITM structure grid,0.0417405227657439,0.0727176635345863,0.598694074523554,-0.110938762696487,0.0488258357296185,0.0453749945054042,0.017248967987018,0.6144087445471911,0.7633443395385585,0.403273825622468,0.5445037168303076,True,,,,
101/98_dte15_profit_40_put_d15_b5,"101/98, sequential 15 DTE, profit 40; + 15-delta put; 5% credit budget",One position; short-strike notional capped at equity,15-delta put; 5% credit budget,Sequential unlevered hedge grid,0.0351987894919201,0.0510288029957158,0.7036239691946096,-0.0895647334981672,0.0401523893190365,0.0404793920614876,0.0153192606362742,0.8159416604902983,0.7657771041788451,0.3182381683686335,0.5433170062220338,True,,,,
vertical_100/97_weekly_dte21_m100_profit_75,"100/97, monthly 21 DTE, profit 75",5% concurrent max-loss budget; overlap allowed,None,ITM structure grid,0.0353438193191539,0.0735036707434929,0.5093761699059689,-0.1637660737391579,0.0302852071642558,0.0488553638400173,0.0371140602816366,0.4560628881685864,0.6312214148862345,0.5320597864618911,0.5431822971683891,True,,,,
vertical_delta70_3wide_weekly_dte45_d70_short_delta_25,"delta70_3wide, monthly 45 DTE, short delta 25",5% concurrent max-loss budget; overlap allowed,None,ITM structure grid,0.0481320685239956,0.0743731503199624,0.6692957901051035,-0.1282807908794073,0.0551266296806238,0.053718213354073,0.0220056351465638,0.7386355899744492,0.7158673306591599,0.3722422147365622,0.5428128575397488,True,,,,
vertical_100/97_weekly_dte15_m100_hold,"100/97, monthly 15 DTE, hold",5% concurrent max-loss budget; overlap allowed,None,ITM structure grid,0.0463776827510311,0.0878618991626803,0.5600389127036481,-0.1602259199725968,0.0457729058465468,0.0614152164631345,0.0333415127885436,0.5424577432381725,0.7010641613630545,0.4601781578368049,0.5427276720152567,True,,,,
vertical_101/98_weekly_dte21_m101_profit_75,"101/98, monthly 21 DTE, profit 75",5% concurrent max-loss budget; overlap allowed,None,ITM structure grid,0.0475534365061205,0.0853160068675161,0.5872837302115025,-0.1626824459707458,0.0467607301714902,0.0697415758376043,0.0281547416880745,0.5724297892641255,0.7968224313727099,0.3970804020055298,0.5423386502567115,True,,,,
100/97_dte15_profit_80_none,"100/97, sequential 15 DTE, profit 80",One position; short-strike notional capped at equity,None,Sequential unlevered hedge grid,0.0314013923072118,0.051832477351424,0.6226587544437436,-0.123669575577206,0.0307494897771738,0.0553441613602661,0.0099130348054294,0.6125184757942896,1.1427586910741474,0.2047470532733248,0.5422068462187171,True,,,,
vertical_103/100_weekly_dte45_m103_exit_14dte,"103/100, monthly 45 DTE, exit 14dte",5% concurrent max-loss budget; overlap allowed,None,ITM structure grid,0.0416490034331051,0.0623031030652941,0.6861383220277942,-0.1181378155361823,0.0462870087627615,0.0584678940220813,0.0115433447154082,0.7184721758944592,0.9584614732725892,0.2507722962686221,0.5413861750394066,True,,,,
vertical_delta80_3wide_weekly_dte60_d80_exit_7dte,"delta80_3wide, monthly 60 DTE, exit 7dte",5% concurrent max-loss budget; overlap allowed,None,ITM structure grid,0.0466935848725549,0.0742331794949425,0.6519588743447126,-0.133682709466563,0.0529593949430557,0.0523563694284923,0.022610888719007,0.7073188758547989,0.7283842735508919,0.375330152819723,0.5410548636102755,True,,,,
vertical_delta70_3wide_weekly_dte45_d70_exit_14dte,"delta70_3wide, monthly 45 DTE, exit 14dte",5% concurrent max-loss budget; overlap allowed,None,ITM structure grid,0.0315612113387269,0.058410419414094,0.5612160451640767,-0.1284006971946287,0.0291737009286714,0.0514837635240246,0.0190662191239445,0.5135545374135078,0.8422535002238603,0.3930342295282756,0.5402352749485367,True,,,,
vertical_delta50_3wide_weekly_dte15_d50_hold,"delta50_3wide, monthly 15 DTE, hold",5% concurrent max-loss budget; overlap allowed,None,ITM structure grid,0.0467450428547815,0.0886277160903631,0.5599218989627428,-0.1592944805852059,0.0463145405071974,0.0617769627029105,0.033198515595219,0.545393020058564,0.695352745937137,0.4548880033998889,0.5390833310892876,True,,,,
vertical_102/99_weekly_dte21_m102_profit_25,"102/99, monthly 21 DTE, profit 25",5% concurrent max-loss budget; overlap allowed,None,ITM structure grid,0.0359635570437597,0.0815568205504292,0.4739969403195139,-0.169132134882866,0.0259304031383318,0.0780691030055988,0.0249561486808413,0.3421089096811501,0.97790828872565,0.3867320587236491,0.5365591320273609,True,,,,
vertical_delta65_3wide_monthly_dte15_d65_hold,"delta65_3wide, monthly 15 DTE, hold",5% concurrent max-loss budget; overlap allowed,None,ITM structure grid,0.0381963927020905,0.1048954047577011,0.4099286119201024,-0.2420662174644283,0.0205890466332172,0.0950909444158383,0.0360128541012461,0.239933385135529,0.9038496597614962,0.4634801688995671,0.5346853683524972,True,,,,
101/98_dte21_profit_80_put_d15_b5,"101/98, sequential 21 DTE, profit 80; + 15-delta put; 5% credit budget",One position; short-strike notional capped at equity,15-delta put; 5% credit budget,Sequential unlevered hedge grid,0.0314869797712011,0.0485993660917876,0.6623407201312372,-0.1098558431520082,0.0338216138872544,0.044105118624826,0.0121423756661041,0.7170884767311879,0.911654498274492,0.2648524638880052,0.5341372000354275,True,,,,
101/98_dte15_profit_90_put_d20_b20,"101/98, sequential 15 DTE, profit 90; + 20-delta put; 20% credit budget",One position; short-strike notional capped at equity,20-delta put; 20% credit budget,Sequential unlevered hedge grid,0.031353151628785,0.0467941338419815,0.6832574015551154,-0.127010405147371,0.0367550080031759,0.0315132264534678,0.0151793951348537,0.7926297495316852,0.6727337811544742,0.3547518593395304,0.5327795775436481,True,,,,
vertical_105/102_weekly_dte60_m105_profit_25,"105/102, monthly 60 DTE, profit 25",5% concurrent max-loss budget; overlap allowed,None,ITM structure grid,0.0481008575090728,0.061315084113378,0.7967098103935587,-0.0840285738098246,0.0658557652377704,0.0338402542776308,0.0104053447467455,0.955767414332202,0.7619384668329964,0.2356359837187635,0.531338701756817,True,,,,
103/100_dte15_profit_60_none,"103/100, sequential 15 DTE, profit 60",One position; short-strike notional capped at equity,None,Sequential unlevered hedge grid,0.0351747015170229,0.0497902734365046,0.7191745279688317,-0.065118592559189,0.0364240211754165,0.066204397755863,0.0014227470293726,0.7442216529597356,1.26409218887027,0.0535443623584695,0.5263459291376458,True,,,,
vertical_delta75_3wide_weekly_dte45_d75_exit_14dte,"delta75_3wide, monthly 45 DTE, exit 14dte",5% concurrent max-loss budget; overlap allowed,None,ITM structure grid,0.0355197968084932,0.0644621613897347,0.5737325175570731,-0.1322344210256513,0.0349870536998562,0.055602050011444,0.0173869542740356,0.5461797211463649,0.8516428931008928,0.346078559601723,0.5252502130037467,True,,,,
101/98_dte15_profit_70_put_d10_b10,"101/98, sequential 15 DTE, profit 70; + 10-delta put; 10% credit budget",One position; short-strike notional capped at equity,10-delta put; 10% credit budget,Sequential unlevered hedge grid,0.0320037873708967,0.0533942817831988,0.6168411031245771,-0.1524188070532726,0.0383197891774351,0.0204521128991927,0.0247807734955913,0.742204798777147,0.3705657618530072,0.5189134251408145,0.5251129831626888,True,,,,
103/100_dte21_profit_50_none,"103/100, sequential 21 DTE, profit 50",One position; short-strike notional capped at equity,None,Sequential unlevered hedge grid,0.0305134167976883,0.0436663551039079,0.7101792344665702,-0.0518095395915579,0.0388602894004757,0.0197003461581766,0.0165720833705043,0.889763731638218,0.4636934585579325,0.4087977942685378,0.5248047449661417,True,,,,
vertical_delta70_3wide_weekly_dte45_d70_profit_25,"delta70_3wide, monthly 45 DTE, profit 25",5% concurrent max-loss budget; overlap allowed,None,ITM structure grid,0.0308851771162383,0.045710303839561,0.6882849331695037,-0.075426569951693,0.037061994164131,0.0308227181367,0.0126599949695769,0.7953666135897794,0.6622134247942227,0.3417828259559046,0.5245782545319253,True,,,,
101/98_dte15_profit_40_put_d10_b5,"101/98, sequential 15 DTE, profit 40; + 10-delta put; 5% credit budget",One position; short-strike notional capped at equity,10-delta put; 5% credit budget,Sequential unlevered hedge grid,0.0341583752267486,0.0516369162120142,0.6764769642241917,-0.0930952523107657,0.0388939256462153,0.0396984470830796,0.0146637393151232,0.7800154164333076,0.7461351400670447,0.3046021068482122,0.5234848473282826,True,,,,
101/98_dte15_profit_70_put_d5_b15,"101/98, sequential 15 DTE, profit 70; + 5-delta put; 15% credit budget",One position; short-strike notional capped at equity,5-delta put; 15% credit budget,Sequential unlevered hedge grid,0.0304587317388387,0.0563901342271819,0.5603858064878343,-0.153829232546959,0.0324418653262856,0.0269360300373393,0.0280544720872404,0.6071411392189929,0.4752405317335189,0.5143518302127275,0.5230957995713759,True,,,,
vertical_101/98_weekly_dte15_m101_profit_25,"101/98, monthly 15 DTE, profit 25",5% concurrent max-loss budget; overlap allowed,None,ITM structure grid,0.0399203508593062,0.0868414382009936,0.4941892483874093,-0.1527514775769008,0.0202489419849367,0.1405984792551566,0.0039594248573691,0.2633278259790773,1.5506822475379498,0.0924115987944204,0.5227944600173002,True,,,,
103/100_dte30_profit_80_put_d10_b5,"103/100, sequential 30 DTE, profit 80; + 10-delta put; 5% credit budget",One position; short-strike notional capped at equity,10-delta put; 5% credit budget,Sequential unlevered hedge grid,0.0355617825747758,0.0430820369624444,0.8326011218175318,-0.0563878334719856,0.0463712258517041,0.0319047999697694,0.0073978172062563,1.0877643118910263,0.7124360780940324,0.1952679714668588,0.5221677642223447,True,,,,
vertical_101/98_monthly_dte15_m101_profit_75,"101/98, monthly 15 DTE, profit 75",5% concurrent max-loss budget; overlap allowed,None,ITM structure grid,0.0361432577737375,0.0943858696847167,0.4234515090565649,-0.1990484342581026,0.0207652979220609,0.0845310652536899,0.0352697344328496,0.2640328858554437,0.8418364601768543,0.4568240236653018,0.5208212106608375,True,,,,
103/100_dte21_hold_put_d10_b5,"103/100, sequential 21 DTE, hold; + 10-delta put; 5% credit budget",One position; short-strike notional capped at equity,10-delta put; 5% credit budget,Sequential unlevered hedge grid,0.0311671700513518,0.0510718738844736,0.6263397386089957,-0.0592404981677391,0.0367097956323734,0.0265659527219219,0.0192862896903589,0.7160825894525876,0.5298425716431933,0.4343555307780455,0.5196847705786087,True,,,,
vertical_101/98_monthly_dte15_m101_hold,"101/98, monthly 15 DTE, hold",5% concurrent max-loss budget; overlap allowed,None,ITM structure grid,0.0355914623266666,0.1020590911609448,0.3938743311767798,-0.2388069834067893,0.013637301346862,0.1099930129739565,0.0302373916393066,0.1814659342195893,1.0357248289884249,0.3877137614913523,0.5193954112433987,True,,,,
vertical_delta50_3wide_weekly_dte15_d50_short_delta_25,"delta50_3wide, monthly 15 DTE, short delta 25",5% concurrent max-loss budget; overlap allowed,None,ITM structure grid,0.0404703158724772,0.0851685029901429,0.5084940545758356,-0.1550485770177024,0.0359142901420941,0.0644506121970429,0.030490295451889,0.4509565098814382,0.7522697590897511,0.4256296314998172,0.5193751374621457,True,,,,
vertical_delta75_3wide_weekly_dte30_d75_exit_7dte,"delta75_3wide, monthly 30 DTE, exit 7dte",5% concurrent max-loss budget; overlap allowed,None,ITM structure grid,0.036396516820359,0.0765670518301087,0.505198603094317,-0.1813958060618757,0.0317590044273765,0.0634964603149299,0.0236491432311003,0.4328893389983443,0.8288866465759789,0.3897595775378504,0.5175547115721033,True,,,,
vertical_delta80_3wide_weekly_dte45_d80_exit_7dte,"delta80_3wide, monthly 45 DTE, exit 7dte",5% concurrent max-loss budget; overlap allowed,None,ITM structure grid,0.0492152235246072,0.0796344555714973,0.6431420272890379,-0.1567995454679903,0.0552158857924673,0.0626690357981436,0.0183821446985523,0.6917859697845968,0.770165101148149,0.3110291494466801,0.5161379482069706,True,,,,
102/99_dte30_profit_60_put_d5_b5,"102/99, sequential 30 DTE, profit 60; + 5-delta put; 5% credit budget",One position; short-strike notional capped at equity,5-delta put; 5% credit budget,Sequential unlevered hedge grid,0.0302241050106519,0.042578479167307,0.7206725027178256,-0.0821785044305288,0.0341590895236736,0.0451946484217349,0.0039356615703214,0.8012059784995867,1.0574981146761702,0.1163772368975475,0.5148112941645369,True,,,,
vertical_105/102_weekly_dte75_m105_profit_75,"105/102, monthly 75 DTE, profit 75",5% concurrent max-loss budget; overlap allowed,None,ITM structure grid,0.0334656757015683,0.0426720649863864,0.7927789559222459,-0.0568628968659592,0.0430762983196642,0.0336349442604433,0.0050342336589901,0.9598381532192256,0.8625139612480721,0.149242517865027,0.5135033678196399,True,,,,
102/99_dte21_profit_90_put_d20_b10,"102/99, sequential 21 DTE, profit 90; + 20-delta put; 10% credit budget",One position; short-strike notional capped at equity,20-delta put; 10% credit budget,Sequential unlevered hedge grid,0.0346284646039014,0.0481555716940084,0.7310355433878251,-0.1202420692174743,0.0459216042797434,0.0194674719628842,0.0164127032321335,0.9518764112172684,0.4029230155522582,0.3896292083669532,0.5114303740929139,True,,,,
vertical_delta55_3wide_weekly_dte15_d55_short_delta_25,"delta55_3wide, monthly 15 DTE, short delta 25",5% concurrent max-loss budget; overlap allowed,None,ITM structure grid,0.0449734717334713,0.0941198300717856,0.5145675971280552,-0.1777874749417346,0.042803950562561,0.0654101275283451,0.0313306240960513,0.4788660185920264,0.7088095565357309,0.419572304698848,0.5102752039849662,True,,,,
vertical_delta70_3wide_weekly_dte45_d70_short_delta_40,"delta70_3wide, monthly 45 DTE, short delta 40",5% concurrent max-loss budget; overlap allowed,None,ITM structure grid,0.0457063393737531,0.0632877176022677,0.7378681426730144,-0.120835632672412,0.0579775163320923,0.0416016054582568,0.0137664033719417,0.9083684814079284,0.6733223307997552,0.2581867475922557,0.5074660429745574,True,,,,
vertical_delta80_3wide_weekly_dte30_d80_exit_7dte,"delta80_3wide, monthly 30 DTE, exit 7dte",5% concurrent max-loss budget; overlap allowed,None,ITM structure grid,0.0403198073914607,0.0803992818853092,0.5318612543929624,-0.1869487632089338,0.036501129255593,0.0723861378095236,0.0203929669729594,0.4760457308257173,0.8652526537581796,0.3278171043690783,0.5048147006872379,True,,,,
vertical_delta70_3wide_weekly_dte15_d70_profit_50,"delta70_3wide, monthly 15 DTE, profit 50",5% concurrent max-loss budget; overlap allowed,None,ITM structure grid,0.045350039938883,0.1092641789463106,0.4605355044540211,-0.2199658662122222,0.0319792697509313,0.0988440763336557,0.0335642517813887,0.3423117420842195,0.8353305941250255,0.3958788598581514,0.5041723902183672,True,,,,
101/98_dte15_profit_70_put_d15_b10,"101/98, sequential 15 DTE, profit 70; + 15-delta put; 10% credit budget",One position; short-strike notional capped at equity,15-delta put; 10% credit budget,Sequential unlevered hedge grid,0.0326612019853918,0.0518622177463827,0.6457858081627093,-0.1478773877426955,0.0411484726511039,0.0201799392470256,0.0199729598116509,0.8173174363392451,0.3661553860406739,0.4501891471753322,0.5038096163649922,True,,,,
vertical_delta75_3wide_weekly_dte60_d75_exit_14dte,"delta75_3wide, monthly 60 DTE, exit 14dte",5% concurrent max-loss budget; overlap allowed,None,ITM structure grid,0.034468247414412,0.0634019532438357,0.5662368698883337,-0.1353288500946936,0.0369722211455045,0.0423632109442786,0.0192237988517494,0.5841996091179781,0.6812240203645396,0.3741533906002183,0.5016363287477741,True,,,,
103/100_dte21_profit_80_none,"103/100, sequential 21 DTE, profit 80",One position; short-strike notional capped at equity,None,Sequential unlevered hedge grid,0.0362925790191301,0.0488869744019091,0.7535939526201612,-0.0983421901195888,0.0478933312732168,0.0272775050304994,0.0110954506608023,0.9543004640154256,0.5843061677479879,0.266554759811434,0.4978583867070439,True,,,,
101/98_dte21_profit_80_put_d10_b5,"101/98, sequential 21 DTE, profit 80; + 10-delta put; 5% credit budget",One position; short-strike notional capped at equity,10-delta put; 5% credit budget,Sequential unlevered hedge grid,0.0302699209724444,0.049093082255353,0.6321289295138254,-0.1122646851815252,0.0332331544766251,0.0411298865030098,0.0107881670221106,0.7010776737700704,0.835905226035691,0.2364886774524314,0.4955951892520316,True,,,,
103/100_dte30_profit_80_put_d5_b5,"103/100, sequential 30 DTE, profit 80; + 5-delta put; 5% credit budget",One position; short-strike notional capped at equity,5-delta put; 5% credit budget,Sequential unlevered hedge grid,0.0360679906644432,0.0460304931498259,0.7926318624221832,-0.0626665265727285,0.0475631140456864,0.0321085635967632,0.0062232774713484,1.0064315507050656,0.7163805219983241,0.1667705085819828,0.4927083036385506,True,,,,
101/98_dte15_profit_60_none,"101/98, sequential 15 DTE, profit 60",One position; short-strike notional capped at equity,None,Sequential unlevered hedge grid,0.0392580416145573,0.0550274174196317,0.7274892327463331,-0.1057185730741544,0.0487491536102486,0.0406837467740994,0.0099480274491778,0.8992867303621648,0.7127087048941486,0.2136634169553701,0.4926508175301802,True,,,,
102/99_dte15_profit_80_none,"102/99, sequential 15 DTE, profit 80",One position; short-strike notional capped at equity,None,Sequential unlevered hedge grid,0.0412875343318848,0.0568047968404888,0.7406688685702271,-0.1326750169656797,0.0513500220820075,0.0465275744722035,0.0066472077200865,0.919518707801006,0.8182779114383184,0.1468676549699757,0.4905541720299991,True,241.0,0.5892116182572614,-0.01494691284253,-0.0173560550859807
104/101_dte21_profit_90_put_d5_b10,"104/101, sequential 21 DTE, profit 90; + 5-delta put; 10% credit budget",One position; short-strike notional capped at equity,5-delta put; 10% credit budget,Sequential unlevered hedge grid,0.0306064000002308,0.0468151029689669,0.6671569717590096,-0.0977694906801888,0.0323838461485566,0.0541255587764155,0.0024234231417392,0.6885485532276602,1.1034121565167936,0.0793846293413542,0.4855433339599255,True,,,,
101/98_dte15_profit_70_put_d20_b10,"101/98, sequential 15 DTE, profit 70; + 20-delta put; 10% credit budget",One position; short-strike notional capped at equity,20-delta put; 10% credit budget,Sequential unlevered hedge grid,0.0329524437837833,0.0510428634008382,0.6608408470050438,-0.1378472508976407,0.0418934625875913,0.0233906368158036,0.0160267484279503,0.843350129843275,0.4252806934649845,0.3718013334252499,0.4848074442558667,True,,,,
vertical_delta80_3wide_monthly_dte60_d80_exit_14dte,"delta80_3wide, monthly 60 DTE, exit 14dte",5% concurrent max-loss budget; overlap allowed,None,ITM structure grid,0.0373458419361574,0.0803116520082799,0.4966006762739943,-0.1311290307627627,0.0416554859643256,0.0452410768644604,0.0168016130370662,0.4873535638241445,0.7185477128552219,0.3610325388449831,0.4829162998373181,True,,,,
vertical_delta80_3wide_weekly_dte45_d80_exit_14dte,"delta80_3wide, monthly 45 DTE, exit 14dte",5% concurrent max-loss budget; overlap allowed,None,ITM structure grid,0.0384364039917319,0.066987324330027,0.5965648998121272,-0.1403517164140615,0.0402263211711633,0.060334514739583,0.0117566849081054,0.609631523715997,0.8628252995028814,0.2311354827769324,0.4823752848027989,True,,,,
vertical_delta50_3wide_weekly_dte15_d50_profit_75,"delta50_3wide, monthly 15 DTE, profit 75",5% concurrent max-loss budget; overlap allowed,None,ITM structure grid,0.0387797619093881,0.088624521063952,0.473711626317174,-0.1690051908587473,0.0355042883905103,0.0567189211563028,0.0308530413578198,0.4337433565857528,0.638717417428271,0.4182859720912305,0.4812550065222633,True,,,,
vertical_delta75_3wide_weekly_dte45_d75_profit_25,"delta75_3wide, monthly 45 DTE, profit 25",5% concurrent max-loss budget; overlap allowed,None,ITM structure grid,0.0334163302667021,0.0516907923191953,0.6617344433277859,-0.0911622402728438,0.0399527167451239,0.03818273767424,0.0094223197782807,0.7573861429823193,0.7281567464285056,0.2374975296164226,0.4805693171954642,True,,,,
104/101_dte21_profit_90_put_d5_b15,"104/101, sequential 21 DTE, profit 90; + 5-delta put; 15% credit budget",One position; short-strike notional capped at equity,5-delta put; 15% credit budget,Sequential unlevered hedge grid,0.0315675587097479,0.0486238732409499,0.6631867996246555,-0.0986317075574005,0.0342345850732821,0.0537796705901023,0.0020418308385001,0.6864903949687766,1.0969872172096973,0.0701965570836669,0.4786373220520398,True,,,,
102/99_dte15_profit_90_none,"102/99, sequential 15 DTE, profit 90",One position; short-strike notional capped at equity,None,Sequential unlevered hedge grid,0.0305972126160951,0.0575391108457089,0.5525641450332347,-0.120075306357853,0.0266327504651846,0.0689644319941296,0.0051469601850655,0.4812875893359274,1.1528012177657847,0.122246182588623,0.4767729486394703,True,,,,
104/101_dte21_profit_90_put_d5_b20,"104/101, sequential 21 DTE, profit 90; + 5-delta put; 20% credit budget",One position; short-strike notional capped at equity,5-delta put; 20% credit budget,Sequential unlevered hedge grid,0.0313070332605722,0.0485817824431686,0.6585199968117015,-0.0989683885482188,0.0338636444122033,0.0535824559409994,0.0020418308385001,0.6803733593422935,1.0925905341436788,0.0701965570836667,0.4761539156602672,True,,,,
101/98_dte15_profit_60_put_d10_b5,"101/98, sequential 15 DTE, profit 60; + 10-delta put; 5% credit budget",One position; short-strike notional capped at equity,10-delta put; 5% credit budget,Sequential unlevered hedge grid,0.0362862350436654,0.0519496533917764,0.7122723207600157,-0.1159377435081747,0.0470003055949626,0.0290473122940506,0.0119070952901261,0.9273358296931276,0.5323509007656209,0.2624195719444676,0.4746251176936097,True,,,,
vertical_delta55_3wide_weekly_dte15_d55_profit_75,"delta55_3wide, monthly 15 DTE, profit 75",5% concurrent max-loss budget; overlap allowed,None,ITM structure grid,0.0420845645558121,0.097793474684654,0.4705388159819899,-0.168643172717684,0.0422318130346839,0.0474554994766254,0.0363023956704782,0.4641337330758384,0.4990213167208037,0.4635391545661029,0.4731988480228272,True,,,,
vertical_101/98_monthly_dte15_m101_short_delta_25,"101/98, monthly 15 DTE, short delta 25",5% concurrent max-loss budget; overlap allowed,None,ITM structure grid,0.0356250127870396,0.0936711424872052,0.4206308307692642,-0.1919660867670644,0.0200715176092041,0.1000482585741926,0.0201943705630811,0.2577524249835249,1.0124796846820452,0.2765399770157883,0.4721158565028606,True,,,,
vertical_delta80_3wide_weekly_dte45_d80_profit_50,"delta80_3wide, monthly 45 DTE, profit 50",5% concurrent max-loss budget; overlap allowed,None,ITM structure grid,0.0498254621226197,0.0704835454053855,0.7251257615308339,-0.1427979417389402,0.0657180090521398,0.040647446999928,0.0124670928217081,0.9218908916697636,0.5915298474629691,0.223032688824444,0.4701950161815121,True,,,,
103/100_dte30_profit_80_put_d20_b10,"103/100, sequential 30 DTE, profit 80; + 20-delta put; 10% credit budget",One position; short-strike notional capped at equity,20-delta put; 10% credit budget,Sequential unlevered hedge grid,0.0341458284727091,0.042088427794738,0.8187219072764819,-0.0592136716016512,0.0468977870424121,0.0258230616453551,0.0049507568342914,1.112793449310046,0.6002927560556278,0.1424936435581539,0.470111218917139,True,,,,
vertical_102/99_weekly_dte15_m102_profit_25,"102/99, monthly 15 DTE, profit 25",5% concurrent max-loss budget; overlap allowed,None,ITM structure grid,0.0473116112999207,0.1119253303557584,0.4688879665398109,-0.2095190066432319,0.0273188859439956,0.1603168180877032,0.0015068082822338,0.2847737414230182,1.3993113851813836,0.0602381602715089,0.4695517842985342,True,,,,
vertical_105/102_monthly_dte75_m105_profit_75,"105/102, monthly 75 DTE, profit 75",5% concurrent max-loss budget; overlap allowed,None,ITM structure grid,0.0389847805112433,0.0541014599899487,0.7339727631252033,-0.0645317902645244,0.0513722978281265,0.0332345747263704,0.0083188268656095,0.9428760553822167,0.659653817409625,0.1786739827702541,0.4690791303573861,True,,,,
vertical_104/101_weekly_dte60_m104_exit_14dte,"104/101, monthly 60 DTE, exit 14dte",5% concurrent max-loss budget; overlap allowed,None,ITM structure grid,0.0424920242089892,0.0694916424338125,0.6336549146501457,-0.1129383301412859,0.0508891391263048,0.0516679732312408,0.0088537186785733,0.6921309217782503,0.8222779535614713,0.1925052625727361,0.469007249408488,True,,,,
vertical_100/97_weekly_dte15_m100_profit_75,"100/97, monthly 15 DTE, profit 75",5% concurrent max-loss budget; overlap allowed,None,ITM structure grid,0.0370298236561996,0.088332847446223,0.4558981631851539,-0.1743412330384603,0.0336841263505784,0.0533902813274109,0.0308555249630035,0.4152912178227262,0.6092199351700257,0.4167981886239674,0.4685875770964144,True,,,,
102/99_dte21_hold_none,"102/99, sequential 21 DTE, hold",One position; short-strike notional capped at equity,None,Sequential unlevered hedge grid,0.0306443798862039,0.0529817926408744,0.5962131739382139,-0.0694581154951505,0.0354183808447738,0.033375331688582,0.0137864356422274,0.677797956324547,0.6513722884762748,0.2888907985173471,0.4685794822202457,True,,,,
103/100_dte21_hold_put_d5_b5,"103/100, sequential 21 DTE, hold; + 5-delta put; 5% credit budget",One position; short-strike notional capped at equity,5-delta put; 5% credit budget,Sequential unlevered hedge grid,0.0324171542615863,0.0563150308941509,0.594564684668083,-0.0730633333320374,0.0406877813740755,0.0240737525164995,0.0162422263027781,0.6905303377519306,0.4790556224001025,0.3672556194320322,0.466382447125434,True,167.0,0.5209580838323353,-0.003363015637748,0.0415003307399735
vertical_delta70_3wide_weekly_dte45_d70_profit_50,"delta70_3wide, monthly 45 DTE, profit 50",5% concurrent max-loss budget; overlap allowed,None,ITM structure grid,0.0412546130532964,0.0591705837589291,0.7128219168973122,-0.1346182792958957,0.0530569662466915,0.0377910320749466,0.010040167961024,0.9070252728365538,0.6242471176707197,0.205081786877259,0.4659386554715237,True,,,,
vertical_delta70_3wide_monthly_dte15_d70_hold,"delta70_3wide, monthly 15 DTE, hold",5% concurrent max-loss budget; overlap allowed,None,ITM structure grid,0.0383684307939558,0.1152345823182571,0.3843948094564059,-0.2677230077494414,0.0222717644265073,0.1002134782486285,0.0269619276553891,0.2414210261203289,0.8650876876345356,0.3490932443990783,0.4654711789718629,True,,,,
vertical_delta80_3wide_weekly_dte60_d80_profit_25,"delta80_3wide, monthly 60 DTE, profit 25",5% concurrent max-loss budget; overlap allowed,None,ITM structure grid,0.0357353401335251,0.0466738058520366,0.7755744780593375,-0.0744609693935606,0.0484614594840022,0.0296452700708886,0.0044308007685016,1.0351298569750207,0.7007668861552524,0.1135867796168606,0.4648120376994302,True,,,,
102/99_dte21_profit_90_put_d15_b10,"102/99, sequential 21 DTE, profit 90; + 15-delta put; 10% credit budget",One position; short-strike notional capped at equity,15-delta put; 10% credit budget,Sequential unlevered hedge grid,0.0328592021537821,0.0491337139172615,0.6826235320102929,-0.1332356355888426,0.0446288741363343,0.0159304410660137,0.0150212418063735,0.9060304443170144,0.3299694248478283,0.3551111889283873,0.4642148705247322,True,,,,
101/98_dte15_profit_60_put_d15_b5,"101/98, sequential 15 DTE, profit 60; + 15-delta put; 5% credit budget",One position; short-strike notional capped at equity,15-delta put; 5% credit budget,Sequential unlevered hedge grid,0.0365649182050782,0.0514592946749296,0.7237835716198054,-0.1135707555532182,0.0479601577581978,0.0296464030236724,0.0099014370909253,0.9557270036212347,0.5444148519149395,0.2244668611146373,0.4640745512412193,True,,,,
101/98_dte15_profit_60_put_d5_b5,"101/98, sequential 15 DTE, profit 60; + 5-delta put; 5% credit budget",One position; short-strike notional capped at equity,5-delta put; 5% credit budget,Sequential unlevered hedge grid,0.0337712029404679,0.0535614967765609,0.6470713955219576,-0.1274372642016655,0.0429670206161727,0.0248606189843847,0.015455533271931,0.8273552397385422,0.450881124224485,0.3221084924781529,0.4625849528081748,True,,,,
102/99_dte15_profit_60_put_d20_b5,"102/99, sequential 15 DTE, profit 60; + 20-delta put; 5% credit budget",One position; short-strike notional capped at equity,20-delta put; 5% credit budget,Sequential unlevered hedge grid,0.0331461350785697,0.0520415369255272,0.6526841878532762,-0.1332496913244336,0.0359893647212374,0.0572582261617493,0.0013054004358918,0.7182058046179222,1.0487698567126231,0.0511031251683475,0.4607433162403456,True,,,,
vertical_104/101_weekly_dte60_m104_profit_25,"104/101, monthly 60 DTE, profit 25",5% concurrent max-loss budget; overlap allowed,None,ITM structure grid,0.0368210605986816,0.0492408832889833,0.7589393157372393,-0.0751963875831869,0.0518213831316074,0.0203175735356344,0.0092122228317055,0.988963835767736,0.4949686814767562,0.2246088168447345,0.4602850857304406,True,,,,
101/98_dte15_profit_60_put_d20_b5,"101/98, sequential 15 DTE, profit 60; + 20-delta put; 5% credit budget",One position; short-strike notional capped at equity,20-delta put; 5% credit budget,Sequential unlevered hedge grid,0.0366313512066978,0.0512336463029853,0.7279905394918165,-0.1117403595825031,0.0480952303357962,0.0308993386974234,0.0086074992902283,0.962108202804866,0.5697024472146586,0.1986328255110384,0.4588573089290954,True,,,,
102/99_dte21_profit_90_put_d5_b10,"102/99, sequential 21 DTE, profit 90; + 5-delta put; 10% credit budget",One position; short-strike notional capped at equity,5-delta put; 10% credit budget,Sequential unlevered hedge grid,0.032776882194468,0.0512411690029606,0.6550439156896536,-0.1315400962354526,0.0428338713636398,0.0221220127598715,0.0136806279137955,0.8269948630165115,0.4417828632645446,0.3173493202006976,0.458673996937927,True,,,,
vertical_delta80_3wide_weekly_dte60_d80_exit_14dte,"delta80_3wide, monthly 60 DTE, exit 14dte",5% concurrent max-loss budget; overlap allowed,None,ITM structure grid,0.0377631862380434,0.0670366156564309,0.5865145500414015,-0.1359521804389765,0.0424636515250946,0.0502030337009133,0.0116797901576211,0.6353023338917362,0.7518042712031265,0.2272023824640781,0.4554990641207213,True,,,,
vertical_102/99_monthly_dte15_m102_profit_50,"102/99, monthly 15 DTE, profit 50",5% concurrent max-loss budget; overlap allowed,None,ITM structure grid,0.0445487548295917,0.1048255536399265,0.4681143833885199,-0.1663897090735223,0.035033344312811,0.102844682864456,0.0168347947832743,0.372538923866647,0.898609225902654,0.2491622432032836,0.4519257049961543,True,,,,
103/100_dte21_profit_90_put_d20_b5,"103/100, sequential 21 DTE, profit 90; + 20-delta put; 5% credit budget",One position; short-strike notional capped at equity,20-delta put; 5% credit budget,Sequential unlevered hedge grid,0.0354890134708816,0.0473544706940672,0.7600384762825662,-0.0496917385761551,0.0480733401723572,0.0283115127174464,0.0056540721113154,1.0043095998698743,0.6034794746680621,0.1479701102764408,0.4515052114139737,True,,,,
vertical_105/102_monthly_dte75_m105_short_delta_25,"105/102, monthly 75 DTE, short delta 25",5% concurrent max-loss budget; overlap allowed,None,ITM structure grid,0.0395950324985641,0.0570642440191922,0.7090409655853414,-0.0699068373943812,0.0533579278559541,0.0271543409431016,0.0115330531527584,0.9369881128579836,0.4871149218389513,0.2355214574713471,0.4509917726826431,True,,,,
101/98_dte15_profit_40_put_d5_b5,"101/98, sequential 15 DTE, profit 40; + 5-delta put; 5% credit budget",One position; short-strike notional capped at equity,5-delta put; 5% credit budget,Sequential unlevered hedge grid,0.0310368114182633,0.0532851607920224,0.6004548530513156,-0.0982175826298611,0.0362513708768632,0.0348626329187793,0.0118159195346911,0.7054321308142131,0.6413879126536599,0.2474759905013854,0.4499452783413712,True,,,,
103/100_dte21_profit_60_none,"103/100, sequential 21 DTE, profit 60",One position; short-strike notional capped at equity,None,Sequential unlevered hedge grid,0.0332992016219146,0.0470151676244658,0.7201986974143427,-0.0616695093563336,0.0428319399109584,0.0350904503705651,0.0035177352241817,0.892167040473554,0.7718371404710568,0.101811180356425,0.449709801108444,True,,,,
103/100_dte21_profit_70_none,"103/100, sequential 21 DTE, profit 70",One position; short-strike notional capped at equity,None,Sequential unlevered hedge grid,0.0308382333431223,0.0463689481319928,0.6781727233928688,-0.070132414731909,0.0357489622933091,0.0457715734640871,0.0017525197408967,0.7865288421274483,0.920564575766594,0.0618511003494277,0.4468632927747665,True,,,,
101/98_dte15_profit_30_none,"101/98, sequential 15 DTE, profit 30",One position; short-strike notional capped at equity,None,Sequential unlevered hedge grid,0.0330137187480981,0.0527566806125139,0.6422589167081881,-0.1101369967676476,0.0366452949399074,0.0553306559576622,0.0005928817896037,0.7081475789588445,1.0257684535049705,0.0374098332347976,0.4455950585082868,True,,,,
vertical_105/102_monthly_dte75_m105_profit_50,"105/102, monthly 75 DTE, profit 50",5% concurrent max-loss budget; overlap allowed,None,ITM structure grid,0.0304718249389288,0.0467654783853401,0.6652389904233048,-0.0656409352824244,0.0386346685919207,0.0296928330428134,0.0071591434875839,0.8369912170427773,0.6443882402542602,0.1752322534157874,0.4407857683702058,True,,,,
vertical_delta65_3wide_monthly_dte15_d65_short_delta_25,"delta65_3wide, monthly 15 DTE, short delta 25",5% concurrent max-loss budget; overlap allowed,None,ITM structure grid,0.0311916980479973,0.1024246803269034,0.3511890883478975,-0.2082324800977508,0.015524136657022,0.0814465118162106,0.0294252282523828,0.2005735473691961,0.7630502394343806,0.3690345055346429,0.4404847535660857,True,,,,
102/99_dte21_profit_90_put_d10_b10,"102/99, sequential 21 DTE, profit 90; + 10-delta put; 10% credit budget",One position; short-strike notional capped at equity,10-delta put; 10% credit budget,Sequential unlevered hedge grid,0.0323589515949169,0.0498647715552737,0.6636259378217297,-0.1369926299250936,0.0445888300354788,0.0148944177728689,0.0137175836606309,0.8887154005530873,0.3080979387583823,0.3249919376721766,0.4391903573908199,True,,,,
102/99_dte21_profit_90_put_d5_b15,"102/99, sequential 21 DTE, profit 90; + 5-delta put; 15% credit budget",One position; short-strike notional capped at equity,5-delta put; 15% credit budget,Sequential unlevered hedge grid,0.033320073162897,0.0528744749675928,0.6463023448599069,-0.1364489766381392,0.0444809865138173,0.0215917526343685,0.0120777740729784,0.8186971877654345,0.4317024666172978,0.2829982021305672,0.4368595303704139,True,,,,
vertical_105/102_weekly_dte75_m105_hold,"105/102, monthly 75 DTE, hold",5% concurrent max-loss budget; overlap allowed,None,ITM structure grid,0.0301658773254149,0.0538976966694566,0.5784429223537871,-0.0790735283040255,0.0364742374281272,0.0341365839759235,0.0076110160846836,0.6353908121936366,0.724606821369499,0.2024191537387008,0.4355141962761494,True,,,,
101/98_dte15_profit_40_put_d20_b10,"101/98, sequential 15 DTE, profit 40; + 20-delta put; 10% credit budget",One position; short-strike notional capped at equity,20-delta put; 10% credit budget,Sequential unlevered hedge grid,0.0305363552448938,0.0484367665344926,0.6453944860364442,-0.0877794341063538,0.0373799779548358,0.0345395069363887,0.006392407707966,0.8050107053406399,0.6902024042681592,0.1524228917351808,0.4340531013393706,True,,,,
102/99_dte15_profit_60_put_d15_b5,"102/99, sequential 15 DTE, profit 60; + 15-delta put; 5% credit budget",One position; short-strike notional capped at equity,15-delta put; 5% credit budget,Sequential unlevered hedge grid,0.0318009695015715,0.0525488329919105,0.6220984034746256,-0.1394916217640309,0.0348265513426513,0.0545649514337567,0.0007110403621639,0.6888879417056909,0.9913863717019512,0.0398370875229243,0.4333081682902662,True,,,,
102/99_dte21_profit_90_put_d5_b20,"102/99, sequential 21 DTE, profit 90; + 5-delta put; 20% credit budget",One position; short-strike notional capped at equity,5-delta put; 20% credit budget,Sequential unlevered hedge grid,0.0338601892559904,0.0539503632535752,0.6441074942049749,-0.1375054157125558,0.0454762175147112,0.021590813928298,0.0118331464175915,0.8121477692122427,0.4316849055712738,0.2780200752988552,0.43316417884458,True,,,,
104/101_dte21_profit_80_none,"104/101, sequential 21 DTE, profit 80",One position; short-strike notional capped at equity,None,Sequential unlevered hedge grid,0.0348840727501655,0.0435634993473773,0.8087436346077367,-0.0566182887212589,0.0480204735395002,0.0310839842190711,0.0001772115139733,1.0651612075096346,0.7215337691595748,0.0238423553701272,0.4329531645621761,True,,,,
vertical_104/101_monthly_dte45_m104_exit_14dte,"104/101, monthly 45 DTE, exit 14dte",5% concurrent max-loss budget; overlap allowed,None,ITM structure grid,0.039978112831063,0.0856473021826098,0.5003462388492821,-0.1533611498928632,0.0478702391738681,0.0459588869280263,0.0108737502375309,0.5166361242026625,0.7504362387219327,0.2342269185402725,0.432252561465947,True,,,,
101/98_dte15_profit_60_put_d5_b10,"101/98, sequential 15 DTE, profit 60; + 5-delta put; 10% credit budget",One position; short-strike notional capped at equity,5-delta put; 10% credit budget,Sequential unlevered hedge grid,0.030360581281208,0.0554161630060633,0.5675559878098873,-0.1494650680046071,0.0382812127550804,0.0169841443347069,0.0202350317613133,0.7329799091204248,0.3180226341437728,0.3692752884005946,0.430845887885293,True,,,,
101/98_dte15_profit_60_put_d10_b10,"101/98, sequential 15 DTE, profit 60; + 10-delta put; 10% credit budget",One position; short-strike notional capped at equity,10-delta put; 10% credit budget,Sequential unlevered hedge grid,0.033256293244736,0.0514743316922907,0.6614772590779483,-0.131542928906544,0.0452401083370617,0.0175443296773802,0.0135814897863708,0.9154382528129084,0.3403203604890515,0.2837123922498669,0.4303997500769274,True,,,,
103/100_dte30_profit_60_put_d5_b10,"103/100, sequential 30 DTE, profit 60; + 5-delta put; 10% credit budget",One position; short-strike notional capped at equity,5-delta put; 10% credit budget,Sequential unlevered hedge grid,0.0319764813828777,0.0604128785488833,0.550855582759041,-0.0986809208404196,0.038763361016272,0.040788571104076,0.0033395586113018,0.5209267591869011,0.9913523150060216,0.103367252567419,0.4284659589182453,True,140.0,0.6142857142857143,0.0013156197107079,0.0769790201729106
vertical_103/100_weekly_dte30_m103_exit_7dte,"103/100, monthly 30 DTE, exit 7dte",5% concurrent max-loss budget; overlap allowed,None,ITM structure grid,0.0433338849345128,0.0805687882604891,0.5668213026379585,-0.1548206012796561,0.0440459238678809,0.0842419050827596,0.001919306636064,0.5492894940768999,1.0336726017510027,0.061933139522791,0.4284602745744771,True,,,,
vertical_105/102_weekly_dte75_m105_short_delta_25,"105/102, monthly 75 DTE, short delta 25",5% concurrent max-loss budget; overlap allowed,None,ITM structure grid,0.0322956704751475,0.0472589681971213,0.6962370569011855,-0.0576185604417902,0.0426016388309646,0.0304758843442067,0.0037941059004653,0.856020010710284,0.69208014113034,0.1146915585929073,0.4283925218756997,True,,,,
vertical_103/100_monthly_dte30_m103_exit_7dte,"103/100, monthly 30 DTE, exit 7dte",5% concurrent max-loss budget; overlap allowed,None,ITM structure grid,0.044218534041428,0.0762830024086666,0.6053334313734083,-0.1369576956002752,0.0565220569950082,0.0411757612171537,0.0111543629714736,0.7025487974006138,0.6128889923818825,0.2174764655889908,0.427876143637399,True,,,,
vertical_delta75_3wide_weekly_dte45_d75_profit_50,"delta75_3wide, monthly 45 DTE, profit 50",5% concurrent max-loss budget; overlap allowed,None,ITM structure grid,0.0450163980461431,0.0638580923281183,0.7214956450832214,-0.1263826583853228,0.0608977945137771,0.0376411677838026,0.0059438469561901,0.9544465094481246,0.5894807321094437,0.1281406341078392,0.4267570410068214,True,,,,
101/98_dte15_profit_60_put_d15_b10,"101/98, sequential 15 DTE, profit 60; + 15-delta put; 10% credit budget",One position; short-strike notional capped at equity,15-delta put; 10% credit budget,Sequential unlevered hedge grid,0.0337927689423041,0.0497135519021136,0.693551579191062,-0.1245201840472933,0.047094127629194,0.0186956607362023,0.0096896368035275,0.983544437951781,0.3624021222646633,0.2216383194284993,0.4183065138922889,True,,,,
vertical_delta80_3wide_weekly_dte15_d80_profit_25,"delta80_3wide, monthly 15 DTE, profit 25",5% concurrent max-loss budget; overlap allowed,None,ITM structure grid,0.0428290352684448,0.1120777056787199,0.4300695076076893,-0.2087398564041891,0.0287703271979595,0.1200392800604313,0.0112384937022282,0.3064148091773653,0.9644740199892,0.1678372001401719,0.4140062772047597,True,,,,
101/98_dte15_profit_60_put_d20_b10,"101/98, sequential 15 DTE, profit 60; + 20-delta put; 10% credit budget",One position; short-strike notional capped at equity,20-delta put; 10% credit budget,Sequential unlevered hedge grid,0.0339487003765421,0.048783404526696,0.7089162432022484,-0.1204163305931776,0.0473843312416437,0.021178822797053,0.0071571383596285,1.006340549269964,0.4122100072476254,0.173391323786918,0.4115908704160848,True,,,,
vertical_delta75_3wide_monthly_dte15_d75_hold,"delta75_3wide, monthly 15 DTE, hold",5% concurrent max-loss budget; overlap allowed,None,ITM structure grid,0.0424421429762214,0.1262668056092999,0.3922648248035314,-0.2807486642134178,0.0282888596912609,0.1161565408681948,0.0142982943340737,0.2732680099790411,0.9097659564863834,0.2070677311534574,0.4111920386755339,True,,,,
vertical_104/101_weekly_dte45_m104_exit_14dte,"104/101, monthly 45 DTE, exit 14dte",5% concurrent max-loss budget; overlap allowed,None,ITM structure grid,0.0450389988031463,0.0753400333609958,0.6223997372776068,-0.1293297798159546,0.0534208533190669,0.0661865787795699,8.597869339754816e-05,0.6788274766123797,0.920717388013867,0.0297089422884535,0.4090979133673111,True,,,,
103/100_dte21_profit_90_put_d15_b5,"103/100, sequential 21 DTE, profit 90; + 15-delta put; 5% credit budget",One position; short-strike notional capped at equity,15-delta put; 5% credit budget,Sequential unlevered hedge grid,0.0342578935203246,0.0477218666671619,0.729624506568838,-0.051701246234558,0.0473474388900503,0.02744793882484,0.0026140534304335,0.9833165800393396,0.5839408613840568,0.0800114822633392,0.4064508941404685,True,,,,
103/100_dte30_profit_80_put_d15_b10,"103/100, sequential 30 DTE, profit 80; + 15-delta put; 10% credit budget",One position; short-strike notional capped at equity,15-delta put; 10% credit budget,Sequential unlevered hedge grid,0.0332809320493965,0.0442089487134302,0.7625101823422147,-0.0592085078338915,0.0472598893001612,0.0238907512418209,0.0016090732960833,1.0461856108508372,0.5534725358859768,0.0596164496560917,0.4013552186613872,True,,,,
vertical_delta75_3wide_monthly_dte15_d75_profit_50,"delta75_3wide, monthly 15 DTE, profit 50",5% concurrent max-loss budget; overlap allowed,None,ITM structure grid,0.0328382656661356,0.1088332415947005,0.351184140623193,-0.1877685560909235,0.0196220732541796,0.0823596561519468,0.0243540236599224,0.2341018721865139,0.6703963783350104,0.3239606825715997,0.3998131307598489,True,,,,
103/100_dte30_profit_60_put_d5_b15,"103/100, sequential 30 DTE, profit 60; + 5-delta put; 15% credit budget",One position; short-strike notional capped at equity,5-delta put; 15% credit budget,Sequential unlevered hedge grid,0.0300022883804111,0.0606708305210706,0.517206928634628,-0.0993627928384167,0.03633848490656,0.0395200121000229,0.0019909641656001,0.4908068109512062,0.9618797858121804,0.0698097771849365,0.3968770862159922,True,140.0,0.6142857142857143,0.0010180165727786,0.076683580612471
vertical_105/102_monthly_dte75_m105_short_delta_40,"105/102, monthly 75 DTE, short delta 40",5% concurrent max-loss budget; overlap allowed,None,ITM structure grid,0.0339374837675416,0.0552938543526779,0.6312442773737145,-0.0688515442022683,0.0448031895057001,0.0306476684446399,0.0052538836147881,0.7964182009018629,0.5949532714250583,0.1268141672467449,0.3947325593522879,True,,,,
101/98_dte15_profit_60_put_d10_b15,"101/98, sequential 15 DTE, profit 60; + 10-delta put; 15% credit budget",One position; short-strike notional capped at equity,10-delta put; 15% credit budget,Sequential unlevered hedge grid,0.0313702684370833,0.0535653454712172,0.6035272371839069,-0.1463729831781201,0.0436922776553569,0.0106823817067778,0.0156906198510682,0.8675000485331142,0.2202658104009132,0.2903334638368834,0.3907109155170278,True,,,,
vertical_delta70_3wide_monthly_dte15_d70_short_delta_25,"delta70_3wide, monthly 15 DTE, short delta 25",5% concurrent max-loss budget; overlap allowed,None,ITM structure grid,0.0342844218104994,0.1109036595816172,0.3594230395864508,-0.2294974559041225,0.0208957173894754,0.0941738313493998,0.0165926097488908,0.2383177796357574,0.8095901948052151,0.2283008046103082,0.3882379219104666,True,,,,
vertical_delta80_3wide_monthly_dte15_d80_short_delta_25,"delta80_3wide, monthly 15 DTE, short delta 25",5% concurrent max-loss budget; overlap allowed,None,ITM structure grid,0.0496857309380172,0.1383485562098259,0.4193119885221679,-0.2781105001105771,0.037747416496727,0.1373642219518809,0.0025410651720514,0.3196405311943583,0.9926400838131652,0.0724489354158345,0.3742617671925791,True,,,,
103/100_dte21_profit_90_put_d10_b5,"103/100, sequential 21 DTE, profit 90; + 10-delta put; 5% credit budget",One position; short-strike notional capped at equity,10-delta put; 5% credit budget,Sequential unlevered hedge grid,0.0328995192246541,0.0480556776701639,0.6975401041546007,-0.0554376723388299,0.0465397701832932,0.0251102450892497,0.0006339794773837,0.9621165369016416,0.5330468910797119,0.0367039072716547,0.3656851673564616,True,,,,
101/98_dte15_profit_60_put_d15_b15,"101/98, sequential 15 DTE, profit 60; + 15-delta put; 15% credit budget",One position; short-strike notional capped at equity,15-delta put; 15% credit budget,Sequential unlevered hedge grid,0.03129720097727,0.0499894936185546,0.6416332724775419,-0.1371343319068291,0.0467376212836883,0.0078681430415465,0.00931711628142,0.980845576332606,0.1709882709214182,0.2050796734745343,0.3565770681652668,True,,,,
vertical_delta75_3wide_monthly_dte15_d75_short_delta_25,"delta75_3wide, monthly 15 DTE, short delta 25",5% concurrent max-loss budget; overlap allowed,None,ITM structure grid,0.0419153494983939,0.1175008506416451,0.4081326691504555,-0.2334737305560495,0.0335731056650792,0.1075267164577744,0.0040850182749385,0.3295004837395955,0.8684377471833404,0.0904506738986103,0.3525731132211251,True,,,,
101/98_dte15_profit_60_put_d20_b15,"101/98, sequential 15 DTE, profit 60; + 20-delta put; 15% credit budget",One position; short-strike notional capped at equity,20-delta put; 15% credit budget,Sequential unlevered hedge grid,0.0315572057127013,0.0478923569230061,0.6728488351525134,-0.1308377133520775,0.0472024922519809,0.0115222969781623,0.0055996582224762,1.0296000861480985,0.2422313793074025,0.1396080883330985,0.352086785430866,True,,,,
vertical_delta75_3wide_weekly_dte15_d75_profit_50,"delta75_3wide, monthly 15 DTE, profit 50",5% concurrent max-loss budget; overlap allowed,None,ITM structure grid,0.0434352753354756,0.1160373298035053,0.4243854266480714,-0.2327805073222574,0.0404588036394131,0.0894827209722219,0.0079236288329902,0.4059902117805436,0.700045954859091,0.128401219430696,0.3425491728620095,True,,,,
vertical_delta80_3wide_monthly_dte15_d80_profit_50,"delta80_3wide, monthly 15 DTE, profit 50",5% concurrent max-loss budget; overlap allowed,None,ITM structure grid,0.0351100629440004,0.1190904606662818,0.3491698775731381,-0.1754996588314356,0.0325743076516367,0.0600778832101054,0.0181850116342283,0.3257404137822772,0.4859137248586769,0.2504892233224289,0.3305010927005391,True,,,,
vertical_105/102_monthly_dte60_m105_exit_14dte,"105/102, monthly 60 DTE, exit 14dte",5% concurrent max-loss budget; overlap allowed,None,ITM structure grid,0.0416992675290839,0.1403560653106939,0.3602553076100066,-0.2581571532067988,0.0514116705898319,0.0534978211529004,0.0017879367925575,0.3737507539559656,0.7603496672883856,0.0606171849262919,0.3124841531396378,True,,,,
