,101/98 Weekly,101/98 Monthly,99/96 Weekly,99/96 Monthly
2016-09-22,0.0,0.0,0.0,0.0
2016-09-23,-803.4338542813085,0.0,-276.0120441619271,0.0
2016-09-26,-13647.369579572975,0.0,-5750.250920040148,0.0
2016-09-27,8749.724851419769,0.0,6398.461023753765,0.0
2016-09-28,10042.9231785164,0.0,2530.110404817665,0.0
2016-09-29,-13784.94386968963,0.0,-2216.4603546336566,0.0
2016-09-30,10283.614102207834,0.0,3539.0307072062806,0.0
2016-10-03,-6337.284356296212,0.0,-337.0265829717322,0.0
2016-10-04,-9535.265813871618,0.0,-1263.8496861439944,0.0
2016-10-05,7804.2483276610765,0.0,3644.099928381851,0.0
2016-10-06,3696.749207839458,0.0,1558.74794624426,0.0
2016-10-07,-13907.890932069384,0.0,1134.8737606221714,0.0
2016-10-10,10743.992606284659,0.0,3255.153993823554,0.0
2016-10-11,-22325.55452865065,0.0,-4465.403555629748,0.0
2016-10-12,-3465.8040665434382,0.0,938.9867289875638,0.0
2016-10-13,-7307.070240295743,0.0,271.2628328186289,0.0
2016-10-14,-2200.6278429172044,0.0,4140.765701276041,0.0
2016-10-17,-2305.989423195175,0.0,533.3457007698722,0.0
2016-10-18,7471.405731152379,0.0,3385.585752713106,0.0
2016-10-19,6794.982167015128,0.0,1113.0692885632134,0.0
2016-10-20,1967.7776411265531,0.0,510.1567572581389,0.0
2016-10-21,-2670.5219340137364,-736.4144235652594,276.67172543378905,-270.6059799485402
2016-10-24,8178.874497543545,3491.620111731853,2268.3218542500094,2218.081802856884
2016-10-25,-4354.622599374723,-2348.908075165056,-226.83218542500094,-1463.933989885547
2016-10-26,-2205.2255471192475,-1777.5520568816685,61.8633232977279,-1064.679265371303
2016-10-27,-12756.811076373377,-4126.46013204673,-783.6020951045491,-2528.613255256858
2016-10-28,-2314.90768150383,634.8400203148767,2126.311520168973,177.44654422855047
2016-10-31,-2498.2966159436783,-63.484002031484124,1197.0706975870821,-266.1698163428241
2016-11-01,-15103.3386327504,-7872.016251904523,-3708.571965073702,-4569.24851388519
2016-11-02,-11128.775834658187,-5142.204164550532,-3778.987888461178,-3460.2076124567457
2016-11-03,-9198.273904156256,-1587.1000507872013,-2910.5248333489817,-1064.6792653713073
2016-11-04,-11918.21798249936,-634.8400203148813,-4617.950298042144,-177.44654422855638
2016-11-07,14468.13495782568,19870.492635855775,9681.323114158935,11622.7486469701
2016-11-08,1640.1124648547302,2539.3600812595137,302.5413473174667,1685.7421701712376
2016-11-09,9782.099343955015,9332.148298628746,5849.1327148043565,6942.596042942062
2016-11-10,556.4667291471415,3110.7160995429167,126.05889471561022,1175.5833555141508
2016-11-11,-534.7345823272996,-1301.4220416455046,-152.44156985094187,243.98899831425842
2016-11-14,-169.85618842712609,1587.1000507872013,1364.1983203308184,1131.221719457013
2016-11-15,13899.898086286943,8284.662265109193,3346.549004561538,1375.2107177712733
2016-11-16,-3453.742498018346,603.0980192991374,426.31197510338006,177.4465442285491
2016-11-17,10361.227494055034,1777.5520568816646,277.10278381719763,88.72327211427546
2016-11-18,1191.4261122454022,539.6140172676496,122.38600798460361,133.0849081714132
2016-11-21,12088.418144139994,0.0,786.5654619105676,0.0
2016-11-22,6159.33686391895,0.0,275.2979116686987,0.0
2016-11-23,2216.2099930923323,0.0,78.65654619105669,0.0
2016-11-25,3336.563188124904,0.0,-106.976797335247,0.0
2016-11-28,-10236.398597443727,0.0,-1288.1410514451338,0.0
2016-11-29,1781.4726840855128,0.0,1106.996216085662,0.0
2016-11-30,-5061.644610338208,0.0,261.65365107479283,0.0
2016-12-01,-7719.714964370534,0.0,-181.1448353594719,0.0
2016-12-02,-407.3450595396622,0.0,2496.8298456614384,0.0
2016-12-05,12026.493144317925,0.0,3714.989355929373,0.0
2016-12-06,5054.613060655356,0.0,333.9316274992698,0.0
2016-12-07,7669.068092028818,0.0,187.83654046833863,0.0
2016-12-08,1365.3265163839133,0.0,125.22436031222605,0.0
2016-12-09,261.4455031373509,0.0,41.74145343740929,0.0
2016-12-12,0.0,0.0,0.0,0.0
2016-12-13,0.0,0.0,0.0,0.0
2016-12-14,0.0,0.0,0.0,0.0
2016-12-15,0.0,0.0,0.0,0.0
2016-12-16,-792.045837546349,-842.5398951009881,-127.10095989680192,-308.1329745681802
2016-12-19,4802.831142568249,1729.717665439122,1859.0886671472474,1301.9703150768132
2016-12-20,5589.259633749018,2455.0831380426325,739.8414083545172,998.1772415588957
2016-12-21,-4830.917874396136,-2399.2857939962123,303.5246803505711,-824.581199548651
2016-12-22,-786.4284911807658,-390.58140832496144,132.79204765337454,-86.79802100512234
2016-12-23,2844.127129039138,557.9734404642379,93.52575469963868,564.1871365332886
2016-12-27,1334.6680013346672,836.9601606963508,687.1703439566155,564.1871365332875
2016-12-28,-15042.820598376142,-7197.857381988621,-2284.377089369289,-3254.9257876920387
2016-12-29,27.80558336112881,-111.59468809285227,1485.7737166629522,-86.79802100512393
2016-12-30,-11144.76193989887,-5189.15299631737,-50.80158498861067,-2603.940630153631
2017-01-03,13616.230108820473,9373.953799799128,3234.2522716771905,5468.2753233226285
2017-01-04,8694.701153825123,6472.491909385115,731.5570614507928,3341.7238086971606
2017-01-05,1913.927926942637,390.58140832496065,0.0,585.8866417845675
2017-01-06,2094.7043512766704,4129.003459435331,-65.97315942446582,1518.9653675896188
2017-01-09,-5861.16040221541,-3040.95525053007,185.6872284324284,130.19703150768146
2017-01-10,3.637978807091713e-12,-334.78406427854407,519.9242396107994,650.9851575384082
2017-01-11,5699.844060870029,5272.849012387011,947.0048650053852,846.2807047999304
2017-01-12,-8603.538205086843,-3989.51009931927,-55.70616852972876,-260.39406301536474
2017-01-13,8455.59133331546,7337.350742104674,434.04762218211795,1453.866851835779
2017-01-17,-7944.312183003832,-6890.97198973329,-732.9497562942058,-412.2905997743255
2017-01-18,3545.1816582134334,3319.941970762192,623.0072928500748,368.89158927176504
2017-01-19,-4890.798054031676,-4380.091507644239,-274.85615861032727,21.699505251281153
2017-01-20,2667.7114108750684,4034.707758423405,1671.1776966896264,485.37350643630583
2017-01-23,-4677.865192430362,-2433.4847501622203,-74.35773506339,-791.6006999416725
2017-01-24,12119.923453115036,5786.285961496853,1728.817340223817,2541.4548787601043
2017-01-25,13847.544120773971,7733.073761626654,427.5569766144922,2687.276060328306
2017-01-26,1488.4116521369324,324.4646333549608,0.0,312.473960503291
2017-01-27,-309.2666227342945,-1460.0908500973383,-30.59157070684698,-249.97916840263315
2017-01-30,-10249.907539493855,-5678.131083711877,-1788.5459305970423,-1916.5069577535191
2017-01-31,-1294.447086173188,-162.2323166774845,663.7902422834384,83.32638946754332
2017-02-01,-1135.9433613356523,-216.309755569971,608.4743887598185,499.9583368052672
2017-02-02,581.1803244042876,1406.0134112048418,1161.6329239960173,395.80034997083476
2017-02-03,14292.267317480324,8409.041747782827,992.8553912395448,2749.7708524289656
2017-02-06,-4144.033152265214,-1378.974691758598,-109.80162506405101,-83.3263894675456
2017-02-07,1540.0123200985572,1135.6262167423756,640.5094795402971,541.6215315390391
2017-02-08,2016.0161281290298,2000.8652390222796,347.70514603616135,374.9687526039488
2017-02-09,15260.122080976646,5921.4795587281005,420.9062294121951,874.9270894092169
2017-02-10,6489.411466580694,2244.213714038502,-57.80532105440247,249.97916840263224
2017-02-13,12458.202998597782,1838.6329223447974,929.3312769407207,104.15798683443063
2017-02-14,8386.36608780067,540.7743889249396,276.8220824929805,41.66319473377189
2017-02-15,4260.5975622910155,108.15487778498937,79.09202356942319,41.66319473377371
2017-02-16,835.9400280444388,162.2323166774804,118.63803535413444,83.32638946754469
2017-02-17,-60.29396145805299,-551.5312561734831,14.116085744716969,-231.86936368441292
2017-02-21,11313.828621520928,5420.054200542001,1118.5682326621923,2115.129396151293
2017-02-22,1917.5980714442248,733.9656729900698,128.36028899402197,248.8387524883865
2017-02-23,3479.0707867630954,1580.8491418247495,201.70902556203487,497.67750497677616
2017-02-24,790.7667579458368,1580.8491418247495,-134.6766012523174,580.6237558062394
2017-02-27,2520.295007162944,790.4245709123752,769.5805785846716,269.5753151957515
2017-02-28,-4642.648697405423,-3895.663956639565,-682.1282401091402,-1264.9303251493034
2017-03-01,22974.478696874834,11969.286359530259,2413.6845419246506,3587.425348374254
2017-03-02,-4324.295643869051,-2173.6675700090345,-52.47140308531834,-103.68281353682778
2017-03-03,1491.8556515470432,1806.684733514001,-2.295009821035393,912.4087591240877
2017-03-06,-4872.239064530099,-1496.160794941281,-514.0066820868673,-62.20968812209776
2017-03-07,-8851.23430056301,-4375.564588979223,-972.9412196644272,-580.6237558062367
2017-03-08,-3139.8873971416197,-1185.636856368561,220.28857803722826,-103.68281353682869
2017-03-09,1867.6916414031984,1270.3252032520322,1028.0133641737345,41.47312541473184
2017-03-10,7081.479591576449,4573.170731707314,1643.4964925312559,870.935633709355
2017-03-13,2795.973797731267,3105.2393857271873,1138.0016690691148,518.4140676841407
2017-03-14,-7402.673483517068,-4770.776874435405,-948.3347242242623,-393.9946914399461
2017-03-15,15550.939979762472,10953.026196928631,2351.8701160761702,808.7259455872581
2017-03-16,292.91154071470373,2427.732610659441,417.2672786586754,145.15593895156053
2017-03-17,-2750.295113958602,668.907686319346,197.7039470209963,14.990669827031809
2017-03-20,-3667.0517908273487,-1592.8476004521708,315.4340000742196,-458.8686801268123
2017-03-21,-23685.135881850612,-13770.424416812239,-8609.492707908115,-7008.176205573169
2017-03-22,-753.5037926357509,822.1148905559439,371.09882361672953,41.71533455698045
2017-03-23,-2511.679308785857,-1130.407974514439,-1020.5217649460055,-1001.1680293675981
2017-03-24,-117.47306310939712,1849.7585037509034,6416.669840742652,1460.0367094944131
2017-03-27,-4227.791361043197,-5395.128969273448,1589.9811557788935,-1752.044051393289
2017-03-28,12046.658516707415,5754.804233891678,2669.597989949749,4338.394793926245
2017-03-29,4227.791361043192,2980.166478265337,608.5113065326641,2169.1973969631235
2017-03-30,7411.369193154036,4881.307162675984,294.4409547738687,2419.4894043050235
2017-03-31,-4112.973879125599,-3956.4279108005294,40.506554088271386,-1418.3213749374252
2017-04-03,-2892.4742596327333,-2003.9050457301419,111.80679785330942,-458.8686801268168
2017-04-04,849.1667551215342,-205.5287226389919,708.1097197376265,792.5913565826809
2017-04-05,-8650.886317800652,-5446.511149933194,-2236.135957066189,-3754.3801101284857
2017-04-06,5015.391147436575,3750.8991881615366,2813.8044126416216,2544.635407975973
2017-04-07,-349.21982804372783,-1130.40797451443,875.8199165175911,83.43066911396636
2017-04-10,0.0,-1695.611961771665,0.0,834.3066911396629
2017-04-11,0.0,-1849.7585037508943,0.0,-62.57300183547386
2017-04-12,0.0,-7553.180556982832,0.0,-4067.2451193058587
2017-04-13,0.0,-8169.766724899826,0.0,-6132.154179876521
2017-04-17,0.0,7758.709279621835,0.0,10032.537960954445
2017-04-18,0.0,-7450.416195663347,0.0,-3232.938428166195
2017-04-19,0.0,-3185.695200904309,0.0,-2461.2047388620067
2017-04-20,0.0,13873.188778131731,0.0,11742.86667779076
2017-04-21,-397.6559229803292,-6400.3777449672425,-251.0081474775751,-26.79682196245045
2017-04-24,15618.459606529932,7895.2836068979905,7221.627849559708,5861.5636583053165
2017-04-25,5781.707827542905,4570.9536671514625,349.7654514031774,1680.8895784846136
2017-04-26,-78.48472164085615,-623.3118637024709,82.29775327133484,-64.64959917248507
2017-04-27,1438.8865634156537,1714.1076251817976,144.02106822483893,495.6469269890531
2017-04-28,420.0453018578834,-675.2545190110122,-134.12542392705018,-430.99732781656803
2017-05-01,5045.94065371291,2181.5915229586535,860.2701614379325,883.5445220239635
2017-05-02,-753.1254707034186,-467.48389777685225,73.21448182450479,-86.19946556331433
2017-05-03,-2259.3764121102577,-467.4838977768559,237.94706592964087,-86.1994655633116
2017-05-04,2460.2098709645015,960.9391232079779,164.73258410513608,301.6981294715961
2017-05-05,11207.795730503898,3272.387284437982,3.585468217056885,581.8463925523647
2017-05-08,-4376.683339746057,1298.566382713485,1136.9143027546882,754.2453236789952
2017-05-09,-1851.6737206617972,-415.54124246831634,55.91381816826356,-1.8189894035458565e-12
2017-05-10,3318.5840707964626,986.910450862244,577.7761210720541,193.94879751745793
2017-05-11,-4184.301654482494,-623.3118637024672,149.10351511536896,-86.19946556331342
2017-05-12,-3682.649937730184,831.082484936629,286.2249291147835,280.14826308076954
2017-05-15,8863.229793462348,2285.4768335757326,975.807342489966,172.39893112662503
2017-05-16,-406.5701740120303,155.82796592561863,73.64583716905372,43.09973278165853
2017-05-17,-34937.93028676749,-16102.223145647204,-7935.338954965569,-2585.9839668994073
2017-05-18,542.0935653493725,4700.810305422811,3829.583532790808,2435.134902163606
2017-05-19,17239.485410099514,12279.954520505858,4539.7484006565555,260.9041837484648
2017-05-22,8558.262014483209,4198.631557122124,2251.911286049504,2424.546442605132
2017-05-23,4076.5685926976284,2125.2332573087338,359.54886079782045,836.0504974500468
2017-05-24,3240.9986327036986,1503.2137673647057,283.8543637877524,877.8530223225475
2017-05-25,4557.654327239583,3991.291727140786,151.38899402013476,1233.1744837388187
2017-05-26,-1265.4941654786749,518.3495749533467,8.591105118791091,209.01262436251181
2017-05-30,-2133.576257371627,-466.51461745801316,402.6796500347766,83.60504974500327
2017-05-31,-503.4281056719583,51.8349574953354,18.303620456126453,-83.60504974500418
2017-06-01,16924.773457352447,4665.146174580139,805.3593000695536,1337.6807959200733
2017-06-02,9416.920264423421,1762.3885548413855,13.923227605450151,501.6302984700269
2017-06-05,-2215.124665155573,155.50487248600257,-92.21009147241075,83.605049745006
2017-06-06,-4765.093756439321,-596.102011196348,-497.9344939510181,-62.70378730875382
2017-06-07,2189.3674016072537,492.4320962056772,590.1445854234286,229.91388679876218
2017-06-08,-412.11621677312814,1036.6991499066971,1309.3832989082325,355.3214614162707
2017-06-09,-1217.675288203315,-233.25730872900385,305.9464257136264,-271.71641167126563
2017-06-12,-1828.4400794065448,181.4223512336721,123.51342767406622,188.11136192626145
2017-06-13,9246.682687284509,2643.5828322620728,2152.662596605145,585.2353482150302
2017-06-14,-2376.9721032284983,-155.50487248599893,-105.86865229205614,-20.901262436251272
2017-06-15,-2533.695538606211,466.51461745801134,511.69848607827225,188.11136192626145
2017-06-16,-1073.7522491508946,272.6525843460585,265.8647770905849,-147.87255347155045
2017-06-19,12785.807511964042,5755.536045263874,1120.2115547067247,2350.321622958934
2017-06-20,-7226.760767631851,-3902.058335772119,-312.19010541007106,-1649.348507339601
2017-06-21,-4205.539710929568,-1755.9262510974581,110.1847430859076,-659.7394029358409
2017-06-22,-1740.2233286605124,-585.3087503658159,385.6466008006756,206.16856341745012
2017-06-23,2432.4084595819336,1853.4777094917554,130.37917743583222,1072.0765297707399
2017-06-26,1060.0532491864699,438.98156277436965,588.3981725044995,618.5056902523502
2017-06-27,-14890.050290898333,-8096.771046727155,-2509.3451474456597,-3051.2947385782627
2017-06-28,16147.322749235776,8877.182713881572,3340.0249203931885,3546.0992907801424
2017-06-29,-17848.338428162904,-8340.6496927129,-1886.3353177350132,-3875.968992248063
2017-06-30,1065.703498349656,-390.2058335772208,2348.470863976887,412.3371268349017
2017-07-03,2300.9664058904696,877.9631255487257,964.5061728395065,742.2068283028207
2017-07-05,4678.631691977298,2341.2350014632807,1332.7721661054993,1401.9462312386602
2017-07-06,-20043.974024645897,-11315.96917373914,-1578.2828282828282,-4700.643245917863
2017-07-07,14956.499142237539,7413.910837967024,1901.1179596861746,4597.558964209138
2017-07-10,1352.215174312829,536.5330211686605,987.994929535456,1195.77766782121
2017-07-11,270.44303486256786,-243.87864598576107,391.4696890612181,556.6551212271158
2017-07-12,13448.394551802136,11145.254121549118,764.297964357617,3051.294738578262
2017-07-13,4892.560357968236,4097.161252560723,130.48989635373937,948.3753917202703
2017-07-14,3864.436012398256,6974.929275192664,-74.86535277569271,700.9731156193302
2017-07-17,2012.377201713766,1682.762657301726,162.79574560451493,41.23371268349001
2017-07-18,129.83078720733988,292.6543751829122,126.61891324795604,41.23371268349092
2017-07-19,8720.30120742632,4414.203492342203,325.59149120902964,247.40227610093916
2017-07-20,930.4539749859359,682.8602087601212,54.26524853483829,20.616856341745006
2017-07-21,-5877.523090037885,356.5651645362608,-4.406890362068552,-46.64911979591247
2017-07-24,-1118.2191709575072,-645.994832041343,383.04392236976497,292.16273464319784
2017-07-25,5539.085660789515,3229.9741602067184,383.0439223697651,839.9678620991882
2017-07-26,-520.1019399802362,-415.28239202657755,54.72056033853778,164.34153823679821
2017-07-27,-2418.474020908101,-184.56995201181167,91.20093389756312,-273.9025637279957
2017-07-28,-1972.5023317559928,-276.8549280177226,157.515256791846,73.04068366079878
2017-07-31,-2617.2688926157402,-1522.7021040974516,205.9944381501698,-36.52034183040007
2017-08-01,3557.4528637495523,2076.4119601328903,549.3185017337867,748.6670075231907
2017-08-02,1067.2358591248712,1338.1321520856397,446.32128265870176,365.2034183039955
2017-08-03,-1550.0330334908801,-1061.2772240679237,85.8310158959041,-328.6830764735955
2017-08-04,-1960.8347584528253,784.4222960502043,236.881225249429,493.0246147103933
2017-08-07,3516.3071694907267,2930.047988187522,772.6117711695624,766.9271784383909
2017-08-08,-4531.080379477982,-2145.625692137318,-618.0894169356502,-748.6670075231909
2017-08-09,306.79190069382093,738.2798080472494,600.9202664652154,4.547473508864641e-13
2017-08-10,-29711.615613347814,-20810.262089331856,-8103.839022045187,-7614.491271638305
2017-08-11,-2094.6179920097998,-692.1373200442958,3124.9183122640206,1424.2933313855851
2017-08-14,12112.304885465232,13842.746400885932,4057.9938539122213,6062.376743846322
2017-08-15,1824.4475978106657,-138.4274640088547,630.3679773067533,1040.8297421663865
2017-08-16,2660.6527468072163,2676.2643041712795,354.5819872350485,894.748374844788
2017-08-17,-29419.21751469694,-32322.81284606866,-1969.8999290836027,-7961.4345190271
2017-08-18,-3756.820597335439,-5446.054893618812,2077.630972494487,-241.28232319129853
2017-08-21,857.9450915141387,-513.821806597472,2301.622095572117,520.1664532650466
2017-08-22,17236.896838602333,8683.588531497277,2374.689463685517,4601.47247119078
2017-08-23,-6135.607321131447,-4213.338814099268,-274.0026304252515,-1920.6145966709328
2017-08-24,1949.875207986688,205.52872263898826,438.4042086804029,400.1280409731103
2017-08-25,2127.9949574670663,1284.554516493683,1.9585489270464222,1040.332906530091
2017-08-28,585.7783211083973,1027.643613194943,839.3956351426971,660.211267605634
2017-08-29,3667.4816625916883,1592.847600452158,524.622271964186,660.2112676056313
2017-08-30,8099.022004889974,3545.370465522561,769.4459988808055,1200.3841229193367
2017-08-31,11104.319478402607,4290.412085088892,367.2355903749301,1440.4609475032003
2017-09-01,1190.4801836269426,1798.3763230911518,10.57590778252829,460.1472471190773
2017-09-05,-14140.987758547919,-3827.9724591511695,-1958.128980308909,-1020.3265044814325
2017-09-06,4933.5162515829525,2800.3288459562245,2049.630334528951,880.2816901408441
2017-09-07,-26.382439848037393,924.879251875449,732.0108337603396,280.0896286811785
2017-09-08,-1591.1020786020704,-1875.4495940807737,392.34703857106933,-580.1856594110122
2017-09-11,17743.380449930326,5806.1864145514355,3142.071624950904,1420.454545454546
2017-09-12,4006.5697790165214,282.6019936286102,71.41071874888439,0.0
2017-09-13,821.2223770655,154.14654197923664,160.67411718498943,100.03201024327791
2017-09-14,1219.3908023093754,282.60199362861385,142.82143749776878,60.019206145965654
2017-09-15,910.4384607379359,-107.38612659294978,71.05600793041137,-52.29786824155855
2017-09-18,4757.933977534704,2133.510335672293,666.3932745540293,974.0746291023534
2017-09-19,1152.6953450728379,426.70206713446146,102.5220422390812,112.39322643488708
2017-09-20,931.9664492078318,474.113407927176,68.3480281593877,149.85763524651531
2017-09-21,-4095.7472899396685,-1991.2763132941382,273.39211263755044,-224.78645286977428
2017-09-22,-1933.0354404219743,-758.581452683486,141.25557098939345,-187.32204405814605
2017-09-25,-2973.216070357783,-853.4041342689159,68.8302302371202,-262.2508616814011
2017-09-26,-1873.875674595247,-995.6381566470674,258.1133633892008,-224.78645286977425
2017-09-27,9269.438336997808,3745.495922624691,739.9249750490412,1011.5390379139816
2017-09-28,1673.9956026384139,2228.333017257726,464.60405410056103,1030.2712423197968
2017-09-29,10088.448151496717,3603.261900246537,40.25786066144832,936.6102202907236
2017-10-02,9947.697672033637,4385.549023326383,873.0783716232411,1142.6644687546827
2017-10-03,5845.554302122859,1706.808268537834,273.90694011709525,262.25086168140297
2017-10-04,2820.22356681366,1398.634553385169,154.07265381586615,262.25086168140297
2017-10-05,7486.411650087171,2370.56703963588,136.9534700585475,580.698336580248
2017-10-06,-532.3956434688041,-426.70206713445805,-7.696938465332003,-74.9288176232576
2017-10-09,-2058.6372274002315,-237.0567039635862,-159.6067290196949,-149.8576352465152
2017-10-10,4547.099809971947,1137.8721790252239,718.2302805886294,299.7152704930322
2017-10-11,4004.1625192290307,805.9927934761945,335.17413094136043,262.25086168140206
2017-10-12,-3845.805809429012,0.0,95.76403741181753,18.732204405814628
2017-10-13,2771.0884590515366,1019.3438270434308,80.65017638877812,187.32204405814446
2017-10-16,2318.688148396042,521.524748719894,510.77740320768214,93.66102202907314
2017-10-17,1458.1440933212239,-23.705670396357164,-17.02591344025609,-56.19661321744388
2017-10-18,2701.152172873735,379.2907263417401,357.5441822453775,131.12543084070148
2017-10-19,239.04001529856396,165.93969277451106,119.18139408179252,0.0
2017-10-20,12814.26049640335,-8.10092098697902,107.0480092445328,-20.63733354942316
2017-10-23,-8382.289726321816,-5873.290968611588,-1264.2225031605567,-1843.5218641693093
2017-10-24,2579.1660696374756,2407.086462545735,1178.8020637578163,553.0565592507942
2017-10-25,-8525.576730190565,-4188.33044482958,-717.5316909830182,-1696.0401150357636
2017-10-26,1576.1570425562313,1251.6849605237867,1178.8020637578159,589.9269965341778
2017-10-27,16074.075508378606,8809.936452917385,867.2160340369982,3207.728043654599
2017-10-30,-8190.008190008183,-5728.865780858849,-793.048755258258,-1364.2061794852905
2017-10-31,3107.385460326632,2118.2360870402463,1241.2937038824907,995.5018066514274
2017-11-01,2240.2081225610664,144.42518775274266,51.72057099510363,221.22262370031825
2017-11-02,1204.4129691188482,962.8345850182941,913.730087580167,534.6213406090988
2017-11-03,4218.424204336084,4356.826497207783,312.02392209981093,1419.511835410369
2017-11-06,5826.3499776863155,3899.480069324091,704.6313496893214,1032.372243934812
2017-11-07,-1512.3716963355928,-1010.9763142692073,-80.07174428287749,-184.35218641693064
2017-11-08,3892.4976446670307,3032.9289428076245,400.3587214143872,497.75090332571426
2017-11-09,-7289.135716765017,-4212.401309455035,-64.05739542630192,-1069.2426812181993
2017-11-10,-5142.505948287441,-2166.377816291165,233.67700926403916,-442.44524740063434
2017-11-13,1331.304678585012,1709.0313884074776,1186.3866558062118,1161.4187744266642
2017-11-14,-4017.687333586917,-3418.062776814948,123.95084463646981,165.91696777523794
2017-11-15,-10864.397109166981,-11144.810321586756,-1894.6771965860398,-1603.8640218272994
2017-11-16,17283.1875237733,18919.69959560948,3594.5744944576263,3060.2462945210536
2017-11-17,-9699.612381182287,-9244.355639108997,150.1453744198617,29.17846754629383
2017-11-20,4167.229805829616,2270.456815911362,715.3319480873386,1097.5702066459762
2017-11-21,11938.550254538903,5630.732903460177,306.57083489457375,1968.056922261751
2017-11-22,-1013.650493309904,-953.5918626827706,68.12685219879415,18.92362425251622
2017-11-24,4528.388016157538,2497.502497502498,13.539985342620128,908.3339641208086
2017-11-27,400.0564785616766,272.4548179093599,204.6245140167792,151.38899402013567
2017-11-28,17555.41958864781,5994.005994005998,750.2898847281903,1135.4174551510096
2017-11-29,682.4492869581591,-658.4324766142963,17.05204283473165,-113.54174551510096
2017-11-30,6871.558337647668,3133.2304059576836,136.41634267785287,643.4032245855733
2017-12-01,144.36549129747618,-885.4781582054347,-19.327263650553363,-529.8614790704723
2017-12-04,-5685.145422603939,317.86395422759233,591.9761856437311,302.7779880402695
2017-12-05,-9052.313097794267,-249.75024975025008,-676.5442121642643,56.77087275755002
2017-12-06,-121.99882881123631,817.3644537280925,1302.3476084162098,208.15986677768524
2017-12-07,9076.712863556499,2202.3431114340165,2723.0904539611665,662.32684883809
2017-12-08,16074.269716637318,1634.7289074561813,220.78099120694043,227.0834910302019
2017-12-11,9681.515183578464,544.9096358187271,1281.5521380831872,75.69449701006761
2017-12-12,3782.668500687758,113.52284079556921,97.33307377846972,37.84724850503426
2017-12-13,1507.7769548195938,22.70456815911166,194.6661475569399,18.923624252516674
2017-12-14,-13014.495820548093,-22.70456815911166,-81.11089481539148,-37.84724850503426
2017-12-15,32352.16365437348,-249.02633598285507,410.9649742601565,-57.23715405763255
2017-12-18,10968.56331407306,5552.418595896855,1162.1525648061465,1287.4686385844443
2017-12-19,-9352.658897267653,-4893.65706757011,-677.9223294702522,-1617.5888023240454
2017-12-20,-2203.506022916463,-611.7071334462692,500.3712431804244,99.03604912188064
2017-12-21,4798.746449906963,3011.4812723508467,597.217290247603,858.3124257229624
2017-12-22,1528.2291446569138,47.05439488048296,94.46275700438741,-231.08411461772064
2017-12-26,694.7106170946735,941.0878976096296,495.33427074012536,363.13218011356184
2017-12-27,-814.4883096972,-141.16318464144388,-31.95704972516927,264.0961309916812
2017-12-28,311.4220007665765,376.43515904385276,415.44164642720165,264.09613099168007
2017-12-29,-10846.655767750937,-5787.690570299267,226.8427885418996,-1683.6128350719669
2018-01-02,13629.907912218814,9034.443817052514,1654.9307200571109,3152.647563713193
2018-01-03,9048.426261052826,7387.53999623565,292.0465976571372,1667.106826884985
2018-01-04,2565.6297246529502,3905.5147750799915,48.67443294285658,792.2883929750442
2018-01-05,-11.337071863498636,3340.862036514216,-42.68546132613538,346.62617192658126
2018-01-08,4322.49128337393,1270.468661773004,751.3508328803913,280.60213917865985
2018-01-09,4537.421789177055,352.90796160361424,31.97237586725055,99.03604912188166
2018-01-10,-1146.296030949993,164.69038208168422,255.77900693800575,82.53004093490017
2018-01-11,14973.491904284281,1199.8870694522884,159.86187933625342,115.54205730886042
2018-01-12,3624.091148854504,188.21757952192638,-52.46514037073304,0.0
2018-01-16,-4169.204103621114,0.0,-487.1395167575994,-16.50600818698058
2018-01-17,15810.184100810417,164.69038208168786,1818.6541958950374,49.51802456093992
2018-01-18,-5059.258912259334,141.16318464144933,308.52169394647945,33.01201637396116
2018-01-19,15621.768019245243,-226.6508195361963,309.3222049907872,-90.37471606208902
2018-01-22,15077.645359335495,8991.00899100899,2275.4192382021065,2719.9782401740786
2018-01-23,2866.558324304804,999.0009990010003,249.36101240571043,169.998640010881
2018-01-24,1399.4221740700632,-454.091363182275,296.11620223178124,-101.99918400652768
2018-01-25,2166.847237269765,136.22740895468087,155.8506327535688,0.0
2018-01-26,5173.392546097789,8173.644537280899,4.919058314505662,2566.979464164287
2018-01-29,-13371.245946327022,-6175.642539278901,-4431.383524582518,-2702.978376172992
2018-01-30,-19175.635662922396,-8219.053673599125,-8847.21833504369,-3025.9757921936634
2018-01-31,-3806.9276683743155,953.5918626827756,2301.2096899586395,1087.9912960696324
2018-02-01,-3336.9365982046147,-1407.6832258650516,-1508.2252697701897,-271.9978240174081
2018-02-02,-10211.078577207165,-26064.84424666242,-37596.92263367131,-12341.901264789878
2018-02-05,-28737.64325080921,-19889.201707383512,-24473.192851427048,-61199.51040391676
2018-02-06,1268.4804479048362,5994.0059940059655,8935.716190984269,45457.63633890929
2018-02-07,-13384.655760650872,-8355.281082553818,-8735.662843424921,-9621.923024615808
2018-02-08,-7479.660572128407,-2270.456815911348,-22439.317151240328,-8057.935536515703
2018-02-09,-2991.8855338032827,-136.2274089546554,-3709.4411193796486,-475.9961920304704
2018-02-12,11240.164855751222,-1271.4558169103984,7354.088639201,883.9929280565848
2018-02-13,2107.53091045335,-45.40913631818694,1463.0149812734062,1019.991840065275
2018-02-14,10795.2416635444,999.0009990009494,3647.7840199750317,3637.970896232837
2018-02-15,2271.449981266396,1453.0923621832844,409.6441947565545,14670.882632938934
2018-02-16,-508.52899171048523,-3726.227005162538,-111.60748357395772,-428.89006247164974
2018-02-20,-13157.894736842107,-5660.71913775926,-2676.6241490978787,-2787.633046122652
2018-02-21,-11040.014419610667,-6340.00543429037,-3535.787456215715,-2932.4451524147457
2018-02-22,6421.232876712318,5072.004347432291,7368.977595664529,2968.6481789877625
2018-02-23,30482.70600411173,12046.010325151707,5129.365179662922,6371.732676851788
2018-02-26,16824.39537329127,9283.57938592519,3927.6893523600434,3801.317790167258
2018-02-27,-17015.581684351408,-9691.151163843855,-3687.5686059275527,-4090.9420027514307
2018-02-28,-22655.57786062518,-11910.153065845476,-6123.079034028542,-5068.4237202230115
2018-03-01,-21412.866838734342,-12997.011140295263,-15625.000000000002,-8109.477952356815
2018-03-02,-6349.263052093398,2173.716148899548,8001.888700262321,2606.6179132575426
2018-03-05,12842.796446504442,10551.580472783266,5180.213045381586,6661.356889435962
2018-03-06,2896.8713789107787,2173.716148899547,1550.4158762585712,1810.1513286510753
2018-03-07,1424.295094631132,-90.57150620414268,547.2056033853796,253.42118601115146
2018-03-08,8400.92699884125,7562.720768046373,1185.6121406683214,3855.6223300267907
2018-03-09,2071.263035921204,17661.443709808886,14.181888812283546,5339.946419520672
2018-03-12,869.0614136732386,792.5006792863023,578.3689994216311,398.23329230323725
2018-03-13,-11056.39242950946,-2626.5736799203005,-1461.9883040935672,-271.52269929766044
2018-03-14,-14098.10737736579,-7358.934879087039,-4385.964912280701,-977.4817174715809
2018-03-15,-2558.903051371177,3034.1454578389657,2474.134053081422,1647.2377090724785
2018-03-16,-60.83926218640454,3337.1150969280566,3409.2291410926305,203.56810299555428
2018-03-19,-18037.31201218351,-9529.621631771666,-6959.7317709215295,-5374.309287714782
2018-03-20,-2855.5111364934346,422.49554032484775,1016.0192366308784,264.9307395352289
2018-03-21,-5187.511897963068,-1689.9821612993928,-1032.9528905747275,-681.250473090603
2018-03-22,-22558.537978298093,-20608.393578067815,-33003.69153655977,-15101.052153508444
2018-03-23,-761.469636398273,-9201.013989296764,-9889.253903207224,-10407.993338884247
2018-03-26,0.0,10890.996150596187,0.0,11051.396563469829
2018-03-27,0.0,-8966.294244671848,0.0,-9537.506623268495
2018-03-28,0.0,-751.1031827997504,0.0,-1551.7371887063673
2018-03-29,0.0,4741.338841423356,0.0,6017.71251230035
2018-04-02,0.0,-8496.854755422042,0.0,-12376.050261146022
2018-04-03,0.0,3004.412731198936,0.0,6093.4070093104165
2018-04-04,0.0,4741.338841423356,0.0,7190.977215956402
2018-04-05,0.0,2394.1413951741415,0.0,3481.9468624631154
2018-04-06,-1125.468945393916,-10937.940099521154,-348.89962426194586,-13852.092952842326
2018-04-09,4428.928720300129,2253.3095483992,3028.9088260102776,1930.2096737567044
2018-04-10,13964.151729887453,4600.506994648393,5981.136415919025,8364.241919612457
2018-04-11,-911.838265944145,-5163.8343817481655,172.53278122843403,-5790.629021270164
2018-04-12,9587.328053355566,2206.3655994742076,2357.9480101219233,6017.712512300361
2018-04-13,1766.6737883559445,-4553.5630457234,-37.18495095469396,-4465.975323593986
2018-04-16,14196.4373585277,2394.141395174156,4915.0550272465,9613.201120278562
2018-04-17,10284.42082472198,7792.695521547263,1638.3516757488333,13757.474831579748
2018-04-18,1796.0830626906754,-422.4955403248314,213.69804466289224,2516.8420255847363
2018-04-19,-1968.3102056884163,-10374.612712421382,231.506215051465,-11202.785557489973
2018-04-20,-9138.222539577277,-4738.099818373969,23.80997285052578,-16148.466483295237
2018-04-23,-863.640725458208,-825.5633255633269,1383.1258644536658,0.0
2018-04-24,-21447.078015545536,-11703.574203574193,-8866.191438805543,-7257.178722736548
2018-04-25,3694.4631033490114,2719.5027195027014,4539.4900166684365,1765.2596893142972
2018-04-26,22094.808559639187,9712.509712509716,8759.797141539879,6472.618860819081
2018-04-27,-4340.781533416936,-1214.0637140637104,922.2410008968161,39.22799309587651
2018-04-30,-15228.426395939086,-9275.446775446775,-4107.167614030222,-4471.991212929546
2018-05-01,1819.749066181399,1554.0015540015502,2634.1328157493394,1490.6637376431781
2018-05-02,-16281.965328991473,-9712.509712509707,-7122.55649521697,-5923.426957476854
2018-05-03,-3016.952399195481,825.563325563322,3864.550117842784,1843.7156755060405
2018-05-04,23875.802596961115,13548.95104895105,10197.525156123738,8512.474501804487
2018-05-07,3809.6133947888297,2719.502719502724,1739.6050073336285,1647.5757100266778
2018-05-08,1152.2904712632817,437.0629370629324,989.1871610328471,608.0338929860322
2018-05-09,14627.034145423764,12456.293706293707,1722.5500562813381,4981.9551231759
2018-05-10,5479.258771517259,8352.758352758354,221.7143636797764,1902.5576651498504
2018-05-11,123.50330742311098,4103.535353535353,-34.893666636587795,921.8578377530212
2018-05-14,1743.8846208229263,1238.3449883449866,844.0354825896991,78.45598619174598
2018-05-15,-15718.527595795822,-5463.286713286714,-3723.6859526016156,-490.34991369841555
2018-05-16,9544.233397747084,6143.162393162394,4187.077982258706,686.4898791777814
2018-05-17,-3582.0332752038366,1068.3760683760702,728.1874751754267,176.52596893142982
2018-05-18,-5993.298707641272,1166.4524097768438,931.2957948095096,-132.59331274604946
2018-05-21,12377.757830585346,6580.202174327678,2330.459100442788,3100.2539967129833
2018-05-22,-2551.140926914539,-2145.718100324242,366.21500149815165,-709.6966980427333
2018-05-23,4275.523220106772,2002.670226969295,399.50727436162106,1195.2786493351268
2018-05-24,-543.2985307317995,-476.8262445165019,83.23068215867124,149.4098311668904
2018-05-25,-8789.564551957614,-3242.418462712187,55.22850579889597,-1494.0983116689063
2018-05-29,-18120.679992527563,-11014.686248331105,-5345.81797655809,-5341.401464216344
2018-05-30,23514.85148514852,13589.547968720199,7470.86363183584,6611.385029134915
2018-05-31,-16299.27143657762,-8153.728781232121,-531.2614138194372,-2726.7294187957564
2018-06-01,25954.765270537846,12016.021361815754,1499.916583540001,4762.438368444643
2018-06-04,7992.771754239647,4911.310318519934,1750.5036826634082,1587.479456148214
2018-06-05,4587.155963302751,2479.4964714857924,577.9964989926345,634.9917824592876
2018-06-06,9452.321378926885,5459.660499713906,495.4255705651153,1139.24996264754
2018-06-07,671.8561764433289,-357.6196833873728,115.59929979852723,-186.76228895861277
2018-06-08,1519.276934470272,1358.954796872018,-61.986557036107,410.8770357089488
2018-06-11,2649.845230278585,1001.3351134846416,898.8913673136464,298.8196623337826
2018-06-12,1360.0975518244059,977.4938012588282,848.9529580184442,242.79097564619588
2018-06-13,-7621.236281774696,95.36524890329383,-116.52295502213929,56.02868668758492
2018-06-14,9004.783791389176,1406.637421323674,1581.3829610147486,149.4098311668913
2018-06-15,-2514.7837488916443,-213.6595916389154,78.1358304902121,-102.96481531711788
2018-06-18,-3608.500022274692,-1357.7435178696574,139.46136920073118,-414.7656574035667
2018-06-19,-9800.864258030026,-4336.019621583741,-2122.911953388911,-2281.2111157196164
2018-06-20,3452.577181806031,1883.3216538192,2448.321814857284,1347.9883865615898
2018-06-21,-16149.151334254022,-6876.313945339875,-4013.3882914432697,-3767.4547214157355
2018-06-22,4092.1814634727407,2540.294323756136,6208.295837631602,1901.0092630996846
2018-06-25,-21851.564520299973,-13270.847932726005,-8673.081792858953,-8122.494124153183
2018-06-26,1120.5930523230709,963.5599159075064,3561.02810838187,1071.4779482925442
2018-06-27,-13231.617963968627,-6963.910301331482,-8388.199544188403,-5806.71920364994
2018-06-28,3189.3802258426076,2934.4779257183072,7375.284882248672,3179.8700400940197
2018-06-29,-2832.3893434826573,-350.3854239663815,2920.462927325939,725.8399004562398
2018-07-02,3641.8956297252466,262.78906797479067,2875.6414230120204,1140.605557859808
2018-07-03,-8920.339295592845,-5299.579537491252,-1601.4051038330406,-4182.220378819295
2018-07-05,18624.377650746817,8365.45199719692,3771.050728381031,7431.218028480571
2018-07-06,10378.377109752157,10117.379117028735,212.10201681409603,6670.8143232407
2018-07-09,15711.933057373033,13577.435178696567,2982.7662395050806,5824.001106041754
2018-07-10,4695.776027061911,5299.579537491239,426.1094627864404,1175.169362643439
2018-07-11,-11372.234833311077,-12745.269796776458,-536.5822864718134,-3214.433844877642
2018-07-12,14287.621845373213,13730.728801681855,820.6552616627737,3750.172819023918
2018-07-13,2496.447979130033,3153.468815697267,-40.27730841153671,1054.1960459007323
2018-07-16,-3716.3343826512796,-2408.8997897687477,-123.46822236626805,51.84570717544557
2018-07-17,10099.685204616999,8431.149264190613,1867.4568632898106,1002.3503387252877
2018-07-18,4066.1070304302184,3284.863349684656,493.87288946507397,207.38282870178227
2018-07-19,-7651.276670164392,-2934.4779257182927,30.867055591566896,51.84570717544739
2018-07-20,-6569.469197400967,-3053.128677336022,205.13808998866963,-27.4590922066825
2018-07-23,6857.418280606432,4267.112440612354,1607.0711128967453,1810.1513286510765
2018-07-24,5060.906143195163,2815.414393806088,571.7464536267271,796.4665846064713
2018-07-25,6506.879326965209,5498.856237902513,216.33649596686928,1810.1513286510763
2018-07-26,1906.0555604241526,571.8810487418614,200.88388911209313,253.42118601114908
2018-07-27,-6985.973383899071,-7214.499384128098,-81.59923579919356,-2135.978567808268
2018-07-30,-9712.710513847613,-5146.929438676754,-1919.3558454528427,-1918.7604083701399
2018-07-31,9281.991644053927,5454.8653879992935,2980.463142125959,2498.008833538484
2018-08-01,-4867.123228668655,-2331.5150448706663,46.813557206166706,-506.84237202230133
2018-08-02,14192.18675970195,7258.49023403132,1888.1468073153987,2262.689160813844
2018-08-03,8774.337898698761,4685.025514692945,115.51383745793667,1321.410469915284
2018-08-06,6772.340336310646,2947.3869435157467,1221.113044540098,778.3650713199631
2018-08-07,5891.726422610809,2199.5424951610075,473.1813047592882,470.63934544928
2018-08-08,-1572.5248458925635,-65.98627485482575,61.055652227004884,54.30453985953227
2018-08-09,-125.8019876714061,-87.98169980644525,76.31956528375622,-54.30453985953227
2018-08-10,-14356.86802697426,-4509.062115080062,24.210374055460278,-868.8726377525154
2018-08-13,-7770.908466426245,-3541.263417209222,-1320.2565069784976,-524.9438853088122
2018-08-14,9724.36888201958,6994.545134612003,3206.337231233496,1502.425602780393
2018-08-15,-14489.953632148377,-7104.522259370051,-2137.5581541556644,-235.31967272464135
2018-08-16,17774.34312210201,10513.81312686961,3363.5106249214136,651.6544783143872
2018-08-17,6343.933086769452,1518.9921268603641,327.8380590734848,-101.28700451464374
2018-08-20,4354.985483381721,1947.8833001471705,1418.6829633325017,929.0482416901807
2018-08-21,2079.9930666897767,865.7259111765243,358.56822150162157,378.5011355034069
2018-08-22,519.9982666724454,-5.9117155615240335e-12,717.1364430032424,172.0459706833667
2018-08-23,-2383.3253889153702,-1038.871093411819,311.79845347967057,-447.31952377675225
2018-08-24,15828.28597290365,6060.081378235648,250.75549086121816,2374.2343954304583
2018-08-27,13899.920571882445,5497.359535970913,1758.6186849601772,2030.142454063725
2018-08-28,1323.8019592269047,389.5766600294355,218.01058078018718,34.40919413667416
2018-08-29,7060.277115876794,2813.609211323692,290.68077437358306,963.4574358268537
2018-08-30,-3463.948459977055,-2986.7543935589983,-14.534038718679312,-1135.50340651022
2018-08-31,3075.905602425441,1038.8710934118262,-153.81814946583188,447.31952377675225
2018-09-04,-2580.844399347069,-173.14518223530467,418.99037766925767,68.8183882733465
2018-09-05,-8007.235187717824,-2424.032551294258,-823.5328112809545,-757.0022710068133
2018-09-06,-8845.458155027132,-2683.750324647217,-549.0218741873033,-963.4574358268519
2018-09-07,-4662.628088461535,-692.5807289412169,2775.370310417707,34.40919413667416
2018-09-10,3238.933643385099,2856.89550688252,1881.3039491573654,1531.2091390819623
2018-09-11,6789.303214018769,3549.4762358237367,1201.5050431593259,1307.5493771935853
2018-09-12,-124.57437089942505,432.8629555882617,284.5669839061561,103.22758241002066
2018-09-13,11273.980566398137,4393.558999220852,411.0411989755589,1032.2758241001984
2018-09-14,3572.699486895163,952.2985022941684,15.664628163651116,172.04597068336716
2018-09-17,-10621.45401768043,-3549.476235823735,-2147.2953216374276,-516.1379120500997
2018-09-18,11105.246954303555,4739.849363691454,2939.205653021443,722.593076870141
2018-09-19,2902.757619738752,1017.2279456324104,533.0165692007794,51.613791205008965
2018-09-20,17526.498658574128,757.510172279457,411.18421052631584,68.8183882733465
2018-09-21,-880.2248480546691,-73.42050990981784,41.11709728119425,-33.88699186594607
2018-09-24,-5675.933214566844,-3126.1007396970735,-605.3644604495212,-1036.7199518426876
2018-09-25,-3873.72084351826,-2333.5681578020412,124.17732522041433,-635.4090027422899
2018-09-26,-7146.704230020296,-4755.195491370206,-1055.507264373525,-1504.9160591264788
2018-09-27,4847.329825578987,3830.5741458259954,2980.255805289954,1939.6695873185731
2018-09-28,-318.7627326237008,-704.4734061289155,1363.0916449988001,300.9832118252955
2018-10-01,6840.8979190561995,5151.461782317712,1405.535648090943,1973.1121664102743
2018-10-02,-716.8605603801407,-968.650933427255,231.6817002347707,-33.442579091701305
2018-10-03,2601.1797476650845,1497.0059880239487,478.8088471518597,401.3109491003944
2018-10-04,-18167.29477306243,-10390.982740401552,-1729.8900284196213,-4982.944284663233
2018-10-05,-12018.340553061098,-6164.142303628045,2002.9542383757514,-2876.06180188616
2018-10-08,-943.7199725463294,-1629.0947516731176,1372.6835964310233,300.98321182529617
2018-10-09,-4761.496225120107,-3918.6333215921113,65.3658855443341,-1906.2270082268751
2018-10-10,-40751.54426904597,-23335.68157802042,-33777.821355034815,-29061.6012306869
2018-10-11,-2874.0562800274784,-1232.8284607256428,-13628.787135993723,-5518.025550130427
2018-10-12,-755.0596337389068,-968.6509334272487,-4110.867026501159,-1538.3586382181675
2018-10-15,-8199.627692580438,-704.4734061289273,-1360.9340305135722,-4347.535281920951
2018-10-16,26792.837514404746,836.5621697781316,11120.263591433277,10199.986622968347
2018-10-17,1218.8635759241224,-880.5917576611755,501.3967480839474,-2508.1934318774656
2018-10-18,-16820.31734775286,-308.2071151814016,-2489.076713702456,-8327.202193833189
2018-10-19,-4077.764151915423,-429.56855635273155,3170.935663810528,-952.939763234665
2018-10-22,-5299.885169154669,-3065.031982942446,-279.4076557697695,-1405.1344371866942
2018-10-23,-5388.216588640575,-2754.086709310591,-1292.2604079351786,-1784.9005012912055
2018-10-24,-31755.14530518507,-18923.240938166316,-26578.65325509919,-14507.063648792338
2018-10-25,-176.66283897180983,5063.965884861424,5203.967588711934,2848.245480783831
2018-10-26,-7189.366823831462,-4530.916844349675,-18440.264896696015,-2126.689958985253
2018-10-29,-9408.60215053764,-8617.626154939611,-3530.519378628592,-6456.023089776714
2018-10-30,13824.884792626732,9461.62046908317,8120.194570845759,8051.0405590156515
2018-10-31,11856.758832565285,5819.118692253018,6099.952926408286,5658.514355157227
2018-11-01,8904.569892473119,7507.107320540166,2216.381609916836,6114.233632082637
2018-11-02,1738.2066655956983,-4308.813077469802,4.449083091860302,-2696.3390551420325
2018-11-05,5858.802851284057,4530.916844349695,3386.3480709230644,3493.847789761505
2018-11-06,6884.093350258762,5996.801705756922,2872.6885320751844,4329.333130791434
2018-11-07,14891.123913680305,18878.820184790333,4699.03355908987,9854.929363512074
2018-11-08,659.1153207694551,-621.8905472636798,133.17099155315555,37.976606410449676
2018-11-09,69.57262562570423,-10083.511016346838,-54.75366987027424,-2962.1753000151894
2018-11-12,-24986.51806579182,-23987.20682302771,-11566.578762893481,-11525.900045571925
2018-11-13,-3190.724429264803,-2976.1904761904807,-534.0988750542474,-75.95321282090617
2018-11-14,-12538.198813589788,-14170.220326936746,-11483.125813666245,-12076.560838523465
2018-11-15,9617.113068488226,12837.597725657419,16640.518075908796,19235.15114689351
2018-11-16,773.2521108771805,2718.6751586525625,8277.195184678736,10507.546597178587
2018-11-19,-24849.808847624256,-11037.527593818984,-10856.367402328406,-7273.639327815394
2018-11-20,-21800.47332969233,-12893.839052779424,-23105.49246482394,-10116.211019145558
2018-11-21,-2048.061168760243,-200.68231988762273,-2178.415827440891,836.0504974500327
2018-11-23,-2876.160700222445,-4665.863937387163,-13912.372380716337,-4472.87016135774
2018-11-26,15712.763896959133,6622.516556291415,8563.620968362713,7649.862051667926
2018-11-27,5253.728452450125,3963.4758177804542,1539.5273650989147,3260.5969400551785
2018-11-28,7674.801472012397,16104.756170981334,1558.771457162653,10241.618593763063
2018-11-29,726.3219058686809,1605.4585591009482,115.46455238241833,877.8530223225519
2018-11-30,-35.939828852690255,3712.622917920931,-24.424681553557647,2006.521193880106
2018-12-03,17862.68224588977,9181.216134858518,10813.148788927336,6353.983780620349
2018-12-04,-45936.30441526213,-24483.243026289398,-22255.426234664992,-15592.34177744336
2018-12-06,-12873.539447833726,-3361.428858117595,-5386.914123938346,-1588.4959451550822
2018-12-07,-9521.231310012316,-15001.003411599419,-33412.480367464384,-12791.57261098571
2018-12-10,2993.6860439799693,-2358.017258679509,3967.617826226354,-418.0252487250218
2018-12-11,-381.01458741563397,-2709.2113184828268,1102.1160628406537,-1713.9035197725898
2018-12-12,6531.6786414108465,2358.017258679487,4248.156460403976,2424.5464426051367
2018-12-13,-163.29196603527453,-5869.957856712834,2404.61686437961,-4598.277735975258
2018-12-14,-40957.7087793351,-7174.3929359823305,-4292.2907704498075,-13084.190285093217
2018-12-17,-21360.024765246093,-2207.505518763799,-12241.365097683618,-7775.26962628543
2018-12-18,-7687.545144979886,-602.0469596628536,-6223.724342593367,-919.655547195056
2018-12-19,-14033.639459292124,-451.535219747122,-11581.89761767372,-2717.1641167126218
2018-12-20,-4901.454958208647,602.0469596628463,-12035.281510180524,-83.60504974502692
2018-12-21,-2100.0319993558946,-1988.6178949529844,-8270.958624422743,-1111.573818956595
2018-12-24,-22433.500694370276,-11407.286695378909,-16363.804932319672,-9970.702202060294
2018-12-26,41154.791154791186,20020.952159236418,28555.53495271648,15783.007277194967
2018-12-27,8252.323469714775,4074.0309626353137,2595.9577229742263,2740.761742746431
2018-12-28,3130.1485427454736,232.80176929344088,378.86759736301576,378.0361024477861
2018-12-31,9781.545484186512,4597.834943545577,7528.556593977153,3922.124562895755
2019-01-02,6629.714161504184,2910.022116168082,4283.489096573208,2220.9621018807284
2019-01-03,-37713.292033474616,-11581.88802234896,-15186.915887850464,-7466.213023343731
2019-01-04,53003.09459937971,15306.716331044105,18448.61452119099,9970.702202060302
2019-01-07,9154.315605928514,2851.8216738447118,4759.580180619969,1583.0261790000914
2019-01-08,10380.340017436793,2357.117914096154,3884.956472215442,1181.3628201493266
2019-01-09,5721.447253705315,1105.8084041438633,1728.9073305670809,448.91787165674396
2019-01-10,5775.93722755013,1164.0088464672335,894.96379464649,543.4268972686841
2019-01-11,1095.2955729714085,785.7059713653871,-74.0486460108346,354.4088460447965
2019-01-14,-7464.88557116197,-29.100221161679656,-871.806534758548,-47.25451280596826
2019-01-15,15052.548865533845,203.70154813176487,5060.268364794178,94.5090256119438
2019-01-16,6703.6636872605795,145.50110580840555,1402.471382002881,23.627256402989588
2019-01-17,10951.772910323154,29.100221161679656,1307.7098021378215,23.62725640298595
2019-01-18,3340.7006761252255,-371.2387651426329,-27.363800122289632,-259.7198174091023
2019-01-22,-23067.271498890073,-10795.232512700275,-9496.937581721837,-6886.51031008972
2019-01-23,1109.9314737959758,1416.5689722547904,3871.0343403757506,826.3812372107586
2019-01-24,-5887.462600135132,-1758.499413833526,1083.8896153052092,-314.8118998898062
2019-01-25,22758.702851833863,8548.261039468536,9618.91064636049,5509.208248071771
2019-01-28,-10943.433939636223,-6496.678389996098,-4063.5979699755103,-4210.609161026284
2019-01-29,-1249.2504497301688,-635.0136772176538,17.744969301202218,-78.70297497244974
2019-01-30,24585.24885068959,13384.134427510742,8978.954466408773,8027.703447190298
2019-01-31,14141.515090945433,7864.400156311063,1863.2217766263266,4171.25767354006
2019-02-01,3524.146449326593,635.0136772176611,9.289742836918307,708.3267747520849
2019-02-04,11739.257242854363,6740.914419695195,3290.4831725031536,2813.631355265228
2019-02-05,5687.342018277268,2320.2422821414584,545.5723394823881,570.5965685502924
2019-02-06,1774.2562706591489,830.4025009769466,494.4249326559152,354.16338737604383
2019-02-07,-15579.428349212523,-6569.949198905824,-306.88444095884415,-1928.222886825124
2019-02-08,-237.99360721633946,1221.1801484955067,513.2938597829751,767.3540059814259
2019-02-11,1823.1114435302911,1905.041031652987,1142.5959780621572,806.7054934676526
2019-02-12,16805.34779356769,7864.400156311061,3558.3703316792894,1652.7624744215336
2019-02-13,2500.934928945404,1099.0621336459553,522.3295899712721,236.10892491736195
2019-02-14,186.98578908002673,195.38882375928006,81.61399843301115,78.7029749724552
2019-02-15,3173.2619732644052,569.5916682816453,219.9632949724518,-29.949291782893567
2019-02-19,1650.9013028734616,640.3805690238797,1724.301578764197,830.2649628185707
2019-02-20,6648.224165625557,3110.4199066874016,1487.012370677382,1768.8253555699944
2019-02-21,-8834.552918079602,-3979.507821791231,-142.3735248520902,-1949.3177387914236
2019-02-22,13302.9357703726,5946.390998078852,700.6261949686365,3284.9613746299924
2019-02-25,3211.131924003213,1921.1417070716398,871.4389834268144,794.1664861742811
2019-02-26,-3255.7309785032517,-1738.1758302076714,5.684341886080801e-13,-649.7725795971401
2019-02-27,3344.9290875033416,2241.331991583572,1869.6327280793485,1227.3482059057096
2019-02-28,-4549.103559004548,-1463.727014911724,570.3964255157334,-324.8862897985691
2019-03-01,13197.163992658167,6495.288628670758,570.8629677730253,2599.090318388565
2019-03-04,-9367.156686984588,-4802.854267679081,-1891.9905732399525,-1588.3329723485667
2019-03-05,-1210.1111509501552,91.4829384319828,1178.3450061406727,487.3294346978537
2019-03-06,-15193.617784152028,-9148.293843198244,-4646.9943904139145,-3266.912136307846
2019-03-07,-15283.255647185364,-11343.884365565826,-8447.57194543101,-4440.11262724713
2019-03-08,-8672.091333291994,-3888.024883359247,-1878.8898040293175,252.6893365099977
2019-03-11,16438.115330520395,21704.32714298783,4925.5403268318405,9313.406974225689
2019-03-12,3516.1744022503517,5877.778794254872,708.3552978386915,1606.3822106707103
2019-03-13,3977.6722925457034,11115.17701948587,362.4143384291001,1245.397444227854
2019-03-14,329.6413502109717,274.44881529594204,0.0,108.29542993285577
2019-03-15,202.3775571038043,4664.213571060073,50.10821838372982,105.40801788880988
2019-03-18,6204.313690100179,2571.9700388051633,1586.4538828851476,1147.6938526648016
2019-03-19,-3248.8042595433644,-1489.0352856240434,-424.1015330485045,-1004.2321210817045
2019-03-20,-6023.824564569983,-2932.9482898655388,204.1970344307615,-1398.7518829352264
2019-03-21,24772.13247901814,9656.168215865004,2010.5554159336516,4375.582813284557
2019-03-22,-39245.07978079955,-13311.07300785129,-98.50923657726037,-7997.991535757836
2019-03-25,-2001.6377035756523,-1804.8912553018617,1469.4826054268337,-609.7123592281769
2019-03-26,9576.016740969879,4602.472701019766,4066.7076754835625,3443.0815579944056
2019-03-27,-6937.494313529251,-3474.415666456098,-820.1763379126514,-2116.0605408507245
2019-03-28,9325.812028022927,3384.171103691003,2887.704189734125,2654.0420342873504
2019-03-29,16682.13608583269,6136.630268026359,609.0069069715008,3550.677856681732
2019-04-01,14854.88579769878,10107.391029690454,3855.173964725157,4662.506276450757
2019-04-02,64.39979392066016,-135.3668441476384,224.88514794230196,197.25988092676107
2019-04-03,4100.12021294865,2662.2146015702547,369.45417161949354,753.1740908112779
2019-04-04,2211.059591275978,1353.6684414764022,192.75869823625817,609.712359228175
2019-04-05,1506.5973061339948,3654.9047919862787,-19.307660003869955,1237.357434904241
2019-04-08,1504.291655605698,1263.4238787113136,1143.4602867446565,394.51976185352396
2019-04-09,-10972.480311476862,-2955.5094305568127,-1832.4684082446418,-735.2413743633897
2019-04-10,9114.23767808159,3677.465932677558,2697.3934969361126,1111.8284197690264
2019-04-11,-2521.900716750731,315.8559696778284,410.47292344679977,179.3271644788765
2019-04-12,18671.445004867015,2504.2866167313405,439.7924179787142,412.45247830141307
2019-04-15,0.0,360.97825106037635,0.0,107.59629868732554
2019-04-16,0.0,360.9782510603691,0.0,0.0
2019-04-17,0.0,135.36684414764386,0.0,35.865432895774575
2019-04-18,0.0,89.14073702845135,0.0,-62.6865494599098
2019-04-22,0.0,1020.7704597905189,0.0,885.1878565339987
2019-04-23,0.0,8121.782353985445,0.0,2786.702511310733
2019-04-24,0.0,-2352.2101899520694,0.0,-1114.681004524296
2019-04-25,0.0,-1020.7704597905222,0.0,-98.3542062815527
2019-04-26,-580.1991605629153,5015.089650275167,-84.2522245543496,1901.5146547767354
2019-04-29,740.679779442023,310.66927037102687,857.3033375705793,262.27788341748055
2019-04-30,5616.821660768658,2352.2101899520694,1123.362994058001,655.6947085437032
2019-05-01,-18537.568924368366,-8698.739570388785,-3266.6213379844494,-3180.1193364369556
2019-05-02,-6069.459303761008,-1153.9144328066695,1537.2335708162113,-98.35420628155453
2019-05-03,21671.746493696854,9941.416651872889,2940.5338325510047,3868.5987804078413
2019-05-06,-7955.287206266321,-4926.327001597727,-3255.7559896563553,-2327.716215330142
2019-05-07,-19827.023498694525,-13935.735842357535,-11496.401532853535,-8130.614385941904
2019-05-08,-3794.0600522193236,-1153.9144328066795,-1059.2890301274329,-655.6947085437023
2019-05-09,-7424.934725848561,-4926.3270015977305,-4860.267314702303,-2688.3483050291798
2019-05-10,-10589.691601988476,1997.1595952423286,4880.12302553794,4819.356107796211
2019-05-13,-35102.739726027394,-32353.9854429256,-19193.7259218492,-23309.94688872861
2019-05-14,5812.905551550113,3905.5565418072,11041.55200880572,10064.913776145822
2019-05-15,6669.069935111733,2529.7354873069416,7120.2531645569625,6917.579175136061
2019-05-16,16402.307137707285,12182.67353097815,7412.630709961476,11622.18870893712
2019-05-17,-16066.91140537562,-17446.74241079338,2114.9055517098886,-5920.048800891279
2019-05-20,-10280.708027892008,-4482.513758210549,-2148.027873621539,-2733.2776554551733
2019-05-21,11934.561058465937,4793.183028581579,6359.51559434409,3796.218965909959
2019-05-22,-5118.004648667976,-1775.252973548734,558.1489750355181,-835.1681725001855
2019-05-23,-28227.248346146967,-10385.229895260074,-9082.606048305255,-6795.231948978828
2019-05-24,4755.738858533654,3195.4553523877166,11869.34713980376,2581.4288968187757
2019-05-28,-15145.93499677746,-8121.782353985438,-4878.9609683122535,-5314.7065522739385
2019-05-29,-15974.587975324557,-8210.54500266289,-7105.943152454782,-5124.895603978439
2019-05-30,46.036276585946325,1952.7782709036073,7292.941656466749,1518.4875863639809
2019-05-31,-19123.196690435838,-10429.611219598784,-23834.542074434084,-9072.96332852478
2019-06-03,-807.9079935367306,-2574.11681164569,1753.6401317887128,-2467.5423278414746
2019-06-04,23666.95181066438,15222.794248180388,7634.534311120558,14311.745501480525
2019-06-05,6344.453949244369,7367.299840227222,1009.6715910298644,5580.441879887632
2019-06-06,1615.8159870734744,5281.377596307482,70.85414673893683,4479.538379773742
2019-06-07,138.06610556446776,10429.611219598793,-76.02782898272636,5238.782172955738
2019-06-10,7540.754947258299,4793.183028581578,3526.6327311441582,2752.2587502847146
2019-06-11,-152.55862610060194,-621.3385407420574,848.3880626809078,18.981094829550784
2019-06-12,-1917.8798709789871,-754.4825137582102,964.833483048873,322.67861210234605
2019-06-13,10090.66341208264,4482.513758210543,1064.6438433642743,2106.9015260800243
2019-06-14,67.54391208812169,466.0039055565412,181.17142109211454,911.0925518183867
2019-06-17,1205.8250626101515,2085.92224391976,1356.563807531381,1062.9413104547893
2019-06-18,13727.854558946294,7056.630569856205,2533.3420502092044,1480.525396704883
2019-06-19,6840.738335961412,4171.84448783952,1340.2196652719663,702.3005086933408
2019-06-20,6284.203691679802,1398.0117166696255,228.8179916317995,75.92437931819768
2019-06-21,809.0329706985335,194.91475739098485,100.98514876787299,10.952194630971064
2019-06-24,1653.4999081388878,622.443535479284,1688.0486158001347,521.3401918531881
2019-06-25,-20209.443321697585,-8847.590254312654,-5171.567122951323,-4726.817739468928
2019-06-26,-5327.944148447543,-1422.7280810954871,61.38358602909602,-556.0962046434015
2019-06-27,9209.075877273564,4401.5650008892,5862.13246577865,2780.481023217016
2019-06-28,11948.318734943441,7647.163435888311,2766.6584396138683,4101.209509245098
2019-07-01,10553.470919324578,6224.435354792815,4582.219033331158,3788.405394133186
2019-07-02,6950.366706464267,5335.23030410813,668.5800013045473,2571.944946475737
2019-07-03,4391.949513900734,6224.4353547928185,277.2160981018851,1789.9346586959564
2019-07-05,335.22462178045146,-2178.5523741774923,-27.52312023797181,-86.89003197553393
2019-07-08,-8748.963651437796,-3334.5189400675754,-1043.7492649653066,-608.2302238287211
2019-07-09,3032.6831609721985,1422.728081095498,705.6333058920388,469.20617266787303
2019-07-10,11672.557490072872,5802.062955717591,2704.9276725861455,1372.8625052134012
2019-07-11,5956.276999607282,2400.8536368486602,426.32012230977307,417.0721534825534
2019-07-12,10580.445971138977,2356.3933843144223,151.6321876422383,364.93813429723195
2019-07-15,1895.9796613090934,1533.8787124310838,1127.4782557764956,225.91408313638203
2019-07-16,-8079.458783987593,-711.3640405477527,-600.3455647641081,0.0
2019-07-17,-17322.359632869393,-4779.477147430196,-3982.7803320935955,-121.64604476574459
2019-07-18,9092.084284914037,5335.230304108125,4143.84865434738,243.292089531491
2019-07-19,-19142.686244868226,-2552.1686303762344,-3926.7213281476406,35.927868402683174
2019-07-22,6717.078272061786,3275.018655169554,2747.00395447822,2151.8391500235375
2019-07-23,9693.508165071195,4974.71188127021,1267.847978989948,2420.819043776478
2019-07-24,4343.978762770492,3399.386452201311,241.49485314094272,1445.766928922063
2019-07-25,-2554.098624406721,-4104.137302047925,60.37371328523568,-1580.2568757985346
2019-07-26,4554.616078660771,4808.888151894539,31.052827584638507,1983.7267164279465
2019-07-29,-1446.6853884775787,-82.91186468783599,315.62033742683286,67.24497343823532
2019-07-30,-5659.092843162276,-3399.386452201312,-2467.577183518879,-1479.3894156411816
2019-07-31,-17019.828099736194,-7793.715280656668,-5365.54573625617,-3664.8510523838318
2019-08-01,-18168.66649646839,-8830.113589254615,-12581.7743601515,-5480.465335216195
2019-08-02,-7210.448812988,-7462.067821905315,-12188.090894472522,-2588.931477372067
2019-08-05,-33508.13261043462,-24002.984827128756,-22617.509012992312,-21484.76901351624
2019-08-06,7154.919562705523,3896.8576403283078,11529.827902863748,8472.866653217672
2019-08-07,-1466.53630788374,-124.36779703174398,1564.5194204475902,1075.9195750117651
2019-08-08,35463.51435427962,18655.169554763284,15713.216787973606,15533.588864232403
2019-08-09,-18441.322299447165,-10239.615288947844,1654.0772176941332,-5783.067715688254
2019-08-12,-17640.573318632865,-13929.193267556602,-7652.0728399845,-13617.107121242692
2019-08-13,23534.89949961837,14841.223779122807,11913.986826811311,18458.745208795648
2019-08-14,-43083.70791281486,-22386.203465715964,-23892.548107968483,-34328.55894021922
2019-08-15,-4325.332881010945,-1575.3254290688928,1517.4996771277256,-3866.5859726985364
2019-08-16,17726.11495930967,62.53328160786356,26253.106564569836,16352.592028147963
2019-08-19,12436.914203316515,5803.053298812612,5929.129464285717,4474.521115302121
2019-08-20,-9868.421052631582,-4776.359253638069,-2179.8270089285743,-3143.2586347163647
2019-08-21,14464.671953857252,5758.41442728328,4394.531250000002,4104.725981806079
2019-08-22,-157.71449170872438,-1249.8884028211878,662.6674107142871,-961.4673470897114
2019-08-23,-48971.84157203154,-12989.911615034362,-3094.414884626121,-9244.878337401084
2019-08-26,10525.326567051969,5579.858941165967,6587.110429895631,4289.6235485541
2019-08-27,-5403.627478620429,-3705.0263369342006,-1313.7727173199037,-2736.4839878707135
2019-08-28,11770.510290386243,5356.664583519322,4835.413473469089,4252.6440352044965
2019-08-29,11700.028192839025,7722.524774573697,1988.9059192759669,5177.1318689446
2019-08-30,996.6373507098431,-624.9442014105853,-78.7685412847162,-369.79513349603985
2019-09-03,-9452.98714393748,-3526.470850816896,-1138.6377751707946,-1848.975667480216
2019-09-04,18044.70212587177,7097.580573163117,8142.985301221447,4881.295762147769
2019-09-05,14515.586925468451,6651.191857869824,1742.4608377613713,3660.9718216108286
2019-09-06,2667.2199958272886,2276.582447995719,104.25671444132803,1516.1600473337749
2019-09-09,-1315.1302605210385,624.9442014105916,810.1539292465568,462.24391687005664
2019-09-10,605.3774215096842,602.62476564592,720.1368259969396,406.7746468456462
2019-09-11,14111.556446225786,2432.8184983483625,2025.3848231163922,905.9980770653074
2019-09-12,7139.2785571142285,870.4579948218889,315.0598613736611,184.89756674802084
2019-09-13,1726.9225506878636,334.7915364699584,139.26914028313175,147.91805339841812
2019-09-16,-3689.7343391275917,-22.31943576466074,-948.0241971890341,147.9180533984163
2019-09-17,3115.7756641521873,736.5413802339062,1670.328347428298,92.44878337401133
2019-09-18,635.4542472941935,401.74984376394787,1248.9842597887255,55.469270024406796
2019-09-19,614.9557231879305,468.708151057941,1564.9923255184037,147.91805339841812
2019-09-20,5491.22951535025,18.458279957921377,588.363207418189,-44.178543747577294
2019-09-23,3919.2103516920984,2264.11987485592,2755.796409766912,1543.6333699231652
2019-09-24,-15116.954213669547,-6915.857072287166,-4603.257690057579,-3979.1437980241462
2019-09-25,8356.834771068357,3951.9183270212397,4387.720540690336,2607.0252469813377
2019-09-26,-5246.350364963506,-1687.7984521653257,969.9171721526,-686.0592755214075
2019-09-27,-14697.243297125799,-4445.908117898907,1900.9753530064172,-2675.6311745334815
2019-09-30,7027.238708554519,4322.410670179495,4048.1958434272597,2778.5400658616936
2019-10-01,-21255.765381602996,-11979.252428783142,-6885.120489608567,-6791.986827661906
2019-10-02,-27891.393264293787,-17783.632471595585,-20942.24148922606,-12486.278814489582
2019-10-03,7962.753459228952,7615.675942697195,15284.329975774575,6826.289791437988
2019-10-04,23655.223188787357,11485.262637905467,15901.158681881994,8061.196487376505
2019-10-07,-5963.379808499912,-6421.867281409504,-904.6265184802276,-2709.934138309547
2019-10-08,-22803.628422644055,-14366.869751358481,-11630.91238046007,-11765.916575192101
2019-10-09,10666.890643373095,5269.224436028318,9240.113724476612,5968.715697036227
2019-10-10,11674.785822274482,7739.17339041661,6413.155854225897,6105.927552140507
2019-10-11,23101.888159216283,10661.94631977605,4921.695310602571,8472.832052689353
2019-10-14,-1034.2545093496635,-4075.4157747406516,2046.792833076172,2109.6322722283217
2019-10-15,16589.44232996856,18812.77786925737,3762.9499008092716,6363.199780461033
2019-10-16,-682.6079761707788,-2737.526757780339,330.6357653430741,445.9385290889113
2019-10-17,5026.476915439351,5001.646632636258,582.5487294139866,1337.8155872667394
2019-10-18,-4522.37248495037,-8720.418166650066,102.74607576132479,253.29878987569737
2019-10-21,10091.282137174441,4950.914014895052,3084.6463241297965,3063.472394327412
2019-10-22,-6092.454568294113,-3469.8713608666194,-529.2285360026613,-1548.9467162329577
2019-10-23,7976.71886776652,3554.502369668252,1436.4774548643663,1893.157097618064
2019-10-24,879.3233397537915,-2.7284841053187847e-12,332.65793691595854,413.0524576621219
2019-10-25,12558.675438913453,4993.2295192958645,119.53812693690425,2443.893707834227
2019-10-28,8313.974813546885,3681.4488828706853,1659.1609386110454,1445.6836018174308
2019-10-29,142.64172474222596,-84.63100880162165,251.8369281820335,-34.421038138510994
2019-10-30,8089.823531809106,3596.817874069053,1185.1149561507468,1531.7361971637074
2019-10-31,-4605.28997024901,-2369.6682464454934,59.25574780753686,-929.3680297397759
2019-11-01,11323.555728992525,5395.226811103588,193.70061236341976,2065.262288310615
2019-11-04,8463.900480277145,1967.6709546377788,1577.9857150766836,688.4207627702035
2019-11-05,-2184.8673332808457,-232.73527420447135,27.683959913626495,51.63155720776558
2019-11-06,3976.064876781359,1629.1469194312813,775.1508775815287,481.894533939143
2019-11-07,7007.322258089915,825.1523358158447,152.2617795249439,154.89467162329856
2019-11-08,4267.83634251343,1079.0453622207133,39.08887801956742,292.5788241773371
2019-11-11,-1557.179636242837,338.5240352065048,441.233246925156,34.421038138509175
2019-11-12,3280.458433684912,232.73527420446408,868.6779548839004,17.210519069256407
2019-11-13,3197.4088530852923,63.47325660122078,565.3300976228561,-17.210519069256407
2019-11-14,2055.4771198405433,148.10426540284243,303.34785726104474,51.63155720776558
2019-11-15,16508.212245924336,-311.33700635197715,227.21761598674124,-169.75529289655697
2019-11-18,2175.433144277835,1180.544624586818,1171.2344811431242,600.9615384615363
2019-11-19,-1670.42187864191,-354.1633873760451,29.280862028578213,-367.2542735042728
2019-11-20,-6468.028902183198,-2361.0892491736217,0.0,-868.0555555555561
2019-11-21,-4603.371921373636,-1574.059499449079,512.4150855001169,-934.8290598290564
2019-11-22,4636.284676072131,2675.9011490634334,990.9400134738494,1602.564102564098
2019-11-25,14035.712871679138,5902.723122934048,1447.0199579545142,2871.2606837606854
2019-11-26,6651.621332699846,3384.2279238155234,259.37150189750696,1402.243589743589
2019-11-27,3880.1124440749045,1849.5199118526689,163.8135801457945,734.5085470085487
2019-11-29,-344.550718405388,-2715.2526365496606,12.373991303775554,-1068.3760683760684
2019-12-02,-17207.968374544605,-8106.406422162765,-4319.910051187975,-3939.6367521367524
2019-12-03,-13099.759708549722,-7319.376672438211,-6405.894014261621,-3806.0897435897464
2019-12-04,8177.660646461518,6099.480560365182,7766.961564635914,3405.4487179487196
2019-12-05,3507.480040306942,1810.168424366439,3447.0515134479397,1201.9230769230799
2019-12-06,19907.538434001744,8932.787659373524,2766.6083734112785,4006.410256410254
2019-12-09,-6737.8996890200215,-3069.4160239257008,-1292.907478972494,-1368.856837606837
2019-12-10,-318.9538314328993,472.21784983471935,1193.4530575130716,667.7350427350416
2019-12-11,4246.072880950484,2675.901149063433,2116.958399636281,1302.0833333333344
2019-12-12,16386.253089865237,6138.832047851412,1292.9074789724937,2019.8985042735048
2019-12-13,5731.524022481523,3718.7155674484475,652.1491097191637,1418.936965811965
2019-12-16,11364.510422275216,4190.933417283177,2381.4860472935097,984.9091880341894
2019-12-17,-884.5473425121145,472.2178498347239,364.227277821361,200.3205128205118
2019-12-18,2922.8520883009005,609.9480560365155,308.19231200268996,100.1602564102559
2019-12-19,7134.066610260748,432.8663623484972,168.10489745601217,33.386752136753785
2019-12-20,2705.9546269189386,-145.51368169325212,45.045802951015034,-48.36849739513934
2019-12-23,1836.3478398230814,1118.0679785331004,850.6908640956896,401.23810615613957
2019-12-24,-335.6764868493807,-186.3446630888492,283.56362136523023,0.0
2019-12-26,13664.007582339473,5553.070960047699,412.4561765312435,1604.9524246245574
2019-12-27,-4540.399036995882,-2646.0942158616535,-11.202141663189579,-1347.01364209561
2019-12-30,-8129.776712123486,-4472.271914132385,-1255.3849406665431,-1977.530666055257
2019-12-31,7717.668215195569,4136.851520572455,2642.915664561144,2378.768772211395
2020-01-02,16240.821219841153,7826.475849731665,1466.8181938314353,2751.3470136420965
2020-01-03,-17070.004383120067,-7528.324388789502,-6.095673037467478,-2980.6259314456033
2020-01-06,4359.703614998876,3018.7835420393544,2369.0841367221724,1791.2415453399049
2020-01-07,-4715.215926951576,-2757.90101371497,-68.47063978965843,-401.23810615613866
2020-01-08,14706.983010253723,8646.392367322602,1766.542506573182,2507.738163475869
2020-01-09,7652.870294139657,4826.326774001196,629.9298860648555,1246.7041155565748
2020-01-10,-1130.061039139565,-2254.7704233750756,98.1178681801692,-71.64966181359614
2020-01-13,12465.427166564225,6410.256410256412,2481.2852216334422,1218.0442508311362
2020-01-14,-268.8998156115558,167.71019677996446,84.11136344520173,42.9897970881575
2020-01-15,4014.290104486785,1621.1985688729874,448.59393837440757,157.62925598991205
2020-01-16,6203.902888752307,1062.1645796064404,252.3340903356043,85.979594176315
2020-01-17,427.858347430226,85.17205141247862,23.32030361127697,-78.80926416785611
2020-01-21,-3187.6138433515453,-1028.884993521831,-51.73707219908431,-891.2126433367002
2020-01-22,493.32119004249535,419.1753677311158,698.4504746876376,118.82835244489308
2020-01-23,4060.412871888288,2019.6631354317553,788.990351036035,683.263026558138
2020-01-24,-25351.987514225377,-8269.186799786603,241.04694031298646,-4604.598657239616
2020-01-27,-23702.729873946333,-13909.000838350745,-9897.819973828548,-8080.3279662527475
2020-01-28,15273.37406233084,9221.858090084601,9076.481888799175,5525.518388687538
2020-01-29,-4949.346531590756,-2438.838503162866,863.1010385054425,-1010.0409957815955
2020-01-30,11716.031242749985,5182.531819221105,4649.608820335774,3416.315132790686
2020-01-31,-49564.27999361452,-18596.14358661689,-19557.617363691057,-11556.057275265874
2020-02-03,7215.519280813811,4001.2194192515817,5514.58902803382,3713.3860139029093
2020-02-04,14746.471098493808,15242.740644767937,5149.06871781832,9298.31857881291
2020-02-05,3804.904975948273,11279.62807712827,540.3343716229119,5347.275860020196
2020-02-06,473.1488052992645,4077.433122475417,63.56874960269488,1633.8898461172837
2020-02-07,-559.8821012308997,-6363.8442191906115,-84.80148008646071,-2198.324520230527
2020-02-10,12250.487768272551,9107.537535248845,4027.746699485345,3683.6789257916953
2020-02-11,2495.1223172745013,1333.739806417194,727.2320429626302,549.5811300576306
2020-02-12,8217.019360648355,7030.714122399209,1174.75945401656,2302.299328619808
2020-02-13,431.4873180249124,-590.6561999847581,55.94092638174061,-133.68189650050317
2020-02-14,1319.4749680695338,1886.289154790029,-29.437670350934496,698.1165706137481
2020-02-18,-6446.938168846609,-628.7630515966739,-89.20151897443685,311.9244251678447
2020-02-19,10571.492271105824,5334.959225668776,2790.7332364859694,549.5811300576333
2020-02-20,-11964.922711058263,-2229.250819297311,-853.7859673267574,0.0
2020-02-21,-23470.153222475245,-11403.74067023634,-3638.1415921891003,3.1987677271052064
2020-02-24,-37174.72118959107,-21177.86616425929,-22594.04700927666,-14128.532133033263
2020-02-25,-11531.75024656704,-17933.151908450236,-20801.320357407076,-14972.493123280832
2020-02-26,-417.2672786586627,-2546.9262438070946,-4410.676683171143,-4594.898724681141
2020-02-27,-606.9342235034928,29725.769311283206,-1735.8146946673733,18004.501125281302
2020-02-28,-2067.8061996035576,-36633.87063010257,-1689.1912910750543,-29226.056514128508
2020-03-02,14994.524471400893,3035.377852208476,10631.57062682792,4001.0002500624832
2020-03-03,-9476.876421531459,-2756.2626474077115,-5888.8625405106295,-5126.281570392595
2020-03-04,19016.93201920647,4465.843276812506,12528.653861354833,10752.688172043032
2020-03-05,-8276.472074804147,-4047.1704696113156,-3300.134376729113,-8408.35208802201
2020-03-06,-2262.3076576285166,-872.2350150024868,3567.98845577537,-3907.2268067016776
2020-03-09,-35517.737702142076,-697.7880120019108,-28874.799480559195,-1625.4063515879388
2020-03-10,15536.364406062152,104.66820180027571,14781.147353143411,0.0
2020-03-11,-22733.045466090916,-593.1198102015915,-23260.255137117107,-343.8359589897227
2020-03-12,-5503.344340022115,209.33640360055142,-11190.894507677054,-156.28907226799492
2020-03-13,-2933.7474840978393,-69.77880120021291,-2565.9456092528894,-343.8359589897518
2020-03-16,-31858.72929182594,0.0,-26158.96941547629,312.578144536099
2020-03-17,2002.5486983433293,0.0,2409.955306283384,-656.4141035258581
2020-03-18,-13926.815947569638,-244.2258042006215,-16475.330821137482,593.8984746186106
2020-03-19,-1592.936464591301,209.33640360047866,-4776.093243361713,218.80470117531513
2020-03-20,-4073.036485534647,-2463.2646727446822,-4582.767623578708,-2404.8912831266452
2020-03-23,-11722.376973073357,-7076.0521781934185,-8554.750402576485,-6030.583674348462
2020-03-24,28899.721448467957,16428.747231109977,24003.62318840577,14591.858712039631
2020-03-25,6035.283194057558,1292.1486586266446,5082.528180354264,699.9784622011694
2020-03-26,9952.414113277624,8245.139059808029,6592.190016103061,6945.940124919239
2020-03-27,-880.827694391669,-4061.0386413979795,-962.8591310177005,-3553.736808098218
2020-03-30,13233.852521511813,6645.335958651249,11607.31851268936,5815.205685978897
2020-03-31,-4411.284173837269,-492.2471080482537,-2016.52567381468,-3.637978807091713e-12
2020-04-01,-29626.402352684898,-7937.484617277871,-21198.111351564025,-6407.495153995267
2020-04-02,19115.564753294853,6214.619739109028,19820.97186700766,5384.449709239721
2020-04-03,-38429.147151726305,-123.06177701205888,-228.01495180005077,0.0
2020-04-06,0.0,8737.386167856264,0.0,6730.562136549646
2020-04-07,0.0,246.1235540241214,0.0,323.0669825543846
2020-04-08,0.0,2645.828205759295,0.0,1911.4796467801025
2020-04-09,0.0,1015.2596603494894,0.0,673.0562136549634
2020-04-13,0.0,615.3088850603017,0.0,430.75597673917946
2020-04-14,0.0,61.53088850603672,0.0,26.922248546197807
2020-04-15,0.0,-30.765444253021997,0.0,26.922248546197807
2020-04-16,0.0,30.765444253021997,0.0,-26.922248546197807
2020-04-17,-581.1161271731927,-455.18149559464746,-413.8684991410258,-413.05782782770615
2020-04-20,-17001.248679281525,-6829.524560021022,-10424.800874590033,-5645.027394985886
2020-04-21,-21515.70454327155,-9850.275807722614,-18077.46368889583,-7844.927776855391
2020-04-22,6339.448660071088,6566.850538481718,12103.701389973445,5728.0425037356745
2020-04-23,-9269.042359043306,-1882.4971543647462,-4607.215367796336,-871.6586418728202
2020-04-24,6344.215293500404,5735.049470274063,30015.196768078487,5645.027394985893
2020-04-27,11777.713681376792,6785.745556431128,7527.128228641295,5645.027394985886
2020-04-28,144.2169022209364,43.77900358988202,477.60965917774774,-83.0151087497934
2020-04-29,16657.0522065186,11207.424919008838,6610.117683020024,7429.852233106425
2020-04-30,-2067.108931833478,-5778.828473863928,0.0,-3777.187448115552
2020-05-01,-30596.04922650385,-13089.92207337361,332.5161599713088,-9671.260169350826
2020-05-04,1170.3024061417468,-1050.6960861570815,2833.3070990083406,622.6133156234437
2020-05-05,9549.667634116655,6435.513527712109,6453.643947741224,5063.921633737342
2020-05-06,-5898.324126954412,-5866.386481043699,-1042.8144183850145,-3818.6950024904545
2020-05-07,18841.86873888213,10988.529901059459,7949.000472217847,8550.556201228628
2020-05-08,6099.065508122178,11557.65694772786,791.5926693106712,7761.912668105592
2020-05-11,-2309.8791755508187,1269.5911041064755,980.989107638186,1701.8097293707488
2020-05-12,-28606.96517412936,-22502.407845197442,-17387.18625262161,-11331.562344346674
2020-05-13,-12437.810945273643,-18124.507486209604,-14004.465191800278,-10169.350821849572
2020-05-14,1021.6773276474923,11995.446983626645,9268.655706650425,14527.644031213678
2020-05-15,-7823.550728815106,-5565.530985570527,-4198.966463614467,11185.656091891056
2020-05-18,21583.069177699046,10365.7432554771,11892.11744177225,7931.941476245267
2020-05-19,-3263.099011747152,-2896.976281006715,-398.3005841741906,-2137.103402926189
2020-05-20,9626.142084654104,4526.525439072975,3015.7044230331558,3616.6365280289365
2020-05-21,116.53925041954062,-3304.363570523259,94.83347242242598,-2465.888541837914
2020-05-22,1366.2418249676814,1901.1406844106423,-31.18015189256721,1479.5331251027492
2020-05-26,15200.773218522096,4662.321202245155,7549.673624560648,3493.3421009370413
2020-05-27,9006.238467621475,2987.5067897881618,2671.9747507352413,1972.7108334703244
2020-05-28,2965.4687637290226,0.0,663.5105085718387,41.09814236396414
2020-05-29,1885.851768263929,1222.1618685497015,94.16557189313852,1027.4535590991309
2020-06-01,-205.40629364884035,181.061017562919,874.1258741258732,205.49071181982617
2020-06-02,8627.064333251177,1991.671193192109,4604.770229770232,1438.4349827387796
2020-06-03,10948.155451483033,2127.466956364293,3356.0189810189795,1438.4349827387814
2020-06-04,2259.469230137209,181.06101756291537,499.50049950050015,164.3925694558602
2020-06-05,2322.0419814470324,2172.732210755028,-5.697858388045319,1253.4933421009337
2020-06-08,13539.151431528113,497.9177982980291,5361.334940676352,246.58885418379214
2020-06-09,-6553.9841324594745,-294.22415353974793,-2046.1899625658275,-143.84349827387996
2020-06-10,-7631.942048982402,0.0,-1015.1640124357577,41.09814236396778
2020-06-11,-47645.73991031388,-9754.662321202246,-46078.92900196688,-6246.917639322701
2020-06-12,-1887.9813533673125,3530.689842476917,-6400.826147728295,2876.8699654775573
2020-06-15,9110.887281384485,4775.484338221981,7206.66616620374,2876.869965477559
2020-06-16,10850.65470195037,1878.5080572152801,5799.1141806170735,801.4137760973208
2020-06-17,4395.201904587491,475.2851711026633,2683.7324525185795,184.94164063784774
2020-06-18,4097.610108964382,0.0,1445.086705202315,20.549071181980253
2020-06-19,3856.517162999767,-388.55039223669417,379.35428855527414,-358.9283946397039
2020-06-22,13531.618435155411,6084.6990102223,9752.686589135876,5166.349113293281
2020-06-23,2858.1636298678077,770.7285412948268,2005.7412041807765,549.6116077971565
2020-06-24,-19649.874955341187,-8559.143274379352,-8151.773884881497,-6522.057745859597
2020-06-25,10159.878528045723,2920.6555249066905,8722.214043868687,2601.4949435732015
2020-06-26,-48772.775991425624,-7910.108713288989,-11578.831149713036,-6265.572328887579
2020-06-29,0.0,4827.194548109684,0.0,4983.145244027552
2020-06-30,0.0,5557.358429336375,0.0,4653.378279349266
2020-07-01,0.0,3529.125425928923,0.0,2454.9318481606288
2020-07-02,0.0,4624.3712477689505,0.0,3114.465777517222
2020-07-06,0.0,5516.793769268212,0.0,3480.8735160486594
2020-07-07,0.0,-4259.289307155601,0.0,-2308.368752748058
2020-07-08,0.0,4543.241927632642,0.0,3004.54345595779
2020-07-09,0.0,-2839.5262047704055,0.0,-1465.6309541257524
2020-07-10,-379.7679659460799,6368.651630699336,-161.17818089880475,4103.7666715521045
2020-07-13,-10015.858442534014,-3691.384066201528,-4961.75968649264,-1868.6794665103334
2020-07-14,11476.504465403563,5151.711828654879,6099.488022248911,2766.3784259123568
2020-07-15,14063.934563058172,4198.442317053385,6336.5147588648015,1465.6309541257506
2020-07-16,-5300.058425840914,263.67029044296214,316.03564882118644,36.64077385314158
2020-07-17,19106.290924745084,254.78724490925435,2257.10347980662,-125.31060913415877
2020-07-20,12130.401819560271,5067.56756756756,5446.760279579372,3821.155631740586
2020-07-21,2527.1670457417204,700.3955174686962,1227.8823751652917,249.98214413256255
2020-07-22,6949.709375789744,2307.1852340144997,2172.407279138595,1607.028069423608
2020-07-23,-12088.282368797914,-5397.165458141055,-1164.9140482337407,-3606.8852224841066
2020-07-24,-15548.796406219051,-3831.5754779169465,2150.205326792761,-2249.839297193062
2020-07-27,10359.00680056935,5149.967040210943,5812.830091459489,3928.2908363688334
2020-07-28,-6484.263798829671,-3419.5781147000707,-1722.916398299627,-2249.8392971930593
2020-07-29,15637.355685592287,6385.959129861569,5458.585598351152,4356.831654881796
2020-07-30,1858.2951130792317,-823.9947264337507,917.8152775988674,-714.2346975216005
2020-07-31,7671.364240407573,2677.982860909684,711.7219447173186,1607.0280694236126
2020-08-03,9061.916614810207,3666.776532630198,4671.740610110759,2464.109706449537
2020-08-04,4939.327940261355,1812.7883981542545,1964.606150609493,1249.9107206628123
2020-08-05,7020.068450528934,3048.7804878048773,1608.8113359321815,1892.7219484322522
2020-08-06,5250.466708151835,3707.9762689518793,464.0801930573616,1928.433683308338
2020-08-07,1532.0358685985966,205.9986816084347,115.89936795806072,214.27040925647998
2020-08-10,3582.2755237130955,1483.1905075807517,2577.7576341283784,928.505106778086
2020-08-11,-10630.013238844323,-2389.5847066578754,-3569.202878023909,-1321.3341904149675
2020-08-12,19994.548711159565,4325.972313777191,6189.451022604952,2339.118634383256
2020-08-13,1946.888871583209,638.5959129861585,1005.6087473797515,374.97321619884315
2020-08-14,-1211.9364430557316,741.5952537903759,450.9234228836236,499.9642882651242
2020-08-17,8691.603290392672,1895.1878707976248,3961.9874795555793,571.3877580172848
2020-08-18,3996.585441564488,144.19907712590793,888.2747729964467,0.0
2020-08-19,-4927.82865124942,-144.19907712590793,-394.78878799842005,-35.7117348760803
2020-08-20,6615.706968803353,473.79696769940347,1536.856353279566,160.70280694236135
2020-08-21,10332.186101907479,-45.159063111566184,407.4854181110229,-47.90305574789059
2020-08-24,12800.240945711921,5886.322735452911,3634.8949919224547,2952.403674102347
2020-08-25,5270.6874482343155,2324.535092981406,1155.924461032812,1133.2458547059555
2020-08-26,3764.776748738801,3336.832633473311,431.7308227953863,1461.2907073839901
2020-08-27,2729.4631428356297,299.94001199759623,348.1700183833782,119.28903733746847
2020-08-28,996.8570753248086,2324.5350929814085,93.19997858451174,1610.4020040558244
2020-08-31,-1304.8989635373946,-562.3875224954991,121.14033434732357,-566.6229273529752
2020-09-01,12377.89873984042,2549.4901019796,3714.9702533178984,1342.001670046524
2020-09-02,12881.216911490566,3111.8776244751043,2261.2862411500255,1491.1129667183577
2020-09-03,-44273.35769144731,-11997.600479904017,-12087.113360432873,-6829.297387570082
2020-09-04,-29919.368611644368,-5023.995200959816,-14794.70676671371,-2713.82559942741
2020-09-08,-26913.964164075238,-16871.62567486502,-14899.004770037101,-9990.456877013
2020-09-09,19546.868058640623,12485.002999400116,15782.344973794243,8946.67780031015
2020-09-10,-29061.158003850156,-13534.79304139172,-14545.668688534246,-8111.654538947869
2020-09-11,-13544.024145013753,-3111.8776244751116,-3994.515318420436,-1312.1794107121532
2020-09-14,14203.158066091486,12522.495500899826,8629.5393301681,10736.013360372177
2020-09-15,7162.624125020349,7685.9628074385155,3111.766970358014,5218.895383514255
2020-09-16,162.7869119322786,-5098.98020395921,609.521365327857,313.1337230108538
2020-09-17,-4619.078626078459,-14697.060587882426,96.24021557808373,-2833.1146367648807
2020-09-18,5370.16264131722,-10319.611879655404,1800.3552165196359,5702.174576856768
2020-09-21,-13828.238719068415,-6246.977269063357,-6987.817698348897,-4380.261446855113
2020-09-22,8046.255862849752,3869.0955989037548,7049.656793024549,3011.429744712891
2020-09-23,-29678.149765486018,-11929.711429953248,-17253.107414507453,-8178.769420299775
2020-09-24,-3598.5767426815437,564.2431081734649,1113.1037041617692,855.5198138388878
2020-09-25,21002.579961297,8866.677414154432,27931.695850313634,6399.288207514883
2020-09-28,15990.000861994653,9632.435918104147,7620.054739985069,6296.625829854216
2020-09-29,-2413.5850357727813,-2095.760116072858,-870.8633988554366,-1197.727739374439
2020-09-30,3706.5770192224845,685.1523456391969,2270.4652898731038,615.9742659639965
2020-10-01,10904.232393759161,4796.06641947445,2939.163971137097,2942.988159605776
2020-10-02,3691.6462690130456,-4594.551023698202,210.56939135705917,-2737.6634042844375
2020-10-05,16339.613790946763,10156.375947122344,9339.718381326906,6707.275340496883
2020-10-06,-10788.835900242357,-6206.674189908102,-3789.800837244703,-3148.312914927108
2020-10-07,19173.63771401767,10478.80058036434,7103.894456425217,6125.5218670864415
2020-10-08,6840.747400515982,5964.85571497662,887.9868070531556,2994.3193484361072
2020-10-09,-382.8542633106706,4010.1563759471246,-117.91081025574849,1608.377250017109
2020-10-12,20323.629606689377,2377.8816701596043,6629.849742094641,547.5326808568898
2020-10-13,-6735.831526788481,-141.06077704337076,-1261.4936084323836,17.110396276777465
2020-10-14,-8555.280272530194,141.06077704337076,-840.9957389549236,34.22079255355493
2020-10-15,-1490.3995044905573,423.18233113009774,2382.8212603722814,136.88317021422336
2020-10-16,-9196.660659089883,-3086.1654091989544,1981.4452550902893,-2385.546144954242
2020-10-19,-13767.890479153704,-4297.393613304464,-5444.225645777831,-2934.115764203781
2020-10-20,1477.9091474797806,768.6395080707307,2316.6917641607765,600.1600426780515
2020-10-21,-738.9545737398948,104.81447837326323,3156.4925286690623,33.34222459321336
2020-10-22,7467.330429371505,1851.722451261281,6226.109116182092,1633.7690050680098
2020-10-23,2506.9451268374537,279.50527566207165,4630.65932872091,333.4222459322582
2020-10-26,-18968.074311138862,-6987.631891551952,-9773.870799838069,-5534.809282475326
2020-10-27,-8937.631722738275,-1851.7224512612702,-2949.5113064600046,-1267.004534542537
2020-10-28,-19553.50870345795,-11809.097896722784,-27702.272858712626,-10669.511869831966
2020-10-29,-1912.4190149090937,1537.2790161414232,-1561.5059857729357,2233.92904774606
2020-10-30,-1460.3888504625172,-3319.1251484871973,-8781.77525673665,-2133.9023739663644
2020-11-02,3489.4540942928097,1467.4026972259235,3269.718403843587,2000.5334755934746
2020-11-03,8103.28784119107,5834.672629445879,5004.671026291207,4967.991464390505
2020-11-04,14384.305210918114,12193.417650758158,8641.398638729479,10002.667377967458
2020-11-05,2423.2320099255594,11110.334707567607,617.242759909248,8068.818351560414
2020-11-06,-106.07832187599018,-139.75263783104538,-64.49207010006165,433.4489197119201
2020-11-09,10656.468141987223,5834.6726294458795,5684.125050751116,4034.409175780207
2020-11-10,1670.8747957819687,593.9487107819168,1276.028072617596,533.4755934916011
2020-11-11,10322.29318283083,5100.971280832928,3335.073371614175,3167.5113363563614
2020-11-12,-4864.1021832763945,-4192.579134931169,-130.50287106316136,-2200.58682315284
2020-11-13,10242.644390948131,6044.30158619244,740.1335243168459,3350.893571619099
2020-11-16,15469.69583738136,4996.156802459645,6497.367080006794,2033.8757001867161
2020-11-17,-4072.9392422091005,69.87631891551791,-424.6645150331233,66.68444918644855
2020-11-18,-20588.894701442347,-1554.748095870309,-4501.443859351112,-16.671112296611682
2020-11-19,6894.103579702558,2463.1402417720637,5294.15095407961,216.72445985596096
2020-11-20,-15638.668409306194,-17.281334791411382,2572.1545321359486,-47.81757004268641
2020-11-23,15821.293969849248,5915.578963437905,6965.060516099568,4076.417619858835
2020-11-24,17489.79271356784,7861.995267536829,2925.896323361497,4319.785835969824
2020-11-25,2473.304020100506,38.165025570569924,114.18131993605857,182.52616208323525
2020-11-27,979.7071123047915,877.7955881230428,1.633922469711564,456.31540520808085
2020-11-30,-3568.6246520590958,-496.14533241737445,-9.663381206337363e-13,-60.84205402774387
2020-12-01,12918.421240453928,3587.5124036333127,4244.922472155493,1946.9457288878039
2020-12-02,6334.308757404893,1641.0960995343848,1992.7931862852147,912.6308104161635
2020-12-03,3283.1346798943723,763.3005114113439,682.4634199606908,425.8943781942053
2020-12-04,9550.230414983302,2595.2217387985656,398.75575955117074,1429.7882696519828
2020-12-07,74.98500299940653,1221.2808182581466,1645.84521279353,730.1046483329283
2020-12-08,6111.27774445111,1755.5911762460855,2358.6128246332482,836.57824288148
2020-12-09,-18296.340731853637,-2900.5419433630996,-3965.579804053704,-988.6833779508397
2020-12-10,-6523.6952609478085,228.99015342340135,1827.2769685345509,304.21027013871935
2020-12-11,-3445.28700161438,228.990153423405,5127.176045302578,91.26308104161944
2020-12-14,-5424.642388224732,-267.1551789939731,-790.263948158685,334.63129715258947
2020-12-15,16170.27157763804,5075.948400885431,5703.071492545177,1490.6303236797266
2020-12-16,3869.80858268261,1545.6835356079682,1554.1857647120805,395.47335118033516
2020-12-17,7825.996821228669,591.5578963437911,1172.224856435384,0.0
2020-12-18,3852.5326515099114,128.1520787754797,447.81623728992145,63.798084857821806
2020-12-21,0.0,-3657.5011429690994,0.0,-2541.998231653406
2020-12-22,0.0,-1894.06309189472,0.0,-607.8691423519053
2020-12-23,0.0,261.25008164065457,0.0,856.5428824049491
2020-12-24,0.0,2710.4695970217435,0.0,2127.54199823166
2020-12-28,0.0,6694.53334204167,0.0,3895.88859416446
2020-12-29,0.0,-1338.9066684083327,0.0,-773.6516357206083
2020-12-30,0.0,-228.59382143557013,0.0,165.7824933687025
2020-12-31,0.0,4735.157729736793,0.0,2182.8028293545517
2021-01-04,0.0,-10907.19090849716,0.0,-5774.756852343055
2021-01-05,0.0,5257.657893018091,0.0,3536.693191865602
2021-01-06,0.0,6172.03317876037,0.0,2956.454465075157
2021-01-07,0.0,9600.94050029391,0.0,4890.583554376654
2021-01-08,-245.22457408363618,2677.8133368166673,-112.49144086862977,1008.5101679929267
2021-01-11,-9905.78213732576,-2253.281954150614,-2934.5593270077275,-455.90185676392684
2021-01-12,-2581.311306143525,1943.0474822023425,1418.3703413870678,1036.1405835543756
2021-01-13,4743.159525038725,3559.5323623538607,4022.7917441064274,911.8037135278537
2021-01-14,-8292.462570986063,195.93756123049025,-611.3665264599435,110.52166224579923
2021-01-15,-20640.5484078648,1372.6849899486458,-4808.997006614401,0.08953337371951875
2021-01-19,14087.49823021379,5310.266515262855,6143.469622503396,3651.962205089559
2021-01-20,14388.361885884187,5944.826664885447,3712.224197427583,3796.8813402121714
2021-01-21,2725.470763131805,400.77483134059366,365.9939349576507,231.87061619615997
2021-01-22,739.043373746356,-901.743370516333,-22.008767613885865,-492.7250594168472
2021-01-25,4696.366838431932,1436.1098123037882,1641.2718632110132,840.5309837110872
2021-01-26,1402.387319809537,166.98951305857918,1028.8569888785448,28.983827024520906
2021-01-27,-37897.0712934577,-15162.647785719058,-23467.73798442016,-11912.35290707785
2021-01-28,5185.5717174352685,7982.098724200117,14452.991034246235,6492.377253492554
2021-01-29,-24401.52757864514,-9151.025315610186,-33032.246424737474,-6608.312561590637
2021-02-01,9744.450180691794,5944.826664885452,7986.561358010142,5535.910961683388
2021-02-02,11954.69798657718,9518.40224433906,6115.171519509608,6434.409599443505
2021-02-03,2226.3810015487834,1502.9056175272199,766.2383590710833,1391.223697176977
2021-02-04,1419.721218378938,4308.329436911363,250.50100200400811,2434.641470059705
2021-02-05,-85.7722437311856,2605.0364037138497,-56.25990923718585,1594.110486348618
2021-02-08,9562.039031394823,2137.4657671498207,2429.034101733663,1130.3692539562926
2021-02-09,1158.5405652372574,267.1832208937303,381.0249571346917,217.3787026839018
2021-02-10,293.7145094967691,0.0,488.1882263288244,57.96765404904181
2021-02-11,3361.3993864630247,1068.7328835749104,1071.6326919413227,492.7250594168454
2021-02-12,10661.100065192219,2655.1332576314235,403.18633739796024,1173.8449944930726
2021-02-16,-3083.92000498411,484.2695878698796,94.44654325651732,188.39487565938362
2021-02-17,93.45212136315376,484.2695878698869,1735.4552323384964,86.95148107355999
2021-02-18,-8800.074761697091,83.49475652928959,-389.5919909331319,28.983827024519996
2021-02-19,-5802.237909561135,36.07847510894911,2836.9468595203084,-45.801031160916494
2021-02-22,-9669.072586136457,-4133.845452769998,-2339.938265458527,-2234.9600336558647
2021-02-23,-408.55236279450037,-65.09992839008464,672.1099273125549,52.58729490954647
2021-02-24,22266.10377230015,8072.39112036977,7218.958478542268,4811.7374842238105
2021-02-25,-42863.95206318943,-13866.284747086782,-16354.674897938861,-10017.879680269245
2021-02-26,-19549.65470296817,-5468.393984766619,-8363.37560371591,-2839.713925115687
2021-03-01,21049.37847675298,15200.833279083394,12123.087308730874,11279.974758098437
2021-03-02,-3880.2280063182516,-5468.393984766605,-829.770477047703,-3207.8249894825412
2021-03-03,-14765.469404573863,-11197.18768309355,-5442.731773177318,-7546.276819520404
2021-03-04,-18027.60799395646,-8137.491048759854,-4767.664266426645,-5469.078670593179
2021-03-05,38420.65865000097,11913.286895384424,13601.922547411175,8939.840134623466
2021-03-08,-3593.5645522880113,-3580.4960614543397,-263.35194353734147,-1814.2616743794642
2021-03-09,11242.252406699197,8593.1905474904,5885.915938059622,5653.134202776606
2021-03-10,11522.484504813403,7942.191263589611,4239.966290951226,5521.665965502738
2021-03-11,6395.885533430046,7323.741943883857,921.731802380702,3681.1106436684886
2021-03-12,538.3354413720804,2766.7469565783476,-19.32476960392995,1998.317206562896
2021-03-15,8605.163097858716,6379.792982227718,3229.0878122634385,2274.4005048380295
2021-03-16,1267.427122940433,1236.8986394114945,768.8304314912939,604.7538914598263
2021-03-17,4819.558401707691,3547.9460972592933,1667.770628311886,1078.0395456457682
2021-03-18,-25065.039023414058,-12580.561161382719,-3583.9326267978813,-1222.6546066470328
2021-03-19,-7951.92508184621,-1531.50848851756,4664.069218484666,1520.86800815933
2021-03-22,13571.721591686035,6606.375473029301,4941.252613760827,4215.0469222204565
2021-03-23,-10460.823191576645,-4842.537361298178,-1705.1677785522252,-2624.4631779863166
2021-03-24,-11212.908519075623,-4265.281252004365,-1207.308573135517,-2226.817241927789
2021-03-25,12751.26487077807,4361.490603553326,4094.891964552424,2995.599384974281
2021-03-26,24271.844660194172,10101.981912641917,1244.6480135417705,4533.163671067285
2021-03-29,0.0,0.0,0.0,-106.03891628227484
2021-03-30,0.0,-1154.512218587648,0.0,-291.6070197762565
2021-03-31,0.0,2180.7453017766693,0.0,1139.9183500344598
2021-04-01,0.0,6862.933743826567,0.0,3101.638301256561
2021-04-05,0.0,3655.9553588608796,0.0,1577.3288796988509
2021-04-06,0.0,192.41870309794103,0.0,159.0583744234118
2021-04-07,0.0,1170.547110512478,0.0,450.66539419967376
2021-04-08,0.0,1026.2330831890176,0.0,424.1556651291012
2021-04-09,-253.0633990410199,849.8492720159047,-76.62922890408785,265.0972907056894
2021-04-12,4278.769312733078,352.76762234622583,1727.0169499279457,145.80350988812825
2021-04-13,7159.030367607886,96.2093515489687,1669.8309582084767,0.0
2021-04-14,-4711.640916355885,0.0,-22.874396687786884,13.254864535285378
2021-04-15,19962.04049014385,48.10467577448435,1395.338197955029,26.509729070568937
2021-04-16,6587.264513330409,-142.1517024926193,143.9493929028408,-127.61855063879631
2021-04-19,-6476.440773418435,-2152.080344332848,-1108.0452777717421,-1559.6699537130198
2021-04-20,-18115.261873474745,-6081.966190505898,-5583.679144849761,-3974.642785268662
2021-04-21,17082.785808147175,6269.1036117522235,8397.245095270166,4125.578587240892
2021-04-22,-16895.062887178527,-5146.279084274218,-3356.7254003085145,-3421.2115113704995
2021-04-23,24187.72323576421,7142.411577568462,5949.268510534035,4553.230026162208
2021-04-26,3602.260729147252,1933.7533528788026,2183.4545132115627,1308.1102837593014
2021-04-27,1397.428731134717,686.170544569892,831.2644085830825,477.9633729120595
2021-04-28,1040.308055400279,280.7061318695096,1296.772477389608,402.4954719259433
2021-04-29,11350.226693994166,3929.885846173033,1008.6008157474726,1660.293821694501
2021-04-30,-13697.191744896754,-3430.8527228494786,98.40980890077701,-1559.6699537130216
2021-05-03,1276.523317825935,623.791404154455,1797.7725160045593,1031.3946468102258
2021-05-04,-10978.100533303077,-5801.260058636394,-2663.772691397001,-3069.0279734352985
2021-05-05,1886.4177918983332,1341.1515189320635,2093.747259493116,981.0827128194805
2021-05-06,16424.600022693754,8046.909113592417,3255.7221783741115,4201.046488227007
2021-05-07,12322.557709736293,7017.653296737577,325.7973112251981,2993.560072449185
2021-05-10,-17602.63471693828,-10167.79988771755,-6083.27978941696,-4301.670356208493
2021-05-11,-14763.500085174037,-10666.8330110411,-8746.65782328435,-5383.376937009461
2021-05-12,-14735.10873885638,-19368.723098995702,-21286.29759363277,-13005.63493660696
2021-05-13,-425.870194764655,8015.71954338469,8560.1177275271,8125.37733950493
2021-05-14,14029.782771491155,20210.84149460421,24839.655326842327,11949.08432280137
2021-05-17,-5077.161379152083,-5801.260058636399,-402.21666070790076,-704.3670758703984
2021-05-18,-15432.275830417075,-16998.315763208782,-4670.182338219521,-6213.5238478567135
2021-05-19,-8691.411852446789,-9388.06063252448,-1720.5934930282456,-2691.6884685047266
2021-05-20,18114.27915782227,19134.80132243778,10725.77761887737,13785.469913463476
2021-05-21,-1124.730362441382,-1663.2747843478985,1929.6205953570307,3182.765237403581
2021-05-24,11488.892657283366,5762.770763349934,5046.162201303406,3494.782437487691
2021-05-25,-2798.032898083773,-1969.1879995366653,-260.2280955829119,-910.612325260875
2021-05-26,4861.228873438471,1737.5188231205884,1176.6835626357715,1279.77948415042
2021-05-27,5087.3325419704925,2461.4849994208207,565.7132512671978,1353.612915928335
2021-05-28,2026.7896651600909,-28.95864705200529,51.24451797950762,393.7783028155145
2021-06-01,-2541.481654592191,-926.676705664313,406.73554055153375,-246.11143925969918
2021-06-02,2950.4557139518556,1418.9737055484775,1321.8905067924832,812.1677495569993
2021-06-03,-8179.481187193268,-2895.864705200972,-630.440087854877,-1255.1683402244525
2021-06-04,22230.334578525893,6718.406116066256,1789.5495328421673,3051.7818468202404
2021-06-07,-15.159784124677515,1100.4285879763702,1221.9435333461956,836.7788934829705
2021-06-08,75.79892062337034,-144.79323526004737,64.31281754453721,-319.9448710376073
2021-06-09,-1758.534958462195,-550.2142939881833,-203.6572555576995,-196.88915140775862
2021-06-10,8398.520405069436,4401.714351905475,2304.542628679229,1772.0023626698185
2021-06-11,5078.3934520546445,1766.4774701725946,189.37779351785633,602.9730261862569
2021-06-14,3484.8223028627367,564.6936175141891,449.0987404821685,295.3337271116361
2021-06-15,-2966.4189850814996,-564.6936175141891,-489.92589870782047,-159.97243551880274
2021-06-16,-9360.059904383394,-2345.6504112127895,-1929.0832261620412,-430.6950187044695
2021-06-17,-2736.0175105120597,3257.8477933510967,2541.490599546817,738.3343177790903
2021-06-18,-22821.990245028508,-1926.902310202601,-4771.849042159826,367.1149147708918
2021-06-21,18527.949194176505,9771.09460611226,6942.499766638664,5993.375742600286
2021-06-22,3729.5548499191173,2526.4824059418024,1015.1218146177534,1682.3510856421844
2021-06-23,1018.5129710622496,-91.31864117862642,326.7058713712313,26.286735713159942
2021-06-24,1617.6382481576875,2648.2405941799643,116.6806683468676,1340.623521371118
2021-06-25,-203.6324533809634,2069.8892000487012,-26.214030037344315,1209.1898428053173
2021-06-28,3708.2291429870465,760.9886764884941,1133.786848072563,289.15409284475027
2021-06-29,2528.9838599681766,517.472300012174,536.5241334629086,236.58062141843402
2021-06-30,3353.0347806319596,487.03275295263666,577.0165208940718,289.15409284475027
2021-07-01,7317.003864514667,669.670035309875,263.200518302559,368.0142999842283
2021-07-02,7278.61818049644,1735.0541823937674,135.37741065242022,867.4622785342508
2021-07-06,-4929.2820328419,-395.7141117740139,-630.7948014498268,-170.86378213553326
2021-07-07,10203.16432937792,867.5270911968801,2072.6114904780025,394.3010356973864
2021-07-08,-22863.478365096482,-2693.8999147692703,-3093.89831187296,-1169.7597392355801
2021-07-09,30657.426443076518,3302.6908559600633,3720.7747539530806,1472.0571999369113
2021-07-12,6782.618484746143,700.1095823694159,1692.7459642459028,262.8673571315903
2021-07-13,-6276.032871777548,0.0,-805.0864951901241,-13.143367856579061
2021-07-14,3320.9501294607626,273.9559235358611,1692.7459642459025,105.14694285263613
2021-07-15,-10596.082404593044,45.659320589304116,-278.6837867965819,65.71683928289895
2021-07-16,-16521.117447560977,-63.15719896344882,1334.4700857810703,-120.69413267873159
2021-07-19,-21205.553277488143,-7900.930180432596,-8694.325808419771,-4770.854416654614
2021-07-20,22582.15687423116,9105.681945534023,11200.209186786371,5782.8538383692285
2021-07-21,13678.167652744423,4370.727333856325,3649.8736163165695,2505.903329960003
2021-07-22,6487.6105676293155,1372.8566625574376,457.59609517998797,650.5710568165377
2021-07-23,4644.437215260709,4034.5175389443048,87.70840406786107,2289.046311021156
2021-07-26,5718.815469112738,1260.7867309200956,1638.5962001161538,674.6662811430779
2021-07-27,-11975.5393239341,-3222.010534573579,-3017.920849581018,-1831.2370488169236
2021-07-28,1627.8806409603121,1120.6993163734205,2706.7949887994696,771.0471784492311
2021-07-29,7488.250948417418,1821.136389106805,2157.1393014187342,1156.5707676738466
2021-07-30,-9508.302097187037,-784.4895214613935,417.8379319683203,-433.71403787769214
2021-08-02,-4685.1165831335775,-1232.7692480107617,-581.5523293247757,-530.0949351838472
2021-08-03,10146.546088472433,3502.185363666931,3229.692400357239,1951.7131704496196
2021-08-04,-4807.692307692308,-1092.6818334640848,145.3880823311947,-192.76179461231186
2021-08-05,11045.434735236435,2857.7832567522164,1069.6408914366416,1325.2373379596165
2021-08-06,6868.212340308233,1905.1888378348085,152.72519663802115,1180.6659920003858
2021-08-09,-1545.5950540958252,448.2797265493682,458.473964531674,265.04746759192494
2021-08-10,827.9973504084786,420.26224364003065,409.70013851766595,180.71418244903725
2021-08-11,6375.579598145288,1723.0751989241253,1258.3647111614023,795.1424027757694
2021-08-12,7479.576065356588,1260.7867309200992,429.2096689232699,409.61881355115474
2021-08-13,4642.542937263331,924.5769360080667,128.41681664099355,301.1903040817306
2021-08-16,5499.2921703147085,294.18357054802254,539.2773683264426,72.28567297961672
2021-08-17,-15599.477295001629,-1498.935335649443,-3035.9318513192325,-301.1903040817324
2021-08-18,-16470.652292279214,-4833.015801860363,-7639.762717957938,-1072.2374825309598
2021-08-19,-1470.107807905919,4468.788524039004,3904.7676114007236,1325.2373379596138
2021-08-20,14048.298626939222,2534.7213924798652,8132.309461906391,164.45441261671553
2021-08-23,14850.668280072605,7534.208631100772,4059.0249883725846,3740.648379052371
2021-08-24,1911.3360101204562,443.18874300593416,391.10397023381574,178.1261132882055
2021-08-25,3740.1683075738365,1855.8528613373155,380.53359265993095,890.6305664410424
2021-08-26,-6779.055057477586,-3794.8036119882554,-158.5556636083038,-1870.3241895261845
2021-08-27,10560.684231379564,5678.355769763451,326.888553414349,3050.409690060562
2021-08-30,9185.367682502278,2576.034568721954,1637.5854085493254,1024.2251514071968
2021-08-31,1.8189894035458565e-12,193.8950750650929,9.411410393961432,89.06305664410411
2021-09-01,0.0,-138.4964821893518,555.2732132437368,133.5945849661557
2021-09-02,5248.781532858442,1329.5662290177843,319.987953394696,356.2522265764146
2021-09-03,691.2631875846027,637.0838180710198,194.82439128906256,512.1125757035988
2021-09-07,-8585.803346822706,-1828.1535648994522,-982.6210935994761,-556.6441040256504
2021-09-08,-3035.1088264245936,55.398592875744725,597.2794882663484,222.65764161026073
2021-09-09,-11046.702395275068,-3517.8106476095527,-1310.1614581326348,-1046.4909155682217
2021-09-10,-19594.447341897656,-4708.8803944379815,-8187.779440061884,-1736.7296045600287
2021-09-13,2120.9456313693004,2853.027533100658,2235.4694485842037,2115.247595297471
2021-09-14,-9466.659769282498,-6814.026923716137,-1138.4335154826967,-656.8400427502684
2021-09-15,13540.42729294915,12340.036563071299,3891.372743831759,3117.206982543643
2021-09-16,-3375.4073767523646,-346.24120547338134,507.120384169566,322.8535803348768
2021-09-17,-3988.717648972036,-1032.908566014834,408.4333507876023,198.25165202887672
2021-09-20,-22991.16168909942,-10375.786248051178,-11284.647730198232,-6774.873120750752
2021-09-21,-5718.907053318697,-2204.1825708295146,-1308.6758774564478,-718.1844297615489
2021-09-22,13199.699612962866,6988.871566044816,12486.05509310907,5146.988413291193
2021-09-23,26110.565536364164,8467.286705015871,7583.883978374667,5194.867375275302
2021-09-24,4901.7543662917005,1505.2954142250328,474.1831268065209,1149.0950876185016
2021-09-27,-6041.079339508659,-2177.302295575505,-121.47716229348912,-718.1844297615626
2021-09-28,-27414.99338357977,-15348.637170044627,-16966.31033365727,-9863.06616872546
2021-09-29,-1697.2556239571932,1451.5348637170136,2287.8198898607043,1364.5504165469674
2021-09-30,-13347.908635866756,-12257.405515832488,-18201.328150307734,-6966.388968687157
2021-10-01,-1544.2915656292478,7015.751841298861,13254.101925237419,5625.778033132241
2021-10-04,-15583.129441920079,-12875.651846674922,-6387.525004546283,-8833.668486067229
2021-10-05,12379.12151928231,6666.308262996619,8308.328787052193,6798.812601742795
2021-10-06,6495.397879529299,4220.203214880923,3171.0310965630115,2633.342909125736
2021-10-07,14825.818478387517,9246.814687382397,3750.6819421713026,6320.022981901751
2021-10-08,6223.923680829752,-4730.928444707275,277.1840791552283,-694.2449487695137
2021-10-11,-10698.959496796193,-11639.15918499005,-3341.759136283793,-5506.08062817198
2021-10-12,-8670.860031744154,-7633.998172141277,-1435.242705968038,-3973.9538446806464
2021-10-13,6407.618599729582,2688.0275254018525,6201.53378175742,7457.148329024229
2021-10-14,34154.370701310916,34232.03053599269,6308.641446381904,14076.41482332663
2021-10-15,5472.422054696212,17866.93138301584,172.3008348176009,574.0195366176395
2021-10-18,4884.790104537241,2126.3325017010625,1596.7426450041914,1153.1582415513556
2021-10-19,12355.645558535389,5301.6557042413315,1696.5390603169537,2376.918008095644
2021-10-20,3188.1123091237496,1247.4484009979533,439.10422737615227,635.4137249364562
2021-10-21,2668.162662142189,2097.9814016783876,169.65390603169544,941.3536665725296
2021-10-22,758.1923075699606,-765.4797006123845,-24.443123605839773,-447.1429916219522
2021-10-25,9871.59820464746,2636.6523021093217,2108.496956513443,1364.962816530171
2021-10-26,2528.2654394636666,311.8621002494947,248.0584654721697,23.533841664312604
2021-10-27,-6590.53462871428,-1984.577001587666,-95.40710210468023,-1059.0228748940963
2021-10-28,15524.686097380834,3402.132002721706,1116.2630946247632,1670.902758166244
2021-10-29,5391.171429999104,1275.7995010206396,47.63488372504762,588.3460416078324
2021-11-01,1068.4874387574257,453.6176003628916,1176.4232710599879,423.6091499576378
2021-11-02,5746.377566975922,1332.501701066003,1307.1369678444305,706.0152499293981
2021-11-03,10254.873345147498,2296.439101837157,1548.4545619080181,1200.2259248799764
2021-11-04,4977.587824455335,1048.9907008391856,221.20779455828824,494.21067495058014
2021-11-05,916.2334193603275,283.51100022681567,45.409407300712395,94.13536665725042
2021-11-08,3538.900471853398,652.0753005216575,1586.472420531275,282.40609997176216
2021-11-09,-7791.067705475696,-481.9687003855761,-1325.2848878828331,-94.13536665725223
2021-11-10,-16158.235487764738,-1219.0973009752815,-3501.8476599531787,-341.2407041325441
2021-11-11,-960.1667946888956,1247.4484009979642,3366.4170874688016,611.8798832721459
2021-11-12,17207.75604602654,1998.7525515989983,4061.6283786962326,447.1429916219531
2021-11-15,-119.77004152028181,396.9154003175354,1047.1802292372713,164.73689165019277
2021-11-16,7013.201320132015,14.17555001133951,1199.4973534899661,-47.06768332862703
2021-11-17,-4684.339401682106,99.22885007938385,237.99550664483468,47.06768332862703
2021-11-18,7452.3581390397085,14.17555001133951,647.3477780739504,23.533841664313513
2021-11-19,-1750.5056957307181,-48.307925809264646,155.55332622642612,-50.43383664200233
2021-11-22,-5269.88182689237,-1987.3437581716491,-492.07941404697436,-1087.3656476098872
2021-11-23,-2182.476312147345,-810.6270592542292,378.5226261899806,-460.03931245033573
2021-11-24,9767.912275098479,3634.7471366560408,2744.2890398773584,2028.355150349215
2021-11-26,-54416.696119573666,-15245.018565974591,-20225.242203257552,-9409.895027393257
2021-11-29,14039.44794035218,8341.613932325723,10098.795069479715,5164.986826146965
2021-11-30,-17608.799111628152,-12133.256628837396,-6797.931766769774,-7276.985487850782
2021-12-01,-19327.37560150177,-8943.046911772391,-10756.659434005818,-7088.787587302904
2021-12-02,14145.206493575166,7295.643533287992,14611.513780527219,6126.88720672493
2021-12-03,-21183.62326230663,-7086.449453480465,1428.3542381160235,-3826.6906444732504
2021-12-06,10817.926850208925,6406.568694105958,7402.058133237045,5583.204382919992
2021-12-07,14209.261061187111,19298.1538622457,5427.423722693628,11208.230521517295
2021-12-08,2117.7952034800546,339.9403796872541,530.3303845459468,1547.4049600602234
2021-12-09,-243.26025985919478,-7269.494273312063,-56.41812601552556,-3429.383965538873
2021-12-10,684.6884165761142,11584.122169342601,74.50233457010813,6168.70896240224
2021-12-13,-13592.031541813649,-12316.301448668999,-4792.268206608918,-4223.997323407636
2021-12-14,-12710.105831085286,-12499.346268500603,-6055.502085338467,-5625.026138597298
2021-12-15,25264.577713218507,25495.528476544114,13504.571703561116,12598.803897787628
2021-12-16,-15252.126997302345,-13989.854087129332,-2777.1094000641647,-2007.4442725105591
2021-12-17,-22432.03984229092,-21166.33194258537,-5109.0792428617115,-1131.8378865319041
2021-12-20,0.0,-5095.608321075865,0.0,-3440.6957851476614
2021-12-21,0.0,7538.348392519456,0.0,5208.831119181882
2021-12-22,0.0,5699.726833368351,0.0,3870.7827582911195
2021-12-23,0.0,2941.794494641732,0.0,1959.2850998757513
2021-12-27,0.0,4911.746165160745,0.0,2843.352766892861
2021-12-28,0.0,656.6505568396733,0.0,477.8744146038425
2021-12-29,0.0,315.1922672830442,0.0,358.40581095288144
2021-12-30,0.0,-472.78840092456267,0.0,-191.14976584153737
2021-12-31,-162.48468382078346,-315.1922672830442,-64.40202241574887,-23.89372073019149
2022-01-03,7551.542272654629,1812.355536877496,2335.7748428398418,1051.3237121284528
2022-01-04,-39.955250119863194,0.0,57.67345290962521,23.89372073018967
2022-01-05,-33668.95743434021,-7538.34839251944,-9112.405559720863,-3894.676479021313
2022-01-06,-6206.382185285809,-604.1185122924962,230.69381163850358,-238.93720730192035
2022-01-07,-15845.967680517258,-1891.1536036982561,-5697.663973050802,-286.72464876230515
2022-01-10,-2310.739436619716,-682.9165791132591,-202.7492802400537,9.094947017729282e-13
2022-01-11,13644.366197183102,6146.249212019332,4379.38445318519,2915.033929083437
2022-01-12,5749.339788732395,2416.474049169994,1784.1936661124855,1517.2512663671987
2022-01-13,-24689.150528169022,-9902.290397142262,-2635.7406431207173,-4432.285195450636
2022-01-14,1359.5236180435618,2206.345870981304,3423.446180338748,2174.328586447481
2022-01-18,-27253.7264176888,-21774.53246480353,-12494.358048500266,-9103.507598203194
2022-01-19,-15318.189318519315,-17493.170834208882,-11448.032497640637,-7837.140399503008
2022-01-20,-6490.292063142864,-15024.164740491691,-16187.271757416605,-17800.82194399312
2022-01-21,-2435.500410673988,-5096.727652452604,-10455.033558337629,-26007.504197632858
2022-01-24,6441.797229056074,3849.342650716571,2112.038620134768,2334.1918866709484
2022-01-25,-13660.494626440504,-6780.765130877645,-7668.711656441719,-4722.043356943548
2022-01-26,-2751.5214294963007,-532.9859054838453,578.2962888464263,-348.7872934105908
2022-01-27,-8319.305969182966,-1154.8027952149723,1181.7358945992137,-429.2766688130637
2022-01-28,51056.95571559196,9623.356626791427,19687.16911769408,7244.04378622022
2022-01-31,14903.393025447693,8823.877768565684,9277.126317351936,6412.320240394934
2022-02-01,9969.957587181905,6070.117256899204,4069.566077878382,4104.958145524792
2022-02-02,942.5070688030137,177.66196849461267,457.6715649893631,268.29791800815474
2022-02-03,-1855.5607917059351,-4559.990524695017,235.02053337291545,-2709.8089718823776
2022-02-04,5679.956840154472,-1036.3614828852296,305.40477863801925,-241.4681262073409
2022-02-07,-1216.1841480778298,829.089186308187,1616.8701038440522,1314.6597982399671
2022-02-08,10204.081632653055,5152.197086343716,5271.90745126617,2843.957930886454
2022-02-09,14579.37826293308,5655.572663745112,3916.9247586081246,2723.223867782788
2022-02-10,-20422.99477930707,-8942.319080895419,-3062.9440699580973,-4306.18158403091
2022-02-11,-47446.57810726156,-12021.793201468676,-12363.524149748633,-6653.788366602271
2022-02-14,-3134.5043758922466,-1628.568044533938,309.8779557589603,778.0639622236504
2022-02-15,15207.001427596053,13828.023214497229,8533.562166285281,7887.958789439795
2022-02-16,5415.554590031659,5329.859054838329,3206.0450038138843,2763.468555484009
2022-02-17,-31453.66519769103,-24043.58640293735,-8152.17391304348,-5218.3945052586405
2022-02-18,-24975.45302647922,-19152.5776013715,-2510.201490582548,6518.876924806074
2022-02-22,-8962.29242851148,-4192.999513855132,-2296.7499753037614,-2529.825308904993
2022-02-23,-27246.567951561643,-11090.17987360235,-18003.55625802628,-8201.959948870895
2022-02-24,5485.282656915038,4679.144385026748,11409.661167638053,4633.574776310186
2022-02-25,51293.36199337148,14007.049100631995,23054.764932754442,9613.336173838943
2022-02-28,-2069.4619398956283,-881.1375789985345,-758.2372133633576,-745.632722624623
2022-03-01,-14096.334952912239,-6441.419543023843,-7835.117871421344,-4793.353216872603
2022-03-02,15745.906064423247,7504.861448711721,12016.910987546524,5485.726459309752
2022-03-03,-4708.775718313238,-1245.7462323772381,1815.173935021368,-612.4840221559425
2022-03-04,-24040.3375923434,-5803.354399611091,1930.5047667117217,-4074.350234341716
2022-03-07,-26715.92574499267,-19020.418084589215,-17271.633410207563,-13820.83510864934
2022-03-08,-10319.980459208607,-7292.173067574138,-8723.553594705696,-5379.207498934802
2022-03-09,23113.092330239386,17106.22265435101,23864.433971723647,14646.357051555175
2022-03-10,-10900.097703957015,-5256.44141954302,1178.181088940139,-1784.1925862803664
2022-03-11,-25114.182114891835,-12396.694214876035,-22678.531526310453,-9879.6335747763
2022-03-14,-4701.381233383045,-6046.426835196882,-2142.359809329981,-5006.391137622508
2022-03-15,15628.039686142276,11971.31745260087,10256.547587167264,13474.64848743077
2022-03-16,18756.889955255814,26282.207097715116,7980.290289754166,19892.415850021305
2022-03-17,4344.724726022956,16893.534273213416,776.6054308821167,7296.548785683854
2022-03-18,238.34914325188117,10280.804448162899,96.30891317720369,1099.3050911542696
2022-03-21,-580.6863712908618,-171.90991920233233,1622.871370770533,126.00171362329812
2022-03-22,14139.713140932587,6303.363704085723,5113.156373660574,3855.652436873146
2022-03-23,-17072.179315951453,-7220.216606498194,-3434.707216219821,-4359.659291366367
2022-03-24,25071.13408048313,8538.192653716118,6502.601040416168,5266.871629454162
2022-03-25,6681.414050417091,2922.4686264397487,233.3674620758677,1864.8253616249176
2022-03-28,10351.13805329978,4756.17443126469,4866.758954836478,2973.640441510006
2022-03-29,10050.89786114606,4125.838060856111,2584.7897560131514,2293.231187944155
2022-03-30,-743.4519043806504,-1518.5376196206562,432.6007959854651,-579.6078826672037
2022-03-31,-15583.89568797895,-5930.892212480663,-594.826094480014,-2394.0325588427986
2022-04-01,942.9612404325017,487.0781044066298,1130.3599510421225,1083.6147371604238
2022-04-04,14921.664912896054,7334.823219299751,4712.172592423075,3263.4443828436088
2022-04-05,-17318.484742195717,-7936.507936507938,-4275.2824182911345,-3288.6447255682688
2022-04-06,-20372.968549047117,-8538.192653716123,-6522.14617096969,-3628.8493523511906
2022-04-07,8111.189056471414,5243.252535671312,7323.1114902115805,2772.037699712716
2022-04-08,-8850.111072138503,-1833.7058048249364,4779.162419123256,478.80651176855827
2022-04-11,0.0,-22205.031230301996,0.0,-10659.744972531626
2022-04-12,0.0,-8452.23769411495,0.0,113.40154226097195
2022-04-13,0.0,16489.026416824257,0.0,12839.574618214809
2022-04-14,0.0,-29299.285861319575,0.0,-7656.165663627658
2022-04-18,0.0,1557.259223766168,0.0,1396.931829726702
2022-04-19,0.0,3413.9913751796767,0.0,2514.4772935080755
2022-04-20,0.0,3443.9386679444206,0.0,2616.072335670025
2022-04-21,0.0,-8385.241974125533,0.0,-5892.512445392662
2022-04-22,-233.53726728504967,-14554.384283660764,-158.598096822838,-10997.663314030278
2022-04-25,7861.324912834685,4012.9372304743756,5979.92824086111,3581.2252362084564
2022-04-26,-34964.80494704296,-18327.743172017224,-22905.72513129842,-14299.50218429338
2022-04-27,14538.517202815612,6558.457115476718,14559.825282096612,6146.500050797504
2022-04-28,16610.749292809673,5150.934355534271,12635.848369819561,4673.371939449355
2022-04-29,-54826.43453153087,-15392.908481073318,-32191.038809575002,-13639.134410240771
2022-05-02,729.1528569534726,-419.26209870625826,1328.6564625850342,-457.1776897287564
2022-05-03,6363.515842502986,1227.8390033540745,4889.4557823129235,2057.299603779342
2022-05-04,21775.155773564904,14704.12074748443,9393.601190476194,13461.343086457387
2022-05-05,-25056.343629855506,-16980.114997604207,-6576.849489795921,-16128.212943208388
2022-05-06,-21498.607575712093,-7127.455678006714,7485.395895480944,-7594.229401605193
2022-05-09,-21499.027507641033,-5510.301868711067,-15941.949315595619,-9829.320329167953
2022-05-10,-3646.846346207283,-1167.944417824583,-1126.930899895553,-1244.5392664837855
2022-05-11,-14483.189774937477,-1736.9429803545936,-12286.295420812494,-2819.262419993909
2022-05-12,-6772.71464295638,239.57834211785666,-9180.363916222308,-3124.047546479691
2022-05-13,-3448.1630316202286,-4.3655745685100555e-11,26701.4270849832,1955.7045616173564
2022-05-16,-1958.5499608289956,-539.0512697651866,1146.7889908256866,-1549.3243929695964
2022-05-17,21365.99957268001,269.5256348825933,11425.934213470575,1066.7479427003636
2022-05-18,-50316.92899366142,-179.68375658836885,-28431.975833519806,-1600.1219140505782
2022-05-19,-9828.359803432799,119.7891710589538,-5286.4175430745145,50.79752108095272
2022-05-20,-9316.341100693026,-520.7599007497204,-4213.20333076735,-440.5311502528836
2022-05-23,16814.22247608167,8228.638601131439,10428.213056414445,6262.984235610403
2022-05-24,-3926.8884763672704,-3453.089412974812,-1006.359022227407,-2444.0914090186884
2022-05-25,8282.164786520067,2644.919550363672,4608.832623534216,2321.886838567761
2022-05-26,13404.969298871914,8228.638601131443,3019.0770666822227,6018.575094708541
2022-05-27,1189.6101533316983,8963.338476232455,109.027075538529,5529.756812904803
2022-05-31,-10022.718161165305,-1285.724781426783,-3175.233181186745,-549.9205670292104
2022-06-01,-12127.488975010021,-1653.0747189772992,-4266.719587219686,-672.1251374801377
2022-06-02,29266.3370306027,5914.333994563214,16198.650525897996,3452.2791152389054
2022-06-03,-34522.544334242244,-2644.919550363673,183.87265307798782,-1130.3922766711476
2022-06-06,1267.0045345425435,844.9048563661745,1490.1181637561422,794.3297079310796
2022-06-07,11403.040810882898,3673.4993755051037,6143.469622503397,1909.4464132958565
2022-06-08,-10602.8274206455,-1248.9897876717296,-1660.0439192721933,-290.2358548209668
2022-06-09,-37143.23819685247,-10396.003232679454,-21057.722472027606,-5346.449957228402
2022-06-10,-15002.961945454259,-16824.627139813372,-34982.577465575465,-10570.695344005868
2022-06-13,-30274.680038919243,-29865.549922856506,-22923.04204918963,-24318.709519736036
2022-06-14,-6848.289798667767,-6942.9138197046595,-6290.377422645339,-6599.046804350481
2022-06-15,4490.681835192001,5106.164131952086,8528.845064037167,9654.161065623854
2022-06-16,-17738.193249008327,-19689.956652707362,-24339.793720956604,-28229.255774165948
2022-06-17,352.65624643495954,471.65575872669433,-4971.7928324233,-5768.6371035985685
2022-06-21,23240.95519527194,10216.156516251172,12686.925710167556,7671.0853912926395
2022-06-22,3074.8342784122688,157.7784790154692,1771.6653654435177,336.4511136531901
2022-06-23,8805.207251816944,2918.9018617860584,1456.3689868476358,1951.4164591884773
2022-06-24,2832.805061484279,11754.49668665193,187.0601126701707,7637.440279927327
2022-06-27,-178.5586743804065,1341.1170716314264,1853.828436604681,1143.933786420832
2022-06-28,-25319.620027140907,-7297.254654465123,-15448.570305039037,-4340.219366126101
2022-06-29,-3856.867366616676,-394.4461975386621,-1095.4440761755031,-201.87066819191023
2022-06-30,-15106.06385258197,-3510.571158094024,-12724.004269423065,-2119.6420160150738
2022-07-01,-5580.514908251587,5601.136005048904,17984.986091078197,4071.058475203552
2022-07-05,2310.9089575232965,1932.7863679394104,2726.115354810139,1413.0946773433843
2022-07-06,8289.927371432761,3747.23887661723,5452.230709620283,2186.932238745707
2022-07-07,18303.86618736703,5443.357526033451,5050.924388353812,2540.2059080815598
2022-07-08,5484.362413937819,2327.2325654780616,421.40845350261344,1110.2886750555117
2022-07-11,-12431.733256682952,-788.8923950773096,-6087.767473187918,134.58044546126985
2022-07-12,-12611.382581201504,-3727.5165667402944,-7797.523444381118,-1328.9818989300766
2022-07-13,-10850.8192009198,907.2262543389043,-5595.5649966323035,1093.4661193728534
2022-07-14,-7473.411899971259,4181.129693909752,-3005.02564633956,723.3698943543459
2022-07-15,18743.814925959763,2050.379532071665,32270.169088756462,69.00769202154945
2022-07-18,-8215.624099164028,-2926.272214688475,-2928.0679933665006,-2170.5518553758275
2022-07-19,28970.884981262614,11419.598886589129,12256.426202321725,8176.736441484296
2022-07-20,5008.648025367544,678.03868389122,2085.9245439469305,564.938154138913
2022-07-21,6161.7180743730205,4068.2321033473745,647.802653399669,3240.9609895337844
2022-07-22,926.2035564989483,-2105.4885447148627,99.99775209837217,-1278.5442435775458
2022-07-25,3128.007699711259,1534.5086003854049,2169.821185820348,1070.4091341579388
2022-07-26,-11480.81946926991,-4674.8982941974145,-5725.190839694655,-3122.026641294001
2022-07-27,25952.151794307727,9385.482834915423,13332.63620202865,6452.188392007612
2022-07-28,13749.48439433521,5781.17193633573,2810.310571996235,3627.497621313034
2022-07-29,1207.4167398080003,3104.70344729142,177.57331987693064,1902.9495718363469
2022-08-01,-1281.1247618421844,-678.0386838912309,-520.0699730509185,-386.53663177925773
2022-08-02,-11004.53321069575,-2212.5472842766394,-4089.6411517185957,-1248.8106565176022
2022-08-03,23487.287300440184,4425.094568553275,10235.92265141128,2586.8220742150334
2022-08-04,2857.8936994941178,785.0974234530004,2375.774195073521,520.337773549003
2022-08-05,-3917.1346952679933,142.744986082369,929.4050849610114,148.66793529971255
2022-08-08,1169.1348402182368,1070.5873956177275,1820.8121320961782,490.6041864890576
2022-08-09,-5780.722265523507,-392.54871172649655,-1808.3408161229156,-133.8011417697453
2022-08-10,28481.423746427645,2301.7629005781127,9465.728823705476,832.5404376784063
2022-08-11,3994.544037412321,124.90186282206923,536.2665868502427,59.467174119883566
2022-08-12,3311.133292539322,339.01934194561545,21.57800757342865,118.93434823977077
2022-08-15,6247.657128576783,89.21561630147698,2985.272654902483,44.60038058991631
2022-08-16,4279.645133075095,-17.843123260296124,1570.0322851709338,0.0
2022-08-17,-7637.760839685121,17.843123260296124,-829.2424041395789,0.0
2022-08-18,3483.0688491815595,17.843123260296124,2421.387820087569,14.866793529970892
2022-08-19,-32286.109575888167,-142.92858091977342,-1715.7542308518825,-118.35508620462784
2022-08-22,-26317.503745684324,-13050.879515793455,-14501.682384721104,-9090.434146596313
2022-08-23,-5862.8102403752055,-2837.1477208246724,-3341.0738827543664,-1802.413666997547
2022-08-24,1530.8448960979695,1828.3840867536746,4596.938533718776,2168.12078783763
2022-08-25,16122.728161031846,7534.203391967729,12582.34206909625,5720.70424742699
2022-08-26,-35557.59659032988,-21782.989723220453,-49396.15092552511,-17162.112742280973
2022-08-29,-7691.799815132699,-5169.913624613844,-2426.8044465320177,-4283.99770126952
2022-08-30,-14591.311237290376,-5674.295441649345,-7436.981368404573,-6478.240426310018
2022-08-31,-11917.337910999602,-4066.5783998486877,-7149.939982255624,-5172.1435661668875
2022-09-01,-3301.2016373960287,-819.6204526826477,469.7040864255541,-1070.9994253173718
2022-09-02,-12459.279431271634,-2616.4806758716586,-16042.2950828392,-4310.119638472388
2022-09-06,-7397.798190870203,-1197.9068154593188,-1662.2513116201733,-3082.3885899378292
2022-09-07,25015.777294719865,1607.71704180065,11531.868474364968,4571.3390105010185
2022-09-08,12551.714466026224,1134.8590883298311,2363.5135837099388,3004.0227783292576
2022-09-09,3975.375324915082,4287.245444801782,131.87915647247425,8803.092837364813
2022-09-12,11040.011250966869,9110.3965702036,4725.527643112484,10840.603939188128
2022-09-13,-48027.564868855894,-17621.839732677618,-28475.58885461046,-29935.740034480943
2022-09-14,-1336.0523169959997,725.0488619885145,856.9609715488987,78.36581160857895
2022-09-15,-8754.658603473727,-1071.8113612004236,-14788.69790901522,-2403.218222663396
2022-09-16,-2950.818532752426,-421.3441525312371,-12376.129455070846,-475.9792314585395
2022-09-19,5284.310806787729,2637.2483470767393,4189.456534388453,2407.9135754262634
2022-09-20,-9526.64483477225,-4383.032464155715,-5760.502734784126,-3546.791617857596
2022-09-21,-22960.702590056557,-9248.941386226874,-12393.808914232512,-7288.8194715606105
2022-09-22,-16038.999702292364,-4717.331550404873,-9862.67892470616,-3319.0160093713257
2022-09-23,-6913.314913781643,-7800.312012480503,-26268.437744046452,-6507.874528179105
2022-09-26,-11063.958775386483,-4643.042864571729,-6682.389937106918,-4295.197188598184
2022-09-27,-1023.0372840254568,-705.742515414935,1149.0082244799223,-423.01184433166054
2022-09-28,19892.391633828425,7317.4355545650615,13546.202225447509,7386.437589483279
2022-09-29,-27659.89693846619,-10140.40561622466,-11429.608127721332,-9306.260575296108
2022-09-30,-30057.533426652863,-6314.538295817529,-16565.815067774372,-6735.650136665379
2022-10-03,20307.53802440247,7911.745041230206,12299.119512345302,9143.563712091658
2022-10-04,14520.3075380244,15897.778768293594,4741.0873714672725,14642.717688402958
2022-10-05,1713.1873641985585,-631.4538295817401,600.3324918416401,-227.7756084862658
2022-10-06,-961.056326257727,-7354.5798974816225,-30.78628163290705,-6703.1107640244845
2022-10-07,2241.0928057692377,-16566.376940791935,127.00476123926933,-16334.765065729533
2022-10-10,-6060.122797225108,-3045.8361191590084,-2903.5625734046716,-4099.960952752819
2022-10-11,-5940.515110437755,-1485.7737166629886,-3980.1644264648326,-2635.68918391256
2022-10-12,-3787.5767482656884,-1262.907659163502,-2675.1924833616085,-1561.8898867629468
2022-10-13,30420.22167291284,5497.3627516529305,24011.48375309931,8199.921905505646
2022-10-14,-45483.92756646501,-8654.631899561711,-3077.3189638070917,-12853.05219315373
2022-10-17,20819.645203679374,4383.032464155724,11814.716204768247,10510.217363009251
2022-10-18,9670.66360052563,4197.310749572818,3645.7703013433365,8980.866848887152
2022-10-19,-1252.4638633377144,-7874.600698313647,75.63838799467521,-13503.83964597162
2022-10-20,1478.3180026281188,-3305.8465195750614,650.4901367542061,-8948.327476246275
2022-10-21,5478.45580822028,279.84305953641103,382.20269526371067,12480.26911579367
2022-10-24,10250.743083606425,4413.717678306384,6779.271515569346,3356.3737870530404
2022-10-25,13413.61176739577,5507.3822357628205,6161.668390210271,4419.779343347072
2022-10-26,3905.952290221787,195.29724240293217,1565.5521084683442,398.77708361025907
2022-10-27,-15719.076289916922,-8241.543629403946,-2068.252326783868,-5915.193406885542
2022-10-28,25889.59436154902,16717.443949691424,3648.230700886559,12063.006779210416
2022-10-31,-9194.262169998472,-3046.6369814858226,-4397.512744384073,-1694.8026053436151
2022-11-01,-6867.083778422102,-3163.815326927581,-3977.368214665842,-1894.1911471487401
2022-11-02,-26934.228597588895,-13319.271931880323,-22519.746792896753,-9005.715804865089
2022-11-03,-5608.118419044724,-6015.155066010456,-9943.42053666461,-4353.316496078685
2022-11-04,-1399.3031757979618,8280.603077884542,-727.4007812800221,7111.524657716329
2022-11-07,10282.47710693776,7811.889696117486,7346.866517172194,6446.89618503257
2022-11-08,3181.747633090172,2382.6263573158267,1799.8347692670832,1262.7940980991643
2022-11-09,-17848.828185627804,-13241.153034919138,-8851.64640623156,-8673.401568523193
2022-11-10,43438.61555176159,34762.909147722814,17614.776348400806,20786.255483184897
2022-11-11,206.48542471335568,4589.485196469024,-4.767118027235043,1545.2611989897632
2022-11-14,-8177.075990413083,624.951175689399,-2021.1442786069683,282.46710089060434
2022-11-15,7542.64768081207,761.6592453714547,3938.6401326699843,199.38854180512863
2022-11-16,-7472.155646411957,703.0700726505747,323.9013266998345,216.00425362222813
2022-11-17,-14521.35908642323,136.7080696820558,-2370.957711442786,0.0
2022-11-18,6549.836143505246,52.38958150262903,12330.89683222225,-53.72610091622067
2022-11-21,-2989.0170999582956,-1367.29994242947,2079.4545058877575,-330.9066843150299
2022-11-22,23112.74850549145,7628.09441565918,5162.366709384144,5535.166355814934
2022-11-23,11365.216182399552,4677.605066206108,797.930217375535,3339.14926899705
2022-11-25,369.32266223201964,431.7789291882618,-39.51389527317946,421.15396185548525
2022-11-28,-19802.94923659141,-10074.841681059293,-11010.425801422587,-7039.287648155948
2022-11-29,-4697.898995171599,-3058.4340817501543,-3434.6682256650092,-1714.698273268753
2022-11-30,40861.933968419675,19322.10708117444,21131.73536003118,12905.360688285899
2022-12-01,1696.463526034191,-179.9078871617712,1303.2251778232494,391.0715360086633
2022-12-02,9415.649747095302,-107.94473229706637,508.5519851676359,360.9891101618432
2022-12-05,-25620.059961842468,-11190.270581462293,-12228.353430070167,-7039.287648155943
2022-12-06,-15399.29136004359,-10866.436384571103,-14828.43972114359,-8001.925275254197
2022-12-07,-3543.1997819569588,-2194.8762233736297,-4178.304607489157,-1474.0388664941909
2022-12-08,1976.0152630144512,5972.941853770878,8674.523695982927,4753.023283797599
2022-12-09,-7103.127098722587,-5972.941853770889,-13787.033545570255,-3850.5505083929947
2022-12-12,8069.427527405616,8491.652274035703,4978.255893797203,5866.073040129955
2022-12-13,12180.267965895247,10722.510074841683,9369.993133440144,10543.890259310512
2022-12-14,5424.025578562727,3706.102475532529,2388.9906157015357,3534.6850370013835
2022-12-15,-43906.05968331304,-48683.07426597583,-12660.219729915312,-22020.335719872448
2022-12-16,-24108.252601533713,-17448.267851238037,-2526.928784291037,-10172.789032270408
2022-12-19,-10914.302513596938,-4745.662168174407,-2853.181163671272,-2819.71984718938
2022-12-20,2682.640011759506,926.8871422215634,2853.181163671272,879.2674792310936
2022-12-21,27910.48067029252,9046.418508082457,9959.468828329154,6973.500697350072
2022-12-22,-31328.09054828752,-9713.777250481986,-6133.006239667217,-7155.418106846159
2022-12-23,16301.497700887357,3892.9259973305643,7509.240091889853,3092.59596143351
2022-12-27,-4545.134240011266,-2409.9065697760534,619.5943553689756,-1303.7414347219774
2022-12-28,-21140.159255866398,-7897.078451727712,-9104.243589095142,-5972.954945121579
2022-12-29,29596.22295821295,10121.607593059463,14680.592787415913,8004.366017827912
2022-12-30,-1398.6353673461767,-630.2832567106586,1935.9139855250519,-424.47395549087537
2023-01-03,-9324.782544596796,-5153.492510751903,-3513.3236041295027,-3335.1525074282986
2023-01-04,12641.898864809089,5598.398339018249,8594.130047024482,4790.4917833970085
2023-01-05,-18465.280849181774,-8675.66365119383,-6688.827630938869,-6003.274513370929
2023-01-06,49887.12670330069,16721.044045676987,13761.080805481228,12734.218664726215
2023-01-09,-687.6085697741769,-259.5283998220384,140.7578402117018,151.59784124673934
2023-01-10,7599.884192240885,6376.983538484358,5306.570575981084,4426.65696440483
2023-01-11,12051.244933410537,7748.776508972263,5193.964303811722,3698.9873264204707
2023-01-12,16158.801389693108,8879.578822482574,4081.977366139292,3911.224304165906
2023-01-13,1352.407988812488,3114.340797864461,84.860099326138,697.35006973501
2023-01-17,-2343.3315479378675,834.1984279994031,431.920059768397,333.515250742832
2023-01-18,-29525.977504017144,-4745.662168174407,-12187.14979454613,-197.0771936207675
2023-01-19,-12285.75254418852,-2706.510455286956,-9408.853193873741,121.2782729973951
2023-01-20,26840.167705730095,9049.35260895119,27202.765494211668,212.72177293894154
2023-01-23,15248.401377274959,7323.61685156987,5438.89758215133,4974.383414750385
2023-01-24,3039.139905839367,1087.6658690450195,1148.3519256978443,953.1752651018651
2023-01-25,-491.88391539596705,-1486.476687694866,164.05027509969204,-982.9619921363019
2023-01-26,11260.62820602909,6054.6733376839975,1274.5444450053,3544.6205170975845
2023-01-27,1849.0530774752167,1957.798564281049,-31.713379590713515,1221.25580841177
2023-01-30,-12400.110223201984,-6816.039446015515,-7803.964413922276,-4050.994876682952
2023-01-31,12434.554973821987,6924.806032920016,8844.493002445244,4170.141784820685
2023-02-01,19306.28272251309,8193.749546805891,9481.816762915563,4616.942690337186
2023-02-02,8266.740148801327,2465.3759698354006,1612.8193122106022,893.6018110330042
2023-02-03,5248.142408514438,-1196.432455949529,339.1953617266057,-238.29381627546718
2023-02-06,-8142.19388815744,-2211.5872670582285,-2595.4591156732986,-655.307994757537
2023-02-07,18155.359988912758,5257.051700384305,7716.229803353053,2278.6846181341607
2023-02-08,-16388.330677014757,-4096.874773402938,-3495.6859260644896,-1414.8695341355888
2023-02-09,-19610.560598711112,-5329.562758320644,-4466.060280122525,-2353.151435720243
2023-02-10,-1769.7927340303702,1921.5430353128795,7602.86240925145,1608.4832598594057
2023-02-13,12735.287943460928,7976.216372996889,7259.134517248415,2844.6324317883937
2023-02-14,4618.29123224407,3571.1696033645094,3623.188405797102,893.6018110330042
2023-02-15,7907.07438247848,1577.1155101152945,2156.052255562361,297.86727034433716
2023-02-16,-20327.47883283185,-1849.0319773765514,-2908.7568891610536,-417.01417848206984
2023-02-17,-8714.535557954327,2068.521482622709,3660.994669325052,336.3523359009697
2023-02-21,-27585.51843471315,-13265.44285140024,-12836.057546575885,-8545.332287347313
2023-02-22,-6987.887661386943,-1440.439501540941,-2168.4892857975647,-1064.6643505547418
2023-02-23,931.7183548516041,1641.431059895478,6692.004570149467,2213.3811498375007
2023-02-24,-15630.219286342752,-7939.166555004678,-16933.21984304679,-6135.828757144461
2023-02-27,5871.91041922709,1406.9409084818435,3966.2987780843537,1849.1538720161461
2023-02-28,-7886.112249078245,-5326.276296395543,-1601.3007489160432,-3894.430124397635
2023-03-01,-4472.210842550866,-2210.9071419000575,505.0256208119822,-2017.2587694721478
2023-03-02,15994.128089580776,3952.8339809728204,5395.1517540402065,4258.657402218982
2023-03-03,21830.796617057236,13600.428781991144,780.0340403543747,11431.133027008858
2023-03-06,680.6888571234088,435.48170976818983,966.4796567818572,784.4895214613948
2023-03-07,-23960.247770743987,-16045.826075304843,-10584.130875489134,-11739.325339011546
2023-03-08,986.9988428289435,703.4704542409308,2498.703502899437,1625.0140087414493
2023-03-09,-21986.250085086114,-13600.428781991166,-22936.2123426524,-15157.458253950452
2023-03-10,-5286.465538737176,-7403.189066059211,-20001.373922049635,-10534.573573910133
2023-03-13,147.64506127270255,234.49015141365817,479.6569042379126,448.2797265493791
2023-03-14,16868.448250406018,-1038.4563848318649,10199.762993059083,2633.643393477527
2023-03-15,-4983.020817953637,-2344.901514136407,-1904.5200609446438,-6163.84624005379
2023-03-16,20688.764210837144,1942.9183974272892,6066.249083008861,14316.933766670394
2023-03-17,2247.7084722966406,-3302.5757706079357,106.37510308573383,-7908.668285678354
2023-03-20,7623.102808873012,4516.258530710557,5989.236733985303,3308.8458502823114
2023-03-21,11984.067028363428,5419.510236852675,7349.111741218679,4189.180984761095
2023-03-22,-10747.888194492136,-7460.190017395953,-2835.4840576355546,-4948.090583449699
2023-03-23,4481.148272783465,769.4366385654916,4021.758000115735,242.8510715803477
2023-03-24,18688.017872925822,3746.8218921450552,1981.9936070686936,2762.4309392265304
2023-03-27,1787.400512612981,1304.6969088719406,3601.504157618767,1487.4628134296618
2023-03-28,-2495.6158100634084,-970.1592399304127,1257.8782903447927,-303.5638394754378
2023-03-29,19526.507486847437,7025.291047771969,5349.292939992583,4523.101208184077
2023-03-30,7200.18885741265,2977.3852535795577,715.0045018801993,1942.8085726428253
2023-03-31,2175.2326993120223,4783.888665863775,172.13071341560317,2762.4309392265222
2023-04-03,0.0,2408.67121637896,0.0,1396.3936615870316
2023-04-04,0.0,-1204.3356081894817,0.0,-394.632991318078
2023-04-05,0.0,-468.35273651812895,0.0,-30.35638394754278
2023-04-06,0.0,1973.772246754983,0.0,1016.9388622427286
2023-04-10,0.0,1655.96146126054,0.0,713.3750227672863
2023-04-11,0.0,518.5333868593589,0.0,182.1383036852676
2023-04-12,0.0,-183.99571791783455,0.0,45.53457592131599
2023-04-13,0.0,2743.208885320484,0.0,804.4441746099183
2023-04-14,-345.5575617956583,401.44520272982845,-73.63122843264331,182.1383036852676
2023-04-17,5463.545233796151,334.5376689415243,2340.813680022859,91.06915184263198
2023-04-18,1027.333291824917,0.0,461.5688946523942,-30.35638394754642
2023-04-19,-1105.1615715086227,150.54195102367885,604.4354572828988,60.7127678950892
2023-04-20,-10211.070294502204,66.90753378831141,-54.94867793480944,30.35638394754642
2023-04-21,521.3721564873017,-332.94595500968137,1595.6580157945232,-135.92397481492554
2023-04-24,1752.597030144669,763.0791770954157,1763.510949393933,655.0438375491321
2023-04-25,-22656.299789688353,-9584.27446431842,-7377.726187021453,-5315.932681648699
2023-04-26,-13224.141227455235,-5036.322568829739,-5335.1786950018995,-3325.607175249417
2023-04-27,36358.42202536486,13796.471521885103,15559.0776168047,8742.315831905671
2023-04-28,22754.121877979953,6593.0040901043985,1172.4456995657524,3753.9050690315426
2023-05-01,-2510.965609306467,-854.648678346869,988.119585449365,226.74594376700497
2023-05-02,-17926.387387960072,-9462.181795983164,-8628.811728749688,-5391.514662904361
2023-05-03,-11537.728052889212,-5494.17007508698,-3630.764988395341,-2267.4594376700593
2023-05-04,-12968.024918949854,-9004.334289725903,-14109.428499207206,-5870.200544190271
2023-05-05,19794.28797811625,17245.589402356385,32461.33806714281,11463.26715710975
2023-05-08,1111.3855272906874,824.1255112630585,1890.123820087375,1461.2516376095932
2023-05-09,-7131.390466781919,-5066.845735913567,-1833.5332865518249,-2368.2354126776154
2023-05-10,8798.46875771795,5463.646908003178,4685.696176743554,3905.06903154288
2023-05-11,-5773.030377871076,-3723.826384225629,588.5415487697219,-503.8798750377937
2023-05-12,-6685.6839168201295,-3968.0117208961624,1256.3321559905983,9.094947017729282e-13
2023-05-15,6404.446861216841,6409.865087601493,2530.141687934525,3602.741106520207
2023-05-16,-9667.089601836748,-11079.909651425432,-1463.0819325882253,-2683.160334576238
2023-05-17,18035.164038426683,19931.628105732256,3355.1878905218696,5731.633578554871
2023-05-18,9863.452359374058,15322.62987607595,550.0308017248963,1184.1177063388113
2023-05-19,885.0814714358635,3307.714458554555,35.9517358694401,-12.153863876865785
2023-05-22,3043.4236947791123,1344.9505876849248,1757.4109688971414,717.6086310996765
2023-05-23,-20958.83534136546,-8829.892988714102,-5869.089462165927,-4899.534791646049
2023-05-24,-13460.090361445786,-5642.94485702591,-6454.893118464975,-3439.5724042363663
2023-05-25,9663.654618473887,5409.040406993745,9627.075181820193,3390.082153815695
2023-05-26,35215.068285787194,11168.937489035721,6163.906809541424,6285.26180342473
2023-05-30,-2657.137621403706,-994.0939126366811,1812.8105277292866,98.98050084133229
2023-05-31,-12399.975566550602,-5701.420969533945,-2260.4180654402217,-2202.316143719685
2023-06-01,21623.60271211287,9443.892170048535,6009.131193769303,5270.711669801048
2023-06-02,19729.941590504895,9940.93912636688,432.0643595158987,4008.710284074039
2023-06-05,-2853.500091069154,-292.38056254020375,277.4398702435066,160.84331386716804
2023-06-06,5615.931030295673,2631.425062861823,1675.3099857011757,804.2165693358384
2023-06-07,-8909.598688604214,-1871.2356002572978,-277.43987024350736,-197.9610016826682
2023-06-08,12506.8301863882,3713.2331442605737,1568.6023432998275,977.4324458081774
2023-06-09,7141.607580453486,1651.950178352141,121.43707797031348,346.4317529446689
2023-06-12,10234.182168442596,1944.3307408923465,2146.1485050602814,247.45125210333572
2023-06-13,9602.07091686232,1754.2833752412153,1862.0994382140675,284.5689399188341
2023-06-14,4454.87929685149,423.9518156832928,483.9354472194759,98.98050084133683
2023-06-15,4018.4215279031923,73.09514063505048,147.28470132766597,0.0
2023-06-16,16.37328769697899,16.65864696935961,75.07501451616727,-20.799625064378574
2023-06-20,-14008.684789721023,-6381.9189340638795,-2135.3223647957175,-3059.6634370219285
2023-06-21,-10261.138540241507,-4233.858414793597,-1830.276312682046,-1367.5768392749505
2023-06-22,4848.016179882223,2272.585766764205,4132.88199637881,1738.44513467155
2023-06-23,-17810.963916962482,-8561.110765207635,-6351.441428701795,-4357.702470910019
2023-06-26,-5880.2243531753165,-4607.434157275409,-138.58093126385864,-1970.2378192944225
2023-06-27,18243.772993184968,10397.858165743115,2890.402280646183,6513.374437902736
2023-06-28,3829.6845787346974,2241.4544548907415,455.3373455812484,1228.501228501233
2023-06-29,6377.781798444003,3611.232177323942,178.17548305353148,1970.2378192944232
2023-06-30,5251.5604373686,12514.787373139907,68.07371622094807,5331.231746326083
2023-07-03,5023.206627107689,2521.636261752068,1384.771415197379,857.6329331046327
2023-07-05,-3010.9864285294643,-1930.1413361559098,321.8130753627713,-440.4061007834589
2023-07-06,-18976.558369073507,-9214.868314550768,-2798.7985645186463,-3894.1171016642725
2023-07-07,-4695.065554494947,-3704.6261129444047,3751.0910591496877,-254.97195308515938
2023-07-10,2912.8824091778206,2179.191831143764,1243.6812966380492,1413.935376199528
2023-07-11,9022.466539196943,7720.565344623625,1534.5422450453343,2874.229289323627
2023-07-12,13130.377629063098,12592.615652823612,1303.8594238947285,4334.523202447733
2023-07-13,2345.24378585086,6630.96942905174,10.029687876112803,857.6329331046309
2023-07-14,269.10390194321826,591.4949255961619,79.00301911499034,370.8682953965963
2023-07-17,6008.482563619227,3159.8281551584587,1673.8214327911462,324.50975847202426
2023-07-18,13504.35909519321,2615.0301973725145,1211.059036666535,104.30670808029208
2023-07-19,3873.114985862394,404.7070543552727,187.07416013548163,57.94817115571823
2023-07-20,-6494.462770970782,-31.131311873483355,-29.538025284549803,-23.179268462286927
2023-07-21,2133.240288304505,188.34509042218917,119.80840398320493,-19.395429613788906
2023-07-24,8163.994994338833,4618.7991122308185,2216.733809745531,2082.339160990845
2023-07-25,6704.010488051967,4168.916081818725,1265.2590238273574,1366.5350744002408
2023-07-26,3366.903045110541,-119.96880810988841,961.5968581087918,542.2758231747011
2023-07-27,-13467.612180442167,-6388.3390318517195,-779.3995586776523,-2689.68808294651
2023-07-28,24164.18679945743,7857.956931197887,997.9449911724186,3600.7114658800065
2023-07-31,5090.302542275395,2489.3527682802505,1272.3854378335268,1019.478547568433
2023-08-01,-7434.1424134361005,-3689.04084937916,-797.6147520747484,-1171.315778057351
2023-08-02,-26386.172782698726,-14006.358346829827,-9191.560476289951,-6398.854713461454
2023-08-03,-3364.776256758305,-1289.6646871813318,303.8532388856165,216.91032926987668
2023-08-04,-17784.694712167293,-9147.62161837922,-10523.494510602193,-4511.734848813499
2023-08-07,12652.282819082313,10137.36428528582,4261.098554751489,6529.000911023385
2023-08-08,-6859.842878287599,-8247.855557555042,-601.3229104028874,-3405.4921695371117
2023-08-09,-10232.836160765113,-7887.949133225358,-1835.0716403674296,-4793.718276864345
2023-08-10,-2761.0155983149234,-3659.048647351683,1886.9098222987132,-911.023382933492
2023-08-11,-11.939005786126103,-2669.3059804450895,2292.7725560670874,737.495119517589
2023-08-14,7866.483924390383,4948.713334533022,2948.8790001490406,6051.798186629644
2023-08-15,-20686.99674490321,-17455.461579989213,-5301.594736730042,-15335.560279380494
2023-08-16,-14819.256467363366,-7288.105092675898,-4577.682202397429,-11105.808858617856
2023-08-17,-15790.074810119346,-2279.407354087918,-10943.85419549897,-13708.732809856388
2023-08-18,-6468.202088433036,-105.09531118762024,538.7143020430079,-5227.210928646181
2023-08-21,8611.444072929147,4111.359097850347,3922.2638331819066,2675.1213712474027
2023-08-22,-2744.3063529114843,-1732.6441912369337,276.99603341680086,-569.70177350639
2023-08-23,16371.206863920259,8457.653001292138,2814.2796995147037,4433.7659764192995
2023-08-24,-20850.419531890737,-11100.669564195932,-1063.6647683205165,-5548.399881105716
2023-08-25,22048.92502859447,6519.440855162694,1669.7975828901153,4186.06955315565
2023-08-28,10303.495512517717,5344.766827205447,3488.5874822483383,2972.3570791637785
2023-08-29,15558.573452999526,9221.19111946435,1842.056517175376,3616.367779649262
2023-08-30,2848.9607935758177,2760.4839656995173,174.9439150390017,1027.9401565441385
2023-08-31,870.9258384506356,117.46740279572259,92.61736678535544,260.0812444268304
2023-09-01,-235.1355927305783,1350.875132150828,-17.93367145098665,346.7749925691078
2023-09-05,-9267.76081716975,-1262.7745800540324,-929.1935726084996,-198.157138610919
2023-09-06,-16871.34167336164,-3318.4541289792105,-3848.1754017119706,-594.4714158327552
2023-09-07,-7804.43016182716,-1438.97568424762,-2027.3314311458153,0.0
2023-09-08,2737.0369489790637,3347.8209796781375,4453.67213594873,941.2464084018629
2023-09-11,9563.5466850195,4008.5751204040935,2284.4260005586366,656.3955216486684
2023-09-12,-8760.610231704517,-2364.0314812639517,-1227.0061051035468,-173.3874962845548
2023-09-13,2982.3353980270676,3230.3535768824113,1875.4239655241208,396.314277221838
2023-09-14,18295.480614819913,2085.0463996241087,927.7363233709748,37.1544634895472
2023-09-15,-10258.14958718104,-46.670337391081006,-2.380908704643801,-56.519924053351104
2023-09-18,379.20774750598315,205.08613617719942,643.1902235086025,115.28174859355775
2023-09-19,-4287.964529490692,-2226.6494784952524,-482.39266763145235,-1175.8738356543345
2023-09-20,-22985.823464208628,-10137.114731044188,-6130.406817816369,-5810.200129115562
2023-09-21,-21468.992474184717,-13213.406773702078,-22873.45232352468,-9775.892280734115
2023-09-22,-1594.4547959826123,-1201.21879760929,-2465.2872613614845,-622.5214424052356
2023-09-25,4924.510497758911,1523.4970116020122,2550.1192263534404,1498.6627317163147
2023-09-26,-21408.35102618542,-9551.154341966489,-7275.01545526804,-8369.45494789265
2023-09-27,-2064.1660769049304,-820.344544708787,1258.5003974211781,-645.5777921239423
2023-09-28,6163.010143901865,1318.4108754248227,5972.357149165417,1752.282578622151
2023-09-29,-5769.674081907225,-1845.7752255947416,4920.223541754918,-1337.26828368532
2023-10-02,-1099.505222649806,-1552.795031055888,1232.2996952858937,-1152.8174859356477
2023-10-03,-21593.060900372613,-6064.690026954195,-9343.072235167594,-8623.074794798482
2023-10-04,8093.580111172196,1259.8148365170418,7225.757304176377,2351.74767130868
2023-10-05,-3817.726467534052,-1259.8148365170418,784.1907151819339,-1129.7611362169046
2023-10-06,32890.19710450976,6152.584085315837,8366.489085596064,8623.074794798478
2023-10-09,9104.656291348996,3193.4841204734694,3770.469858551605,4818.777091210923
2023-10-10,7844.49625102388,2724.715809211284,2364.91008879568,4334.593747117957
2023-10-11,8726.608279251468,4306.808859721077,1461.3359510954442,6086.876325740102
2023-10-12,-4804.360153739526,-9873.43255595921,145.01807148275384,-8784.469242829475
2023-10-13,-11884.22853458564,-5361.53756006094,231.2677146666308,-6824.679516738903
2023-10-16,15955.179343523538,7412.398921832872,6439.359884923132,12934.612192197725
2023-10-17,-1354.9722915778548,-2900.5039259346013,33.71392609907434,-2213.409572996403
2023-10-18,-15239.63217830827,-9814.836517051452,-2640.9242110941295,-16577.515447754315
2023-10-19,-25455.209792339072,-1992.2653228641648,-7653.061224489797,-15101.909065756703
2023-10-20,-23883.444152746044,-294.62870347836554,-16646.052155989295,-4375.6931074072445
2023-10-23,1398.737883026477,354.2444931083325,2612.5121917235597,833.7367543435058
2023-10-24,9758.636393207991,3832.2813345356185,4679.299614509313,2797.052337152384
2023-10-25,-22705.09400819726,-10047.661986345489,-5085.690399888535,-6024.420418482065
2023-10-26,-23680.957647518037,-9467.989179440945,-12540.05852027309,-5916.841482437732
2023-10-27,-14831.378187490907,-5667.911889733341,-11050.947198795078,-3845.9469635845417
2023-10-30,14126.830616192308,8727.296148396246,7686.941243346594,6911.946640847732
2023-10-31,6320.806852721749,3284.812572459092,2545.088109141647,3039.104943252111
2023-11-01,10707.377728654323,9983.253896689432,1757.0151413363656,7046.420310903124
2023-11-02,1882.4260845537428,15876.594100218974,103.35383184331295,7611.20972513582
2023-11-03,-599.7345093089792,6827.257503542449,-23.451556092068195,2823.947071163466
2023-11-06,1206.5637065637065,1223.753703465154,1227.0067328061753,510.9999462105352
2023-11-07,5927.244208494206,1642.4062862295505,1845.7537177255283,591.6841482437703
2023-11-08,1704.271235521237,869.5092103568204,797.0300144723869,268.947340110808
2023-11-09,-15715.492277992278,-2350.895272446218,-681.6704071145418,-376.52627615512756
2023-11-10,35760.63213159988,4717.892567306451,1352.4142487128954,874.0788553601196
2023-11-13,-2126.9053527118012,144.91820172613734,-393.6054256994064,53.7894680221616
2023-11-14,27029.422190712507,547.468762076518,4571.878406200799,67.23683502770291
2023-11-15,1713.3404230178494,96.61213448409035,242.218723507327,40.34210101662029
2023-11-16,2658.631690889757,32.20404482803133,100.92446812805338,26.89473401108262
2023-11-17,-109.3673242209951,-90.76398348460212,-25.466562364443917,-67.94167260379962
2023-11-20,14260.628204038863,7288.105092675909,2049.4589816811394,3459.0341833966368
2023-11-21,-3398.75945279973,-2669.305980445087,9.71307574256457,-881.7145957677712
2023-11-22,10989.32223071912,4948.713334533022,398.2361054451503,2147.766323024055
2023-11-24,3649.997258992678,1379.6412932637504,-0.501544336813545,926.9307288840673
2023-11-27,-3379.7822533728527,-1679.5633135384778,-224.87912746898496,-180.86453246518522
2023-11-28,1676.039560074239,1199.6880810989096,749.5970915632845,384.3371314885153
2023-11-29,304.7344654680469,89.97660608242222,206.1392001799038,-226.08066558147948
2023-11-30,5028.118680222731,1979.4853338132089,1321.164873880289,813.8903960933258
2023-12-01,16306.366687272815,5578.549577109954,409.2739464548846,1819.949357930911
2023-12-04,-12036.108324974923,-5338.611960890174,-2511.888326430433,-1096.4912280701756
2023-12-05,835.8408559010368,1049.727070961555,1227.182083141585,474.76939772110654
2023-12-06,-10002.228908949064,-4528.8225061484045,-2348.903206013193,-1039.9710616748052
2023-12-07,15337.679705784009,7588.027112950635,5340.159533670809,2023.421956954243
2023-12-08,10792.977522318053,5893.467698398417,1991.6976511237065,1537.3485259540594
2023-12-11,6879.382475988448,3614.060344310481,2060.573072586603,565.2016639536978
2023-12-12,10915.67968888103,3599.0642432967434,1875.8990707981804,282.6008319768498
2023-12-13,10532.673384008012,989.7426669066044,466.544846623382,56.520166395368506
2023-12-14,972.2467739084314,0.0,0.0,-11.304033279073337
2023-12-15,-137.49805429402772,-51.466187112417,5.276675794940559,-50.14007400267025
2023-12-18,8491.272858451035,3681.636782642912,1554.9768626936693,1558.8136164475866
2023-12-19,10516.968671088049,4974.425271204542,777.4884313468349,2127.5699359622513
2023-12-20,-28984.099675333688,-13574.279129897135,-2922.607115424246,-6256.319514661274
2023-12-21,23642.367566667595,9892.64234725423,2997.545759409483,4444.725311762726
2023-12-22,7542.387166633725,730.706537013094,60.12110373997812,589.8213683855711
2023-12-26,11080.48213610075,5395.98673486594,2485.9192397306765,2569.935962251434
2023-12-27,5148.370358359009,2613.681074700695,522.8686223787768,1158.577687900235
2023-12-28,1135.0737797956845,-112.41639030970873,174.28954079292635,210.65048870913415
2023-12-29,-5909.461238040588,-3091.450733516951,24.3765498648494,-821.5369059656214
2024-01-02,-11605.546828449158,-5480.299027598224,-1206.363567820252,-1516.6835187057618
2024-01-03,-18322.409403607606,-11016.806250351296,-6380.532307924302,-4444.7253117627215
2024-01-04,-7962.732246357173,-5424.090832443373,-3637.9401342079445,-2253.9602291877322
2024-01-05,200.59661273060104,1882.9745376875999,5288.455157615611,2064.3747893495074
2024-01-08,19761.393192355536,19391.827328424482,3398.020869431289,7815.133131108864
2024-01-09,0.0,-1405.20487887134,173.27018597666665,231.71553758004939
2024-01-10,5724.867126540765,8023.719858355349,269.53140040814696,1769.4641051567223
2024-01-11,2459.5725432545514,140.52048788713182,67.38285010203754,379.17087967643965
2024-01-12,769.4696204530298,1194.4241470406378,-8.655058593656065,421.3009774182683
2024-01-16,-6006.434538944527,-3709.7408802203354,-308.35086701008504,126.39029322548049
2024-01-17,-13816.096725649946,-11649.148445843404,-2566.5675107015877,-811.0043815301651
2024-01-18,19083.078200404754,18984.317913551793,4897.337299571935,1706.268958543984
2024-01-19,26041.480127829618,9837.1557374469,573.6751672949304,63.7996457402311
2024-01-22,3686.5615413594537,1726.9232911815504,1279.5437512566946,1340.591485212868
2024-01-23,8153.490124320544,3955.2114088351673,1261.2645548101707,2092.1351966200837
2024-01-24,-1291.6419998923648,-1086.2904573561418,109.67517867914466,-548.423789405264
2024-01-25,11530.59576987245,5765.695504428727,393.00272360027066,2010.8872278193053
2024-01-26,2681.641143389188,-1615.508885298872,-20.30813955729738,-162.4959376015613
2024-01-29,11643.949009436568,6796.278758843515,2976.7373488662674,2274.94312642184
2024-01-30,-1283.041774736499,-724.1936382374242,202.12414097240116,-60.9359766005864
2024-01-31,-26392.031344848514,-15013.091192691209,-5907.537392966081,-5484.237894052647
2024-02-01,32158.821257105017,16322.210461812709,7671.529895997943,6012.3496912577175
2024-02-02,13780.526472662354,5765.695504428728,178.44240271469417,1482.7754306142333
2024-02-05,-6907.792610990376,-1336.9728705921734,-474.25595504411444,60.93597660058549
2024-02-06,4139.501190106592,2381.4829257423044,1852.282692342109,731.2317192070204
2024-02-07,18951.153885956744,5083.282268397303,2156.522361615691,873.4156646083848
2024-02-08,2703.611714788367,640.6328338254134,134.22338350305154,121.87195320116916
2024-02-09,8750.543090311536,1448.3872764748485,25.457592423704597,111.71595710107249
2024-02-12,-3317.850033178504,27.853601470669673,-371.7998654438578,10.155996100096672
2024-02-13,-24143.739472206627,-3272.798172803745,-8188.449417513543,-233.58791030224165
2024-02-14,18618.243070797827,3732.3825970698017,8896.639637406606,294.52388690282714
2024-02-15,13705.272829360414,473.51122500139536,2398.994369887752,40.62398440039033
2024-02-16,-16214.714509531035,-13.979960509770109,378.1569854062642,-32.85740031548008
2024-02-20,-10970.219930548254,-5654.939916263393,-2292.3360167502965,-2837.197909862836
2024-02-21,3156.8978217405056,1576.8582458811416,1525.2156961842516,1061.3977792292594
2024-02-22,34975.79711669999,18460.11636126366,4864.445326883507,8103.363814500327
2024-02-23,2101.9179433910886,1658.4198792887837,54.10611534183952,877.6943174395828
2024-02-26,-6975.152663718683,-2474.036213365236,-774.5000172111115,-449.0529065969931
2024-02-27,5764.371446620347,3099.342069490516,1901.827820040618,1040.986283474852
2024-02-28,-9054.537797431047,-3425.5886031210903,-1376.88891948642,-1102.2207707380812
2024-02-29,13805.538008001693,5546.191071719859,3201.266737805927,1796.2116263879798
2024-03-01,21453.63424396968,5899.624816486325,411.3597760320062,1408.393207054216
2024-03-04,-2127.0130659374036,-434.995378174106,-77.41003234019117,0.0
2024-03-05,-17598.500962220194,-6497.743461475722,-5100.461019748159,-1653.3311561071205
2024-03-06,8330.80117492149,3507.1502365287415,4128.535058143535,949.1345525800134
2024-03-07,18522.738782538247,5206.350932521338,3947.911649349756,1255.3069888961454
2024-03-08,-9467.463608924256,-1128.2692621390888,403.2440185062867,-183.70346178967884
2024-03-11,-2463.67977242711,-734.0547006688066,-590.7655952886444,102.0574787720434
2024-03-12,19188.763588336893,6321.026589092489,5316.8903575978,816.4598301763563
2024-03-13,-507.97521080971273,258.2785057908768,184.61424852770142,40.82299150881772
2024-03-14,-3619.323377019202,-13.593605567941268,27.69213727915485,-40.82299150881772
2024-03-15,-18151.63264150831,342.0220308884893,446.66571474151516,27.76420634725656
2024-03-18,9440.051637889304,4828.241253759696,3298.380794882513,2738.2030799637664
2024-03-19,8713.893819590123,4168.645454065745,1908.154178857652,2367.619204479946
2024-03-20,11484.05142273143,7915.149596327374,1117.6331619023385,3541.134810178706
2024-03-21,1371.6314345651117,1978.787399081837,45.43224235375328,885.283702544677
2024-03-22,161.3684040664848,-1451.1107593266825,18.172896941501676,-473.5238408959922
2024-03-25,0.0,-817.8987916204933,0.0,-61.763979247301904
2024-03-26,0.0,-26.383831987754093,0.0,164.70394465947356
2024-03-27,0.0,5329.534061527094,0.0,1873.5073705015257
2024-03-28,0.0,-131.91915993878865,0.0,-144.11595157704141
2024-04-01,0.0,-844.2826236082547,0.0,-123.52795849460381
2024-04-02,0.0,-5012.9280776740015,0.0,-1749.9794120069182
2024-04-03,0.0,1345.5754313756588,0.0,617.63979247303
2024-04-04,0.0,-12558.70402617277,0.0,-5455.818166845096
2024-04-05,-665.4879426354324,9445.411851617333,-72.61521022988978,3911.7186856625217
2024-04-08,2627.5723196306676,2532.847870824762,2125.3232262406573,1729.3914189244842
2024-04-09,2627.572319630667,1609.4137512532288,938.6844249229575,576.4638063081584
2024-04-10,-23500.810372771477,-13350.218985805492,-6181.148382983246,-4611.710450465288
2024-04-11,17533.519964638283,11239.512426784866,8634.125606602673,4755.826402042331
2024-04-12,-34517.90338424657,-17861.854255712096,-7322.050231383067,-6979.329654945237
2024-04-15,-19760.843129306853,-20658.540446414456,-8423.293862761944,-10499.876472041504
2024-04-16,-5193.554925010139,-5593.372381404668,-168.0923387247385,-761.7557440500741
2024-04-17,-11729.833806242394,-11661.65373858899,-6070.001120615594,-7802.849378242609
2024-04-18,-6384.272395622211,-5989.129861221023,-2913.600537895487,-4354.360536934855
2024-04-19,-5948.261567952752,-4469.439568662197,-15610.473421700626,-17830.887791884943
2024-04-22,12323.050025379274,5692.756174027829,5794.311753614078,4267.8342399716985
2024-04-23,14409.79076194236,9542.92943182444,2740.021998742929,5152.359471053911
2024-04-24,-1381.7607579944743,-2805.12623068038,117.85040854808358,-1393.127238954491
2024-04-25,5470.6446336924055,5142.731422914025,255.34255185417896,2653.5756932466493
2024-04-26,1022.0302880703792,1347.560640228814,39.21243948717185,796.0727079739972
2024-04-29,5167.691592165779,2557.6150926791634,2269.632319564231,1282.5615850692138
2024-04-30,-27362.926980517797,-11220.504922721515,-10563.247087305192,-4820.662509398081
2024-05-01,-5581.10691953903,-1925.0866288982998,-680.8896958692694,-574.9414002034428
2024-05-02,13151.775102061898,6820.306913811122,9513.542139506735,3515.9877935518134
2024-05-03,33429.19998339488,10670.480171607722,6214.577005684743,3991.4201052585013
2024-05-06,14160.131861545382,3616.4127385732354,2753.628208236639,884.5252310822179
2024-05-07,4645.122621247687,1113.8001210054426,623.4629905441452,232.1878731590823
2024-05-08,149.8426652015405,275.0123755569002,225.13941325205224,154.7919154393876
2024-05-09,7979.121921981921,1223.8050712282056,103.9104984240239,199.01817699350067
2024-05-10,389.56674428600013,206.259281667677,-28.25404380773295,66.33939233116507
2024-05-13,-1311.4092605669327,137.5061877784501,-385.61312486854087,22.11313077705381
2024-05-14,9356.400685967916,110.00495022275936,2769.403351328612,0.0
2024-05-15,18183.193785937656,165.00742533414086,1910.5377550304984,44.22626155411126
2024-05-16,504.38817714112884,13.750618777841737,61.347542592722675,-11.056565388525996
2024-05-17,1612.9784911038983,-116.61081468669911,-16.547449969605736,-77.04578656121889
2024-05-20,1528.1474908804073,1124.6868769490256,280.10281420945034,632.0386118133757
2024-05-21,5274.573597554965,3220.6942385358643,1318.1308903974168,1647.1309277560745
2024-05-22,-6543.9219165927225,-2581.6676039057256,-922.6916232781916,-1225.771853213823
2024-05-23,-17191.659272404617,-8102.857727110075,-313.05608646938646,-3734.773615260857
2024-05-24,16131.243312812201,7233.7815040130945,2363.444026372549,4060.369263770778
2024-05-28,640.1750587797067,741.2708961709502,413.34370744991264,134.0687964452634
2024-05-29,-17785.227087552666,-9176.422473288689,-3541.7882383453293,-4826.476672029421
2024-05-30,-16155.690574295219,-8332.907315576918,-4870.971925047008,-4826.476672029414
2024-05-31,22727.088476007455,10812.330657941826,9864.29891675813,6933.27204474067
2024-06-03,317.7816486982708,332.2938500076789,344.1502845535281,19.152685206464866
2024-06-04,1635.987006261479,741.2708961709459,856.1787566941425,229.83222247758908
2024-06-05,16842.42738100842,12601.605234906192,2333.5068074605074,5764.958247146251
2024-06-06,1918.4595828821657,127.80532692603083,184.66600634579527,536.2751857810481
2024-06-07,5071.241584541204,-1840.3967077347843,5.249630623711916,114.91611123879466
2024-06-10,4341.061929137805,3476.304892387918,1665.741254858411,1321.53527924615
2024-06-11,6147.746662651811,4524.308573181332,1787.2015546918374,1359.8406496590824
2024-06-12,15921.409214092138,11016.819181023462,2012.7706829539143,2489.8490768405736
2024-06-13,3287.162501254643,2096.0073615868314,95.43309272626357,411.78273193901805
2024-06-14,474.18159889715145,-153.366392311229,-24.741405699859378,-76.61074082586492
2024-06-17,13253.780287848429,2939.5225192986036,1845.8992393622102,277.71393549375534
2024-06-18,5271.907451266166,792.3930269413613,493.30065879507333,76.61074082586492
2024-06-20,-3529.786846420113,242.83012115945166,151.172782533974,19.15268520646532
2024-06-21,-854.5973971105528,-1.006717472645775,21.704753005557443,-28.076101780606308
2024-06-24,-7445.964240698383,-4347.6075593084115,-809.2972063060438,-1770.1725918277023
2024-06-25,7165.865272396252,3719.340570969043,2411.7056747920105,2120.519250626935
2024-06-26,466.8316138368858,100.52271813429616,728.3674856754392,442.5431479569256
2024-06-27,7364.268708276925,3593.687173301173,938.7847593150104,1770.1725918277052
2024-06-28,-8057.4705626755795,-3216.726980297547,136.26623639645692,-1069.4792742292384
2024-07-01,882.8020614621153,125.65339766786582,1494.4080215966062,1106.357869892316
2024-07-02,13957.816377171217,8117.209489344596,1317.6500835582976,3024.0448443723253
2024-07-03,8553.636190112617,5604.141535987138,184.79238976732222,1770.1725918277043
2024-07-05,5485.960776826019,5327.704061117807,35.71539436813932,1346.0687417023155
2024-07-08,2837.953959567635,1960.1930036188242,1051.123534266627,737.5719132615432
2024-07-09,1956.0399801004041,1118.3152392440643,638.4602208138032,285.80911638884754
2024-07-10,14483.741124327255,4812.525130679536,1012.193032997493,534.7396371146187
2024-07-11,-9531.45493193433,-2940.289505428227,109.00540355357589,-46.09824457884679
2024-07-12,17124.97859510762,3882.6899879372722,129.88765697927383,396.4449033780784
2024-07-15,5306.765269789106,1005.2271813429834,923.6845458020134,119.8554359050031
2024-07-16,9575.002282479683,1218.8379573783677,1194.4196712957064,82.97684024192131
2024-07-17,-26374.05277093034,-2927.7241656614387,-3216.9703146897696,-82.97684024192131
2024-07-18,-17700.629964393323,-4259.650180940895,-4506.943559689133,-36.87859566307816
2024-07-19,-20773.616710855098,-10331.251657741761,-9511.030989171182,98.71913491227244
2024-07-22,16859.788616309506,8421.664004646434,4710.200077798635,4972.8078670937975
2024-07-23,-1418.1130611849094,-2129.6161850829985,245.2348334940043,-595.991954108621
2024-07-24,-38495.10326772034,-17932.33628575578,-10604.292455223502,-10485.733442598528
2024-07-25,-13890.235624939403,-5977.4454285852535,-6942.682699950953,-4320.941667287484
2024-07-26,19434.859550091496,8349.063452882243,18385.47457986183,6276.540266706392
2024-07-29,-409.39562970165514,-338.8025748995715,681.7511792452824,-167.62273709304736
2024-07-30,-14635.893761834088,-10333.478534436852,-7020.194575471698,-7096.029203605755
2024-07-31,33301.77575354383,22239.96902376457,14068.027712264153,13875.437681591304
2024-08-01,-29386.93004452178,-18029.13702144136,-6624.041863207547,-10969.976905311782
2024-08-02,-39042.155106003855,-12971.298581869229,-15276.330324291635,-10262.236459807791
2024-08-05,-20119.147157190633,-9970.475775615894,-14814.954256240344,-9796.617745660431
2024-08-06,-3135.451505016714,-4549.634577222787,2691.916720003008,-3687.700216047084
2024-08-07,-8622.49163879599,-2613.6198635109686,-5590.903956929331,-4600.312895775904
2024-08-08,28297.449832775925,8760.466579546017,23474.266782124163,14471.429635699915
2024-08-09,9279.390759659364,-2710.4205991965646,6427.562321465164,726.3651940698801
2024-08-12,591.6868004536279,-968.0073568559237,504.1828503137157,260.7464799225236
2024-08-13,17134.263596469606,15076.714583030847,7291.977890648341,16576.026223645975
2024-08-14,6976.973522015676,3823.629059580846,1727.2930982969847,7375.400432094168
2024-08-15,4067.8467531186834,31363.43836213156,242.75470570660218,10057.364225582958
2024-08-16,-8.22790565498542,9214.086748173058,42.19687988763796,664.9582122988497
2024-08-19,11861.102084397202,5813.118989522031,2962.9262817338476,3330.653497186174
2024-08-20,-208.9039506058234,502.36830773647034,-173.31880756660394,2.7284841053187847e-12
2024-08-21,4015.5981616452355,1985.5509305774804,998.6464626456705,765.6674706175086
2024-08-22,-9377.466227194647,-5071.527678101516,-272.3581261760919,-2641.55277363041
2024-08-23,20433.92051671388,6937.4671068369935,952.4078153875577,3732.6289192603645
2024-08-26,-6485.296872073416,-2607.530740155982,-1000.3741236560012,-784.8091573829497
2024-08-27,4331.33545607791,2200.8516338931186,2423.67064105275,1110.2178323953913
2024-08-28,-11893.613036149094,-4880.149275154293,-5164.5330774110635,-2698.9778339267255
2024-08-29,2224.1992882562336,2200.851633893106,6530.897734111944,1780.176869185711
2024-08-30,19435.073068865204,5382.517582890775,2528.098879064091,2679.83614716129
2024-09-03,-30374.044412085925,-17654.657671881727,-15641.141528925615,-8518.050610619812
2024-09-04,-6666.363305424089,-2894.598344576819,-4148.3729338843,-2660.694460395849
2024-09-05,-3981.6163087004024,-1865.9394287354498,-1404.3130165289294,-153.13349412349817
2024-09-06,-8963.16555185718,-17391.51236782931,-28870.361657981084,-12269.821216645614
2024-09-09,14227.54009350963,9425.386345150957,7279.344858962692,8288.350369434553
2024-09-10,4223.0154341159305,3588.345055260521,1592.3566878980882,2430.9942192105955
2024-09-11,9250.414760444422,10406.200660255476,1630.2699423718532,6948.432295853911
2024-09-12,2739.932632849028,8013.970623415154,227.47952684258235,4613.146510470504
2024-09-13,-733.4834661991929,6985.311707573797,-15.167119486030444,2966.9614486428563
2024-09-16,921.0999281092725,813.3582125257144,753.3988562035545,823.0925309138238
2024-09-17,943.5657800143787,909.0474139993294,539.3650902366379,507.25469928410166
2024-09-18,-1100.826743350112,1626.7164250514325,1472.5523098524015,1186.7845794571422
2024-09-19,22881.47016534867,13659.633510358357,3595.767268244238,1741.8934956548364
2024-09-20,3002.358797182958,941.2545254026012,151.31617131762277,26.982211191383954
2024-09-23,6578.663560674691,3414.482728038659,2327.7392931991612,1792.1770601336311
2024-09-24,5047.236961304517,2483.260165846305,1135.872782248388,1113.585746102446
2024-09-25,-798.067382770374,-997.7384594918185,415.95341321771957,-347.99554565701555
2024-09-26,7031.6207238686875,2283.712473947936,463.94803781976407,1130.985523385301
2024-09-27,2570.9508469226266,-1773.7572613187822,44.22077119734319,-1304.9832962138066
2024-09-30,4375.51544030056,2771.495720810606,2304.5322467519454,1426.7817371937635
2024-10-01,-11431.320443507742,-6274.666311915219,-4325.172839918507,-3288.557906458797
2024-10-02,549.8029872629049,509.95521262915713,2120.8376473731664,521.9933184855233
2024-10-03,-5864.56519747091,-2239.368542414975,567.7833071707702,-1026.5868596881955
2024-10-04,23273.954212347828,8070.595539000487,6094.352478875045,4384.743875278397
2024-10-07,-14055.340148043706,-8713.582546228543,-4760.173217414301,-3793.1514476614707
2024-10-08,13636.764187522025,8802.270409294484,6636.144259693895,4349.944320712695
2024-10-09,10332.217130771942,5587.335373154183,2809.8244686126072,2314.1703786191547
2024-10-10,1343.8491364116999,243.89162343133285,1206.571683580708,574.1926503340756
2024-10-11,13464.012052331416,5454.303578555275,315.9809664532074,1609.4793986636978
2024-10-14,12756.553323705743,5332.3577668396065,2973.971921977886,1078.7861915367466
2024-10-15,-12165.769550566716,-2738.237772160879,-1219.0955398186115,-52.19933184855108
2024-10-16,9430.659489737869,3846.8360604851223,1886.880357808424,339.2956570155893
2024-10-17,2997.680626668416,1241.6300829231513,590.1354205491375,139.19821826280713
2024-10-18,11978.755381904866,309.84720714018937,140.10474627840404,-39.178288168235554
2024-10-21,-3287.468431594533,-1531.3265663283164,51.81193747039339,-793.9085561690263
2024-10-22,-2394.844552817208,-1115.6807840392007,162.83751776409306,-631.5181696799106
2024-10-23,-18832.186710789865,-6344.067203360175,-4670.4760776883,-3915.412652015448
2024-10-24,3668.4664286336338,2647.0073503675167,4070.937944102322,1371.2965970192326
2024-10-25,-2574.3836582695562,-1334.4417220861033,3664.8047371411585,-884.1254375518729
2024-10-28,4201.68067226891,1662.58312915647,2706.604114038253,1551.7303597849245
2024-10-29,4868.614112311586,2078.2289114455657,1746.989928151962,1389.339973295804
2024-10-30,-8936.90809657196,-5490.899544977241,-959.6141858862889,-3283.894482335535
2024-10-31,-34169.22324485351,-14175.708785439288,-12343.755126144157,-9743.423189347197
2024-11-01,642.0040460244641,2362.6181309065505,8827.628441610766,2074.9882718054214
2024-11-04,-3030.886173385938,-3303.290164508224,-1306.165099268548,-2309.552163400809
2024-11-05,12195.708650052926,10741.162058102907,7706.3740856844315,8155.60607700913
2024-11-06,21865.678822284226,24348.092404620227,6987.983281086731,15661.65060806178
2024-11-07,817.8581737708082,9669.23346167309,111.95700850873254,3130.525783984698
2024-11-08,-742.0816357359856,2701.6975848792426,3.860458020810782,478.149471329074
2024-11-11,793.2764461215282,1389.1319565978301,953.3532511597876,523.2579120204973
2024-11-12,-4309.420693795295,-306.2653132656633,-210.18811836593727,135.3253220742663
2024-11-13,1286.394236953819,2428.2464123206155,1666.4915099013617,207.49882718054323
2024-11-14,-22265.340251275677,-5359.642982149107,-3678.292071403907,-27.065064414853623
2024-11-15,-24962.31309421567,-21820.335004873854,-14934.247172716312,52.668813772673886
2024-11-18,4674.726039311181,1928.8283992891522,2490.2798753253433,1257.816430676343
2024-11-19,6620.716646373283,3272.5066100299064,1767.2953953921792,1293.7540429813844
2024-11-20,-65.2287354322525,-43.34445841098932,160.66321776292625,-161.7192553726727
2024-11-21,11545.486171508088,3250.8343808244126,1630.7316602936917,1760.943002946885
2024-11-22,5313.348298510039,3294.178839235399,194.755588050957,2012.5062890821528
2024-11-25,7366.090436856,3077.456547180447,1976.4297889848938,1725.0053906418443
2024-11-26,10197.564506514518,3185.8176932079223,749.4269088344208,1311.7228491339029
2024-11-27,-5769.394532913224,-1863.8117116726607,146.94645271263153,-467.1889599654987
2024-11-29,12436.81636893652,3402.5399852628834,31.299222036554312,1239.8476245238253
2024-12-02,4900.5111740103885,1690.4338780286926,1556.085777375995,790.6274707108478
2024-12-03,1457.4796164082645,585.1501885483922,689.1237014093692,323.4385107453436
2024-12-04,9779.89945502936,2145.550691344117,889.191872786283,592.9706030331345
2024-12-05,-1932.744708715305,-216.72229205496114,96.32911955184727,17.96880615252121
2024-12-06,8648.549187902363,1365.3504399462472,125.1923093792088,458.20455688924085
2024-12-09,-12674.375540101228,-1907.15617008365,-2346.397844790129,-368.3605261266439
2024-12-10,-3909.304143862386,-130.03337523297523,224.50102835955022,35.937612305036964
2024-12-11,13579.688078679887,2752.3731090979963,3584.774485096029,664.8458276432102
2024-12-12,-13024.155384552076,-1094.4475748775512,-608.3253671678111,-116.79723999137241
2024-12-13,-356.02111095674263,465.95292791816973,1279.6063201267211,170.70365844893058
2024-12-16,7875.512013850762,1159.4642624940352,1330.3376101223912,71.87522461007575
2024-12-17,-7432.118576073645,-704.3474491786219,-901.6732690829538,-17.968806152517573
2024-12-18,-42861.36565178835,-31446.404577174806,-25897.238810382547,-8553.15172859915
2024-12-19,-4560.618217136107,-4572.840362359679,-4670.963164429726,2991.8062243944514
2024-12-20,-3002.9259383772805,-13505.988125752989,-10940.490209956717,5832.459372141891
2024-12-23,9256.9735867687,4132.231404958669,4167.841810034158,2995.367629131693
2024-12-24,12702.624866288157,8665.036262438858,2076.0866159004727,4580.126084079271
2024-12-26,1213.692092487454,-716.8156518805863,188.0229387985337,-208.97913691616122
2024-12-27,-5618.580250903374,-8475.290942823412,-0.5401868705397419,-3779.0393925673093
2024-12-30,-22112.813547812064,-12164.783268679375,-7644.489247311827,-6008.150186339732
2024-12-31,-7172.870421459196,-4005.7345252150317,-1092.0698924731187,-1637.0032391766254
2025-01-02,-6812.1047493739425,-2951.593860684776,-1328.8123167155427,-1758.907735711051
2025-01-03,25006.487169001728,11679.878562995451,15050.242312823118,7854.132562432518
2025-01-06,10888.948330435558,7758.475290942818,3368.7724069724327,3935.7737452544334
2025-01-07,-19069.59119076278,-14294.14741103052,-4218.692050933367,-6582.842812859184
2025-01-08,423.5210200169349,948.726598077239,1838.9170478427495,661.7672669011873
2025-01-10,-38928.936216738686,-21040.647664024284,-11751.954315620242,-13026.366201107592
2025-01-13,3078.9326366859464,1264.9687974363405,1852.1012931034484,2438.0899306885876
2025-01-14,3008.9568949430877,1834.2047562826774,1456.4251077586193,2333.6003622305016
2025-01-15,21925.73241276358,23370.29853263618,5472.117456896553,17536.832572881478
2025-01-16,594.793804814326,-7937.679203912963,134.69827586206884,330.88363345059406
2025-01-17,2723.062839586908,30344.22916438147,43.351368206127795,3045.153680616525
2025-01-21,16760.262940228993,7241.591829547454,4792.998055015283,4108.001825778586
2025-01-22,7727.134212702973,3653.812290896288,617.455466024513,1843.3341525929582
2025-01-23,3526.1851900222027,3257.6157774256026,154.36386650612894,1404.4450686422524
2025-01-24,519.5314127478655,-1606.7969712977647,-0.03513273168065467,-596.8891541729572
2025-01-27,-19270.21954519664,-9552.738158126433,-9255.40765391015,-5196.446753976335
2025-01-28,9340.491466980935,5238.59834477901,6529.296410743997,2931.779080790703
2025-01-29,-9034.961372266598,-3763.86687797147,-2354.706441644876,-1685.334082370705
2025-01-30,9034.96137226659,4182.0743088571935,6848.704540052293,2475.3344334819685
2025-01-31,-12726.102564229319,-4138.052474027114,3180.764610711357,-2194.445419753517
2025-02-03,-8461.84437276302,-5898.925867230155,-3971.571906354515,-3265.334784593239
2025-02-04,6429.234236224647,4534.248987497801,5386.544893233856,3124.890277729013
2025-02-05,12107.28646546772,6251.100545870756,4711.216876768718,3440.8904181735174
2025-02-06,3004.7280279262977,1760.87339320303,988.8731669668123,1070.8893648397188
2025-02-07,-15492.255387802108,-6317.13329811587,787.1822733167099,-2510.4455601980253
2025-02-10,8684.397311176988,6581.264307096324,3948.2791165922113,3476.001544889574
2025-02-11,2630.3703394430304,1650.818806127836,896.6211539671554,719.7780976791564
2025-02-12,-2870.443822804895,-2751.3646768797335,424.71528345812567,-438.88908395070393
2025-02-13,15865.725856957957,10873.393203028701,1321.3364374252824,3063.4458059759127
2025-02-14,3113.685195852952,1694.8406409579147,40.21900301463572,684.6669709630969
2025-02-18,4594.242966335992,3191.583025180491,1744.2204221604686,561.7780274569013
2025-02-19,2805.334200683039,1507.7478429300936,746.4672145686743,114.11116182718433
2025-02-20,-8355.01707594731,44.02183483007684,147.81529001359877,79.00003511112664
2025-02-21,-40912.56796141358,-24926.437286933902,-11347.318278993267,-15.799531519431099
2025-02-24,-6924.7384693575,-3450.2470295210587,-1810.9035455585195,-2183.7757313109432
2025-02-25,-8343.568675617298,-3817.728961659379,-2954.632100648113,-2386.9176598049826
2025-02-26,-1440.0067765024814,-1204.5241108978807,778.3708222137511,-558.6403033586148
2025-02-27,-27211.89276184828,-12555.632681393163,-17362.43487101284,-8887.459371614297
2025-02-28,16208.940373623973,9432.036258217306,26234.939596634762,7787.10725893824
2025-03-03,-18048.30575953287,-11004.04230125353,-9715.198296513174,-8498.104008667397
2025-03-04,-11921.613730867906,-5369.319341799022,-7735.560287463404,-4723.049837486453
2025-03-05,2676.2806334601337,1510.7590543464903,5622.837370242214,1862.1343445287093
2025-03-06,-16455.80819251527,-7206.72900249072,-16153.180729305295,-8125.677139761636
2025-03-07,-6227.164266984458,-3041.9337715895454,-2321.7440981491986,-236.99891657638727
2025-03-10,-25647.805393971437,-9289.126617941292,-17075.73369361255,-13915.22210184182
2025-03-11,-8485.168982260475,-2245.7229186231707,-5648.127298656465,-2725.4875406283973
2025-03-12,-6441.997980866283,-530.8072353109164,-619.2299031749499,-2369.9891657638073
2025-03-13,-8485.16898226046,-734.9638642766513,-15180.514899046757,-2979.414951245926
2025-03-14,-929.649911356095,-183.74096606923558,24863.135788000312,846.4247020585099
2025-03-17,10725.105052281835,224.572291862336,6165.531310334777,964.9241603466653
2025-03-18,-11848.9201602658,-142.9096402760115,-4052.675676660231,-2420.774647887294
2025-03-19,17675.657187530534,-183.74096606914827,7786.60158099887,-220.07042253522377
2025-03-20,-390.89221147268836,-40.83132579314406,1293.2133619904562,-998.7811484290141
2025-03-21,-16189.359912518466,-174.19006079030873,747.6771942788273,-232.901290504518
2025-03-24,20504.844224924007,11073.537816726996,7822.321553289565,7186.269638010773
2025-03-25,3740.026595744679,1476.4717088969282,925.4085766168464,1012.9582202515212
2025-03-26,-11801.861702127659,-7668.127262335686,-1344.4615169716453,-4548.755781506821
2025-03-27,-1116.0714285714275,-1619.356067822438,1100.0139684313453,-1051.183058751577
2025-03-28,-49407.02764021121,-15883.977900552489,-9771.891068805477,-11161.652842016741
2025-03-31,7385.709278453754,3786.435511526004,4301.724463227805,3516.685142005268
2025-04-01,4882.079014571131,4691.369784720903,2830.0818837025035,2752.1883720041324
2025-04-02,12906.21401031495,10621.070680129542,5207.3506660126,7148.044799510723
2025-04-03,-67109.80922337389,-40245.76109735189,-37357.08086487302,-29471.350483544207
2025-04-04,-8455.24343722651,-11978.47208992194,-25302.133807565646,-17201.177325025787
2025-04-07,1063.771752768536,571.537435702121,456.0795402718234,879.1712855012956
2025-04-08,-11346.898696197703,-2381.4059820918264,-8049.8038857976935,-4032.7204617560565
2025-04-09,38977.688069390664,18074.87140407696,26794.672990969633,25763.54114903865
2025-04-10,-4364.191806229886,-11692.703372070875,-980.5710115844231,-14869.462176522295
2025-04-11,7991.926245158476,1238.33111068773,2850.4971266989014,3554.9099805053265
2025-04-14,0.0,-5310.5353400647655,0.0,-4013.608042506021
2025-04-15,0.0,-2476.662221375489,0.0,-7377.39383051105
2025-04-16,0.0,-1905.1247856734626,0.0,-7090.707541760639
2025-04-17,0.0,-604.1287662629325,0.0,-1210.6314075558298
2025-04-21,0.0,-12609.044419933818,0.0,-10610.960967613308
2025-04-22,0.0,10553.494434974418,0.0,9503.345000221547
2025-04-23,0.0,7269.627995588084,0.0,5471.622878915408
2025-04-24,0.0,9074.501153113397,0.0,6601.391165655046
2025-04-25,-686.6416978776527,2581.971322570942,-125.16119244481466,2038.0133800008898
2025-04-28,-2208.77748967637,-75.20304823022525,-265.4934385193036,88.60927739134058
2025-04-29,8090.847978488431,3008.1219292088717,5215.049685200635,2038.0133800008844
2025-04-30,4225.4873715547865,777.098165045616,2768.7172874156113,376.58942891321203
2025-05-01,4129.453567655815,777.098165045627,2266.176135932642,664.5695804350671
2025-05-02,15570.172271628133,5214.078010628695,2648.9998897207656,3101.3247086970023
2025-05-05,-10221.226547185666,-426.15060663792246,-3033.402701844732,-22.152319347835146
2025-05-06,-11714.73910202558,-1303.5195026571782,-5414.271101548446,-598.1126223915671
2025-05-07,4153.831793148514,1955.2792539857583,6049.1693414694355,1085.463648043955
2025-05-08,8984.411462708858,1754.737792038508,8377.129554513067,742.1026981524956
2025-05-09,-4531.719595634822,726.9627995588089,3972.858193650657,287.9801515218642
2025-05-12,29736.933024036323,1215.7826130552494,11028.078067184217,398.7417482610399
2025-05-13,2689.896846157644,-25.067682743407204,380.9040121889302,-33.22847902175272
2025-05-14,974.7791323231831,62.66920685851801,253.93600812595105,44.30463869567757
2025-05-15,555.2539361334566,50.13536548681441,72.55314517884472,11.076159673913935
2025-05-16,-417.8531994699244,-988.3017345703906,-38.20679603171731,-107.17797922094314
2025-05-19,298.1133682551863,224.10470171664213,524.3222938709063,-35.834587543900426
2025-05-20,-5813.210680976109,-2218.6365469947505,-234.77117636010658,-1146.7068014047118
2025-05-21,-28555.001916443074,-11944.780601497023,-14516.68440493333,-7561.097971762343
2025-05-22,-2874.664622460725,829.1873963515645,2645.088586990547,394.18046298286936
2025-05-23,-12680.423605239328,-5871.543184976017,-12311.076223288204,-3744.7143983372716
2025-05-27,23782.195491483402,15239.119716731657,9240.493284325512,11037.052963520384
2025-05-28,-3489.279647399111,-5871.5431849760125,-257.6345711243175,-3440.1204042141453
2025-05-29,6381.708828795741,2106.5841961364167,1064.8895606471779,1522.9699706156357
2025-05-30,3248.3731255989824,67.23141051500897,77.2768309491824,268.75940657923275
2025-06-02,7826.8876611418,4952.713907937787,3858.2308925708176,3225.1128789507634
2025-06-03,6917.039375602915,3630.4961678095924,2630.611972207376,2383.000071669172
2025-06-04,1644.3041304919716,-22.410470171662922,801.710315339391,268.7594065792305
2025-06-05,-3880.557747961064,-4392.4521536461825,-8.351149118118883,-1970.9023149143554
2025-06-06,16613.97693812363,9322.755591412308,1187.6398022619544,5500.609187988248
2025-06-09,617.9378531073345,627.4931648065976,1192.6662717096442,895.8646885974331
2025-06-10,8871.82203389831,5423.333781542741,2252.8140687848836,2203.8271339496887
2025-06-11,-88.2768361581966,134.46282102998703,748.3396214648747,-143.33835017559068
2025-06-12,8165.607344632768,3361.5705257496265,1605.812104393378,1021.2857450010779
2025-06-13,-27461.654166657434,-10622.562861368831,315.6065624242646,-4533.0753243030185
2025-06-16,11820.433705619052,11855.138720810362,5823.789692868298,5858.955063427221
2025-06-17,-12559.21081222024,-12168.885303213661,-4587.454450806871,-4443.488855443275
2025-06-18,1434.0967363434866,2868.5401819730205,4009.9557522123896,4183.688095750018
2025-06-20,10107.927852867875,12884.096143989816,3325.9380152637063,2776.279706371619
2025-06-23,11821.329055138054,5997.609493724926,4902.274399411408,3711.464696689868
2025-06-24,10027.020180697462,6104.328523862374,2007.2934327116855,3498.366245205284
2025-06-25,2089.842100819049,149.40664219243263,559.8029493618251,284.13126864611604
2025-06-26,2205.9444397534426,3607.103218645947,111.96058987236484,1740.3040204574509
2025-06-27,284.978468293506,2134.3806027490846,47.983109945299475,1083.250461713309
2025-06-30,0.0,1643.4730641167953,0.0,816.8773973575808
2025-07-01,0.0,85.37522410996098,0.0,106.54922574229204
2025-07-02,0.0,1707.504482199267,0.0,763.6027844864329
2025-07-03,0.0,2070.349184666611,0.0,745.8445801960497
2025-07-07,0.0,-1408.6911978143944,0.0,-319.64767722687793
2025-07-08,0.0,1707.5044821992633,0.0,745.8445801960515
2025-07-09,0.0,1814.223512336721,0.0,461.7133115499346
2025-07-10,0.0,490.9075386322911,0.0,97.67012359710134
2025-07-11,-116.00928074245986,-213.43806027491155,-31.064169699120928,17.75820429038322
2025-07-14,3128.1073914484573,469.56373260479813,1390.4914055797167,133.18653217786596
2025-07-15,-8783.559827643361,-53.35951506872516,-1198.189402680394,0.0
2025-07-16,7954.922108054362,522.9232476735233,2928.9074287742974,97.67012359710316
2025-07-17,14697.961551209813,96.0471271237111,1427.4725599834314,8.879102145188881
2025-07-18,1465.1401512710781,-51.144398705304454,188.1775261558587,-31.49676522852333
2025-07-21,4607.736146477504,1762.2228597188628,1664.1301719601172,1127.7826811807427
2025-07-22,-303.1405359524647,-266.38252530633645,547.5983899185005,-98.06805923310901
2025-07-23,16046.239036417282,7356.255891152004,1507.6734891262608,3677.5522212415417
2025-07-24,2768.6835616992066,614.7289045530888,213.35002204616876,408.6169134712836
2025-07-25,3866.2842996953113,2909.716814884632,111.85228266808716,1291.229446569252
2025-07-28,-574.8070290688149,573.7469775828868,665.4900031827764,490.34029616553835
2025-07-29,-4536.86976515027,-1782.7138232039651,-991.0014177830494,-931.6465627145235
2025-07-30,8026.769584496635,3462.972828982418,2871.7340354735106,1503.7102415743193
2025-07-31,-22725.40647068484,-8421.785992377356,-3573.3919736118737,-3252.590631231409
2025-08-01,-30248.77170403233,-14753.493709274213,-20572.736140003704,-7681.997973260111
2025-08-04,18457.05496640492,15655.09610261874,7208.2633630113105,8744.401948285446
2025-08-05,-4189.265765401115,-6762.017950084012,-293.0832356389219,-2304.5993919780335
2025-08-06,8621.387517202298,7991.4757591902035,1322.8351446405377,3726.5862508580963
2025-08-07,2114.870881567229,409.81926970205495,269.3197300465763,621.0977084763508
2025-08-08,1342.76350151757,9343.879349207,117.52621619658909,3056.4545127651927
2025-08-11,-6771.481942714821,-3626.9005368632443,-1757.8601460817652,-825.4061652119908
2025-08-12,19691.78082191781,10983.156428015247,5345.329831962919,2247.3930240920527
2025-08-13,5506.693648816936,1383.1400352444543,545.2953922539355,187.96378019678923
2025-08-14,885.3518057285182,676.2017950084046,286.9975748704919,81.72338269425563
2025-08-15,39.95278638877841,380.1181718418518,116.96602280368063,49.415040765573764
2025-08-18,192.41129839144705,118.43196083849719,1348.3081601331094,363.050890263924
2025-08-19,-10159.316555068117,-4381.982551024435,-2194.5866861741033,-2083.5964136885977
2025-08-20,-7484.799507427077,-2921.32170068296,-1111.6370469182564,-1610.0517742139145
2025-08-21,-7003.771261448481,-3256.8789230587035,-2653.5852087726084,-2036.2419497411342
2025-08-22,31257.882673892454,12691.958469859066,9118.53362613247,7261.0178052784495
2025-08-25,-7048.440557485721,-3710.8681062729434,-703.7640927017584,-1183.861598686705
2025-08-26,8366.279301944813,4303.02791046544,2229.7476204412123,1925.7482005303727
2025-08-27,2356.1359370632163,927.7170265682375,571.372827738061,299.91160500063006
2025-08-28,10143.364881594187,3316.094903477952,1985.868974455453,1641.6214168455622
2025-08-29,-17496.350393034918,-5625.518139828675,259.9547094559936,-2509.7865892158106
2025-09-02,-9618.714170289713,-5171.528956614429,-2094.7290770665445,-2383.508018689228
2025-09-03,5694.27878881151,3316.094903477955,3187.328628891951,1878.3937365829006
2025-09-04,17467.58493324612,8408.669219533384,2741.9377287847783,3867.2812223765636
2025-09-05,-6903.513318879046,-3868.777387390946,461.4043013614016,-868.165172370248
2025-09-08,5181.846201263672,3533.2201650152024,1801.9396941572627,1720.5455234246729
2025-09-09,6000.539374325781,3552.9588251549503,1175.7830436779047,1183.8615986867035
2025-09-10,2956.9271074125427,1460.6608503414773,410.48047086980114,489.3294607905045
2025-09-11,10257.743874248725,7362.520232126642,765.3025728081043,2233.552216188913
2025-09-12,721.962584383595,532.9438237732429,96.44737407938631,126.27857052658146
2025-09-15,6927.282258668464,1894.9113734159728,1088.1242940965803,386.72812223765686
2025-09-16,-1029.7311465588255,-59.21598041924881,-27.547450483457283,7.892410657910659
2025-09-17,-730.1729948326238,1727.1327622280987,1108.7848819591745,426.1901755272138
2025-09-18,9950.947352654835,2171.2526153724684,1177.653508167819,284.1267836848074
2025-09-19,9741.651764673003,631.5715739867337,375.19502989182797,127.28651926395807
2025-09-22,6895.6446582240405,3026.0707635009244,1500.660290527832,1202.5817451135588
2025-09-23,-8116.944120852277,-3840.7821229050246,-653.620926541011,-1781.0387870669165
2025-09-24,-6247.41648190598,-2657.5108628181233,473.54169167767134,-715.4600255738951
2025-09-25,-13509.450978918492,-5159.838609559279,-1794.122747342164,-2618.2792425257217
2025-09-26,15227.892036578856,5702.979515828673,3836.5677285770694,3881.7512025817423
2025-09-29,3754.123848166549,2114.3699565487286,1360.001082587927,1172.1366376423312
2025-09-30,4929.657578400517,2676.908752327749,1217.9114172429195,1111.2464226998693
2025-10-01,8456.25876910242,4577.901924270638,947.2644356333813,1933.2643244230653
2025-10-02,3934.2459519927215,1978.5847299813804,419.50282149478335,593.6795956889737
2025-10-03,4786.448480526059,-290.96834264432164,167.968658758338,304.45107471229494
2025-10-06,6856.150206978118,4073.55679702048,2184.7016938181036,1841.9290020093786
2025-10-07,-5063.571850975755,-3006.672873991307,-701.2622720897616,-1172.136637642332
2025-10-08,11263.675340035485,6478.895096213533,1847.5563706980251,2511.7213663764223
2025-10-09,-6819.189828503845,-3064.866542520178,107.8865033984257,-639.3472568958177
2025-10-10,-56022.67773627914,-33946.30664183737,-23869.932873784815,-15801.01077756804
2025-10-13,15880.043116723129,15925.667287399136,7068.319657509813,11812.701698836996
2025-10-14,-1597.6285802279035,-2405.3382991930484,-512.8433820906184,-1156.9140839067163
2025-10-15,5505.081613797351,8069.522036002481,1865.5607087644203,3889.362479449551
2025-10-16,-7891.900215583615,-19320.29795158286,-817.5764062314192,-4772.270596115203
2025-10-17,14859.577872261714,15862.652549128687,1910.1110838149125,9271.942489849078
2025-10-20,12581.564539113486,5642.656971900326,5660.213056224783,4046.762589928056
2025-10-21,75.00187504687528,-492.3123532530499,682.1282401091403,-160.58581706063933
2025-10-22,-5193.8798469961785,-2310.081042187375,-435.40100432498275,-1413.1551901336047
2025-10-23,9909.62274056852,3010.6793910474807,1785.1441177324314,1943.0883864337115
2025-10-24,7649.90915233251,4317.200636219043,378.654455856975,2440.9044193216805
2025-10-27,14128.728414442703,5169.2797091570155,4100.705702841884,2649.665981500518
2025-10-28,1204.7752911540301,132.54563356812469,313.34296068227104,-32.11716341212741
2025-10-29,1578.9857982548983,-700.598348860105,619.8741178714472,-465.6988694758493
2025-10-30,-3294.877879595486,-2234.3406801484543,340.5901746546415,-979.5734840698851
2025-10-31,4990.600595979556,-18.9350905097308,475.4036747298241,48.17574511818839
2025-11-03,4127.77509203823,1760.963417405137,2503.0008729812303,1140.1593011305267
2025-11-04,-21010.747090104498,-6362.190411270171,-6404.135748581404,-3308.067831449127
2025-11-05,2733.256479863152,2329.0161326971165,4296.704495853339,1670.0924974306254
2025-11-06,-20062.474433825446,-6475.800954328561,-7993.2343954604985,-3388.3607399794437
2025-11-07,-7624.078617038362,265.09126713625255,427.9052023696965,562.0503597122306
2025-11-10,19320.910026294732,11398.924486859054,6794.133499758873,5957.7338129496375
2025-11-11,3753.6679242406935,2026.05468454139,794.3037076962355,1043.8078108941445
2025-11-12,1143.2491139819358,151.48072407786458,319.13988255652293,272.995889003083
2025-11-13,-18025.227697115202,-10490.040142391885,-1184.3635641542087,-4303.699897225077
2025-11-14,-5873.779262681101,-927.8194349769037,1401.6026764566273,-240.8787255909565
2025-11-17,-11708.066389419662,-9562.220707414985,-5061.68933881683,-4014.6454265159314
2025-11-18,-13225.431793488442,-12440.354464894353,-7376.837019355206,-6230.729701952721
2025-11-19,3222.0598703682954,4449.7462697871815,4198.90138333669,4383.992805755395
2025-11-20,-23022.741748154833,-26338.710899038102,-17600.874291794888,-13858.556012332994
2025-11-21,-4945.070675769169,5035.753669911636,13538.805205818708,20313.579384241446
2025-11-24,17705.77517230452,8316.892963521721,7726.975249881009,5590.082535924506
2025-11-25,7525.944704111545,4854.744497311515,1539.445502141837,3074.545394758471
2025-11-26,1901.291293670285,3075.316235348726,275.1665873393613,1792.1146953405078
2025-11-28,-493.26345431870595,1740.7450388766392,-7.483779440023028,1019.3679918450525
2025-12-01,-7692.0272684189395,-1392.5960311013114,-1520.060802432099,-559.0082535924503
2025-12-02,3426.7799205278716,1431.2792541874587,2560.1024040961647,1035.809411068365
2025-12-03,7363.9313185811625,2011.527600479676,2286.7581369921463,1002.9265726217473
2025-12-04,938.7189675914146,696.298015550652,946.704534848061,460.3597382526059
2025-12-05,4953.429449325594,1276.5463618428694,398.1494718042152,624.7739304856786
2025-12-08,-6424.183398261913,-1044.4470233259854,-1384.3494233002891,-263.0627075729153
2025-12-09,-2247.527719508541,-77.36644617229467,155.31725237027536,65.76567689322655
2025-12-10,13119.943062631108,3152.682681521026,4929.634531752249,1109.795797573248
2025-12-11,8175.382079712318,1556.9997292174412,1465.3845114934766,485.0218670875656
2025-12-12,-29989.481582683107,-2108.2356581950444,207.5327469091985,-271.2834171845716
2025-12-15,-2767.2150897932984,676.956404007582,348.1608912918803,295.9455460195368
2025-12-16,-7115.69594518279,309.4657846891787,-395.947680292728,115.08993456314784
2025-12-17,-15567.937954143297,-4052.0676182739517,-6260.069359110889,-460.3597382526059
2025-12-18,4386.130040284632,5299.601562802214,6451.216515114276,682.318897767258
2025-12-19,7351.880499011507,1764.5414274312516,5844.404064457031,56.00041572182941
2025-12-22,12710.9397730579,5671.215835498152,2169.1138720607864,2991.6175468736096
2025-12-23,7110.125109106779,3164.9043211005837,346.5448197966939,1318.0889191670876
2025-12-24,4155.149839976719,2433.134535875013,109.09744326932923,1110.749089185747
2025-12-26,372.1851285344288,73.17697852255515,-3.1904698215154,281.3897692603887
2025-12-29,-6875.423034448366,-2323.3690680911786,-451.8053647245223,-562.7795385207792
2025-12-30,-3384.2755869046287,-1061.0661885770742,321.8339584339066,-162.9098664139101
2025-12-31,-16885.753980976806,-6878.635981120332,-3410.202136482354,-2650.987826189981
2026-01-02,2130.43032762216,841.535253009397,5227.14943188695,992.269186339267
2026-01-05,10281.804433624731,6915.224470381621,2641.589180050718,2932.377595450372
2026-01-06,8603.518866880597,6220.0431744173275,1096.2595097210483,1880.868457687865
2026-01-07,-3282.8003393456493,-3347.8467674069743,-59.43575655114182,-703.474423150973
2026-01-08,1844.2698535649724,1244.0086348834648,244.34699915469218,348.0347146115337
2026-01-09,8187.606911637694,6832.90036954374,227.782285843024,2051.18331802968
2026-01-12,3458.7116299178574,1920.895686217118,1078.5352342782753,407.27466603477296
2026-01-13,-3800.979968295141,-594.562950495776,-216.98341991397297,7.404993927904798
2026-01-14,-11853.292981697658,-2780.725183857161,-1135.9720219025621,-22.214981783716212
2026-01-15,4485.516645049727,5049.211518056425,2674.0015571751314,533.15956280916
2026-01-16,-543.6046802655057,3475.323264506718,1211.203741070007,-38.42007785758834
2026-01-20,-32586.702637464055,-14295.512797371934,-14557.642122499103,-8980.35270446207
2026-01-21,14607.220190976532,7256.055738059995,12645.192652100495,5562.788495679963
2026-01-22,7383.479464697739,2689.4335944550703,4157.498848692627,1952.893833589776
2026-01-23,1135.6903453118673,-234.64856864372814,1474.1551858805176,-103.56255178127208
2026-01-26,8320.864202036426,4945.6698314140285,3352.0906814571495,2781.3942478399786
2026-01-27,5054.560052552824,3285.079961012238,1386.607791928057,1538.643626464667
2026-01-28,2025.4735228641293,324.89801812208907,895.2370695457867,118.35720203574692
2026-01-29,-711.6528593846906,-1823.0388794628343,457.71519345197976,-1035.62551781276
2026-01-30,-3842.069777033707,-3140.6808418468654,435.5291490118922,-1538.6436264646693
2026-02-02,9145.230634700874,5162.268510162087,4412.846285854377,3328.796307255297
2026-02-03,-14209.720906507324,-8302.949352008947,-3874.8603960665732,-4394.011125576991
2026-02-04,-5046.272680900682,-2165.986787480597,-1232.600582931547,-1612.616877737009
2026-02-05,-27544.99744953728,-13898.415219667168,-14409.849908746699,-9202.272458279087
2026-02-06,34207.152570305494,16515.649254539556,22321.65896057843,12042.845307136937
2026-02-09,7559.2049619396685,6353.561243276408,3703.6028430598303,3506.332110308913
2026-02-10,-3224.5559627854523,-2960.1819428901385,-347.21276653685936,-858.089714759145
2026-02-11,0.0,-469.2971372874667,1382.0429726859297,399.45555687063734
2026-02-12,-30430.64561601354,-19132.883289411937,-8401.187331499688,-10297.076577109718
2026-02-13,-8056.211743283446,-3230.9302913252177,3727.3961887708824,88.76790152680587
2026-02-17,1485.0940559568812,-3519.7285296559785,2757.010684311534,1627.4115279914804
2026-02-18,8067.177587913896,4711.0212627703,3358.540288161325,6435.672860693574
2026-02-19,-1604.268270323787,-7147.75639868596,1246.025607974564,-429.0448573795703
2026-02-20,16562.468737402818,11522.277302856704,1368.7592077643178,11197.030843569444
2026-02-23,-14173.98074745187,-6996.519679954074,-5827.60126651381,-4250.097273353088
2026-02-24,8228.34088335221,4162.032219870114,5595.589038104596,2963.095986351802
2026-02-25,13625.424688561718,5902.192242833047,5213.451250136477,3920.8643859806634
2026-02-26,-11059.597961494901,-4018.513867460802,709.6844633693618,-2095.1183741881414
2026-02-27,-10892.087615037346,-3085.6445768002504,1627.242261779991,-1945.4670617461293
2026-03-02,-179.26929833996633,89.69897025582122,642.9306206423612,-194.54670617461284
2026-03-03,-12656.412462801616,-6870.941121595925,-4629.100468624989,-4085.4808296668684
2026-03-04,11706.285181599793,6135.409565498186,7279.403360384047,4280.027535841481
2026-03-05,-15022.767200889177,-5597.215743963258,-2793.1763630129167,-3352.189398701027
2026-03-06,-33897.44257439134,-9113.415377991461,-12780.199196017531,-6405.076172518031
2026-03-09,6192.643438036266,3211.2231351584087,5279.630741993616,3082.8170363054023
2026-03-10,2145.042154741477,-233.2173226651248,2086.56065252442,882.9427434078607
2026-03-11,-1417.5930761769778,-5094.901510530672,1588.6314058992757,-2723.6538864445783
2026-03-12,-24919.794075953138,-12683.434394173153,-6749.707565363095,-10879.65041453414
2026-03-13,-19723.96856716818,-6135.409565498172,-672.0009779611019,-6225.494597587611
2026-03-16,12423.786853754278,-1237.8457895303436,8856.160384091347,5611.924216575375
2026-03-17,5032.155683621479,-1542.8222884001225,2716.862388892496,209.5118374188096
2026-03-18,-19481.3329992483,-5507.516773707459,-5701.355998183352,-19050.612073867887
2026-03-19,1795.7070074333903,-1811.9191991675834,4849.802115097645,-4639.190685702313
2026-03-20,-10306.347601689782,271.29353222315325,4141.261269192211,-5236.834187129481
2026-03-23,8671.375999323216,5154.63917525772,5464.840663681852,3920.3860072376397
2026-03-24,-2347.616429085064,-1385.4366162748006,707.7956281274692,-957.9223728092024
2026-03-25,8650.226301763887,2078.15492441221,5283.77666578878,1632.0158944156656
2026-03-26,-18950.129013155118,-7782.893932602589,-3785.8835923097186,-5268.573050450576
2026-03-27,-45873.69400617573,-12387.433274927647,-22641.72372926004,-9916.270488895192
2026-03-30,0.0,-4115.561713051644,0.0,-2252.891506421627
2026-03-31,0.0,18479.279572959535,0.0,14794.578868942022
2026-04-01,0.0,5317.631718348883,0.0,3636.5571560349085
2026-04-02,0.0,325.9850861823088,0.0,620.8756120059634
2026-04-06,0.0,2933.865775640764,0.0,2323.8487192223074
2026-04-07,0.0,509.35169715985285,0.0,-35.47860640034014
2026-04-08,0.0,13263.518194042617,0.0,8000.425743276803
2026-04-09,0.0,3585.835948005373,0.0,1747.321365216776
2026-04-10,-354.4783044430416,743.6534778533933,-50.341201476676154,328.1771092031486
2026-04-13,12490.256486396205,1945.723483150643,4523.716299362344,478.96118640459827
2026-04-14,9047.548346386546,651.970172364614,1908.7705559906017,195.1323352018735
2026-04-15,3479.8262870717517,264.8628825231244,685.199686765859,97.56616760093675
2026-04-16,1234.178389814777,101.87033943197093,230.73050676809453,53.21790960051294
2026-04-17,-509.8563794046198,-99.8052005195504,-11.62950608361674,-95.90883781876346
2026-04-20,-3879.555808656038,-1719.9289835774546,-763.5365979915113,-1077.2999616304182
2026-04-21,-5071.896355353074,-1479.5088030773888,-1514.131897711978,-973.9972255836556
2026-04-22,10250.569476082002,4050.15534842433,5448.286572108913,2316.932794191431
2026-04-23,-9876.85079726651,-2792.572865808546,-168.23687752355318,-1638.0862430270624
2026-04-24,22316.115123507618,5862.553632194111,2649.7629803730556,3128.5971488444834
2026-04-27,2589.6556650950183,1294.570202692701,2691.0875518559674,1328.1780348868099
2026-04-28,-6447.34962137448,-3365.882527001034,-1274.3689162441365,-1446.2383046545258
2026-04-29,-9662.094584940696,-4253.587808847468,-1972.560396952359,-2066.0547209350375
2026-04-30,30468.638376910974,13574.493268234955,8629.104416908434,7172.161388388771
2026-05-01,9325.109369306503,1146.619322384966,218.81259539333476,693.6040848853345
2026-05-04,-6565.427884782844,-2829.5605858854815,-1328.575766778015,-1254.3903662819857
2026-05-05,16039.14875831563,8100.3106968486445,4966.342747241624,3748.4135651249962
2026-05-06,13688.133468008777,6898.209794348277,1613.2705739447306,2110.3273220979318
2026-05-07,888.1613318936979,-443.8526409232145,366.9399736815476,125.43903662819685
2026-05-08,2397.922709399374,2977.511466193224,68.64826542191815,760.0129866296757
2026-05-11,3948.3622879901122,675.0258914040533,1265.4738635794129,184.46917151205707
2026-05-12,-3536.3592666346162,656.5320313655902,532.501378238861,213.98423895398628
2026-05-13,13441.598571722852,961.680722000292,2399.3885631233393,147.57533720964602
2026-05-14,10694.91176268626,286.65483059624603,864.5316493760347,81.16643546530395
2026-05-15,-17718.17890020838,-69.37651527475512,54.02957757795258,-97.89687739680498
2026-05-18,703.691674786187,405.8441558441476,1642.8791457028447,667.2399988137977
2026-05-19,-10194.507596261408,-4340.7679277244415,-2015.093952151145,-2387.236440200474
2026-05-20,17899.029266356316,6493.506493506482,5794.999486600267,3958.9573262951894
2026-05-21,7921.042185413735,2011.5753811406034,1970.1714755108314,1556.8933305655232
2026-05-22,12481.473679359086,2558.5827216261987,379.001638765535,1378.9626642151793
2026-05-26,10319.934928489116,3670.242800677578,3214.512272483287,2164.8231072625367
2026-05-27,3295.9398088524395,1270.4686617730167,1061.3380178597567,934.1359983393122
2026-05-28,9989.493662305971,4146.668548842457,536.7686527106816,2090.685329616559
2026-05-29,3160.8208632607284,1446.9226425748147,84.61767007805568,504.13688799264673
2026-06-01,4775.262138515994,1499.8588368153542,1551.74902564596,652.4124432846002
2026-06-02,3189.073665932012,1164.5962732919252,1118.7027859308091,607.9297766970121
2026-06-03,-16162.425699592597,-3723.1789949181184,-1635.9524611461293,-1378.9626642151761
2026-06-04,7713.884992987374,2787.972896668547,2502.044940576432,1378.9626642151761
2026-06-05,-49495.29195777901,-24050.67758328627,-27403.42211003864,-12084.4577562943
2026-06-08,7142.609479560346,4728.966685488424,4586.292231547234,3766.199104415649
2026-06-09,-4507.472001664297,-3811.405985319021,-1425.6509576070575,-2268.615995966905
2026-06-10,-23750.91016261572,-16833.709768492372,-9710.565956531093,-11135.494202425787
2026-06-11,30200.062411150793,18015.95143986447,14216.160964062834,13033.421310162803
2026-06-12,16258.936930064805,7199.3224167137205,1587.045405638044,5248.954657335196
2026-06-15,0.0,19198.193111236586,0.0,5463.954212508523
2026-06-16,0.0,-4058.441558441562,0.0,-303.96488834850425
2026-06-17,0.0,-16877.82326369282,0.0,-1497.5831084487436
2026-06-18,0.0,26523.73491801726,0.0,2923.9789245270836
2026-06-22,0.0,-2952.5554876807228,0.0,-1326.0377990564155
2026-06-23,0.0,-11945.971628317384,0.0,-7342.061918986068
2026-06-24,0.0,2171.9948415122526,0.0,1730.8282850841651
2026-06-25,0.0,-3478.5854883594657,0.0,-2009.9941375170956
2026-06-26,0.0,-4343.989683024505,0.0,-2205.4102342201513
2026-06-29,0.0,10486.662594176336,0.0,7663.1026492839355
2026-06-30,0.0,5956.017104459385,0.0,4494.570224170182
2026-07-01,0.0,-1730.8083893300782,0.0,-195.41609670305195
2026-07-02,0.0,-1866.558066924591,0.0,-348.95731554116304
2026-07-06,0.0,11776.28453132424,0.0,6518.522654308926
2026-07-07,0.0,-7075.951944614131,0.0,-2582.2841350046074
2026-07-08,0.0,-4886.988393402573,0.0,-2317.076575193321
2026-07-09,0.0,12505.939048394765,0.0,5988.107534686356
2026-07-10,-492.08671365873255,6838.3900088237315,-24.969679674681267,2470.617794031433
2026-07-13,-14513.233142705134,-13405.280662458428,-4756.1294618439515,-3657.072666871387
2026-07-14,5885.0911025402165,7805.606461684654,4280.516515659556,3594.2603500739788
2026-07-15,6907.500997473071,7211.701622208647,2401.8453782311944,1584.2662125568786
2026-07-16,-14878.973267721767,-13167.718726668025,-1747.8775772276515,-439.686217581866
2026-07-17,-22096.804545382598,-21377.884804407633,-6422.209503815217,1169.4914596492272
2026-07-20,-1442.9046005167554,-557.1312803889713,1078.2423381367971,-42.606373913537055
2026-07-21,13657.259823495853,5267.423014586706,4338.33976050335,3252.286542066694
2026-07-22,3338.8141337539055,1114.26256077796,938.7050943779177,738.5104811679807
2026-07-23,-26056.172611657334,-8812.803889789308,-2378.475745889994,-5098.562744986648
2026-07-24,-1461.7614563455897,-844.1383036196653,3111.29066561588,-213.03186956768536
2026-07-27,237.7636629190546,-50.648298217176944,1110.494169905608,298.24461739476146
2026-07-28,3362.6575184266862,1671.3938411669378,2108.61690595172,1164.5742203033558
2026-07-29,-27988.17974932918,-14012.69584008644,-10384.44250548637,-8862.125774015793
2026-07-30,36887.33399001394,15599.675850891408,14826.419185108802,10694.199852297905
2026-07-31,13451.42136860757,4170.043219881153,498.5282279064091,2741.0100551042447
2026-08-03,18407.30636145861,10247.83900594273,4100.364205225978,4814.520252229733
2026-08-04,5581.248336438646,6314.154511075096,702.744983011904,2357.5526898824064
2026-08-05,640.4711205749263,50.64829821718013,171.1031262985507,198.82974492984067
2026-08-06,515.70401916423,270.1242571582916,61.10825939233928,184.6276202919962
2026-08-07,-57.12914231740348,2009.0491626148068,-12.390991988295617,717.2072942112136
2026-08-10,1220.5044751830735,574.0140464613687,920.0440683528274,127.8191217406129
2026-08-11,-6187.27963113642,-135.0621285791458,-404.3505778111154,63.90956087030463
2026-08-12,6441.551396799565,1418.15235008104,2344.0613206441485,404.7605521786063
2026-08-13,15425.82045023054,869.4624527282504,949.3448348608795,170.42549565414993
2026-08-14,-4147.866235530395,337.6553214478663,105.40766190106613,142.02124637845918
2026-08-17,-8427.685025267063,-16.88276607239095,-884.6386419117152,21.303186956767604
2026-08-18,-14376.6391607497,-481.1588330632112,-3717.7218875277144,-28.404249275690745
2026-08-19,2558.689950745218,709.0761750405181,2614.7230745112092,92.3138101459972
2026-08-20,-18342.608584404778,-405.18638573743374,-9109.538420192159,21.303186956769423
2026-08-21,4834.2932733860225,716.6337599971504,7197.831099891856,-18.913981299643538
2026-08-24,-4384.508071480765,-2288.979482724051,-301.7680054909948,-775.6914352966365
2026-08-25,4733.275758984916,2205.4400855443414,1923.03140754065,1257.1550847911026
2026-08-26,2964.525343785296,1319.9224754394234,1047.3124896452157,735.569464505426
2026-08-27,10761.974357270978,4110.138341241734,1597.595323187617,2407.3182474723135
2026-08-28,-2424.0496293289875,-1186.2594399518807,170.90026688522352,-173.86187342855374
2026-08-31,-4446.869007472068,-2222.147964980287,-156.60889538525845,-668.6995131867543
2026-09-01,-15175.560404681604,-7217.80391632694,-4344.446764576228,-3865.083186219439
2026-09-02,8496.991337697544,4661.498362627817,4727.268508851303,2969.025838549186
2026-09-03,22135.158368048666,9356.412484127513,2946.5673650263334,4266.302894131494
2026-09-04,-10051.228572876233,-3792.688631958831,187.94310228216034,-1003.0492697801292
2026-09-08,-10232.14695000164,-5897.881440887527,-1651.2137272036048,-1939.22858824159
2026-09-09,-8873.31783504142,-5948.005079195339,-2076.784275451955,-2367.19627668111
2026-09-10,-11476.376019121832,-6883.646327608111,-4244.356934530224,-3517.35943936233
2026-09-11,11990.674442691663,9055.670654280555,11300.0121977355,6700.369122131279
2026-09-14,-7407.779004046689,-8203.568803047514,-1847.364506609726,-2701.546033274487
2026-09-15,-7274.004213905892,-7835.995455456798,-1991.3149876442494,-2942.2778580217173
2026-09-16,-11989.565566369018,-11745.639243467216,-3082.939468822723,-5015.246348900658
2026-09-17,20149.827764957703,17701.998262380544,10598.354166166835,14838.442197614077
2026-09-18,6153.640346476822,5772.572345118073,1541.469734411362,3376.9325415931107
2026-09-21,0.0,0.0,0.0,0.0
2026-09-22,0.0,0.0,0.0,0.0
