candidate_id,source
20160923_s096_w03,exact 96% and 93% puts previously held as long legs
20160923_s097_w03,existing exact candidate
20160923_s098_w03,existing exact candidate
20160923_s099_w03,existing exact candidate
20160930_s096_w03,exact 96% and 93% puts previously held as long legs
20160930_s097_w03,existing exact candidate
20160930_s098_w03,existing exact candidate
20160930_s099_w03,existing exact candidate
20161007_s096_w03,exact 96% and 93% puts previously held as long legs
20161007_s097_w03,existing exact candidate
20161007_s098_w03,existing exact candidate
20161007_s099_w03,existing exact candidate
20161014_s096_w03,exact 96% and 93% puts previously held as long legs
20161014_s097_w03,existing exact candidate
20161014_s098_w03,existing exact candidate
20161014_s099_w03,existing exact candidate
20161021_s096_w03,exact 96% and 93% puts previously held as long legs
20161021_s097_w03,existing exact candidate
20161021_s098_w03,existing exact candidate
20161021_s099_w03,existing exact candidate
20161028_s096_w03,exact 96% and 93% puts previously held as long legs
20161028_s097_w03,existing exact candidate
20161028_s098_w03,existing exact candidate
20161028_s099_w03,existing exact candidate
20161104_s096_w03,exact 96% and 93% puts previously held as long legs
20161104_s097_w03,existing exact candidate
20161104_s098_w03,existing exact candidate
20161104_s099_w03,existing exact candidate
20161111_s096_w03,exact 96% and 93% puts previously held as long legs
20161111_s097_w03,existing exact candidate
20161111_s098_w03,existing exact candidate
20161111_s099_w03,existing exact candidate
20161118_s096_w03,exact 96% and 93% puts previously held as long legs
20161118_s097_w03,existing exact candidate
20161118_s098_w03,existing exact candidate
20161118_s099_w03,existing exact candidate
20161125_s096_w03,exact 96% and 93% puts previously held as long legs
20161125_s097_w03,existing exact candidate
20161125_s098_w03,existing exact candidate
20161125_s099_w03,existing exact candidate
20161202_s096_w03,exact 96% and 93% puts previously held as long legs
20161202_s097_w03,existing exact candidate
20161202_s098_w03,existing exact candidate
20161202_s099_w03,existing exact candidate
20161216_s096_w03,exact 96% and 93% puts previously held as long legs
20161216_s097_w03,existing exact candidate
20161216_s098_w03,existing exact candidate
20161216_s099_w03,existing exact candidate
20161223_s096_w03,exact 96% and 93% puts previously held as long legs
20161223_s097_w03,"entry archive, fixed rule retains nonpositive net credit"
20161223_s098_w03,existing exact candidate
20161223_s099_w03,existing exact candidate
20161230_s096_w03,exact 96% and 93% puts previously held as long legs
20161230_s097_w03,existing exact candidate
20161230_s098_w03,existing exact candidate
20161230_s099_w03,existing exact candidate
20170106_s096_w03,exact 96% and 93% puts previously held as long legs
20170106_s097_w03,existing exact candidate
20170106_s098_w03,existing exact candidate
20170106_s099_w03,existing exact candidate
20170113_s096_w03,exact 96% and 93% puts previously held as long legs
20170113_s097_w03,existing exact candidate
20170113_s098_w03,existing exact candidate
20170113_s099_w03,existing exact candidate
20170120_s096_w03,exact 96% and 93% puts previously held as long legs
20170120_s097_w03,existing exact candidate
20170120_s098_w03,existing exact candidate
20170120_s099_w03,existing exact candidate
20170127_s096_w03,exact 96% and 93% puts previously held as long legs
20170127_s097_w03,existing exact candidate
20170127_s098_w03,existing exact candidate
20170127_s099_w03,existing exact candidate
20170203_s096_w03,exact 96% and 93% puts previously held as long legs
20170203_s097_w03,existing exact candidate
20170203_s098_w03,existing exact candidate
20170203_s099_w03,existing exact candidate
20170210_s096_w03,exact 96% and 93% puts previously held as long legs
20170210_s097_w03,existing exact candidate
20170210_s098_w03,existing exact candidate
20170210_s099_w03,existing exact candidate
20170217_s096_w03,exact 96% and 93% puts previously held as long legs
20170217_s097_w03,existing exact candidate
20170217_s098_w03,existing exact candidate
20170217_s099_w03,existing exact candidate
20170224_s096_w03,exact 96% and 93% puts previously held as long legs
20170224_s097_w03,existing exact candidate
20170224_s098_w03,existing exact candidate
20170224_s099_w03,existing exact candidate
20170303_s096_w03,"entry archive, fixed rule retains nonpositive net credit"
20170303_s097_w03,"entry archive, fixed rule retains nonpositive net credit"
20170303_s098_w03,existing exact candidate
20170303_s099_w03,existing exact candidate
20170310_s096_w03,exact 96% and 93% puts previously held as long legs
20170310_s097_w03,existing exact candidate
20170310_s098_w03,existing exact candidate
20170310_s099_w03,existing exact candidate
20170317_s096_w03,exact 96% and 93% puts previously held as long legs
20170317_s097_w03,existing exact candidate
20170317_s098_w03,existing exact candidate
20170317_s099_w03,existing exact candidate
20170324_s096_w03,exact 96% and 93% puts previously held as long legs
20170324_s097_w03,"entry archive, fixed rule retains nonpositive net credit"
20170324_s098_w03,existing exact candidate
20170324_s099_w03,existing exact candidate
20170331_s096_w03,exact 96% and 93% puts previously held as long legs
20170331_s097_w03,existing exact candidate
20170331_s098_w03,existing exact candidate
20170331_s099_w03,existing exact candidate
20170407_s096_w03,exact 96% and 93% puts previously held as long legs
20170407_s097_w03,existing exact candidate
20170407_s098_w03,existing exact candidate
20170407_s099_w03,existing exact candidate
20170413_s096_w03,exact 96% and 93% puts previously held as long legs
20170413_s097_w03,existing exact candidate
20170413_s098_w03,existing exact candidate
20170413_s099_w03,existing exact candidate
20170421_s096_w03,exact 96% and 93% puts previously held as long legs
20170421_s097_w03,existing exact candidate
20170421_s098_w03,existing exact candidate
20170421_s099_w03,existing exact candidate
20170428_s096_w03,exact 96% and 93% puts previously held as long legs
20170428_s097_w03,existing exact candidate
20170428_s098_w03,existing exact candidate
20170428_s099_w03,existing exact candidate
20170505_s096_w03,exact 96% and 93% puts previously held as long legs
20170505_s097_w03,existing exact candidate
20170505_s098_w03,existing exact candidate
20170505_s099_w03,existing exact candidate
20170512_s096_w03,exact 96% and 93% puts previously held as long legs
20170512_s097_w03,existing exact candidate
20170512_s098_w03,existing exact candidate
20170512_s099_w03,existing exact candidate
20170519_s096_w03,exact 96% and 93% puts previously held as long legs
20170519_s097_w03,existing exact candidate
20170519_s098_w03,existing exact candidate
20170519_s099_w03,existing exact candidate
20170526_s096_w03,exact 96% and 93% puts previously held as long legs
20170526_s097_w03,existing exact candidate
20170526_s098_w03,existing exact candidate
20170526_s099_w03,existing exact candidate
20170602_s096_w03,exact 96% and 93% puts previously held as long legs
20170602_s097_w03,existing exact candidate
20170602_s098_w03,existing exact candidate
20170602_s099_w03,existing exact candidate
20170609_s096_w03,exact 96% and 93% puts previously held as long legs
20170609_s097_w03,existing exact candidate
20170609_s098_w03,existing exact candidate
20170609_s099_w03,existing exact candidate
20170616_s096_w03,exact 96% and 93% puts previously held as long legs
20170616_s097_w03,existing exact candidate
20170616_s098_w03,existing exact candidate
20170616_s099_w03,existing exact candidate
20170623_s096_w03,exact 96% and 93% puts previously held as long legs
20170623_s097_w03,existing exact candidate
20170623_s098_w03,existing exact candidate
20170623_s099_w03,existing exact candidate
20170630_s096_w03,exact 96% and 93% puts previously held as long legs
20170630_s097_w03,existing exact candidate
20170630_s098_w03,existing exact candidate
20170630_s099_w03,existing exact candidate
20170707_s096_w03,exact 96% and 93% puts previously held as long legs
20170707_s097_w03,existing exact candidate
20170707_s098_w03,existing exact candidate
20170707_s099_w03,existing exact candidate
20170714_s096_w03,exact 96% and 93% puts previously held as long legs
20170714_s097_w03,existing exact candidate
20170714_s098_w03,existing exact candidate
20170714_s099_w03,existing exact candidate
20170721_s096_w03,exact 96% and 93% puts previously held as long legs
20170721_s097_w03,existing exact candidate
20170721_s098_w03,existing exact candidate
20170721_s099_w03,existing exact candidate
20170728_s096_w03,exact 96% and 93% puts previously held as long legs
20170728_s097_w03,existing exact candidate
20170728_s098_w03,existing exact candidate
20170728_s099_w03,existing exact candidate
20170804_s096_w03,exact 96% and 93% puts previously held as long legs
20170804_s097_w03,existing exact candidate
20170804_s098_w03,existing exact candidate
20170804_s099_w03,existing exact candidate
20170811_s096_w03,exact 96% and 93% puts previously held as long legs
20170811_s097_w03,existing exact candidate
20170811_s098_w03,existing exact candidate
20170811_s099_w03,existing exact candidate
20170818_s096_w03,exact 96% and 93% puts previously held as long legs
20170818_s097_w03,existing exact candidate
20170818_s098_w03,existing exact candidate
20170818_s099_w03,existing exact candidate
20170825_s096_w03,exact 96% and 93% puts previously held as long legs
20170825_s097_w03,existing exact candidate
20170825_s098_w03,existing exact candidate
20170825_s099_w03,existing exact candidate
20170901_s096_w03,exact 96% and 93% puts previously held as long legs
20170901_s097_w03,existing exact candidate
20170901_s098_w03,existing exact candidate
20170901_s099_w03,existing exact candidate
20170908_s096_w03,exact 96% and 93% puts previously held as long legs
20170908_s097_w03,existing exact candidate
20170908_s098_w03,existing exact candidate
20170908_s099_w03,existing exact candidate
20170915_s096_w03,exact 96% and 93% puts previously held as long legs
20170915_s097_w03,existing exact candidate
20170915_s098_w03,existing exact candidate
20170915_s099_w03,existing exact candidate
20170922_s096_w03,exact 96% and 93% puts previously held as long legs
20170922_s097_w03,existing exact candidate
20170922_s098_w03,existing exact candidate
20170922_s099_w03,existing exact candidate
20170929_s096_w03,exact 96% and 93% puts previously held as long legs
20170929_s097_w03,"entry archive, fixed rule retains nonpositive net credit"
20170929_s098_w03,existing exact candidate
20170929_s099_w03,existing exact candidate
20171006_s096_w03,exact 96% and 93% puts previously held as long legs
20171006_s097_w03,existing exact candidate
20171006_s098_w03,existing exact candidate
20171006_s099_w03,existing exact candidate
20171013_s096_w03,exact 96% and 93% puts previously held as long legs
20171013_s097_w03,existing exact candidate
20171013_s098_w03,existing exact candidate
20171013_s099_w03,existing exact candidate
20171020_s096_w03,exact 96% and 93% puts previously held as long legs
20171020_s097_w03,existing exact candidate
20171020_s098_w03,existing exact candidate
20171020_s099_w03,existing exact candidate
20171027_s096_w03,exact 96% and 93% puts previously held as long legs
20171027_s097_w03,existing exact candidate
20171027_s098_w03,existing exact candidate
20171027_s099_w03,existing exact candidate
20171103_s096_w03,exact 96% and 93% puts previously held as long legs
20171103_s097_w03,existing exact candidate
20171103_s098_w03,existing exact candidate
20171103_s099_w03,existing exact candidate
20171110_s096_w03,exact 96% and 93% puts previously held as long legs
20171110_s097_w03,existing exact candidate
20171110_s098_w03,existing exact candidate
20171110_s099_w03,existing exact candidate
20171117_s096_w03,exact 96% and 93% puts previously held as long legs
20171117_s097_w03,existing exact candidate
20171117_s098_w03,existing exact candidate
20171117_s099_w03,existing exact candidate
20171124_s096_w03,exact 96% and 93% puts previously held as long legs
20171124_s097_w03,existing exact candidate
20171124_s098_w03,existing exact candidate
20171124_s099_w03,existing exact candidate
20171201_s096_w03,exact 96% and 93% puts previously held as long legs
20171201_s097_w03,existing exact candidate
20171201_s098_w03,existing exact candidate
20171201_s099_w03,existing exact candidate
20171208_s096_w03,exact 96% and 93% puts previously held as long legs
20171208_s097_w03,existing exact candidate
20171208_s098_w03,existing exact candidate
20171208_s099_w03,existing exact candidate
20171215_s096_w03,exact 96% and 93% puts previously held as long legs
20171215_s097_w03,existing exact candidate
20171215_s098_w03,existing exact candidate
20171215_s099_w03,existing exact candidate
20171222_s096_w03,exact 96% and 93% puts previously held as long legs
20171222_s097_w03,existing exact candidate
20171222_s098_w03,existing exact candidate
20171222_s099_w03,existing exact candidate
20171229_s096_w03,exact 96% and 93% puts previously held as long legs
20171229_s097_w03,existing exact candidate
20171229_s098_w03,existing exact candidate
20171229_s099_w03,existing exact candidate
20180105_s096_w03,exact 96% and 93% puts previously held as long legs
20180105_s097_w03,existing exact candidate
20180105_s098_w03,existing exact candidate
20180105_s099_w03,existing exact candidate
20180112_s096_w03,exact 96% and 93% puts previously held as long legs
20180112_s097_w03,existing exact candidate
20180112_s098_w03,existing exact candidate
20180112_s099_w03,existing exact candidate
20180119_s096_w03,exact 96% and 93% puts previously held as long legs
20180119_s097_w03,existing exact candidate
20180119_s098_w03,existing exact candidate
20180119_s099_w03,existing exact candidate
20180126_s096_w03,exact 96% and 93% puts previously held as long legs
20180126_s097_w03,existing exact candidate
20180126_s098_w03,existing exact candidate
20180126_s099_w03,existing exact candidate
20180202_s096_w03,exact 96% and 93% puts previously held as long legs
20180202_s097_w03,existing exact candidate
20180202_s098_w03,existing exact candidate
20180202_s099_w03,existing exact candidate
20180209_s096_w03,exact 96% and 93% puts previously held as long legs
20180209_s097_w03,existing exact candidate
20180209_s098_w03,existing exact candidate
20180209_s099_w03,existing exact candidate
20180216_s096_w03,exact 96% and 93% puts previously held as long legs
20180216_s097_w03,existing exact candidate
20180216_s098_w03,existing exact candidate
20180216_s099_w03,existing exact candidate
20180223_s096_w03,exact 96% and 93% puts previously held as long legs
20180223_s097_w03,existing exact candidate
20180223_s098_w03,existing exact candidate
20180223_s099_w03,existing exact candidate
20180302_s096_w03,exact 96% and 93% puts previously held as long legs
20180302_s097_w03,existing exact candidate
20180302_s098_w03,existing exact candidate
20180302_s099_w03,existing exact candidate
20180309_s096_w03,exact 96% and 93% puts previously held as long legs
20180309_s097_w03,existing exact candidate
20180309_s098_w03,existing exact candidate
20180309_s099_w03,existing exact candidate
20180316_s096_w03,exact 96% and 93% puts previously held as long legs
20180316_s097_w03,existing exact candidate
20180316_s098_w03,existing exact candidate
20180316_s099_w03,existing exact candidate
20180323_s096_w03,exact 96% and 93% puts previously held as long legs
20180323_s097_w03,existing exact candidate
20180323_s098_w03,existing exact candidate
20180323_s099_w03,existing exact candidate
20180329_s096_w03,exact 96% and 93% puts previously held as long legs
20180329_s097_w03,existing exact candidate
20180329_s098_w03,existing exact candidate
20180329_s099_w03,existing exact candidate
20180406_s096_w03,exact 96% and 93% puts previously held as long legs
20180406_s097_w03,existing exact candidate
20180406_s098_w03,existing exact candidate
20180406_s099_w03,existing exact candidate
20180413_s096_w03,exact 96% and 93% puts previously held as long legs
20180413_s097_w03,existing exact candidate
20180413_s098_w03,existing exact candidate
20180413_s099_w03,existing exact candidate
20180420_s096_w03,exact 96% and 93% puts previously held as long legs
20180420_s097_w03,existing exact candidate
20180420_s098_w03,existing exact candidate
20180420_s099_w03,existing exact candidate
20180427_s096_w03,exact 96% and 93% puts previously held as long legs
20180427_s097_w03,existing exact candidate
20180427_s098_w03,existing exact candidate
20180427_s099_w03,existing exact candidate
20180504_s096_w03,exact 96% and 93% puts previously held as long legs
20180504_s097_w03,existing exact candidate
20180504_s098_w03,existing exact candidate
20180504_s099_w03,existing exact candidate
20180511_s096_w03,exact 96% and 93% puts previously held as long legs
20180511_s097_w03,existing exact candidate
20180511_s098_w03,existing exact candidate
20180511_s099_w03,existing exact candidate
20180518_s096_w03,exact 96% and 93% puts previously held as long legs
20180518_s097_w03,existing exact candidate
20180518_s098_w03,existing exact candidate
20180518_s099_w03,existing exact candidate
20180525_s096_w03,exact 96% and 93% puts previously held as long legs
20180525_s097_w03,existing exact candidate
20180525_s098_w03,existing exact candidate
20180525_s099_w03,existing exact candidate
20180601_s096_w03,exact 96% and 93% puts previously held as long legs
20180601_s097_w03,existing exact candidate
20180601_s098_w03,existing exact candidate
20180601_s099_w03,existing exact candidate
20180608_s096_w03,exact 96% and 93% puts previously held as long legs
20180608_s097_w03,existing exact candidate
20180608_s098_w03,existing exact candidate
20180608_s099_w03,existing exact candidate
20180615_s096_w03,exact 96% and 93% puts previously held as long legs
20180615_s097_w03,existing exact candidate
20180615_s098_w03,existing exact candidate
20180615_s099_w03,existing exact candidate
20180622_s096_w03,exact 96% and 93% puts previously held as long legs
20180622_s097_w03,existing exact candidate
20180622_s098_w03,existing exact candidate
20180622_s099_w03,existing exact candidate
20180629_s096_w03,exact 96% and 93% puts previously held as long legs
20180629_s097_w03,existing exact candidate
20180629_s098_w03,existing exact candidate
20180629_s099_w03,existing exact candidate
20180706_s096_w03,exact 96% and 93% puts previously held as long legs
20180706_s097_w03,existing exact candidate
20180706_s098_w03,existing exact candidate
20180706_s099_w03,existing exact candidate
20180713_s096_w03,exact 96% and 93% puts previously held as long legs
20180713_s097_w03,existing exact candidate
20180713_s098_w03,existing exact candidate
20180713_s099_w03,existing exact candidate
20180720_s096_w03,exact 96% and 93% puts previously held as long legs
20180720_s097_w03,existing exact candidate
20180720_s098_w03,existing exact candidate
20180720_s099_w03,existing exact candidate
20180727_s096_w03,exact 96% and 93% puts previously held as long legs
20180727_s097_w03,existing exact candidate
20180727_s098_w03,existing exact candidate
20180727_s099_w03,existing exact candidate
20180803_s096_w03,exact 96% and 93% puts previously held as long legs
20180803_s097_w03,existing exact candidate
20180803_s098_w03,existing exact candidate
20180803_s099_w03,existing exact candidate
20180810_s096_w03,exact 96% and 93% puts previously held as long legs
20180810_s097_w03,existing exact candidate
20180810_s098_w03,existing exact candidate
20180810_s099_w03,existing exact candidate
20180817_s096_w03,exact 96% and 93% puts previously held as long legs
20180817_s097_w03,existing exact candidate
20180817_s098_w03,existing exact candidate
20180817_s099_w03,existing exact candidate
20180824_s096_w03,exact 96% and 93% puts previously held as long legs
20180824_s097_w03,existing exact candidate
20180824_s098_w03,existing exact candidate
20180824_s099_w03,existing exact candidate
20180831_s096_w03,exact 96% and 93% puts previously held as long legs
20180831_s097_w03,"entry archive, fixed rule retains nonpositive net credit"
20180831_s098_w03,existing exact candidate
20180831_s099_w03,existing exact candidate
20180907_s096_w03,exact 96% and 93% puts previously held as long legs
20180907_s097_w03,existing exact candidate
20180907_s098_w03,existing exact candidate
20180907_s099_w03,existing exact candidate
20180914_s096_w03,exact 96% and 93% puts previously held as long legs
20180914_s097_w03,existing exact candidate
20180914_s098_w03,existing exact candidate
20180914_s099_w03,existing exact candidate
20180921_s096_w03,exact 96% and 93% puts previously held as long legs
20180921_s097_w03,existing exact candidate
20180921_s098_w03,existing exact candidate
20180921_s099_w03,existing exact candidate
20180928_s096_w03,exact 96% and 93% puts previously held as long legs
20180928_s097_w03,existing exact candidate
20180928_s098_w03,existing exact candidate
20180928_s099_w03,existing exact candidate
20181005_s096_w03,exact 96% and 93% puts previously held as long legs
20181005_s097_w03,existing exact candidate
20181005_s098_w03,existing exact candidate
20181005_s099_w03,existing exact candidate
20181012_s096_w03,exact 96% and 93% puts previously held as long legs
20181012_s097_w03,existing exact candidate
20181012_s098_w03,existing exact candidate
20181012_s099_w03,existing exact candidate
20181019_s096_w03,exact 96% and 93% puts previously held as long legs
20181019_s097_w03,existing exact candidate
20181019_s098_w03,existing exact candidate
20181019_s099_w03,existing exact candidate
20181026_s096_w03,exact 96% and 93% puts previously held as long legs
20181026_s097_w03,existing exact candidate
20181026_s098_w03,existing exact candidate
20181026_s099_w03,existing exact candidate
20181102_s096_w03,exact 96% and 93% puts previously held as long legs
20181102_s097_w03,existing exact candidate
20181102_s098_w03,existing exact candidate
20181102_s099_w03,existing exact candidate
20181109_s096_w03,exact 96% and 93% puts previously held as long legs
20181109_s097_w03,existing exact candidate
20181109_s098_w03,existing exact candidate
20181109_s099_w03,existing exact candidate
20181116_s096_w03,exact 96% and 93% puts previously held as long legs
20181116_s097_w03,existing exact candidate
20181116_s098_w03,existing exact candidate
20181116_s099_w03,existing exact candidate
20181123_s096_w03,exact 96% and 93% puts previously held as long legs
20181123_s097_w03,existing exact candidate
20181123_s098_w03,existing exact candidate
20181123_s099_w03,existing exact candidate
20181130_s096_w03,exact 96% and 93% puts previously held as long legs
20181130_s097_w03,existing exact candidate
20181130_s098_w03,existing exact candidate
20181130_s099_w03,existing exact candidate
20181207_s096_w03,exact 96% and 93% puts previously held as long legs
20181207_s097_w03,existing exact candidate
20181207_s098_w03,existing exact candidate
20181207_s099_w03,existing exact candidate
20181214_s096_w03,exact 96% and 93% puts previously held as long legs
20181214_s097_w03,existing exact candidate
20181214_s098_w03,existing exact candidate
20181214_s099_w03,existing exact candidate
20181221_s096_w03,exact 96% and 93% puts previously held as long legs
20181221_s097_w03,existing exact candidate
20181221_s098_w03,existing exact candidate
20181221_s099_w03,existing exact candidate
20181228_s096_w03,exact 96% and 93% puts previously held as long legs
20181228_s097_w03,existing exact candidate
20181228_s098_w03,existing exact candidate
20181228_s099_w03,existing exact candidate
20190104_s096_w03,exact 96% and 93% puts previously held as long legs
20190104_s097_w03,existing exact candidate
20190104_s098_w03,existing exact candidate
20190104_s099_w03,existing exact candidate
20190111_s096_w03,exact 96% and 93% puts previously held as long legs
20190111_s097_w03,existing exact candidate
20190111_s098_w03,existing exact candidate
20190111_s099_w03,existing exact candidate
20190118_s096_w03,exact 96% and 93% puts previously held as long legs
20190118_s097_w03,existing exact candidate
20190118_s098_w03,existing exact candidate
20190118_s099_w03,existing exact candidate
20190125_s096_w03,exact 96% and 93% puts previously held as long legs
20190125_s097_w03,existing exact candidate
20190125_s098_w03,existing exact candidate
20190125_s099_w03,existing exact candidate
20190201_s096_w03,exact 96% and 93% puts previously held as long legs
20190201_s097_w03,existing exact candidate
20190201_s098_w03,existing exact candidate
20190201_s099_w03,existing exact candidate
20190208_s096_w03,exact 96% and 93% puts previously held as long legs
20190208_s097_w03,existing exact candidate
20190208_s098_w03,existing exact candidate
20190208_s099_w03,existing exact candidate
20190215_s096_w03,exact 96% and 93% puts previously held as long legs
20190215_s097_w03,existing exact candidate
20190215_s098_w03,existing exact candidate
20190215_s099_w03,existing exact candidate
20190222_s096_w03,exact 96% and 93% puts previously held as long legs
20190222_s097_w03,existing exact candidate
20190222_s098_w03,existing exact candidate
20190222_s099_w03,existing exact candidate
20190301_s096_w03,exact 96% and 93% puts previously held as long legs
20190301_s097_w03,existing exact candidate
20190301_s098_w03,existing exact candidate
20190301_s099_w03,existing exact candidate
20190308_s096_w03,exact 96% and 93% puts previously held as long legs
20190308_s097_w03,existing exact candidate
20190308_s098_w03,existing exact candidate
20190308_s099_w03,existing exact candidate
20190315_s096_w03,exact 96% and 93% puts previously held as long legs
20190315_s097_w03,existing exact candidate
20190315_s098_w03,existing exact candidate
20190315_s099_w03,existing exact candidate
20190322_s096_w03,exact 96% and 93% puts previously held as long legs
20190322_s097_w03,existing exact candidate
20190322_s098_w03,existing exact candidate
20190322_s099_w03,existing exact candidate
20190329_s096_w03,exact 96% and 93% puts previously held as long legs
20190329_s097_w03,existing exact candidate
20190329_s098_w03,existing exact candidate
20190329_s099_w03,existing exact candidate
20190405_s096_w03,exact 96% and 93% puts previously held as long legs
20190405_s097_w03,existing exact candidate
20190405_s098_w03,existing exact candidate
20190405_s099_w03,existing exact candidate
20190412_s096_w03,exact 96% and 93% puts previously held as long legs
20190412_s097_w03,existing exact candidate
20190412_s098_w03,existing exact candidate
20190412_s099_w03,existing exact candidate
20190418_s096_w03,exact 96% and 93% puts previously held as long legs
20190418_s097_w03,existing exact candidate
20190418_s098_w03,existing exact candidate
20190418_s099_w03,existing exact candidate
20190426_s096_w03,exact 96% and 93% puts previously held as long legs
20190426_s097_w03,existing exact candidate
20190426_s098_w03,existing exact candidate
20190426_s099_w03,existing exact candidate
20190503_s096_w03,exact 96% and 93% puts previously held as long legs
20190503_s097_w03,existing exact candidate
20190503_s098_w03,existing exact candidate
20190503_s099_w03,existing exact candidate
20190510_s096_w03,exact 96% and 93% puts previously held as long legs
20190510_s097_w03,existing exact candidate
20190510_s098_w03,existing exact candidate
20190510_s099_w03,existing exact candidate
20190517_s096_w03,exact 96% and 93% puts previously held as long legs
20190517_s097_w03,existing exact candidate
20190517_s098_w03,existing exact candidate
20190517_s099_w03,existing exact candidate
20190524_s096_w03,exact 96% and 93% puts previously held as long legs
20190524_s097_w03,existing exact candidate
20190524_s098_w03,existing exact candidate
20190524_s099_w03,existing exact candidate
20190531_s096_w03,exact 96% and 93% puts previously held as long legs
20190531_s097_w03,existing exact candidate
20190531_s098_w03,existing exact candidate
20190531_s099_w03,existing exact candidate
20190607_s096_w03,exact 96% and 93% puts previously held as long legs
20190607_s097_w03,existing exact candidate
20190607_s098_w03,existing exact candidate
20190607_s099_w03,existing exact candidate
20190614_s096_w03,exact 96% and 93% puts previously held as long legs
20190614_s097_w03,existing exact candidate
20190614_s098_w03,existing exact candidate
20190614_s099_w03,existing exact candidate
20190621_s096_w03,exact 96% and 93% puts previously held as long legs
20190621_s097_w03,existing exact candidate
20190621_s098_w03,existing exact candidate
20190621_s099_w03,existing exact candidate
20190628_s096_w03,exact 96% and 93% puts previously held as long legs
20190628_s097_w03,existing exact candidate
20190628_s098_w03,existing exact candidate
20190628_s099_w03,existing exact candidate
20190705_s096_w03,exact 96% and 93% puts previously held as long legs
20190705_s097_w03,existing exact candidate
20190705_s098_w03,existing exact candidate
20190705_s099_w03,existing exact candidate
20190712_s096_w03,exact 96% and 93% puts previously held as long legs
20190712_s097_w03,existing exact candidate
20190712_s098_w03,existing exact candidate
20190712_s099_w03,existing exact candidate
20190719_s096_w03,exact 96% and 93% puts previously held as long legs
20190719_s097_w03,existing exact candidate
20190719_s098_w03,existing exact candidate
20190719_s099_w03,existing exact candidate
20190726_s096_w03,exact 96% and 93% puts previously held as long legs
20190726_s097_w03,existing exact candidate
20190726_s098_w03,existing exact candidate
20190726_s099_w03,existing exact candidate
20190802_s096_w03,exact 96% and 93% puts previously held as long legs
20190802_s097_w03,existing exact candidate
20190802_s098_w03,existing exact candidate
20190802_s099_w03,existing exact candidate
20190809_s096_w03,exact 96% and 93% puts previously held as long legs
20190809_s097_w03,existing exact candidate
20190809_s098_w03,existing exact candidate
20190809_s099_w03,existing exact candidate
20190816_s096_w03,exact 96% and 93% puts previously held as long legs
20190816_s097_w03,existing exact candidate
20190816_s098_w03,existing exact candidate
20190816_s099_w03,existing exact candidate
20190823_s096_w03,exact 96% and 93% puts previously held as long legs
20190823_s097_w03,existing exact candidate
20190823_s098_w03,existing exact candidate
20190823_s099_w03,existing exact candidate
20190830_s096_w03,exact 96% and 93% puts previously held as long legs
20190830_s097_w03,existing exact candidate
20190830_s098_w03,existing exact candidate
20190830_s099_w03,existing exact candidate
20190906_s096_w03,exact 96% and 93% puts previously held as long legs
20190906_s097_w03,existing exact candidate
20190906_s098_w03,existing exact candidate
20190906_s099_w03,existing exact candidate
20190913_s096_w03,exact 96% and 93% puts previously held as long legs
20190913_s097_w03,existing exact candidate
20190913_s098_w03,existing exact candidate
20190913_s099_w03,existing exact candidate
20190920_s096_w03,exact 96% and 93% puts previously held as long legs
20190920_s097_w03,existing exact candidate
20190920_s098_w03,existing exact candidate
20190920_s099_w03,existing exact candidate
20190927_s096_w03,exact 96% and 93% puts previously held as long legs
20190927_s097_w03,existing exact candidate
20190927_s098_w03,existing exact candidate
20190927_s099_w03,existing exact candidate
20191004_s096_w03,exact 96% and 93% puts previously held as long legs
20191004_s097_w03,existing exact candidate
20191004_s098_w03,existing exact candidate
20191004_s099_w03,existing exact candidate
20191011_s096_w03,exact 96% and 93% puts previously held as long legs
20191011_s097_w03,existing exact candidate
20191011_s098_w03,existing exact candidate
20191011_s099_w03,existing exact candidate
20191018_s096_w03,exact 96% and 93% puts previously held as long legs
20191018_s097_w03,existing exact candidate
20191018_s098_w03,existing exact candidate
20191018_s099_w03,existing exact candidate
20191025_s096_w03,exact 96% and 93% puts previously held as long legs
20191025_s097_w03,existing exact candidate
20191025_s098_w03,existing exact candidate
20191025_s099_w03,existing exact candidate
20191101_s096_w03,exact 96% and 93% puts previously held as long legs
20191101_s097_w03,existing exact candidate
20191101_s098_w03,existing exact candidate
20191101_s099_w03,existing exact candidate
20191108_s096_w03,exact 96% and 93% puts previously held as long legs
20191108_s097_w03,existing exact candidate
20191108_s098_w03,existing exact candidate
20191108_s099_w03,existing exact candidate
20191115_s096_w03,exact 96% and 93% puts previously held as long legs
20191115_s097_w03,existing exact candidate
20191115_s098_w03,existing exact candidate
20191115_s099_w03,existing exact candidate
20191122_s096_w03,exact 96% and 93% puts previously held as long legs
20191122_s097_w03,existing exact candidate
20191122_s098_w03,existing exact candidate
20191122_s099_w03,existing exact candidate
20191129_s096_w03,exact 96% and 93% puts previously held as long legs
20191129_s097_w03,existing exact candidate
20191129_s098_w03,existing exact candidate
20191129_s099_w03,existing exact candidate
20191206_s096_w03,exact 96% and 93% puts previously held as long legs
20191206_s097_w03,existing exact candidate
20191206_s098_w03,existing exact candidate
20191206_s099_w03,existing exact candidate
20191213_s096_w03,exact 96% and 93% puts previously held as long legs
20191213_s097_w03,existing exact candidate
20191213_s098_w03,existing exact candidate
20191213_s099_w03,existing exact candidate
20191220_s096_w03,exact 96% and 93% puts previously held as long legs
20191220_s097_w03,existing exact candidate
20191220_s098_w03,existing exact candidate
20191220_s099_w03,existing exact candidate
20191227_s096_w03,exact 96% and 93% puts previously held as long legs
20191227_s097_w03,existing exact candidate
20191227_s098_w03,existing exact candidate
20191227_s099_w03,existing exact candidate
20200103_s096_w03,exact 96% and 93% puts previously held as long legs
20200103_s097_w03,existing exact candidate
20200103_s098_w03,existing exact candidate
20200103_s099_w03,existing exact candidate
20200110_s096_w03,exact 96% and 93% puts previously held as long legs
20200110_s097_w03,existing exact candidate
20200110_s098_w03,existing exact candidate
20200110_s099_w03,existing exact candidate
20200117_s096_w03,exact 96% and 93% puts previously held as long legs
20200117_s097_w03,existing exact candidate
20200117_s098_w03,existing exact candidate
20200117_s099_w03,existing exact candidate
20200124_s096_w03,exact 96% and 93% puts previously held as long legs
20200124_s097_w03,existing exact candidate
20200124_s098_w03,existing exact candidate
20200124_s099_w03,existing exact candidate
20200131_s096_w03,exact 96% and 93% puts previously held as long legs
20200131_s097_w03,existing exact candidate
20200131_s098_w03,existing exact candidate
20200131_s099_w03,existing exact candidate
20200207_s096_w03,exact 96% and 93% puts previously held as long legs
20200207_s097_w03,existing exact candidate
20200207_s098_w03,existing exact candidate
20200207_s099_w03,existing exact candidate
20200214_s096_w03,exact 96% and 93% puts previously held as long legs
20200214_s097_w03,existing exact candidate
20200214_s098_w03,existing exact candidate
20200214_s099_w03,existing exact candidate
20200221_s096_w03,exact 96% and 93% puts previously held as long legs
20200221_s097_w03,existing exact candidate
20200221_s098_w03,existing exact candidate
20200221_s099_w03,existing exact candidate
20200228_s096_w03,exact 96% and 93% puts previously held as long legs
20200228_s097_w03,existing exact candidate
20200228_s098_w03,existing exact candidate
20200228_s099_w03,existing exact candidate
20200306_s096_w03,exact 96% and 93% puts previously held as long legs
20200306_s097_w03,existing exact candidate
20200306_s098_w03,existing exact candidate
20200306_s099_w03,existing exact candidate
20200313_s096_w03,exact 96% and 93% puts previously held as long legs
20200313_s097_w03,existing exact candidate
20200313_s098_w03,existing exact candidate
20200313_s099_w03,existing exact candidate
20200320_s096_w03,exact 96% and 93% puts previously held as long legs
20200320_s097_w03,existing exact candidate
20200320_s098_w03,existing exact candidate
20200320_s099_w03,existing exact candidate
20200327_s096_w03,exact 96% and 93% puts previously held as long legs
20200327_s097_w03,existing exact candidate
20200327_s098_w03,existing exact candidate
20200327_s099_w03,existing exact candidate
20200403_s096_w03,exact 96% and 93% puts previously held as long legs
20200403_s097_w03,existing exact candidate
20200403_s098_w03,existing exact candidate
20200403_s099_w03,existing exact candidate
20200409_s096_w03,exact 96% and 93% puts previously held as long legs
20200409_s097_w03,existing exact candidate
20200409_s098_w03,existing exact candidate
20200409_s099_w03,existing exact candidate
20200417_s096_w03,exact 96% and 93% puts previously held as long legs
20200417_s097_w03,existing exact candidate
20200417_s098_w03,existing exact candidate
20200417_s099_w03,existing exact candidate
20200424_s096_w03,exact 96% and 93% puts previously held as long legs
20200424_s097_w03,existing exact candidate
20200424_s098_w03,existing exact candidate
20200424_s099_w03,existing exact candidate
20200501_s096_w03,exact 96% and 93% puts previously held as long legs
20200501_s097_w03,existing exact candidate
20200501_s098_w03,existing exact candidate
20200501_s099_w03,existing exact candidate
20200508_s096_w03,exact 96% and 93% puts previously held as long legs
20200508_s097_w03,existing exact candidate
20200508_s098_w03,existing exact candidate
20200508_s099_w03,existing exact candidate
20200515_s096_w03,exact 96% and 93% puts previously held as long legs
20200515_s097_w03,existing exact candidate
20200515_s098_w03,existing exact candidate
20200515_s099_w03,existing exact candidate
20200522_s096_w03,exact 96% and 93% puts previously held as long legs
20200522_s097_w03,existing exact candidate
20200522_s098_w03,existing exact candidate
20200522_s099_w03,existing exact candidate
20200529_s096_w03,exact 96% and 93% puts previously held as long legs
20200529_s097_w03,existing exact candidate
20200529_s098_w03,existing exact candidate
20200529_s099_w03,existing exact candidate
20200605_s096_w03,exact 96% and 93% puts previously held as long legs
20200605_s097_w03,existing exact candidate
20200605_s098_w03,existing exact candidate
20200605_s099_w03,existing exact candidate
20200612_s096_w03,exact 96% and 93% puts previously held as long legs
20200612_s097_w03,existing exact candidate
20200612_s098_w03,existing exact candidate
20200612_s099_w03,existing exact candidate
20200619_s096_w03,exact 96% and 93% puts previously held as long legs
20200619_s097_w03,existing exact candidate
20200619_s098_w03,existing exact candidate
20200619_s099_w03,existing exact candidate
20200626_s096_w03,exact 96% and 93% puts previously held as long legs
20200626_s097_w03,existing exact candidate
20200626_s098_w03,existing exact candidate
20200626_s099_w03,existing exact candidate
20200702_s096_w03,exact 96% and 93% puts previously held as long legs
20200702_s097_w03,existing exact candidate
20200702_s098_w03,existing exact candidate
20200702_s099_w03,existing exact candidate
20200710_s096_w03,exact 96% and 93% puts previously held as long legs
20200710_s097_w03,existing exact candidate
20200710_s098_w03,existing exact candidate
20200710_s099_w03,existing exact candidate
20200717_s096_w03,exact 96% and 93% puts previously held as long legs
20200717_s097_w03,existing exact candidate
20200717_s098_w03,existing exact candidate
20200717_s099_w03,existing exact candidate
20200724_s096_w03,exact 96% and 93% puts previously held as long legs
20200724_s097_w03,existing exact candidate
20200724_s098_w03,existing exact candidate
20200724_s099_w03,existing exact candidate
20200731_s096_w03,exact 96% and 93% puts previously held as long legs
20200731_s097_w03,existing exact candidate
20200731_s098_w03,existing exact candidate
20200731_s099_w03,existing exact candidate
20200807_s096_w03,exact 96% and 93% puts previously held as long legs
20200807_s097_w03,existing exact candidate
20200807_s098_w03,existing exact candidate
20200807_s099_w03,existing exact candidate
20200814_s096_w03,exact 96% and 93% puts previously held as long legs
20200814_s097_w03,existing exact candidate
20200814_s098_w03,existing exact candidate
20200814_s099_w03,existing exact candidate
20200821_s096_w03,exact 96% and 93% puts previously held as long legs
20200821_s097_w03,existing exact candidate
20200821_s098_w03,existing exact candidate
20200821_s099_w03,existing exact candidate
20200828_s096_w03,exact 96% and 93% puts previously held as long legs
20200828_s097_w03,existing exact candidate
20200828_s098_w03,existing exact candidate
20200828_s099_w03,existing exact candidate
20200904_s096_w03,exact 96% and 93% puts previously held as long legs
20200904_s097_w03,existing exact candidate
20200904_s098_w03,existing exact candidate
20200904_s099_w03,existing exact candidate
20200911_s096_w03,exact 96% and 93% puts previously held as long legs
20200911_s097_w03,existing exact candidate
20200911_s098_w03,existing exact candidate
20200911_s099_w03,existing exact candidate
20200918_s096_w03,exact 96% and 93% puts previously held as long legs
20200918_s097_w03,existing exact candidate
20200918_s098_w03,existing exact candidate
20200918_s099_w03,existing exact candidate
20200925_s096_w03,exact 96% and 93% puts previously held as long legs
20200925_s097_w03,existing exact candidate
20200925_s098_w03,existing exact candidate
20200925_s099_w03,existing exact candidate
20201002_s096_w03,exact 96% and 93% puts previously held as long legs
20201002_s097_w03,existing exact candidate
20201002_s098_w03,existing exact candidate
20201002_s099_w03,existing exact candidate
20201009_s096_w03,exact 96% and 93% puts previously held as long legs
20201009_s097_w03,existing exact candidate
20201009_s098_w03,existing exact candidate
20201009_s099_w03,existing exact candidate
20201016_s096_w03,exact 96% and 93% puts previously held as long legs
20201016_s097_w03,existing exact candidate
20201016_s098_w03,existing exact candidate
20201016_s099_w03,existing exact candidate
20201023_s096_w03,exact 96% and 93% puts previously held as long legs
20201023_s097_w03,existing exact candidate
20201023_s098_w03,existing exact candidate
20201023_s099_w03,existing exact candidate
20201030_s096_w03,exact 96% and 93% puts previously held as long legs
20201030_s097_w03,existing exact candidate
20201030_s098_w03,existing exact candidate
20201030_s099_w03,existing exact candidate
20201106_s096_w03,exact 96% and 93% puts previously held as long legs
20201106_s097_w03,existing exact candidate
20201106_s098_w03,existing exact candidate
20201106_s099_w03,existing exact candidate
20201113_s096_w03,exact 96% and 93% puts previously held as long legs
20201113_s097_w03,existing exact candidate
20201113_s098_w03,existing exact candidate
20201113_s099_w03,existing exact candidate
20201120_s096_w03,exact 96% and 93% puts previously held as long legs
20201120_s097_w03,existing exact candidate
20201120_s098_w03,existing exact candidate
20201120_s099_w03,existing exact candidate
20201127_s096_w03,exact 96% and 93% puts previously held as long legs
20201127_s097_w03,existing exact candidate
20201127_s098_w03,existing exact candidate
20201127_s099_w03,existing exact candidate
20201204_s096_w03,exact 96% and 93% puts previously held as long legs
20201204_s097_w03,existing exact candidate
20201204_s098_w03,existing exact candidate
20201204_s099_w03,existing exact candidate
20201211_s096_w03,exact 96% and 93% puts previously held as long legs
20201211_s097_w03,existing exact candidate
20201211_s098_w03,existing exact candidate
20201211_s099_w03,existing exact candidate
20201218_s096_w03,exact 96% and 93% puts previously held as long legs
20201218_s097_w03,existing exact candidate
20201218_s098_w03,existing exact candidate
20201218_s099_w03,existing exact candidate
20201224_s096_w03,exact 96% and 93% puts previously held as long legs
20201224_s097_w03,existing exact candidate
20201224_s098_w03,existing exact candidate
20201224_s099_w03,existing exact candidate
20201231_s096_w03,exact 96% and 93% puts previously held as long legs
20201231_s097_w03,existing exact candidate
20201231_s098_w03,existing exact candidate
20201231_s099_w03,existing exact candidate
20210108_s096_w03,exact 96% and 93% puts previously held as long legs
20210108_s097_w03,existing exact candidate
20210108_s098_w03,existing exact candidate
20210108_s099_w03,existing exact candidate
20210115_s096_w03,exact 96% and 93% puts previously held as long legs
20210115_s097_w03,existing exact candidate
20210115_s098_w03,existing exact candidate
20210115_s099_w03,existing exact candidate
20210122_s096_w03,exact 96% and 93% puts previously held as long legs
20210122_s097_w03,existing exact candidate
20210122_s098_w03,existing exact candidate
20210122_s099_w03,existing exact candidate
20210129_s096_w03,exact 96% and 93% puts previously held as long legs
20210129_s097_w03,existing exact candidate
20210129_s098_w03,existing exact candidate
20210129_s099_w03,existing exact candidate
20210205_s096_w03,exact 96% and 93% puts previously held as long legs
20210205_s097_w03,existing exact candidate
20210205_s098_w03,existing exact candidate
20210205_s099_w03,existing exact candidate
20210212_s096_w03,exact 96% and 93% puts previously held as long legs
20210212_s097_w03,existing exact candidate
20210212_s098_w03,existing exact candidate
20210212_s099_w03,existing exact candidate
20210219_s096_w03,exact 96% and 93% puts previously held as long legs
20210219_s097_w03,existing exact candidate
20210219_s098_w03,existing exact candidate
20210219_s099_w03,existing exact candidate
20210226_s096_w03,exact 96% and 93% puts previously held as long legs
20210226_s097_w03,existing exact candidate
20210226_s098_w03,existing exact candidate
20210226_s099_w03,existing exact candidate
20210305_s096_w03,exact 96% and 93% puts previously held as long legs
20210305_s097_w03,existing exact candidate
20210305_s098_w03,existing exact candidate
20210305_s099_w03,existing exact candidate
20210312_s096_w03,exact 96% and 93% puts previously held as long legs
20210312_s097_w03,existing exact candidate
20210312_s098_w03,existing exact candidate
20210312_s099_w03,existing exact candidate
20210319_s096_w03,exact 96% and 93% puts previously held as long legs
20210319_s097_w03,existing exact candidate
20210319_s098_w03,existing exact candidate
20210319_s099_w03,existing exact candidate
20210326_s096_w03,exact 96% and 93% puts previously held as long legs
20210326_s097_w03,existing exact candidate
20210326_s098_w03,existing exact candidate
20210326_s099_w03,existing exact candidate
20210401_s096_w03,exact 96% and 93% puts previously held as long legs
20210401_s097_w03,existing exact candidate
20210401_s098_w03,existing exact candidate
20210401_s099_w03,existing exact candidate
20210409_s096_w03,exact 96% and 93% puts previously held as long legs
20210409_s097_w03,existing exact candidate
20210409_s098_w03,existing exact candidate
20210409_s099_w03,existing exact candidate
20210416_s096_w03,exact 96% and 93% puts previously held as long legs
20210416_s097_w03,existing exact candidate
20210416_s098_w03,existing exact candidate
20210416_s099_w03,existing exact candidate
20210423_s096_w03,exact 96% and 93% puts previously held as long legs
20210423_s097_w03,existing exact candidate
20210423_s098_w03,existing exact candidate
20210423_s099_w03,existing exact candidate
20210430_s096_w03,exact 96% and 93% puts previously held as long legs
20210430_s097_w03,existing exact candidate
20210430_s098_w03,existing exact candidate
20210430_s099_w03,existing exact candidate
20210507_s096_w03,exact 96% and 93% puts previously held as long legs
20210507_s097_w03,existing exact candidate
20210507_s098_w03,existing exact candidate
20210507_s099_w03,existing exact candidate
20210514_s096_w03,exact 96% and 93% puts previously held as long legs
20210514_s097_w03,existing exact candidate
20210514_s098_w03,existing exact candidate
20210514_s099_w03,existing exact candidate
20210521_s096_w03,exact 96% and 93% puts previously held as long legs
20210521_s097_w03,existing exact candidate
20210521_s098_w03,existing exact candidate
20210521_s099_w03,existing exact candidate
20210528_s096_w03,exact 96% and 93% puts previously held as long legs
20210528_s097_w03,existing exact candidate
20210528_s098_w03,existing exact candidate
20210528_s099_w03,existing exact candidate
20210604_s096_w03,exact 96% and 93% puts previously held as long legs
20210604_s097_w03,existing exact candidate
20210604_s098_w03,existing exact candidate
20210604_s099_w03,existing exact candidate
20210611_s096_w03,exact 96% and 93% puts previously held as long legs
20210611_s097_w03,existing exact candidate
20210611_s098_w03,existing exact candidate
20210611_s099_w03,existing exact candidate
20210618_s096_w03,exact 96% and 93% puts previously held as long legs
20210618_s097_w03,existing exact candidate
20210618_s098_w03,existing exact candidate
20210618_s099_w03,existing exact candidate
20210625_s096_w03,exact 96% and 93% puts previously held as long legs
20210625_s097_w03,existing exact candidate
20210625_s098_w03,existing exact candidate
20210625_s099_w03,existing exact candidate
20210702_s096_w03,exact 96% and 93% puts previously held as long legs
20210702_s097_w03,existing exact candidate
20210702_s098_w03,existing exact candidate
20210702_s099_w03,existing exact candidate
20210709_s096_w03,exact 96% and 93% puts previously held as long legs
20210709_s097_w03,existing exact candidate
20210709_s098_w03,existing exact candidate
20210709_s099_w03,existing exact candidate
20210716_s096_w03,exact 96% and 93% puts previously held as long legs
20210716_s097_w03,existing exact candidate
20210716_s098_w03,existing exact candidate
20210716_s099_w03,existing exact candidate
20210723_s096_w03,exact 96% and 93% puts previously held as long legs
20210723_s097_w03,existing exact candidate
20210723_s098_w03,existing exact candidate
20210723_s099_w03,existing exact candidate
20210730_s096_w03,exact 96% and 93% puts previously held as long legs
20210730_s097_w03,existing exact candidate
20210730_s098_w03,existing exact candidate
20210730_s099_w03,existing exact candidate
20210806_s096_w03,exact 96% and 93% puts previously held as long legs
20210806_s097_w03,existing exact candidate
20210806_s098_w03,existing exact candidate
20210806_s099_w03,existing exact candidate
20210813_s096_w03,exact 96% and 93% puts previously held as long legs
20210813_s097_w03,existing exact candidate
20210813_s098_w03,existing exact candidate
20210813_s099_w03,existing exact candidate
20210820_s096_w03,exact 96% and 93% puts previously held as long legs
20210820_s097_w03,existing exact candidate
20210820_s098_w03,existing exact candidate
20210820_s099_w03,existing exact candidate
20210827_s096_w03,exact 96% and 93% puts previously held as long legs
20210827_s097_w03,existing exact candidate
20210827_s098_w03,existing exact candidate
20210827_s099_w03,existing exact candidate
20210903_s096_w03,exact 96% and 93% puts previously held as long legs
20210903_s097_w03,existing exact candidate
20210903_s098_w03,existing exact candidate
20210903_s099_w03,existing exact candidate
20210910_s096_w03,exact 96% and 93% puts previously held as long legs
20210910_s097_w03,existing exact candidate
20210910_s098_w03,existing exact candidate
20210910_s099_w03,existing exact candidate
20210917_s096_w03,exact 96% and 93% puts previously held as long legs
20210917_s097_w03,existing exact candidate
20210917_s098_w03,existing exact candidate
20210917_s099_w03,existing exact candidate
20210924_s096_w03,exact 96% and 93% puts previously held as long legs
20210924_s097_w03,existing exact candidate
20210924_s098_w03,existing exact candidate
20210924_s099_w03,existing exact candidate
20211001_s096_w03,exact 96% and 93% puts previously held as long legs
20211001_s097_w03,existing exact candidate
20211001_s098_w03,existing exact candidate
20211001_s099_w03,existing exact candidate
20211008_s096_w03,exact 96% and 93% puts previously held as long legs
20211008_s097_w03,existing exact candidate
20211008_s098_w03,existing exact candidate
20211008_s099_w03,existing exact candidate
20211015_s096_w03,exact 96% and 93% puts previously held as long legs
20211015_s097_w03,existing exact candidate
20211015_s098_w03,existing exact candidate
20211015_s099_w03,existing exact candidate
20211022_s096_w03,exact 96% and 93% puts previously held as long legs
20211022_s097_w03,existing exact candidate
20211022_s098_w03,existing exact candidate
20211022_s099_w03,existing exact candidate
20211029_s096_w03,exact 96% and 93% puts previously held as long legs
20211029_s097_w03,existing exact candidate
20211029_s098_w03,existing exact candidate
20211029_s099_w03,existing exact candidate
20211105_s096_w03,exact 96% and 93% puts previously held as long legs
20211105_s097_w03,existing exact candidate
20211105_s098_w03,existing exact candidate
20211105_s099_w03,existing exact candidate
20211112_s096_w03,exact 96% and 93% puts previously held as long legs
20211112_s097_w03,existing exact candidate
20211112_s098_w03,existing exact candidate
20211112_s099_w03,existing exact candidate
20211119_s096_w03,exact 96% and 93% puts previously held as long legs
20211119_s097_w03,existing exact candidate
20211119_s098_w03,existing exact candidate
20211119_s099_w03,existing exact candidate
20211126_s096_w03,exact 96% and 93% puts previously held as long legs
20211126_s097_w03,existing exact candidate
20211126_s098_w03,existing exact candidate
20211126_s099_w03,existing exact candidate
20211203_s096_w03,exact 96% and 93% puts previously held as long legs
20211203_s097_w03,existing exact candidate
20211203_s098_w03,existing exact candidate
20211203_s099_w03,existing exact candidate
20211210_s096_w03,exact 96% and 93% puts previously held as long legs
20211210_s097_w03,existing exact candidate
20211210_s098_w03,existing exact candidate
20211210_s099_w03,existing exact candidate
20211217_s096_w03,exact 96% and 93% puts previously held as long legs
20211217_s097_w03,existing exact candidate
20211217_s098_w03,existing exact candidate
20211217_s099_w03,existing exact candidate
20211223_s096_w03,exact 96% and 93% puts previously held as long legs
20211223_s097_w03,existing exact candidate
20211223_s098_w03,existing exact candidate
20211223_s099_w03,existing exact candidate
20211231_s096_w03,exact 96% and 93% puts previously held as long legs
20211231_s097_w03,existing exact candidate
20211231_s098_w03,existing exact candidate
20211231_s099_w03,existing exact candidate
20220107_s096_w03,exact 96% and 93% puts previously held as long legs
20220107_s097_w03,existing exact candidate
20220107_s098_w03,existing exact candidate
20220107_s099_w03,existing exact candidate
20220114_s096_w03,exact 96% and 93% puts previously held as long legs
20220114_s097_w03,existing exact candidate
20220114_s098_w03,existing exact candidate
20220114_s099_w03,existing exact candidate
20220121_s096_w03,exact 96% and 93% puts previously held as long legs
20220121_s097_w03,existing exact candidate
20220121_s098_w03,existing exact candidate
20220121_s099_w03,existing exact candidate
20220128_s096_w03,exact 96% and 93% puts previously held as long legs
20220128_s097_w03,existing exact candidate
20220128_s098_w03,existing exact candidate
20220128_s099_w03,existing exact candidate
20220204_s096_w03,exact 96% and 93% puts previously held as long legs
20220204_s097_w03,existing exact candidate
20220204_s098_w03,existing exact candidate
20220204_s099_w03,existing exact candidate
20220211_s096_w03,exact 96% and 93% puts previously held as long legs
20220211_s097_w03,existing exact candidate
20220211_s098_w03,existing exact candidate
20220211_s099_w03,existing exact candidate
20220218_s096_w03,exact 96% and 93% puts previously held as long legs
20220218_s097_w03,existing exact candidate
20220218_s098_w03,existing exact candidate
20220218_s099_w03,existing exact candidate
20220225_s096_w03,exact 96% and 93% puts previously held as long legs
20220225_s097_w03,existing exact candidate
20220225_s098_w03,existing exact candidate
20220225_s099_w03,existing exact candidate
20220304_s096_w03,exact 96% and 93% puts previously held as long legs
20220304_s097_w03,existing exact candidate
20220304_s098_w03,existing exact candidate
20220304_s099_w03,existing exact candidate
20220311_s096_w03,exact 96% and 93% puts previously held as long legs
20220311_s097_w03,existing exact candidate
20220311_s098_w03,existing exact candidate
20220311_s099_w03,existing exact candidate
20220318_s096_w03,exact 96% and 93% puts previously held as long legs
20220318_s097_w03,existing exact candidate
20220318_s098_w03,existing exact candidate
20220318_s099_w03,existing exact candidate
20220325_s096_w03,exact 96% and 93% puts previously held as long legs
20220325_s097_w03,existing exact candidate
20220325_s098_w03,existing exact candidate
20220325_s099_w03,existing exact candidate
20220401_s096_w03,exact 96% and 93% puts previously held as long legs
20220401_s097_w03,existing exact candidate
20220401_s098_w03,existing exact candidate
20220401_s099_w03,existing exact candidate
20220408_s096_w03,exact 96% and 93% puts previously held as long legs
20220408_s097_w03,existing exact candidate
20220408_s098_w03,existing exact candidate
20220408_s099_w03,existing exact candidate
20220414_s096_w03,exact 96% and 93% puts previously held as long legs
20220414_s097_w03,existing exact candidate
20220414_s098_w03,existing exact candidate
20220414_s099_w03,existing exact candidate
20220422_s096_w03,exact 96% and 93% puts previously held as long legs
20220422_s097_w03,existing exact candidate
20220422_s098_w03,existing exact candidate
20220422_s099_w03,existing exact candidate
20220429_s096_w03,exact 96% and 93% puts previously held as long legs
20220429_s097_w03,existing exact candidate
20220429_s098_w03,existing exact candidate
20220429_s099_w03,existing exact candidate
20220506_s096_w03,exact 96% and 93% puts previously held as long legs
20220506_s097_w03,existing exact candidate
20220506_s098_w03,existing exact candidate
20220506_s099_w03,existing exact candidate
20220513_s096_w03,exact 96% and 93% puts previously held as long legs
20220513_s097_w03,existing exact candidate
20220513_s098_w03,existing exact candidate
20220513_s099_w03,existing exact candidate
20220520_s096_w03,exact 96% and 93% puts previously held as long legs
20220520_s097_w03,existing exact candidate
20220520_s098_w03,existing exact candidate
20220520_s099_w03,existing exact candidate
20220527_s096_w03,exact 96% and 93% puts previously held as long legs
20220527_s097_w03,existing exact candidate
20220527_s098_w03,existing exact candidate
20220527_s099_w03,existing exact candidate
20220603_s096_w03,exact 96% and 93% puts previously held as long legs
20220603_s097_w03,existing exact candidate
20220603_s098_w03,existing exact candidate
20220603_s099_w03,existing exact candidate
20220610_s096_w03,exact 96% and 93% puts previously held as long legs
20220610_s097_w03,existing exact candidate
20220610_s098_w03,existing exact candidate
20220610_s099_w03,existing exact candidate
20220617_s096_w03,exact 96% and 93% puts previously held as long legs
20220617_s097_w03,existing exact candidate
20220617_s098_w03,existing exact candidate
20220617_s099_w03,existing exact candidate
20220624_s096_w03,exact 96% and 93% puts previously held as long legs
20220624_s097_w03,existing exact candidate
20220624_s098_w03,existing exact candidate
20220624_s099_w03,existing exact candidate
20220701_s096_w03,exact 96% and 93% puts previously held as long legs
20220701_s097_w03,existing exact candidate
20220701_s098_w03,existing exact candidate
20220701_s099_w03,existing exact candidate
20220708_s096_w03,exact 96% and 93% puts previously held as long legs
20220708_s097_w03,existing exact candidate
20220708_s098_w03,existing exact candidate
20220708_s099_w03,existing exact candidate
20220715_s096_w03,exact 96% and 93% puts previously held as long legs
20220715_s097_w03,existing exact candidate
20220715_s098_w03,existing exact candidate
20220715_s099_w03,existing exact candidate
20220722_s096_w03,exact 96% and 93% puts previously held as long legs
20220722_s097_w03,existing exact candidate
20220722_s098_w03,existing exact candidate
20220722_s099_w03,existing exact candidate
20220729_s096_w03,exact 96% and 93% puts previously held as long legs
20220729_s097_w03,existing exact candidate
20220729_s098_w03,existing exact candidate
20220729_s099_w03,existing exact candidate
20220805_s096_w03,exact 96% and 93% puts previously held as long legs
20220805_s097_w03,existing exact candidate
20220805_s098_w03,existing exact candidate
20220805_s099_w03,existing exact candidate
20220812_s096_w03,exact 96% and 93% puts previously held as long legs
20220812_s097_w03,existing exact candidate
20220812_s098_w03,existing exact candidate
20220812_s099_w03,existing exact candidate
20220819_s096_w03,exact 96% and 93% puts previously held as long legs
20220819_s097_w03,existing exact candidate
20220819_s098_w03,existing exact candidate
20220819_s099_w03,existing exact candidate
20220826_s096_w03,exact 96% and 93% puts previously held as long legs
20220826_s097_w03,existing exact candidate
20220826_s098_w03,existing exact candidate
20220826_s099_w03,existing exact candidate
20220902_s096_w03,exact 96% and 93% puts previously held as long legs
20220902_s097_w03,existing exact candidate
20220902_s098_w03,existing exact candidate
20220902_s099_w03,existing exact candidate
20220909_s096_w03,exact 96% and 93% puts previously held as long legs
20220909_s097_w03,existing exact candidate
20220909_s098_w03,existing exact candidate
20220909_s099_w03,existing exact candidate
20220916_s096_w03,exact 96% and 93% puts previously held as long legs
20220916_s097_w03,existing exact candidate
20220916_s098_w03,existing exact candidate
20220916_s099_w03,existing exact candidate
20220923_s096_w03,exact 96% and 93% puts previously held as long legs
20220923_s097_w03,existing exact candidate
20220923_s098_w03,existing exact candidate
20220923_s099_w03,existing exact candidate
20220930_s096_w03,exact 96% and 93% puts previously held as long legs
20220930_s097_w03,existing exact candidate
20220930_s098_w03,existing exact candidate
20220930_s099_w03,existing exact candidate
20221007_s096_w03,exact 96% and 93% puts previously held as long legs
20221007_s097_w03,existing exact candidate
20221007_s098_w03,existing exact candidate
20221007_s099_w03,existing exact candidate
20221014_s096_w03,exact 96% and 93% puts previously held as long legs
20221014_s097_w03,existing exact candidate
20221014_s098_w03,existing exact candidate
20221014_s099_w03,existing exact candidate
20221021_s096_w03,exact 96% and 93% puts previously held as long legs
20221021_s097_w03,existing exact candidate
20221021_s098_w03,existing exact candidate
20221021_s099_w03,existing exact candidate
20221028_s096_w03,exact 96% and 93% puts previously held as long legs
20221028_s097_w03,existing exact candidate
20221028_s098_w03,existing exact candidate
20221028_s099_w03,existing exact candidate
20221104_s096_w03,exact 96% and 93% puts previously held as long legs
20221104_s097_w03,existing exact candidate
20221104_s098_w03,existing exact candidate
20221104_s099_w03,existing exact candidate
20221111_s096_w03,exact 96% and 93% puts previously held as long legs
20221111_s097_w03,existing exact candidate
20221111_s098_w03,existing exact candidate
20221111_s099_w03,existing exact candidate
20221118_s096_w03,exact 96% and 93% puts previously held as long legs
20221118_s097_w03,existing exact candidate
20221118_s098_w03,existing exact candidate
20221118_s099_w03,existing exact candidate
20221125_s096_w03,exact 96% and 93% puts previously held as long legs
20221125_s097_w03,existing exact candidate
20221125_s098_w03,existing exact candidate
20221125_s099_w03,existing exact candidate
20221202_s096_w03,exact 96% and 93% puts previously held as long legs
20221202_s097_w03,existing exact candidate
20221202_s098_w03,existing exact candidate
20221202_s099_w03,existing exact candidate
20221209_s096_w03,exact 96% and 93% puts previously held as long legs
20221209_s097_w03,existing exact candidate
20221209_s098_w03,existing exact candidate
20221209_s099_w03,existing exact candidate
20221216_s096_w03,exact 96% and 93% puts previously held as long legs
20221216_s097_w03,existing exact candidate
20221216_s098_w03,existing exact candidate
20221216_s099_w03,existing exact candidate
20221223_s096_w03,exact 96% and 93% puts previously held as long legs
20221223_s097_w03,existing exact candidate
20221223_s098_w03,existing exact candidate
20221223_s099_w03,existing exact candidate
20221230_s096_w03,exact 96% and 93% puts previously held as long legs
20221230_s097_w03,existing exact candidate
20221230_s098_w03,existing exact candidate
20221230_s099_w03,existing exact candidate
20230106_s096_w03,exact 96% and 93% puts previously held as long legs
20230106_s097_w03,existing exact candidate
20230106_s098_w03,existing exact candidate
20230106_s099_w03,existing exact candidate
20230113_s096_w03,exact 96% and 93% puts previously held as long legs
20230113_s097_w03,existing exact candidate
20230113_s098_w03,existing exact candidate
20230113_s099_w03,existing exact candidate
20230120_s096_w03,exact 96% and 93% puts previously held as long legs
20230120_s097_w03,existing exact candidate
20230120_s098_w03,existing exact candidate
20230120_s099_w03,existing exact candidate
20230127_s096_w03,exact 96% and 93% puts previously held as long legs
20230127_s097_w03,existing exact candidate
20230127_s098_w03,existing exact candidate
20230127_s099_w03,existing exact candidate
20230203_s096_w03,exact 96% and 93% puts previously held as long legs
20230203_s097_w03,existing exact candidate
20230203_s098_w03,existing exact candidate
20230203_s099_w03,existing exact candidate
20230210_s096_w03,exact 96% and 93% puts previously held as long legs
20230210_s097_w03,existing exact candidate
20230210_s098_w03,existing exact candidate
20230210_s099_w03,existing exact candidate
20230217_s096_w03,exact 96% and 93% puts previously held as long legs
20230217_s097_w03,existing exact candidate
20230217_s098_w03,existing exact candidate
20230217_s099_w03,existing exact candidate
20230224_s096_w03,exact 96% and 93% puts previously held as long legs
20230224_s097_w03,existing exact candidate
20230224_s098_w03,existing exact candidate
20230224_s099_w03,existing exact candidate
20230303_s096_w03,exact 96% and 93% puts previously held as long legs
20230303_s097_w03,existing exact candidate
20230303_s098_w03,existing exact candidate
20230303_s099_w03,existing exact candidate
20230310_s096_w03,exact 96% and 93% puts previously held as long legs
20230310_s097_w03,existing exact candidate
20230310_s098_w03,existing exact candidate
20230310_s099_w03,existing exact candidate
20230317_s096_w03,exact 96% and 93% puts previously held as long legs
20230317_s097_w03,existing exact candidate
20230317_s098_w03,existing exact candidate
20230317_s099_w03,existing exact candidate
20230324_s096_w03,exact 96% and 93% puts previously held as long legs
20230324_s097_w03,existing exact candidate
20230324_s098_w03,existing exact candidate
20230324_s099_w03,existing exact candidate
20230331_s096_w03,exact 96% and 93% puts previously held as long legs
20230331_s097_w03,existing exact candidate
20230331_s098_w03,existing exact candidate
20230331_s099_w03,existing exact candidate
20230406_s096_w03,exact 96% and 93% puts previously held as long legs
20230406_s097_w03,existing exact candidate
20230406_s098_w03,existing exact candidate
20230406_s099_w03,existing exact candidate
20230414_s096_w03,exact 96% and 93% puts previously held as long legs
20230414_s097_w03,existing exact candidate
20230414_s098_w03,existing exact candidate
20230414_s099_w03,existing exact candidate
20230421_s096_w03,exact 96% and 93% puts previously held as long legs
20230421_s097_w03,existing exact candidate
20230421_s098_w03,existing exact candidate
20230421_s099_w03,existing exact candidate
20230428_s096_w03,exact 96% and 93% puts previously held as long legs
20230428_s097_w03,existing exact candidate
20230428_s098_w03,existing exact candidate
20230428_s099_w03,existing exact candidate
20230505_s096_w03,exact 96% and 93% puts previously held as long legs
20230505_s097_w03,existing exact candidate
20230505_s098_w03,existing exact candidate
20230505_s099_w03,existing exact candidate
20230512_s096_w03,exact 96% and 93% puts previously held as long legs
20230512_s097_w03,existing exact candidate
20230512_s098_w03,existing exact candidate
20230512_s099_w03,existing exact candidate
20230519_s096_w03,exact 96% and 93% puts previously held as long legs
20230519_s097_w03,existing exact candidate
20230519_s098_w03,existing exact candidate
20230519_s099_w03,existing exact candidate
20230526_s096_w03,exact 96% and 93% puts previously held as long legs
20230526_s097_w03,existing exact candidate
20230526_s098_w03,existing exact candidate
20230526_s099_w03,existing exact candidate
20230602_s096_w03,exact 96% and 93% puts previously held as long legs
20230602_s097_w03,existing exact candidate
20230602_s098_w03,existing exact candidate
20230602_s099_w03,existing exact candidate
20230609_s096_w03,exact 96% and 93% puts previously held as long legs
20230609_s097_w03,existing exact candidate
20230609_s098_w03,existing exact candidate
20230609_s099_w03,existing exact candidate
20230616_s096_w03,exact 96% and 93% puts previously held as long legs
20230616_s097_w03,existing exact candidate
20230616_s098_w03,existing exact candidate
20230616_s099_w03,existing exact candidate
20230623_s096_w03,exact 96% and 93% puts previously held as long legs
20230623_s097_w03,existing exact candidate
20230623_s098_w03,existing exact candidate
20230623_s099_w03,existing exact candidate
20230630_s096_w03,exact 96% and 93% puts previously held as long legs
20230630_s097_w03,existing exact candidate
20230630_s098_w03,existing exact candidate
20230630_s099_w03,existing exact candidate
20230707_s096_w03,exact 96% and 93% puts previously held as long legs
20230707_s097_w03,existing exact candidate
20230707_s098_w03,existing exact candidate
20230707_s099_w03,existing exact candidate
20230714_s096_w03,exact 96% and 93% puts previously held as long legs
20230714_s097_w03,existing exact candidate
20230714_s098_w03,existing exact candidate
20230714_s099_w03,existing exact candidate
20230721_s096_w03,exact 96% and 93% puts previously held as long legs
20230721_s097_w03,existing exact candidate
20230721_s098_w03,existing exact candidate
20230721_s099_w03,existing exact candidate
20230728_s096_w03,exact 96% and 93% puts previously held as long legs
20230728_s097_w03,existing exact candidate
20230728_s098_w03,existing exact candidate
20230728_s099_w03,existing exact candidate
20230804_s096_w03,exact 96% and 93% puts previously held as long legs
20230804_s097_w03,existing exact candidate
20230804_s098_w03,existing exact candidate
20230804_s099_w03,existing exact candidate
20230811_s096_w03,exact 96% and 93% puts previously held as long legs
20230811_s097_w03,existing exact candidate
20230811_s098_w03,existing exact candidate
20230811_s099_w03,existing exact candidate
20230818_s096_w03,exact 96% and 93% puts previously held as long legs
20230818_s097_w03,existing exact candidate
20230818_s098_w03,existing exact candidate
20230818_s099_w03,existing exact candidate
20230825_s096_w03,exact 96% and 93% puts previously held as long legs
20230825_s097_w03,existing exact candidate
20230825_s098_w03,existing exact candidate
20230825_s099_w03,existing exact candidate
20230901_s096_w03,exact 96% and 93% puts previously held as long legs
20230901_s097_w03,existing exact candidate
20230901_s098_w03,existing exact candidate
20230901_s099_w03,existing exact candidate
20230908_s096_w03,exact 96% and 93% puts previously held as long legs
20230908_s097_w03,existing exact candidate
20230908_s098_w03,existing exact candidate
20230908_s099_w03,existing exact candidate
20230915_s096_w03,exact 96% and 93% puts previously held as long legs
20230915_s097_w03,existing exact candidate
20230915_s098_w03,existing exact candidate
20230915_s099_w03,existing exact candidate
20230922_s096_w03,exact 96% and 93% puts previously held as long legs
20230922_s097_w03,existing exact candidate
20230922_s098_w03,existing exact candidate
20230922_s099_w03,existing exact candidate
20230929_s096_w03,exact 96% and 93% puts previously held as long legs
20230929_s097_w03,existing exact candidate
20230929_s098_w03,existing exact candidate
20230929_s099_w03,existing exact candidate
20231006_s096_w03,exact 96% and 93% puts previously held as long legs
20231006_s097_w03,existing exact candidate
20231006_s098_w03,existing exact candidate
20231006_s099_w03,existing exact candidate
20231013_s096_w03,exact 96% and 93% puts previously held as long legs
20231013_s097_w03,existing exact candidate
20231013_s098_w03,existing exact candidate
20231013_s099_w03,existing exact candidate
20231020_s096_w03,exact 96% and 93% puts previously held as long legs
20231020_s097_w03,existing exact candidate
20231020_s098_w03,existing exact candidate
20231020_s099_w03,existing exact candidate
20231027_s096_w03,exact 96% and 93% puts previously held as long legs
20231027_s097_w03,existing exact candidate
20231027_s098_w03,existing exact candidate
20231027_s099_w03,existing exact candidate
20231103_s096_w03,exact 96% and 93% puts previously held as long legs
20231103_s097_w03,existing exact candidate
20231103_s098_w03,existing exact candidate
20231103_s099_w03,existing exact candidate
20231110_s096_w03,exact 96% and 93% puts previously held as long legs
20231110_s097_w03,existing exact candidate
20231110_s098_w03,existing exact candidate
20231110_s099_w03,existing exact candidate
20231117_s096_w03,exact 96% and 93% puts previously held as long legs
20231117_s097_w03,existing exact candidate
20231117_s098_w03,existing exact candidate
20231117_s099_w03,existing exact candidate
20231124_s096_w03,exact 96% and 93% puts previously held as long legs
20231124_s097_w03,existing exact candidate
20231124_s098_w03,existing exact candidate
20231124_s099_w03,existing exact candidate
20231201_s096_w03,exact 96% and 93% puts previously held as long legs
20231201_s097_w03,existing exact candidate
20231201_s098_w03,existing exact candidate
20231201_s099_w03,existing exact candidate
20231208_s096_w03,exact 96% and 93% puts previously held as long legs
20231208_s097_w03,existing exact candidate
20231208_s098_w03,existing exact candidate
20231208_s099_w03,existing exact candidate
20231215_s096_w03,exact 96% and 93% puts previously held as long legs
20231215_s097_w03,existing exact candidate
20231215_s098_w03,existing exact candidate
20231215_s099_w03,existing exact candidate
20231222_s096_w03,exact 96% and 93% puts previously held as long legs
20231222_s097_w03,existing exact candidate
20231222_s098_w03,existing exact candidate
20231222_s099_w03,existing exact candidate
20231229_s096_w03,exact 96% and 93% puts previously held as long legs
20231229_s097_w03,existing exact candidate
20231229_s098_w03,existing exact candidate
20231229_s099_w03,existing exact candidate
20240105_s096_w03,exact 96% and 93% puts previously held as long legs
20240105_s097_w03,existing exact candidate
20240105_s098_w03,existing exact candidate
20240105_s099_w03,existing exact candidate
20240112_s096_w03,exact 96% and 93% puts previously held as long legs
20240112_s097_w03,existing exact candidate
20240112_s098_w03,existing exact candidate
20240112_s099_w03,existing exact candidate
20240119_s096_w03,exact 96% and 93% puts previously held as long legs
20240119_s097_w03,existing exact candidate
20240119_s098_w03,existing exact candidate
20240119_s099_w03,existing exact candidate
20240126_s096_w03,exact 96% and 93% puts previously held as long legs
20240126_s097_w03,existing exact candidate
20240126_s098_w03,existing exact candidate
20240126_s099_w03,existing exact candidate
20240202_s096_w03,exact 96% and 93% puts previously held as long legs
20240202_s097_w03,existing exact candidate
20240202_s098_w03,existing exact candidate
20240202_s099_w03,existing exact candidate
20240209_s096_w03,exact 96% and 93% puts previously held as long legs
20240209_s097_w03,existing exact candidate
20240209_s098_w03,existing exact candidate
20240209_s099_w03,existing exact candidate
20240216_s096_w03,exact 96% and 93% puts previously held as long legs
20240216_s097_w03,existing exact candidate
20240216_s098_w03,existing exact candidate
20240216_s099_w03,existing exact candidate
20240223_s096_w03,exact 96% and 93% puts previously held as long legs
20240223_s097_w03,existing exact candidate
20240223_s098_w03,existing exact candidate
20240223_s099_w03,existing exact candidate
20240301_s096_w03,exact 96% and 93% puts previously held as long legs
20240301_s097_w03,existing exact candidate
20240301_s098_w03,existing exact candidate
20240301_s099_w03,existing exact candidate
20240308_s096_w03,exact 96% and 93% puts previously held as long legs
20240308_s097_w03,existing exact candidate
20240308_s098_w03,existing exact candidate
20240308_s099_w03,existing exact candidate
20240315_s096_w03,exact 96% and 93% puts previously held as long legs
20240315_s097_w03,existing exact candidate
20240315_s098_w03,existing exact candidate
20240315_s099_w03,existing exact candidate
20240322_s096_w03,exact 96% and 93% puts previously held as long legs
20240322_s097_w03,existing exact candidate
20240322_s098_w03,existing exact candidate
20240322_s099_w03,existing exact candidate
20240328_s096_w03,exact 96% and 93% puts previously held as long legs
20240328_s097_w03,existing exact candidate
20240328_s098_w03,existing exact candidate
20240328_s099_w03,existing exact candidate
20240405_s096_w03,exact 96% and 93% puts previously held as long legs
20240405_s097_w03,existing exact candidate
20240405_s098_w03,existing exact candidate
20240405_s099_w03,existing exact candidate
20240412_s096_w03,exact 96% and 93% puts previously held as long legs
20240412_s097_w03,existing exact candidate
20240412_s098_w03,existing exact candidate
20240412_s099_w03,existing exact candidate
20240419_s096_w03,exact 96% and 93% puts previously held as long legs
20240419_s097_w03,existing exact candidate
20240419_s098_w03,existing exact candidate
20240419_s099_w03,existing exact candidate
20240426_s096_w03,exact 96% and 93% puts previously held as long legs
20240426_s097_w03,existing exact candidate
20240426_s098_w03,existing exact candidate
20240426_s099_w03,existing exact candidate
20240503_s096_w03,exact 96% and 93% puts previously held as long legs
20240503_s097_w03,existing exact candidate
20240503_s098_w03,existing exact candidate
20240503_s099_w03,existing exact candidate
20240510_s096_w03,exact 96% and 93% puts previously held as long legs
20240510_s097_w03,existing exact candidate
20240510_s098_w03,existing exact candidate
20240510_s099_w03,existing exact candidate
20240517_s096_w03,exact 96% and 93% puts previously held as long legs
20240517_s097_w03,existing exact candidate
20240517_s098_w03,existing exact candidate
20240517_s099_w03,existing exact candidate
20240524_s096_w03,exact 96% and 93% puts previously held as long legs
20240524_s097_w03,existing exact candidate
20240524_s098_w03,existing exact candidate
20240524_s099_w03,existing exact candidate
20240531_s096_w03,exact 96% and 93% puts previously held as long legs
20240531_s097_w03,existing exact candidate
20240531_s098_w03,existing exact candidate
20240531_s099_w03,existing exact candidate
20240607_s096_w03,exact 96% and 93% puts previously held as long legs
20240607_s097_w03,existing exact candidate
20240607_s098_w03,existing exact candidate
20240607_s099_w03,existing exact candidate
20240614_s096_w03,exact 96% and 93% puts previously held as long legs
20240614_s097_w03,existing exact candidate
20240614_s098_w03,existing exact candidate
20240614_s099_w03,existing exact candidate
20240621_s096_w03,exact 96% and 93% puts previously held as long legs
20240621_s097_w03,existing exact candidate
20240621_s098_w03,existing exact candidate
20240621_s099_w03,existing exact candidate
20240628_s096_w03,exact 96% and 93% puts previously held as long legs
20240628_s097_w03,existing exact candidate
20240628_s098_w03,existing exact candidate
20240628_s099_w03,existing exact candidate
20240705_s096_w03,exact 96% and 93% puts previously held as long legs
20240705_s097_w03,existing exact candidate
20240705_s098_w03,existing exact candidate
20240705_s099_w03,existing exact candidate
20240712_s096_w03,exact 96% and 93% puts previously held as long legs
20240712_s097_w03,existing exact candidate
20240712_s098_w03,existing exact candidate
20240712_s099_w03,existing exact candidate
20240719_s096_w03,exact 96% and 93% puts previously held as long legs
20240719_s097_w03,existing exact candidate
20240719_s098_w03,existing exact candidate
20240719_s099_w03,existing exact candidate
20240726_s096_w03,exact 96% and 93% puts previously held as long legs
20240726_s097_w03,existing exact candidate
20240726_s098_w03,existing exact candidate
20240726_s099_w03,existing exact candidate
20240802_s096_w03,exact 96% and 93% puts previously held as long legs
20240802_s097_w03,existing exact candidate
20240802_s098_w03,existing exact candidate
20240802_s099_w03,existing exact candidate
20240809_s096_w03,exact 96% and 93% puts previously held as long legs
20240809_s097_w03,existing exact candidate
20240809_s098_w03,existing exact candidate
20240809_s099_w03,existing exact candidate
20240816_s096_w03,exact 96% and 93% puts previously held as long legs
20240816_s097_w03,existing exact candidate
20240816_s098_w03,existing exact candidate
20240816_s099_w03,existing exact candidate
20240823_s096_w03,exact 96% and 93% puts previously held as long legs
20240823_s097_w03,existing exact candidate
20240823_s098_w03,existing exact candidate
20240823_s099_w03,existing exact candidate
20240830_s096_w03,exact 96% and 93% puts previously held as long legs
20240830_s097_w03,existing exact candidate
20240830_s098_w03,existing exact candidate
20240830_s099_w03,existing exact candidate
20240906_s096_w03,exact 96% and 93% puts previously held as long legs
20240906_s097_w03,existing exact candidate
20240906_s098_w03,existing exact candidate
20240906_s099_w03,existing exact candidate
20240913_s096_w03,exact 96% and 93% puts previously held as long legs
20240913_s097_w03,existing exact candidate
20240913_s098_w03,existing exact candidate
20240913_s099_w03,existing exact candidate
20240920_s096_w03,exact 96% and 93% puts previously held as long legs
20240920_s097_w03,existing exact candidate
20240920_s098_w03,existing exact candidate
20240920_s099_w03,existing exact candidate
20240927_s096_w03,exact 96% and 93% puts previously held as long legs
20240927_s097_w03,existing exact candidate
20240927_s098_w03,existing exact candidate
20240927_s099_w03,existing exact candidate
20241004_s096_w03,exact 96% and 93% puts previously held as long legs
20241004_s097_w03,existing exact candidate
20241004_s098_w03,existing exact candidate
20241004_s099_w03,existing exact candidate
20241011_s096_w03,exact 96% and 93% puts previously held as long legs
20241011_s097_w03,existing exact candidate
20241011_s098_w03,existing exact candidate
20241011_s099_w03,existing exact candidate
20241018_s096_w03,exact 96% and 93% puts previously held as long legs
20241018_s097_w03,existing exact candidate
20241018_s098_w03,existing exact candidate
20241018_s099_w03,existing exact candidate
20241025_s096_w03,exact 96% and 93% puts previously held as long legs
20241025_s097_w03,existing exact candidate
20241025_s098_w03,existing exact candidate
20241025_s099_w03,existing exact candidate
20241101_s096_w03,exact 96% and 93% puts previously held as long legs
20241101_s097_w03,existing exact candidate
20241101_s098_w03,existing exact candidate
20241101_s099_w03,existing exact candidate
20241108_s096_w03,exact 96% and 93% puts previously held as long legs
20241108_s097_w03,existing exact candidate
20241108_s098_w03,existing exact candidate
20241108_s099_w03,existing exact candidate
20241115_s096_w03,exact 96% and 93% puts previously held as long legs
20241115_s097_w03,existing exact candidate
20241115_s098_w03,existing exact candidate
20241115_s099_w03,existing exact candidate
20241122_s096_w03,exact 96% and 93% puts previously held as long legs
20241122_s097_w03,existing exact candidate
20241122_s098_w03,existing exact candidate
20241122_s099_w03,existing exact candidate
20241129_s096_w03,exact 96% and 93% puts previously held as long legs
20241129_s097_w03,existing exact candidate
20241129_s098_w03,existing exact candidate
20241129_s099_w03,existing exact candidate
20241206_s096_w03,exact 96% and 93% puts previously held as long legs
20241206_s097_w03,existing exact candidate
20241206_s098_w03,existing exact candidate
20241206_s099_w03,existing exact candidate
20241213_s096_w03,exact 96% and 93% puts previously held as long legs
20241213_s097_w03,existing exact candidate
20241213_s098_w03,existing exact candidate
20241213_s099_w03,existing exact candidate
20241220_s096_w03,exact 96% and 93% puts previously held as long legs
20241220_s097_w03,existing exact candidate
20241220_s098_w03,existing exact candidate
20241220_s099_w03,existing exact candidate
20241227_s096_w03,exact 96% and 93% puts previously held as long legs
20241227_s097_w03,existing exact candidate
20241227_s098_w03,existing exact candidate
20241227_s099_w03,existing exact candidate
20250103_s096_w03,exact 96% and 93% puts previously held as long legs
20250103_s097_w03,existing exact candidate
20250103_s098_w03,existing exact candidate
20250103_s099_w03,existing exact candidate
20250110_s096_w03,exact 96% and 93% puts previously held as long legs
20250110_s097_w03,existing exact candidate
20250110_s098_w03,existing exact candidate
20250110_s099_w03,existing exact candidate
20250117_s096_w03,exact 96% and 93% puts previously held as long legs
20250117_s097_w03,existing exact candidate
20250117_s098_w03,existing exact candidate
20250117_s099_w03,existing exact candidate
20250124_s096_w03,exact 96% and 93% puts previously held as long legs
20250124_s097_w03,existing exact candidate
20250124_s098_w03,existing exact candidate
20250124_s099_w03,existing exact candidate
20250131_s096_w03,exact 96% and 93% puts previously held as long legs
20250131_s097_w03,existing exact candidate
20250131_s098_w03,existing exact candidate
20250131_s099_w03,existing exact candidate
20250207_s096_w03,exact 96% and 93% puts previously held as long legs
20250207_s097_w03,existing exact candidate
20250207_s098_w03,existing exact candidate
20250207_s099_w03,existing exact candidate
20250214_s096_w03,exact 96% and 93% puts previously held as long legs
20250214_s097_w03,existing exact candidate
20250214_s098_w03,existing exact candidate
20250214_s099_w03,existing exact candidate
20250221_s096_w03,exact 96% and 93% puts previously held as long legs
20250221_s097_w03,existing exact candidate
20250221_s098_w03,existing exact candidate
20250221_s099_w03,existing exact candidate
20250228_s096_w03,exact 96% and 93% puts previously held as long legs
20250228_s097_w03,existing exact candidate
20250228_s098_w03,existing exact candidate
20250228_s099_w03,existing exact candidate
20250307_s096_w03,exact 96% and 93% puts previously held as long legs
20250307_s097_w03,existing exact candidate
20250307_s098_w03,existing exact candidate
20250307_s099_w03,existing exact candidate
20250314_s096_w03,exact 96% and 93% puts previously held as long legs
20250314_s097_w03,existing exact candidate
20250314_s098_w03,existing exact candidate
20250314_s099_w03,existing exact candidate
20250321_s096_w03,exact 96% and 93% puts previously held as long legs
20250321_s097_w03,existing exact candidate
20250321_s098_w03,existing exact candidate
20250321_s099_w03,existing exact candidate
20250328_s096_w03,exact 96% and 93% puts previously held as long legs
20250328_s097_w03,existing exact candidate
20250328_s098_w03,existing exact candidate
20250328_s099_w03,existing exact candidate
20250404_s096_w03,exact 96% and 93% puts previously held as long legs
20250404_s097_w03,existing exact candidate
20250404_s098_w03,existing exact candidate
20250404_s099_w03,existing exact candidate
20250411_s096_w03,exact 96% and 93% puts previously held as long legs
20250411_s097_w03,existing exact candidate
20250411_s098_w03,existing exact candidate
20250411_s099_w03,existing exact candidate
20250417_s096_w03,exact 96% and 93% puts previously held as long legs
20250417_s097_w03,existing exact candidate
20250417_s098_w03,existing exact candidate
20250417_s099_w03,existing exact candidate
20250425_s096_w03,exact 96% and 93% puts previously held as long legs
20250425_s097_w03,existing exact candidate
20250425_s098_w03,existing exact candidate
20250425_s099_w03,existing exact candidate
20250502_s096_w03,exact 96% and 93% puts previously held as long legs
20250502_s097_w03,existing exact candidate
20250502_s098_w03,existing exact candidate
20250502_s099_w03,existing exact candidate
20250509_s096_w03,exact 96% and 93% puts previously held as long legs
20250509_s097_w03,existing exact candidate
20250509_s098_w03,existing exact candidate
20250509_s099_w03,existing exact candidate
20250516_s096_w03,exact 96% and 93% puts previously held as long legs
20250516_s097_w03,existing exact candidate
20250516_s098_w03,existing exact candidate
20250516_s099_w03,existing exact candidate
20250523_s096_w03,exact 96% and 93% puts previously held as long legs
20250523_s097_w03,existing exact candidate
20250523_s098_w03,existing exact candidate
20250523_s099_w03,existing exact candidate
20250530_s096_w03,exact 96% and 93% puts previously held as long legs
20250530_s097_w03,existing exact candidate
20250530_s098_w03,existing exact candidate
20250530_s099_w03,existing exact candidate
20250606_s096_w03,exact 96% and 93% puts previously held as long legs
20250606_s097_w03,existing exact candidate
20250606_s098_w03,existing exact candidate
20250606_s099_w03,existing exact candidate
20250613_s096_w03,exact 96% and 93% puts previously held as long legs
20250613_s097_w03,existing exact candidate
20250613_s098_w03,existing exact candidate
20250613_s099_w03,existing exact candidate
20250620_s096_w03,exact 96% and 93% puts previously held as long legs
20250620_s097_w03,existing exact candidate
20250620_s098_w03,existing exact candidate
20250620_s099_w03,existing exact candidate
20250627_s096_w03,exact 96% and 93% puts previously held as long legs
20250627_s097_w03,existing exact candidate
20250627_s098_w03,existing exact candidate
20250627_s099_w03,existing exact candidate
20250703_s096_w03,exact 96% and 93% puts previously held as long legs
20250703_s097_w03,existing exact candidate
20250703_s098_w03,existing exact candidate
20250703_s099_w03,existing exact candidate
20250711_s096_w03,exact 96% and 93% puts previously held as long legs
20250711_s097_w03,existing exact candidate
20250711_s098_w03,existing exact candidate
20250711_s099_w03,existing exact candidate
20250718_s096_w03,exact 96% and 93% puts previously held as long legs
20250718_s097_w03,existing exact candidate
20250718_s098_w03,existing exact candidate
20250718_s099_w03,existing exact candidate
20250725_s096_w03,exact 96% and 93% puts previously held as long legs
20250725_s097_w03,existing exact candidate
20250725_s098_w03,existing exact candidate
20250725_s099_w03,existing exact candidate
20250801_s096_w03,exact 96% and 93% puts previously held as long legs
20250801_s097_w03,existing exact candidate
20250801_s098_w03,existing exact candidate
20250801_s099_w03,existing exact candidate
20250808_s096_w03,exact 96% and 93% puts previously held as long legs
20250808_s097_w03,existing exact candidate
20250808_s098_w03,existing exact candidate
20250808_s099_w03,existing exact candidate
20250815_s096_w03,exact 96% and 93% puts previously held as long legs
20250815_s097_w03,existing exact candidate
20250815_s098_w03,existing exact candidate
20250815_s099_w03,existing exact candidate
20250822_s096_w03,exact 96% and 93% puts previously held as long legs
20250822_s097_w03,existing exact candidate
20250822_s098_w03,existing exact candidate
20250822_s099_w03,existing exact candidate
20250829_s096_w03,exact 96% and 93% puts previously held as long legs
20250829_s097_w03,existing exact candidate
20250829_s098_w03,existing exact candidate
20250829_s099_w03,existing exact candidate
20250905_s096_w03,exact 96% and 93% puts previously held as long legs
20250905_s097_w03,existing exact candidate
20250905_s098_w03,existing exact candidate
20250905_s099_w03,existing exact candidate
20250912_s096_w03,exact 96% and 93% puts previously held as long legs
20250912_s097_w03,existing exact candidate
20250912_s098_w03,existing exact candidate
20250912_s099_w03,existing exact candidate
20250919_s096_w03,exact 96% and 93% puts previously held as long legs
20250919_s097_w03,existing exact candidate
20250919_s098_w03,existing exact candidate
20250919_s099_w03,existing exact candidate
20250926_s096_w03,exact 96% and 93% puts previously held as long legs
20250926_s097_w03,existing exact candidate
20250926_s098_w03,existing exact candidate
20250926_s099_w03,existing exact candidate
20251003_s096_w03,exact 96% and 93% puts previously held as long legs
20251003_s097_w03,existing exact candidate
20251003_s098_w03,existing exact candidate
20251003_s099_w03,existing exact candidate
20251010_s096_w03,exact 96% and 93% puts previously held as long legs
20251010_s097_w03,existing exact candidate
20251010_s098_w03,existing exact candidate
20251010_s099_w03,existing exact candidate
20251017_s096_w03,exact 96% and 93% puts previously held as long legs
20251017_s097_w03,existing exact candidate
20251017_s098_w03,existing exact candidate
20251017_s099_w03,existing exact candidate
20251024_s096_w03,exact 96% and 93% puts previously held as long legs
20251024_s097_w03,existing exact candidate
20251024_s098_w03,existing exact candidate
20251024_s099_w03,existing exact candidate
20251031_s096_w03,exact 96% and 93% puts previously held as long legs
20251031_s097_w03,existing exact candidate
20251031_s098_w03,existing exact candidate
20251031_s099_w03,existing exact candidate
20251107_s096_w03,exact 96% and 93% puts previously held as long legs
20251107_s097_w03,existing exact candidate
20251107_s098_w03,existing exact candidate
20251107_s099_w03,existing exact candidate
20251114_s096_w03,exact 96% and 93% puts previously held as long legs
20251114_s097_w03,existing exact candidate
20251114_s098_w03,existing exact candidate
20251114_s099_w03,existing exact candidate
20251121_s096_w03,exact 96% and 93% puts previously held as long legs
20251121_s097_w03,existing exact candidate
20251121_s098_w03,existing exact candidate
20251121_s099_w03,existing exact candidate
20251128_s096_w03,exact 96% and 93% puts previously held as long legs
20251128_s097_w03,existing exact candidate
20251128_s098_w03,existing exact candidate
20251128_s099_w03,existing exact candidate
20251205_s096_w03,exact 96% and 93% puts previously held as long legs
20251205_s097_w03,existing exact candidate
20251205_s098_w03,existing exact candidate
20251205_s099_w03,existing exact candidate
20251212_s096_w03,exact 96% and 93% puts previously held as long legs
20251212_s097_w03,existing exact candidate
20251212_s098_w03,existing exact candidate
20251212_s099_w03,existing exact candidate
20251219_s096_w03,exact 96% and 93% puts previously held as long legs
20251219_s097_w03,existing exact candidate
20251219_s098_w03,existing exact candidate
20251219_s099_w03,existing exact candidate
20251226_s096_w03,exact 96% and 93% puts previously held as long legs
20251226_s097_w03,existing exact candidate
20251226_s098_w03,existing exact candidate
20251226_s099_w03,existing exact candidate
20260102_s096_w03,exact 96% and 93% puts previously held as long legs
20260102_s097_w03,existing exact candidate
20260102_s098_w03,existing exact candidate
20260102_s099_w03,existing exact candidate
20260109_s096_w03,exact 96% and 93% puts previously held as long legs
20260109_s097_w03,existing exact candidate
20260109_s098_w03,existing exact candidate
20260109_s099_w03,existing exact candidate
20260116_s096_w03,exact 96% and 93% puts previously held as long legs
20260116_s097_w03,existing exact candidate
20260116_s098_w03,existing exact candidate
20260116_s099_w03,existing exact candidate
20260123_s096_w03,exact 96% and 93% puts previously held as long legs
20260123_s097_w03,existing exact candidate
20260123_s098_w03,existing exact candidate
20260123_s099_w03,existing exact candidate
20260130_s096_w03,exact 96% and 93% puts previously held as long legs
20260130_s097_w03,existing exact candidate
20260130_s098_w03,existing exact candidate
20260130_s099_w03,existing exact candidate
20260206_s096_w03,exact 96% and 93% puts previously held as long legs
20260206_s097_w03,existing exact candidate
20260206_s098_w03,existing exact candidate
20260206_s099_w03,existing exact candidate
20260213_s096_w03,exact 96% and 93% puts previously held as long legs
20260213_s097_w03,existing exact candidate
20260213_s098_w03,existing exact candidate
20260213_s099_w03,existing exact candidate
20260220_s096_w03,exact 96% and 93% puts previously held as long legs
20260220_s097_w03,existing exact candidate
20260220_s098_w03,existing exact candidate
20260220_s099_w03,existing exact candidate
20260227_s096_w03,exact 96% and 93% puts previously held as long legs
20260227_s097_w03,existing exact candidate
20260227_s098_w03,existing exact candidate
20260227_s099_w03,existing exact candidate
20260306_s096_w03,exact 96% and 93% puts previously held as long legs
20260306_s097_w03,existing exact candidate
20260306_s098_w03,existing exact candidate
20260306_s099_w03,existing exact candidate
20260313_s096_w03,exact 96% and 93% puts previously held as long legs
20260313_s097_w03,existing exact candidate
20260313_s098_w03,existing exact candidate
20260313_s099_w03,existing exact candidate
20260320_s096_w03,exact 96% and 93% puts previously held as long legs
20260320_s097_w03,existing exact candidate
20260320_s098_w03,existing exact candidate
20260320_s099_w03,existing exact candidate
20260327_s096_w03,exact 96% and 93% puts previously held as long legs
20260327_s097_w03,existing exact candidate
20260327_s098_w03,existing exact candidate
20260327_s099_w03,existing exact candidate
20260402_s096_w03,exact 96% and 93% puts previously held as long legs
20260402_s097_w03,existing exact candidate
20260402_s098_w03,existing exact candidate
20260402_s099_w03,existing exact candidate
20260410_s096_w03,exact 96% and 93% puts previously held as long legs
20260410_s097_w03,existing exact candidate
20260410_s098_w03,existing exact candidate
20260410_s099_w03,existing exact candidate
20260417_s096_w03,exact 96% and 93% puts previously held as long legs
20260417_s097_w03,existing exact candidate
20260417_s098_w03,existing exact candidate
20260417_s099_w03,existing exact candidate
20260424_s096_w03,exact 96% and 93% puts previously held as long legs
20260424_s097_w03,existing exact candidate
20260424_s098_w03,existing exact candidate
20260424_s099_w03,existing exact candidate
20260501_s096_w03,exact 96% and 93% puts previously held as long legs
20260501_s097_w03,existing exact candidate
20260501_s098_w03,existing exact candidate
20260501_s099_w03,existing exact candidate
20260508_s096_w03,exact 96% and 93% puts previously held as long legs
20260508_s097_w03,existing exact candidate
20260508_s098_w03,existing exact candidate
20260508_s099_w03,existing exact candidate
20260515_s096_w03,exact 96% and 93% puts previously held as long legs
20260515_s097_w03,existing exact candidate
20260515_s098_w03,existing exact candidate
20260515_s099_w03,existing exact candidate
20260522_s096_w03,exact 96% and 93% puts previously held as long legs
20260522_s097_w03,existing exact candidate
20260522_s098_w03,existing exact candidate
20260522_s099_w03,existing exact candidate
20260529_s096_w03,exact 96% and 93% puts previously held as long legs
20260529_s097_w03,existing exact candidate
20260529_s098_w03,existing exact candidate
20260529_s099_w03,existing exact candidate
20260605_s096_w03,exact 96% and 93% puts previously held as long legs
20260605_s097_w03,existing exact candidate
20260605_s098_w03,existing exact candidate
20260605_s099_w03,existing exact candidate
20260612_s096_w03,exact 96% and 93% puts previously held as long legs
20260612_s097_w03,existing exact candidate
20260612_s098_w03,existing exact candidate
20260612_s099_w03,existing exact candidate
20260618_s096_w03,exact 96% and 93% puts previously held as long legs
20260618_s097_w03,existing exact candidate
20260618_s098_w03,existing exact candidate
20260618_s099_w03,existing exact candidate
20260626_s096_w03,exact 96% and 93% puts previously held as long legs
20260626_s097_w03,existing exact candidate
20260626_s098_w03,existing exact candidate
20260626_s099_w03,existing exact candidate
20260702_s096_w03,exact 96% and 93% puts previously held as long legs
20260702_s097_w03,existing exact candidate
20260702_s098_w03,existing exact candidate
20260702_s099_w03,existing exact candidate
20260710_s096_w03,exact 96% and 93% puts previously held as long legs
20260710_s097_w03,existing exact candidate
20260710_s098_w03,existing exact candidate
20260710_s099_w03,existing exact candidate
20260717_s096_w03,exact 96% and 93% puts previously held as long legs
20260717_s097_w03,existing exact candidate
20260717_s098_w03,existing exact candidate
20260717_s099_w03,existing exact candidate
20260724_s096_w03,exact 96% and 93% puts previously held as long legs
20260724_s097_w03,existing exact candidate
20260724_s098_w03,existing exact candidate
20260724_s099_w03,existing exact candidate
20260731_s096_w03,exact 96% and 93% puts previously held as long legs
20260731_s097_w03,existing exact candidate
20260731_s098_w03,existing exact candidate
20260731_s099_w03,existing exact candidate
20260807_s096_w03,exact 96% and 93% puts previously held as long legs
20260807_s097_w03,existing exact candidate
20260807_s098_w03,existing exact candidate
20260807_s099_w03,existing exact candidate
20260814_s096_w03,exact 96% and 93% puts previously held as long legs
20260814_s097_w03,existing exact candidate
20260814_s098_w03,existing exact candidate
20260814_s099_w03,existing exact candidate
20260821_s096_w03,exact 96% and 93% puts previously held as long legs
20260821_s097_w03,existing exact candidate
20260821_s098_w03,existing exact candidate
20260821_s099_w03,existing exact candidate
20260828_s096_w03,exact 96% and 93% puts previously held as long legs
20260828_s097_w03,existing exact candidate
20260828_s098_w03,existing exact candidate
20260828_s099_w03,existing exact candidate
20260904_s096_w03,exact 96% and 93% puts previously held as long legs
20260904_s097_w03,existing exact candidate
20260904_s098_w03,existing exact candidate
20260904_s099_w03,existing exact candidate
20260911_s096_w03,exact 96% and 93% puts previously held as long legs
20260911_s097_w03,existing exact candidate
20260911_s098_w03,existing exact candidate
20260911_s099_w03,existing exact candidate
