date,close,source,retrieved_at_utc
2010-01-04,73.3,https://cdn.cboe.com/api/global/us_indices/daily_prices/VVIX_History.csv,2026-10-02T14:42:11.510175+00:00
2010-01-05,70.36,https://cdn.cboe.com/api/global/us_indices/daily_prices/VVIX_History.csv,2026-10-02T14:42:11.510175+00:00
2010-01-06,67.65,https://cdn.cboe.com/api/global/us_indices/daily_prices/VVIX_History.csv,2026-10-02T14:42:11.510175+00:00
2010-01-07,67.15,https://cdn.cboe.com/api/global/us_indices/daily_prices/VVIX_History.csv,2026-10-02T14:42:11.510175+00:00
2010-01-08,65.71,https://cdn.cboe.com/api/global/us_indices/daily_prices/VVIX_History.csv,2026-10-02T14:42:11.510175+00:00
2010-01-11,64.87,https://cdn.cboe.com/api/global/us_indices/daily_prices/VVIX_History.csv,2026-10-02T14:42:11.510175+00:00
2010-01-12,70.42,https://cdn.cboe.com/api/global/us_indices/daily_prices/VVIX_History.csv,2026-10-02T14:42:11.510175+00:00
2010-01-13,75.53,https://cdn.cboe.com/api/global/us_indices/daily_prices/VVIX_History.csv,2026-10-02T14:42:11.510175+00:00
2010-01-14,74.52,https://cdn.cboe.com/api/global/us_indices/daily_prices/VVIX_History.csv,2026-10-02T14:42:11.510175+00:00
2010-01-15,74.27,https://cdn.cboe.com/api/global/us_indices/daily_prices/VVIX_History.csv,2026-10-02T14:42:11.510175+00:00
2010-01-19,73.5,https://cdn.cboe.com/api/global/us_indices/daily_prices/VVIX_History.csv,2026-10-02T14:42:11.510175+00:00
2010-01-20,80.36,https://cdn.cboe.com/api/global/us_indices/daily_prices/VVIX_History.csv,2026-10-02T14:42:11.510175+00:00
2010-01-21,88.82,https://cdn.cboe.com/api/global/us_indices/daily_prices/VVIX_History.csv,2026-10-02T14:42:11.510175+00:00
2010-01-22,100.06,https://cdn.cboe.com/api/global/us_indices/daily_prices/VVIX_History.csv,2026-10-02T14:42:11.510175+00:00
2010-01-25,90.58,https://cdn.cboe.com/api/global/us_indices/daily_prices/VVIX_History.csv,2026-10-02T14:42:11.510175+00:00
2010-01-26,90.04,https://cdn.cboe.com/api/global/us_indices/daily_prices/VVIX_History.csv,2026-10-02T14:42:11.510175+00:00
2010-01-27,85.86,https://cdn.cboe.com/api/global/us_indices/daily_prices/VVIX_History.csv,2026-10-02T14:42:11.510175+00:00
2010-01-28,87.91,https://cdn.cboe.com/api/global/us_indices/daily_prices/VVIX_History.csv,2026-10-02T14:42:11.510175+00:00
2010-01-29,89.0,https://cdn.cboe.com/api/global/us_indices/daily_prices/VVIX_History.csv,2026-10-02T14:42:11.510175+00:00
2010-02-01,83.73,https://cdn.cboe.com/api/global/us_indices/daily_prices/VVIX_History.csv,2026-10-02T14:42:11.510175+00:00
2010-02-02,80.98,https://cdn.cboe.com/api/global/us_indices/daily_prices/VVIX_History.csv,2026-10-02T14:42:11.510175+00:00
2010-02-03,80.55,https://cdn.cboe.com/api/global/us_indices/daily_prices/VVIX_History.csv,2026-10-02T14:42:11.510175+00:00
2010-02-04,91.42,https://cdn.cboe.com/api/global/us_indices/daily_prices/VVIX_History.csv,2026-10-02T14:42:11.510175+00:00
2010-02-05,88.22,https://cdn.cboe.com/api/global/us_indices/daily_prices/VVIX_History.csv,2026-10-02T14:42:11.510175+00:00
2010-02-08,90.01,https://cdn.cboe.com/api/global/us_indices/daily_prices/VVIX_History.csv,2026-10-02T14:42:11.510175+00:00
2010-02-09,88.8,https://cdn.cboe.com/api/global/us_indices/daily_prices/VVIX_History.csv,2026-10-02T14:42:11.510175+00:00
2010-02-10,92.18,https://cdn.cboe.com/api/global/us_indices/daily_prices/VVIX_History.csv,2026-10-02T14:42:11.510175+00:00
2010-02-11,89.59,https://cdn.cboe.com/api/global/us_indices/daily_prices/VVIX_History.csv,2026-10-02T14:42:11.510175+00:00
2010-02-12,88.16,https://cdn.cboe.com/api/global/us_indices/daily_prices/VVIX_History.csv,2026-10-02T14:42:11.510175+00:00
2010-02-16,81.77,https://cdn.cboe.com/api/global/us_indices/daily_prices/VVIX_History.csv,2026-10-02T14:42:11.510175+00:00
2010-02-17,80.29,https://cdn.cboe.com/api/global/us_indices/daily_prices/VVIX_History.csv,2026-10-02T14:42:11.510175+00:00
2010-02-18,79.2,https://cdn.cboe.com/api/global/us_indices/daily_prices/VVIX_History.csv,2026-10-02T14:42:11.510175+00:00
2010-02-19,77.97,https://cdn.cboe.com/api/global/us_indices/daily_prices/VVIX_History.csv,2026-10-02T14:42:11.510175+00:00
2010-02-22,75.44,https://cdn.cboe.com/api/global/us_indices/daily_prices/VVIX_History.csv,2026-10-02T14:42:11.510175+00:00
2010-02-23,77.82,https://cdn.cboe.com/api/global/us_indices/daily_prices/VVIX_History.csv,2026-10-02T14:42:11.510175+00:00
2010-02-24,75.93,https://cdn.cboe.com/api/global/us_indices/daily_prices/VVIX_History.csv,2026-10-02T14:42:11.510175+00:00
2010-02-25,75.3,https://cdn.cboe.com/api/global/us_indices/daily_prices/VVIX_History.csv,2026-10-02T14:42:11.510175+00:00
2010-02-26,73.13,https://cdn.cboe.com/api/global/us_indices/daily_prices/VVIX_History.csv,2026-10-02T14:42:11.510175+00:00
2010-03-01,73.24,https://cdn.cboe.com/api/global/us_indices/daily_prices/VVIX_History.csv,2026-10-02T14:42:11.510175+00:00
2010-03-02,73.43,https://cdn.cboe.com/api/global/us_indices/daily_prices/VVIX_History.csv,2026-10-02T14:42:11.510175+00:00
2010-03-03,72.61,https://cdn.cboe.com/api/global/us_indices/daily_prices/VVIX_History.csv,2026-10-02T14:42:11.510175+00:00
2010-03-04,70.51,https://cdn.cboe.com/api/global/us_indices/daily_prices/VVIX_History.csv,2026-10-02T14:42:11.510175+00:00
2010-03-05,71.06,https://cdn.cboe.com/api/global/us_indices/daily_prices/VVIX_History.csv,2026-10-02T14:42:11.510175+00:00
2010-03-08,70.9,https://cdn.cboe.com/api/global/us_indices/daily_prices/VVIX_History.csv,2026-10-02T14:42:11.510175+00:00
2010-03-09,71.49,https://cdn.cboe.com/api/global/us_indices/daily_prices/VVIX_History.csv,2026-10-02T14:42:11.510175+00:00
2010-03-10,76.2,https://cdn.cboe.com/api/global/us_indices/daily_prices/VVIX_History.csv,2026-10-02T14:42:11.510175+00:00
2010-03-11,76.16,https://cdn.cboe.com/api/global/us_indices/daily_prices/VVIX_History.csv,2026-10-02T14:42:11.510175+00:00
2010-03-12,73.74,https://cdn.cboe.com/api/global/us_indices/daily_prices/VVIX_History.csv,2026-10-02T14:42:11.510175+00:00
2010-03-15,75.22,https://cdn.cboe.com/api/global/us_indices/daily_prices/VVIX_History.csv,2026-10-02T14:42:11.510175+00:00
2010-03-16,76.41,https://cdn.cboe.com/api/global/us_indices/daily_prices/VVIX_History.csv,2026-10-02T14:42:11.510175+00:00
2010-03-17,73.16,https://cdn.cboe.com/api/global/us_indices/daily_prices/VVIX_History.csv,2026-10-02T14:42:11.510175+00:00
2010-03-18,76.46,https://cdn.cboe.com/api/global/us_indices/daily_prices/VVIX_History.csv,2026-10-02T14:42:11.510175+00:00
2010-03-19,76.68,https://cdn.cboe.com/api/global/us_indices/daily_prices/VVIX_History.csv,2026-10-02T14:42:11.510175+00:00
2010-03-22,77.75,https://cdn.cboe.com/api/global/us_indices/daily_prices/VVIX_History.csv,2026-10-02T14:42:11.510175+00:00
2010-03-23,78.31,https://cdn.cboe.com/api/global/us_indices/daily_prices/VVIX_History.csv,2026-10-02T14:42:11.510175+00:00
2010-03-24,80.68,https://cdn.cboe.com/api/global/us_indices/daily_prices/VVIX_History.csv,2026-10-02T14:42:11.510175+00:00
2010-03-25,83.82,https://cdn.cboe.com/api/global/us_indices/daily_prices/VVIX_History.csv,2026-10-02T14:42:11.510175+00:00
2010-03-26,81.56,https://cdn.cboe.com/api/global/us_indices/daily_prices/VVIX_History.csv,2026-10-02T14:42:11.510175+00:00
2010-03-29,78.75,https://cdn.cboe.com/api/global/us_indices/daily_prices/VVIX_History.csv,2026-10-02T14:42:11.510175+00:00
2010-03-30,76.91,https://cdn.cboe.com/api/global/us_indices/daily_prices/VVIX_History.csv,2026-10-02T14:42:11.510175+00:00
2010-03-31,77.49,https://cdn.cboe.com/api/global/us_indices/daily_prices/VVIX_History.csv,2026-10-02T14:42:11.510175+00:00
2010-04-01,78.29,https://cdn.cboe.com/api/global/us_indices/daily_prices/VVIX_History.csv,2026-10-02T14:42:11.510175+00:00
2010-04-05,76.97,https://cdn.cboe.com/api/global/us_indices/daily_prices/VVIX_History.csv,2026-10-02T14:42:11.510175+00:00
2010-04-06,76.82,https://cdn.cboe.com/api/global/us_indices/daily_prices/VVIX_History.csv,2026-10-02T14:42:11.510175+00:00
2010-04-07,78.16,https://cdn.cboe.com/api/global/us_indices/daily_prices/VVIX_History.csv,2026-10-02T14:42:11.510175+00:00
2010-04-08,77.06,https://cdn.cboe.com/api/global/us_indices/daily_prices/VVIX_History.csv,2026-10-02T14:42:11.510175+00:00
2010-04-09,78.24,https://cdn.cboe.com/api/global/us_indices/daily_prices/VVIX_History.csv,2026-10-02T14:42:11.510175+00:00
2010-04-12,80.06,https://cdn.cboe.com/api/global/us_indices/daily_prices/VVIX_History.csv,2026-10-02T14:42:11.510175+00:00
2010-04-13,79.97,https://cdn.cboe.com/api/global/us_indices/daily_prices/VVIX_History.csv,2026-10-02T14:42:11.510175+00:00
2010-04-14,83.31,https://cdn.cboe.com/api/global/us_indices/daily_prices/VVIX_History.csv,2026-10-02T14:42:11.510175+00:00
2010-04-15,83.1,https://cdn.cboe.com/api/global/us_indices/daily_prices/VVIX_History.csv,2026-10-02T14:42:11.510175+00:00
2010-04-16,86.29,https://cdn.cboe.com/api/global/us_indices/daily_prices/VVIX_History.csv,2026-10-02T14:42:11.510175+00:00
2010-04-19,81.72,https://cdn.cboe.com/api/global/us_indices/daily_prices/VVIX_History.csv,2026-10-02T14:42:11.510175+00:00
2010-04-20,79.65,https://cdn.cboe.com/api/global/us_indices/daily_prices/VVIX_History.csv,2026-10-02T14:42:11.510175+00:00
2010-04-21,83.89,https://cdn.cboe.com/api/global/us_indices/daily_prices/VVIX_History.csv,2026-10-02T14:42:11.510175+00:00
2010-04-22,85.76,https://cdn.cboe.com/api/global/us_indices/daily_prices/VVIX_History.csv,2026-10-02T14:42:11.510175+00:00
2010-04-23,88.14,https://cdn.cboe.com/api/global/us_indices/daily_prices/VVIX_History.csv,2026-10-02T14:42:11.510175+00:00
2010-04-26,87.53,https://cdn.cboe.com/api/global/us_indices/daily_prices/VVIX_History.csv,2026-10-02T14:42:11.510175+00:00
2010-04-27,103.23,https://cdn.cboe.com/api/global/us_indices/daily_prices/VVIX_History.csv,2026-10-02T14:42:11.510175+00:00
2010-04-28,101.7,https://cdn.cboe.com/api/global/us_indices/daily_prices/VVIX_History.csv,2026-10-02T14:42:11.510175+00:00
2010-04-29,92.44,https://cdn.cboe.com/api/global/us_indices/daily_prices/VVIX_History.csv,2026-10-02T14:42:11.510175+00:00
2010-04-30,101.41,https://cdn.cboe.com/api/global/us_indices/daily_prices/VVIX_History.csv,2026-10-02T14:42:11.510175+00:00
2010-05-03,95.68,https://cdn.cboe.com/api/global/us_indices/daily_prices/VVIX_History.csv,2026-10-02T14:42:11.510175+00:00
2010-05-04,101.88,https://cdn.cboe.com/api/global/us_indices/daily_prices/VVIX_History.csv,2026-10-02T14:42:11.510175+00:00
2010-05-05,105.59,https://cdn.cboe.com/api/global/us_indices/daily_prices/VVIX_History.csv,2026-10-02T14:42:11.510175+00:00
2010-05-06,125.36,https://cdn.cboe.com/api/global/us_indices/daily_prices/VVIX_History.csv,2026-10-02T14:42:11.510175+00:00
2010-05-07,135.38,https://cdn.cboe.com/api/global/us_indices/daily_prices/VVIX_History.csv,2026-10-02T14:42:11.510175+00:00
2010-05-10,110.96,https://cdn.cboe.com/api/global/us_indices/daily_prices/VVIX_History.csv,2026-10-02T14:42:11.510175+00:00
2010-05-11,113.95,https://cdn.cboe.com/api/global/us_indices/daily_prices/VVIX_History.csv,2026-10-02T14:42:11.510175+00:00
2010-05-12,116.53,https://cdn.cboe.com/api/global/us_indices/daily_prices/VVIX_History.csv,2026-10-02T14:42:11.510175+00:00
2010-05-13,123.17,https://cdn.cboe.com/api/global/us_indices/daily_prices/VVIX_History.csv,2026-10-02T14:42:11.510175+00:00
2010-05-14,128.34,https://cdn.cboe.com/api/global/us_indices/daily_prices/VVIX_History.csv,2026-10-02T14:42:11.510175+00:00
2010-05-17,120.97,https://cdn.cboe.com/api/global/us_indices/daily_prices/VVIX_History.csv,2026-10-02T14:42:11.510175+00:00
2010-05-18,135.82,https://cdn.cboe.com/api/global/us_indices/daily_prices/VVIX_History.csv,2026-10-02T14:42:11.510175+00:00
2010-05-19,128.44,https://cdn.cboe.com/api/global/us_indices/daily_prices/VVIX_History.csv,2026-10-02T14:42:11.510175+00:00
2010-05-20,145.12,https://cdn.cboe.com/api/global/us_indices/daily_prices/VVIX_History.csv,2026-10-02T14:42:11.510175+00:00
2010-05-21,130.67,https://cdn.cboe.com/api/global/us_indices/daily_prices/VVIX_History.csv,2026-10-02T14:42:11.510175+00:00
2010-05-24,123.87,https://cdn.cboe.com/api/global/us_indices/daily_prices/VVIX_History.csv,2026-10-02T14:42:11.510175+00:00
2010-05-25,119.36,https://cdn.cboe.com/api/global/us_indices/daily_prices/VVIX_History.csv,2026-10-02T14:42:11.510175+00:00
2010-05-26,115.68,https://cdn.cboe.com/api/global/us_indices/daily_prices/VVIX_History.csv,2026-10-02T14:42:11.510175+00:00
2010-05-27,107.64,https://cdn.cboe.com/api/global/us_indices/daily_prices/VVIX_History.csv,2026-10-02T14:42:11.510175+00:00
2010-05-28,110.13,https://cdn.cboe.com/api/global/us_indices/daily_prices/VVIX_History.csv,2026-10-02T14:42:11.510175+00:00
2010-06-01,109.92,https://cdn.cboe.com/api/global/us_indices/daily_prices/VVIX_History.csv,2026-10-02T14:42:11.510175+00:00
2010-06-02,98.02,https://cdn.cboe.com/api/global/us_indices/daily_prices/VVIX_History.csv,2026-10-02T14:42:11.510175+00:00
2010-06-03,95.61,https://cdn.cboe.com/api/global/us_indices/daily_prices/VVIX_History.csv,2026-10-02T14:42:11.510175+00:00
2010-06-04,103.31,https://cdn.cboe.com/api/global/us_indices/daily_prices/VVIX_History.csv,2026-10-02T14:42:11.510175+00:00
2010-06-07,102.76,https://cdn.cboe.com/api/global/us_indices/daily_prices/VVIX_History.csv,2026-10-02T14:42:11.510175+00:00
2010-06-08,101.79,https://cdn.cboe.com/api/global/us_indices/daily_prices/VVIX_History.csv,2026-10-02T14:42:11.510175+00:00
2010-06-09,111.77,https://cdn.cboe.com/api/global/us_indices/daily_prices/VVIX_History.csv,2026-10-02T14:42:11.510175+00:00
2010-06-10,108.61,https://cdn.cboe.com/api/global/us_indices/daily_prices/VVIX_History.csv,2026-10-02T14:42:11.510175+00:00
2010-06-11,103.69,https://cdn.cboe.com/api/global/us_indices/daily_prices/VVIX_History.csv,2026-10-02T14:42:11.510175+00:00
2010-06-14,99.92,https://cdn.cboe.com/api/global/us_indices/daily_prices/VVIX_History.csv,2026-10-02T14:42:11.510175+00:00
2010-06-15,99.0,https://cdn.cboe.com/api/global/us_indices/daily_prices/VVIX_History.csv,2026-10-02T14:42:11.510175+00:00
2010-06-16,93.67,https://cdn.cboe.com/api/global/us_indices/daily_prices/VVIX_History.csv,2026-10-02T14:42:11.510175+00:00
2010-06-17,89.65,https://cdn.cboe.com/api/global/us_indices/daily_prices/VVIX_History.csv,2026-10-02T14:42:11.510175+00:00
2010-06-18,92.36,https://cdn.cboe.com/api/global/us_indices/daily_prices/VVIX_History.csv,2026-10-02T14:42:11.510175+00:00
2010-06-21,96.01,https://cdn.cboe.com/api/global/us_indices/daily_prices/VVIX_History.csv,2026-10-02T14:42:11.510175+00:00
2010-06-22,101.65,https://cdn.cboe.com/api/global/us_indices/daily_prices/VVIX_History.csv,2026-10-02T14:42:11.510175+00:00
2010-06-23,98.93,https://cdn.cboe.com/api/global/us_indices/daily_prices/VVIX_History.csv,2026-10-02T14:42:11.510175+00:00
2010-06-24,103.69,https://cdn.cboe.com/api/global/us_indices/daily_prices/VVIX_History.csv,2026-10-02T14:42:11.510175+00:00
2010-06-25,97.51,https://cdn.cboe.com/api/global/us_indices/daily_prices/VVIX_History.csv,2026-10-02T14:42:11.510175+00:00
2010-06-28,99.01,https://cdn.cboe.com/api/global/us_indices/daily_prices/VVIX_History.csv,2026-10-02T14:42:11.510175+00:00
2010-06-29,104.0,https://cdn.cboe.com/api/global/us_indices/daily_prices/VVIX_History.csv,2026-10-02T14:42:11.510175+00:00
2010-06-30,105.16,https://cdn.cboe.com/api/global/us_indices/daily_prices/VVIX_History.csv,2026-10-02T14:42:11.510175+00:00
2010-07-01,100.69,https://cdn.cboe.com/api/global/us_indices/daily_prices/VVIX_History.csv,2026-10-02T14:42:11.510175+00:00
2010-07-02,97.19,https://cdn.cboe.com/api/global/us_indices/daily_prices/VVIX_History.csv,2026-10-02T14:42:11.510175+00:00
2010-07-06,97.58,https://cdn.cboe.com/api/global/us_indices/daily_prices/VVIX_History.csv,2026-10-02T14:42:11.510175+00:00
2010-07-07,92.14,https://cdn.cboe.com/api/global/us_indices/daily_prices/VVIX_History.csv,2026-10-02T14:42:11.510175+00:00
2010-07-08,89.85,https://cdn.cboe.com/api/global/us_indices/daily_prices/VVIX_History.csv,2026-10-02T14:42:11.510175+00:00
2010-07-09,88.58,https://cdn.cboe.com/api/global/us_indices/daily_prices/VVIX_History.csv,2026-10-02T14:42:11.510175+00:00
2010-07-12,91.75,https://cdn.cboe.com/api/global/us_indices/daily_prices/VVIX_History.csv,2026-10-02T14:42:11.510175+00:00
2010-07-13,90.8,https://cdn.cboe.com/api/global/us_indices/daily_prices/VVIX_History.csv,2026-10-02T14:42:11.510175+00:00
2010-07-14,96.13,https://cdn.cboe.com/api/global/us_indices/daily_prices/VVIX_History.csv,2026-10-02T14:42:11.510175+00:00
2010-07-15,97.75,https://cdn.cboe.com/api/global/us_indices/daily_prices/VVIX_History.csv,2026-10-02T14:42:11.510175+00:00
2010-07-16,101.57,https://cdn.cboe.com/api/global/us_indices/daily_prices/VVIX_History.csv,2026-10-02T14:42:11.510175+00:00
2010-07-19,102.58,https://cdn.cboe.com/api/global/us_indices/daily_prices/VVIX_History.csv,2026-10-02T14:42:11.510175+00:00
2010-07-20,98.89,https://cdn.cboe.com/api/global/us_indices/daily_prices/VVIX_History.csv,2026-10-02T14:42:11.510175+00:00
2010-07-21,97.02,https://cdn.cboe.com/api/global/us_indices/daily_prices/VVIX_History.csv,2026-10-02T14:42:11.510175+00:00
2010-07-22,93.2,https://cdn.cboe.com/api/global/us_indices/daily_prices/VVIX_History.csv,2026-10-02T14:42:11.510175+00:00
2010-07-23,89.9,https://cdn.cboe.com/api/global/us_indices/daily_prices/VVIX_History.csv,2026-10-02T14:42:11.510175+00:00
2010-07-26,88.55,https://cdn.cboe.com/api/global/us_indices/daily_prices/VVIX_History.csv,2026-10-02T14:42:11.510175+00:00
2010-07-27,90.14,https://cdn.cboe.com/api/global/us_indices/daily_prices/VVIX_History.csv,2026-10-02T14:42:11.510175+00:00
2010-07-28,90.71,https://cdn.cboe.com/api/global/us_indices/daily_prices/VVIX_History.csv,2026-10-02T14:42:11.510175+00:00
2010-07-29,90.62,https://cdn.cboe.com/api/global/us_indices/daily_prices/VVIX_History.csv,2026-10-02T14:42:11.510175+00:00
2010-07-30,89.55,https://cdn.cboe.com/api/global/us_indices/daily_prices/VVIX_History.csv,2026-10-02T14:42:11.510175+00:00
2010-08-02,85.02,https://cdn.cboe.com/api/global/us_indices/daily_prices/VVIX_History.csv,2026-10-02T14:42:11.510175+00:00
2010-08-03,85.04,https://cdn.cboe.com/api/global/us_indices/daily_prices/VVIX_History.csv,2026-10-02T14:42:11.510175+00:00
2010-08-04,85.05,https://cdn.cboe.com/api/global/us_indices/daily_prices/VVIX_History.csv,2026-10-02T14:42:11.510175+00:00
2010-08-05,86.52,https://cdn.cboe.com/api/global/us_indices/daily_prices/VVIX_History.csv,2026-10-02T14:42:11.510175+00:00
2010-08-06,87.44,https://cdn.cboe.com/api/global/us_indices/daily_prices/VVIX_History.csv,2026-10-02T14:42:11.510175+00:00
2010-08-09,87.86,https://cdn.cboe.com/api/global/us_indices/daily_prices/VVIX_History.csv,2026-10-02T14:42:11.510175+00:00
2010-08-10,90.35,https://cdn.cboe.com/api/global/us_indices/daily_prices/VVIX_History.csv,2026-10-02T14:42:11.510175+00:00
2010-08-11,102.65,https://cdn.cboe.com/api/global/us_indices/daily_prices/VVIX_History.csv,2026-10-02T14:42:11.510175+00:00
2010-08-12,99.75,https://cdn.cboe.com/api/global/us_indices/daily_prices/VVIX_History.csv,2026-10-02T14:42:11.510175+00:00
2010-08-13,99.54,https://cdn.cboe.com/api/global/us_indices/daily_prices/VVIX_History.csv,2026-10-02T14:42:11.510175+00:00
2010-08-16,98.73,https://cdn.cboe.com/api/global/us_indices/daily_prices/VVIX_History.csv,2026-10-02T14:42:11.510175+00:00
2010-08-17,93.25,https://cdn.cboe.com/api/global/us_indices/daily_prices/VVIX_History.csv,2026-10-02T14:42:11.510175+00:00
2010-08-18,91.3,https://cdn.cboe.com/api/global/us_indices/daily_prices/VVIX_History.csv,2026-10-02T14:42:11.510175+00:00
2010-08-19,91.96,https://cdn.cboe.com/api/global/us_indices/daily_prices/VVIX_History.csv,2026-10-02T14:42:11.510175+00:00
2010-08-20,89.34,https://cdn.cboe.com/api/global/us_indices/daily_prices/VVIX_History.csv,2026-10-02T14:42:11.510175+00:00
2010-08-23,87.66,https://cdn.cboe.com/api/global/us_indices/daily_prices/VVIX_History.csv,2026-10-02T14:42:11.510175+00:00
2010-08-24,85.7,https://cdn.cboe.com/api/global/us_indices/daily_prices/VVIX_History.csv,2026-10-02T14:42:11.510175+00:00
2010-08-25,82.64,https://cdn.cboe.com/api/global/us_indices/daily_prices/VVIX_History.csv,2026-10-02T14:42:11.510175+00:00
2010-08-26,82.95,https://cdn.cboe.com/api/global/us_indices/daily_prices/VVIX_History.csv,2026-10-02T14:42:11.510175+00:00
2010-08-27,79.0,https://cdn.cboe.com/api/global/us_indices/daily_prices/VVIX_History.csv,2026-10-02T14:42:11.510175+00:00
2010-08-30,82.52,https://cdn.cboe.com/api/global/us_indices/daily_prices/VVIX_History.csv,2026-10-02T14:42:11.510175+00:00
2010-08-31,81.49,https://cdn.cboe.com/api/global/us_indices/daily_prices/VVIX_History.csv,2026-10-02T14:42:11.510175+00:00
2010-09-01,78.28,https://cdn.cboe.com/api/global/us_indices/daily_prices/VVIX_History.csv,2026-10-02T14:42:11.510175+00:00
2010-09-02,79.05,https://cdn.cboe.com/api/global/us_indices/daily_prices/VVIX_History.csv,2026-10-02T14:42:11.510175+00:00
2010-09-03,76.64,https://cdn.cboe.com/api/global/us_indices/daily_prices/VVIX_History.csv,2026-10-02T14:42:11.510175+00:00
2010-09-07,78.98,https://cdn.cboe.com/api/global/us_indices/daily_prices/VVIX_History.csv,2026-10-02T14:42:11.510175+00:00
2010-09-08,89.88,https://cdn.cboe.com/api/global/us_indices/daily_prices/VVIX_History.csv,2026-10-02T14:42:11.510175+00:00
2010-09-09,87.97,https://cdn.cboe.com/api/global/us_indices/daily_prices/VVIX_History.csv,2026-10-02T14:42:11.510175+00:00
2010-09-10,87.6,https://cdn.cboe.com/api/global/us_indices/daily_prices/VVIX_History.csv,2026-10-02T14:42:11.510175+00:00
2010-09-13,87.33,https://cdn.cboe.com/api/global/us_indices/daily_prices/VVIX_History.csv,2026-10-02T14:42:11.510175+00:00
2010-09-14,87.95,https://cdn.cboe.com/api/global/us_indices/daily_prices/VVIX_History.csv,2026-10-02T14:42:11.510175+00:00
2010-09-15,88.4,https://cdn.cboe.com/api/global/us_indices/daily_prices/VVIX_History.csv,2026-10-02T14:42:11.510175+00:00
2010-09-16,87.63,https://cdn.cboe.com/api/global/us_indices/daily_prices/VVIX_History.csv,2026-10-02T14:42:11.510175+00:00
2010-09-17,85.45,https://cdn.cboe.com/api/global/us_indices/daily_prices/VVIX_History.csv,2026-10-02T14:42:11.510175+00:00
2010-09-20,81.5,https://cdn.cboe.com/api/global/us_indices/daily_prices/VVIX_History.csv,2026-10-02T14:42:11.510175+00:00
2010-09-21,80.97,https://cdn.cboe.com/api/global/us_indices/daily_prices/VVIX_History.csv,2026-10-02T14:42:11.510175+00:00
2010-09-22,81.86,https://cdn.cboe.com/api/global/us_indices/daily_prices/VVIX_History.csv,2026-10-02T14:42:11.510175+00:00
2010-09-23,83.02,https://cdn.cboe.com/api/global/us_indices/daily_prices/VVIX_History.csv,2026-10-02T14:42:11.510175+00:00
2010-09-24,80.0,https://cdn.cboe.com/api/global/us_indices/daily_prices/VVIX_History.csv,2026-10-02T14:42:11.510175+00:00
2010-09-27,82.62,https://cdn.cboe.com/api/global/us_indices/daily_prices/VVIX_History.csv,2026-10-02T14:42:11.510175+00:00
2010-09-28,83.62,https://cdn.cboe.com/api/global/us_indices/daily_prices/VVIX_History.csv,2026-10-02T14:42:11.510175+00:00
2010-09-29,83.35,https://cdn.cboe.com/api/global/us_indices/daily_prices/VVIX_History.csv,2026-10-02T14:42:11.510175+00:00
2010-09-30,86.49,https://cdn.cboe.com/api/global/us_indices/daily_prices/VVIX_History.csv,2026-10-02T14:42:11.510175+00:00
2010-10-01,84.08,https://cdn.cboe.com/api/global/us_indices/daily_prices/VVIX_History.csv,2026-10-02T14:42:11.510175+00:00
2010-10-04,86.22,https://cdn.cboe.com/api/global/us_indices/daily_prices/VVIX_History.csv,2026-10-02T14:42:11.510175+00:00
2010-10-05,82.62,https://cdn.cboe.com/api/global/us_indices/daily_prices/VVIX_History.csv,2026-10-02T14:42:11.510175+00:00
2010-10-06,81.05,https://cdn.cboe.com/api/global/us_indices/daily_prices/VVIX_History.csv,2026-10-02T14:42:11.510175+00:00
2010-10-07,80.7,https://cdn.cboe.com/api/global/us_indices/daily_prices/VVIX_History.csv,2026-10-02T14:42:11.510175+00:00
2010-10-08,81.41,https://cdn.cboe.com/api/global/us_indices/daily_prices/VVIX_History.csv,2026-10-02T14:42:11.510175+00:00
2010-10-11,84.75,https://cdn.cboe.com/api/global/us_indices/daily_prices/VVIX_History.csv,2026-10-02T14:42:11.510175+00:00
2010-10-12,84.77,https://cdn.cboe.com/api/global/us_indices/daily_prices/VVIX_History.csv,2026-10-02T14:42:11.510175+00:00
2010-10-13,88.72,https://cdn.cboe.com/api/global/us_indices/daily_prices/VVIX_History.csv,2026-10-02T14:42:11.510175+00:00
2010-10-14,87.14,https://cdn.cboe.com/api/global/us_indices/daily_prices/VVIX_History.csv,2026-10-02T14:42:11.510175+00:00
2010-10-15,89.82,https://cdn.cboe.com/api/global/us_indices/daily_prices/VVIX_History.csv,2026-10-02T14:42:11.510175+00:00
2010-10-18,91.75,https://cdn.cboe.com/api/global/us_indices/daily_prices/VVIX_History.csv,2026-10-02T14:42:11.510175+00:00
2010-10-19,91.53,https://cdn.cboe.com/api/global/us_indices/daily_prices/VVIX_History.csv,2026-10-02T14:42:11.510175+00:00
2010-10-20,85.48,https://cdn.cboe.com/api/global/us_indices/daily_prices/VVIX_History.csv,2026-10-02T14:42:11.510175+00:00
2010-10-21,83.59,https://cdn.cboe.com/api/global/us_indices/daily_prices/VVIX_History.csv,2026-10-02T14:42:11.510175+00:00
2010-10-22,81.97,https://cdn.cboe.com/api/global/us_indices/daily_prices/VVIX_History.csv,2026-10-02T14:42:11.510175+00:00
2010-10-25,82.02,https://cdn.cboe.com/api/global/us_indices/daily_prices/VVIX_History.csv,2026-10-02T14:42:11.510175+00:00
2010-10-26,82.79,https://cdn.cboe.com/api/global/us_indices/daily_prices/VVIX_History.csv,2026-10-02T14:42:11.510175+00:00
2010-10-27,80.42,https://cdn.cboe.com/api/global/us_indices/daily_prices/VVIX_History.csv,2026-10-02T14:42:11.510175+00:00
2010-10-28,78.47,https://cdn.cboe.com/api/global/us_indices/daily_prices/VVIX_History.csv,2026-10-02T14:42:11.510175+00:00
2010-10-29,77.46,https://cdn.cboe.com/api/global/us_indices/daily_prices/VVIX_History.csv,2026-10-02T14:42:11.510175+00:00
2010-11-01,79.72,https://cdn.cboe.com/api/global/us_indices/daily_prices/VVIX_History.csv,2026-10-02T14:42:11.510175+00:00
2010-11-02,80.18,https://cdn.cboe.com/api/global/us_indices/daily_prices/VVIX_History.csv,2026-10-02T14:42:11.510175+00:00
2010-11-03,76.57,https://cdn.cboe.com/api/global/us_indices/daily_prices/VVIX_History.csv,2026-10-02T14:42:11.510175+00:00
2010-11-04,70.78,https://cdn.cboe.com/api/global/us_indices/daily_prices/VVIX_History.csv,2026-10-02T14:42:11.510175+00:00
2010-11-05,74.02,https://cdn.cboe.com/api/global/us_indices/daily_prices/VVIX_History.csv,2026-10-02T14:42:11.510175+00:00
2010-11-08,73.67,https://cdn.cboe.com/api/global/us_indices/daily_prices/VVIX_History.csv,2026-10-02T14:42:11.510175+00:00
2010-11-09,76.49,https://cdn.cboe.com/api/global/us_indices/daily_prices/VVIX_History.csv,2026-10-02T14:42:11.510175+00:00
2010-11-10,83.07,https://cdn.cboe.com/api/global/us_indices/daily_prices/VVIX_History.csv,2026-10-02T14:42:11.510175+00:00
2010-11-12,88.18,https://cdn.cboe.com/api/global/us_indices/daily_prices/VVIX_History.csv,2026-10-02T14:42:11.510175+00:00
2010-11-15,88.13,https://cdn.cboe.com/api/global/us_indices/daily_prices/VVIX_History.csv,2026-10-02T14:42:11.510175+00:00
2010-11-16,93.65,https://cdn.cboe.com/api/global/us_indices/daily_prices/VVIX_History.csv,2026-10-02T14:42:11.510175+00:00
2010-11-17,89.25,https://cdn.cboe.com/api/global/us_indices/daily_prices/VVIX_History.csv,2026-10-02T14:42:11.510175+00:00
2010-11-18,83.92,https://cdn.cboe.com/api/global/us_indices/daily_prices/VVIX_History.csv,2026-10-02T14:42:11.510175+00:00
2010-11-19,84.73,https://cdn.cboe.com/api/global/us_indices/daily_prices/VVIX_History.csv,2026-10-02T14:42:11.510175+00:00
2010-11-22,78.39,https://cdn.cboe.com/api/global/us_indices/daily_prices/VVIX_History.csv,2026-10-02T14:42:11.510175+00:00
2010-11-23,87.44,https://cdn.cboe.com/api/global/us_indices/daily_prices/VVIX_History.csv,2026-10-02T14:42:11.510175+00:00
2010-11-24,81.55,https://cdn.cboe.com/api/global/us_indices/daily_prices/VVIX_History.csv,2026-10-02T14:42:11.510175+00:00
2010-11-26,90.55,https://cdn.cboe.com/api/global/us_indices/daily_prices/VVIX_History.csv,2026-10-02T14:42:11.510175+00:00
2010-11-29,89.01,https://cdn.cboe.com/api/global/us_indices/daily_prices/VVIX_History.csv,2026-10-02T14:42:11.510175+00:00
2010-11-30,95.73,https://cdn.cboe.com/api/global/us_indices/daily_prices/VVIX_History.csv,2026-10-02T14:42:11.510175+00:00
2010-12-01,92.03,https://cdn.cboe.com/api/global/us_indices/daily_prices/VVIX_History.csv,2026-10-02T14:42:11.510175+00:00
2010-12-02,87.74,https://cdn.cboe.com/api/global/us_indices/daily_prices/VVIX_History.csv,2026-10-02T14:42:11.510175+00:00
2010-12-03,84.28,https://cdn.cboe.com/api/global/us_indices/daily_prices/VVIX_History.csv,2026-10-02T14:42:11.510175+00:00
2010-12-06,82.6,https://cdn.cboe.com/api/global/us_indices/daily_prices/VVIX_History.csv,2026-10-02T14:42:11.510175+00:00
2010-12-07,82.66,https://cdn.cboe.com/api/global/us_indices/daily_prices/VVIX_History.csv,2026-10-02T14:42:11.510175+00:00
2010-12-08,81.8,https://cdn.cboe.com/api/global/us_indices/daily_prices/VVIX_History.csv,2026-10-02T14:42:11.510175+00:00
2010-12-09,79.8,https://cdn.cboe.com/api/global/us_indices/daily_prices/VVIX_History.csv,2026-10-02T14:42:11.510175+00:00
2010-12-10,79.36,https://cdn.cboe.com/api/global/us_indices/daily_prices/VVIX_History.csv,2026-10-02T14:42:11.510175+00:00
2010-12-13,81.67,https://cdn.cboe.com/api/global/us_indices/daily_prices/VVIX_History.csv,2026-10-02T14:42:11.510175+00:00
2010-12-14,81.67,https://cdn.cboe.com/api/global/us_indices/daily_prices/VVIX_History.csv,2026-10-02T14:42:11.510175+00:00
2010-12-15,83.42,https://cdn.cboe.com/api/global/us_indices/daily_prices/VVIX_History.csv,2026-10-02T14:42:11.510175+00:00
2010-12-16,81.32,https://cdn.cboe.com/api/global/us_indices/daily_prices/VVIX_History.csv,2026-10-02T14:42:11.510175+00:00
2010-12-17,86.62,https://cdn.cboe.com/api/global/us_indices/daily_prices/VVIX_History.csv,2026-10-02T14:42:11.510175+00:00
2010-12-20,84.09,https://cdn.cboe.com/api/global/us_indices/daily_prices/VVIX_History.csv,2026-10-02T14:42:11.510175+00:00
2010-12-21,84.38,https://cdn.cboe.com/api/global/us_indices/daily_prices/VVIX_History.csv,2026-10-02T14:42:11.510175+00:00
2010-12-22,86.03,https://cdn.cboe.com/api/global/us_indices/daily_prices/VVIX_History.csv,2026-10-02T14:42:11.510175+00:00
2010-12-23,86.74,https://cdn.cboe.com/api/global/us_indices/daily_prices/VVIX_History.csv,2026-10-02T14:42:11.510175+00:00
2010-12-27,87.44,https://cdn.cboe.com/api/global/us_indices/daily_prices/VVIX_History.csv,2026-10-02T14:42:11.510175+00:00
2010-12-28,86.34,https://cdn.cboe.com/api/global/us_indices/daily_prices/VVIX_History.csv,2026-10-02T14:42:11.510175+00:00
2010-12-29,85.71,https://cdn.cboe.com/api/global/us_indices/daily_prices/VVIX_History.csv,2026-10-02T14:42:11.510175+00:00
2010-12-30,86.52,https://cdn.cboe.com/api/global/us_indices/daily_prices/VVIX_History.csv,2026-10-02T14:42:11.510175+00:00
2010-12-31,86.36,https://cdn.cboe.com/api/global/us_indices/daily_prices/VVIX_History.csv,2026-10-02T14:42:11.510175+00:00
2011-01-03,84.8,https://cdn.cboe.com/api/global/us_indices/daily_prices/VVIX_History.csv,2026-10-02T14:42:11.510175+00:00
2011-01-04,85.25,https://cdn.cboe.com/api/global/us_indices/daily_prices/VVIX_History.csv,2026-10-02T14:42:11.510175+00:00
2011-01-05,84.7,https://cdn.cboe.com/api/global/us_indices/daily_prices/VVIX_History.csv,2026-10-02T14:42:11.510175+00:00
2011-01-06,84.6,https://cdn.cboe.com/api/global/us_indices/daily_prices/VVIX_History.csv,2026-10-02T14:42:11.510175+00:00
2011-01-07,83.73,https://cdn.cboe.com/api/global/us_indices/daily_prices/VVIX_History.csv,2026-10-02T14:42:11.510175+00:00
2011-01-10,81.65,https://cdn.cboe.com/api/global/us_indices/daily_prices/VVIX_History.csv,2026-10-02T14:42:11.510175+00:00
2011-01-11,79.82,https://cdn.cboe.com/api/global/us_indices/daily_prices/VVIX_History.csv,2026-10-02T14:42:11.510175+00:00
2011-01-12,77.94,https://cdn.cboe.com/api/global/us_indices/daily_prices/VVIX_History.csv,2026-10-02T14:42:11.510175+00:00
2011-01-13,78.64,https://cdn.cboe.com/api/global/us_indices/daily_prices/VVIX_History.csv,2026-10-02T14:42:11.510175+00:00
2011-01-14,75.94,https://cdn.cboe.com/api/global/us_indices/daily_prices/VVIX_History.csv,2026-10-02T14:42:11.510175+00:00
2011-01-18,79.77,https://cdn.cboe.com/api/global/us_indices/daily_prices/VVIX_History.csv,2026-10-02T14:42:11.510175+00:00
2011-01-19,83.7,https://cdn.cboe.com/api/global/us_indices/daily_prices/VVIX_History.csv,2026-10-02T14:42:11.510175+00:00
2011-01-20,82.69,https://cdn.cboe.com/api/global/us_indices/daily_prices/VVIX_History.csv,2026-10-02T14:42:11.510175+00:00
2011-01-21,85.41,https://cdn.cboe.com/api/global/us_indices/daily_prices/VVIX_History.csv,2026-10-02T14:42:11.510175+00:00
2011-01-24,82.97,https://cdn.cboe.com/api/global/us_indices/daily_prices/VVIX_History.csv,2026-10-02T14:42:11.510175+00:00
2011-01-25,82.67,https://cdn.cboe.com/api/global/us_indices/daily_prices/VVIX_History.csv,2026-10-02T14:42:11.510175+00:00
2011-01-26,79.43,https://cdn.cboe.com/api/global/us_indices/daily_prices/VVIX_History.csv,2026-10-02T14:42:11.510175+00:00
2011-01-27,77.04,https://cdn.cboe.com/api/global/us_indices/daily_prices/VVIX_History.csv,2026-10-02T14:42:11.510175+00:00
2011-01-28,91.52,https://cdn.cboe.com/api/global/us_indices/daily_prices/VVIX_History.csv,2026-10-02T14:42:11.510175+00:00
2011-01-31,86.08,https://cdn.cboe.com/api/global/us_indices/daily_prices/VVIX_History.csv,2026-10-02T14:42:11.510175+00:00
2011-02-01,84.48,https://cdn.cboe.com/api/global/us_indices/daily_prices/VVIX_History.csv,2026-10-02T14:42:11.510175+00:00
2011-02-02,83.16,https://cdn.cboe.com/api/global/us_indices/daily_prices/VVIX_History.csv,2026-10-02T14:42:11.510175+00:00
2011-02-03,81.75,https://cdn.cboe.com/api/global/us_indices/daily_prices/VVIX_History.csv,2026-10-02T14:42:11.510175+00:00
2011-02-04,81.11,https://cdn.cboe.com/api/global/us_indices/daily_prices/VVIX_History.csv,2026-10-02T14:42:11.510175+00:00
2011-02-07,80.54,https://cdn.cboe.com/api/global/us_indices/daily_prices/VVIX_History.csv,2026-10-02T14:42:11.510175+00:00
2011-02-08,78.93,https://cdn.cboe.com/api/global/us_indices/daily_prices/VVIX_History.csv,2026-10-02T14:42:11.510175+00:00
2011-02-09,82.11,https://cdn.cboe.com/api/global/us_indices/daily_prices/VVIX_History.csv,2026-10-02T14:42:11.510175+00:00
2011-02-10,83.73,https://cdn.cboe.com/api/global/us_indices/daily_prices/VVIX_History.csv,2026-10-02T14:42:11.510175+00:00
2011-02-11,84.5,https://cdn.cboe.com/api/global/us_indices/daily_prices/VVIX_History.csv,2026-10-02T14:42:11.510175+00:00
2011-02-14,82.67,https://cdn.cboe.com/api/global/us_indices/daily_prices/VVIX_History.csv,2026-10-02T14:42:11.510175+00:00
2011-02-15,84.38,https://cdn.cboe.com/api/global/us_indices/daily_prices/VVIX_History.csv,2026-10-02T14:42:11.510175+00:00
2011-02-16,83.05,https://cdn.cboe.com/api/global/us_indices/daily_prices/VVIX_History.csv,2026-10-02T14:42:11.510175+00:00
2011-02-17,83.03,https://cdn.cboe.com/api/global/us_indices/daily_prices/VVIX_History.csv,2026-10-02T14:42:11.510175+00:00
2011-02-18,85.47,https://cdn.cboe.com/api/global/us_indices/daily_prices/VVIX_History.csv,2026-10-02T14:42:11.510175+00:00
2011-02-22,99.18,https://cdn.cboe.com/api/global/us_indices/daily_prices/VVIX_History.csv,2026-10-02T14:42:11.510175+00:00
2011-02-23,99.04,https://cdn.cboe.com/api/global/us_indices/daily_prices/VVIX_History.csv,2026-10-02T14:42:11.510175+00:00
2011-02-24,94.07,https://cdn.cboe.com/api/global/us_indices/daily_prices/VVIX_History.csv,2026-10-02T14:42:11.510175+00:00
2011-02-25,86.17,https://cdn.cboe.com/api/global/us_indices/daily_prices/VVIX_History.csv,2026-10-02T14:42:11.510175+00:00
2011-02-28,81.78,https://cdn.cboe.com/api/global/us_indices/daily_prices/VVIX_History.csv,2026-10-02T14:42:11.510175+00:00
2011-03-01,89.28,https://cdn.cboe.com/api/global/us_indices/daily_prices/VVIX_History.csv,2026-10-02T14:42:11.510175+00:00
2011-03-02,87.55,https://cdn.cboe.com/api/global/us_indices/daily_prices/VVIX_History.csv,2026-10-02T14:42:11.510175+00:00
2011-03-03,82.36,https://cdn.cboe.com/api/global/us_indices/daily_prices/VVIX_History.csv,2026-10-02T14:42:11.510175+00:00
2011-03-04,81.48,https://cdn.cboe.com/api/global/us_indices/daily_prices/VVIX_History.csv,2026-10-02T14:42:11.510175+00:00
2011-03-07,84.32,https://cdn.cboe.com/api/global/us_indices/daily_prices/VVIX_History.csv,2026-10-02T14:42:11.510175+00:00
2011-03-08,80.84,https://cdn.cboe.com/api/global/us_indices/daily_prices/VVIX_History.csv,2026-10-02T14:42:11.510175+00:00
2011-03-09,84.89,https://cdn.cboe.com/api/global/us_indices/daily_prices/VVIX_History.csv,2026-10-02T14:42:11.510175+00:00
2011-03-10,88.16,https://cdn.cboe.com/api/global/us_indices/daily_prices/VVIX_History.csv,2026-10-02T14:42:11.510175+00:00
2011-03-11,83.21,https://cdn.cboe.com/api/global/us_indices/daily_prices/VVIX_History.csv,2026-10-02T14:42:11.510175+00:00
2011-03-14,83.89,https://cdn.cboe.com/api/global/us_indices/daily_prices/VVIX_History.csv,2026-10-02T14:42:11.510175+00:00
2011-03-15,89.68,https://cdn.cboe.com/api/global/us_indices/daily_prices/VVIX_History.csv,2026-10-02T14:42:11.510175+00:00
2011-03-16,112.39,https://cdn.cboe.com/api/global/us_indices/daily_prices/VVIX_History.csv,2026-10-02T14:42:11.510175+00:00
2011-03-17,101.45,https://cdn.cboe.com/api/global/us_indices/daily_prices/VVIX_History.csv,2026-10-02T14:42:11.510175+00:00
2011-03-18,96.28,https://cdn.cboe.com/api/global/us_indices/daily_prices/VVIX_History.csv,2026-10-02T14:42:11.510175+00:00
2011-03-21,89.17,https://cdn.cboe.com/api/global/us_indices/daily_prices/VVIX_History.csv,2026-10-02T14:42:11.510175+00:00
2011-03-22,87.39,https://cdn.cboe.com/api/global/us_indices/daily_prices/VVIX_History.csv,2026-10-02T14:42:11.510175+00:00
2011-03-23,84.77,https://cdn.cboe.com/api/global/us_indices/daily_prices/VVIX_History.csv,2026-10-02T14:42:11.510175+00:00
2011-03-24,84.17,https://cdn.cboe.com/api/global/us_indices/daily_prices/VVIX_History.csv,2026-10-02T14:42:11.510175+00:00
2011-03-25,84.53,https://cdn.cboe.com/api/global/us_indices/daily_prices/VVIX_History.csv,2026-10-02T14:42:11.510175+00:00
2011-03-28,89.94,https://cdn.cboe.com/api/global/us_indices/daily_prices/VVIX_History.csv,2026-10-02T14:42:11.510175+00:00
2011-03-29,84.96,https://cdn.cboe.com/api/global/us_indices/daily_prices/VVIX_History.csv,2026-10-02T14:42:11.510175+00:00
2011-03-30,82.75,https://cdn.cboe.com/api/global/us_indices/daily_prices/VVIX_History.csv,2026-10-02T14:42:11.510175+00:00
2011-03-31,82.51,https://cdn.cboe.com/api/global/us_indices/daily_prices/VVIX_History.csv,2026-10-02T14:42:11.510175+00:00
2011-04-01,81.98,https://cdn.cboe.com/api/global/us_indices/daily_prices/VVIX_History.csv,2026-10-02T14:42:11.510175+00:00
2011-04-04,81.84,https://cdn.cboe.com/api/global/us_indices/daily_prices/VVIX_History.csv,2026-10-02T14:42:11.510175+00:00
2011-04-05,81.44,https://cdn.cboe.com/api/global/us_indices/daily_prices/VVIX_History.csv,2026-10-02T14:42:11.510175+00:00
2011-04-06,83.22,https://cdn.cboe.com/api/global/us_indices/daily_prices/VVIX_History.csv,2026-10-02T14:42:11.510175+00:00
2011-04-07,82.39,https://cdn.cboe.com/api/global/us_indices/daily_prices/VVIX_History.csv,2026-10-02T14:42:11.510175+00:00
2011-04-08,83.43,https://cdn.cboe.com/api/global/us_indices/daily_prices/VVIX_History.csv,2026-10-02T14:42:11.510175+00:00
2011-04-11,84.16,https://cdn.cboe.com/api/global/us_indices/daily_prices/VVIX_History.csv,2026-10-02T14:42:11.510175+00:00
2011-04-12,85.36,https://cdn.cboe.com/api/global/us_indices/daily_prices/VVIX_History.csv,2026-10-02T14:42:11.510175+00:00
2011-04-13,86.04,https://cdn.cboe.com/api/global/us_indices/daily_prices/VVIX_History.csv,2026-10-02T14:42:11.510175+00:00
2011-04-14,86.07,https://cdn.cboe.com/api/global/us_indices/daily_prices/VVIX_History.csv,2026-10-02T14:42:11.510175+00:00
2011-04-15,85.72,https://cdn.cboe.com/api/global/us_indices/daily_prices/VVIX_History.csv,2026-10-02T14:42:11.510175+00:00
2011-04-18,89.11,https://cdn.cboe.com/api/global/us_indices/daily_prices/VVIX_History.csv,2026-10-02T14:42:11.510175+00:00
2011-04-19,85.73,https://cdn.cboe.com/api/global/us_indices/daily_prices/VVIX_History.csv,2026-10-02T14:42:11.510175+00:00
2011-04-20,86.21,https://cdn.cboe.com/api/global/us_indices/daily_prices/VVIX_History.csv,2026-10-02T14:42:11.510175+00:00
2011-04-21,87.71,https://cdn.cboe.com/api/global/us_indices/daily_prices/VVIX_History.csv,2026-10-02T14:42:11.510175+00:00
2011-04-25,87.68,https://cdn.cboe.com/api/global/us_indices/daily_prices/VVIX_History.csv,2026-10-02T14:42:11.510175+00:00
2011-04-26,85.72,https://cdn.cboe.com/api/global/us_indices/daily_prices/VVIX_History.csv,2026-10-02T14:42:11.510175+00:00
2011-04-27,83.21,https://cdn.cboe.com/api/global/us_indices/daily_prices/VVIX_History.csv,2026-10-02T14:42:11.510175+00:00
2011-04-28,82.89,https://cdn.cboe.com/api/global/us_indices/daily_prices/VVIX_History.csv,2026-10-02T14:42:11.510175+00:00
2011-04-29,83.98,https://cdn.cboe.com/api/global/us_indices/daily_prices/VVIX_History.csv,2026-10-02T14:42:11.510175+00:00
2011-05-02,88.5,https://cdn.cboe.com/api/global/us_indices/daily_prices/VVIX_History.csv,2026-10-02T14:42:11.510175+00:00
2011-05-03,90.62,https://cdn.cboe.com/api/global/us_indices/daily_prices/VVIX_History.csv,2026-10-02T14:42:11.510175+00:00
2011-05-04,91.39,https://cdn.cboe.com/api/global/us_indices/daily_prices/VVIX_History.csv,2026-10-02T14:42:11.510175+00:00
2011-05-05,95.08,https://cdn.cboe.com/api/global/us_indices/daily_prices/VVIX_History.csv,2026-10-02T14:42:11.510175+00:00
2011-05-06,94.43,https://cdn.cboe.com/api/global/us_indices/daily_prices/VVIX_History.csv,2026-10-02T14:42:11.510175+00:00
2011-05-09,90.86,https://cdn.cboe.com/api/global/us_indices/daily_prices/VVIX_History.csv,2026-10-02T14:42:11.510175+00:00
2011-05-10,87.56,https://cdn.cboe.com/api/global/us_indices/daily_prices/VVIX_History.csv,2026-10-02T14:42:11.510175+00:00
2011-05-11,96.25,https://cdn.cboe.com/api/global/us_indices/daily_prices/VVIX_History.csv,2026-10-02T14:42:11.510175+00:00
2011-05-12,93.57,https://cdn.cboe.com/api/global/us_indices/daily_prices/VVIX_History.csv,2026-10-02T14:42:11.510175+00:00
2011-05-13,93.86,https://cdn.cboe.com/api/global/us_indices/daily_prices/VVIX_History.csv,2026-10-02T14:42:11.510175+00:00
2011-05-16,94.44,https://cdn.cboe.com/api/global/us_indices/daily_prices/VVIX_History.csv,2026-10-02T14:42:11.510175+00:00
2011-05-17,93.64,https://cdn.cboe.com/api/global/us_indices/daily_prices/VVIX_History.csv,2026-10-02T14:42:11.510175+00:00
2011-05-18,90.7,https://cdn.cboe.com/api/global/us_indices/daily_prices/VVIX_History.csv,2026-10-02T14:42:11.510175+00:00
2011-05-19,87.53,https://cdn.cboe.com/api/global/us_indices/daily_prices/VVIX_History.csv,2026-10-02T14:42:11.510175+00:00
2011-05-20,90.23,https://cdn.cboe.com/api/global/us_indices/daily_prices/VVIX_History.csv,2026-10-02T14:42:11.510175+00:00
2011-05-23,92.08,https://cdn.cboe.com/api/global/us_indices/daily_prices/VVIX_History.csv,2026-10-02T14:42:11.510175+00:00
2011-05-24,88.47,https://cdn.cboe.com/api/global/us_indices/daily_prices/VVIX_History.csv,2026-10-02T14:42:11.510175+00:00
2011-05-25,85.29,https://cdn.cboe.com/api/global/us_indices/daily_prices/VVIX_History.csv,2026-10-02T14:42:11.510175+00:00
2011-05-26,81.48,https://cdn.cboe.com/api/global/us_indices/daily_prices/VVIX_History.csv,2026-10-02T14:42:11.510175+00:00
2011-05-27,81.46,https://cdn.cboe.com/api/global/us_indices/daily_prices/VVIX_History.csv,2026-10-02T14:42:11.510175+00:00
2011-05-31,80.92,https://cdn.cboe.com/api/global/us_indices/daily_prices/VVIX_History.csv,2026-10-02T14:42:11.510175+00:00
2011-06-01,87.59,https://cdn.cboe.com/api/global/us_indices/daily_prices/VVIX_History.csv,2026-10-02T14:42:11.510175+00:00
2011-06-02,85.22,https://cdn.cboe.com/api/global/us_indices/daily_prices/VVIX_History.csv,2026-10-02T14:42:11.510175+00:00
2011-06-03,85.54,https://cdn.cboe.com/api/global/us_indices/daily_prices/VVIX_History.csv,2026-10-02T14:42:11.510175+00:00
2011-06-06,88.15,https://cdn.cboe.com/api/global/us_indices/daily_prices/VVIX_History.csv,2026-10-02T14:42:11.510175+00:00
2011-06-07,83.72,https://cdn.cboe.com/api/global/us_indices/daily_prices/VVIX_History.csv,2026-10-02T14:42:11.510175+00:00
2011-06-08,88.98,https://cdn.cboe.com/api/global/us_indices/daily_prices/VVIX_History.csv,2026-10-02T14:42:11.510175+00:00
2011-06-09,85.65,https://cdn.cboe.com/api/global/us_indices/daily_prices/VVIX_History.csv,2026-10-02T14:42:11.510175+00:00
2011-06-10,93.34,https://cdn.cboe.com/api/global/us_indices/daily_prices/VVIX_History.csv,2026-10-02T14:42:11.510175+00:00
2011-06-13,98.35,https://cdn.cboe.com/api/global/us_indices/daily_prices/VVIX_History.csv,2026-10-02T14:42:11.510175+00:00
2011-06-14,91.74,https://cdn.cboe.com/api/global/us_indices/daily_prices/VVIX_History.csv,2026-10-02T14:42:11.510175+00:00
2011-06-15,105.07,https://cdn.cboe.com/api/global/us_indices/daily_prices/VVIX_History.csv,2026-10-02T14:42:11.510175+00:00
2011-06-16,100.39,https://cdn.cboe.com/api/global/us_indices/daily_prices/VVIX_History.csv,2026-10-02T14:42:11.510175+00:00
2011-06-17,95.31,https://cdn.cboe.com/api/global/us_indices/daily_prices/VVIX_History.csv,2026-10-02T14:42:11.510175+00:00
2011-06-20,90.25,https://cdn.cboe.com/api/global/us_indices/daily_prices/VVIX_History.csv,2026-10-02T14:42:11.510175+00:00
2011-06-21,90.55,https://cdn.cboe.com/api/global/us_indices/daily_prices/VVIX_History.csv,2026-10-02T14:42:11.510175+00:00
2011-06-22,91.71,https://cdn.cboe.com/api/global/us_indices/daily_prices/VVIX_History.csv,2026-10-02T14:42:11.510175+00:00
2011-06-23,93.09,https://cdn.cboe.com/api/global/us_indices/daily_prices/VVIX_History.csv,2026-10-02T14:42:11.510175+00:00
2011-06-24,99.14,https://cdn.cboe.com/api/global/us_indices/daily_prices/VVIX_History.csv,2026-10-02T14:42:11.510175+00:00
2011-06-27,94.29,https://cdn.cboe.com/api/global/us_indices/daily_prices/VVIX_History.csv,2026-10-02T14:42:11.510175+00:00
2011-06-28,90.33,https://cdn.cboe.com/api/global/us_indices/daily_prices/VVIX_History.csv,2026-10-02T14:42:11.510175+00:00
2011-06-29,85.9,https://cdn.cboe.com/api/global/us_indices/daily_prices/VVIX_History.csv,2026-10-02T14:42:11.510175+00:00
2011-06-30,81.08,https://cdn.cboe.com/api/global/us_indices/daily_prices/VVIX_History.csv,2026-10-02T14:42:11.510175+00:00
2011-07-01,78.64,https://cdn.cboe.com/api/global/us_indices/daily_prices/VVIX_History.csv,2026-10-02T14:42:11.510175+00:00
2011-07-05,81.34,https://cdn.cboe.com/api/global/us_indices/daily_prices/VVIX_History.csv,2026-10-02T14:42:11.510175+00:00
2011-07-06,82.69,https://cdn.cboe.com/api/global/us_indices/daily_prices/VVIX_History.csv,2026-10-02T14:42:11.510175+00:00
2011-07-07,80.7,https://cdn.cboe.com/api/global/us_indices/daily_prices/VVIX_History.csv,2026-10-02T14:42:11.510175+00:00
2011-07-08,80.82,https://cdn.cboe.com/api/global/us_indices/daily_prices/VVIX_History.csv,2026-10-02T14:42:11.510175+00:00
2011-07-11,90.87,https://cdn.cboe.com/api/global/us_indices/daily_prices/VVIX_History.csv,2026-10-02T14:42:11.510175+00:00
2011-07-12,88.39,https://cdn.cboe.com/api/global/us_indices/daily_prices/VVIX_History.csv,2026-10-02T14:42:11.510175+00:00
2011-07-13,88.92,https://cdn.cboe.com/api/global/us_indices/daily_prices/VVIX_History.csv,2026-10-02T14:42:11.510175+00:00
2011-07-14,95.72,https://cdn.cboe.com/api/global/us_indices/daily_prices/VVIX_History.csv,2026-10-02T14:42:11.510175+00:00
2011-07-15,89.33,https://cdn.cboe.com/api/global/us_indices/daily_prices/VVIX_History.csv,2026-10-02T14:42:11.510175+00:00
2011-07-18,97.81,https://cdn.cboe.com/api/global/us_indices/daily_prices/VVIX_History.csv,2026-10-02T14:42:11.510175+00:00
2011-07-19,91.01,https://cdn.cboe.com/api/global/us_indices/daily_prices/VVIX_History.csv,2026-10-02T14:42:11.510175+00:00
2011-07-20,86.06,https://cdn.cboe.com/api/global/us_indices/daily_prices/VVIX_History.csv,2026-10-02T14:42:11.510175+00:00
2011-07-21,81.68,https://cdn.cboe.com/api/global/us_indices/daily_prices/VVIX_History.csv,2026-10-02T14:42:11.510175+00:00
2011-07-22,82.45,https://cdn.cboe.com/api/global/us_indices/daily_prices/VVIX_History.csv,2026-10-02T14:42:11.510175+00:00
2011-07-25,90.2,https://cdn.cboe.com/api/global/us_indices/daily_prices/VVIX_History.csv,2026-10-02T14:42:11.510175+00:00
2011-07-26,93.35,https://cdn.cboe.com/api/global/us_indices/daily_prices/VVIX_History.csv,2026-10-02T14:42:11.510175+00:00
2011-07-27,102.01,https://cdn.cboe.com/api/global/us_indices/daily_prices/VVIX_History.csv,2026-10-02T14:42:11.510175+00:00
2011-07-28,105.62,https://cdn.cboe.com/api/global/us_indices/daily_prices/VVIX_History.csv,2026-10-02T14:42:11.510175+00:00
2011-07-29,106.57,https://cdn.cboe.com/api/global/us_indices/daily_prices/VVIX_History.csv,2026-10-02T14:42:11.510175+00:00
2011-08-01,95.89,https://cdn.cboe.com/api/global/us_indices/daily_prices/VVIX_History.csv,2026-10-02T14:42:11.510175+00:00
2011-08-02,102.01,https://cdn.cboe.com/api/global/us_indices/daily_prices/VVIX_History.csv,2026-10-02T14:42:11.510175+00:00
2011-08-03,98.58,https://cdn.cboe.com/api/global/us_indices/daily_prices/VVIX_History.csv,2026-10-02T14:42:11.510175+00:00
2011-08-04,121.76,https://cdn.cboe.com/api/global/us_indices/daily_prices/VVIX_History.csv,2026-10-02T14:42:11.510175+00:00
2011-08-05,118.61,https://cdn.cboe.com/api/global/us_indices/daily_prices/VVIX_History.csv,2026-10-02T14:42:11.510175+00:00
2011-08-08,134.63,https://cdn.cboe.com/api/global/us_indices/daily_prices/VVIX_History.csv,2026-10-02T14:42:11.510175+00:00
2011-08-09,112.8,https://cdn.cboe.com/api/global/us_indices/daily_prices/VVIX_History.csv,2026-10-02T14:42:11.510175+00:00
2011-08-10,132.86,https://cdn.cboe.com/api/global/us_indices/daily_prices/VVIX_History.csv,2026-10-02T14:42:11.510175+00:00
2011-08-11,128.76,https://cdn.cboe.com/api/global/us_indices/daily_prices/VVIX_History.csv,2026-10-02T14:42:11.510175+00:00
2011-08-12,120.19,https://cdn.cboe.com/api/global/us_indices/daily_prices/VVIX_History.csv,2026-10-02T14:42:11.510175+00:00
2011-08-15,109.0,https://cdn.cboe.com/api/global/us_indices/daily_prices/VVIX_History.csv,2026-10-02T14:42:11.510175+00:00
2011-08-16,104.66,https://cdn.cboe.com/api/global/us_indices/daily_prices/VVIX_History.csv,2026-10-02T14:42:11.510175+00:00
2011-08-17,104.62,https://cdn.cboe.com/api/global/us_indices/daily_prices/VVIX_History.csv,2026-10-02T14:42:11.510175+00:00
2011-08-18,106.66,https://cdn.cboe.com/api/global/us_indices/daily_prices/VVIX_History.csv,2026-10-02T14:42:11.510175+00:00
2011-08-19,111.58,https://cdn.cboe.com/api/global/us_indices/daily_prices/VVIX_History.csv,2026-10-02T14:42:11.510175+00:00
2011-08-22,111.25,https://cdn.cboe.com/api/global/us_indices/daily_prices/VVIX_History.csv,2026-10-02T14:42:11.510175+00:00
2011-08-23,103.43,https://cdn.cboe.com/api/global/us_indices/daily_prices/VVIX_History.csv,2026-10-02T14:42:11.510175+00:00
2011-08-24,104.54,https://cdn.cboe.com/api/global/us_indices/daily_prices/VVIX_History.csv,2026-10-02T14:42:11.510175+00:00
2011-08-25,112.4,https://cdn.cboe.com/api/global/us_indices/daily_prices/VVIX_History.csv,2026-10-02T14:42:11.510175+00:00
2011-08-26,104.72,https://cdn.cboe.com/api/global/us_indices/daily_prices/VVIX_History.csv,2026-10-02T14:42:11.510175+00:00
2011-08-29,96.51,https://cdn.cboe.com/api/global/us_indices/daily_prices/VVIX_History.csv,2026-10-02T14:42:11.510175+00:00
2011-08-30,96.16,https://cdn.cboe.com/api/global/us_indices/daily_prices/VVIX_History.csv,2026-10-02T14:42:11.510175+00:00
2011-08-31,94.16,https://cdn.cboe.com/api/global/us_indices/daily_prices/VVIX_History.csv,2026-10-02T14:42:11.510175+00:00
2011-09-01,92.31,https://cdn.cboe.com/api/global/us_indices/daily_prices/VVIX_History.csv,2026-10-02T14:42:11.510175+00:00
2011-09-02,91.0,https://cdn.cboe.com/api/global/us_indices/daily_prices/VVIX_History.csv,2026-10-02T14:42:11.510175+00:00
2011-09-06,97.01,https://cdn.cboe.com/api/global/us_indices/daily_prices/VVIX_History.csv,2026-10-02T14:42:11.510175+00:00
2011-09-07,93.3,https://cdn.cboe.com/api/global/us_indices/daily_prices/VVIX_History.csv,2026-10-02T14:42:11.510175+00:00
2011-09-08,93.45,https://cdn.cboe.com/api/global/us_indices/daily_prices/VVIX_History.csv,2026-10-02T14:42:11.510175+00:00
2011-09-09,99.07,https://cdn.cboe.com/api/global/us_indices/daily_prices/VVIX_History.csv,2026-10-02T14:42:11.510175+00:00
2011-09-12,97.07,https://cdn.cboe.com/api/global/us_indices/daily_prices/VVIX_History.csv,2026-10-02T14:42:11.510175+00:00
2011-09-13,96.14,https://cdn.cboe.com/api/global/us_indices/daily_prices/VVIX_History.csv,2026-10-02T14:42:11.510175+00:00
2011-09-14,100.22,https://cdn.cboe.com/api/global/us_indices/daily_prices/VVIX_History.csv,2026-10-02T14:42:11.510175+00:00
2011-09-15,96.69,https://cdn.cboe.com/api/global/us_indices/daily_prices/VVIX_History.csv,2026-10-02T14:42:11.510175+00:00
2011-09-16,93.67,https://cdn.cboe.com/api/global/us_indices/daily_prices/VVIX_History.csv,2026-10-02T14:42:11.510175+00:00
2011-09-19,95.95,https://cdn.cboe.com/api/global/us_indices/daily_prices/VVIX_History.csv,2026-10-02T14:42:11.510175+00:00
2011-09-20,92.9,https://cdn.cboe.com/api/global/us_indices/daily_prices/VVIX_History.csv,2026-10-02T14:42:11.510175+00:00
2011-09-21,98.58,https://cdn.cboe.com/api/global/us_indices/daily_prices/VVIX_History.csv,2026-10-02T14:42:11.510175+00:00
2011-09-22,103.91,https://cdn.cboe.com/api/global/us_indices/daily_prices/VVIX_History.csv,2026-10-02T14:42:11.510175+00:00
2011-09-23,104.77,https://cdn.cboe.com/api/global/us_indices/daily_prices/VVIX_History.csv,2026-10-02T14:42:11.510175+00:00
2011-09-26,102.89,https://cdn.cboe.com/api/global/us_indices/daily_prices/VVIX_History.csv,2026-10-02T14:42:11.510175+00:00
2011-09-27,100.31,https://cdn.cboe.com/api/global/us_indices/daily_prices/VVIX_History.csv,2026-10-02T14:42:11.510175+00:00
2011-09-28,104.3,https://cdn.cboe.com/api/global/us_indices/daily_prices/VVIX_History.csv,2026-10-02T14:42:11.510175+00:00
2011-09-29,101.05,https://cdn.cboe.com/api/global/us_indices/daily_prices/VVIX_History.csv,2026-10-02T14:42:11.510175+00:00
2011-09-30,101.08,https://cdn.cboe.com/api/global/us_indices/daily_prices/VVIX_History.csv,2026-10-02T14:42:11.510175+00:00
2011-10-03,103.89,https://cdn.cboe.com/api/global/us_indices/daily_prices/VVIX_History.csv,2026-10-02T14:42:11.510175+00:00
2011-10-04,99.31,https://cdn.cboe.com/api/global/us_indices/daily_prices/VVIX_History.csv,2026-10-02T14:42:11.510175+00:00
2011-10-05,94.66,https://cdn.cboe.com/api/global/us_indices/daily_prices/VVIX_History.csv,2026-10-02T14:42:11.510175+00:00
2011-10-06,93.52,https://cdn.cboe.com/api/global/us_indices/daily_prices/VVIX_History.csv,2026-10-02T14:42:11.510175+00:00
2011-10-07,92.57,https://cdn.cboe.com/api/global/us_indices/daily_prices/VVIX_History.csv,2026-10-02T14:42:11.510175+00:00
2011-10-10,89.39,https://cdn.cboe.com/api/global/us_indices/daily_prices/VVIX_History.csv,2026-10-02T14:42:11.510175+00:00
2011-10-11,90.98,https://cdn.cboe.com/api/global/us_indices/daily_prices/VVIX_History.csv,2026-10-02T14:42:11.510175+00:00
2011-10-12,91.34,https://cdn.cboe.com/api/global/us_indices/daily_prices/VVIX_History.csv,2026-10-02T14:42:11.510175+00:00
2011-10-13,95.1,https://cdn.cboe.com/api/global/us_indices/daily_prices/VVIX_History.csv,2026-10-02T14:42:11.510175+00:00
2011-10-14,94.69,https://cdn.cboe.com/api/global/us_indices/daily_prices/VVIX_History.csv,2026-10-02T14:42:11.510175+00:00
2011-10-17,103.55,https://cdn.cboe.com/api/global/us_indices/daily_prices/VVIX_History.csv,2026-10-02T14:42:11.510175+00:00
2011-10-18,100.21,https://cdn.cboe.com/api/global/us_indices/daily_prices/VVIX_History.csv,2026-10-02T14:42:11.510175+00:00
2011-10-19,103.29,https://cdn.cboe.com/api/global/us_indices/daily_prices/VVIX_History.csv,2026-10-02T14:42:11.510175+00:00
2011-10-20,102.97,https://cdn.cboe.com/api/global/us_indices/daily_prices/VVIX_History.csv,2026-10-02T14:42:11.510175+00:00
2011-10-21,98.05,https://cdn.cboe.com/api/global/us_indices/daily_prices/VVIX_History.csv,2026-10-02T14:42:11.510175+00:00
2011-10-24,97.13,https://cdn.cboe.com/api/global/us_indices/daily_prices/VVIX_History.csv,2026-10-02T14:42:11.510175+00:00
2011-10-25,97.75,https://cdn.cboe.com/api/global/us_indices/daily_prices/VVIX_History.csv,2026-10-02T14:42:11.510175+00:00
2011-10-26,97.74,https://cdn.cboe.com/api/global/us_indices/daily_prices/VVIX_History.csv,2026-10-02T14:42:11.510175+00:00
2011-10-27,94.44,https://cdn.cboe.com/api/global/us_indices/daily_prices/VVIX_History.csv,2026-10-02T14:42:11.510175+00:00
2011-10-28,94.19,https://cdn.cboe.com/api/global/us_indices/daily_prices/VVIX_History.csv,2026-10-02T14:42:11.510175+00:00
2011-10-31,104.84,https://cdn.cboe.com/api/global/us_indices/daily_prices/VVIX_History.csv,2026-10-02T14:42:11.510175+00:00
2011-11-01,113.15,https://cdn.cboe.com/api/global/us_indices/daily_prices/VVIX_History.csv,2026-10-02T14:42:11.510175+00:00
2011-11-02,107.4,https://cdn.cboe.com/api/global/us_indices/daily_prices/VVIX_History.csv,2026-10-02T14:42:11.510175+00:00
2011-11-03,104.28,https://cdn.cboe.com/api/global/us_indices/daily_prices/VVIX_History.csv,2026-10-02T14:42:11.510175+00:00
2011-11-04,103.34,https://cdn.cboe.com/api/global/us_indices/daily_prices/VVIX_History.csv,2026-10-02T14:42:11.510175+00:00
2011-11-07,103.35,https://cdn.cboe.com/api/global/us_indices/daily_prices/VVIX_History.csv,2026-10-02T14:42:11.510175+00:00
2011-11-08,98.05,https://cdn.cboe.com/api/global/us_indices/daily_prices/VVIX_History.csv,2026-10-02T14:42:11.510175+00:00
2011-11-09,122.73,https://cdn.cboe.com/api/global/us_indices/daily_prices/VVIX_History.csv,2026-10-02T14:42:11.510175+00:00
2011-11-10,113.54,https://cdn.cboe.com/api/global/us_indices/daily_prices/VVIX_History.csv,2026-10-02T14:42:11.510175+00:00
2011-11-11,112.1,https://cdn.cboe.com/api/global/us_indices/daily_prices/VVIX_History.csv,2026-10-02T14:42:11.510175+00:00
2011-11-14,112.35,https://cdn.cboe.com/api/global/us_indices/daily_prices/VVIX_History.csv,2026-10-02T14:42:11.510175+00:00
2011-11-15,107.55,https://cdn.cboe.com/api/global/us_indices/daily_prices/VVIX_History.csv,2026-10-02T14:42:11.510175+00:00
2011-11-16,111.18,https://cdn.cboe.com/api/global/us_indices/daily_prices/VVIX_History.csv,2026-10-02T14:42:11.510175+00:00
2011-11-17,111.86,https://cdn.cboe.com/api/global/us_indices/daily_prices/VVIX_History.csv,2026-10-02T14:42:11.510175+00:00
2011-11-18,101.92,https://cdn.cboe.com/api/global/us_indices/daily_prices/VVIX_History.csv,2026-10-02T14:42:11.510175+00:00
2011-11-21,99.6,https://cdn.cboe.com/api/global/us_indices/daily_prices/VVIX_History.csv,2026-10-02T14:42:11.510175+00:00
2011-11-22,98.53,https://cdn.cboe.com/api/global/us_indices/daily_prices/VVIX_History.csv,2026-10-02T14:42:11.510175+00:00
2011-11-23,101.46,https://cdn.cboe.com/api/global/us_indices/daily_prices/VVIX_History.csv,2026-10-02T14:42:11.510175+00:00
2011-11-25,98.98,https://cdn.cboe.com/api/global/us_indices/daily_prices/VVIX_History.csv,2026-10-02T14:42:11.510175+00:00
2011-11-28,96.23,https://cdn.cboe.com/api/global/us_indices/daily_prices/VVIX_History.csv,2026-10-02T14:42:11.510175+00:00
2011-11-29,95.47,https://cdn.cboe.com/api/global/us_indices/daily_prices/VVIX_History.csv,2026-10-02T14:42:11.510175+00:00
2011-11-30,92.22,https://cdn.cboe.com/api/global/us_indices/daily_prices/VVIX_History.csv,2026-10-02T14:42:11.510175+00:00
2011-12-01,90.88,https://cdn.cboe.com/api/global/us_indices/daily_prices/VVIX_History.csv,2026-10-02T14:42:11.510175+00:00
2011-12-02,92.46,https://cdn.cboe.com/api/global/us_indices/daily_prices/VVIX_History.csv,2026-10-02T14:42:11.510175+00:00
2011-12-05,92.97,https://cdn.cboe.com/api/global/us_indices/daily_prices/VVIX_History.csv,2026-10-02T14:42:11.510175+00:00
2011-12-06,92.21,https://cdn.cboe.com/api/global/us_indices/daily_prices/VVIX_History.csv,2026-10-02T14:42:11.510175+00:00
2011-12-07,92.84,https://cdn.cboe.com/api/global/us_indices/daily_prices/VVIX_History.csv,2026-10-02T14:42:11.510175+00:00
2011-12-08,94.97,https://cdn.cboe.com/api/global/us_indices/daily_prices/VVIX_History.csv,2026-10-02T14:42:11.510175+00:00
2011-12-09,90.92,https://cdn.cboe.com/api/global/us_indices/daily_prices/VVIX_History.csv,2026-10-02T14:42:11.510175+00:00
2011-12-12,93.21,https://cdn.cboe.com/api/global/us_indices/daily_prices/VVIX_History.csv,2026-10-02T14:42:11.510175+00:00
2011-12-13,94.55,https://cdn.cboe.com/api/global/us_indices/daily_prices/VVIX_History.csv,2026-10-02T14:42:11.510175+00:00
2011-12-14,99.63,https://cdn.cboe.com/api/global/us_indices/daily_prices/VVIX_History.csv,2026-10-02T14:42:11.510175+00:00
2011-12-15,97.71,https://cdn.cboe.com/api/global/us_indices/daily_prices/VVIX_History.csv,2026-10-02T14:42:11.510175+00:00
2011-12-16,94.28,https://cdn.cboe.com/api/global/us_indices/daily_prices/VVIX_History.csv,2026-10-02T14:42:11.510175+00:00
2011-12-19,90.27,https://cdn.cboe.com/api/global/us_indices/daily_prices/VVIX_History.csv,2026-10-02T14:42:11.510175+00:00
2011-12-20,88.64,https://cdn.cboe.com/api/global/us_indices/daily_prices/VVIX_History.csv,2026-10-02T14:42:11.510175+00:00
2011-12-21,85.54,https://cdn.cboe.com/api/global/us_indices/daily_prices/VVIX_History.csv,2026-10-02T14:42:11.510175+00:00
2011-12-22,86.18,https://cdn.cboe.com/api/global/us_indices/daily_prices/VVIX_History.csv,2026-10-02T14:42:11.510175+00:00
2011-12-23,86.54,https://cdn.cboe.com/api/global/us_indices/daily_prices/VVIX_History.csv,2026-10-02T14:42:11.510175+00:00
2011-12-27,88.13,https://cdn.cboe.com/api/global/us_indices/daily_prices/VVIX_History.csv,2026-10-02T14:42:11.510175+00:00
2011-12-28,94.08,https://cdn.cboe.com/api/global/us_indices/daily_prices/VVIX_History.csv,2026-10-02T14:42:11.510175+00:00
2011-12-29,91.8,https://cdn.cboe.com/api/global/us_indices/daily_prices/VVIX_History.csv,2026-10-02T14:42:11.510175+00:00
2011-12-30,91.7,https://cdn.cboe.com/api/global/us_indices/daily_prices/VVIX_History.csv,2026-10-02T14:42:11.510175+00:00
2012-01-03,91.39,https://cdn.cboe.com/api/global/us_indices/daily_prices/VVIX_History.csv,2026-10-02T14:42:11.510175+00:00
2012-01-04,88.89,https://cdn.cboe.com/api/global/us_indices/daily_prices/VVIX_History.csv,2026-10-02T14:42:11.510175+00:00
2012-01-05,87.69,https://cdn.cboe.com/api/global/us_indices/daily_prices/VVIX_History.csv,2026-10-02T14:42:11.510175+00:00
2012-01-06,86.95,https://cdn.cboe.com/api/global/us_indices/daily_prices/VVIX_History.csv,2026-10-02T14:42:11.510175+00:00
2012-01-09,87.8,https://cdn.cboe.com/api/global/us_indices/daily_prices/VVIX_History.csv,2026-10-02T14:42:11.510175+00:00
2012-01-10,88.82,https://cdn.cboe.com/api/global/us_indices/daily_prices/VVIX_History.csv,2026-10-02T14:42:11.510175+00:00
2012-01-11,93.17,https://cdn.cboe.com/api/global/us_indices/daily_prices/VVIX_History.csv,2026-10-02T14:42:11.510175+00:00
2012-01-12,90.51,https://cdn.cboe.com/api/global/us_indices/daily_prices/VVIX_History.csv,2026-10-02T14:42:11.510175+00:00
2012-01-13,93.55,https://cdn.cboe.com/api/global/us_indices/daily_prices/VVIX_History.csv,2026-10-02T14:42:11.510175+00:00
2012-01-17,93.66,https://cdn.cboe.com/api/global/us_indices/daily_prices/VVIX_History.csv,2026-10-02T14:42:11.510175+00:00
2012-01-18,90.09,https://cdn.cboe.com/api/global/us_indices/daily_prices/VVIX_History.csv,2026-10-02T14:42:11.510175+00:00
2012-01-19,88.73,https://cdn.cboe.com/api/global/us_indices/daily_prices/VVIX_History.csv,2026-10-02T14:42:11.510175+00:00
2012-01-20,89.24,https://cdn.cboe.com/api/global/us_indices/daily_prices/VVIX_History.csv,2026-10-02T14:42:11.510175+00:00
2012-01-23,89.59,https://cdn.cboe.com/api/global/us_indices/daily_prices/VVIX_History.csv,2026-10-02T14:42:11.510175+00:00
2012-01-24,89.01,https://cdn.cboe.com/api/global/us_indices/daily_prices/VVIX_History.csv,2026-10-02T14:42:11.510175+00:00
2012-01-25,86.01,https://cdn.cboe.com/api/global/us_indices/daily_prices/VVIX_History.csv,2026-10-02T14:42:11.510175+00:00
2012-01-26,88.92,https://cdn.cboe.com/api/global/us_indices/daily_prices/VVIX_History.csv,2026-10-02T14:42:11.510175+00:00
2012-01-27,87.44,https://cdn.cboe.com/api/global/us_indices/daily_prices/VVIX_History.csv,2026-10-02T14:42:11.510175+00:00
2012-01-30,89.86,https://cdn.cboe.com/api/global/us_indices/daily_prices/VVIX_History.csv,2026-10-02T14:42:11.510175+00:00
2012-01-31,88.51,https://cdn.cboe.com/api/global/us_indices/daily_prices/VVIX_History.csv,2026-10-02T14:42:11.510175+00:00
2012-02-01,85.78,https://cdn.cboe.com/api/global/us_indices/daily_prices/VVIX_History.csv,2026-10-02T14:42:11.510175+00:00
2012-02-02,84.1,https://cdn.cboe.com/api/global/us_indices/daily_prices/VVIX_History.csv,2026-10-02T14:42:11.510175+00:00
2012-02-03,84.04,https://cdn.cboe.com/api/global/us_indices/daily_prices/VVIX_History.csv,2026-10-02T14:42:11.510175+00:00
2012-02-06,85.38,https://cdn.cboe.com/api/global/us_indices/daily_prices/VVIX_History.csv,2026-10-02T14:42:11.510175+00:00
2012-02-07,83.79,https://cdn.cboe.com/api/global/us_indices/daily_prices/VVIX_History.csv,2026-10-02T14:42:11.510175+00:00
2012-02-08,97.01,https://cdn.cboe.com/api/global/us_indices/daily_prices/VVIX_History.csv,2026-10-02T14:42:11.510175+00:00
2012-02-09,100.76,https://cdn.cboe.com/api/global/us_indices/daily_prices/VVIX_History.csv,2026-10-02T14:42:11.510175+00:00
2012-02-10,104.15,https://cdn.cboe.com/api/global/us_indices/daily_prices/VVIX_History.csv,2026-10-02T14:42:11.510175+00:00
2012-02-13,102.45,https://cdn.cboe.com/api/global/us_indices/daily_prices/VVIX_History.csv,2026-10-02T14:42:11.510175+00:00
2012-02-14,107.82,https://cdn.cboe.com/api/global/us_indices/daily_prices/VVIX_History.csv,2026-10-02T14:42:11.510175+00:00
2012-02-15,114.65,https://cdn.cboe.com/api/global/us_indices/daily_prices/VVIX_History.csv,2026-10-02T14:42:11.510175+00:00
2012-02-16,110.41,https://cdn.cboe.com/api/global/us_indices/daily_prices/VVIX_History.csv,2026-10-02T14:42:11.510175+00:00
2012-02-17,108.56,https://cdn.cboe.com/api/global/us_indices/daily_prices/VVIX_History.csv,2026-10-02T14:42:11.510175+00:00
2012-02-21,107.71,https://cdn.cboe.com/api/global/us_indices/daily_prices/VVIX_History.csv,2026-10-02T14:42:11.510175+00:00
2012-02-22,100.81,https://cdn.cboe.com/api/global/us_indices/daily_prices/VVIX_History.csv,2026-10-02T14:42:11.510175+00:00
2012-02-23,94.44,https://cdn.cboe.com/api/global/us_indices/daily_prices/VVIX_History.csv,2026-10-02T14:42:11.510175+00:00
2012-02-24,99.43,https://cdn.cboe.com/api/global/us_indices/daily_prices/VVIX_History.csv,2026-10-02T14:42:11.510175+00:00
2012-02-27,101.68,https://cdn.cboe.com/api/global/us_indices/daily_prices/VVIX_History.csv,2026-10-02T14:42:11.510175+00:00
2012-02-28,99.13,https://cdn.cboe.com/api/global/us_indices/daily_prices/VVIX_History.csv,2026-10-02T14:42:11.510175+00:00
2012-02-29,101.6,https://cdn.cboe.com/api/global/us_indices/daily_prices/VVIX_History.csv,2026-10-02T14:42:11.510175+00:00
2012-03-01,97.43,https://cdn.cboe.com/api/global/us_indices/daily_prices/VVIX_History.csv,2026-10-02T14:42:11.510175+00:00
2012-03-02,96.94,https://cdn.cboe.com/api/global/us_indices/daily_prices/VVIX_History.csv,2026-10-02T14:42:11.510175+00:00
2012-03-05,98.18,https://cdn.cboe.com/api/global/us_indices/daily_prices/VVIX_History.csv,2026-10-02T14:42:11.510175+00:00
2012-03-06,105.11,https://cdn.cboe.com/api/global/us_indices/daily_prices/VVIX_History.csv,2026-10-02T14:42:11.510175+00:00
2012-03-07,100.46,https://cdn.cboe.com/api/global/us_indices/daily_prices/VVIX_History.csv,2026-10-02T14:42:11.510175+00:00
2012-03-08,97.19,https://cdn.cboe.com/api/global/us_indices/daily_prices/VVIX_History.csv,2026-10-02T14:42:11.510175+00:00
2012-03-09,97.98,https://cdn.cboe.com/api/global/us_indices/daily_prices/VVIX_History.csv,2026-10-02T14:42:11.510175+00:00
2012-03-12,98.61,https://cdn.cboe.com/api/global/us_indices/daily_prices/VVIX_History.csv,2026-10-02T14:42:11.510175+00:00
2012-03-13,98.47,https://cdn.cboe.com/api/global/us_indices/daily_prices/VVIX_History.csv,2026-10-02T14:42:11.510175+00:00
2012-03-14,106.63,https://cdn.cboe.com/api/global/us_indices/daily_prices/VVIX_History.csv,2026-10-02T14:42:11.510175+00:00
2012-03-15,108.42,https://cdn.cboe.com/api/global/us_indices/daily_prices/VVIX_History.csv,2026-10-02T14:42:11.510175+00:00
2012-03-16,105.78,https://cdn.cboe.com/api/global/us_indices/daily_prices/VVIX_History.csv,2026-10-02T14:42:11.510175+00:00
2012-03-19,106.49,https://cdn.cboe.com/api/global/us_indices/daily_prices/VVIX_History.csv,2026-10-02T14:42:11.510175+00:00
2012-03-20,109.38,https://cdn.cboe.com/api/global/us_indices/daily_prices/VVIX_History.csv,2026-10-02T14:42:11.510175+00:00
2012-03-21,104.65,https://cdn.cboe.com/api/global/us_indices/daily_prices/VVIX_History.csv,2026-10-02T14:42:11.510175+00:00
2012-03-22,102.53,https://cdn.cboe.com/api/global/us_indices/daily_prices/VVIX_History.csv,2026-10-02T14:42:11.510175+00:00
2012-03-23,98.6,https://cdn.cboe.com/api/global/us_indices/daily_prices/VVIX_History.csv,2026-10-02T14:42:11.510175+00:00
2012-03-26,96.08,https://cdn.cboe.com/api/global/us_indices/daily_prices/VVIX_History.csv,2026-10-02T14:42:11.510175+00:00
2012-03-27,101.15,https://cdn.cboe.com/api/global/us_indices/daily_prices/VVIX_History.csv,2026-10-02T14:42:11.510175+00:00
2012-03-28,102.74,https://cdn.cboe.com/api/global/us_indices/daily_prices/VVIX_History.csv,2026-10-02T14:42:11.510175+00:00
2012-03-29,101.94,https://cdn.cboe.com/api/global/us_indices/daily_prices/VVIX_History.csv,2026-10-02T14:42:11.510175+00:00
2012-03-30,100.28,https://cdn.cboe.com/api/global/us_indices/daily_prices/VVIX_History.csv,2026-10-02T14:42:11.510175+00:00
2012-04-02,100.38,https://cdn.cboe.com/api/global/us_indices/daily_prices/VVIX_History.csv,2026-10-02T14:42:11.510175+00:00
2012-04-03,98.37,https://cdn.cboe.com/api/global/us_indices/daily_prices/VVIX_History.csv,2026-10-02T14:42:11.510175+00:00
2012-04-04,99.73,https://cdn.cboe.com/api/global/us_indices/daily_prices/VVIX_History.csv,2026-10-02T14:42:11.510175+00:00
2012-04-05,99.47,https://cdn.cboe.com/api/global/us_indices/daily_prices/VVIX_History.csv,2026-10-02T14:42:11.510175+00:00
2012-04-09,104.59,https://cdn.cboe.com/api/global/us_indices/daily_prices/VVIX_History.csv,2026-10-02T14:42:11.510175+00:00
2012-04-10,109.13,https://cdn.cboe.com/api/global/us_indices/daily_prices/VVIX_History.csv,2026-10-02T14:42:11.510175+00:00
2012-04-11,111.19,https://cdn.cboe.com/api/global/us_indices/daily_prices/VVIX_History.csv,2026-10-02T14:42:11.510175+00:00
2012-04-12,104.27,https://cdn.cboe.com/api/global/us_indices/daily_prices/VVIX_History.csv,2026-10-02T14:42:11.510175+00:00
2012-04-13,110.76,https://cdn.cboe.com/api/global/us_indices/daily_prices/VVIX_History.csv,2026-10-02T14:42:11.510175+00:00
2012-04-16,110.97,https://cdn.cboe.com/api/global/us_indices/daily_prices/VVIX_History.csv,2026-10-02T14:42:11.510175+00:00
2012-04-17,107.01,https://cdn.cboe.com/api/global/us_indices/daily_prices/VVIX_History.csv,2026-10-02T14:42:11.510175+00:00
2012-04-18,106.06,https://cdn.cboe.com/api/global/us_indices/daily_prices/VVIX_History.csv,2026-10-02T14:42:11.510175+00:00
2012-04-19,103.96,https://cdn.cboe.com/api/global/us_indices/daily_prices/VVIX_History.csv,2026-10-02T14:42:11.510175+00:00
2012-04-20,101.08,https://cdn.cboe.com/api/global/us_indices/daily_prices/VVIX_History.csv,2026-10-02T14:42:11.510175+00:00
2012-04-23,104.01,https://cdn.cboe.com/api/global/us_indices/daily_prices/VVIX_History.csv,2026-10-02T14:42:11.510175+00:00
2012-04-24,99.84,https://cdn.cboe.com/api/global/us_indices/daily_prices/VVIX_History.csv,2026-10-02T14:42:11.510175+00:00
2012-04-25,93.28,https://cdn.cboe.com/api/global/us_indices/daily_prices/VVIX_History.csv,2026-10-02T14:42:11.510175+00:00
2012-04-26,89.65,https://cdn.cboe.com/api/global/us_indices/daily_prices/VVIX_History.csv,2026-10-02T14:42:11.510175+00:00
2012-04-27,88.62,https://cdn.cboe.com/api/global/us_indices/daily_prices/VVIX_History.csv,2026-10-02T14:42:11.510175+00:00
2012-04-30,89.32,https://cdn.cboe.com/api/global/us_indices/daily_prices/VVIX_History.csv,2026-10-02T14:42:11.510175+00:00
2012-05-01,87.06,https://cdn.cboe.com/api/global/us_indices/daily_prices/VVIX_History.csv,2026-10-02T14:42:11.510175+00:00
2012-05-02,86.29,https://cdn.cboe.com/api/global/us_indices/daily_prices/VVIX_History.csv,2026-10-02T14:42:11.510175+00:00
2012-05-03,88.35,https://cdn.cboe.com/api/global/us_indices/daily_prices/VVIX_History.csv,2026-10-02T14:42:11.510175+00:00
2012-05-04,91.31,https://cdn.cboe.com/api/global/us_indices/daily_prices/VVIX_History.csv,2026-10-02T14:42:11.510175+00:00
2012-05-07,90.91,https://cdn.cboe.com/api/global/us_indices/daily_prices/VVIX_History.csv,2026-10-02T14:42:11.510175+00:00
2012-05-08,91.33,https://cdn.cboe.com/api/global/us_indices/daily_prices/VVIX_History.csv,2026-10-02T14:42:11.510175+00:00
2012-05-09,102.07,https://cdn.cboe.com/api/global/us_indices/daily_prices/VVIX_History.csv,2026-10-02T14:42:11.510175+00:00
2012-05-10,98.65,https://cdn.cboe.com/api/global/us_indices/daily_prices/VVIX_History.csv,2026-10-02T14:42:11.510175+00:00
2012-05-11,100.12,https://cdn.cboe.com/api/global/us_indices/daily_prices/VVIX_History.csv,2026-10-02T14:42:11.510175+00:00
2012-05-14,105.85,https://cdn.cboe.com/api/global/us_indices/daily_prices/VVIX_History.csv,2026-10-02T14:42:11.510175+00:00
2012-05-15,109.61,https://cdn.cboe.com/api/global/us_indices/daily_prices/VVIX_History.csv,2026-10-02T14:42:11.510175+00:00
2012-05-16,109.22,https://cdn.cboe.com/api/global/us_indices/daily_prices/VVIX_History.csv,2026-10-02T14:42:11.510175+00:00
2012-05-17,112.84,https://cdn.cboe.com/api/global/us_indices/daily_prices/VVIX_History.csv,2026-10-02T14:42:11.510175+00:00
2012-05-18,117.44,https://cdn.cboe.com/api/global/us_indices/daily_prices/VVIX_History.csv,2026-10-02T14:42:11.510175+00:00
2012-05-21,108.5,https://cdn.cboe.com/api/global/us_indices/daily_prices/VVIX_History.csv,2026-10-02T14:42:11.510175+00:00
2012-05-22,110.48,https://cdn.cboe.com/api/global/us_indices/daily_prices/VVIX_History.csv,2026-10-02T14:42:11.510175+00:00
2012-05-23,107.48,https://cdn.cboe.com/api/global/us_indices/daily_prices/VVIX_History.csv,2026-10-02T14:42:11.510175+00:00
2012-05-24,104.52,https://cdn.cboe.com/api/global/us_indices/daily_prices/VVIX_History.csv,2026-10-02T14:42:11.510175+00:00
2012-05-25,103.1,https://cdn.cboe.com/api/global/us_indices/daily_prices/VVIX_History.csv,2026-10-02T14:42:11.510175+00:00
2012-05-29,100.98,https://cdn.cboe.com/api/global/us_indices/daily_prices/VVIX_History.csv,2026-10-02T14:42:11.510175+00:00
2012-05-30,109.73,https://cdn.cboe.com/api/global/us_indices/daily_prices/VVIX_History.csv,2026-10-02T14:42:11.510175+00:00
2012-05-31,108.75,https://cdn.cboe.com/api/global/us_indices/daily_prices/VVIX_History.csv,2026-10-02T14:42:11.510175+00:00
2012-06-01,111.41,https://cdn.cboe.com/api/global/us_indices/daily_prices/VVIX_History.csv,2026-10-02T14:42:11.510175+00:00
2012-06-04,107.04,https://cdn.cboe.com/api/global/us_indices/daily_prices/VVIX_History.csv,2026-10-02T14:42:11.510175+00:00
2012-06-05,102.78,https://cdn.cboe.com/api/global/us_indices/daily_prices/VVIX_History.csv,2026-10-02T14:42:11.510175+00:00
2012-06-06,97.71,https://cdn.cboe.com/api/global/us_indices/daily_prices/VVIX_History.csv,2026-10-02T14:42:11.510175+00:00
2012-06-07,98.36,https://cdn.cboe.com/api/global/us_indices/daily_prices/VVIX_History.csv,2026-10-02T14:42:11.510175+00:00
2012-06-08,96.6,https://cdn.cboe.com/api/global/us_indices/daily_prices/VVIX_History.csv,2026-10-02T14:42:11.510175+00:00
2012-06-11,105.51,https://cdn.cboe.com/api/global/us_indices/daily_prices/VVIX_History.csv,2026-10-02T14:42:11.510175+00:00
2012-06-12,103.22,https://cdn.cboe.com/api/global/us_indices/daily_prices/VVIX_History.csv,2026-10-02T14:42:11.510175+00:00
2012-06-13,110.6,https://cdn.cboe.com/api/global/us_indices/daily_prices/VVIX_History.csv,2026-10-02T14:42:11.510175+00:00
2012-06-14,107.78,https://cdn.cboe.com/api/global/us_indices/daily_prices/VVIX_History.csv,2026-10-02T14:42:11.510175+00:00
2012-06-15,108.23,https://cdn.cboe.com/api/global/us_indices/daily_prices/VVIX_History.csv,2026-10-02T14:42:11.510175+00:00
2012-06-18,99.3,https://cdn.cboe.com/api/global/us_indices/daily_prices/VVIX_History.csv,2026-10-02T14:42:11.510175+00:00
2012-06-19,98.13,https://cdn.cboe.com/api/global/us_indices/daily_prices/VVIX_History.csv,2026-10-02T14:42:11.510175+00:00
2012-06-20,96.41,https://cdn.cboe.com/api/global/us_indices/daily_prices/VVIX_History.csv,2026-10-02T14:42:11.510175+00:00
2012-06-21,105.47,https://cdn.cboe.com/api/global/us_indices/daily_prices/VVIX_History.csv,2026-10-02T14:42:11.510175+00:00
2012-06-22,104.13,https://cdn.cboe.com/api/global/us_indices/daily_prices/VVIX_History.csv,2026-10-02T14:42:11.510175+00:00
2012-06-25,104.46,https://cdn.cboe.com/api/global/us_indices/daily_prices/VVIX_History.csv,2026-10-02T14:42:11.510175+00:00
2012-06-26,100.66,https://cdn.cboe.com/api/global/us_indices/daily_prices/VVIX_History.csv,2026-10-02T14:42:11.510175+00:00
2012-06-27,98.11,https://cdn.cboe.com/api/global/us_indices/daily_prices/VVIX_History.csv,2026-10-02T14:42:11.510175+00:00
2012-06-28,97.21,https://cdn.cboe.com/api/global/us_indices/daily_prices/VVIX_History.csv,2026-10-02T14:42:11.510175+00:00
2012-06-29,89.59,https://cdn.cboe.com/api/global/us_indices/daily_prices/VVIX_History.csv,2026-10-02T14:42:11.510175+00:00
2012-07-02,85.61,https://cdn.cboe.com/api/global/us_indices/daily_prices/VVIX_History.csv,2026-10-02T14:42:11.510175+00:00
2012-07-03,84.59,https://cdn.cboe.com/api/global/us_indices/daily_prices/VVIX_History.csv,2026-10-02T14:42:11.510175+00:00
2012-07-05,89.43,https://cdn.cboe.com/api/global/us_indices/daily_prices/VVIX_History.csv,2026-10-02T14:42:11.510175+00:00
2012-07-06,90.1,https://cdn.cboe.com/api/global/us_indices/daily_prices/VVIX_History.csv,2026-10-02T14:42:11.510175+00:00
2012-07-09,92.85,https://cdn.cboe.com/api/global/us_indices/daily_prices/VVIX_History.csv,2026-10-02T14:42:11.510175+00:00
2012-07-10,94.91,https://cdn.cboe.com/api/global/us_indices/daily_prices/VVIX_History.csv,2026-10-02T14:42:11.510175+00:00
2012-07-11,96.25,https://cdn.cboe.com/api/global/us_indices/daily_prices/VVIX_History.csv,2026-10-02T14:42:11.510175+00:00
2012-07-12,95.22,https://cdn.cboe.com/api/global/us_indices/daily_prices/VVIX_History.csv,2026-10-02T14:42:11.510175+00:00
2012-07-13,91.1,https://cdn.cboe.com/api/global/us_indices/daily_prices/VVIX_History.csv,2026-10-02T14:42:11.510175+00:00
2012-07-16,94.21,https://cdn.cboe.com/api/global/us_indices/daily_prices/VVIX_History.csv,2026-10-02T14:42:11.510175+00:00
2012-07-17,93.49,https://cdn.cboe.com/api/global/us_indices/daily_prices/VVIX_History.csv,2026-10-02T14:42:11.510175+00:00
2012-07-18,94.03,https://cdn.cboe.com/api/global/us_indices/daily_prices/VVIX_History.csv,2026-10-02T14:42:11.510175+00:00
2012-07-19,93.73,https://cdn.cboe.com/api/global/us_indices/daily_prices/VVIX_History.csv,2026-10-02T14:42:11.510175+00:00
2012-07-20,100.61,https://cdn.cboe.com/api/global/us_indices/daily_prices/VVIX_History.csv,2026-10-02T14:42:11.510175+00:00
2012-07-23,107.32,https://cdn.cboe.com/api/global/us_indices/daily_prices/VVIX_History.csv,2026-10-02T14:42:11.510175+00:00
2012-07-24,111.65,https://cdn.cboe.com/api/global/us_indices/daily_prices/VVIX_History.csv,2026-10-02T14:42:11.510175+00:00
2012-07-25,106.53,https://cdn.cboe.com/api/global/us_indices/daily_prices/VVIX_History.csv,2026-10-02T14:42:11.510175+00:00
2012-07-26,98.59,https://cdn.cboe.com/api/global/us_indices/daily_prices/VVIX_History.csv,2026-10-02T14:42:11.510175+00:00
2012-07-27,93.08,https://cdn.cboe.com/api/global/us_indices/daily_prices/VVIX_History.csv,2026-10-02T14:42:11.510175+00:00
2012-07-30,94.74,https://cdn.cboe.com/api/global/us_indices/daily_prices/VVIX_History.csv,2026-10-02T14:42:11.510175+00:00
2012-07-31,96.11,https://cdn.cboe.com/api/global/us_indices/daily_prices/VVIX_History.csv,2026-10-02T14:42:11.510175+00:00
2012-08-01,94.23,https://cdn.cboe.com/api/global/us_indices/daily_prices/VVIX_History.csv,2026-10-02T14:42:11.510175+00:00
2012-08-02,89.63,https://cdn.cboe.com/api/global/us_indices/daily_prices/VVIX_History.csv,2026-10-02T14:42:11.510175+00:00
2012-08-03,84.5,https://cdn.cboe.com/api/global/us_indices/daily_prices/VVIX_History.csv,2026-10-02T14:42:11.510175+00:00
2012-08-06,84.47,https://cdn.cboe.com/api/global/us_indices/daily_prices/VVIX_History.csv,2026-10-02T14:42:11.510175+00:00
2012-08-07,86.87,https://cdn.cboe.com/api/global/us_indices/daily_prices/VVIX_History.csv,2026-10-02T14:42:11.510175+00:00
2012-08-08,85.18,https://cdn.cboe.com/api/global/us_indices/daily_prices/VVIX_History.csv,2026-10-02T14:42:11.510175+00:00
2012-08-09,83.91,https://cdn.cboe.com/api/global/us_indices/daily_prices/VVIX_History.csv,2026-10-02T14:42:11.510175+00:00
2012-08-10,84.83,https://cdn.cboe.com/api/global/us_indices/daily_prices/VVIX_History.csv,2026-10-02T14:42:11.510175+00:00
2012-08-13,89.58,https://cdn.cboe.com/api/global/us_indices/daily_prices/VVIX_History.csv,2026-10-02T14:42:11.510175+00:00
2012-08-14,94.33,https://cdn.cboe.com/api/global/us_indices/daily_prices/VVIX_History.csv,2026-10-02T14:42:11.510175+00:00
2012-08-15,97.95,https://cdn.cboe.com/api/global/us_indices/daily_prices/VVIX_History.csv,2026-10-02T14:42:11.510175+00:00
2012-08-16,95.65,https://cdn.cboe.com/api/global/us_indices/daily_prices/VVIX_History.csv,2026-10-02T14:42:11.510175+00:00
2012-08-17,95.02,https://cdn.cboe.com/api/global/us_indices/daily_prices/VVIX_History.csv,2026-10-02T14:42:11.510175+00:00
2012-08-20,96.64,https://cdn.cboe.com/api/global/us_indices/daily_prices/VVIX_History.csv,2026-10-02T14:42:11.510175+00:00
2012-08-21,97.41,https://cdn.cboe.com/api/global/us_indices/daily_prices/VVIX_History.csv,2026-10-02T14:42:11.510175+00:00
2012-08-22,99.14,https://cdn.cboe.com/api/global/us_indices/daily_prices/VVIX_History.csv,2026-10-02T14:42:11.510175+00:00
2012-08-23,98.4,https://cdn.cboe.com/api/global/us_indices/daily_prices/VVIX_History.csv,2026-10-02T14:42:11.510175+00:00
2012-08-24,94.99,https://cdn.cboe.com/api/global/us_indices/daily_prices/VVIX_History.csv,2026-10-02T14:42:11.510175+00:00
2012-08-27,94.89,https://cdn.cboe.com/api/global/us_indices/daily_prices/VVIX_History.csv,2026-10-02T14:42:11.510175+00:00
2012-08-28,94.43,https://cdn.cboe.com/api/global/us_indices/daily_prices/VVIX_History.csv,2026-10-02T14:42:11.510175+00:00
2012-08-29,94.71,https://cdn.cboe.com/api/global/us_indices/daily_prices/VVIX_History.csv,2026-10-02T14:42:11.510175+00:00
2012-08-30,96.33,https://cdn.cboe.com/api/global/us_indices/daily_prices/VVIX_History.csv,2026-10-02T14:42:11.510175+00:00
2012-08-31,93.3,https://cdn.cboe.com/api/global/us_indices/daily_prices/VVIX_History.csv,2026-10-02T14:42:11.510175+00:00
2012-09-04,93.71,https://cdn.cboe.com/api/global/us_indices/daily_prices/VVIX_History.csv,2026-10-02T14:42:11.510175+00:00
2012-09-05,90.15,https://cdn.cboe.com/api/global/us_indices/daily_prices/VVIX_History.csv,2026-10-02T14:42:11.510175+00:00
2012-09-06,83.65,https://cdn.cboe.com/api/global/us_indices/daily_prices/VVIX_History.csv,2026-10-02T14:42:11.510175+00:00
2012-09-07,82.24,https://cdn.cboe.com/api/global/us_indices/daily_prices/VVIX_History.csv,2026-10-02T14:42:11.510175+00:00
2012-09-10,92.77,https://cdn.cboe.com/api/global/us_indices/daily_prices/VVIX_History.csv,2026-10-02T14:42:11.510175+00:00
2012-09-11,92.39,https://cdn.cboe.com/api/global/us_indices/daily_prices/VVIX_History.csv,2026-10-02T14:42:11.510175+00:00
2012-09-12,93.94,https://cdn.cboe.com/api/global/us_indices/daily_prices/VVIX_History.csv,2026-10-02T14:42:11.510175+00:00
2012-09-13,87.81,https://cdn.cboe.com/api/global/us_indices/daily_prices/VVIX_History.csv,2026-10-02T14:42:11.510175+00:00
2012-09-14,93.04,https://cdn.cboe.com/api/global/us_indices/daily_prices/VVIX_History.csv,2026-10-02T14:42:11.510175+00:00
2012-09-17,92.95,https://cdn.cboe.com/api/global/us_indices/daily_prices/VVIX_History.csv,2026-10-02T14:42:11.510175+00:00
2012-09-18,90.13,https://cdn.cboe.com/api/global/us_indices/daily_prices/VVIX_History.csv,2026-10-02T14:42:11.510175+00:00
2012-09-19,88.61,https://cdn.cboe.com/api/global/us_indices/daily_prices/VVIX_History.csv,2026-10-02T14:42:11.510175+00:00
2012-09-20,88.72,https://cdn.cboe.com/api/global/us_indices/daily_prices/VVIX_History.csv,2026-10-02T14:42:11.510175+00:00
2012-09-21,87.9,https://cdn.cboe.com/api/global/us_indices/daily_prices/VVIX_History.csv,2026-10-02T14:42:11.510175+00:00
2012-09-24,85.88,https://cdn.cboe.com/api/global/us_indices/daily_prices/VVIX_History.csv,2026-10-02T14:42:11.510175+00:00
2012-09-25,92.79,https://cdn.cboe.com/api/global/us_indices/daily_prices/VVIX_History.csv,2026-10-02T14:42:11.510175+00:00
2012-09-26,95.05,https://cdn.cboe.com/api/global/us_indices/daily_prices/VVIX_History.csv,2026-10-02T14:42:11.510175+00:00
2012-09-27,88.24,https://cdn.cboe.com/api/global/us_indices/daily_prices/VVIX_History.csv,2026-10-02T14:42:11.510175+00:00
2012-09-28,90.49,https://cdn.cboe.com/api/global/us_indices/daily_prices/VVIX_History.csv,2026-10-02T14:42:11.510175+00:00
2012-10-01,92.51,https://cdn.cboe.com/api/global/us_indices/daily_prices/VVIX_History.csv,2026-10-02T14:42:11.510175+00:00
2012-10-02,90.25,https://cdn.cboe.com/api/global/us_indices/daily_prices/VVIX_History.csv,2026-10-02T14:42:11.510175+00:00
2012-10-03,87.56,https://cdn.cboe.com/api/global/us_indices/daily_prices/VVIX_History.csv,2026-10-02T14:42:11.510175+00:00
2012-10-04,83.51,https://cdn.cboe.com/api/global/us_indices/daily_prices/VVIX_History.csv,2026-10-02T14:42:11.510175+00:00
2012-10-05,83.1,https://cdn.cboe.com/api/global/us_indices/daily_prices/VVIX_History.csv,2026-10-02T14:42:11.510175+00:00
2012-10-08,85.85,https://cdn.cboe.com/api/global/us_indices/daily_prices/VVIX_History.csv,2026-10-02T14:42:11.510175+00:00
2012-10-09,88.53,https://cdn.cboe.com/api/global/us_indices/daily_prices/VVIX_History.csv,2026-10-02T14:42:11.510175+00:00
2012-10-10,94.36,https://cdn.cboe.com/api/global/us_indices/daily_prices/VVIX_History.csv,2026-10-02T14:42:11.510175+00:00
2012-10-11,90.74,https://cdn.cboe.com/api/global/us_indices/daily_prices/VVIX_History.csv,2026-10-02T14:42:11.510175+00:00
2012-10-12,91.87,https://cdn.cboe.com/api/global/us_indices/daily_prices/VVIX_History.csv,2026-10-02T14:42:11.510175+00:00
2012-10-15,92.92,https://cdn.cboe.com/api/global/us_indices/daily_prices/VVIX_History.csv,2026-10-02T14:42:11.510175+00:00
2012-10-16,90.31,https://cdn.cboe.com/api/global/us_indices/daily_prices/VVIX_History.csv,2026-10-02T14:42:11.510175+00:00
2012-10-17,85.6,https://cdn.cboe.com/api/global/us_indices/daily_prices/VVIX_History.csv,2026-10-02T14:42:11.510175+00:00
2012-10-18,86.51,https://cdn.cboe.com/api/global/us_indices/daily_prices/VVIX_History.csv,2026-10-02T14:42:11.510175+00:00
2012-10-19,92.63,https://cdn.cboe.com/api/global/us_indices/daily_prices/VVIX_History.csv,2026-10-02T14:42:11.510175+00:00
2012-10-22,92.48,https://cdn.cboe.com/api/global/us_indices/daily_prices/VVIX_History.csv,2026-10-02T14:42:11.510175+00:00
2012-10-23,99.66,https://cdn.cboe.com/api/global/us_indices/daily_prices/VVIX_History.csv,2026-10-02T14:42:11.510175+00:00
2012-10-24,96.39,https://cdn.cboe.com/api/global/us_indices/daily_prices/VVIX_History.csv,2026-10-02T14:42:11.510175+00:00
2012-10-25,91.86,https://cdn.cboe.com/api/global/us_indices/daily_prices/VVIX_History.csv,2026-10-02T14:42:11.510175+00:00
2012-10-26,89.43,https://cdn.cboe.com/api/global/us_indices/daily_prices/VVIX_History.csv,2026-10-02T14:42:11.510175+00:00
2012-10-31,90.23,https://cdn.cboe.com/api/global/us_indices/daily_prices/VVIX_History.csv,2026-10-02T14:42:11.510175+00:00
2012-11-01,81.7,https://cdn.cboe.com/api/global/us_indices/daily_prices/VVIX_History.csv,2026-10-02T14:42:11.510175+00:00
2012-11-02,87.84,https://cdn.cboe.com/api/global/us_indices/daily_prices/VVIX_History.csv,2026-10-02T14:42:11.510175+00:00
2012-11-05,90.75,https://cdn.cboe.com/api/global/us_indices/daily_prices/VVIX_History.csv,2026-10-02T14:42:11.510175+00:00
2012-11-06,87.56,https://cdn.cboe.com/api/global/us_indices/daily_prices/VVIX_History.csv,2026-10-02T14:42:11.510175+00:00
2012-11-07,94.75,https://cdn.cboe.com/api/global/us_indices/daily_prices/VVIX_History.csv,2026-10-02T14:42:11.510175+00:00
2012-11-08,93.39,https://cdn.cboe.com/api/global/us_indices/daily_prices/VVIX_History.csv,2026-10-02T14:42:11.510175+00:00
2012-11-09,94.02,https://cdn.cboe.com/api/global/us_indices/daily_prices/VVIX_History.csv,2026-10-02T14:42:11.510175+00:00
2012-11-12,90.54,https://cdn.cboe.com/api/global/us_indices/daily_prices/VVIX_History.csv,2026-10-02T14:42:11.510175+00:00
2012-11-13,87.84,https://cdn.cboe.com/api/global/us_indices/daily_prices/VVIX_History.csv,2026-10-02T14:42:11.510175+00:00
2012-11-14,94.66,https://cdn.cboe.com/api/global/us_indices/daily_prices/VVIX_History.csv,2026-10-02T14:42:11.510175+00:00
2012-11-15,94.54,https://cdn.cboe.com/api/global/us_indices/daily_prices/VVIX_History.csv,2026-10-02T14:42:11.510175+00:00
2012-11-16,90.27,https://cdn.cboe.com/api/global/us_indices/daily_prices/VVIX_History.csv,2026-10-02T14:42:11.510175+00:00
2012-11-19,88.43,https://cdn.cboe.com/api/global/us_indices/daily_prices/VVIX_History.csv,2026-10-02T14:42:11.510175+00:00
2012-11-20,85.93,https://cdn.cboe.com/api/global/us_indices/daily_prices/VVIX_History.csv,2026-10-02T14:42:11.510175+00:00
2012-11-21,85.85,https://cdn.cboe.com/api/global/us_indices/daily_prices/VVIX_History.csv,2026-10-02T14:42:11.510175+00:00
2012-11-23,82.86,https://cdn.cboe.com/api/global/us_indices/daily_prices/VVIX_History.csv,2026-10-02T14:42:11.510175+00:00
2012-11-26,82.45,https://cdn.cboe.com/api/global/us_indices/daily_prices/VVIX_History.csv,2026-10-02T14:42:11.510175+00:00
2012-11-27,84.17,https://cdn.cboe.com/api/global/us_indices/daily_prices/VVIX_History.csv,2026-10-02T14:42:11.510175+00:00
2012-11-28,80.39,https://cdn.cboe.com/api/global/us_indices/daily_prices/VVIX_History.csv,2026-10-02T14:42:11.510175+00:00
2012-11-29,78.42,https://cdn.cboe.com/api/global/us_indices/daily_prices/VVIX_History.csv,2026-10-02T14:42:11.510175+00:00
2012-11-30,78.59,https://cdn.cboe.com/api/global/us_indices/daily_prices/VVIX_History.csv,2026-10-02T14:42:11.510175+00:00
2012-12-03,84.07,https://cdn.cboe.com/api/global/us_indices/daily_prices/VVIX_History.csv,2026-10-02T14:42:11.510175+00:00
2012-12-04,86.18,https://cdn.cboe.com/api/global/us_indices/daily_prices/VVIX_History.csv,2026-10-02T14:42:11.510175+00:00
2012-12-05,82.98,https://cdn.cboe.com/api/global/us_indices/daily_prices/VVIX_History.csv,2026-10-02T14:42:11.510175+00:00
2012-12-06,84.15,https://cdn.cboe.com/api/global/us_indices/daily_prices/VVIX_History.csv,2026-10-02T14:42:11.510175+00:00
2012-12-07,80.74,https://cdn.cboe.com/api/global/us_indices/daily_prices/VVIX_History.csv,2026-10-02T14:42:11.510175+00:00
2012-12-10,81.56,https://cdn.cboe.com/api/global/us_indices/daily_prices/VVIX_History.csv,2026-10-02T14:42:11.510175+00:00
2012-12-11,78.7,https://cdn.cboe.com/api/global/us_indices/daily_prices/VVIX_History.csv,2026-10-02T14:42:11.510175+00:00
2012-12-12,83.02,https://cdn.cboe.com/api/global/us_indices/daily_prices/VVIX_History.csv,2026-10-02T14:42:11.510175+00:00
2012-12-13,86.74,https://cdn.cboe.com/api/global/us_indices/daily_prices/VVIX_History.csv,2026-10-02T14:42:11.510175+00:00
2012-12-14,86.39,https://cdn.cboe.com/api/global/us_indices/daily_prices/VVIX_History.csv,2026-10-02T14:42:11.510175+00:00
2012-12-17,82.1,https://cdn.cboe.com/api/global/us_indices/daily_prices/VVIX_History.csv,2026-10-02T14:42:11.510175+00:00
2012-12-18,79.36,https://cdn.cboe.com/api/global/us_indices/daily_prices/VVIX_History.csv,2026-10-02T14:42:11.510175+00:00
2012-12-19,83.33,https://cdn.cboe.com/api/global/us_indices/daily_prices/VVIX_History.csv,2026-10-02T14:42:11.510175+00:00
2012-12-20,83.06,https://cdn.cboe.com/api/global/us_indices/daily_prices/VVIX_History.csv,2026-10-02T14:42:11.510175+00:00
2012-12-21,87.7,https://cdn.cboe.com/api/global/us_indices/daily_prices/VVIX_History.csv,2026-10-02T14:42:11.510175+00:00
2012-12-24,89.27,https://cdn.cboe.com/api/global/us_indices/daily_prices/VVIX_History.csv,2026-10-02T14:42:11.510175+00:00
2012-12-26,92.17,https://cdn.cboe.com/api/global/us_indices/daily_prices/VVIX_History.csv,2026-10-02T14:42:11.510175+00:00
2012-12-27,90.89,https://cdn.cboe.com/api/global/us_indices/daily_prices/VVIX_History.csv,2026-10-02T14:42:11.510175+00:00
2012-12-28,104.72,https://cdn.cboe.com/api/global/us_indices/daily_prices/VVIX_History.csv,2026-10-02T14:42:11.510175+00:00
2012-12-31,92.5,https://cdn.cboe.com/api/global/us_indices/daily_prices/VVIX_History.csv,2026-10-02T14:42:11.510175+00:00
2013-01-02,78.77,https://cdn.cboe.com/api/global/us_indices/daily_prices/VVIX_History.csv,2026-10-02T14:42:11.510175+00:00
2013-01-03,77.02,https://cdn.cboe.com/api/global/us_indices/daily_prices/VVIX_History.csv,2026-10-02T14:42:11.510175+00:00
2013-01-04,75.18,https://cdn.cboe.com/api/global/us_indices/daily_prices/VVIX_History.csv,2026-10-02T14:42:11.510175+00:00
2013-01-07,76.77,https://cdn.cboe.com/api/global/us_indices/daily_prices/VVIX_History.csv,2026-10-02T14:42:11.510175+00:00
2013-01-08,78.37,https://cdn.cboe.com/api/global/us_indices/daily_prices/VVIX_History.csv,2026-10-02T14:42:11.510175+00:00
2013-01-09,78.51,https://cdn.cboe.com/api/global/us_indices/daily_prices/VVIX_History.csv,2026-10-02T14:42:11.510175+00:00
2013-01-10,77.49,https://cdn.cboe.com/api/global/us_indices/daily_prices/VVIX_History.csv,2026-10-02T14:42:11.510175+00:00
2013-01-11,78.52,https://cdn.cboe.com/api/global/us_indices/daily_prices/VVIX_History.csv,2026-10-02T14:42:11.510175+00:00
2013-01-14,78.28,https://cdn.cboe.com/api/global/us_indices/daily_prices/VVIX_History.csv,2026-10-02T14:42:11.510175+00:00
2013-01-15,77.84,https://cdn.cboe.com/api/global/us_indices/daily_prices/VVIX_History.csv,2026-10-02T14:42:11.510175+00:00
2013-01-16,77.26,https://cdn.cboe.com/api/global/us_indices/daily_prices/VVIX_History.csv,2026-10-02T14:42:11.510175+00:00
2013-01-17,78.77,https://cdn.cboe.com/api/global/us_indices/daily_prices/VVIX_History.csv,2026-10-02T14:42:11.510175+00:00
2013-01-18,73.43,https://cdn.cboe.com/api/global/us_indices/daily_prices/VVIX_History.csv,2026-10-02T14:42:11.510175+00:00
2013-01-22,73.87,https://cdn.cboe.com/api/global/us_indices/daily_prices/VVIX_History.csv,2026-10-02T14:42:11.510175+00:00
2013-01-23,71.86,https://cdn.cboe.com/api/global/us_indices/daily_prices/VVIX_History.csv,2026-10-02T14:42:11.510175+00:00
2013-01-24,76.17,https://cdn.cboe.com/api/global/us_indices/daily_prices/VVIX_History.csv,2026-10-02T14:42:11.510175+00:00
2013-01-25,76.92,https://cdn.cboe.com/api/global/us_indices/daily_prices/VVIX_History.csv,2026-10-02T14:42:11.510175+00:00
2013-01-28,78.16,https://cdn.cboe.com/api/global/us_indices/daily_prices/VVIX_History.csv,2026-10-02T14:42:11.510175+00:00
2013-01-29,73.61,https://cdn.cboe.com/api/global/us_indices/daily_prices/VVIX_History.csv,2026-10-02T14:42:11.510175+00:00
2013-01-30,77.34,https://cdn.cboe.com/api/global/us_indices/daily_prices/VVIX_History.csv,2026-10-02T14:42:11.510175+00:00
2013-01-31,76.72,https://cdn.cboe.com/api/global/us_indices/daily_prices/VVIX_History.csv,2026-10-02T14:42:11.510175+00:00
2013-02-01,73.29,https://cdn.cboe.com/api/global/us_indices/daily_prices/VVIX_History.csv,2026-10-02T14:42:11.510175+00:00
2013-02-04,77.79,https://cdn.cboe.com/api/global/us_indices/daily_prices/VVIX_History.csv,2026-10-02T14:42:11.510175+00:00
2013-02-05,75.07,https://cdn.cboe.com/api/global/us_indices/daily_prices/VVIX_History.csv,2026-10-02T14:42:11.510175+00:00
2013-02-06,77.24,https://cdn.cboe.com/api/global/us_indices/daily_prices/VVIX_History.csv,2026-10-02T14:42:11.510175+00:00
2013-02-07,76.86,https://cdn.cboe.com/api/global/us_indices/daily_prices/VVIX_History.csv,2026-10-02T14:42:11.510175+00:00
2013-02-08,74.42,https://cdn.cboe.com/api/global/us_indices/daily_prices/VVIX_History.csv,2026-10-02T14:42:11.510175+00:00
2013-02-11,76.1,https://cdn.cboe.com/api/global/us_indices/daily_prices/VVIX_History.csv,2026-10-02T14:42:11.510175+00:00
2013-02-12,73.83,https://cdn.cboe.com/api/global/us_indices/daily_prices/VVIX_History.csv,2026-10-02T14:42:11.510175+00:00
2013-02-13,73.25,https://cdn.cboe.com/api/global/us_indices/daily_prices/VVIX_History.csv,2026-10-02T14:42:11.510175+00:00
2013-02-14,72.99,https://cdn.cboe.com/api/global/us_indices/daily_prices/VVIX_History.csv,2026-10-02T14:42:11.510175+00:00
2013-02-15,72.55,https://cdn.cboe.com/api/global/us_indices/daily_prices/VVIX_History.csv,2026-10-02T14:42:11.510175+00:00
2013-02-19,70.45,https://cdn.cboe.com/api/global/us_indices/daily_prices/VVIX_History.csv,2026-10-02T14:42:11.510175+00:00
2013-02-20,79.65,https://cdn.cboe.com/api/global/us_indices/daily_prices/VVIX_History.csv,2026-10-02T14:42:11.510175+00:00
2013-02-21,80.83,https://cdn.cboe.com/api/global/us_indices/daily_prices/VVIX_History.csv,2026-10-02T14:42:11.510175+00:00
2013-02-22,78.66,https://cdn.cboe.com/api/global/us_indices/daily_prices/VVIX_History.csv,2026-10-02T14:42:11.510175+00:00
2013-02-25,94.34,https://cdn.cboe.com/api/global/us_indices/daily_prices/VVIX_History.csv,2026-10-02T14:42:11.510175+00:00
2013-02-26,90.23,https://cdn.cboe.com/api/global/us_indices/daily_prices/VVIX_History.csv,2026-10-02T14:42:11.510175+00:00
2013-02-27,82.29,https://cdn.cboe.com/api/global/us_indices/daily_prices/VVIX_History.csv,2026-10-02T14:42:11.510175+00:00
2013-02-28,86.57,https://cdn.cboe.com/api/global/us_indices/daily_prices/VVIX_History.csv,2026-10-02T14:42:11.510175+00:00
2013-03-01,87.83,https://cdn.cboe.com/api/global/us_indices/daily_prices/VVIX_History.csv,2026-10-02T14:42:11.510175+00:00
2013-03-04,82.27,https://cdn.cboe.com/api/global/us_indices/daily_prices/VVIX_History.csv,2026-10-02T14:42:11.510175+00:00
2013-03-05,79.32,https://cdn.cboe.com/api/global/us_indices/daily_prices/VVIX_History.csv,2026-10-02T14:42:11.510175+00:00
2013-03-06,78.78,https://cdn.cboe.com/api/global/us_indices/daily_prices/VVIX_History.csv,2026-10-02T14:42:11.510175+00:00
2013-03-07,77.16,https://cdn.cboe.com/api/global/us_indices/daily_prices/VVIX_History.csv,2026-10-02T14:42:11.510175+00:00
2013-03-08,76.65,https://cdn.cboe.com/api/global/us_indices/daily_prices/VVIX_History.csv,2026-10-02T14:42:11.510175+00:00
2013-03-11,77.32,https://cdn.cboe.com/api/global/us_indices/daily_prices/VVIX_History.csv,2026-10-02T14:42:11.510175+00:00
2013-03-12,79.99,https://cdn.cboe.com/api/global/us_indices/daily_prices/VVIX_History.csv,2026-10-02T14:42:11.510175+00:00
2013-03-13,84.36,https://cdn.cboe.com/api/global/us_indices/daily_prices/VVIX_History.csv,2026-10-02T14:42:11.510175+00:00
2013-03-14,83.5,https://cdn.cboe.com/api/global/us_indices/daily_prices/VVIX_History.csv,2026-10-02T14:42:11.510175+00:00
2013-03-15,85.72,https://cdn.cboe.com/api/global/us_indices/daily_prices/VVIX_History.csv,2026-10-02T14:42:11.510175+00:00
2013-03-18,93.07,https://cdn.cboe.com/api/global/us_indices/daily_prices/VVIX_History.csv,2026-10-02T14:42:11.510175+00:00
2013-03-19,94.39,https://cdn.cboe.com/api/global/us_indices/daily_prices/VVIX_History.csv,2026-10-02T14:42:11.510175+00:00
2013-03-20,89.45,https://cdn.cboe.com/api/global/us_indices/daily_prices/VVIX_History.csv,2026-10-02T14:42:11.510175+00:00
2013-03-21,93.98,https://cdn.cboe.com/api/global/us_indices/daily_prices/VVIX_History.csv,2026-10-02T14:42:11.510175+00:00
2013-03-22,91.78,https://cdn.cboe.com/api/global/us_indices/daily_prices/VVIX_History.csv,2026-10-02T14:42:11.510175+00:00
2013-03-25,88.86,https://cdn.cboe.com/api/global/us_indices/daily_prices/VVIX_History.csv,2026-10-02T14:42:11.510175+00:00
2013-03-26,85.14,https://cdn.cboe.com/api/global/us_indices/daily_prices/VVIX_History.csv,2026-10-02T14:42:11.510175+00:00
2013-03-27,85.32,https://cdn.cboe.com/api/global/us_indices/daily_prices/VVIX_History.csv,2026-10-02T14:42:11.510175+00:00
2013-03-28,83.2,https://cdn.cboe.com/api/global/us_indices/daily_prices/VVIX_History.csv,2026-10-02T14:42:11.510175+00:00
2013-04-01,84.23,https://cdn.cboe.com/api/global/us_indices/daily_prices/VVIX_History.csv,2026-10-02T14:42:11.510175+00:00
2013-04-02,80.49,https://cdn.cboe.com/api/global/us_indices/daily_prices/VVIX_History.csv,2026-10-02T14:42:11.510175+00:00
2013-04-03,85.23,https://cdn.cboe.com/api/global/us_indices/daily_prices/VVIX_History.csv,2026-10-02T14:42:11.510175+00:00
2013-04-04,83.12,https://cdn.cboe.com/api/global/us_indices/daily_prices/VVIX_History.csv,2026-10-02T14:42:11.510175+00:00
2013-04-05,84.49,https://cdn.cboe.com/api/global/us_indices/daily_prices/VVIX_History.csv,2026-10-02T14:42:11.510175+00:00
2013-04-08,82.12,https://cdn.cboe.com/api/global/us_indices/daily_prices/VVIX_History.csv,2026-10-02T14:42:11.510175+00:00
2013-04-09,82.04,https://cdn.cboe.com/api/global/us_indices/daily_prices/VVIX_History.csv,2026-10-02T14:42:11.510175+00:00
2013-04-10,82.75,https://cdn.cboe.com/api/global/us_indices/daily_prices/VVIX_History.csv,2026-10-02T14:42:11.510175+00:00
2013-04-11,83.37,https://cdn.cboe.com/api/global/us_indices/daily_prices/VVIX_History.csv,2026-10-02T14:42:11.510175+00:00
2013-04-12,82.39,https://cdn.cboe.com/api/global/us_indices/daily_prices/VVIX_History.csv,2026-10-02T14:42:11.510175+00:00
2013-04-15,104.62,https://cdn.cboe.com/api/global/us_indices/daily_prices/VVIX_History.csv,2026-10-02T14:42:11.510175+00:00
2013-04-16,88.19,https://cdn.cboe.com/api/global/us_indices/daily_prices/VVIX_History.csv,2026-10-02T14:42:11.510175+00:00
2013-04-17,105.26,https://cdn.cboe.com/api/global/us_indices/daily_prices/VVIX_History.csv,2026-10-02T14:42:11.510175+00:00
2013-04-18,107.65,https://cdn.cboe.com/api/global/us_indices/daily_prices/VVIX_History.csv,2026-10-02T14:42:11.510175+00:00
2013-04-19,95.52,https://cdn.cboe.com/api/global/us_indices/daily_prices/VVIX_History.csv,2026-10-02T14:42:11.510175+00:00
2013-04-22,90.91,https://cdn.cboe.com/api/global/us_indices/daily_prices/VVIX_History.csv,2026-10-02T14:42:11.510175+00:00
2013-04-23,85.16,https://cdn.cboe.com/api/global/us_indices/daily_prices/VVIX_History.csv,2026-10-02T14:42:11.510175+00:00
2013-04-24,84.99,https://cdn.cboe.com/api/global/us_indices/daily_prices/VVIX_History.csv,2026-10-02T14:42:11.510175+00:00
2013-04-25,85.89,https://cdn.cboe.com/api/global/us_indices/daily_prices/VVIX_History.csv,2026-10-02T14:42:11.510175+00:00
2013-04-26,85.09,https://cdn.cboe.com/api/global/us_indices/daily_prices/VVIX_History.csv,2026-10-02T14:42:11.510175+00:00
2013-04-29,84.42,https://cdn.cboe.com/api/global/us_indices/daily_prices/VVIX_History.csv,2026-10-02T14:42:11.510175+00:00
2013-04-30,83.46,https://cdn.cboe.com/api/global/us_indices/daily_prices/VVIX_History.csv,2026-10-02T14:42:11.510175+00:00
2013-05-01,88.11,https://cdn.cboe.com/api/global/us_indices/daily_prices/VVIX_History.csv,2026-10-02T14:42:11.510175+00:00
2013-05-02,83.82,https://cdn.cboe.com/api/global/us_indices/daily_prices/VVIX_History.csv,2026-10-02T14:42:11.510175+00:00
2013-05-03,80.91,https://cdn.cboe.com/api/global/us_indices/daily_prices/VVIX_History.csv,2026-10-02T14:42:11.510175+00:00
2013-05-06,79.78,https://cdn.cboe.com/api/global/us_indices/daily_prices/VVIX_History.csv,2026-10-02T14:42:11.510175+00:00
2013-05-07,78.86,https://cdn.cboe.com/api/global/us_indices/daily_prices/VVIX_History.csv,2026-10-02T14:42:11.510175+00:00
2013-05-08,79.81,https://cdn.cboe.com/api/global/us_indices/daily_prices/VVIX_History.csv,2026-10-02T14:42:11.510175+00:00
2013-05-09,81.14,https://cdn.cboe.com/api/global/us_indices/daily_prices/VVIX_History.csv,2026-10-02T14:42:11.510175+00:00
2013-05-10,80.45,https://cdn.cboe.com/api/global/us_indices/daily_prices/VVIX_History.csv,2026-10-02T14:42:11.510175+00:00
2013-05-14,80.45,https://cdn.cboe.com/api/global/us_indices/daily_prices/VVIX_History.csv,2026-10-02T14:42:11.510175+00:00
2013-05-15,83.15,https://cdn.cboe.com/api/global/us_indices/daily_prices/VVIX_History.csv,2026-10-02T14:42:11.510175+00:00
2013-05-16,84.5,https://cdn.cboe.com/api/global/us_indices/daily_prices/VVIX_History.csv,2026-10-02T14:42:11.510175+00:00
2013-05-17,84.0,https://cdn.cboe.com/api/global/us_indices/daily_prices/VVIX_History.csv,2026-10-02T14:42:11.510175+00:00
2013-05-20,85.01,https://cdn.cboe.com/api/global/us_indices/daily_prices/VVIX_History.csv,2026-10-02T14:42:11.510175+00:00
2013-05-21,88.04,https://cdn.cboe.com/api/global/us_indices/daily_prices/VVIX_History.csv,2026-10-02T14:42:11.510175+00:00
2013-05-22,88.23,https://cdn.cboe.com/api/global/us_indices/daily_prices/VVIX_History.csv,2026-10-02T14:42:11.510175+00:00
2013-05-23,87.4,https://cdn.cboe.com/api/global/us_indices/daily_prices/VVIX_History.csv,2026-10-02T14:42:11.510175+00:00
2013-05-24,83.88,https://cdn.cboe.com/api/global/us_indices/daily_prices/VVIX_History.csv,2026-10-02T14:42:11.510175+00:00
2013-05-28,82.65,https://cdn.cboe.com/api/global/us_indices/daily_prices/VVIX_History.csv,2026-10-02T14:42:11.510175+00:00
2013-05-29,81.72,https://cdn.cboe.com/api/global/us_indices/daily_prices/VVIX_History.csv,2026-10-02T14:42:11.510175+00:00
2013-05-30,80.22,https://cdn.cboe.com/api/global/us_indices/daily_prices/VVIX_History.csv,2026-10-02T14:42:11.510175+00:00
2013-05-31,84.87,https://cdn.cboe.com/api/global/us_indices/daily_prices/VVIX_History.csv,2026-10-02T14:42:11.510175+00:00
2013-06-03,86.99,https://cdn.cboe.com/api/global/us_indices/daily_prices/VVIX_History.csv,2026-10-02T14:42:11.510175+00:00
2013-06-04,87.39,https://cdn.cboe.com/api/global/us_indices/daily_prices/VVIX_History.csv,2026-10-02T14:42:11.510175+00:00
2013-06-05,93.18,https://cdn.cboe.com/api/global/us_indices/daily_prices/VVIX_History.csv,2026-10-02T14:42:11.510175+00:00
2013-06-06,91.91,https://cdn.cboe.com/api/global/us_indices/daily_prices/VVIX_History.csv,2026-10-02T14:42:11.510175+00:00
2013-06-07,84.19,https://cdn.cboe.com/api/global/us_indices/daily_prices/VVIX_History.csv,2026-10-02T14:42:11.510175+00:00
2013-06-10,82.94,https://cdn.cboe.com/api/global/us_indices/daily_prices/VVIX_History.csv,2026-10-02T14:42:11.510175+00:00
2013-06-11,92.32,https://cdn.cboe.com/api/global/us_indices/daily_prices/VVIX_History.csv,2026-10-02T14:42:11.510175+00:00
2013-06-12,101.77,https://cdn.cboe.com/api/global/us_indices/daily_prices/VVIX_History.csv,2026-10-02T14:42:11.510175+00:00
2013-06-13,95.08,https://cdn.cboe.com/api/global/us_indices/daily_prices/VVIX_History.csv,2026-10-02T14:42:11.510175+00:00
2013-06-14,93.87,https://cdn.cboe.com/api/global/us_indices/daily_prices/VVIX_History.csv,2026-10-02T14:42:11.510175+00:00
2013-06-17,90.45,https://cdn.cboe.com/api/global/us_indices/daily_prices/VVIX_History.csv,2026-10-02T14:42:11.510175+00:00
2013-06-18,89.99,https://cdn.cboe.com/api/global/us_indices/daily_prices/VVIX_History.csv,2026-10-02T14:42:11.510175+00:00
2013-06-19,88.59,https://cdn.cboe.com/api/global/us_indices/daily_prices/VVIX_History.csv,2026-10-02T14:42:11.510175+00:00
2013-06-20,100.98,https://cdn.cboe.com/api/global/us_indices/daily_prices/VVIX_History.csv,2026-10-02T14:42:11.510175+00:00
2013-06-21,96.1,https://cdn.cboe.com/api/global/us_indices/daily_prices/VVIX_History.csv,2026-10-02T14:42:11.510175+00:00
2013-06-24,100.93,https://cdn.cboe.com/api/global/us_indices/daily_prices/VVIX_History.csv,2026-10-02T14:42:11.510175+00:00
2013-06-25,94.83,https://cdn.cboe.com/api/global/us_indices/daily_prices/VVIX_History.csv,2026-10-02T14:42:11.510175+00:00
2013-06-26,90.76,https://cdn.cboe.com/api/global/us_indices/daily_prices/VVIX_History.csv,2026-10-02T14:42:11.510175+00:00
2013-06-27,86.05,https://cdn.cboe.com/api/global/us_indices/daily_prices/VVIX_History.csv,2026-10-02T14:42:11.510175+00:00
2013-06-28,86.54,https://cdn.cboe.com/api/global/us_indices/daily_prices/VVIX_History.csv,2026-10-02T14:42:11.510175+00:00
2013-07-01,84.89,https://cdn.cboe.com/api/global/us_indices/daily_prices/VVIX_History.csv,2026-10-02T14:42:11.510175+00:00
2013-07-02,83.7,https://cdn.cboe.com/api/global/us_indices/daily_prices/VVIX_History.csv,2026-10-02T14:42:11.510175+00:00
2013-07-03,82.72,https://cdn.cboe.com/api/global/us_indices/daily_prices/VVIX_History.csv,2026-10-02T14:42:11.510175+00:00
2013-07-05,77.41,https://cdn.cboe.com/api/global/us_indices/daily_prices/VVIX_History.csv,2026-10-02T14:42:11.510175+00:00
2013-07-08,75.49,https://cdn.cboe.com/api/global/us_indices/daily_prices/VVIX_History.csv,2026-10-02T14:42:11.510175+00:00
2013-07-09,75.92,https://cdn.cboe.com/api/global/us_indices/daily_prices/VVIX_History.csv,2026-10-02T14:42:11.510175+00:00
2013-07-10,79.54,https://cdn.cboe.com/api/global/us_indices/daily_prices/VVIX_History.csv,2026-10-02T14:42:11.510175+00:00
2013-07-11,77.16,https://cdn.cboe.com/api/global/us_indices/daily_prices/VVIX_History.csv,2026-10-02T14:42:11.510175+00:00
2013-07-12,76.14,https://cdn.cboe.com/api/global/us_indices/daily_prices/VVIX_History.csv,2026-10-02T14:42:11.510175+00:00
2013-07-15,76.22,https://cdn.cboe.com/api/global/us_indices/daily_prices/VVIX_History.csv,2026-10-02T14:42:11.510175+00:00
2013-07-16,80.84,https://cdn.cboe.com/api/global/us_indices/daily_prices/VVIX_History.csv,2026-10-02T14:42:11.510175+00:00
2013-07-17,77.06,https://cdn.cboe.com/api/global/us_indices/daily_prices/VVIX_History.csv,2026-10-02T14:42:11.510175+00:00
2013-07-18,74.68,https://cdn.cboe.com/api/global/us_indices/daily_prices/VVIX_History.csv,2026-10-02T14:42:11.510175+00:00
2013-07-19,73.64,https://cdn.cboe.com/api/global/us_indices/daily_prices/VVIX_History.csv,2026-10-02T14:42:11.510175+00:00
2013-07-22,72.49,https://cdn.cboe.com/api/global/us_indices/daily_prices/VVIX_History.csv,2026-10-02T14:42:11.510175+00:00
2013-07-23,75.05,https://cdn.cboe.com/api/global/us_indices/daily_prices/VVIX_History.csv,2026-10-02T14:42:11.510175+00:00
2013-07-24,76.8,https://cdn.cboe.com/api/global/us_indices/daily_prices/VVIX_History.csv,2026-10-02T14:42:11.510175+00:00
2013-07-25,76.74,https://cdn.cboe.com/api/global/us_indices/daily_prices/VVIX_History.csv,2026-10-02T14:42:11.510175+00:00
2013-07-26,76.54,https://cdn.cboe.com/api/global/us_indices/daily_prices/VVIX_History.csv,2026-10-02T14:42:11.510175+00:00
2013-07-29,76.65,https://cdn.cboe.com/api/global/us_indices/daily_prices/VVIX_History.csv,2026-10-02T14:42:11.510175+00:00
2013-07-30,74.35,https://cdn.cboe.com/api/global/us_indices/daily_prices/VVIX_History.csv,2026-10-02T14:42:11.510175+00:00
2013-07-31,73.08,https://cdn.cboe.com/api/global/us_indices/daily_prices/VVIX_History.csv,2026-10-02T14:42:11.510175+00:00
2013-08-01,71.1,https://cdn.cboe.com/api/global/us_indices/daily_prices/VVIX_History.csv,2026-10-02T14:42:11.510175+00:00
2013-08-02,70.36,https://cdn.cboe.com/api/global/us_indices/daily_prices/VVIX_History.csv,2026-10-02T14:42:11.510175+00:00
2013-08-05,69.74,https://cdn.cboe.com/api/global/us_indices/daily_prices/VVIX_History.csv,2026-10-02T14:42:11.510175+00:00
2013-08-06,75.53,https://cdn.cboe.com/api/global/us_indices/daily_prices/VVIX_History.csv,2026-10-02T14:42:11.510175+00:00
2013-08-07,76.57,https://cdn.cboe.com/api/global/us_indices/daily_prices/VVIX_History.csv,2026-10-02T14:42:11.510175+00:00
2013-08-08,75.41,https://cdn.cboe.com/api/global/us_indices/daily_prices/VVIX_History.csv,2026-10-02T14:42:11.510175+00:00
2013-08-09,77.33,https://cdn.cboe.com/api/global/us_indices/daily_prices/VVIX_History.csv,2026-10-02T14:42:11.510175+00:00
2013-08-12,78.77,https://cdn.cboe.com/api/global/us_indices/daily_prices/VVIX_History.csv,2026-10-02T14:42:11.510175+00:00
2013-08-13,78.94,https://cdn.cboe.com/api/global/us_indices/daily_prices/VVIX_History.csv,2026-10-02T14:42:11.510175+00:00
2013-08-14,80.22,https://cdn.cboe.com/api/global/us_indices/daily_prices/VVIX_History.csv,2026-10-02T14:42:11.510175+00:00
2013-08-15,86.21,https://cdn.cboe.com/api/global/us_indices/daily_prices/VVIX_History.csv,2026-10-02T14:42:11.510175+00:00
2013-08-16,84.09,https://cdn.cboe.com/api/global/us_indices/daily_prices/VVIX_History.csv,2026-10-02T14:42:11.510175+00:00
2013-08-19,86.91,https://cdn.cboe.com/api/global/us_indices/daily_prices/VVIX_History.csv,2026-10-02T14:42:11.510175+00:00
2013-08-20,89.08,https://cdn.cboe.com/api/global/us_indices/daily_prices/VVIX_History.csv,2026-10-02T14:42:11.510175+00:00
2013-08-21,90.38,https://cdn.cboe.com/api/global/us_indices/daily_prices/VVIX_History.csv,2026-10-02T14:42:11.510175+00:00
2013-08-22,84.52,https://cdn.cboe.com/api/global/us_indices/daily_prices/VVIX_History.csv,2026-10-02T14:42:11.510175+00:00
2013-08-23,80.02,https://cdn.cboe.com/api/global/us_indices/daily_prices/VVIX_History.csv,2026-10-02T14:42:11.510175+00:00
2013-08-26,83.06,https://cdn.cboe.com/api/global/us_indices/daily_prices/VVIX_History.csv,2026-10-02T14:42:11.510175+00:00
2013-08-27,92.36,https://cdn.cboe.com/api/global/us_indices/daily_prices/VVIX_History.csv,2026-10-02T14:42:11.510175+00:00
2013-08-28,91.46,https://cdn.cboe.com/api/global/us_indices/daily_prices/VVIX_History.csv,2026-10-02T14:42:11.510175+00:00
2013-08-29,91.49,https://cdn.cboe.com/api/global/us_indices/daily_prices/VVIX_History.csv,2026-10-02T14:42:11.510175+00:00
2013-08-30,92.6,https://cdn.cboe.com/api/global/us_indices/daily_prices/VVIX_History.csv,2026-10-02T14:42:11.510175+00:00
2013-09-03,90.66,https://cdn.cboe.com/api/global/us_indices/daily_prices/VVIX_History.csv,2026-10-02T14:42:11.510175+00:00
2013-09-04,88.28,https://cdn.cboe.com/api/global/us_indices/daily_prices/VVIX_History.csv,2026-10-02T14:42:11.510175+00:00
2013-09-05,85.8,https://cdn.cboe.com/api/global/us_indices/daily_prices/VVIX_History.csv,2026-10-02T14:42:11.510175+00:00
2013-09-06,86.51,https://cdn.cboe.com/api/global/us_indices/daily_prices/VVIX_History.csv,2026-10-02T14:42:11.510175+00:00
2013-09-09,83.46,https://cdn.cboe.com/api/global/us_indices/daily_prices/VVIX_History.csv,2026-10-02T14:42:11.510175+00:00
2013-09-10,79.25,https://cdn.cboe.com/api/global/us_indices/daily_prices/VVIX_History.csv,2026-10-02T14:42:11.510175+00:00
2013-09-11,78.4,https://cdn.cboe.com/api/global/us_indices/daily_prices/VVIX_History.csv,2026-10-02T14:42:11.510175+00:00
2013-09-12,80.97,https://cdn.cboe.com/api/global/us_indices/daily_prices/VVIX_History.csv,2026-10-02T14:42:11.510175+00:00
2013-09-13,79.73,https://cdn.cboe.com/api/global/us_indices/daily_prices/VVIX_History.csv,2026-10-02T14:42:11.510175+00:00
2013-09-16,80.09,https://cdn.cboe.com/api/global/us_indices/daily_prices/VVIX_History.csv,2026-10-02T14:42:11.510175+00:00
2013-09-17,79.49,https://cdn.cboe.com/api/global/us_indices/daily_prices/VVIX_History.csv,2026-10-02T14:42:11.510175+00:00
2013-09-18,74.65,https://cdn.cboe.com/api/global/us_indices/daily_prices/VVIX_History.csv,2026-10-02T14:42:11.510175+00:00
2013-09-19,73.22,https://cdn.cboe.com/api/global/us_indices/daily_prices/VVIX_History.csv,2026-10-02T14:42:11.510175+00:00
2013-09-20,76.89,https://cdn.cboe.com/api/global/us_indices/daily_prices/VVIX_History.csv,2026-10-02T14:42:11.510175+00:00
2013-09-23,77.56,https://cdn.cboe.com/api/global/us_indices/daily_prices/VVIX_History.csv,2026-10-02T14:42:11.510175+00:00
2013-09-24,74.78,https://cdn.cboe.com/api/global/us_indices/daily_prices/VVIX_History.csv,2026-10-02T14:42:11.510175+00:00
2013-09-25,73.08,https://cdn.cboe.com/api/global/us_indices/daily_prices/VVIX_History.csv,2026-10-02T14:42:11.510175+00:00
2013-09-26,69.96,https://cdn.cboe.com/api/global/us_indices/daily_prices/VVIX_History.csv,2026-10-02T14:42:11.510175+00:00
2013-09-27,74.93,https://cdn.cboe.com/api/global/us_indices/daily_prices/VVIX_History.csv,2026-10-02T14:42:11.510175+00:00
2013-09-30,81.67,https://cdn.cboe.com/api/global/us_indices/daily_prices/VVIX_History.csv,2026-10-02T14:42:11.510175+00:00
2013-10-01,76.43,https://cdn.cboe.com/api/global/us_indices/daily_prices/VVIX_History.csv,2026-10-02T14:42:11.510175+00:00
2013-10-02,85.73,https://cdn.cboe.com/api/global/us_indices/daily_prices/VVIX_History.csv,2026-10-02T14:42:11.510175+00:00
2013-10-03,93.79,https://cdn.cboe.com/api/global/us_indices/daily_prices/VVIX_History.csv,2026-10-02T14:42:11.510175+00:00
2013-10-04,88.71,https://cdn.cboe.com/api/global/us_indices/daily_prices/VVIX_History.csv,2026-10-02T14:42:11.510175+00:00
2013-10-07,103.08,https://cdn.cboe.com/api/global/us_indices/daily_prices/VVIX_History.csv,2026-10-02T14:42:11.510175+00:00
2013-10-08,106.55,https://cdn.cboe.com/api/global/us_indices/daily_prices/VVIX_History.csv,2026-10-02T14:42:11.510175+00:00
2013-10-09,111.43,https://cdn.cboe.com/api/global/us_indices/daily_prices/VVIX_History.csv,2026-10-02T14:42:11.510175+00:00
2013-10-10,95.31,https://cdn.cboe.com/api/global/us_indices/daily_prices/VVIX_History.csv,2026-10-02T14:42:11.510175+00:00
2013-10-11,90.85,https://cdn.cboe.com/api/global/us_indices/daily_prices/VVIX_History.csv,2026-10-02T14:42:11.510175+00:00
2013-10-14,91.8,https://cdn.cboe.com/api/global/us_indices/daily_prices/VVIX_History.csv,2026-10-02T14:42:11.510175+00:00
2013-10-15,103.37,https://cdn.cboe.com/api/global/us_indices/daily_prices/VVIX_History.csv,2026-10-02T14:42:11.510175+00:00
2013-10-16,85.7,https://cdn.cboe.com/api/global/us_indices/daily_prices/VVIX_History.csv,2026-10-02T14:42:11.510175+00:00
2013-10-17,72.7,https://cdn.cboe.com/api/global/us_indices/daily_prices/VVIX_History.csv,2026-10-02T14:42:11.510175+00:00
2013-10-18,73.42,https://cdn.cboe.com/api/global/us_indices/daily_prices/VVIX_History.csv,2026-10-02T14:42:11.510175+00:00
2013-10-21,75.02,https://cdn.cboe.com/api/global/us_indices/daily_prices/VVIX_History.csv,2026-10-02T14:42:11.510175+00:00
2013-10-22,74.13,https://cdn.cboe.com/api/global/us_indices/daily_prices/VVIX_History.csv,2026-10-02T14:42:11.510175+00:00
2013-10-23,72.43,https://cdn.cboe.com/api/global/us_indices/daily_prices/VVIX_History.csv,2026-10-02T14:42:11.510175+00:00
2013-10-24,70.84,https://cdn.cboe.com/api/global/us_indices/daily_prices/VVIX_History.csv,2026-10-02T14:42:11.510175+00:00
2013-10-25,70.03,https://cdn.cboe.com/api/global/us_indices/daily_prices/VVIX_History.csv,2026-10-02T14:42:11.510175+00:00
2013-10-28,70.16,https://cdn.cboe.com/api/global/us_indices/daily_prices/VVIX_History.csv,2026-10-02T14:42:11.510175+00:00
2013-10-29,68.52,https://cdn.cboe.com/api/global/us_indices/daily_prices/VVIX_History.csv,2026-10-02T14:42:11.510175+00:00
2013-10-30,69.56,https://cdn.cboe.com/api/global/us_indices/daily_prices/VVIX_History.csv,2026-10-02T14:42:11.510175+00:00
2013-10-31,69.44,https://cdn.cboe.com/api/global/us_indices/daily_prices/VVIX_History.csv,2026-10-02T14:42:11.510175+00:00
2013-11-01,68.94,https://cdn.cboe.com/api/global/us_indices/daily_prices/VVIX_History.csv,2026-10-02T14:42:11.510175+00:00
2013-11-04,67.09,https://cdn.cboe.com/api/global/us_indices/daily_prices/VVIX_History.csv,2026-10-02T14:42:11.510175+00:00
2013-11-05,67.41,https://cdn.cboe.com/api/global/us_indices/daily_prices/VVIX_History.csv,2026-10-02T14:42:11.510175+00:00
2013-11-06,67.41,https://cdn.cboe.com/api/global/us_indices/daily_prices/VVIX_History.csv,2026-10-02T14:42:11.510175+00:00
2013-11-07,71.74,https://cdn.cboe.com/api/global/us_indices/daily_prices/VVIX_History.csv,2026-10-02T14:42:11.510175+00:00
2013-11-08,69.39,https://cdn.cboe.com/api/global/us_indices/daily_prices/VVIX_History.csv,2026-10-02T14:42:11.510175+00:00
2013-11-11,69.39,https://cdn.cboe.com/api/global/us_indices/daily_prices/VVIX_History.csv,2026-10-02T14:42:11.510175+00:00
2013-11-12,69.39,https://cdn.cboe.com/api/global/us_indices/daily_prices/VVIX_History.csv,2026-10-02T14:42:11.510175+00:00
2013-11-13,71.37,https://cdn.cboe.com/api/global/us_indices/daily_prices/VVIX_History.csv,2026-10-02T14:42:11.510175+00:00
2013-11-14,71.91,https://cdn.cboe.com/api/global/us_indices/daily_prices/VVIX_History.csv,2026-10-02T14:42:11.510175+00:00
2013-11-15,73.58,https://cdn.cboe.com/api/global/us_indices/daily_prices/VVIX_History.csv,2026-10-02T14:42:11.510175+00:00
2013-11-18,75.06,https://cdn.cboe.com/api/global/us_indices/daily_prices/VVIX_History.csv,2026-10-02T14:42:11.510175+00:00
2013-11-19,74.45,https://cdn.cboe.com/api/global/us_indices/daily_prices/VVIX_History.csv,2026-10-02T14:42:11.510175+00:00
2013-11-20,69.05,https://cdn.cboe.com/api/global/us_indices/daily_prices/VVIX_History.csv,2026-10-02T14:42:11.510175+00:00
2013-11-21,64.95,https://cdn.cboe.com/api/global/us_indices/daily_prices/VVIX_History.csv,2026-10-02T14:42:11.510175+00:00
2013-11-22,63.77,https://cdn.cboe.com/api/global/us_indices/daily_prices/VVIX_History.csv,2026-10-02T14:42:11.510175+00:00
2013-11-25,64.88,https://cdn.cboe.com/api/global/us_indices/daily_prices/VVIX_History.csv,2026-10-02T14:42:11.510175+00:00
2013-11-26,65.14,https://cdn.cboe.com/api/global/us_indices/daily_prices/VVIX_History.csv,2026-10-02T14:42:11.510175+00:00
2013-11-27,64.81,https://cdn.cboe.com/api/global/us_indices/daily_prices/VVIX_History.csv,2026-10-02T14:42:11.510175+00:00
2013-11-29,64.81,https://cdn.cboe.com/api/global/us_indices/daily_prices/VVIX_History.csv,2026-10-02T14:42:11.510175+00:00
2013-12-02,69.59,https://cdn.cboe.com/api/global/us_indices/daily_prices/VVIX_History.csv,2026-10-02T14:42:11.510175+00:00
2013-12-03,73.21,https://cdn.cboe.com/api/global/us_indices/daily_prices/VVIX_History.csv,2026-10-02T14:42:11.510175+00:00
2013-12-04,72.73,https://cdn.cboe.com/api/global/us_indices/daily_prices/VVIX_History.csv,2026-10-02T14:42:11.510175+00:00
2013-12-05,75.8,https://cdn.cboe.com/api/global/us_indices/daily_prices/VVIX_History.csv,2026-10-02T14:42:11.510175+00:00
2013-12-06,70.45,https://cdn.cboe.com/api/global/us_indices/daily_prices/VVIX_History.csv,2026-10-02T14:42:11.510175+00:00
2013-12-09,70.45,https://cdn.cboe.com/api/global/us_indices/daily_prices/VVIX_History.csv,2026-10-02T14:42:11.510175+00:00
2013-12-10,70.45,https://cdn.cboe.com/api/global/us_indices/daily_prices/VVIX_History.csv,2026-10-02T14:42:11.510175+00:00
2013-12-11,80.55,https://cdn.cboe.com/api/global/us_indices/daily_prices/VVIX_History.csv,2026-10-02T14:42:11.510175+00:00
2013-12-12,83.38,https://cdn.cboe.com/api/global/us_indices/daily_prices/VVIX_History.csv,2026-10-02T14:42:11.510175+00:00
2013-12-13,85.39,https://cdn.cboe.com/api/global/us_indices/daily_prices/VVIX_History.csv,2026-10-02T14:42:11.510175+00:00
2013-12-16,83.2,https://cdn.cboe.com/api/global/us_indices/daily_prices/VVIX_History.csv,2026-10-02T14:42:11.510175+00:00
2013-12-17,82.23,https://cdn.cboe.com/api/global/us_indices/daily_prices/VVIX_History.csv,2026-10-02T14:42:11.510175+00:00
2013-12-18,67.17,https://cdn.cboe.com/api/global/us_indices/daily_prices/VVIX_History.csv,2026-10-02T14:42:11.510175+00:00
2013-12-19,67.03,https://cdn.cboe.com/api/global/us_indices/daily_prices/VVIX_History.csv,2026-10-02T14:42:11.510175+00:00
2013-12-20,68.0,https://cdn.cboe.com/api/global/us_indices/daily_prices/VVIX_History.csv,2026-10-02T14:42:11.510175+00:00
2013-12-23,63.49,https://cdn.cboe.com/api/global/us_indices/daily_prices/VVIX_History.csv,2026-10-02T14:42:11.510175+00:00
2013-12-24,63.49,https://cdn.cboe.com/api/global/us_indices/daily_prices/VVIX_History.csv,2026-10-02T14:42:11.510175+00:00
2013-12-26,62.71,https://cdn.cboe.com/api/global/us_indices/daily_prices/VVIX_History.csv,2026-10-02T14:42:11.510175+00:00
2013-12-27,66.67,https://cdn.cboe.com/api/global/us_indices/daily_prices/VVIX_History.csv,2026-10-02T14:42:11.510175+00:00
2013-12-30,69.71,https://cdn.cboe.com/api/global/us_indices/daily_prices/VVIX_History.csv,2026-10-02T14:42:11.510175+00:00
2013-12-31,70.83,https://cdn.cboe.com/api/global/us_indices/daily_prices/VVIX_History.csv,2026-10-02T14:42:11.510175+00:00
2014-01-02,73.14,https://cdn.cboe.com/api/global/us_indices/daily_prices/VVIX_History.csv,2026-10-02T14:42:11.510175+00:00
2014-01-03,70.03,https://cdn.cboe.com/api/global/us_indices/daily_prices/VVIX_History.csv,2026-10-02T14:42:11.510175+00:00
2014-01-06,68.33,https://cdn.cboe.com/api/global/us_indices/daily_prices/VVIX_History.csv,2026-10-02T14:42:11.510175+00:00
2014-01-07,68.33,https://cdn.cboe.com/api/global/us_indices/daily_prices/VVIX_History.csv,2026-10-02T14:42:11.510175+00:00
2014-01-08,68.33,https://cdn.cboe.com/api/global/us_indices/daily_prices/VVIX_History.csv,2026-10-02T14:42:11.510175+00:00
2014-01-09,68.33,https://cdn.cboe.com/api/global/us_indices/daily_prices/VVIX_History.csv,2026-10-02T14:42:11.510175+00:00
2014-01-10,67.74,https://cdn.cboe.com/api/global/us_indices/daily_prices/VVIX_History.csv,2026-10-02T14:42:11.510175+00:00
2014-01-13,75.71,https://cdn.cboe.com/api/global/us_indices/daily_prices/VVIX_History.csv,2026-10-02T14:42:11.510175+00:00
2014-01-14,69.31,https://cdn.cboe.com/api/global/us_indices/daily_prices/VVIX_History.csv,2026-10-02T14:42:11.510175+00:00
2014-01-15,69.56,https://cdn.cboe.com/api/global/us_indices/daily_prices/VVIX_History.csv,2026-10-02T14:42:11.510175+00:00
2014-01-16,73.98,https://cdn.cboe.com/api/global/us_indices/daily_prices/VVIX_History.csv,2026-10-02T14:42:11.510175+00:00
2014-01-17,75.72,https://cdn.cboe.com/api/global/us_indices/daily_prices/VVIX_History.csv,2026-10-02T14:42:11.510175+00:00
2014-01-21,77.78,https://cdn.cboe.com/api/global/us_indices/daily_prices/VVIX_History.csv,2026-10-02T14:42:11.510175+00:00
2014-01-22,74.46,https://cdn.cboe.com/api/global/us_indices/daily_prices/VVIX_History.csv,2026-10-02T14:42:11.510175+00:00
2014-01-23,78.25,https://cdn.cboe.com/api/global/us_indices/daily_prices/VVIX_History.csv,2026-10-02T14:42:11.510175+00:00
2014-01-24,97.71,https://cdn.cboe.com/api/global/us_indices/daily_prices/VVIX_History.csv,2026-10-02T14:42:11.510175+00:00
2014-01-27,93.5,https://cdn.cboe.com/api/global/us_indices/daily_prices/VVIX_History.csv,2026-10-02T14:42:11.510175+00:00
2014-01-28,83.96,https://cdn.cboe.com/api/global/us_indices/daily_prices/VVIX_History.csv,2026-10-02T14:42:11.510175+00:00
2014-01-29,92.47,https://cdn.cboe.com/api/global/us_indices/daily_prices/VVIX_History.csv,2026-10-02T14:42:11.510175+00:00
2014-01-30,92.35,https://cdn.cboe.com/api/global/us_indices/daily_prices/VVIX_History.csv,2026-10-02T14:42:11.510175+00:00
2014-01-31,99.66,https://cdn.cboe.com/api/global/us_indices/daily_prices/VVIX_History.csv,2026-10-02T14:42:11.510175+00:00
2014-02-03,106.78,https://cdn.cboe.com/api/global/us_indices/daily_prices/VVIX_History.csv,2026-10-02T14:42:11.510175+00:00
2014-02-04,100.4,https://cdn.cboe.com/api/global/us_indices/daily_prices/VVIX_History.csv,2026-10-02T14:42:11.510175+00:00
2014-02-05,102.87,https://cdn.cboe.com/api/global/us_indices/daily_prices/VVIX_History.csv,2026-10-02T14:42:11.510175+00:00
2014-02-06,92.58,https://cdn.cboe.com/api/global/us_indices/daily_prices/VVIX_History.csv,2026-10-02T14:42:11.510175+00:00
2014-02-07,83.17,https://cdn.cboe.com/api/global/us_indices/daily_prices/VVIX_History.csv,2026-10-02T14:42:11.510175+00:00
2014-02-10,79.89,https://cdn.cboe.com/api/global/us_indices/daily_prices/VVIX_History.csv,2026-10-02T14:42:11.510175+00:00
2014-02-11,78.64,https://cdn.cboe.com/api/global/us_indices/daily_prices/VVIX_History.csv,2026-10-02T14:42:11.510175+00:00
2014-02-12,79.56,https://cdn.cboe.com/api/global/us_indices/daily_prices/VVIX_History.csv,2026-10-02T14:42:11.510175+00:00
2014-02-13,78.41,https://cdn.cboe.com/api/global/us_indices/daily_prices/VVIX_History.csv,2026-10-02T14:42:11.510175+00:00
2014-02-14,77.49,https://cdn.cboe.com/api/global/us_indices/daily_prices/VVIX_History.csv,2026-10-02T14:42:11.510175+00:00
2014-02-18,75.82,https://cdn.cboe.com/api/global/us_indices/daily_prices/VVIX_History.csv,2026-10-02T14:42:11.510175+00:00
2014-02-19,86.23,https://cdn.cboe.com/api/global/us_indices/daily_prices/VVIX_History.csv,2026-10-02T14:42:11.510175+00:00
2014-02-20,79.83,https://cdn.cboe.com/api/global/us_indices/daily_prices/VVIX_History.csv,2026-10-02T14:42:11.510175+00:00
2014-02-21,78.96,https://cdn.cboe.com/api/global/us_indices/daily_prices/VVIX_History.csv,2026-10-02T14:42:11.510175+00:00
2014-02-24,77.84,https://cdn.cboe.com/api/global/us_indices/daily_prices/VVIX_History.csv,2026-10-02T14:42:11.510175+00:00
2014-02-25,76.46,https://cdn.cboe.com/api/global/us_indices/daily_prices/VVIX_History.csv,2026-10-02T14:42:11.510175+00:00
2014-02-26,79.42,https://cdn.cboe.com/api/global/us_indices/daily_prices/VVIX_History.csv,2026-10-02T14:42:11.510175+00:00
2014-02-27,78.94,https://cdn.cboe.com/api/global/us_indices/daily_prices/VVIX_History.csv,2026-10-02T14:42:11.510175+00:00
2014-02-28,81.45,https://cdn.cboe.com/api/global/us_indices/daily_prices/VVIX_History.csv,2026-10-02T14:42:11.510175+00:00
2014-03-03,92.84,https://cdn.cboe.com/api/global/us_indices/daily_prices/VVIX_History.csv,2026-10-02T14:42:11.510175+00:00
2014-03-04,82.14,https://cdn.cboe.com/api/global/us_indices/daily_prices/VVIX_History.csv,2026-10-02T14:42:11.510175+00:00
2014-03-05,80.52,https://cdn.cboe.com/api/global/us_indices/daily_prices/VVIX_History.csv,2026-10-02T14:42:11.510175+00:00
2014-03-06,79.55,https://cdn.cboe.com/api/global/us_indices/daily_prices/VVIX_History.csv,2026-10-02T14:42:11.510175+00:00
2014-03-07,83.07,https://cdn.cboe.com/api/global/us_indices/daily_prices/VVIX_History.csv,2026-10-02T14:42:11.510175+00:00
2014-03-10,82.35,https://cdn.cboe.com/api/global/us_indices/daily_prices/VVIX_History.csv,2026-10-02T14:42:11.510175+00:00
2014-03-11,85.12,https://cdn.cboe.com/api/global/us_indices/daily_prices/VVIX_History.csv,2026-10-02T14:42:11.510175+00:00
2014-03-12,83.45,https://cdn.cboe.com/api/global/us_indices/daily_prices/VVIX_History.csv,2026-10-02T14:42:11.510175+00:00
2014-03-13,92.14,https://cdn.cboe.com/api/global/us_indices/daily_prices/VVIX_History.csv,2026-10-02T14:42:11.510175+00:00
2014-03-14,97.11,https://cdn.cboe.com/api/global/us_indices/daily_prices/VVIX_History.csv,2026-10-02T14:42:11.510175+00:00
2014-03-17,87.79,https://cdn.cboe.com/api/global/us_indices/daily_prices/VVIX_History.csv,2026-10-02T14:42:11.510175+00:00
2014-03-18,81.89,https://cdn.cboe.com/api/global/us_indices/daily_prices/VVIX_History.csv,2026-10-02T14:42:11.510175+00:00
2014-03-19,81.35,https://cdn.cboe.com/api/global/us_indices/daily_prices/VVIX_History.csv,2026-10-02T14:42:11.510175+00:00
2014-03-20,77.03,https://cdn.cboe.com/api/global/us_indices/daily_prices/VVIX_History.csv,2026-10-02T14:42:11.510175+00:00
2014-03-21,78.64,https://cdn.cboe.com/api/global/us_indices/daily_prices/VVIX_History.csv,2026-10-02T14:42:11.510175+00:00
2014-03-24,77.29,https://cdn.cboe.com/api/global/us_indices/daily_prices/VVIX_History.csv,2026-10-02T14:42:11.510175+00:00
2014-03-25,74.77,https://cdn.cboe.com/api/global/us_indices/daily_prices/VVIX_History.csv,2026-10-02T14:42:11.510175+00:00
2014-03-26,76.27,https://cdn.cboe.com/api/global/us_indices/daily_prices/VVIX_History.csv,2026-10-02T14:42:11.510175+00:00
2014-03-27,74.71,https://cdn.cboe.com/api/global/us_indices/daily_prices/VVIX_History.csv,2026-10-02T14:42:11.510175+00:00
2014-03-28,74.86,https://cdn.cboe.com/api/global/us_indices/daily_prices/VVIX_History.csv,2026-10-02T14:42:11.510175+00:00
2014-03-31,72.2,https://cdn.cboe.com/api/global/us_indices/daily_prices/VVIX_History.csv,2026-10-02T14:42:11.510175+00:00
2014-04-01,67.51,https://cdn.cboe.com/api/global/us_indices/daily_prices/VVIX_History.csv,2026-10-02T14:42:11.510175+00:00
2014-04-02,67.33,https://cdn.cboe.com/api/global/us_indices/daily_prices/VVIX_History.csv,2026-10-02T14:42:11.510175+00:00
2014-04-03,67.73,https://cdn.cboe.com/api/global/us_indices/daily_prices/VVIX_History.csv,2026-10-02T14:42:11.510175+00:00
2014-04-04,69.53,https://cdn.cboe.com/api/global/us_indices/daily_prices/VVIX_History.csv,2026-10-02T14:42:11.510175+00:00
2014-04-07,74.51,https://cdn.cboe.com/api/global/us_indices/daily_prices/VVIX_History.csv,2026-10-02T14:42:11.510175+00:00
2014-04-08,71.43,https://cdn.cboe.com/api/global/us_indices/daily_prices/VVIX_History.csv,2026-10-02T14:42:11.510175+00:00
2014-04-09,69.19,https://cdn.cboe.com/api/global/us_indices/daily_prices/VVIX_History.csv,2026-10-02T14:42:11.510175+00:00
2014-04-10,78.56,https://cdn.cboe.com/api/global/us_indices/daily_prices/VVIX_History.csv,2026-10-02T14:42:11.510175+00:00
2014-04-11,83.94,https://cdn.cboe.com/api/global/us_indices/daily_prices/VVIX_History.csv,2026-10-02T14:42:11.510175+00:00
2014-04-14,82.2,https://cdn.cboe.com/api/global/us_indices/daily_prices/VVIX_History.csv,2026-10-02T14:42:11.510175+00:00
2014-04-15,80.67,https://cdn.cboe.com/api/global/us_indices/daily_prices/VVIX_History.csv,2026-10-02T14:42:11.510175+00:00
2014-04-16,72.08,https://cdn.cboe.com/api/global/us_indices/daily_prices/VVIX_History.csv,2026-10-02T14:42:11.510175+00:00
2014-04-17,70.08,https://cdn.cboe.com/api/global/us_indices/daily_prices/VVIX_History.csv,2026-10-02T14:42:11.510175+00:00
2014-04-21,68.62,https://cdn.cboe.com/api/global/us_indices/daily_prices/VVIX_History.csv,2026-10-02T14:42:11.510175+00:00
2014-04-22,66.74,https://cdn.cboe.com/api/global/us_indices/daily_prices/VVIX_History.csv,2026-10-02T14:42:11.510175+00:00
2014-04-23,66.22,https://cdn.cboe.com/api/global/us_indices/daily_prices/VVIX_History.csv,2026-10-02T14:42:11.510175+00:00
2014-04-24,68.75,https://cdn.cboe.com/api/global/us_indices/daily_prices/VVIX_History.csv,2026-10-02T14:42:11.510175+00:00
2014-04-25,70.49,https://cdn.cboe.com/api/global/us_indices/daily_prices/VVIX_History.csv,2026-10-02T14:42:11.510175+00:00
2014-04-28,67.63,https://cdn.cboe.com/api/global/us_indices/daily_prices/VVIX_History.csv,2026-10-02T14:42:11.510175+00:00
2014-04-29,65.47,https://cdn.cboe.com/api/global/us_indices/daily_prices/VVIX_History.csv,2026-10-02T14:42:11.510175+00:00
2014-04-30,64.49,https://cdn.cboe.com/api/global/us_indices/daily_prices/VVIX_History.csv,2026-10-02T14:42:11.510175+00:00
2014-05-01,64.5,https://cdn.cboe.com/api/global/us_indices/daily_prices/VVIX_History.csv,2026-10-02T14:42:11.510175+00:00
2014-05-02,64.54,https://cdn.cboe.com/api/global/us_indices/daily_prices/VVIX_History.csv,2026-10-02T14:42:11.510175+00:00
2014-05-05,64.4,https://cdn.cboe.com/api/global/us_indices/daily_prices/VVIX_History.csv,2026-10-02T14:42:11.510175+00:00
2014-05-06,64.93,https://cdn.cboe.com/api/global/us_indices/daily_prices/VVIX_History.csv,2026-10-02T14:42:11.510175+00:00
2014-05-07,62.64,https://cdn.cboe.com/api/global/us_indices/daily_prices/VVIX_History.csv,2026-10-02T14:42:11.510175+00:00
2014-05-08,62.16,https://cdn.cboe.com/api/global/us_indices/daily_prices/VVIX_History.csv,2026-10-02T14:42:11.510175+00:00
2014-05-09,61.76,https://cdn.cboe.com/api/global/us_indices/daily_prices/VVIX_History.csv,2026-10-02T14:42:11.510175+00:00
2014-05-12,61.76,https://cdn.cboe.com/api/global/us_indices/daily_prices/VVIX_History.csv,2026-10-02T14:42:11.510175+00:00
2014-05-13,61.76,https://cdn.cboe.com/api/global/us_indices/daily_prices/VVIX_History.csv,2026-10-02T14:42:11.510175+00:00
2014-05-14,69.03,https://cdn.cboe.com/api/global/us_indices/daily_prices/VVIX_History.csv,2026-10-02T14:42:11.510175+00:00
2014-05-15,71.6,https://cdn.cboe.com/api/global/us_indices/daily_prices/VVIX_History.csv,2026-10-02T14:42:11.510175+00:00
2014-05-16,68.72,https://cdn.cboe.com/api/global/us_indices/daily_prices/VVIX_History.csv,2026-10-02T14:42:11.510175+00:00
2014-05-19,67.58,https://cdn.cboe.com/api/global/us_indices/daily_prices/VVIX_History.csv,2026-10-02T14:42:11.510175+00:00
2014-05-20,68.77,https://cdn.cboe.com/api/global/us_indices/daily_prices/VVIX_History.csv,2026-10-02T14:42:11.510175+00:00
2014-05-21,66.56,https://cdn.cboe.com/api/global/us_indices/daily_prices/VVIX_History.csv,2026-10-02T14:42:11.510175+00:00
2014-05-22,68.06,https://cdn.cboe.com/api/global/us_indices/daily_prices/VVIX_History.csv,2026-10-02T14:42:11.510175+00:00
2014-05-23,66.86,https://cdn.cboe.com/api/global/us_indices/daily_prices/VVIX_History.csv,2026-10-02T14:42:11.510175+00:00
2014-05-27,64.95,https://cdn.cboe.com/api/global/us_indices/daily_prices/VVIX_History.csv,2026-10-02T14:42:11.510175+00:00
2014-05-28,67.37,https://cdn.cboe.com/api/global/us_indices/daily_prices/VVIX_History.csv,2026-10-02T14:42:11.510175+00:00
2014-05-29,66.93,https://cdn.cboe.com/api/global/us_indices/daily_prices/VVIX_History.csv,2026-10-02T14:42:11.510175+00:00
2014-05-30,67.95,https://cdn.cboe.com/api/global/us_indices/daily_prices/VVIX_History.csv,2026-10-02T14:42:11.510175+00:00
2014-06-02,68.76,https://cdn.cboe.com/api/global/us_indices/daily_prices/VVIX_History.csv,2026-10-02T14:42:11.510175+00:00
2014-06-03,68.19,https://cdn.cboe.com/api/global/us_indices/daily_prices/VVIX_History.csv,2026-10-02T14:42:11.510175+00:00
2014-06-04,67.67,https://cdn.cboe.com/api/global/us_indices/daily_prices/VVIX_History.csv,2026-10-02T14:42:11.510175+00:00
2014-06-05,65.47,https://cdn.cboe.com/api/global/us_indices/daily_prices/VVIX_History.csv,2026-10-02T14:42:11.510175+00:00
2014-06-06,67.08,https://cdn.cboe.com/api/global/us_indices/daily_prices/VVIX_History.csv,2026-10-02T14:42:11.510175+00:00
2014-06-09,70.88,https://cdn.cboe.com/api/global/us_indices/daily_prices/VVIX_History.csv,2026-10-02T14:42:11.510175+00:00
2014-06-10,70.5,https://cdn.cboe.com/api/global/us_indices/daily_prices/VVIX_History.csv,2026-10-02T14:42:11.510175+00:00
2014-06-11,74.21,https://cdn.cboe.com/api/global/us_indices/daily_prices/VVIX_History.csv,2026-10-02T14:42:11.510175+00:00
2014-06-12,79.97,https://cdn.cboe.com/api/global/us_indices/daily_prices/VVIX_History.csv,2026-10-02T14:42:11.510175+00:00
2014-06-13,79.81,https://cdn.cboe.com/api/global/us_indices/daily_prices/VVIX_History.csv,2026-10-02T14:42:11.510175+00:00
2014-06-16,81.5,https://cdn.cboe.com/api/global/us_indices/daily_prices/VVIX_History.csv,2026-10-02T14:42:11.510175+00:00
2014-06-17,78.41,https://cdn.cboe.com/api/global/us_indices/daily_prices/VVIX_History.csv,2026-10-02T14:42:11.510175+00:00
2014-06-18,71.76,https://cdn.cboe.com/api/global/us_indices/daily_prices/VVIX_History.csv,2026-10-02T14:42:11.510175+00:00
2014-06-19,73.41,https://cdn.cboe.com/api/global/us_indices/daily_prices/VVIX_History.csv,2026-10-02T14:42:11.510175+00:00
2014-06-20,73.33,https://cdn.cboe.com/api/global/us_indices/daily_prices/VVIX_History.csv,2026-10-02T14:42:11.510175+00:00
2014-06-23,72.58,https://cdn.cboe.com/api/global/us_indices/daily_prices/VVIX_History.csv,2026-10-02T14:42:11.510175+00:00
2014-06-24,75.24,https://cdn.cboe.com/api/global/us_indices/daily_prices/VVIX_History.csv,2026-10-02T14:42:11.510175+00:00
2014-06-25,72.31,https://cdn.cboe.com/api/global/us_indices/daily_prices/VVIX_History.csv,2026-10-02T14:42:11.510175+00:00
2014-06-26,72.86,https://cdn.cboe.com/api/global/us_indices/daily_prices/VVIX_History.csv,2026-10-02T14:42:11.510175+00:00
2014-06-27,72.72,https://cdn.cboe.com/api/global/us_indices/daily_prices/VVIX_History.csv,2026-10-02T14:42:11.510175+00:00
2014-06-30,71.56,https://cdn.cboe.com/api/global/us_indices/daily_prices/VVIX_History.csv,2026-10-02T14:42:11.510175+00:00
2014-07-01,69.28,https://cdn.cboe.com/api/global/us_indices/daily_prices/VVIX_History.csv,2026-10-02T14:42:11.510175+00:00
2014-07-02,68.15,https://cdn.cboe.com/api/global/us_indices/daily_prices/VVIX_History.csv,2026-10-02T14:42:11.510175+00:00
2014-07-03,68.35,https://cdn.cboe.com/api/global/us_indices/daily_prices/VVIX_History.csv,2026-10-02T14:42:11.510175+00:00
2014-07-07,71.66,https://cdn.cboe.com/api/global/us_indices/daily_prices/VVIX_History.csv,2026-10-02T14:42:11.510175+00:00
2014-07-08,73.21,https://cdn.cboe.com/api/global/us_indices/daily_prices/VVIX_History.csv,2026-10-02T14:42:11.510175+00:00
2014-07-09,76.28,https://cdn.cboe.com/api/global/us_indices/daily_prices/VVIX_History.csv,2026-10-02T14:42:11.510175+00:00
2014-07-10,82.14,https://cdn.cboe.com/api/global/us_indices/daily_prices/VVIX_History.csv,2026-10-02T14:42:11.510175+00:00
2014-07-11,79.91,https://cdn.cboe.com/api/global/us_indices/daily_prices/VVIX_History.csv,2026-10-02T14:42:11.510175+00:00
2014-07-14,77.29,https://cdn.cboe.com/api/global/us_indices/daily_prices/VVIX_History.csv,2026-10-02T14:42:11.510175+00:00
2014-07-15,78.92,https://cdn.cboe.com/api/global/us_indices/daily_prices/VVIX_History.csv,2026-10-02T14:42:11.510175+00:00
2014-07-16,75.81,https://cdn.cboe.com/api/global/us_indices/daily_prices/VVIX_History.csv,2026-10-02T14:42:11.510175+00:00
2014-07-17,89.96,https://cdn.cboe.com/api/global/us_indices/daily_prices/VVIX_History.csv,2026-10-02T14:42:11.510175+00:00
2014-07-18,80.37,https://cdn.cboe.com/api/global/us_indices/daily_prices/VVIX_History.csv,2026-10-02T14:42:11.510175+00:00
2014-07-21,81.41,https://cdn.cboe.com/api/global/us_indices/daily_prices/VVIX_History.csv,2026-10-02T14:42:11.510175+00:00
2014-07-22,75.22,https://cdn.cboe.com/api/global/us_indices/daily_prices/VVIX_History.csv,2026-10-02T14:42:11.510175+00:00
2014-07-23,76.64,https://cdn.cboe.com/api/global/us_indices/daily_prices/VVIX_History.csv,2026-10-02T14:42:11.510175+00:00
2014-07-24,77.66,https://cdn.cboe.com/api/global/us_indices/daily_prices/VVIX_History.csv,2026-10-02T14:42:11.510175+00:00
2014-07-25,81.08,https://cdn.cboe.com/api/global/us_indices/daily_prices/VVIX_History.csv,2026-10-02T14:42:11.510175+00:00
2014-07-28,81.21,https://cdn.cboe.com/api/global/us_indices/daily_prices/VVIX_History.csv,2026-10-02T14:42:11.510175+00:00
2014-07-29,81.72,https://cdn.cboe.com/api/global/us_indices/daily_prices/VVIX_History.csv,2026-10-02T14:42:11.510175+00:00
2014-07-30,83.58,https://cdn.cboe.com/api/global/us_indices/daily_prices/VVIX_History.csv,2026-10-02T14:42:11.510175+00:00
2014-07-31,97.42,https://cdn.cboe.com/api/global/us_indices/daily_prices/VVIX_History.csv,2026-10-02T14:42:11.510175+00:00
2014-08-01,101.11,https://cdn.cboe.com/api/global/us_indices/daily_prices/VVIX_History.csv,2026-10-02T14:42:11.510175+00:00
2014-08-04,93.12,https://cdn.cboe.com/api/global/us_indices/daily_prices/VVIX_History.csv,2026-10-02T14:42:11.510175+00:00
2014-08-05,98.32,https://cdn.cboe.com/api/global/us_indices/daily_prices/VVIX_History.csv,2026-10-02T14:42:11.510175+00:00
2014-08-06,96.38,https://cdn.cboe.com/api/global/us_indices/daily_prices/VVIX_History.csv,2026-10-02T14:42:11.510175+00:00
2014-08-07,97.4,https://cdn.cboe.com/api/global/us_indices/daily_prices/VVIX_History.csv,2026-10-02T14:42:11.510175+00:00
2014-08-08,91.84,https://cdn.cboe.com/api/global/us_indices/daily_prices/VVIX_History.csv,2026-10-02T14:42:11.510175+00:00
2014-08-11,87.54,https://cdn.cboe.com/api/global/us_indices/daily_prices/VVIX_History.csv,2026-10-02T14:42:11.510175+00:00
2014-08-12,85.98,https://cdn.cboe.com/api/global/us_indices/daily_prices/VVIX_History.csv,2026-10-02T14:42:11.510175+00:00
2014-08-13,81.27,https://cdn.cboe.com/api/global/us_indices/daily_prices/VVIX_History.csv,2026-10-02T14:42:11.510175+00:00
2014-08-14,78.48,https://cdn.cboe.com/api/global/us_indices/daily_prices/VVIX_History.csv,2026-10-02T14:42:11.510175+00:00
2014-08-15,82.2,https://cdn.cboe.com/api/global/us_indices/daily_prices/VVIX_History.csv,2026-10-02T14:42:11.510175+00:00
2014-08-18,81.02,https://cdn.cboe.com/api/global/us_indices/daily_prices/VVIX_History.csv,2026-10-02T14:42:11.510175+00:00
2014-08-19,80.84,https://cdn.cboe.com/api/global/us_indices/daily_prices/VVIX_History.csv,2026-10-02T14:42:11.510175+00:00
2014-08-20,79.9,https://cdn.cboe.com/api/global/us_indices/daily_prices/VVIX_History.csv,2026-10-02T14:42:11.510175+00:00
2014-08-21,79.61,https://cdn.cboe.com/api/global/us_indices/daily_prices/VVIX_History.csv,2026-10-02T14:42:11.510175+00:00
2014-08-22,79.58,https://cdn.cboe.com/api/global/us_indices/daily_prices/VVIX_History.csv,2026-10-02T14:42:11.510175+00:00
2014-08-25,79.33,https://cdn.cboe.com/api/global/us_indices/daily_prices/VVIX_History.csv,2026-10-02T14:42:11.510175+00:00
2014-08-26,79.39,https://cdn.cboe.com/api/global/us_indices/daily_prices/VVIX_History.csv,2026-10-02T14:42:11.510175+00:00
2014-08-27,78.85,https://cdn.cboe.com/api/global/us_indices/daily_prices/VVIX_History.csv,2026-10-02T14:42:11.510175+00:00
2014-08-28,80.53,https://cdn.cboe.com/api/global/us_indices/daily_prices/VVIX_History.csv,2026-10-02T14:42:11.510175+00:00
2014-08-29,81.11,https://cdn.cboe.com/api/global/us_indices/daily_prices/VVIX_History.csv,2026-10-02T14:42:11.510175+00:00
2014-09-02,82.41,https://cdn.cboe.com/api/global/us_indices/daily_prices/VVIX_History.csv,2026-10-02T14:42:11.510175+00:00
2014-09-03,80.77,https://cdn.cboe.com/api/global/us_indices/daily_prices/VVIX_History.csv,2026-10-02T14:42:11.510175+00:00
2014-09-04,79.99,https://cdn.cboe.com/api/global/us_indices/daily_prices/VVIX_History.csv,2026-10-02T14:42:11.510175+00:00
2014-09-05,77.33,https://cdn.cboe.com/api/global/us_indices/daily_prices/VVIX_History.csv,2026-10-02T14:42:11.510175+00:00
2014-09-08,77.84,https://cdn.cboe.com/api/global/us_indices/daily_prices/VVIX_History.csv,2026-10-02T14:42:11.510175+00:00
2014-09-09,79.3,https://cdn.cboe.com/api/global/us_indices/daily_prices/VVIX_History.csv,2026-10-02T14:42:11.510175+00:00
2014-09-10,82.12,https://cdn.cboe.com/api/global/us_indices/daily_prices/VVIX_History.csv,2026-10-02T14:42:11.510175+00:00
2014-09-11,83.1,https://cdn.cboe.com/api/global/us_indices/daily_prices/VVIX_History.csv,2026-10-02T14:42:11.510175+00:00
2014-09-12,89.25,https://cdn.cboe.com/api/global/us_indices/daily_prices/VVIX_History.csv,2026-10-02T14:42:11.510175+00:00
2014-09-15,91.58,https://cdn.cboe.com/api/global/us_indices/daily_prices/VVIX_History.csv,2026-10-02T14:42:11.510175+00:00
2014-09-16,84.52,https://cdn.cboe.com/api/global/us_indices/daily_prices/VVIX_History.csv,2026-10-02T14:42:11.510175+00:00
2014-09-17,81.52,https://cdn.cboe.com/api/global/us_indices/daily_prices/VVIX_History.csv,2026-10-02T14:42:11.510175+00:00
2014-09-18,77.47,https://cdn.cboe.com/api/global/us_indices/daily_prices/VVIX_History.csv,2026-10-02T14:42:11.510175+00:00
2014-09-19,77.7,https://cdn.cboe.com/api/global/us_indices/daily_prices/VVIX_History.csv,2026-10-02T14:42:11.510175+00:00
2014-09-22,87.41,https://cdn.cboe.com/api/global/us_indices/daily_prices/VVIX_History.csv,2026-10-02T14:42:11.510175+00:00
2014-09-23,91.9,https://cdn.cboe.com/api/global/us_indices/daily_prices/VVIX_History.csv,2026-10-02T14:42:11.510175+00:00
2014-09-24,86.21,https://cdn.cboe.com/api/global/us_indices/daily_prices/VVIX_History.csv,2026-10-02T14:42:11.510175+00:00
2014-09-25,96.72,https://cdn.cboe.com/api/global/us_indices/daily_prices/VVIX_History.csv,2026-10-02T14:42:11.510175+00:00
2014-09-26,90.63,https://cdn.cboe.com/api/global/us_indices/daily_prices/VVIX_History.csv,2026-10-02T14:42:11.510175+00:00
2014-09-29,95.02,https://cdn.cboe.com/api/global/us_indices/daily_prices/VVIX_History.csv,2026-10-02T14:42:11.510175+00:00
2014-09-30,92.47,https://cdn.cboe.com/api/global/us_indices/daily_prices/VVIX_History.csv,2026-10-02T14:42:11.510175+00:00
2014-10-01,98.12,https://cdn.cboe.com/api/global/us_indices/daily_prices/VVIX_History.csv,2026-10-02T14:42:11.510175+00:00
2014-10-02,93.75,https://cdn.cboe.com/api/global/us_indices/daily_prices/VVIX_History.csv,2026-10-02T14:42:11.510175+00:00
2014-10-03,87.77,https://cdn.cboe.com/api/global/us_indices/daily_prices/VVIX_History.csv,2026-10-02T14:42:11.510175+00:00
2014-10-06,88.73,https://cdn.cboe.com/api/global/us_indices/daily_prices/VVIX_History.csv,2026-10-02T14:42:11.510175+00:00
2014-10-07,99.2,https://cdn.cboe.com/api/global/us_indices/daily_prices/VVIX_History.csv,2026-10-02T14:42:11.510175+00:00
2014-10-08,89.08,https://cdn.cboe.com/api/global/us_indices/daily_prices/VVIX_History.csv,2026-10-02T14:42:11.510175+00:00
2014-10-09,102.13,https://cdn.cboe.com/api/global/us_indices/daily_prices/VVIX_History.csv,2026-10-02T14:42:11.510175+00:00
2014-10-10,113.38,https://cdn.cboe.com/api/global/us_indices/daily_prices/VVIX_History.csv,2026-10-02T14:42:11.510175+00:00
2014-10-13,131.57,https://cdn.cboe.com/api/global/us_indices/daily_prices/VVIX_History.csv,2026-10-02T14:42:11.510175+00:00
2014-10-14,120.61,https://cdn.cboe.com/api/global/us_indices/daily_prices/VVIX_History.csv,2026-10-02T14:42:11.510175+00:00
2014-10-15,129.01,https://cdn.cboe.com/api/global/us_indices/daily_prices/VVIX_History.csv,2026-10-02T14:42:11.510175+00:00
2014-10-16,121.94,https://cdn.cboe.com/api/global/us_indices/daily_prices/VVIX_History.csv,2026-10-02T14:42:11.510175+00:00
2014-10-17,118.84,https://cdn.cboe.com/api/global/us_indices/daily_prices/VVIX_History.csv,2026-10-02T14:42:11.510175+00:00
2014-10-20,108.83,https://cdn.cboe.com/api/global/us_indices/daily_prices/VVIX_History.csv,2026-10-02T14:42:11.510175+00:00
2014-10-21,104.09,https://cdn.cboe.com/api/global/us_indices/daily_prices/VVIX_History.csv,2026-10-02T14:42:11.510175+00:00
2014-10-22,108.82,https://cdn.cboe.com/api/global/us_indices/daily_prices/VVIX_History.csv,2026-10-02T14:42:11.510175+00:00
2014-10-23,102.05,https://cdn.cboe.com/api/global/us_indices/daily_prices/VVIX_History.csv,2026-10-02T14:42:11.510175+00:00
2014-10-24,104.38,https://cdn.cboe.com/api/global/us_indices/daily_prices/VVIX_History.csv,2026-10-02T14:42:11.510175+00:00
2014-10-27,100.75,https://cdn.cboe.com/api/global/us_indices/daily_prices/VVIX_History.csv,2026-10-02T14:42:11.510175+00:00
2014-10-28,95.89,https://cdn.cboe.com/api/global/us_indices/daily_prices/VVIX_History.csv,2026-10-02T14:42:11.510175+00:00
2014-10-29,99.34,https://cdn.cboe.com/api/global/us_indices/daily_prices/VVIX_History.csv,2026-10-02T14:42:11.510175+00:00
2014-10-30,98.52,https://cdn.cboe.com/api/global/us_indices/daily_prices/VVIX_History.csv,2026-10-02T14:42:11.510175+00:00
2014-10-31,94.1,https://cdn.cboe.com/api/global/us_indices/daily_prices/VVIX_History.csv,2026-10-02T14:42:11.510175+00:00
2014-11-03,93.19,https://cdn.cboe.com/api/global/us_indices/daily_prices/VVIX_History.csv,2026-10-02T14:42:11.510175+00:00
2014-11-04,92.44,https://cdn.cboe.com/api/global/us_indices/daily_prices/VVIX_History.csv,2026-10-02T14:42:11.510175+00:00
2014-11-05,87.08,https://cdn.cboe.com/api/global/us_indices/daily_prices/VVIX_History.csv,2026-10-02T14:42:11.510175+00:00
2014-11-06,83.42,https://cdn.cboe.com/api/global/us_indices/daily_prices/VVIX_History.csv,2026-10-02T14:42:11.510175+00:00
2014-11-07,80.44,https://cdn.cboe.com/api/global/us_indices/daily_prices/VVIX_History.csv,2026-10-02T14:42:11.510175+00:00
2014-11-10,79.7,https://cdn.cboe.com/api/global/us_indices/daily_prices/VVIX_History.csv,2026-10-02T14:42:11.510175+00:00
2014-11-11,79.79,https://cdn.cboe.com/api/global/us_indices/daily_prices/VVIX_History.csv,2026-10-02T14:42:11.510175+00:00
2014-11-12,83.1,https://cdn.cboe.com/api/global/us_indices/daily_prices/VVIX_History.csv,2026-10-02T14:42:11.510175+00:00
2014-11-13,86.29,https://cdn.cboe.com/api/global/us_indices/daily_prices/VVIX_History.csv,2026-10-02T14:42:11.510175+00:00
2014-11-14,85.58,https://cdn.cboe.com/api/global/us_indices/daily_prices/VVIX_History.csv,2026-10-02T14:42:11.510175+00:00
2014-11-17,84.79,https://cdn.cboe.com/api/global/us_indices/daily_prices/VVIX_History.csv,2026-10-02T14:42:11.510175+00:00
2014-11-18,82.6,https://cdn.cboe.com/api/global/us_indices/daily_prices/VVIX_History.csv,2026-10-02T14:42:11.510175+00:00
2014-11-19,81.06,https://cdn.cboe.com/api/global/us_indices/daily_prices/VVIX_History.csv,2026-10-02T14:42:11.510175+00:00
2014-11-20,79.14,https://cdn.cboe.com/api/global/us_indices/daily_prices/VVIX_History.csv,2026-10-02T14:42:11.510175+00:00
2014-11-21,79.34,https://cdn.cboe.com/api/global/us_indices/daily_prices/VVIX_History.csv,2026-10-02T14:42:11.510175+00:00
2014-11-24,79.25,https://cdn.cboe.com/api/global/us_indices/daily_prices/VVIX_History.csv,2026-10-02T14:42:11.510175+00:00
2014-11-25,77.93,https://cdn.cboe.com/api/global/us_indices/daily_prices/VVIX_History.csv,2026-10-02T14:42:11.510175+00:00
2014-11-26,77.04,https://cdn.cboe.com/api/global/us_indices/daily_prices/VVIX_History.csv,2026-10-02T14:42:11.510175+00:00
2014-11-28,79.84,https://cdn.cboe.com/api/global/us_indices/daily_prices/VVIX_History.csv,2026-10-02T14:42:11.510175+00:00
2014-12-01,86.84,https://cdn.cboe.com/api/global/us_indices/daily_prices/VVIX_History.csv,2026-10-02T14:42:11.510175+00:00
2014-12-02,83.47,https://cdn.cboe.com/api/global/us_indices/daily_prices/VVIX_History.csv,2026-10-02T14:42:11.510175+00:00
2014-12-03,86.45,https://cdn.cboe.com/api/global/us_indices/daily_prices/VVIX_History.csv,2026-10-02T14:42:11.510175+00:00
2014-12-04,85.17,https://cdn.cboe.com/api/global/us_indices/daily_prices/VVIX_History.csv,2026-10-02T14:42:11.510175+00:00
2014-12-05,85.41,https://cdn.cboe.com/api/global/us_indices/daily_prices/VVIX_History.csv,2026-10-02T14:42:11.510175+00:00
2014-12-08,94.45,https://cdn.cboe.com/api/global/us_indices/daily_prices/VVIX_History.csv,2026-10-02T14:42:11.510175+00:00
2014-12-09,97.13,https://cdn.cboe.com/api/global/us_indices/daily_prices/VVIX_History.csv,2026-10-02T14:42:11.510175+00:00
2014-12-10,117.32,https://cdn.cboe.com/api/global/us_indices/daily_prices/VVIX_History.csv,2026-10-02T14:42:11.510175+00:00
2014-12-11,132.4,https://cdn.cboe.com/api/global/us_indices/daily_prices/VVIX_History.csv,2026-10-02T14:42:11.510175+00:00
2014-12-12,138.6,https://cdn.cboe.com/api/global/us_indices/daily_prices/VVIX_History.csv,2026-10-02T14:42:11.510175+00:00
2014-12-15,128.22,https://cdn.cboe.com/api/global/us_indices/daily_prices/VVIX_History.csv,2026-10-02T14:42:11.510175+00:00
2014-12-16,132.94,https://cdn.cboe.com/api/global/us_indices/daily_prices/VVIX_History.csv,2026-10-02T14:42:11.510175+00:00
2014-12-17,114.37,https://cdn.cboe.com/api/global/us_indices/daily_prices/VVIX_History.csv,2026-10-02T14:42:11.510175+00:00
2014-12-18,107.24,https://cdn.cboe.com/api/global/us_indices/daily_prices/VVIX_History.csv,2026-10-02T14:42:11.510175+00:00
2014-12-19,99.17,https://cdn.cboe.com/api/global/us_indices/daily_prices/VVIX_History.csv,2026-10-02T14:42:11.510175+00:00
2014-12-22,99.69,https://cdn.cboe.com/api/global/us_indices/daily_prices/VVIX_History.csv,2026-10-02T14:42:11.510175+00:00
2014-12-23,94.73,https://cdn.cboe.com/api/global/us_indices/daily_prices/VVIX_History.csv,2026-10-02T14:42:11.510175+00:00
2014-12-24,95.29,https://cdn.cboe.com/api/global/us_indices/daily_prices/VVIX_History.csv,2026-10-02T14:42:11.510175+00:00
2014-12-26,92.28,https://cdn.cboe.com/api/global/us_indices/daily_prices/VVIX_History.csv,2026-10-02T14:42:11.510175+00:00
2014-12-29,94.86,https://cdn.cboe.com/api/global/us_indices/daily_prices/VVIX_History.csv,2026-10-02T14:42:11.510175+00:00
2014-12-30,97.84,https://cdn.cboe.com/api/global/us_indices/daily_prices/VVIX_History.csv,2026-10-02T14:42:11.510175+00:00
2014-12-31,113.08,https://cdn.cboe.com/api/global/us_indices/daily_prices/VVIX_History.csv,2026-10-02T14:42:11.510175+00:00
2015-01-02,112.55,https://cdn.cboe.com/api/global/us_indices/daily_prices/VVIX_History.csv,2026-10-02T14:42:11.510175+00:00
2015-01-05,121.87,https://cdn.cboe.com/api/global/us_indices/daily_prices/VVIX_History.csv,2026-10-02T14:42:11.510175+00:00
2015-01-06,118.45,https://cdn.cboe.com/api/global/us_indices/daily_prices/VVIX_History.csv,2026-10-02T14:42:11.510175+00:00
2015-01-07,107.69,https://cdn.cboe.com/api/global/us_indices/daily_prices/VVIX_History.csv,2026-10-02T14:42:11.510175+00:00
2015-01-08,98.44,https://cdn.cboe.com/api/global/us_indices/daily_prices/VVIX_History.csv,2026-10-02T14:42:11.510175+00:00
2015-01-09,103.77,https://cdn.cboe.com/api/global/us_indices/daily_prices/VVIX_History.csv,2026-10-02T14:42:11.510175+00:00
2015-01-12,109.04,https://cdn.cboe.com/api/global/us_indices/daily_prices/VVIX_History.csv,2026-10-02T14:42:11.510175+00:00
2015-01-13,109.22,https://cdn.cboe.com/api/global/us_indices/daily_prices/VVIX_History.csv,2026-10-02T14:42:11.510175+00:00
2015-01-14,113.5,https://cdn.cboe.com/api/global/us_indices/daily_prices/VVIX_History.csv,2026-10-02T14:42:11.510175+00:00
2015-01-15,117.07,https://cdn.cboe.com/api/global/us_indices/daily_prices/VVIX_History.csv,2026-10-02T14:42:11.510175+00:00
2015-01-16,111.32,https://cdn.cboe.com/api/global/us_indices/daily_prices/VVIX_History.csv,2026-10-02T14:42:11.510175+00:00
2015-01-20,108.4,https://cdn.cboe.com/api/global/us_indices/daily_prices/VVIX_History.csv,2026-10-02T14:42:11.510175+00:00
2015-01-21,98.62,https://cdn.cboe.com/api/global/us_indices/daily_prices/VVIX_History.csv,2026-10-02T14:42:11.510175+00:00
2015-01-22,93.25,https://cdn.cboe.com/api/global/us_indices/daily_prices/VVIX_History.csv,2026-10-02T14:42:11.510175+00:00
2015-01-23,96.33,https://cdn.cboe.com/api/global/us_indices/daily_prices/VVIX_History.csv,2026-10-02T14:42:11.510175+00:00
2015-01-26,91.94,https://cdn.cboe.com/api/global/us_indices/daily_prices/VVIX_History.csv,2026-10-02T14:42:11.510175+00:00
2015-01-27,96.11,https://cdn.cboe.com/api/global/us_indices/daily_prices/VVIX_History.csv,2026-10-02T14:42:11.510175+00:00
2015-01-28,108.68,https://cdn.cboe.com/api/global/us_indices/daily_prices/VVIX_History.csv,2026-10-02T14:42:11.510175+00:00
2015-01-29,100.7,https://cdn.cboe.com/api/global/us_indices/daily_prices/VVIX_History.csv,2026-10-02T14:42:11.510175+00:00
2015-01-30,108.99,https://cdn.cboe.com/api/global/us_indices/daily_prices/VVIX_History.csv,2026-10-02T14:42:11.510175+00:00
2015-02-02,106.74,https://cdn.cboe.com/api/global/us_indices/daily_prices/VVIX_History.csv,2026-10-02T14:42:11.510175+00:00
2015-02-03,101.03,https://cdn.cboe.com/api/global/us_indices/daily_prices/VVIX_History.csv,2026-10-02T14:42:11.510175+00:00
2015-02-04,103.74,https://cdn.cboe.com/api/global/us_indices/daily_prices/VVIX_History.csv,2026-10-02T14:42:11.510175+00:00
2015-02-05,98.56,https://cdn.cboe.com/api/global/us_indices/daily_prices/VVIX_History.csv,2026-10-02T14:42:11.510175+00:00
2015-02-06,101.69,https://cdn.cboe.com/api/global/us_indices/daily_prices/VVIX_History.csv,2026-10-02T14:42:11.510175+00:00
2015-02-09,104.19,https://cdn.cboe.com/api/global/us_indices/daily_prices/VVIX_History.csv,2026-10-02T14:42:11.510175+00:00
2015-02-10,97.33,https://cdn.cboe.com/api/global/us_indices/daily_prices/VVIX_History.csv,2026-10-02T14:42:11.510175+00:00
2015-02-11,98.73,https://cdn.cboe.com/api/global/us_indices/daily_prices/VVIX_History.csv,2026-10-02T14:42:11.510175+00:00
2015-02-12,93.24,https://cdn.cboe.com/api/global/us_indices/daily_prices/VVIX_History.csv,2026-10-02T14:42:11.510175+00:00
2015-02-13,92.74,https://cdn.cboe.com/api/global/us_indices/daily_prices/VVIX_History.csv,2026-10-02T14:42:11.510175+00:00
2015-02-17,92.95,https://cdn.cboe.com/api/global/us_indices/daily_prices/VVIX_History.csv,2026-10-02T14:42:11.510175+00:00
2015-02-18,89.38,https://cdn.cboe.com/api/global/us_indices/daily_prices/VVIX_History.csv,2026-10-02T14:42:11.510175+00:00
2015-02-19,87.6,https://cdn.cboe.com/api/global/us_indices/daily_prices/VVIX_History.csv,2026-10-02T14:42:11.510175+00:00
2015-02-20,85.78,https://cdn.cboe.com/api/global/us_indices/daily_prices/VVIX_History.csv,2026-10-02T14:42:11.510175+00:00
2015-02-23,86.13,https://cdn.cboe.com/api/global/us_indices/daily_prices/VVIX_History.csv,2026-10-02T14:42:11.510175+00:00
2015-02-24,82.65,https://cdn.cboe.com/api/global/us_indices/daily_prices/VVIX_History.csv,2026-10-02T14:42:11.510175+00:00
2015-02-25,86.57,https://cdn.cboe.com/api/global/us_indices/daily_prices/VVIX_History.csv,2026-10-02T14:42:11.510175+00:00
2015-02-26,86.93,https://cdn.cboe.com/api/global/us_indices/daily_prices/VVIX_History.csv,2026-10-02T14:42:11.510175+00:00
2015-02-27,85.23,https://cdn.cboe.com/api/global/us_indices/daily_prices/VVIX_History.csv,2026-10-02T14:42:11.510175+00:00
2015-03-02,81.84,https://cdn.cboe.com/api/global/us_indices/daily_prices/VVIX_History.csv,2026-10-02T14:42:11.510175+00:00
2015-03-03,85.05,https://cdn.cboe.com/api/global/us_indices/daily_prices/VVIX_History.csv,2026-10-02T14:42:11.510175+00:00
2015-03-04,84.1,https://cdn.cboe.com/api/global/us_indices/daily_prices/VVIX_History.csv,2026-10-02T14:42:11.510175+00:00
2015-03-05,81.26,https://cdn.cboe.com/api/global/us_indices/daily_prices/VVIX_History.csv,2026-10-02T14:42:11.510175+00:00
2015-03-06,86.88,https://cdn.cboe.com/api/global/us_indices/daily_prices/VVIX_History.csv,2026-10-02T14:42:11.510175+00:00
2015-03-09,85.55,https://cdn.cboe.com/api/global/us_indices/daily_prices/VVIX_History.csv,2026-10-02T14:42:11.510175+00:00
2015-03-10,91.89,https://cdn.cboe.com/api/global/us_indices/daily_prices/VVIX_History.csv,2026-10-02T14:42:11.510175+00:00
2015-03-11,97.28,https://cdn.cboe.com/api/global/us_indices/daily_prices/VVIX_History.csv,2026-10-02T14:42:11.510175+00:00
2015-03-12,89.48,https://cdn.cboe.com/api/global/us_indices/daily_prices/VVIX_History.csv,2026-10-02T14:42:11.510175+00:00
2015-03-13,93.12,https://cdn.cboe.com/api/global/us_indices/daily_prices/VVIX_History.csv,2026-10-02T14:42:11.510175+00:00
2015-03-16,90.54,https://cdn.cboe.com/api/global/us_indices/daily_prices/VVIX_History.csv,2026-10-02T14:42:11.510175+00:00
2015-03-17,88.25,https://cdn.cboe.com/api/global/us_indices/daily_prices/VVIX_History.csv,2026-10-02T14:42:11.510175+00:00
2015-03-18,81.22,https://cdn.cboe.com/api/global/us_indices/daily_prices/VVIX_History.csv,2026-10-02T14:42:11.510175+00:00
2015-03-19,81.61,https://cdn.cboe.com/api/global/us_indices/daily_prices/VVIX_History.csv,2026-10-02T14:42:11.510175+00:00
2015-03-20,80.49,https://cdn.cboe.com/api/global/us_indices/daily_prices/VVIX_History.csv,2026-10-02T14:42:11.510175+00:00
2015-03-23,79.98,https://cdn.cboe.com/api/global/us_indices/daily_prices/VVIX_History.csv,2026-10-02T14:42:11.510175+00:00
2015-03-24,80.04,https://cdn.cboe.com/api/global/us_indices/daily_prices/VVIX_History.csv,2026-10-02T14:42:11.510175+00:00
2015-03-25,83.52,https://cdn.cboe.com/api/global/us_indices/daily_prices/VVIX_History.csv,2026-10-02T14:42:11.510175+00:00
2015-03-26,87.03,https://cdn.cboe.com/api/global/us_indices/daily_prices/VVIX_History.csv,2026-10-02T14:42:11.510175+00:00
2015-03-27,86.5,https://cdn.cboe.com/api/global/us_indices/daily_prices/VVIX_History.csv,2026-10-02T14:42:11.510175+00:00
2015-03-30,82.16,https://cdn.cboe.com/api/global/us_indices/daily_prices/VVIX_History.csv,2026-10-02T14:42:11.510175+00:00
2015-03-31,84.01,https://cdn.cboe.com/api/global/us_indices/daily_prices/VVIX_History.csv,2026-10-02T14:42:11.510175+00:00
2015-04-01,82.82,https://cdn.cboe.com/api/global/us_indices/daily_prices/VVIX_History.csv,2026-10-02T14:42:11.510175+00:00
2015-04-02,80.21,https://cdn.cboe.com/api/global/us_indices/daily_prices/VVIX_History.csv,2026-10-02T14:42:11.510175+00:00
2015-04-06,80.3,https://cdn.cboe.com/api/global/us_indices/daily_prices/VVIX_History.csv,2026-10-02T14:42:11.510175+00:00
2015-04-07,79.7,https://cdn.cboe.com/api/global/us_indices/daily_prices/VVIX_History.csv,2026-10-02T14:42:11.510175+00:00
2015-04-08,84.76,https://cdn.cboe.com/api/global/us_indices/daily_prices/VVIX_History.csv,2026-10-02T14:42:11.510175+00:00
2015-04-09,80.71,https://cdn.cboe.com/api/global/us_indices/daily_prices/VVIX_History.csv,2026-10-02T14:42:11.510175+00:00
2015-04-10,78.91,https://cdn.cboe.com/api/global/us_indices/daily_prices/VVIX_History.csv,2026-10-02T14:42:11.510175+00:00
2015-04-13,83.8,https://cdn.cboe.com/api/global/us_indices/daily_prices/VVIX_History.csv,2026-10-02T14:42:11.510175+00:00
2015-04-14,81.91,https://cdn.cboe.com/api/global/us_indices/daily_prices/VVIX_History.csv,2026-10-02T14:42:11.510175+00:00
2015-04-15,79.83,https://cdn.cboe.com/api/global/us_indices/daily_prices/VVIX_History.csv,2026-10-02T14:42:11.510175+00:00
2015-04-16,79.78,https://cdn.cboe.com/api/global/us_indices/daily_prices/VVIX_History.csv,2026-10-02T14:42:11.510175+00:00
2015-04-17,85.97,https://cdn.cboe.com/api/global/us_indices/daily_prices/VVIX_History.csv,2026-10-02T14:42:11.510175+00:00
2015-04-20,81.48,https://cdn.cboe.com/api/global/us_indices/daily_prices/VVIX_History.csv,2026-10-02T14:42:11.510175+00:00
2015-04-21,81.29,https://cdn.cboe.com/api/global/us_indices/daily_prices/VVIX_History.csv,2026-10-02T14:42:11.510175+00:00
2015-04-22,79.7,https://cdn.cboe.com/api/global/us_indices/daily_prices/VVIX_History.csv,2026-10-02T14:42:11.510175+00:00
2015-04-23,78.17,https://cdn.cboe.com/api/global/us_indices/daily_prices/VVIX_History.csv,2026-10-02T14:42:11.510175+00:00
2015-04-24,76.43,https://cdn.cboe.com/api/global/us_indices/daily_prices/VVIX_History.csv,2026-10-02T14:42:11.510175+00:00
2015-04-27,81.22,https://cdn.cboe.com/api/global/us_indices/daily_prices/VVIX_History.csv,2026-10-02T14:42:11.510175+00:00
2015-04-28,77.68,https://cdn.cboe.com/api/global/us_indices/daily_prices/VVIX_History.csv,2026-10-02T14:42:11.510175+00:00
2015-04-29,82.27,https://cdn.cboe.com/api/global/us_indices/daily_prices/VVIX_History.csv,2026-10-02T14:42:11.510175+00:00
2015-04-30,87.08,https://cdn.cboe.com/api/global/us_indices/daily_prices/VVIX_History.csv,2026-10-02T14:42:11.510175+00:00
2015-05-01,79.64,https://cdn.cboe.com/api/global/us_indices/daily_prices/VVIX_History.csv,2026-10-02T14:42:11.510175+00:00
2015-05-04,78.56,https://cdn.cboe.com/api/global/us_indices/daily_prices/VVIX_History.csv,2026-10-02T14:42:11.510175+00:00
2015-05-05,84.45,https://cdn.cboe.com/api/global/us_indices/daily_prices/VVIX_History.csv,2026-10-02T14:42:11.510175+00:00
2015-05-06,90.8,https://cdn.cboe.com/api/global/us_indices/daily_prices/VVIX_History.csv,2026-10-02T14:42:11.510175+00:00
2015-05-07,89.21,https://cdn.cboe.com/api/global/us_indices/daily_prices/VVIX_History.csv,2026-10-02T14:42:11.510175+00:00
2015-05-08,79.44,https://cdn.cboe.com/api/global/us_indices/daily_prices/VVIX_History.csv,2026-10-02T14:42:11.510175+00:00
2015-05-11,83.11,https://cdn.cboe.com/api/global/us_indices/daily_prices/VVIX_History.csv,2026-10-02T14:42:11.510175+00:00
2015-05-12,84.64,https://cdn.cboe.com/api/global/us_indices/daily_prices/VVIX_History.csv,2026-10-02T14:42:11.510175+00:00
2015-05-13,84.45,https://cdn.cboe.com/api/global/us_indices/daily_prices/VVIX_History.csv,2026-10-02T14:42:11.510175+00:00
2015-05-14,82.34,https://cdn.cboe.com/api/global/us_indices/daily_prices/VVIX_History.csv,2026-10-02T14:42:11.510175+00:00
2015-05-15,80.93,https://cdn.cboe.com/api/global/us_indices/daily_prices/VVIX_History.csv,2026-10-02T14:42:11.510175+00:00
2015-05-18,82.06,https://cdn.cboe.com/api/global/us_indices/daily_prices/VVIX_History.csv,2026-10-02T14:42:11.510175+00:00
2015-05-19,77.53,https://cdn.cboe.com/api/global/us_indices/daily_prices/VVIX_History.csv,2026-10-02T14:42:11.510175+00:00
2015-05-20,77.03,https://cdn.cboe.com/api/global/us_indices/daily_prices/VVIX_History.csv,2026-10-02T14:42:11.510175+00:00
2015-05-21,73.18,https://cdn.cboe.com/api/global/us_indices/daily_prices/VVIX_History.csv,2026-10-02T14:42:11.510175+00:00
2015-05-22,75.98,https://cdn.cboe.com/api/global/us_indices/daily_prices/VVIX_History.csv,2026-10-02T14:42:11.510175+00:00
2015-05-26,81.94,https://cdn.cboe.com/api/global/us_indices/daily_prices/VVIX_History.csv,2026-10-02T14:42:11.510175+00:00
2015-05-27,77.79,https://cdn.cboe.com/api/global/us_indices/daily_prices/VVIX_History.csv,2026-10-02T14:42:11.510175+00:00
2015-05-28,77.35,https://cdn.cboe.com/api/global/us_indices/daily_prices/VVIX_History.csv,2026-10-02T14:42:11.510175+00:00
2015-05-29,79.07,https://cdn.cboe.com/api/global/us_indices/daily_prices/VVIX_History.csv,2026-10-02T14:42:11.510175+00:00
2015-06-01,78.89,https://cdn.cboe.com/api/global/us_indices/daily_prices/VVIX_History.csv,2026-10-02T14:42:11.510175+00:00
2015-06-02,80.61,https://cdn.cboe.com/api/global/us_indices/daily_prices/VVIX_History.csv,2026-10-02T14:42:11.510175+00:00
2015-06-03,79.27,https://cdn.cboe.com/api/global/us_indices/daily_prices/VVIX_History.csv,2026-10-02T14:42:11.510175+00:00
2015-06-04,87.99,https://cdn.cboe.com/api/global/us_indices/daily_prices/VVIX_History.csv,2026-10-02T14:42:11.510175+00:00
2015-06-05,84.1,https://cdn.cboe.com/api/global/us_indices/daily_prices/VVIX_History.csv,2026-10-02T14:42:11.510175+00:00
2015-06-08,86.5,https://cdn.cboe.com/api/global/us_indices/daily_prices/VVIX_History.csv,2026-10-02T14:42:11.510175+00:00
2015-06-09,84.34,https://cdn.cboe.com/api/global/us_indices/daily_prices/VVIX_History.csv,2026-10-02T14:42:11.510175+00:00
2015-06-10,81.6,https://cdn.cboe.com/api/global/us_indices/daily_prices/VVIX_History.csv,2026-10-02T14:42:11.510175+00:00
2015-06-11,79.53,https://cdn.cboe.com/api/global/us_indices/daily_prices/VVIX_History.csv,2026-10-02T14:42:11.510175+00:00
2015-06-12,85.55,https://cdn.cboe.com/api/global/us_indices/daily_prices/VVIX_History.csv,2026-10-02T14:42:11.510175+00:00
2015-06-15,96.12,https://cdn.cboe.com/api/global/us_indices/daily_prices/VVIX_History.csv,2026-10-02T14:42:11.510175+00:00
2015-06-16,95.96,https://cdn.cboe.com/api/global/us_indices/daily_prices/VVIX_History.csv,2026-10-02T14:42:11.510175+00:00
2015-06-17,93.19,https://cdn.cboe.com/api/global/us_indices/daily_prices/VVIX_History.csv,2026-10-02T14:42:11.510175+00:00
2015-06-18,89.2,https://cdn.cboe.com/api/global/us_indices/daily_prices/VVIX_History.csv,2026-10-02T14:42:11.510175+00:00
2015-06-19,92.16,https://cdn.cboe.com/api/global/us_indices/daily_prices/VVIX_History.csv,2026-10-02T14:42:11.510175+00:00
2015-06-22,83.87,https://cdn.cboe.com/api/global/us_indices/daily_prices/VVIX_History.csv,2026-10-02T14:42:11.510175+00:00
2015-06-23,78.85,https://cdn.cboe.com/api/global/us_indices/daily_prices/VVIX_History.csv,2026-10-02T14:42:11.510175+00:00
2015-06-24,82.53,https://cdn.cboe.com/api/global/us_indices/daily_prices/VVIX_History.csv,2026-10-02T14:42:11.510175+00:00
2015-06-25,83.51,https://cdn.cboe.com/api/global/us_indices/daily_prices/VVIX_History.csv,2026-10-02T14:42:11.510175+00:00
2015-06-26,83.09,https://cdn.cboe.com/api/global/us_indices/daily_prices/VVIX_History.csv,2026-10-02T14:42:11.510175+00:00
2015-06-29,117.0,https://cdn.cboe.com/api/global/us_indices/daily_prices/VVIX_History.csv,2026-10-02T14:42:11.510175+00:00
2015-06-30,110.17,https://cdn.cboe.com/api/global/us_indices/daily_prices/VVIX_History.csv,2026-10-02T14:42:11.510175+00:00
2015-07-01,97.6,https://cdn.cboe.com/api/global/us_indices/daily_prices/VVIX_History.csv,2026-10-02T14:42:11.510175+00:00
2015-07-02,105.14,https://cdn.cboe.com/api/global/us_indices/daily_prices/VVIX_History.csv,2026-10-02T14:42:11.510175+00:00
2015-07-06,105.97,https://cdn.cboe.com/api/global/us_indices/daily_prices/VVIX_History.csv,2026-10-02T14:42:11.510175+00:00
2015-07-07,99.35,https://cdn.cboe.com/api/global/us_indices/daily_prices/VVIX_History.csv,2026-10-02T14:42:11.510175+00:00
2015-07-08,111.67,https://cdn.cboe.com/api/global/us_indices/daily_prices/VVIX_History.csv,2026-10-02T14:42:11.510175+00:00
2015-07-09,115.36,https://cdn.cboe.com/api/global/us_indices/daily_prices/VVIX_History.csv,2026-10-02T14:42:11.510175+00:00
2015-07-10,101.19,https://cdn.cboe.com/api/global/us_indices/daily_prices/VVIX_History.csv,2026-10-02T14:42:11.510175+00:00
2015-07-13,85.95,https://cdn.cboe.com/api/global/us_indices/daily_prices/VVIX_History.csv,2026-10-02T14:42:11.510175+00:00
2015-07-14,87.35,https://cdn.cboe.com/api/global/us_indices/daily_prices/VVIX_History.csv,2026-10-02T14:42:11.510175+00:00
2015-07-15,90.81,https://cdn.cboe.com/api/global/us_indices/daily_prices/VVIX_History.csv,2026-10-02T14:42:11.510175+00:00
2015-07-16,87.12,https://cdn.cboe.com/api/global/us_indices/daily_prices/VVIX_History.csv,2026-10-02T14:42:11.510175+00:00
2015-07-17,85.32,https://cdn.cboe.com/api/global/us_indices/daily_prices/VVIX_History.csv,2026-10-02T14:42:11.510175+00:00
2015-07-20,84.38,https://cdn.cboe.com/api/global/us_indices/daily_prices/VVIX_History.csv,2026-10-02T14:42:11.510175+00:00
2015-07-21,82.56,https://cdn.cboe.com/api/global/us_indices/daily_prices/VVIX_History.csv,2026-10-02T14:42:11.510175+00:00
2015-07-22,78.89,https://cdn.cboe.com/api/global/us_indices/daily_prices/VVIX_History.csv,2026-10-02T14:42:11.510175+00:00
2015-07-23,81.44,https://cdn.cboe.com/api/global/us_indices/daily_prices/VVIX_History.csv,2026-10-02T14:42:11.510175+00:00
2015-07-24,88.36,https://cdn.cboe.com/api/global/us_indices/daily_prices/VVIX_History.csv,2026-10-02T14:42:11.510175+00:00
2015-07-27,97.32,https://cdn.cboe.com/api/global/us_indices/daily_prices/VVIX_History.csv,2026-10-02T14:42:11.510175+00:00
2015-07-28,84.77,https://cdn.cboe.com/api/global/us_indices/daily_prices/VVIX_History.csv,2026-10-02T14:42:11.510175+00:00
2015-07-29,82.94,https://cdn.cboe.com/api/global/us_indices/daily_prices/VVIX_History.csv,2026-10-02T14:42:11.510175+00:00
2015-07-30,80.65,https://cdn.cboe.com/api/global/us_indices/daily_prices/VVIX_History.csv,2026-10-02T14:42:11.510175+00:00
2015-07-31,81.77,https://cdn.cboe.com/api/global/us_indices/daily_prices/VVIX_History.csv,2026-10-02T14:42:11.510175+00:00
2015-08-03,79.43,https://cdn.cboe.com/api/global/us_indices/daily_prices/VVIX_History.csv,2026-10-02T14:42:11.510175+00:00
2015-08-04,80.82,https://cdn.cboe.com/api/global/us_indices/daily_prices/VVIX_History.csv,2026-10-02T14:42:11.510175+00:00
2015-08-05,80.1,https://cdn.cboe.com/api/global/us_indices/daily_prices/VVIX_History.csv,2026-10-02T14:42:11.510175+00:00
2015-08-06,84.36,https://cdn.cboe.com/api/global/us_indices/daily_prices/VVIX_History.csv,2026-10-02T14:42:11.510175+00:00
2015-08-07,82.57,https://cdn.cboe.com/api/global/us_indices/daily_prices/VVIX_History.csv,2026-10-02T14:42:11.510175+00:00
2015-08-10,80.21,https://cdn.cboe.com/api/global/us_indices/daily_prices/VVIX_History.csv,2026-10-02T14:42:11.510175+00:00
2015-08-11,85.22,https://cdn.cboe.com/api/global/us_indices/daily_prices/VVIX_History.csv,2026-10-02T14:42:11.510175+00:00
2015-08-12,88.13,https://cdn.cboe.com/api/global/us_indices/daily_prices/VVIX_History.csv,2026-10-02T14:42:11.510175+00:00
2015-08-13,88.36,https://cdn.cboe.com/api/global/us_indices/daily_prices/VVIX_History.csv,2026-10-02T14:42:11.510175+00:00
2015-08-14,89.38,https://cdn.cboe.com/api/global/us_indices/daily_prices/VVIX_History.csv,2026-10-02T14:42:11.510175+00:00
2015-08-17,87.35,https://cdn.cboe.com/api/global/us_indices/daily_prices/VVIX_History.csv,2026-10-02T14:42:11.510175+00:00
2015-08-18,88.84,https://cdn.cboe.com/api/global/us_indices/daily_prices/VVIX_History.csv,2026-10-02T14:42:11.510175+00:00
2015-08-19,91.84,https://cdn.cboe.com/api/global/us_indices/daily_prices/VVIX_History.csv,2026-10-02T14:42:11.510175+00:00
2015-08-20,108.75,https://cdn.cboe.com/api/global/us_indices/daily_prices/VVIX_History.csv,2026-10-02T14:42:11.510175+00:00
2015-08-21,138.57,https://cdn.cboe.com/api/global/us_indices/daily_prices/VVIX_History.csv,2026-10-02T14:42:11.510175+00:00
2015-08-24,168.75,https://cdn.cboe.com/api/global/us_indices/daily_prices/VVIX_History.csv,2026-10-02T14:42:11.510175+00:00
2015-08-25,152.42,https://cdn.cboe.com/api/global/us_indices/daily_prices/VVIX_History.csv,2026-10-02T14:42:11.510175+00:00
2015-08-26,134.31,https://cdn.cboe.com/api/global/us_indices/daily_prices/VVIX_History.csv,2026-10-02T14:42:11.510175+00:00
2015-08-27,128.59,https://cdn.cboe.com/api/global/us_indices/daily_prices/VVIX_History.csv,2026-10-02T14:42:11.510175+00:00
2015-08-28,127.18,https://cdn.cboe.com/api/global/us_indices/daily_prices/VVIX_History.csv,2026-10-02T14:42:11.510175+00:00
2015-08-31,127.28,https://cdn.cboe.com/api/global/us_indices/daily_prices/VVIX_History.csv,2026-10-02T14:42:11.510175+00:00
2015-09-01,128.94,https://cdn.cboe.com/api/global/us_indices/daily_prices/VVIX_History.csv,2026-10-02T14:42:11.510175+00:00
2015-09-02,114.43,https://cdn.cboe.com/api/global/us_indices/daily_prices/VVIX_History.csv,2026-10-02T14:42:11.510175+00:00
2015-09-03,118.16,https://cdn.cboe.com/api/global/us_indices/daily_prices/VVIX_History.csv,2026-10-02T14:42:11.510175+00:00
2015-09-04,123.15,https://cdn.cboe.com/api/global/us_indices/daily_prices/VVIX_History.csv,2026-10-02T14:42:11.510175+00:00
2015-09-08,117.62,https://cdn.cboe.com/api/global/us_indices/daily_prices/VVIX_History.csv,2026-10-02T14:42:11.510175+00:00
2015-09-09,131.3,https://cdn.cboe.com/api/global/us_indices/daily_prices/VVIX_History.csv,2026-10-02T14:42:11.510175+00:00
2015-09-10,127.06,https://cdn.cboe.com/api/global/us_indices/daily_prices/VVIX_History.csv,2026-10-02T14:42:11.510175+00:00
2015-09-11,119.09,https://cdn.cboe.com/api/global/us_indices/daily_prices/VVIX_History.csv,2026-10-02T14:42:11.510175+00:00
2015-09-14,118.01,https://cdn.cboe.com/api/global/us_indices/daily_prices/VVIX_History.csv,2026-10-02T14:42:11.510175+00:00
2015-09-15,109.34,https://cdn.cboe.com/api/global/us_indices/daily_prices/VVIX_History.csv,2026-10-02T14:42:11.510175+00:00
2015-09-16,107.02,https://cdn.cboe.com/api/global/us_indices/daily_prices/VVIX_History.csv,2026-10-02T14:42:11.510175+00:00
2015-09-17,118.09,https://cdn.cboe.com/api/global/us_indices/daily_prices/VVIX_History.csv,2026-10-02T14:42:11.510175+00:00
2015-09-18,116.26,https://cdn.cboe.com/api/global/us_indices/daily_prices/VVIX_History.csv,2026-10-02T14:42:11.510175+00:00
2015-09-21,103.4,https://cdn.cboe.com/api/global/us_indices/daily_prices/VVIX_History.csv,2026-10-02T14:42:11.510175+00:00
2015-09-22,111.36,https://cdn.cboe.com/api/global/us_indices/daily_prices/VVIX_History.csv,2026-10-02T14:42:11.510175+00:00
2015-09-23,105.86,https://cdn.cboe.com/api/global/us_indices/daily_prices/VVIX_History.csv,2026-10-02T14:42:11.510175+00:00
2015-09-24,110.12,https://cdn.cboe.com/api/global/us_indices/daily_prices/VVIX_History.csv,2026-10-02T14:42:11.510175+00:00
2015-09-25,110.54,https://cdn.cboe.com/api/global/us_indices/daily_prices/VVIX_History.csv,2026-10-02T14:42:11.510175+00:00
2015-09-28,115.31,https://cdn.cboe.com/api/global/us_indices/daily_prices/VVIX_History.csv,2026-10-02T14:42:11.510175+00:00
2015-09-29,110.99,https://cdn.cboe.com/api/global/us_indices/daily_prices/VVIX_History.csv,2026-10-02T14:42:11.510175+00:00
2015-09-30,103.28,https://cdn.cboe.com/api/global/us_indices/daily_prices/VVIX_History.csv,2026-10-02T14:42:11.510175+00:00
2015-10-01,98.27,https://cdn.cboe.com/api/global/us_indices/daily_prices/VVIX_History.csv,2026-10-02T14:42:11.510175+00:00
2015-10-02,95.07,https://cdn.cboe.com/api/global/us_indices/daily_prices/VVIX_History.csv,2026-10-02T14:42:11.510175+00:00
2015-10-05,92.29,https://cdn.cboe.com/api/global/us_indices/daily_prices/VVIX_History.csv,2026-10-02T14:42:11.510175+00:00
2015-10-06,92.46,https://cdn.cboe.com/api/global/us_indices/daily_prices/VVIX_History.csv,2026-10-02T14:42:11.510175+00:00
2015-10-07,89.43,https://cdn.cboe.com/api/global/us_indices/daily_prices/VVIX_History.csv,2026-10-02T14:42:11.510175+00:00
2015-10-08,88.42,https://cdn.cboe.com/api/global/us_indices/daily_prices/VVIX_History.csv,2026-10-02T14:42:11.510175+00:00
2015-10-09,89.08,https://cdn.cboe.com/api/global/us_indices/daily_prices/VVIX_History.csv,2026-10-02T14:42:11.510175+00:00
2015-10-12,88.27,https://cdn.cboe.com/api/global/us_indices/daily_prices/VVIX_History.csv,2026-10-02T14:42:11.510175+00:00
2015-10-13,98.35,https://cdn.cboe.com/api/global/us_indices/daily_prices/VVIX_History.csv,2026-10-02T14:42:11.510175+00:00
2015-10-14,102.29,https://cdn.cboe.com/api/global/us_indices/daily_prices/VVIX_History.csv,2026-10-02T14:42:11.510175+00:00
2015-10-15,96.61,https://cdn.cboe.com/api/global/us_indices/daily_prices/VVIX_History.csv,2026-10-02T14:42:11.510175+00:00
2015-10-16,97.58,https://cdn.cboe.com/api/global/us_indices/daily_prices/VVIX_History.csv,2026-10-02T14:42:11.510175+00:00
2015-10-19,94.38,https://cdn.cboe.com/api/global/us_indices/daily_prices/VVIX_History.csv,2026-10-02T14:42:11.510175+00:00
2015-10-20,97.11,https://cdn.cboe.com/api/global/us_indices/daily_prices/VVIX_History.csv,2026-10-02T14:42:11.510175+00:00
2015-10-21,106.02,https://cdn.cboe.com/api/global/us_indices/daily_prices/VVIX_History.csv,2026-10-02T14:42:11.510175+00:00
2015-10-22,97.07,https://cdn.cboe.com/api/global/us_indices/daily_prices/VVIX_History.csv,2026-10-02T14:42:11.510175+00:00
2015-10-23,97.21,https://cdn.cboe.com/api/global/us_indices/daily_prices/VVIX_History.csv,2026-10-02T14:42:11.510175+00:00
2015-10-26,98.1,https://cdn.cboe.com/api/global/us_indices/daily_prices/VVIX_History.csv,2026-10-02T14:42:11.510175+00:00
2015-10-27,95.21,https://cdn.cboe.com/api/global/us_indices/daily_prices/VVIX_History.csv,2026-10-02T14:42:11.510175+00:00
2015-10-28,88.28,https://cdn.cboe.com/api/global/us_indices/daily_prices/VVIX_History.csv,2026-10-02T14:42:11.510175+00:00
2015-10-29,88.6,https://cdn.cboe.com/api/global/us_indices/daily_prices/VVIX_History.csv,2026-10-02T14:42:11.510175+00:00
2015-10-30,90.27,https://cdn.cboe.com/api/global/us_indices/daily_prices/VVIX_History.csv,2026-10-02T14:42:11.510175+00:00
2015-11-02,86.75,https://cdn.cboe.com/api/global/us_indices/daily_prices/VVIX_History.csv,2026-10-02T14:42:11.510175+00:00
2015-11-03,87.34,https://cdn.cboe.com/api/global/us_indices/daily_prices/VVIX_History.csv,2026-10-02T14:42:11.510175+00:00
2015-11-04,89.46,https://cdn.cboe.com/api/global/us_indices/daily_prices/VVIX_History.csv,2026-10-02T14:42:11.510175+00:00
2015-11-05,87.68,https://cdn.cboe.com/api/global/us_indices/daily_prices/VVIX_History.csv,2026-10-02T14:42:11.510175+00:00
2015-11-06,85.03,https://cdn.cboe.com/api/global/us_indices/daily_prices/VVIX_History.csv,2026-10-02T14:42:11.510175+00:00
2015-11-09,92.97,https://cdn.cboe.com/api/global/us_indices/daily_prices/VVIX_History.csv,2026-10-02T14:42:11.510175+00:00
2015-11-10,86.96,https://cdn.cboe.com/api/global/us_indices/daily_prices/VVIX_History.csv,2026-10-02T14:42:11.510175+00:00
2015-11-11,91.25,https://cdn.cboe.com/api/global/us_indices/daily_prices/VVIX_History.csv,2026-10-02T14:42:11.510175+00:00
2015-11-12,98.19,https://cdn.cboe.com/api/global/us_indices/daily_prices/VVIX_History.csv,2026-10-02T14:42:11.510175+00:00
2015-11-13,106.06,https://cdn.cboe.com/api/global/us_indices/daily_prices/VVIX_History.csv,2026-10-02T14:42:11.510175+00:00
2015-11-16,96.71,https://cdn.cboe.com/api/global/us_indices/daily_prices/VVIX_History.csv,2026-10-02T14:42:11.510175+00:00
2015-11-17,100.37,https://cdn.cboe.com/api/global/us_indices/daily_prices/VVIX_History.csv,2026-10-02T14:42:11.510175+00:00
2015-11-18,93.47,https://cdn.cboe.com/api/global/us_indices/daily_prices/VVIX_History.csv,2026-10-02T14:42:11.510175+00:00
2015-11-19,96.18,https://cdn.cboe.com/api/global/us_indices/daily_prices/VVIX_History.csv,2026-10-02T14:42:11.510175+00:00
2015-11-20,90.79,https://cdn.cboe.com/api/global/us_indices/daily_prices/VVIX_History.csv,2026-10-02T14:42:11.510175+00:00
2015-11-23,88.55,https://cdn.cboe.com/api/global/us_indices/daily_prices/VVIX_History.csv,2026-10-02T14:42:11.510175+00:00
2015-11-24,89.64,https://cdn.cboe.com/api/global/us_indices/daily_prices/VVIX_History.csv,2026-10-02T14:42:11.510175+00:00
2015-11-25,86.14,https://cdn.cboe.com/api/global/us_indices/daily_prices/VVIX_History.csv,2026-10-02T14:42:11.510175+00:00
2015-11-27,88.35,https://cdn.cboe.com/api/global/us_indices/daily_prices/VVIX_History.csv,2026-10-02T14:42:11.510175+00:00
2015-11-30,90.84,https://cdn.cboe.com/api/global/us_indices/daily_prices/VVIX_History.csv,2026-10-02T14:42:11.510175+00:00
2015-12-01,87.32,https://cdn.cboe.com/api/global/us_indices/daily_prices/VVIX_History.csv,2026-10-02T14:42:11.510175+00:00
2015-12-02,92.94,https://cdn.cboe.com/api/global/us_indices/daily_prices/VVIX_History.csv,2026-10-02T14:42:11.510175+00:00
2015-12-03,101.8,https://cdn.cboe.com/api/global/us_indices/daily_prices/VVIX_History.csv,2026-10-02T14:42:11.510175+00:00
2015-12-04,89.19,https://cdn.cboe.com/api/global/us_indices/daily_prices/VVIX_History.csv,2026-10-02T14:42:11.510175+00:00
2015-12-07,94.3,https://cdn.cboe.com/api/global/us_indices/daily_prices/VVIX_History.csv,2026-10-02T14:42:11.510175+00:00
2015-12-08,99.16,https://cdn.cboe.com/api/global/us_indices/daily_prices/VVIX_History.csv,2026-10-02T14:42:11.510175+00:00
2015-12-09,113.83,https://cdn.cboe.com/api/global/us_indices/daily_prices/VVIX_History.csv,2026-10-02T14:42:11.510175+00:00
2015-12-10,113.8,https://cdn.cboe.com/api/global/us_indices/daily_prices/VVIX_History.csv,2026-10-02T14:42:11.510175+00:00
2015-12-11,131.09,https://cdn.cboe.com/api/global/us_indices/daily_prices/VVIX_History.csv,2026-10-02T14:42:11.510175+00:00
2015-12-14,122.22,https://cdn.cboe.com/api/global/us_indices/daily_prices/VVIX_History.csv,2026-10-02T14:42:11.510175+00:00
2015-12-15,114.37,https://cdn.cboe.com/api/global/us_indices/daily_prices/VVIX_History.csv,2026-10-02T14:42:11.510175+00:00
2015-12-16,108.93,https://cdn.cboe.com/api/global/us_indices/daily_prices/VVIX_History.csv,2026-10-02T14:42:11.510175+00:00
2015-12-17,113.52,https://cdn.cboe.com/api/global/us_indices/daily_prices/VVIX_History.csv,2026-10-02T14:42:11.510175+00:00
2015-12-18,118.32,https://cdn.cboe.com/api/global/us_indices/daily_prices/VVIX_History.csv,2026-10-02T14:42:11.510175+00:00
2015-12-21,109.44,https://cdn.cboe.com/api/global/us_indices/daily_prices/VVIX_History.csv,2026-10-02T14:42:11.510175+00:00
2015-12-22,100.91,https://cdn.cboe.com/api/global/us_indices/daily_prices/VVIX_History.csv,2026-10-02T14:42:11.510175+00:00
2015-12-23,99.61,https://cdn.cboe.com/api/global/us_indices/daily_prices/VVIX_History.csv,2026-10-02T14:42:11.510175+00:00
2015-12-24,99.88,https://cdn.cboe.com/api/global/us_indices/daily_prices/VVIX_History.csv,2026-10-02T14:42:11.510175+00:00
2015-12-28,99.24,https://cdn.cboe.com/api/global/us_indices/daily_prices/VVIX_History.csv,2026-10-02T14:42:11.510175+00:00
2015-12-29,95.13,https://cdn.cboe.com/api/global/us_indices/daily_prices/VVIX_History.csv,2026-10-02T14:42:11.510175+00:00
2015-12-30,100.82,https://cdn.cboe.com/api/global/us_indices/daily_prices/VVIX_History.csv,2026-10-02T14:42:11.510175+00:00
2015-12-31,100.2,https://cdn.cboe.com/api/global/us_indices/daily_prices/VVIX_History.csv,2026-10-02T14:42:11.510175+00:00
2016-01-04,107.69,https://cdn.cboe.com/api/global/us_indices/daily_prices/VVIX_History.csv,2026-10-02T14:42:11.510175+00:00
2016-01-05,101.84,https://cdn.cboe.com/api/global/us_indices/daily_prices/VVIX_History.csv,2026-10-02T14:42:11.510175+00:00
2016-01-06,103.06,https://cdn.cboe.com/api/global/us_indices/daily_prices/VVIX_History.csv,2026-10-02T14:42:11.510175+00:00
2016-01-07,116.55,https://cdn.cboe.com/api/global/us_indices/daily_prices/VVIX_History.csv,2026-10-02T14:42:11.510175+00:00
2016-01-08,116.46,https://cdn.cboe.com/api/global/us_indices/daily_prices/VVIX_History.csv,2026-10-02T14:42:11.510175+00:00
2016-01-11,109.63,https://cdn.cboe.com/api/global/us_indices/daily_prices/VVIX_History.csv,2026-10-02T14:42:11.510175+00:00
2016-01-12,104.52,https://cdn.cboe.com/api/global/us_indices/daily_prices/VVIX_History.csv,2026-10-02T14:42:11.510175+00:00
2016-01-13,117.14,https://cdn.cboe.com/api/global/us_indices/daily_prices/VVIX_History.csv,2026-10-02T14:42:11.510175+00:00
2016-01-14,110.07,https://cdn.cboe.com/api/global/us_indices/daily_prices/VVIX_History.csv,2026-10-02T14:42:11.510175+00:00
2016-01-15,116.41,https://cdn.cboe.com/api/global/us_indices/daily_prices/VVIX_History.csv,2026-10-02T14:42:11.510175+00:00
2016-01-19,113.76,https://cdn.cboe.com/api/global/us_indices/daily_prices/VVIX_History.csv,2026-10-02T14:42:11.510175+00:00
2016-01-20,112.88,https://cdn.cboe.com/api/global/us_indices/daily_prices/VVIX_History.csv,2026-10-02T14:42:11.510175+00:00
2016-01-21,108.38,https://cdn.cboe.com/api/global/us_indices/daily_prices/VVIX_History.csv,2026-10-02T14:42:11.510175+00:00
2016-01-22,98.92,https://cdn.cboe.com/api/global/us_indices/daily_prices/VVIX_History.csv,2026-10-02T14:42:11.510175+00:00
2016-01-25,102.88,https://cdn.cboe.com/api/global/us_indices/daily_prices/VVIX_History.csv,2026-10-02T14:42:11.510175+00:00
2016-01-26,98.4,https://cdn.cboe.com/api/global/us_indices/daily_prices/VVIX_History.csv,2026-10-02T14:42:11.510175+00:00
2016-01-27,100.04,https://cdn.cboe.com/api/global/us_indices/daily_prices/VVIX_History.csv,2026-10-02T14:42:11.510175+00:00
2016-01-28,96.56,https://cdn.cboe.com/api/global/us_indices/daily_prices/VVIX_History.csv,2026-10-02T14:42:11.510175+00:00
2016-01-29,89.95,https://cdn.cboe.com/api/global/us_indices/daily_prices/VVIX_History.csv,2026-10-02T14:42:11.510175+00:00
2016-02-01,89.65,https://cdn.cboe.com/api/global/us_indices/daily_prices/VVIX_History.csv,2026-10-02T14:42:11.510175+00:00
2016-02-02,97.6,https://cdn.cboe.com/api/global/us_indices/daily_prices/VVIX_History.csv,2026-10-02T14:42:11.510175+00:00
2016-02-03,97.32,https://cdn.cboe.com/api/global/us_indices/daily_prices/VVIX_History.csv,2026-10-02T14:42:11.510175+00:00
2016-02-04,95.22,https://cdn.cboe.com/api/global/us_indices/daily_prices/VVIX_History.csv,2026-10-02T14:42:11.510175+00:00
2016-02-05,100.55,https://cdn.cboe.com/api/global/us_indices/daily_prices/VVIX_History.csv,2026-10-02T14:42:11.510175+00:00
2016-02-08,104.53,https://cdn.cboe.com/api/global/us_indices/daily_prices/VVIX_History.csv,2026-10-02T14:42:11.510175+00:00
2016-02-09,103.06,https://cdn.cboe.com/api/global/us_indices/daily_prices/VVIX_History.csv,2026-10-02T14:42:11.510175+00:00
2016-02-10,106.19,https://cdn.cboe.com/api/global/us_indices/daily_prices/VVIX_History.csv,2026-10-02T14:42:11.510175+00:00
2016-02-11,107.21,https://cdn.cboe.com/api/global/us_indices/daily_prices/VVIX_History.csv,2026-10-02T14:42:11.510175+00:00
2016-02-12,103.25,https://cdn.cboe.com/api/global/us_indices/daily_prices/VVIX_History.csv,2026-10-02T14:42:11.510175+00:00
2016-02-16,94.2,https://cdn.cboe.com/api/global/us_indices/daily_prices/VVIX_History.csv,2026-10-02T14:42:11.510175+00:00
2016-02-17,88.96,https://cdn.cboe.com/api/global/us_indices/daily_prices/VVIX_History.csv,2026-10-02T14:42:11.510175+00:00
2016-02-18,87.53,https://cdn.cboe.com/api/global/us_indices/daily_prices/VVIX_History.csv,2026-10-02T14:42:11.510175+00:00
2016-02-19,86.25,https://cdn.cboe.com/api/global/us_indices/daily_prices/VVIX_History.csv,2026-10-02T14:42:11.510175+00:00
2016-02-22,86.19,https://cdn.cboe.com/api/global/us_indices/daily_prices/VVIX_History.csv,2026-10-02T14:42:11.510175+00:00
2016-02-23,89.67,https://cdn.cboe.com/api/global/us_indices/daily_prices/VVIX_History.csv,2026-10-02T14:42:11.510175+00:00
2016-02-24,86.74,https://cdn.cboe.com/api/global/us_indices/daily_prices/VVIX_History.csv,2026-10-02T14:42:11.510175+00:00
2016-02-25,83.51,https://cdn.cboe.com/api/global/us_indices/daily_prices/VVIX_History.csv,2026-10-02T14:42:11.510175+00:00
2016-02-26,83.72,https://cdn.cboe.com/api/global/us_indices/daily_prices/VVIX_History.csv,2026-10-02T14:42:11.510175+00:00
2016-02-29,85.06,https://cdn.cboe.com/api/global/us_indices/daily_prices/VVIX_History.csv,2026-10-02T14:42:11.510175+00:00
2016-03-01,79.45,https://cdn.cboe.com/api/global/us_indices/daily_prices/VVIX_History.csv,2026-10-02T14:42:11.510175+00:00
2016-03-02,78.84,https://cdn.cboe.com/api/global/us_indices/daily_prices/VVIX_History.csv,2026-10-02T14:42:11.510175+00:00
2016-03-03,79.41,https://cdn.cboe.com/api/global/us_indices/daily_prices/VVIX_History.csv,2026-10-02T14:42:11.510175+00:00
2016-03-04,81.97,https://cdn.cboe.com/api/global/us_indices/daily_prices/VVIX_History.csv,2026-10-02T14:42:11.510175+00:00
2016-03-07,82.3,https://cdn.cboe.com/api/global/us_indices/daily_prices/VVIX_History.csv,2026-10-02T14:42:11.510175+00:00
2016-03-08,87.46,https://cdn.cboe.com/api/global/us_indices/daily_prices/VVIX_History.csv,2026-10-02T14:42:11.510175+00:00
2016-03-09,92.86,https://cdn.cboe.com/api/global/us_indices/daily_prices/VVIX_History.csv,2026-10-02T14:42:11.510175+00:00
2016-03-10,94.77,https://cdn.cboe.com/api/global/us_indices/daily_prices/VVIX_History.csv,2026-10-02T14:42:11.510175+00:00
2016-03-11,92.35,https://cdn.cboe.com/api/global/us_indices/daily_prices/VVIX_History.csv,2026-10-02T14:42:11.510175+00:00
2016-03-14,89.74,https://cdn.cboe.com/api/global/us_indices/daily_prices/VVIX_History.csv,2026-10-02T14:42:11.510175+00:00
2016-03-15,90.34,https://cdn.cboe.com/api/global/us_indices/daily_prices/VVIX_History.csv,2026-10-02T14:42:11.510175+00:00
2016-03-16,84.37,https://cdn.cboe.com/api/global/us_indices/daily_prices/VVIX_History.csv,2026-10-02T14:42:11.510175+00:00
2016-03-17,84.71,https://cdn.cboe.com/api/global/us_indices/daily_prices/VVIX_History.csv,2026-10-02T14:42:11.510175+00:00
2016-03-18,86.2,https://cdn.cboe.com/api/global/us_indices/daily_prices/VVIX_History.csv,2026-10-02T14:42:11.510175+00:00
2016-03-21,87.78,https://cdn.cboe.com/api/global/us_indices/daily_prices/VVIX_History.csv,2026-10-02T14:42:11.510175+00:00
2016-03-22,85.04,https://cdn.cboe.com/api/global/us_indices/daily_prices/VVIX_History.csv,2026-10-02T14:42:11.510175+00:00
2016-03-23,86.06,https://cdn.cboe.com/api/global/us_indices/daily_prices/VVIX_History.csv,2026-10-02T14:42:11.510175+00:00
2016-03-24,84.2,https://cdn.cboe.com/api/global/us_indices/daily_prices/VVIX_History.csv,2026-10-02T14:42:11.510175+00:00
2016-03-28,83.29,https://cdn.cboe.com/api/global/us_indices/daily_prices/VVIX_History.csv,2026-10-02T14:42:11.510175+00:00
2016-03-29,81.39,https://cdn.cboe.com/api/global/us_indices/daily_prices/VVIX_History.csv,2026-10-02T14:42:11.510175+00:00
2016-03-30,80.33,https://cdn.cboe.com/api/global/us_indices/daily_prices/VVIX_History.csv,2026-10-02T14:42:11.510175+00:00
2016-03-31,82.94,https://cdn.cboe.com/api/global/us_indices/daily_prices/VVIX_History.csv,2026-10-02T14:42:11.510175+00:00
2016-04-01,81.57,https://cdn.cboe.com/api/global/us_indices/daily_prices/VVIX_History.csv,2026-10-02T14:42:11.510175+00:00
2016-04-04,84.43,https://cdn.cboe.com/api/global/us_indices/daily_prices/VVIX_History.csv,2026-10-02T14:42:11.510175+00:00
2016-04-05,89.11,https://cdn.cboe.com/api/global/us_indices/daily_prices/VVIX_History.csv,2026-10-02T14:42:11.510175+00:00
2016-04-06,85.59,https://cdn.cboe.com/api/global/us_indices/daily_prices/VVIX_History.csv,2026-10-02T14:42:11.510175+00:00
2016-04-07,92.74,https://cdn.cboe.com/api/global/us_indices/daily_prices/VVIX_History.csv,2026-10-02T14:42:11.510175+00:00
2016-04-08,89.73,https://cdn.cboe.com/api/global/us_indices/daily_prices/VVIX_History.csv,2026-10-02T14:42:11.510175+00:00
2016-04-11,92.81,https://cdn.cboe.com/api/global/us_indices/daily_prices/VVIX_History.csv,2026-10-02T14:42:11.510175+00:00
2016-04-12,89.78,https://cdn.cboe.com/api/global/us_indices/daily_prices/VVIX_History.csv,2026-10-02T14:42:11.510175+00:00
2016-04-13,87.89,https://cdn.cboe.com/api/global/us_indices/daily_prices/VVIX_History.csv,2026-10-02T14:42:11.510175+00:00
2016-04-14,87.92,https://cdn.cboe.com/api/global/us_indices/daily_prices/VVIX_History.csv,2026-10-02T14:42:11.510175+00:00
2016-04-15,90.27,https://cdn.cboe.com/api/global/us_indices/daily_prices/VVIX_History.csv,2026-10-02T14:42:11.510175+00:00
2016-04-18,86.57,https://cdn.cboe.com/api/global/us_indices/daily_prices/VVIX_History.csv,2026-10-02T14:42:11.510175+00:00
2016-04-19,86.98,https://cdn.cboe.com/api/global/us_indices/daily_prices/VVIX_History.csv,2026-10-02T14:42:11.510175+00:00
2016-04-20,87.97,https://cdn.cboe.com/api/global/us_indices/daily_prices/VVIX_History.csv,2026-10-02T14:42:11.510175+00:00
2016-04-21,87.07,https://cdn.cboe.com/api/global/us_indices/daily_prices/VVIX_History.csv,2026-10-02T14:42:11.510175+00:00
2016-04-22,84.1,https://cdn.cboe.com/api/global/us_indices/daily_prices/VVIX_History.csv,2026-10-02T14:42:11.510175+00:00
2016-04-25,85.77,https://cdn.cboe.com/api/global/us_indices/daily_prices/VVIX_History.csv,2026-10-02T14:42:11.510175+00:00
2016-04-26,84.51,https://cdn.cboe.com/api/global/us_indices/daily_prices/VVIX_History.csv,2026-10-02T14:42:11.510175+00:00
2016-04-27,83.1,https://cdn.cboe.com/api/global/us_indices/daily_prices/VVIX_History.csv,2026-10-02T14:42:11.510175+00:00
2016-04-28,87.36,https://cdn.cboe.com/api/global/us_indices/daily_prices/VVIX_History.csv,2026-10-02T14:42:11.510175+00:00
2016-04-29,91.68,https://cdn.cboe.com/api/global/us_indices/daily_prices/VVIX_History.csv,2026-10-02T14:42:11.510175+00:00
2016-05-02,89.49,https://cdn.cboe.com/api/global/us_indices/daily_prices/VVIX_History.csv,2026-10-02T14:42:11.510175+00:00
2016-05-03,91.66,https://cdn.cboe.com/api/global/us_indices/daily_prices/VVIX_History.csv,2026-10-02T14:42:11.510175+00:00
2016-05-04,91.86,https://cdn.cboe.com/api/global/us_indices/daily_prices/VVIX_History.csv,2026-10-02T14:42:11.510175+00:00
2016-05-05,91.58,https://cdn.cboe.com/api/global/us_indices/daily_prices/VVIX_History.csv,2026-10-02T14:42:11.510175+00:00
2016-05-06,88.86,https://cdn.cboe.com/api/global/us_indices/daily_prices/VVIX_History.csv,2026-10-02T14:42:11.510175+00:00
2016-05-09,86.42,https://cdn.cboe.com/api/global/us_indices/daily_prices/VVIX_History.csv,2026-10-02T14:42:11.510175+00:00
2016-05-10,85.92,https://cdn.cboe.com/api/global/us_indices/daily_prices/VVIX_History.csv,2026-10-02T14:42:11.510175+00:00
2016-05-11,91.53,https://cdn.cboe.com/api/global/us_indices/daily_prices/VVIX_History.csv,2026-10-02T14:42:11.510175+00:00
2016-05-12,91.25,https://cdn.cboe.com/api/global/us_indices/daily_prices/VVIX_History.csv,2026-10-02T14:42:11.510175+00:00
2016-05-13,94.0,https://cdn.cboe.com/api/global/us_indices/daily_prices/VVIX_History.csv,2026-10-02T14:42:11.510175+00:00
2016-05-16,90.61,https://cdn.cboe.com/api/global/us_indices/daily_prices/VVIX_History.csv,2026-10-02T14:42:11.510175+00:00
2016-05-17,91.76,https://cdn.cboe.com/api/global/us_indices/daily_prices/VVIX_History.csv,2026-10-02T14:42:11.510175+00:00
2016-05-18,89.99,https://cdn.cboe.com/api/global/us_indices/daily_prices/VVIX_History.csv,2026-10-02T14:42:11.510175+00:00
2016-05-19,90.46,https://cdn.cboe.com/api/global/us_indices/daily_prices/VVIX_History.csv,2026-10-02T14:42:11.510175+00:00
2016-05-20,85.46,https://cdn.cboe.com/api/global/us_indices/daily_prices/VVIX_History.csv,2026-10-02T14:42:11.510175+00:00
2016-05-23,84.12,https://cdn.cboe.com/api/global/us_indices/daily_prices/VVIX_History.csv,2026-10-02T14:42:11.510175+00:00
2016-05-24,79.48,https://cdn.cboe.com/api/global/us_indices/daily_prices/VVIX_History.csv,2026-10-02T14:42:11.510175+00:00
2016-05-25,78.54,https://cdn.cboe.com/api/global/us_indices/daily_prices/VVIX_History.csv,2026-10-02T14:42:11.510175+00:00
2016-05-26,77.48,https://cdn.cboe.com/api/global/us_indices/daily_prices/VVIX_History.csv,2026-10-02T14:42:11.510175+00:00
2016-05-27,76.17,https://cdn.cboe.com/api/global/us_indices/daily_prices/VVIX_History.csv,2026-10-02T14:42:11.510175+00:00
2016-05-31,79.43,https://cdn.cboe.com/api/global/us_indices/daily_prices/VVIX_History.csv,2026-10-02T14:42:11.510175+00:00
2016-06-01,78.93,https://cdn.cboe.com/api/global/us_indices/daily_prices/VVIX_History.csv,2026-10-02T14:42:11.510175+00:00
2016-06-02,79.54,https://cdn.cboe.com/api/global/us_indices/daily_prices/VVIX_History.csv,2026-10-02T14:42:11.510175+00:00
2016-06-03,79.08,https://cdn.cboe.com/api/global/us_indices/daily_prices/VVIX_History.csv,2026-10-02T14:42:11.510175+00:00
2016-06-06,80.71,https://cdn.cboe.com/api/global/us_indices/daily_prices/VVIX_History.csv,2026-10-02T14:42:11.510175+00:00
2016-06-07,82.3,https://cdn.cboe.com/api/global/us_indices/daily_prices/VVIX_History.csv,2026-10-02T14:42:11.510175+00:00
2016-06-08,86.61,https://cdn.cboe.com/api/global/us_indices/daily_prices/VVIX_History.csv,2026-10-02T14:42:11.510175+00:00
2016-06-09,89.98,https://cdn.cboe.com/api/global/us_indices/daily_prices/VVIX_History.csv,2026-10-02T14:42:11.510175+00:00
2016-06-10,103.78,https://cdn.cboe.com/api/global/us_indices/daily_prices/VVIX_History.csv,2026-10-02T14:42:11.510175+00:00
2016-06-13,124.56,https://cdn.cboe.com/api/global/us_indices/daily_prices/VVIX_History.csv,2026-10-02T14:42:11.510175+00:00
2016-06-14,116.44,https://cdn.cboe.com/api/global/us_indices/daily_prices/VVIX_History.csv,2026-10-02T14:42:11.510175+00:00
2016-06-15,114.23,https://cdn.cboe.com/api/global/us_indices/daily_prices/VVIX_History.csv,2026-10-02T14:42:11.510175+00:00
2016-06-16,115.47,https://cdn.cboe.com/api/global/us_indices/daily_prices/VVIX_History.csv,2026-10-02T14:42:11.510175+00:00
2016-06-17,115.72,https://cdn.cboe.com/api/global/us_indices/daily_prices/VVIX_History.csv,2026-10-02T14:42:11.510175+00:00
2016-06-20,112.4,https://cdn.cboe.com/api/global/us_indices/daily_prices/VVIX_History.csv,2026-10-02T14:42:11.510175+00:00
2016-06-21,113.46,https://cdn.cboe.com/api/global/us_indices/daily_prices/VVIX_History.csv,2026-10-02T14:42:11.510175+00:00
2016-06-22,122.94,https://cdn.cboe.com/api/global/us_indices/daily_prices/VVIX_History.csv,2026-10-02T14:42:11.510175+00:00
2016-06-23,104.71,https://cdn.cboe.com/api/global/us_indices/daily_prices/VVIX_History.csv,2026-10-02T14:42:11.510175+00:00
2016-06-24,125.13,https://cdn.cboe.com/api/global/us_indices/daily_prices/VVIX_History.csv,2026-10-02T14:42:11.510175+00:00
2016-06-27,115.6,https://cdn.cboe.com/api/global/us_indices/daily_prices/VVIX_History.csv,2026-10-02T14:42:11.510175+00:00
2016-06-28,108.0,https://cdn.cboe.com/api/global/us_indices/daily_prices/VVIX_History.csv,2026-10-02T14:42:11.510175+00:00
2016-06-29,98.6,https://cdn.cboe.com/api/global/us_indices/daily_prices/VVIX_History.csv,2026-10-02T14:42:11.510175+00:00
2016-06-30,94.23,https://cdn.cboe.com/api/global/us_indices/daily_prices/VVIX_History.csv,2026-10-02T14:42:11.510175+00:00
2016-07-01,91.7,https://cdn.cboe.com/api/global/us_indices/daily_prices/VVIX_History.csv,2026-10-02T14:42:11.510175+00:00
2016-07-05,91.85,https://cdn.cboe.com/api/global/us_indices/daily_prices/VVIX_History.csv,2026-10-02T14:42:11.510175+00:00
2016-07-06,89.24,https://cdn.cboe.com/api/global/us_indices/daily_prices/VVIX_History.csv,2026-10-02T14:42:11.510175+00:00
2016-07-07,89.5,https://cdn.cboe.com/api/global/us_indices/daily_prices/VVIX_History.csv,2026-10-02T14:42:11.510175+00:00
2016-07-08,84.72,https://cdn.cboe.com/api/global/us_indices/daily_prices/VVIX_History.csv,2026-10-02T14:42:11.510175+00:00
2016-07-11,84.78,https://cdn.cboe.com/api/global/us_indices/daily_prices/VVIX_History.csv,2026-10-02T14:42:11.510175+00:00
2016-07-12,84.98,https://cdn.cboe.com/api/global/us_indices/daily_prices/VVIX_History.csv,2026-10-02T14:42:11.510175+00:00
2016-07-13,84.18,https://cdn.cboe.com/api/global/us_indices/daily_prices/VVIX_History.csv,2026-10-02T14:42:11.510175+00:00
2016-07-14,86.03,https://cdn.cboe.com/api/global/us_indices/daily_prices/VVIX_History.csv,2026-10-02T14:42:11.510175+00:00
2016-07-15,89.04,https://cdn.cboe.com/api/global/us_indices/daily_prices/VVIX_History.csv,2026-10-02T14:42:11.510175+00:00
2016-07-18,87.2,https://cdn.cboe.com/api/global/us_indices/daily_prices/VVIX_History.csv,2026-10-02T14:42:11.510175+00:00
2016-07-19,89.03,https://cdn.cboe.com/api/global/us_indices/daily_prices/VVIX_History.csv,2026-10-02T14:42:11.510175+00:00
2016-07-20,87.09,https://cdn.cboe.com/api/global/us_indices/daily_prices/VVIX_History.csv,2026-10-02T14:42:11.510175+00:00
2016-07-21,92.84,https://cdn.cboe.com/api/global/us_indices/daily_prices/VVIX_History.csv,2026-10-02T14:42:11.510175+00:00
2016-07-22,89.51,https://cdn.cboe.com/api/global/us_indices/daily_prices/VVIX_History.csv,2026-10-02T14:42:11.510175+00:00
2016-07-25,91.95,https://cdn.cboe.com/api/global/us_indices/daily_prices/VVIX_History.csv,2026-10-02T14:42:11.510175+00:00
2016-07-26,91.44,https://cdn.cboe.com/api/global/us_indices/daily_prices/VVIX_History.csv,2026-10-02T14:42:11.510175+00:00
2016-07-27,91.23,https://cdn.cboe.com/api/global/us_indices/daily_prices/VVIX_History.csv,2026-10-02T14:42:11.510175+00:00
2016-07-28,89.81,https://cdn.cboe.com/api/global/us_indices/daily_prices/VVIX_History.csv,2026-10-02T14:42:11.510175+00:00
2016-07-29,90.84,https://cdn.cboe.com/api/global/us_indices/daily_prices/VVIX_History.csv,2026-10-02T14:42:11.510175+00:00
2016-08-01,90.68,https://cdn.cboe.com/api/global/us_indices/daily_prices/VVIX_History.csv,2026-10-02T14:42:11.510175+00:00
2016-08-02,93.89,https://cdn.cboe.com/api/global/us_indices/daily_prices/VVIX_History.csv,2026-10-02T14:42:11.510175+00:00
2016-08-03,88.59,https://cdn.cboe.com/api/global/us_indices/daily_prices/VVIX_History.csv,2026-10-02T14:42:11.510175+00:00
2016-08-04,88.14,https://cdn.cboe.com/api/global/us_indices/daily_prices/VVIX_History.csv,2026-10-02T14:42:11.510175+00:00
2016-08-05,85.23,https://cdn.cboe.com/api/global/us_indices/daily_prices/VVIX_History.csv,2026-10-02T14:42:11.510175+00:00
2016-08-08,84.5,https://cdn.cboe.com/api/global/us_indices/daily_prices/VVIX_History.csv,2026-10-02T14:42:11.510175+00:00
2016-08-09,86.65,https://cdn.cboe.com/api/global/us_indices/daily_prices/VVIX_History.csv,2026-10-02T14:42:11.510175+00:00
2016-08-10,89.4,https://cdn.cboe.com/api/global/us_indices/daily_prices/VVIX_History.csv,2026-10-02T14:42:11.510175+00:00
2016-08-11,97.36,https://cdn.cboe.com/api/global/us_indices/daily_prices/VVIX_History.csv,2026-10-02T14:42:11.510175+00:00
2016-08-12,94.49,https://cdn.cboe.com/api/global/us_indices/daily_prices/VVIX_History.csv,2026-10-02T14:42:11.510175+00:00
2016-08-15,91.67,https://cdn.cboe.com/api/global/us_indices/daily_prices/VVIX_History.csv,2026-10-02T14:42:11.510175+00:00
2016-08-16,91.86,https://cdn.cboe.com/api/global/us_indices/daily_prices/VVIX_History.csv,2026-10-02T14:42:11.510175+00:00
2016-08-17,84.84,https://cdn.cboe.com/api/global/us_indices/daily_prices/VVIX_History.csv,2026-10-02T14:42:11.510175+00:00
2016-08-18,82.83,https://cdn.cboe.com/api/global/us_indices/daily_prices/VVIX_History.csv,2026-10-02T14:42:11.510175+00:00
2016-08-19,82.44,https://cdn.cboe.com/api/global/us_indices/daily_prices/VVIX_History.csv,2026-10-02T14:42:11.510175+00:00
2016-08-22,83.13,https://cdn.cboe.com/api/global/us_indices/daily_prices/VVIX_History.csv,2026-10-02T14:42:11.510175+00:00
2016-08-23,83.45,https://cdn.cboe.com/api/global/us_indices/daily_prices/VVIX_History.csv,2026-10-02T14:42:11.510175+00:00
2016-08-24,85.37,https://cdn.cboe.com/api/global/us_indices/daily_prices/VVIX_History.csv,2026-10-02T14:42:11.510175+00:00
2016-08-25,85.43,https://cdn.cboe.com/api/global/us_indices/daily_prices/VVIX_History.csv,2026-10-02T14:42:11.510175+00:00
2016-08-26,88.62,https://cdn.cboe.com/api/global/us_indices/daily_prices/VVIX_History.csv,2026-10-02T14:42:11.510175+00:00
2016-08-29,85.83,https://cdn.cboe.com/api/global/us_indices/daily_prices/VVIX_History.csv,2026-10-02T14:42:11.510175+00:00
2016-08-30,84.44,https://cdn.cboe.com/api/global/us_indices/daily_prices/VVIX_History.csv,2026-10-02T14:42:11.510175+00:00
2016-08-31,84.87,https://cdn.cboe.com/api/global/us_indices/daily_prices/VVIX_History.csv,2026-10-02T14:42:11.510175+00:00
2016-09-01,84.9,https://cdn.cboe.com/api/global/us_indices/daily_prices/VVIX_History.csv,2026-10-02T14:42:11.510175+00:00
2016-09-02,81.35,https://cdn.cboe.com/api/global/us_indices/daily_prices/VVIX_History.csv,2026-10-02T14:42:11.510175+00:00
2016-09-06,82.14,https://cdn.cboe.com/api/global/us_indices/daily_prices/VVIX_History.csv,2026-10-02T14:42:11.510175+00:00
2016-09-07,83.08,https://cdn.cboe.com/api/global/us_indices/daily_prices/VVIX_History.csv,2026-10-02T14:42:11.510175+00:00
2016-09-08,85.57,https://cdn.cboe.com/api/global/us_indices/daily_prices/VVIX_History.csv,2026-10-02T14:42:11.510175+00:00
2016-09-09,110.02,https://cdn.cboe.com/api/global/us_indices/daily_prices/VVIX_History.csv,2026-10-02T14:42:11.510175+00:00
2016-09-12,99.53,https://cdn.cboe.com/api/global/us_indices/daily_prices/VVIX_History.csv,2026-10-02T14:42:11.510175+00:00
2016-09-13,110.02,https://cdn.cboe.com/api/global/us_indices/daily_prices/VVIX_History.csv,2026-10-02T14:42:11.510175+00:00
2016-09-14,113.15,https://cdn.cboe.com/api/global/us_indices/daily_prices/VVIX_History.csv,2026-10-02T14:42:11.510175+00:00
2016-09-15,109.27,https://cdn.cboe.com/api/global/us_indices/daily_prices/VVIX_History.csv,2026-10-02T14:42:11.510175+00:00
2016-09-16,102.59,https://cdn.cboe.com/api/global/us_indices/daily_prices/VVIX_History.csv,2026-10-02T14:42:11.510175+00:00
2016-09-19,101.58,https://cdn.cboe.com/api/global/us_indices/daily_prices/VVIX_History.csv,2026-10-02T14:42:11.510175+00:00
2016-09-20,101.98,https://cdn.cboe.com/api/global/us_indices/daily_prices/VVIX_History.csv,2026-10-02T14:42:11.510175+00:00
2016-09-21,92.59,https://cdn.cboe.com/api/global/us_indices/daily_prices/VVIX_History.csv,2026-10-02T14:42:11.510175+00:00
2016-09-22,89.22,https://cdn.cboe.com/api/global/us_indices/daily_prices/VVIX_History.csv,2026-10-02T14:42:11.510175+00:00
2016-09-23,90.4,https://cdn.cboe.com/api/global/us_indices/daily_prices/VVIX_History.csv,2026-10-02T14:42:11.510175+00:00
2016-09-26,96.24,https://cdn.cboe.com/api/global/us_indices/daily_prices/VVIX_History.csv,2026-10-02T14:42:11.510175+00:00
2016-09-27,88.94,https://cdn.cboe.com/api/global/us_indices/daily_prices/VVIX_History.csv,2026-10-02T14:42:11.510175+00:00
2016-09-28,87.55,https://cdn.cboe.com/api/global/us_indices/daily_prices/VVIX_History.csv,2026-10-02T14:42:11.510175+00:00
2016-09-29,93.78,https://cdn.cboe.com/api/global/us_indices/daily_prices/VVIX_History.csv,2026-10-02T14:42:11.510175+00:00
2016-09-30,91.42,https://cdn.cboe.com/api/global/us_indices/daily_prices/VVIX_History.csv,2026-10-02T14:42:11.510175+00:00
2016-10-03,91.51,https://cdn.cboe.com/api/global/us_indices/daily_prices/VVIX_History.csv,2026-10-02T14:42:11.510175+00:00
2016-10-04,89.94,https://cdn.cboe.com/api/global/us_indices/daily_prices/VVIX_History.csv,2026-10-02T14:42:11.510175+00:00
2016-10-05,89.88,https://cdn.cboe.com/api/global/us_indices/daily_prices/VVIX_History.csv,2026-10-02T14:42:11.510175+00:00
2016-10-06,89.86,https://cdn.cboe.com/api/global/us_indices/daily_prices/VVIX_History.csv,2026-10-02T14:42:11.510175+00:00
2016-10-07,90.86,https://cdn.cboe.com/api/global/us_indices/daily_prices/VVIX_History.csv,2026-10-02T14:42:11.510175+00:00
2016-10-10,90.66,https://cdn.cboe.com/api/global/us_indices/daily_prices/VVIX_History.csv,2026-10-02T14:42:11.510175+00:00
2016-10-11,95.43,https://cdn.cboe.com/api/global/us_indices/daily_prices/VVIX_History.csv,2026-10-02T14:42:11.510175+00:00
2016-10-12,102.02,https://cdn.cboe.com/api/global/us_indices/daily_prices/VVIX_History.csv,2026-10-02T14:42:11.510175+00:00
2016-10-13,103.4,https://cdn.cboe.com/api/global/us_indices/daily_prices/VVIX_History.csv,2026-10-02T14:42:11.510175+00:00
2016-10-14,101.01,https://cdn.cboe.com/api/global/us_indices/daily_prices/VVIX_History.csv,2026-10-02T14:42:11.510175+00:00
2016-10-17,99.34,https://cdn.cboe.com/api/global/us_indices/daily_prices/VVIX_History.csv,2026-10-02T14:42:11.510175+00:00
2016-10-18,96.87,https://cdn.cboe.com/api/global/us_indices/daily_prices/VVIX_History.csv,2026-10-02T14:42:11.510175+00:00
2016-10-19,93.9,https://cdn.cboe.com/api/global/us_indices/daily_prices/VVIX_History.csv,2026-10-02T14:42:11.510175+00:00
2016-10-20,89.72,https://cdn.cboe.com/api/global/us_indices/daily_prices/VVIX_History.csv,2026-10-02T14:42:11.510175+00:00
2016-10-21,87.34,https://cdn.cboe.com/api/global/us_indices/daily_prices/VVIX_History.csv,2026-10-02T14:42:11.510175+00:00
2016-10-24,85.81,https://cdn.cboe.com/api/global/us_indices/daily_prices/VVIX_History.csv,2026-10-02T14:42:11.510175+00:00
2016-10-25,86.23,https://cdn.cboe.com/api/global/us_indices/daily_prices/VVIX_History.csv,2026-10-02T14:42:11.510175+00:00
2016-10-26,86.9,https://cdn.cboe.com/api/global/us_indices/daily_prices/VVIX_History.csv,2026-10-02T14:42:11.510175+00:00
2016-10-27,91.21,https://cdn.cboe.com/api/global/us_indices/daily_prices/VVIX_History.csv,2026-10-02T14:42:11.510175+00:00
2016-10-28,99.44,https://cdn.cboe.com/api/global/us_indices/daily_prices/VVIX_History.csv,2026-10-02T14:42:11.510175+00:00
2016-10-31,102.82,https://cdn.cboe.com/api/global/us_indices/daily_prices/VVIX_History.csv,2026-10-02T14:42:11.510175+00:00
2016-11-01,108.26,https://cdn.cboe.com/api/global/us_indices/daily_prices/VVIX_History.csv,2026-10-02T14:42:11.510175+00:00
2016-11-02,112.39,https://cdn.cboe.com/api/global/us_indices/daily_prices/VVIX_History.csv,2026-10-02T14:42:11.510175+00:00
2016-11-03,120.24,https://cdn.cboe.com/api/global/us_indices/daily_prices/VVIX_History.csv,2026-10-02T14:42:11.510175+00:00
2016-11-04,120.23,https://cdn.cboe.com/api/global/us_indices/daily_prices/VVIX_History.csv,2026-10-02T14:42:11.510175+00:00
2016-11-07,107.84,https://cdn.cboe.com/api/global/us_indices/daily_prices/VVIX_History.csv,2026-10-02T14:42:11.510175+00:00
2016-11-08,108.67,https://cdn.cboe.com/api/global/us_indices/daily_prices/VVIX_History.csv,2026-10-02T14:42:11.510175+00:00
2016-11-09,96.14,https://cdn.cboe.com/api/global/us_indices/daily_prices/VVIX_History.csv,2026-10-02T14:42:11.510175+00:00
2016-11-10,102.67,https://cdn.cboe.com/api/global/us_indices/daily_prices/VVIX_History.csv,2026-10-02T14:42:11.510175+00:00
2016-11-11,97.22,https://cdn.cboe.com/api/global/us_indices/daily_prices/VVIX_History.csv,2026-10-02T14:42:11.510175+00:00
2016-11-14,98.22,https://cdn.cboe.com/api/global/us_indices/daily_prices/VVIX_History.csv,2026-10-02T14:42:11.510175+00:00
2016-11-15,91.77,https://cdn.cboe.com/api/global/us_indices/daily_prices/VVIX_History.csv,2026-10-02T14:42:11.510175+00:00
2016-11-16,92.45,https://cdn.cboe.com/api/global/us_indices/daily_prices/VVIX_History.csv,2026-10-02T14:42:11.510175+00:00
2016-11-17,87.58,https://cdn.cboe.com/api/global/us_indices/daily_prices/VVIX_History.csv,2026-10-02T14:42:11.510175+00:00
2016-11-18,86.4,https://cdn.cboe.com/api/global/us_indices/daily_prices/VVIX_History.csv,2026-10-02T14:42:11.510175+00:00
2016-11-21,80.75,https://cdn.cboe.com/api/global/us_indices/daily_prices/VVIX_History.csv,2026-10-02T14:42:11.510175+00:00
2016-11-22,83.4,https://cdn.cboe.com/api/global/us_indices/daily_prices/VVIX_History.csv,2026-10-02T14:42:11.510175+00:00
2016-11-23,82.45,https://cdn.cboe.com/api/global/us_indices/daily_prices/VVIX_History.csv,2026-10-02T14:42:11.510175+00:00
2016-11-25,82.65,https://cdn.cboe.com/api/global/us_indices/daily_prices/VVIX_History.csv,2026-10-02T14:42:11.510175+00:00
2016-11-28,86.17,https://cdn.cboe.com/api/global/us_indices/daily_prices/VVIX_History.csv,2026-10-02T14:42:11.510175+00:00
2016-11-29,86.28,https://cdn.cboe.com/api/global/us_indices/daily_prices/VVIX_History.csv,2026-10-02T14:42:11.510175+00:00
2016-11-30,88.99,https://cdn.cboe.com/api/global/us_indices/daily_prices/VVIX_History.csv,2026-10-02T14:42:11.510175+00:00
2016-12-01,97.79,https://cdn.cboe.com/api/global/us_indices/daily_prices/VVIX_History.csv,2026-10-02T14:42:11.510175+00:00
2016-12-02,98.07,https://cdn.cboe.com/api/global/us_indices/daily_prices/VVIX_History.csv,2026-10-02T14:42:11.510175+00:00
2016-12-05,88.88,https://cdn.cboe.com/api/global/us_indices/daily_prices/VVIX_History.csv,2026-10-02T14:42:11.510175+00:00
2016-12-06,88.12,https://cdn.cboe.com/api/global/us_indices/daily_prices/VVIX_History.csv,2026-10-02T14:42:11.510175+00:00
2016-12-07,89.11,https://cdn.cboe.com/api/global/us_indices/daily_prices/VVIX_History.csv,2026-10-02T14:42:11.510175+00:00
2016-12-08,91.27,https://cdn.cboe.com/api/global/us_indices/daily_prices/VVIX_History.csv,2026-10-02T14:42:11.510175+00:00
2016-12-09,89.4,https://cdn.cboe.com/api/global/us_indices/daily_prices/VVIX_History.csv,2026-10-02T14:42:11.510175+00:00
2016-12-12,91.87,https://cdn.cboe.com/api/global/us_indices/daily_prices/VVIX_History.csv,2026-10-02T14:42:11.510175+00:00
2016-12-13,93.32,https://cdn.cboe.com/api/global/us_indices/daily_prices/VVIX_History.csv,2026-10-02T14:42:11.510175+00:00
2016-12-14,96.82,https://cdn.cboe.com/api/global/us_indices/daily_prices/VVIX_History.csv,2026-10-02T14:42:11.510175+00:00
2016-12-15,93.08,https://cdn.cboe.com/api/global/us_indices/daily_prices/VVIX_History.csv,2026-10-02T14:42:11.510175+00:00
2016-12-16,93.79,https://cdn.cboe.com/api/global/us_indices/daily_prices/VVIX_History.csv,2026-10-02T14:42:11.510175+00:00
2016-12-19,90.51,https://cdn.cboe.com/api/global/us_indices/daily_prices/VVIX_History.csv,2026-10-02T14:42:11.510175+00:00
2016-12-20,88.26,https://cdn.cboe.com/api/global/us_indices/daily_prices/VVIX_History.csv,2026-10-02T14:42:11.510175+00:00
2016-12-21,87.97,https://cdn.cboe.com/api/global/us_indices/daily_prices/VVIX_History.csv,2026-10-02T14:42:11.510175+00:00
2016-12-22,89.72,https://cdn.cboe.com/api/global/us_indices/daily_prices/VVIX_History.csv,2026-10-02T14:42:11.510175+00:00
2016-12-23,87.64,https://cdn.cboe.com/api/global/us_indices/daily_prices/VVIX_History.csv,2026-10-02T14:42:11.510175+00:00
2016-12-27,86.37,https://cdn.cboe.com/api/global/us_indices/daily_prices/VVIX_History.csv,2026-10-02T14:42:11.510175+00:00
2016-12-28,89.17,https://cdn.cboe.com/api/global/us_indices/daily_prices/VVIX_History.csv,2026-10-02T14:42:11.510175+00:00
2016-12-29,88.87,https://cdn.cboe.com/api/global/us_indices/daily_prices/VVIX_History.csv,2026-10-02T14:42:11.510175+00:00
2016-12-30,91.6,https://cdn.cboe.com/api/global/us_indices/daily_prices/VVIX_History.csv,2026-10-02T14:42:11.510175+00:00
2017-01-03,85.37,https://cdn.cboe.com/api/global/us_indices/daily_prices/VVIX_History.csv,2026-10-02T14:42:11.510175+00:00
2017-01-04,82.27,https://cdn.cboe.com/api/global/us_indices/daily_prices/VVIX_History.csv,2026-10-02T14:42:11.510175+00:00
2017-01-05,81.33,https://cdn.cboe.com/api/global/us_indices/daily_prices/VVIX_History.csv,2026-10-02T14:42:11.510175+00:00
2017-01-06,80.59,https://cdn.cboe.com/api/global/us_indices/daily_prices/VVIX_History.csv,2026-10-02T14:42:11.510175+00:00
2017-01-09,83.47,https://cdn.cboe.com/api/global/us_indices/daily_prices/VVIX_History.csv,2026-10-02T14:42:11.510175+00:00
2017-01-10,86.36,https://cdn.cboe.com/api/global/us_indices/daily_prices/VVIX_History.csv,2026-10-02T14:42:11.510175+00:00
2017-01-11,86.72,https://cdn.cboe.com/api/global/us_indices/daily_prices/VVIX_History.csv,2026-10-02T14:42:11.510175+00:00
2017-01-12,90.44,https://cdn.cboe.com/api/global/us_indices/daily_prices/VVIX_History.csv,2026-10-02T14:42:11.510175+00:00
2017-01-13,92.9,https://cdn.cboe.com/api/global/us_indices/daily_prices/VVIX_History.csv,2026-10-02T14:42:11.510175+00:00
2017-01-17,92.39,https://cdn.cboe.com/api/global/us_indices/daily_prices/VVIX_History.csv,2026-10-02T14:42:11.510175+00:00
2017-01-18,87.06,https://cdn.cboe.com/api/global/us_indices/daily_prices/VVIX_History.csv,2026-10-02T14:42:11.510175+00:00
2017-01-19,86.84,https://cdn.cboe.com/api/global/us_indices/daily_prices/VVIX_History.csv,2026-10-02T14:42:11.510175+00:00
2017-01-20,83.63,https://cdn.cboe.com/api/global/us_indices/daily_prices/VVIX_History.csv,2026-10-02T14:42:11.510175+00:00
2017-01-23,84.51,https://cdn.cboe.com/api/global/us_indices/daily_prices/VVIX_History.csv,2026-10-02T14:42:11.510175+00:00
2017-01-24,79.05,https://cdn.cboe.com/api/global/us_indices/daily_prices/VVIX_History.csv,2026-10-02T14:42:11.510175+00:00
2017-01-25,78.66,https://cdn.cboe.com/api/global/us_indices/daily_prices/VVIX_History.csv,2026-10-02T14:42:11.510175+00:00
2017-01-26,79.65,https://cdn.cboe.com/api/global/us_indices/daily_prices/VVIX_History.csv,2026-10-02T14:42:11.510175+00:00
2017-01-27,83.63,https://cdn.cboe.com/api/global/us_indices/daily_prices/VVIX_History.csv,2026-10-02T14:42:11.510175+00:00
2017-01-30,92.04,https://cdn.cboe.com/api/global/us_indices/daily_prices/VVIX_History.csv,2026-10-02T14:42:11.510175+00:00
2017-01-31,89.83,https://cdn.cboe.com/api/global/us_indices/daily_prices/VVIX_History.csv,2026-10-02T14:42:11.510175+00:00
2017-02-01,87.75,https://cdn.cboe.com/api/global/us_indices/daily_prices/VVIX_History.csv,2026-10-02T14:42:11.510175+00:00
2017-02-02,89.73,https://cdn.cboe.com/api/global/us_indices/daily_prices/VVIX_History.csv,2026-10-02T14:42:11.510175+00:00
2017-02-03,88.97,https://cdn.cboe.com/api/global/us_indices/daily_prices/VVIX_History.csv,2026-10-02T14:42:11.510175+00:00
2017-02-06,90.02,https://cdn.cboe.com/api/global/us_indices/daily_prices/VVIX_History.csv,2026-10-02T14:42:11.510175+00:00
2017-02-07,89.61,https://cdn.cboe.com/api/global/us_indices/daily_prices/VVIX_History.csv,2026-10-02T14:42:11.510175+00:00
2017-02-08,94.58,https://cdn.cboe.com/api/global/us_indices/daily_prices/VVIX_History.csv,2026-10-02T14:42:11.510175+00:00
2017-02-09,89.59,https://cdn.cboe.com/api/global/us_indices/daily_prices/VVIX_History.csv,2026-10-02T14:42:11.510175+00:00
2017-02-10,85.77,https://cdn.cboe.com/api/global/us_indices/daily_prices/VVIX_History.csv,2026-10-02T14:42:11.510175+00:00
2017-02-13,80.84,https://cdn.cboe.com/api/global/us_indices/daily_prices/VVIX_History.csv,2026-10-02T14:42:11.510175+00:00
2017-02-14,78.35,https://cdn.cboe.com/api/global/us_indices/daily_prices/VVIX_History.csv,2026-10-02T14:42:11.510175+00:00
2017-02-15,81.12,https://cdn.cboe.com/api/global/us_indices/daily_prices/VVIX_History.csv,2026-10-02T14:42:11.510175+00:00
2017-02-16,79.66,https://cdn.cboe.com/api/global/us_indices/daily_prices/VVIX_History.csv,2026-10-02T14:42:11.510175+00:00
2017-02-17,81.25,https://cdn.cboe.com/api/global/us_indices/daily_prices/VVIX_History.csv,2026-10-02T14:42:11.510175+00:00
2017-02-21,82.45,https://cdn.cboe.com/api/global/us_indices/daily_prices/VVIX_History.csv,2026-10-02T14:42:11.510175+00:00
2017-02-22,81.53,https://cdn.cboe.com/api/global/us_indices/daily_prices/VVIX_History.csv,2026-10-02T14:42:11.510175+00:00
2017-02-23,82.2,https://cdn.cboe.com/api/global/us_indices/daily_prices/VVIX_History.csv,2026-10-02T14:42:11.510175+00:00
2017-02-24,83.31,https://cdn.cboe.com/api/global/us_indices/daily_prices/VVIX_History.csv,2026-10-02T14:42:11.510175+00:00
2017-02-27,85.69,https://cdn.cboe.com/api/global/us_indices/daily_prices/VVIX_History.csv,2026-10-02T14:42:11.510175+00:00
2017-02-28,88.08,https://cdn.cboe.com/api/global/us_indices/daily_prices/VVIX_History.csv,2026-10-02T14:42:11.510175+00:00
2017-03-01,84.03,https://cdn.cboe.com/api/global/us_indices/daily_prices/VVIX_History.csv,2026-10-02T14:42:11.510175+00:00
2017-03-02,83.61,https://cdn.cboe.com/api/global/us_indices/daily_prices/VVIX_History.csv,2026-10-02T14:42:11.510175+00:00
2017-03-03,81.19,https://cdn.cboe.com/api/global/us_indices/daily_prices/VVIX_History.csv,2026-10-02T14:42:11.510175+00:00
2017-03-06,81.44,https://cdn.cboe.com/api/global/us_indices/daily_prices/VVIX_History.csv,2026-10-02T14:42:11.510175+00:00
2017-03-07,81.43,https://cdn.cboe.com/api/global/us_indices/daily_prices/VVIX_History.csv,2026-10-02T14:42:11.510175+00:00
2017-03-08,82.5,https://cdn.cboe.com/api/global/us_indices/daily_prices/VVIX_History.csv,2026-10-02T14:42:11.510175+00:00
2017-03-09,83.64,https://cdn.cboe.com/api/global/us_indices/daily_prices/VVIX_History.csv,2026-10-02T14:42:11.510175+00:00
2017-03-10,80.27,https://cdn.cboe.com/api/global/us_indices/daily_prices/VVIX_History.csv,2026-10-02T14:42:11.510175+00:00
2017-03-13,81.57,https://cdn.cboe.com/api/global/us_indices/daily_prices/VVIX_History.csv,2026-10-02T14:42:11.510175+00:00
2017-03-14,85.88,https://cdn.cboe.com/api/global/us_indices/daily_prices/VVIX_History.csv,2026-10-02T14:42:11.510175+00:00
2017-03-15,80.76,https://cdn.cboe.com/api/global/us_indices/daily_prices/VVIX_History.csv,2026-10-02T14:42:11.510175+00:00
2017-03-16,75.96,https://cdn.cboe.com/api/global/us_indices/daily_prices/VVIX_History.csv,2026-10-02T14:42:11.510175+00:00
2017-03-17,78.66,https://cdn.cboe.com/api/global/us_indices/daily_prices/VVIX_History.csv,2026-10-02T14:42:11.510175+00:00
2017-03-20,77.16,https://cdn.cboe.com/api/global/us_indices/daily_prices/VVIX_History.csv,2026-10-02T14:42:11.510175+00:00
2017-03-21,83.02,https://cdn.cboe.com/api/global/us_indices/daily_prices/VVIX_History.csv,2026-10-02T14:42:11.510175+00:00
2017-03-22,83.8,https://cdn.cboe.com/api/global/us_indices/daily_prices/VVIX_History.csv,2026-10-02T14:42:11.510175+00:00
2017-03-23,88.93,https://cdn.cboe.com/api/global/us_indices/daily_prices/VVIX_History.csv,2026-10-02T14:42:11.510175+00:00
2017-03-24,89.74,https://cdn.cboe.com/api/global/us_indices/daily_prices/VVIX_History.csv,2026-10-02T14:42:11.510175+00:00
2017-03-27,84.86,https://cdn.cboe.com/api/global/us_indices/daily_prices/VVIX_History.csv,2026-10-02T14:42:11.510175+00:00
2017-03-28,79.27,https://cdn.cboe.com/api/global/us_indices/daily_prices/VVIX_History.csv,2026-10-02T14:42:11.510175+00:00
2017-03-29,78.26,https://cdn.cboe.com/api/global/us_indices/daily_prices/VVIX_History.csv,2026-10-02T14:42:11.510175+00:00
2017-03-30,77.87,https://cdn.cboe.com/api/global/us_indices/daily_prices/VVIX_History.csv,2026-10-02T14:42:11.510175+00:00
2017-03-31,78.31,https://cdn.cboe.com/api/global/us_indices/daily_prices/VVIX_History.csv,2026-10-02T14:42:11.510175+00:00
2017-04-03,82.96,https://cdn.cboe.com/api/global/us_indices/daily_prices/VVIX_History.csv,2026-10-02T14:42:11.510175+00:00
2017-04-04,79.67,https://cdn.cboe.com/api/global/us_indices/daily_prices/VVIX_History.csv,2026-10-02T14:42:11.510175+00:00
2017-04-05,86.59,https://cdn.cboe.com/api/global/us_indices/daily_prices/VVIX_History.csv,2026-10-02T14:42:11.510175+00:00
2017-04-06,83.91,https://cdn.cboe.com/api/global/us_indices/daily_prices/VVIX_History.csv,2026-10-02T14:42:11.510175+00:00
2017-04-07,89.39,https://cdn.cboe.com/api/global/us_indices/daily_prices/VVIX_History.csv,2026-10-02T14:42:11.510175+00:00
2017-04-10,97.9,https://cdn.cboe.com/api/global/us_indices/daily_prices/VVIX_History.csv,2026-10-02T14:42:11.510175+00:00
2017-04-11,103.74,https://cdn.cboe.com/api/global/us_indices/daily_prices/VVIX_History.csv,2026-10-02T14:42:11.510175+00:00
2017-04-12,111.53,https://cdn.cboe.com/api/global/us_indices/daily_prices/VVIX_History.csv,2026-10-02T14:42:11.510175+00:00
2017-04-13,115.54,https://cdn.cboe.com/api/global/us_indices/daily_prices/VVIX_History.csv,2026-10-02T14:42:11.510175+00:00
2017-04-17,101.49,https://cdn.cboe.com/api/global/us_indices/daily_prices/VVIX_History.csv,2026-10-02T14:42:11.510175+00:00
2017-04-18,99.52,https://cdn.cboe.com/api/global/us_indices/daily_prices/VVIX_History.csv,2026-10-02T14:42:11.510175+00:00
2017-04-19,97.89,https://cdn.cboe.com/api/global/us_indices/daily_prices/VVIX_History.csv,2026-10-02T14:42:11.510175+00:00
2017-04-20,94.53,https://cdn.cboe.com/api/global/us_indices/daily_prices/VVIX_History.csv,2026-10-02T14:42:11.510175+00:00
2017-04-21,95.41,https://cdn.cboe.com/api/global/us_indices/daily_prices/VVIX_History.csv,2026-10-02T14:42:11.510175+00:00
2017-04-24,78.17,https://cdn.cboe.com/api/global/us_indices/daily_prices/VVIX_History.csv,2026-10-02T14:42:11.510175+00:00
2017-04-25,75.64,https://cdn.cboe.com/api/global/us_indices/daily_prices/VVIX_History.csv,2026-10-02T14:42:11.510175+00:00
2017-04-26,76.64,https://cdn.cboe.com/api/global/us_indices/daily_prices/VVIX_History.csv,2026-10-02T14:42:11.510175+00:00
2017-04-27,76.66,https://cdn.cboe.com/api/global/us_indices/daily_prices/VVIX_History.csv,2026-10-02T14:42:11.510175+00:00
2017-04-28,77.09,https://cdn.cboe.com/api/global/us_indices/daily_prices/VVIX_History.csv,2026-10-02T14:42:11.510175+00:00
2017-05-01,78.33,https://cdn.cboe.com/api/global/us_indices/daily_prices/VVIX_History.csv,2026-10-02T14:42:11.510175+00:00
2017-05-02,79.33,https://cdn.cboe.com/api/global/us_indices/daily_prices/VVIX_History.csv,2026-10-02T14:42:11.510175+00:00
2017-05-03,78.77,https://cdn.cboe.com/api/global/us_indices/daily_prices/VVIX_History.csv,2026-10-02T14:42:11.510175+00:00
2017-05-04,78.0,https://cdn.cboe.com/api/global/us_indices/daily_prices/VVIX_History.csv,2026-10-02T14:42:11.510175+00:00
2017-05-05,80.65,https://cdn.cboe.com/api/global/us_indices/daily_prices/VVIX_History.csv,2026-10-02T14:42:11.510175+00:00
2017-05-08,81.38,https://cdn.cboe.com/api/global/us_indices/daily_prices/VVIX_History.csv,2026-10-02T14:42:11.510175+00:00
2017-05-09,83.63,https://cdn.cboe.com/api/global/us_indices/daily_prices/VVIX_History.csv,2026-10-02T14:42:11.510175+00:00
2017-05-10,87.49,https://cdn.cboe.com/api/global/us_indices/daily_prices/VVIX_History.csv,2026-10-02T14:42:11.510175+00:00
2017-05-11,86.51,https://cdn.cboe.com/api/global/us_indices/daily_prices/VVIX_History.csv,2026-10-02T14:42:11.510175+00:00
2017-05-12,82.5,https://cdn.cboe.com/api/global/us_indices/daily_prices/VVIX_History.csv,2026-10-02T14:42:11.510175+00:00
2017-05-15,79.53,https://cdn.cboe.com/api/global/us_indices/daily_prices/VVIX_History.csv,2026-10-02T14:42:11.510175+00:00
2017-05-16,76.76,https://cdn.cboe.com/api/global/us_indices/daily_prices/VVIX_History.csv,2026-10-02T14:42:11.510175+00:00
2017-05-17,111.48,https://cdn.cboe.com/api/global/us_indices/daily_prices/VVIX_History.csv,2026-10-02T14:42:11.510175+00:00
2017-05-18,104.12,https://cdn.cboe.com/api/global/us_indices/daily_prices/VVIX_History.csv,2026-10-02T14:42:11.510175+00:00
2017-05-19,87.21,https://cdn.cboe.com/api/global/us_indices/daily_prices/VVIX_History.csv,2026-10-02T14:42:11.510175+00:00
2017-05-22,83.47,https://cdn.cboe.com/api/global/us_indices/daily_prices/VVIX_History.csv,2026-10-02T14:42:11.510175+00:00
2017-05-23,84.19,https://cdn.cboe.com/api/global/us_indices/daily_prices/VVIX_History.csv,2026-10-02T14:42:11.510175+00:00
2017-05-24,81.91,https://cdn.cboe.com/api/global/us_indices/daily_prices/VVIX_History.csv,2026-10-02T14:42:11.510175+00:00
2017-05-25,82.2,https://cdn.cboe.com/api/global/us_indices/daily_prices/VVIX_History.csv,2026-10-02T14:42:11.510175+00:00
2017-05-26,81.81,https://cdn.cboe.com/api/global/us_indices/daily_prices/VVIX_History.csv,2026-10-02T14:42:11.510175+00:00
2017-05-30,84.3,https://cdn.cboe.com/api/global/us_indices/daily_prices/VVIX_History.csv,2026-10-02T14:42:11.510175+00:00
2017-05-31,84.52,https://cdn.cboe.com/api/global/us_indices/daily_prices/VVIX_History.csv,2026-10-02T14:42:11.510175+00:00
2017-06-01,83.83,https://cdn.cboe.com/api/global/us_indices/daily_prices/VVIX_History.csv,2026-10-02T14:42:11.510175+00:00
2017-06-02,83.62,https://cdn.cboe.com/api/global/us_indices/daily_prices/VVIX_History.csv,2026-10-02T14:42:11.510175+00:00
2017-06-05,86.08,https://cdn.cboe.com/api/global/us_indices/daily_prices/VVIX_History.csv,2026-10-02T14:42:11.510175+00:00
2017-06-06,89.15,https://cdn.cboe.com/api/global/us_indices/daily_prices/VVIX_History.csv,2026-10-02T14:42:11.510175+00:00
2017-06-07,88.22,https://cdn.cboe.com/api/global/us_indices/daily_prices/VVIX_History.csv,2026-10-02T14:42:11.510175+00:00
2017-06-08,83.28,https://cdn.cboe.com/api/global/us_indices/daily_prices/VVIX_History.csv,2026-10-02T14:42:11.510175+00:00
2017-06-09,87.41,https://cdn.cboe.com/api/global/us_indices/daily_prices/VVIX_History.csv,2026-10-02T14:42:11.510175+00:00
2017-06-12,91.21,https://cdn.cboe.com/api/global/us_indices/daily_prices/VVIX_History.csv,2026-10-02T14:42:11.510175+00:00
2017-06-13,86.66,https://cdn.cboe.com/api/global/us_indices/daily_prices/VVIX_History.csv,2026-10-02T14:42:11.510175+00:00
2017-06-14,89.97,https://cdn.cboe.com/api/global/us_indices/daily_prices/VVIX_History.csv,2026-10-02T14:42:11.510175+00:00
2017-06-15,89.95,https://cdn.cboe.com/api/global/us_indices/daily_prices/VVIX_History.csv,2026-10-02T14:42:11.510175+00:00
2017-06-16,87.0,https://cdn.cboe.com/api/global/us_indices/daily_prices/VVIX_History.csv,2026-10-02T14:42:11.510175+00:00
2017-06-19,85.27,https://cdn.cboe.com/api/global/us_indices/daily_prices/VVIX_History.csv,2026-10-02T14:42:11.510175+00:00
2017-06-20,89.19,https://cdn.cboe.com/api/global/us_indices/daily_prices/VVIX_History.csv,2026-10-02T14:42:11.510175+00:00
2017-06-21,88.07,https://cdn.cboe.com/api/global/us_indices/daily_prices/VVIX_History.csv,2026-10-02T14:42:11.510175+00:00
2017-06-22,86.38,https://cdn.cboe.com/api/global/us_indices/daily_prices/VVIX_History.csv,2026-10-02T14:42:11.510175+00:00
2017-06-23,84.52,https://cdn.cboe.com/api/global/us_indices/daily_prices/VVIX_History.csv,2026-10-02T14:42:11.510175+00:00
2017-06-26,81.94,https://cdn.cboe.com/api/global/us_indices/daily_prices/VVIX_History.csv,2026-10-02T14:42:11.510175+00:00
2017-06-27,87.3,https://cdn.cboe.com/api/global/us_indices/daily_prices/VVIX_History.csv,2026-10-02T14:42:11.510175+00:00
2017-06-28,84.24,https://cdn.cboe.com/api/global/us_indices/daily_prices/VVIX_History.csv,2026-10-02T14:42:11.510175+00:00
2017-06-29,93.78,https://cdn.cboe.com/api/global/us_indices/daily_prices/VVIX_History.csv,2026-10-02T14:42:11.510175+00:00
2017-06-30,90.43,https://cdn.cboe.com/api/global/us_indices/daily_prices/VVIX_History.csv,2026-10-02T14:42:11.510175+00:00
2017-07-03,93.31,https://cdn.cboe.com/api/global/us_indices/daily_prices/VVIX_History.csv,2026-10-02T14:42:11.510175+00:00
2017-07-05,91.98,https://cdn.cboe.com/api/global/us_indices/daily_prices/VVIX_History.csv,2026-10-02T14:42:11.510175+00:00
2017-07-06,100.21,https://cdn.cboe.com/api/global/us_indices/daily_prices/VVIX_History.csv,2026-10-02T14:42:11.510175+00:00
2017-07-07,92.5,https://cdn.cboe.com/api/global/us_indices/daily_prices/VVIX_History.csv,2026-10-02T14:42:11.510175+00:00
2017-07-10,89.69,https://cdn.cboe.com/api/global/us_indices/daily_prices/VVIX_History.csv,2026-10-02T14:42:11.510175+00:00
2017-07-11,88.23,https://cdn.cboe.com/api/global/us_indices/daily_prices/VVIX_History.csv,2026-10-02T14:42:11.510175+00:00
2017-07-12,88.19,https://cdn.cboe.com/api/global/us_indices/daily_prices/VVIX_History.csv,2026-10-02T14:42:11.510175+00:00
2017-07-13,85.68,https://cdn.cboe.com/api/global/us_indices/daily_prices/VVIX_History.csv,2026-10-02T14:42:11.510175+00:00
2017-07-14,82.2,https://cdn.cboe.com/api/global/us_indices/daily_prices/VVIX_History.csv,2026-10-02T14:42:11.510175+00:00
2017-07-17,80.27,https://cdn.cboe.com/api/global/us_indices/daily_prices/VVIX_History.csv,2026-10-02T14:42:11.510175+00:00
2017-07-18,79.14,https://cdn.cboe.com/api/global/us_indices/daily_prices/VVIX_History.csv,2026-10-02T14:42:11.510175+00:00
2017-07-19,77.96,https://cdn.cboe.com/api/global/us_indices/daily_prices/VVIX_History.csv,2026-10-02T14:42:11.510175+00:00
2017-07-20,76.26,https://cdn.cboe.com/api/global/us_indices/daily_prices/VVIX_History.csv,2026-10-02T14:42:11.510175+00:00
2017-07-21,77.86,https://cdn.cboe.com/api/global/us_indices/daily_prices/VVIX_History.csv,2026-10-02T14:42:11.510175+00:00
2017-07-24,78.24,https://cdn.cboe.com/api/global/us_indices/daily_prices/VVIX_History.csv,2026-10-02T14:42:11.510175+00:00
2017-07-25,79.17,https://cdn.cboe.com/api/global/us_indices/daily_prices/VVIX_History.csv,2026-10-02T14:42:11.510175+00:00
2017-07-26,82.34,https://cdn.cboe.com/api/global/us_indices/daily_prices/VVIX_History.csv,2026-10-02T14:42:11.510175+00:00
2017-07-27,86.87,https://cdn.cboe.com/api/global/us_indices/daily_prices/VVIX_History.csv,2026-10-02T14:42:11.510175+00:00
2017-07-28,87.2,https://cdn.cboe.com/api/global/us_indices/daily_prices/VVIX_History.csv,2026-10-02T14:42:11.510175+00:00
2017-07-31,86.76,https://cdn.cboe.com/api/global/us_indices/daily_prices/VVIX_History.csv,2026-10-02T14:42:11.510175+00:00
2017-08-01,84.55,https://cdn.cboe.com/api/global/us_indices/daily_prices/VVIX_History.csv,2026-10-02T14:42:11.510175+00:00
2017-08-02,86.89,https://cdn.cboe.com/api/global/us_indices/daily_prices/VVIX_History.csv,2026-10-02T14:42:11.510175+00:00
2017-08-03,87.66,https://cdn.cboe.com/api/global/us_indices/daily_prices/VVIX_History.csv,2026-10-02T14:42:11.510175+00:00
2017-08-04,87.39,https://cdn.cboe.com/api/global/us_indices/daily_prices/VVIX_History.csv,2026-10-02T14:42:11.510175+00:00
2017-08-07,90.01,https://cdn.cboe.com/api/global/us_indices/daily_prices/VVIX_History.csv,2026-10-02T14:42:11.510175+00:00
2017-08-08,98.68,https://cdn.cboe.com/api/global/us_indices/daily_prices/VVIX_History.csv,2026-10-02T14:42:11.510175+00:00
2017-08-09,106.77,https://cdn.cboe.com/api/global/us_indices/daily_prices/VVIX_History.csv,2026-10-02T14:42:11.510175+00:00
2017-08-10,135.32,https://cdn.cboe.com/api/global/us_indices/daily_prices/VVIX_History.csv,2026-10-02T14:42:11.510175+00:00
2017-08-11,127.43,https://cdn.cboe.com/api/global/us_indices/daily_prices/VVIX_History.csv,2026-10-02T14:42:11.510175+00:00
2017-08-14,100.6,https://cdn.cboe.com/api/global/us_indices/daily_prices/VVIX_History.csv,2026-10-02T14:42:11.510175+00:00
2017-08-15,96.71,https://cdn.cboe.com/api/global/us_indices/daily_prices/VVIX_History.csv,2026-10-02T14:42:11.510175+00:00
2017-08-16,94.82,https://cdn.cboe.com/api/global/us_indices/daily_prices/VVIX_History.csv,2026-10-02T14:42:11.510175+00:00
2017-08-17,117.77,https://cdn.cboe.com/api/global/us_indices/daily_prices/VVIX_History.csv,2026-10-02T14:42:11.510175+00:00
2017-08-18,114.39,https://cdn.cboe.com/api/global/us_indices/daily_prices/VVIX_History.csv,2026-10-02T14:42:11.510175+00:00
2017-08-21,101.39,https://cdn.cboe.com/api/global/us_indices/daily_prices/VVIX_History.csv,2026-10-02T14:42:11.510175+00:00
2017-08-22,92.7,https://cdn.cboe.com/api/global/us_indices/daily_prices/VVIX_History.csv,2026-10-02T14:42:11.510175+00:00
2017-08-23,98.96,https://cdn.cboe.com/api/global/us_indices/daily_prices/VVIX_History.csv,2026-10-02T14:42:11.510175+00:00
2017-08-24,100.26,https://cdn.cboe.com/api/global/us_indices/daily_prices/VVIX_History.csv,2026-10-02T14:42:11.510175+00:00
2017-08-25,95.53,https://cdn.cboe.com/api/global/us_indices/daily_prices/VVIX_History.csv,2026-10-02T14:42:11.510175+00:00
2017-08-28,96.42,https://cdn.cboe.com/api/global/us_indices/daily_prices/VVIX_History.csv,2026-10-02T14:42:11.510175+00:00
2017-08-29,98.79,https://cdn.cboe.com/api/global/us_indices/daily_prices/VVIX_History.csv,2026-10-02T14:42:11.510175+00:00
2017-08-30,98.9,https://cdn.cboe.com/api/global/us_indices/daily_prices/VVIX_History.csv,2026-10-02T14:42:11.510175+00:00
2017-08-31,94.86,https://cdn.cboe.com/api/global/us_indices/daily_prices/VVIX_History.csv,2026-10-02T14:42:11.510175+00:00
2017-09-01,93.6,https://cdn.cboe.com/api/global/us_indices/daily_prices/VVIX_History.csv,2026-10-02T14:42:11.510175+00:00
2017-09-05,102.66,https://cdn.cboe.com/api/global/us_indices/daily_prices/VVIX_History.csv,2026-10-02T14:42:11.510175+00:00
2017-09-06,99.61,https://cdn.cboe.com/api/global/us_indices/daily_prices/VVIX_History.csv,2026-10-02T14:42:11.510175+00:00
2017-09-07,96.29,https://cdn.cboe.com/api/global/us_indices/daily_prices/VVIX_History.csv,2026-10-02T14:42:11.510175+00:00
2017-09-08,100.12,https://cdn.cboe.com/api/global/us_indices/daily_prices/VVIX_History.csv,2026-10-02T14:42:11.510175+00:00
2017-09-11,93.66,https://cdn.cboe.com/api/global/us_indices/daily_prices/VVIX_History.csv,2026-10-02T14:42:11.510175+00:00
2017-09-12,92.39,https://cdn.cboe.com/api/global/us_indices/daily_prices/VVIX_History.csv,2026-10-02T14:42:11.510175+00:00
2017-09-13,90.89,https://cdn.cboe.com/api/global/us_indices/daily_prices/VVIX_History.csv,2026-10-02T14:42:11.510175+00:00
2017-09-14,92.09,https://cdn.cboe.com/api/global/us_indices/daily_prices/VVIX_History.csv,2026-10-02T14:42:11.510175+00:00
2017-09-15,90.63,https://cdn.cboe.com/api/global/us_indices/daily_prices/VVIX_History.csv,2026-10-02T14:42:11.510175+00:00
2017-09-18,90.46,https://cdn.cboe.com/api/global/us_indices/daily_prices/VVIX_History.csv,2026-10-02T14:42:11.510175+00:00
2017-09-19,91.22,https://cdn.cboe.com/api/global/us_indices/daily_prices/VVIX_History.csv,2026-10-02T14:42:11.510175+00:00
2017-09-20,90.91,https://cdn.cboe.com/api/global/us_indices/daily_prices/VVIX_History.csv,2026-10-02T14:42:11.510175+00:00
2017-09-21,92.32,https://cdn.cboe.com/api/global/us_indices/daily_prices/VVIX_History.csv,2026-10-02T14:42:11.510175+00:00
2017-09-22,93.29,https://cdn.cboe.com/api/global/us_indices/daily_prices/VVIX_History.csv,2026-10-02T14:42:11.510175+00:00
2017-09-25,96.4,https://cdn.cboe.com/api/global/us_indices/daily_prices/VVIX_History.csv,2026-10-02T14:42:11.510175+00:00
2017-09-26,94.81,https://cdn.cboe.com/api/global/us_indices/daily_prices/VVIX_History.csv,2026-10-02T14:42:11.510175+00:00
2017-09-27,95.36,https://cdn.cboe.com/api/global/us_indices/daily_prices/VVIX_History.csv,2026-10-02T14:42:11.510175+00:00
2017-09-28,94.1,https://cdn.cboe.com/api/global/us_indices/daily_prices/VVIX_History.csv,2026-10-02T14:42:11.510175+00:00
2017-09-29,93.14,https://cdn.cboe.com/api/global/us_indices/daily_prices/VVIX_History.csv,2026-10-02T14:42:11.510175+00:00
2017-10-02,92.48,https://cdn.cboe.com/api/global/us_indices/daily_prices/VVIX_History.csv,2026-10-02T14:42:11.510175+00:00
2017-10-03,91.59,https://cdn.cboe.com/api/global/us_indices/daily_prices/VVIX_History.csv,2026-10-02T14:42:11.510175+00:00
2017-10-04,92.12,https://cdn.cboe.com/api/global/us_indices/daily_prices/VVIX_History.csv,2026-10-02T14:42:11.510175+00:00
2017-10-05,91.79,https://cdn.cboe.com/api/global/us_indices/daily_prices/VVIX_History.csv,2026-10-02T14:42:11.510175+00:00
2017-10-06,97.09,https://cdn.cboe.com/api/global/us_indices/daily_prices/VVIX_History.csv,2026-10-02T14:42:11.510175+00:00
2017-10-09,101.83,https://cdn.cboe.com/api/global/us_indices/daily_prices/VVIX_History.csv,2026-10-02T14:42:11.510175+00:00
2017-10-10,97.33,https://cdn.cboe.com/api/global/us_indices/daily_prices/VVIX_History.csv,2026-10-02T14:42:11.510175+00:00
2017-10-11,99.22,https://cdn.cboe.com/api/global/us_indices/daily_prices/VVIX_History.csv,2026-10-02T14:42:11.510175+00:00
2017-10-12,97.77,https://cdn.cboe.com/api/global/us_indices/daily_prices/VVIX_History.csv,2026-10-02T14:42:11.510175+00:00
2017-10-13,97.8,https://cdn.cboe.com/api/global/us_indices/daily_prices/VVIX_History.csv,2026-10-02T14:42:11.510175+00:00
2017-10-16,97.65,https://cdn.cboe.com/api/global/us_indices/daily_prices/VVIX_History.csv,2026-10-02T14:42:11.510175+00:00
2017-10-17,98.74,https://cdn.cboe.com/api/global/us_indices/daily_prices/VVIX_History.csv,2026-10-02T14:42:11.510175+00:00
2017-10-18,94.34,https://cdn.cboe.com/api/global/us_indices/daily_prices/VVIX_History.csv,2026-10-02T14:42:11.510175+00:00
2017-10-19,93.33,https://cdn.cboe.com/api/global/us_indices/daily_prices/VVIX_History.csv,2026-10-02T14:42:11.510175+00:00
2017-10-20,90.53,https://cdn.cboe.com/api/global/us_indices/daily_prices/VVIX_History.csv,2026-10-02T14:42:11.510175+00:00
2017-10-23,97.09,https://cdn.cboe.com/api/global/us_indices/daily_prices/VVIX_History.csv,2026-10-02T14:42:11.510175+00:00
2017-10-24,98.43,https://cdn.cboe.com/api/global/us_indices/daily_prices/VVIX_History.csv,2026-10-02T14:42:11.510175+00:00
2017-10-25,100.16,https://cdn.cboe.com/api/global/us_indices/daily_prices/VVIX_History.csv,2026-10-02T14:42:11.510175+00:00
2017-10-26,97.73,https://cdn.cboe.com/api/global/us_indices/daily_prices/VVIX_History.csv,2026-10-02T14:42:11.510175+00:00
2017-10-27,92.78,https://cdn.cboe.com/api/global/us_indices/daily_prices/VVIX_History.csv,2026-10-02T14:42:11.510175+00:00
2017-10-30,95.19,https://cdn.cboe.com/api/global/us_indices/daily_prices/VVIX_History.csv,2026-10-02T14:42:11.510175+00:00
2017-10-31,92.01,https://cdn.cboe.com/api/global/us_indices/daily_prices/VVIX_History.csv,2026-10-02T14:42:11.510175+00:00
2017-11-01,92.0,https://cdn.cboe.com/api/global/us_indices/daily_prices/VVIX_History.csv,2026-10-02T14:42:11.510175+00:00
2017-11-02,91.48,https://cdn.cboe.com/api/global/us_indices/daily_prices/VVIX_History.csv,2026-10-02T14:42:11.510175+00:00
2017-11-03,89.68,https://cdn.cboe.com/api/global/us_indices/daily_prices/VVIX_History.csv,2026-10-02T14:42:11.510175+00:00
2017-11-06,91.25,https://cdn.cboe.com/api/global/us_indices/daily_prices/VVIX_History.csv,2026-10-02T14:42:11.510175+00:00
2017-11-07,93.45,https://cdn.cboe.com/api/global/us_indices/daily_prices/VVIX_History.csv,2026-10-02T14:42:11.510175+00:00
2017-11-08,97.74,https://cdn.cboe.com/api/global/us_indices/daily_prices/VVIX_History.csv,2026-10-02T14:42:11.510175+00:00
2017-11-09,98.82,https://cdn.cboe.com/api/global/us_indices/daily_prices/VVIX_History.csv,2026-10-02T14:42:11.510175+00:00
2017-11-10,104.76,https://cdn.cboe.com/api/global/us_indices/daily_prices/VVIX_History.csv,2026-10-02T14:42:11.510175+00:00
2017-11-13,106.3,https://cdn.cboe.com/api/global/us_indices/daily_prices/VVIX_History.csv,2026-10-02T14:42:11.510175+00:00
2017-11-14,103.18,https://cdn.cboe.com/api/global/us_indices/daily_prices/VVIX_History.csv,2026-10-02T14:42:11.510175+00:00
2017-11-15,106.27,https://cdn.cboe.com/api/global/us_indices/daily_prices/VVIX_History.csv,2026-10-02T14:42:11.510175+00:00
2017-11-16,100.15,https://cdn.cboe.com/api/global/us_indices/daily_prices/VVIX_History.csv,2026-10-02T14:42:11.510175+00:00
2017-11-17,97.12,https://cdn.cboe.com/api/global/us_indices/daily_prices/VVIX_History.csv,2026-10-02T14:42:11.510175+00:00
2017-11-20,93.76,https://cdn.cboe.com/api/global/us_indices/daily_prices/VVIX_History.csv,2026-10-02T14:42:11.510175+00:00
2017-11-21,89.27,https://cdn.cboe.com/api/global/us_indices/daily_prices/VVIX_History.csv,2026-10-02T14:42:11.510175+00:00
2017-11-22,86.42,https://cdn.cboe.com/api/global/us_indices/daily_prices/VVIX_History.csv,2026-10-02T14:42:11.510175+00:00
2017-11-24,86.32,https://cdn.cboe.com/api/global/us_indices/daily_prices/VVIX_History.csv,2026-10-02T14:42:11.510175+00:00
2017-11-27,86.58,https://cdn.cboe.com/api/global/us_indices/daily_prices/VVIX_History.csv,2026-10-02T14:42:11.510175+00:00
2017-11-28,85.73,https://cdn.cboe.com/api/global/us_indices/daily_prices/VVIX_History.csv,2026-10-02T14:42:11.510175+00:00
2017-11-29,89.57,https://cdn.cboe.com/api/global/us_indices/daily_prices/VVIX_History.csv,2026-10-02T14:42:11.510175+00:00
2017-11-30,89.94,https://cdn.cboe.com/api/global/us_indices/daily_prices/VVIX_History.csv,2026-10-02T14:42:11.510175+00:00
2017-12-01,95.03,https://cdn.cboe.com/api/global/us_indices/daily_prices/VVIX_History.csv,2026-10-02T14:42:11.510175+00:00
2017-12-04,97.57,https://cdn.cboe.com/api/global/us_indices/daily_prices/VVIX_History.csv,2026-10-02T14:42:11.510175+00:00
2017-12-05,97.95,https://cdn.cboe.com/api/global/us_indices/daily_prices/VVIX_History.csv,2026-10-02T14:42:11.510175+00:00
2017-12-06,98.17,https://cdn.cboe.com/api/global/us_indices/daily_prices/VVIX_History.csv,2026-10-02T14:42:11.510175+00:00
2017-12-07,95.83,https://cdn.cboe.com/api/global/us_indices/daily_prices/VVIX_History.csv,2026-10-02T14:42:11.510175+00:00
2017-12-08,91.89,https://cdn.cboe.com/api/global/us_indices/daily_prices/VVIX_History.csv,2026-10-02T14:42:11.510175+00:00
2017-12-11,92.06,https://cdn.cboe.com/api/global/us_indices/daily_prices/VVIX_History.csv,2026-10-02T14:42:11.510175+00:00
2017-12-12,93.27,https://cdn.cboe.com/api/global/us_indices/daily_prices/VVIX_History.csv,2026-10-02T14:42:11.510175+00:00
2017-12-13,95.56,https://cdn.cboe.com/api/global/us_indices/daily_prices/VVIX_History.csv,2026-10-02T14:42:11.510175+00:00
2017-12-14,96.07,https://cdn.cboe.com/api/global/us_indices/daily_prices/VVIX_History.csv,2026-10-02T14:42:11.510175+00:00
2017-12-15,92.2,https://cdn.cboe.com/api/global/us_indices/daily_prices/VVIX_History.csv,2026-10-02T14:42:11.510175+00:00
2017-12-18,90.64,https://cdn.cboe.com/api/global/us_indices/daily_prices/VVIX_History.csv,2026-10-02T14:42:11.510175+00:00
2017-12-19,93.58,https://cdn.cboe.com/api/global/us_indices/daily_prices/VVIX_History.csv,2026-10-02T14:42:11.510175+00:00
2017-12-20,92.86,https://cdn.cboe.com/api/global/us_indices/daily_prices/VVIX_History.csv,2026-10-02T14:42:11.510175+00:00
2017-12-21,92.21,https://cdn.cboe.com/api/global/us_indices/daily_prices/VVIX_History.csv,2026-10-02T14:42:11.510175+00:00
2017-12-22,94.9,https://cdn.cboe.com/api/global/us_indices/daily_prices/VVIX_History.csv,2026-10-02T14:42:11.510175+00:00
2017-12-26,97.56,https://cdn.cboe.com/api/global/us_indices/daily_prices/VVIX_History.csv,2026-10-02T14:42:11.510175+00:00
2017-12-27,97.08,https://cdn.cboe.com/api/global/us_indices/daily_prices/VVIX_History.csv,2026-10-02T14:42:11.510175+00:00
2017-12-28,97.25,https://cdn.cboe.com/api/global/us_indices/daily_prices/VVIX_History.csv,2026-10-02T14:42:11.510175+00:00
2017-12-29,100.76,https://cdn.cboe.com/api/global/us_indices/daily_prices/VVIX_History.csv,2026-10-02T14:42:11.510175+00:00
2018-01-02,97.36,https://cdn.cboe.com/api/global/us_indices/daily_prices/VVIX_History.csv,2026-10-02T14:42:11.510175+00:00
2018-01-03,94.4,https://cdn.cboe.com/api/global/us_indices/daily_prices/VVIX_History.csv,2026-10-02T14:42:11.510175+00:00
2018-01-04,94.21,https://cdn.cboe.com/api/global/us_indices/daily_prices/VVIX_History.csv,2026-10-02T14:42:11.510175+00:00
2018-01-05,93.1,https://cdn.cboe.com/api/global/us_indices/daily_prices/VVIX_History.csv,2026-10-02T14:42:11.510175+00:00
2018-01-08,93.97,https://cdn.cboe.com/api/global/us_indices/daily_prices/VVIX_History.csv,2026-10-02T14:42:11.510175+00:00
2018-01-09,94.74,https://cdn.cboe.com/api/global/us_indices/daily_prices/VVIX_History.csv,2026-10-02T14:42:11.510175+00:00
2018-01-10,93.7,https://cdn.cboe.com/api/global/us_indices/daily_prices/VVIX_History.csv,2026-10-02T14:42:11.510175+00:00
2018-01-11,92.24,https://cdn.cboe.com/api/global/us_indices/daily_prices/VVIX_History.csv,2026-10-02T14:42:11.510175+00:00
2018-01-12,92.22,https://cdn.cboe.com/api/global/us_indices/daily_prices/VVIX_History.csv,2026-10-02T14:42:11.510175+00:00
2018-01-16,106.49,https://cdn.cboe.com/api/global/us_indices/daily_prices/VVIX_History.csv,2026-10-02T14:42:11.510175+00:00
2018-01-17,102.46,https://cdn.cboe.com/api/global/us_indices/daily_prices/VVIX_History.csv,2026-10-02T14:42:11.510175+00:00
2018-01-18,103.68,https://cdn.cboe.com/api/global/us_indices/daily_prices/VVIX_History.csv,2026-10-02T14:42:11.510175+00:00
2018-01-19,101.59,https://cdn.cboe.com/api/global/us_indices/daily_prices/VVIX_History.csv,2026-10-02T14:42:11.510175+00:00
2018-01-22,99.68,https://cdn.cboe.com/api/global/us_indices/daily_prices/VVIX_History.csv,2026-10-02T14:42:11.510175+00:00
2018-01-23,98.59,https://cdn.cboe.com/api/global/us_indices/daily_prices/VVIX_History.csv,2026-10-02T14:42:11.510175+00:00
2018-01-24,99.77,https://cdn.cboe.com/api/global/us_indices/daily_prices/VVIX_History.csv,2026-10-02T14:42:11.510175+00:00
2018-01-25,101.78,https://cdn.cboe.com/api/global/us_indices/daily_prices/VVIX_History.csv,2026-10-02T14:42:11.510175+00:00
2018-01-26,98.65,https://cdn.cboe.com/api/global/us_indices/daily_prices/VVIX_History.csv,2026-10-02T14:42:11.510175+00:00
2018-01-29,110.01,https://cdn.cboe.com/api/global/us_indices/daily_prices/VVIX_History.csv,2026-10-02T14:42:11.510175+00:00
2018-01-30,113.48,https://cdn.cboe.com/api/global/us_indices/daily_prices/VVIX_History.csv,2026-10-02T14:42:11.510175+00:00
2018-01-31,108.41,https://cdn.cboe.com/api/global/us_indices/daily_prices/VVIX_History.csv,2026-10-02T14:42:11.510175+00:00
2018-02-01,105.77,https://cdn.cboe.com/api/global/us_indices/daily_prices/VVIX_History.csv,2026-10-02T14:42:11.510175+00:00
2018-02-02,125.51,https://cdn.cboe.com/api/global/us_indices/daily_prices/VVIX_History.csv,2026-10-02T14:42:11.510175+00:00
2018-02-05,177.34,https://cdn.cboe.com/api/global/us_indices/daily_prices/VVIX_History.csv,2026-10-02T14:42:11.510175+00:00
2018-02-06,161.12,https://cdn.cboe.com/api/global/us_indices/daily_prices/VVIX_History.csv,2026-10-02T14:42:11.510175+00:00
2018-02-07,159.03,https://cdn.cboe.com/api/global/us_indices/daily_prices/VVIX_History.csv,2026-10-02T14:42:11.510175+00:00
2018-02-08,180.61,https://cdn.cboe.com/api/global/us_indices/daily_prices/VVIX_History.csv,2026-10-02T14:42:11.510175+00:00
2018-02-09,167.28,https://cdn.cboe.com/api/global/us_indices/daily_prices/VVIX_History.csv,2026-10-02T14:42:11.510175+00:00
2018-02-12,140.8,https://cdn.cboe.com/api/global/us_indices/daily_prices/VVIX_History.csv,2026-10-02T14:42:11.510175+00:00
2018-02-13,136.58,https://cdn.cboe.com/api/global/us_indices/daily_prices/VVIX_History.csv,2026-10-02T14:42:11.510175+00:00
2018-02-14,124.49,https://cdn.cboe.com/api/global/us_indices/daily_prices/VVIX_History.csv,2026-10-02T14:42:11.510175+00:00
2018-02-15,122.76,https://cdn.cboe.com/api/global/us_indices/daily_prices/VVIX_History.csv,2026-10-02T14:42:11.510175+00:00
2018-02-16,121.2,https://cdn.cboe.com/api/global/us_indices/daily_prices/VVIX_History.csv,2026-10-02T14:42:11.510175+00:00
2018-02-20,122.58,https://cdn.cboe.com/api/global/us_indices/daily_prices/VVIX_History.csv,2026-10-02T14:42:11.510175+00:00
2018-02-21,125.73,https://cdn.cboe.com/api/global/us_indices/daily_prices/VVIX_History.csv,2026-10-02T14:42:11.510175+00:00
2018-02-22,116.98,https://cdn.cboe.com/api/global/us_indices/daily_prices/VVIX_History.csv,2026-10-02T14:42:11.510175+00:00
2018-02-23,110.19,https://cdn.cboe.com/api/global/us_indices/daily_prices/VVIX_History.csv,2026-10-02T14:42:11.510175+00:00
2018-02-26,107.68,https://cdn.cboe.com/api/global/us_indices/daily_prices/VVIX_History.csv,2026-10-02T14:42:11.510175+00:00
2018-02-27,119.5,https://cdn.cboe.com/api/global/us_indices/daily_prices/VVIX_History.csv,2026-10-02T14:42:11.510175+00:00
2018-02-28,121.7,https://cdn.cboe.com/api/global/us_indices/daily_prices/VVIX_History.csv,2026-10-02T14:42:11.510175+00:00
2018-03-01,128.14,https://cdn.cboe.com/api/global/us_indices/daily_prices/VVIX_History.csv,2026-10-02T14:42:11.510175+00:00
2018-03-02,114.78,https://cdn.cboe.com/api/global/us_indices/daily_prices/VVIX_History.csv,2026-10-02T14:42:11.510175+00:00
2018-03-05,109.66,https://cdn.cboe.com/api/global/us_indices/daily_prices/VVIX_History.csv,2026-10-02T14:42:11.510175+00:00
2018-03-06,104.61,https://cdn.cboe.com/api/global/us_indices/daily_prices/VVIX_History.csv,2026-10-02T14:42:11.510175+00:00
2018-03-07,99.49,https://cdn.cboe.com/api/global/us_indices/daily_prices/VVIX_History.csv,2026-10-02T14:42:11.510175+00:00
2018-03-08,96.92,https://cdn.cboe.com/api/global/us_indices/daily_prices/VVIX_History.csv,2026-10-02T14:42:11.510175+00:00
2018-03-09,99.71,https://cdn.cboe.com/api/global/us_indices/daily_prices/VVIX_History.csv,2026-10-02T14:42:11.510175+00:00
2018-03-12,104.94,https://cdn.cboe.com/api/global/us_indices/daily_prices/VVIX_History.csv,2026-10-02T14:42:11.510175+00:00
2018-03-13,107.04,https://cdn.cboe.com/api/global/us_indices/daily_prices/VVIX_History.csv,2026-10-02T14:42:11.510175+00:00
2018-03-14,110.29,https://cdn.cboe.com/api/global/us_indices/daily_prices/VVIX_History.csv,2026-10-02T14:42:11.510175+00:00
2018-03-15,109.28,https://cdn.cboe.com/api/global/us_indices/daily_prices/VVIX_History.csv,2026-10-02T14:42:11.510175+00:00
2018-03-16,106.49,https://cdn.cboe.com/api/global/us_indices/daily_prices/VVIX_History.csv,2026-10-02T14:42:11.510175+00:00
2018-03-19,112.92,https://cdn.cboe.com/api/global/us_indices/daily_prices/VVIX_History.csv,2026-10-02T14:42:11.510175+00:00
2018-03-20,107.13,https://cdn.cboe.com/api/global/us_indices/daily_prices/VVIX_History.csv,2026-10-02T14:42:11.510175+00:00
2018-03-21,106.6,https://cdn.cboe.com/api/global/us_indices/daily_prices/VVIX_History.csv,2026-10-02T14:42:11.510175+00:00
2018-03-22,125.12,https://cdn.cboe.com/api/global/us_indices/daily_prices/VVIX_History.csv,2026-10-02T14:42:11.510175+00:00
2018-03-23,129.82,https://cdn.cboe.com/api/global/us_indices/daily_prices/VVIX_History.csv,2026-10-02T14:42:11.510175+00:00
2018-03-26,113.08,https://cdn.cboe.com/api/global/us_indices/daily_prices/VVIX_History.csv,2026-10-02T14:42:11.510175+00:00
2018-03-27,118.61,https://cdn.cboe.com/api/global/us_indices/daily_prices/VVIX_History.csv,2026-10-02T14:42:11.510175+00:00
2018-03-28,114.02,https://cdn.cboe.com/api/global/us_indices/daily_prices/VVIX_History.csv,2026-10-02T14:42:11.510175+00:00
2018-03-29,103.32,https://cdn.cboe.com/api/global/us_indices/daily_prices/VVIX_History.csv,2026-10-02T14:42:11.510175+00:00
2018-04-02,111.67,https://cdn.cboe.com/api/global/us_indices/daily_prices/VVIX_History.csv,2026-10-02T14:42:11.510175+00:00
2018-04-03,102.06,https://cdn.cboe.com/api/global/us_indices/daily_prices/VVIX_History.csv,2026-10-02T14:42:11.510175+00:00
2018-04-04,95.44,https://cdn.cboe.com/api/global/us_indices/daily_prices/VVIX_History.csv,2026-10-02T14:42:11.510175+00:00
2018-04-05,92.21,https://cdn.cboe.com/api/global/us_indices/daily_prices/VVIX_History.csv,2026-10-02T14:42:11.510175+00:00
2018-04-06,98.6,https://cdn.cboe.com/api/global/us_indices/daily_prices/VVIX_History.csv,2026-10-02T14:42:11.510175+00:00
2018-04-09,100.24,https://cdn.cboe.com/api/global/us_indices/daily_prices/VVIX_History.csv,2026-10-02T14:42:11.510175+00:00
2018-04-10,98.21,https://cdn.cboe.com/api/global/us_indices/daily_prices/VVIX_History.csv,2026-10-02T14:42:11.510175+00:00
2018-04-11,100.02,https://cdn.cboe.com/api/global/us_indices/daily_prices/VVIX_History.csv,2026-10-02T14:42:11.510175+00:00
2018-04-12,98.08,https://cdn.cboe.com/api/global/us_indices/daily_prices/VVIX_History.csv,2026-10-02T14:42:11.510175+00:00
2018-04-13,93.94,https://cdn.cboe.com/api/global/us_indices/daily_prices/VVIX_History.csv,2026-10-02T14:42:11.510175+00:00
2018-04-16,93.22,https://cdn.cboe.com/api/global/us_indices/daily_prices/VVIX_History.csv,2026-10-02T14:42:11.510175+00:00
2018-04-17,89.59,https://cdn.cboe.com/api/global/us_indices/daily_prices/VVIX_History.csv,2026-10-02T14:42:11.510175+00:00
2018-04-18,92.41,https://cdn.cboe.com/api/global/us_indices/daily_prices/VVIX_History.csv,2026-10-02T14:42:11.510175+00:00
2018-04-19,95.38,https://cdn.cboe.com/api/global/us_indices/daily_prices/VVIX_History.csv,2026-10-02T14:42:11.510175+00:00
2018-04-20,99.21,https://cdn.cboe.com/api/global/us_indices/daily_prices/VVIX_History.csv,2026-10-02T14:42:11.510175+00:00
2018-04-23,96.87,https://cdn.cboe.com/api/global/us_indices/daily_prices/VVIX_History.csv,2026-10-02T14:42:11.510175+00:00
2018-04-24,100.81,https://cdn.cboe.com/api/global/us_indices/daily_prices/VVIX_History.csv,2026-10-02T14:42:11.510175+00:00
2018-04-25,97.8,https://cdn.cboe.com/api/global/us_indices/daily_prices/VVIX_History.csv,2026-10-02T14:42:11.510175+00:00
2018-04-26,90.71,https://cdn.cboe.com/api/global/us_indices/daily_prices/VVIX_History.csv,2026-10-02T14:42:11.510175+00:00
2018-04-27,92.15,https://cdn.cboe.com/api/global/us_indices/daily_prices/VVIX_History.csv,2026-10-02T14:42:11.510175+00:00
2018-04-30,94.3,https://cdn.cboe.com/api/global/us_indices/daily_prices/VVIX_History.csv,2026-10-02T14:42:11.510175+00:00
2018-05-01,89.97,https://cdn.cboe.com/api/global/us_indices/daily_prices/VVIX_History.csv,2026-10-02T14:42:11.510175+00:00
2018-05-02,93.79,https://cdn.cboe.com/api/global/us_indices/daily_prices/VVIX_History.csv,2026-10-02T14:42:11.510175+00:00
2018-05-03,91.07,https://cdn.cboe.com/api/global/us_indices/daily_prices/VVIX_History.csv,2026-10-02T14:42:11.510175+00:00
2018-05-04,88.12,https://cdn.cboe.com/api/global/us_indices/daily_prices/VVIX_History.csv,2026-10-02T14:42:11.510175+00:00
2018-05-07,90.71,https://cdn.cboe.com/api/global/us_indices/daily_prices/VVIX_History.csv,2026-10-02T14:42:11.510175+00:00
2018-05-08,89.5,https://cdn.cboe.com/api/global/us_indices/daily_prices/VVIX_History.csv,2026-10-02T14:42:11.510175+00:00
2018-05-09,93.89,https://cdn.cboe.com/api/global/us_indices/daily_prices/VVIX_History.csv,2026-10-02T14:42:11.510175+00:00
2018-05-10,93.02,https://cdn.cboe.com/api/global/us_indices/daily_prices/VVIX_History.csv,2026-10-02T14:42:11.510175+00:00
2018-05-11,90.03,https://cdn.cboe.com/api/global/us_indices/daily_prices/VVIX_History.csv,2026-10-02T14:42:11.510175+00:00
2018-05-14,92.62,https://cdn.cboe.com/api/global/us_indices/daily_prices/VVIX_History.csv,2026-10-02T14:42:11.510175+00:00
2018-05-15,99.18,https://cdn.cboe.com/api/global/us_indices/daily_prices/VVIX_History.csv,2026-10-02T14:42:11.510175+00:00
2018-05-16,94.79,https://cdn.cboe.com/api/global/us_indices/daily_prices/VVIX_History.csv,2026-10-02T14:42:11.510175+00:00
2018-05-17,93.48,https://cdn.cboe.com/api/global/us_indices/daily_prices/VVIX_History.csv,2026-10-02T14:42:11.510175+00:00
2018-05-18,94.76,https://cdn.cboe.com/api/global/us_indices/daily_prices/VVIX_History.csv,2026-10-02T14:42:11.510175+00:00
2018-05-21,91.04,https://cdn.cboe.com/api/global/us_indices/daily_prices/VVIX_History.csv,2026-10-02T14:42:11.510175+00:00
2018-05-22,90.47,https://cdn.cboe.com/api/global/us_indices/daily_prices/VVIX_History.csv,2026-10-02T14:42:11.510175+00:00
2018-05-23,89.8,https://cdn.cboe.com/api/global/us_indices/daily_prices/VVIX_History.csv,2026-10-02T14:42:11.510175+00:00
2018-05-24,90.64,https://cdn.cboe.com/api/global/us_indices/daily_prices/VVIX_History.csv,2026-10-02T14:42:11.510175+00:00
2018-05-25,93.78,https://cdn.cboe.com/api/global/us_indices/daily_prices/VVIX_History.csv,2026-10-02T14:42:11.510175+00:00
2018-05-29,108.67,https://cdn.cboe.com/api/global/us_indices/daily_prices/VVIX_History.csv,2026-10-02T14:42:11.510175+00:00
2018-05-30,99.08,https://cdn.cboe.com/api/global/us_indices/daily_prices/VVIX_History.csv,2026-10-02T14:42:11.510175+00:00
2018-05-31,100.63,https://cdn.cboe.com/api/global/us_indices/daily_prices/VVIX_History.csv,2026-10-02T14:42:11.510175+00:00
2018-06-01,93.3,https://cdn.cboe.com/api/global/us_indices/daily_prices/VVIX_History.csv,2026-10-02T14:42:11.510175+00:00
2018-06-04,90.83,https://cdn.cboe.com/api/global/us_indices/daily_prices/VVIX_History.csv,2026-10-02T14:42:11.510175+00:00
2018-06-05,89.84,https://cdn.cboe.com/api/global/us_indices/daily_prices/VVIX_History.csv,2026-10-02T14:42:11.510175+00:00
2018-06-06,88.12,https://cdn.cboe.com/api/global/us_indices/daily_prices/VVIX_History.csv,2026-10-02T14:42:11.510175+00:00
2018-06-07,91.28,https://cdn.cboe.com/api/global/us_indices/daily_prices/VVIX_History.csv,2026-10-02T14:42:11.510175+00:00
2018-06-08,93.49,https://cdn.cboe.com/api/global/us_indices/daily_prices/VVIX_History.csv,2026-10-02T14:42:11.510175+00:00
2018-06-11,94.54,https://cdn.cboe.com/api/global/us_indices/daily_prices/VVIX_History.csv,2026-10-02T14:42:11.510175+00:00
2018-06-12,95.71,https://cdn.cboe.com/api/global/us_indices/daily_prices/VVIX_History.csv,2026-10-02T14:42:11.510175+00:00
2018-06-13,100.01,https://cdn.cboe.com/api/global/us_indices/daily_prices/VVIX_History.csv,2026-10-02T14:42:11.510175+00:00
2018-06-14,98.21,https://cdn.cboe.com/api/global/us_indices/daily_prices/VVIX_History.csv,2026-10-02T14:42:11.510175+00:00
2018-06-15,101.66,https://cdn.cboe.com/api/global/us_indices/daily_prices/VVIX_History.csv,2026-10-02T14:42:11.510175+00:00
2018-06-18,99.87,https://cdn.cboe.com/api/global/us_indices/daily_prices/VVIX_History.csv,2026-10-02T14:42:11.510175+00:00
2018-06-19,104.13,https://cdn.cboe.com/api/global/us_indices/daily_prices/VVIX_History.csv,2026-10-02T14:42:11.510175+00:00
2018-06-20,98.51,https://cdn.cboe.com/api/global/us_indices/daily_prices/VVIX_History.csv,2026-10-02T14:42:11.510175+00:00
2018-06-21,107.45,https://cdn.cboe.com/api/global/us_indices/daily_prices/VVIX_History.csv,2026-10-02T14:42:11.510175+00:00
2018-06-22,102.49,https://cdn.cboe.com/api/global/us_indices/daily_prices/VVIX_History.csv,2026-10-02T14:42:11.510175+00:00
2018-06-25,114.32,https://cdn.cboe.com/api/global/us_indices/daily_prices/VVIX_History.csv,2026-10-02T14:42:11.510175+00:00
2018-06-26,107.52,https://cdn.cboe.com/api/global/us_indices/daily_prices/VVIX_History.csv,2026-10-02T14:42:11.510175+00:00
2018-06-27,112.75,https://cdn.cboe.com/api/global/us_indices/daily_prices/VVIX_History.csv,2026-10-02T14:42:11.510175+00:00
2018-06-28,108.88,https://cdn.cboe.com/api/global/us_indices/daily_prices/VVIX_History.csv,2026-10-02T14:42:11.510175+00:00
2018-06-29,105.97,https://cdn.cboe.com/api/global/us_indices/daily_prices/VVIX_History.csv,2026-10-02T14:42:11.510175+00:00
2018-07-02,104.8,https://cdn.cboe.com/api/global/us_indices/daily_prices/VVIX_History.csv,2026-10-02T14:42:11.510175+00:00
2018-07-03,108.5,https://cdn.cboe.com/api/global/us_indices/daily_prices/VVIX_History.csv,2026-10-02T14:42:11.510175+00:00
2018-07-05,103.22,https://cdn.cboe.com/api/global/us_indices/daily_prices/VVIX_History.csv,2026-10-02T14:42:11.510175+00:00
2018-07-06,95.74,https://cdn.cboe.com/api/global/us_indices/daily_prices/VVIX_History.csv,2026-10-02T14:42:11.510175+00:00
2018-07-09,94.16,https://cdn.cboe.com/api/global/us_indices/daily_prices/VVIX_History.csv,2026-10-02T14:42:11.510175+00:00
2018-07-10,91.96,https://cdn.cboe.com/api/global/us_indices/daily_prices/VVIX_History.csv,2026-10-02T14:42:11.510175+00:00
2018-07-11,104.5,https://cdn.cboe.com/api/global/us_indices/daily_prices/VVIX_History.csv,2026-10-02T14:42:11.510175+00:00
2018-07-12,100.82,https://cdn.cboe.com/api/global/us_indices/daily_prices/VVIX_History.csv,2026-10-02T14:42:11.510175+00:00
2018-07-13,99.81,https://cdn.cboe.com/api/global/us_indices/daily_prices/VVIX_History.csv,2026-10-02T14:42:11.510175+00:00
2018-07-16,100.95,https://cdn.cboe.com/api/global/us_indices/daily_prices/VVIX_History.csv,2026-10-02T14:42:11.510175+00:00
2018-07-17,98.56,https://cdn.cboe.com/api/global/us_indices/daily_prices/VVIX_History.csv,2026-10-02T14:42:11.510175+00:00
2018-07-18,98.08,https://cdn.cboe.com/api/global/us_indices/daily_prices/VVIX_History.csv,2026-10-02T14:42:11.510175+00:00
2018-07-19,100.58,https://cdn.cboe.com/api/global/us_indices/daily_prices/VVIX_History.csv,2026-10-02T14:42:11.510175+00:00
2018-07-20,102.76,https://cdn.cboe.com/api/global/us_indices/daily_prices/VVIX_History.csv,2026-10-02T14:42:11.510175+00:00
2018-07-23,102.04,https://cdn.cboe.com/api/global/us_indices/daily_prices/VVIX_History.csv,2026-10-02T14:42:11.510175+00:00
2018-07-24,98.68,https://cdn.cboe.com/api/global/us_indices/daily_prices/VVIX_History.csv,2026-10-02T14:42:11.510175+00:00
2018-07-25,94.2,https://cdn.cboe.com/api/global/us_indices/daily_prices/VVIX_History.csv,2026-10-02T14:42:11.510175+00:00
2018-07-26,91.66,https://cdn.cboe.com/api/global/us_indices/daily_prices/VVIX_History.csv,2026-10-02T14:42:11.510175+00:00
2018-07-27,97.15,https://cdn.cboe.com/api/global/us_indices/daily_prices/VVIX_History.csv,2026-10-02T14:42:11.510175+00:00
2018-07-30,101.41,https://cdn.cboe.com/api/global/us_indices/daily_prices/VVIX_History.csv,2026-10-02T14:42:11.510175+00:00
2018-07-31,94.13,https://cdn.cboe.com/api/global/us_indices/daily_prices/VVIX_History.csv,2026-10-02T14:42:11.510175+00:00
2018-08-01,95.28,https://cdn.cboe.com/api/global/us_indices/daily_prices/VVIX_History.csv,2026-10-02T14:42:11.510175+00:00
2018-08-02,91.66,https://cdn.cboe.com/api/global/us_indices/daily_prices/VVIX_History.csv,2026-10-02T14:42:11.510175+00:00
2018-08-03,86.6,https://cdn.cboe.com/api/global/us_indices/daily_prices/VVIX_History.csv,2026-10-02T14:42:11.510175+00:00
2018-08-06,84.66,https://cdn.cboe.com/api/global/us_indices/daily_prices/VVIX_History.csv,2026-10-02T14:42:11.510175+00:00
2018-08-07,83.21,https://cdn.cboe.com/api/global/us_indices/daily_prices/VVIX_History.csv,2026-10-02T14:42:11.510175+00:00
2018-08-08,84.42,https://cdn.cboe.com/api/global/us_indices/daily_prices/VVIX_History.csv,2026-10-02T14:42:11.510175+00:00
2018-08-09,88.69,https://cdn.cboe.com/api/global/us_indices/daily_prices/VVIX_History.csv,2026-10-02T14:42:11.510175+00:00
2018-08-10,99.07,https://cdn.cboe.com/api/global/us_indices/daily_prices/VVIX_History.csv,2026-10-02T14:42:11.510175+00:00
2018-08-13,107.78,https://cdn.cboe.com/api/global/us_indices/daily_prices/VVIX_History.csv,2026-10-02T14:42:11.510175+00:00
2018-08-14,100.34,https://cdn.cboe.com/api/global/us_indices/daily_prices/VVIX_History.csv,2026-10-02T14:42:11.510175+00:00
2018-08-15,111.13,https://cdn.cboe.com/api/global/us_indices/daily_prices/VVIX_History.csv,2026-10-02T14:42:11.510175+00:00
2018-08-16,103.49,https://cdn.cboe.com/api/global/us_indices/daily_prices/VVIX_History.csv,2026-10-02T14:42:11.510175+00:00
2018-08-17,101.81,https://cdn.cboe.com/api/global/us_indices/daily_prices/VVIX_History.csv,2026-10-02T14:42:11.510175+00:00
2018-08-20,100.77,https://cdn.cboe.com/api/global/us_indices/daily_prices/VVIX_History.csv,2026-10-02T14:42:11.510175+00:00
2018-08-21,101.56,https://cdn.cboe.com/api/global/us_indices/daily_prices/VVIX_History.csv,2026-10-02T14:42:11.510175+00:00
2018-08-22,95.72,https://cdn.cboe.com/api/global/us_indices/daily_prices/VVIX_History.csv,2026-10-02T14:42:11.510175+00:00
2018-08-23,95.92,https://cdn.cboe.com/api/global/us_indices/daily_prices/VVIX_History.csv,2026-10-02T14:42:11.510175+00:00
2018-08-24,93.95,https://cdn.cboe.com/api/global/us_indices/daily_prices/VVIX_History.csv,2026-10-02T14:42:11.510175+00:00
2018-08-27,93.39,https://cdn.cboe.com/api/global/us_indices/daily_prices/VVIX_History.csv,2026-10-02T14:42:11.510175+00:00
2018-08-28,92.31,https://cdn.cboe.com/api/global/us_indices/daily_prices/VVIX_History.csv,2026-10-02T14:42:11.510175+00:00
2018-08-29,91.1,https://cdn.cboe.com/api/global/us_indices/daily_prices/VVIX_History.csv,2026-10-02T14:42:11.510175+00:00
2018-08-30,95.11,https://cdn.cboe.com/api/global/us_indices/daily_prices/VVIX_History.csv,2026-10-02T14:42:11.510175+00:00
2018-08-31,92.73,https://cdn.cboe.com/api/global/us_indices/daily_prices/VVIX_History.csv,2026-10-02T14:42:11.510175+00:00
2018-09-04,95.23,https://cdn.cboe.com/api/global/us_indices/daily_prices/VVIX_History.csv,2026-10-02T14:42:11.510175+00:00
2018-09-05,97.94,https://cdn.cboe.com/api/global/us_indices/daily_prices/VVIX_History.csv,2026-10-02T14:42:11.510175+00:00
2018-09-06,101.36,https://cdn.cboe.com/api/global/us_indices/daily_prices/VVIX_History.csv,2026-10-02T14:42:11.510175+00:00
2018-09-07,102.38,https://cdn.cboe.com/api/global/us_indices/daily_prices/VVIX_History.csv,2026-10-02T14:42:11.510175+00:00
2018-09-10,100.38,https://cdn.cboe.com/api/global/us_indices/daily_prices/VVIX_History.csv,2026-10-02T14:42:11.510175+00:00
2018-09-11,96.44,https://cdn.cboe.com/api/global/us_indices/daily_prices/VVIX_History.csv,2026-10-02T14:42:11.510175+00:00
2018-09-12,97.24,https://cdn.cboe.com/api/global/us_indices/daily_prices/VVIX_History.csv,2026-10-02T14:42:11.510175+00:00
2018-09-13,91.06,https://cdn.cboe.com/api/global/us_indices/daily_prices/VVIX_History.csv,2026-10-02T14:42:11.510175+00:00
2018-09-14,88.07,https://cdn.cboe.com/api/global/us_indices/daily_prices/VVIX_History.csv,2026-10-02T14:42:11.510175+00:00
2018-09-17,96.34,https://cdn.cboe.com/api/global/us_indices/daily_prices/VVIX_History.csv,2026-10-02T14:42:11.510175+00:00
2018-09-18,92.49,https://cdn.cboe.com/api/global/us_indices/daily_prices/VVIX_History.csv,2026-10-02T14:42:11.510175+00:00
2018-09-19,88.18,https://cdn.cboe.com/api/global/us_indices/daily_prices/VVIX_History.csv,2026-10-02T14:42:11.510175+00:00
2018-09-20,87.31,https://cdn.cboe.com/api/global/us_indices/daily_prices/VVIX_History.csv,2026-10-02T14:42:11.510175+00:00
2018-09-21,90.2,https://cdn.cboe.com/api/global/us_indices/daily_prices/VVIX_History.csv,2026-10-02T14:42:11.510175+00:00
2018-09-24,91.51,https://cdn.cboe.com/api/global/us_indices/daily_prices/VVIX_History.csv,2026-10-02T14:42:11.510175+00:00
2018-09-25,91.07,https://cdn.cboe.com/api/global/us_indices/daily_prices/VVIX_History.csv,2026-10-02T14:42:11.510175+00:00
2018-09-26,91.56,https://cdn.cboe.com/api/global/us_indices/daily_prices/VVIX_History.csv,2026-10-02T14:42:11.510175+00:00
2018-09-27,87.66,https://cdn.cboe.com/api/global/us_indices/daily_prices/VVIX_History.csv,2026-10-02T14:42:11.510175+00:00
2018-09-28,87.31,https://cdn.cboe.com/api/global/us_indices/daily_prices/VVIX_History.csv,2026-10-02T14:42:11.510175+00:00
2018-10-01,86.97,https://cdn.cboe.com/api/global/us_indices/daily_prices/VVIX_History.csv,2026-10-02T14:42:11.510175+00:00
2018-10-02,88.12,https://cdn.cboe.com/api/global/us_indices/daily_prices/VVIX_History.csv,2026-10-02T14:42:11.510175+00:00
2018-10-03,85.8,https://cdn.cboe.com/api/global/us_indices/daily_prices/VVIX_History.csv,2026-10-02T14:42:11.510175+00:00
2018-10-04,99.44,https://cdn.cboe.com/api/global/us_indices/daily_prices/VVIX_History.csv,2026-10-02T14:42:11.510175+00:00
2018-10-05,102.63,https://cdn.cboe.com/api/global/us_indices/daily_prices/VVIX_History.csv,2026-10-02T14:42:11.510175+00:00
2018-10-08,102.74,https://cdn.cboe.com/api/global/us_indices/daily_prices/VVIX_History.csv,2026-10-02T14:42:11.510175+00:00
2018-10-09,103.92,https://cdn.cboe.com/api/global/us_indices/daily_prices/VVIX_History.csv,2026-10-02T14:42:11.510175+00:00
2018-10-10,135.61,https://cdn.cboe.com/api/global/us_indices/daily_prices/VVIX_History.csv,2026-10-02T14:42:11.510175+00:00
2018-10-11,129.3,https://cdn.cboe.com/api/global/us_indices/daily_prices/VVIX_History.csv,2026-10-02T14:42:11.510175+00:00
2018-10-12,124.81,https://cdn.cboe.com/api/global/us_indices/daily_prices/VVIX_History.csv,2026-10-02T14:42:11.510175+00:00
2018-10-15,118.78,https://cdn.cboe.com/api/global/us_indices/daily_prices/VVIX_History.csv,2026-10-02T14:42:11.510175+00:00
2018-10-16,111.78,https://cdn.cboe.com/api/global/us_indices/daily_prices/VVIX_History.csv,2026-10-02T14:42:11.510175+00:00
2018-10-17,109.28,https://cdn.cboe.com/api/global/us_indices/daily_prices/VVIX_History.csv,2026-10-02T14:42:11.510175+00:00
2018-10-18,116.82,https://cdn.cboe.com/api/global/us_indices/daily_prices/VVIX_History.csv,2026-10-02T14:42:11.510175+00:00
2018-10-19,114.95,https://cdn.cboe.com/api/global/us_indices/daily_prices/VVIX_History.csv,2026-10-02T14:42:11.510175+00:00
2018-10-22,112.15,https://cdn.cboe.com/api/global/us_indices/daily_prices/VVIX_History.csv,2026-10-02T14:42:11.510175+00:00
2018-10-23,108.71,https://cdn.cboe.com/api/global/us_indices/daily_prices/VVIX_History.csv,2026-10-02T14:42:11.510175+00:00
2018-10-24,118.58,https://cdn.cboe.com/api/global/us_indices/daily_prices/VVIX_History.csv,2026-10-02T14:42:11.510175+00:00
2018-10-25,113.91,https://cdn.cboe.com/api/global/us_indices/daily_prices/VVIX_History.csv,2026-10-02T14:42:11.510175+00:00
2018-10-26,110.49,https://cdn.cboe.com/api/global/us_indices/daily_prices/VVIX_History.csv,2026-10-02T14:42:11.510175+00:00
2018-10-29,110.39,https://cdn.cboe.com/api/global/us_indices/daily_prices/VVIX_History.csv,2026-10-02T14:42:11.510175+00:00
2018-10-30,106.08,https://cdn.cboe.com/api/global/us_indices/daily_prices/VVIX_History.csv,2026-10-02T14:42:11.510175+00:00
2018-10-31,102.9,https://cdn.cboe.com/api/global/us_indices/daily_prices/VVIX_History.csv,2026-10-02T14:42:11.510175+00:00
2018-11-01,99.57,https://cdn.cboe.com/api/global/us_indices/daily_prices/VVIX_History.csv,2026-10-02T14:42:11.510175+00:00
2018-11-02,102.38,https://cdn.cboe.com/api/global/us_indices/daily_prices/VVIX_History.csv,2026-10-02T14:42:11.510175+00:00
2018-11-05,101.83,https://cdn.cboe.com/api/global/us_indices/daily_prices/VVIX_History.csv,2026-10-02T14:42:11.510175+00:00
2018-11-06,102.48,https://cdn.cboe.com/api/global/us_indices/daily_prices/VVIX_History.csv,2026-10-02T14:42:11.510175+00:00
2018-11-07,95.75,https://cdn.cboe.com/api/global/us_indices/daily_prices/VVIX_History.csv,2026-10-02T14:42:11.510175+00:00
2018-11-08,95.4,https://cdn.cboe.com/api/global/us_indices/daily_prices/VVIX_History.csv,2026-10-02T14:42:11.510175+00:00
2018-11-09,100.55,https://cdn.cboe.com/api/global/us_indices/daily_prices/VVIX_History.csv,2026-10-02T14:42:11.510175+00:00
2018-11-12,107.77,https://cdn.cboe.com/api/global/us_indices/daily_prices/VVIX_History.csv,2026-10-02T14:42:11.510175+00:00
2018-11-13,105.32,https://cdn.cboe.com/api/global/us_indices/daily_prices/VVIX_History.csv,2026-10-02T14:42:11.510175+00:00
2018-11-14,111.42,https://cdn.cboe.com/api/global/us_indices/daily_prices/VVIX_History.csv,2026-10-02T14:42:11.510175+00:00
2018-11-15,107.38,https://cdn.cboe.com/api/global/us_indices/daily_prices/VVIX_History.csv,2026-10-02T14:42:11.510175+00:00
2018-11-16,101.93,https://cdn.cboe.com/api/global/us_indices/daily_prices/VVIX_History.csv,2026-10-02T14:42:11.510175+00:00
2018-11-19,107.13,https://cdn.cboe.com/api/global/us_indices/daily_prices/VVIX_History.csv,2026-10-02T14:42:11.510175+00:00
2018-11-20,107.61,https://cdn.cboe.com/api/global/us_indices/daily_prices/VVIX_History.csv,2026-10-02T14:42:11.510175+00:00
2018-11-21,100.27,https://cdn.cboe.com/api/global/us_indices/daily_prices/VVIX_History.csv,2026-10-02T14:42:11.510175+00:00
2018-11-23,99.29,https://cdn.cboe.com/api/global/us_indices/daily_prices/VVIX_History.csv,2026-10-02T14:42:11.510175+00:00
2018-11-26,92.17,https://cdn.cboe.com/api/global/us_indices/daily_prices/VVIX_History.csv,2026-10-02T14:42:11.510175+00:00
2018-11-27,91.54,https://cdn.cboe.com/api/global/us_indices/daily_prices/VVIX_History.csv,2026-10-02T14:42:11.510175+00:00
2018-11-28,93.55,https://cdn.cboe.com/api/global/us_indices/daily_prices/VVIX_History.csv,2026-10-02T14:42:11.510175+00:00
2018-11-29,93.36,https://cdn.cboe.com/api/global/us_indices/daily_prices/VVIX_History.csv,2026-10-02T14:42:11.510175+00:00
2018-11-30,93.59,https://cdn.cboe.com/api/global/us_indices/daily_prices/VVIX_History.csv,2026-10-02T14:42:11.510175+00:00
2018-12-03,85.87,https://cdn.cboe.com/api/global/us_indices/daily_prices/VVIX_History.csv,2026-10-02T14:42:11.510175+00:00
2018-12-04,96.57,https://cdn.cboe.com/api/global/us_indices/daily_prices/VVIX_History.csv,2026-10-02T14:42:11.510175+00:00
2018-12-06,93.85,https://cdn.cboe.com/api/global/us_indices/daily_prices/VVIX_History.csv,2026-10-02T14:42:11.510175+00:00
2018-12-07,96.49,https://cdn.cboe.com/api/global/us_indices/daily_prices/VVIX_History.csv,2026-10-02T14:42:11.510175+00:00
2018-12-10,91.78,https://cdn.cboe.com/api/global/us_indices/daily_prices/VVIX_History.csv,2026-10-02T14:42:11.510175+00:00
2018-12-11,89.77,https://cdn.cboe.com/api/global/us_indices/daily_prices/VVIX_History.csv,2026-10-02T14:42:11.510175+00:00
2018-12-12,91.41,https://cdn.cboe.com/api/global/us_indices/daily_prices/VVIX_History.csv,2026-10-02T14:42:11.510175+00:00
2018-12-13,93.0,https://cdn.cboe.com/api/global/us_indices/daily_prices/VVIX_History.csv,2026-10-02T14:42:11.510175+00:00
2018-12-14,96.45,https://cdn.cboe.com/api/global/us_indices/daily_prices/VVIX_History.csv,2026-10-02T14:42:11.510175+00:00
2018-12-17,101.55,https://cdn.cboe.com/api/global/us_indices/daily_prices/VVIX_History.csv,2026-10-02T14:42:11.510175+00:00
2018-12-18,103.64,https://cdn.cboe.com/api/global/us_indices/daily_prices/VVIX_History.csv,2026-10-02T14:42:11.510175+00:00
2018-12-19,105.05,https://cdn.cboe.com/api/global/us_indices/daily_prices/VVIX_History.csv,2026-10-02T14:42:11.510175+00:00
2018-12-20,109.65,https://cdn.cboe.com/api/global/us_indices/daily_prices/VVIX_History.csv,2026-10-02T14:42:11.510175+00:00
2018-12-21,106.61,https://cdn.cboe.com/api/global/us_indices/daily_prices/VVIX_History.csv,2026-10-02T14:42:11.510175+00:00
2018-12-24,111.88,https://cdn.cboe.com/api/global/us_indices/daily_prices/VVIX_History.csv,2026-10-02T14:42:11.510175+00:00
2018-12-26,97.32,https://cdn.cboe.com/api/global/us_indices/daily_prices/VVIX_History.csv,2026-10-02T14:42:11.510175+00:00
2018-12-27,95.89,https://cdn.cboe.com/api/global/us_indices/daily_prices/VVIX_History.csv,2026-10-02T14:42:11.510175+00:00
2018-12-28,91.24,https://cdn.cboe.com/api/global/us_indices/daily_prices/VVIX_History.csv,2026-10-02T14:42:11.510175+00:00
2018-12-31,87.11,https://cdn.cboe.com/api/global/us_indices/daily_prices/VVIX_History.csv,2026-10-02T14:42:11.510175+00:00
2019-01-02,81.66,https://cdn.cboe.com/api/global/us_indices/daily_prices/VVIX_History.csv,2026-10-02T14:42:11.510175+00:00
2019-01-03,83.8,https://cdn.cboe.com/api/global/us_indices/daily_prices/VVIX_History.csv,2026-10-02T14:42:11.510175+00:00
2019-01-04,84.44,https://cdn.cboe.com/api/global/us_indices/daily_prices/VVIX_History.csv,2026-10-02T14:42:11.510175+00:00
2019-01-07,82.74,https://cdn.cboe.com/api/global/us_indices/daily_prices/VVIX_History.csv,2026-10-02T14:42:11.510175+00:00
2019-01-08,82.41,https://cdn.cboe.com/api/global/us_indices/daily_prices/VVIX_History.csv,2026-10-02T14:42:11.510175+00:00
2019-01-09,86.62,https://cdn.cboe.com/api/global/us_indices/daily_prices/VVIX_History.csv,2026-10-02T14:42:11.510175+00:00
2019-01-10,86.35,https://cdn.cboe.com/api/global/us_indices/daily_prices/VVIX_History.csv,2026-10-02T14:42:11.510175+00:00
2019-01-11,83.85,https://cdn.cboe.com/api/global/us_indices/daily_prices/VVIX_History.csv,2026-10-02T14:42:11.510175+00:00
2019-01-14,83.01,https://cdn.cboe.com/api/global/us_indices/daily_prices/VVIX_History.csv,2026-10-02T14:42:11.510175+00:00
2019-01-15,81.39,https://cdn.cboe.com/api/global/us_indices/daily_prices/VVIX_History.csv,2026-10-02T14:42:11.510175+00:00
2019-01-16,83.34,https://cdn.cboe.com/api/global/us_indices/daily_prices/VVIX_History.csv,2026-10-02T14:42:11.510175+00:00
2019-01-17,82.79,https://cdn.cboe.com/api/global/us_indices/daily_prices/VVIX_History.csv,2026-10-02T14:42:11.510175+00:00
2019-01-18,82.49,https://cdn.cboe.com/api/global/us_indices/daily_prices/VVIX_History.csv,2026-10-02T14:42:11.510175+00:00
2019-01-22,93.81,https://cdn.cboe.com/api/global/us_indices/daily_prices/VVIX_History.csv,2026-10-02T14:42:11.510175+00:00
2019-01-23,88.45,https://cdn.cboe.com/api/global/us_indices/daily_prices/VVIX_History.csv,2026-10-02T14:42:11.510175+00:00
2019-01-24,84.89,https://cdn.cboe.com/api/global/us_indices/daily_prices/VVIX_History.csv,2026-10-02T14:42:11.510175+00:00
2019-01-25,83.38,https://cdn.cboe.com/api/global/us_indices/daily_prices/VVIX_History.csv,2026-10-02T14:42:11.510175+00:00
2019-01-28,86.44,https://cdn.cboe.com/api/global/us_indices/daily_prices/VVIX_History.csv,2026-10-02T14:42:11.510175+00:00
2019-01-29,86.84,https://cdn.cboe.com/api/global/us_indices/daily_prices/VVIX_History.csv,2026-10-02T14:42:11.510175+00:00
2019-01-30,82.39,https://cdn.cboe.com/api/global/us_indices/daily_prices/VVIX_History.csv,2026-10-02T14:42:11.510175+00:00
2019-01-31,79.24,https://cdn.cboe.com/api/global/us_indices/daily_prices/VVIX_History.csv,2026-10-02T14:42:11.510175+00:00
2019-02-01,80.0,https://cdn.cboe.com/api/global/us_indices/daily_prices/VVIX_History.csv,2026-10-02T14:42:11.510175+00:00
2019-02-04,77.36,https://cdn.cboe.com/api/global/us_indices/daily_prices/VVIX_History.csv,2026-10-02T14:42:11.510175+00:00
2019-02-05,80.62,https://cdn.cboe.com/api/global/us_indices/daily_prices/VVIX_History.csv,2026-10-02T14:42:11.510175+00:00
2019-02-06,84.99,https://cdn.cboe.com/api/global/us_indices/daily_prices/VVIX_History.csv,2026-10-02T14:42:11.510175+00:00
2019-02-07,85.01,https://cdn.cboe.com/api/global/us_indices/daily_prices/VVIX_History.csv,2026-10-02T14:42:11.510175+00:00
2019-02-08,82.7,https://cdn.cboe.com/api/global/us_indices/daily_prices/VVIX_History.csv,2026-10-02T14:42:11.510175+00:00
2019-02-11,82.77,https://cdn.cboe.com/api/global/us_indices/daily_prices/VVIX_History.csv,2026-10-02T14:42:11.510175+00:00
2019-02-12,81.63,https://cdn.cboe.com/api/global/us_indices/daily_prices/VVIX_History.csv,2026-10-02T14:42:11.510175+00:00
2019-02-13,80.27,https://cdn.cboe.com/api/global/us_indices/daily_prices/VVIX_History.csv,2026-10-02T14:42:11.510175+00:00
2019-02-14,81.64,https://cdn.cboe.com/api/global/us_indices/daily_prices/VVIX_History.csv,2026-10-02T14:42:11.510175+00:00
2019-02-15,80.45,https://cdn.cboe.com/api/global/us_indices/daily_prices/VVIX_History.csv,2026-10-02T14:42:11.510175+00:00
2019-02-19,78.64,https://cdn.cboe.com/api/global/us_indices/daily_prices/VVIX_History.csv,2026-10-02T14:42:11.510175+00:00
2019-02-20,75.59,https://cdn.cboe.com/api/global/us_indices/daily_prices/VVIX_History.csv,2026-10-02T14:42:11.510175+00:00
2019-02-21,76.64,https://cdn.cboe.com/api/global/us_indices/daily_prices/VVIX_History.csv,2026-10-02T14:42:11.510175+00:00
2019-02-22,74.98,https://cdn.cboe.com/api/global/us_indices/daily_prices/VVIX_History.csv,2026-10-02T14:42:11.510175+00:00
2019-02-25,79.35,https://cdn.cboe.com/api/global/us_indices/daily_prices/VVIX_History.csv,2026-10-02T14:42:11.510175+00:00
2019-02-26,80.53,https://cdn.cboe.com/api/global/us_indices/daily_prices/VVIX_History.csv,2026-10-02T14:42:11.510175+00:00
2019-02-27,80.37,https://cdn.cboe.com/api/global/us_indices/daily_prices/VVIX_History.csv,2026-10-02T14:42:11.510175+00:00
2019-02-28,80.0,https://cdn.cboe.com/api/global/us_indices/daily_prices/VVIX_History.csv,2026-10-02T14:42:11.510175+00:00
2019-03-01,79.27,https://cdn.cboe.com/api/global/us_indices/daily_prices/VVIX_History.csv,2026-10-02T14:42:11.510175+00:00
2019-03-04,82.34,https://cdn.cboe.com/api/global/us_indices/daily_prices/VVIX_History.csv,2026-10-02T14:42:11.510175+00:00
2019-03-05,82.46,https://cdn.cboe.com/api/global/us_indices/daily_prices/VVIX_History.csv,2026-10-02T14:42:11.510175+00:00
2019-03-06,86.1,https://cdn.cboe.com/api/global/us_indices/daily_prices/VVIX_History.csv,2026-10-02T14:42:11.510175+00:00
2019-03-07,88.7,https://cdn.cboe.com/api/global/us_indices/daily_prices/VVIX_History.csv,2026-10-02T14:42:11.510175+00:00
2019-03-08,87.24,https://cdn.cboe.com/api/global/us_indices/daily_prices/VVIX_History.csv,2026-10-02T14:42:11.510175+00:00
2019-03-11,81.23,https://cdn.cboe.com/api/global/us_indices/daily_prices/VVIX_History.csv,2026-10-02T14:42:11.510175+00:00
2019-03-12,83.06,https://cdn.cboe.com/api/global/us_indices/daily_prices/VVIX_History.csv,2026-10-02T14:42:11.510175+00:00
2019-03-13,82.76,https://cdn.cboe.com/api/global/us_indices/daily_prices/VVIX_History.csv,2026-10-02T14:42:11.510175+00:00
2019-03-14,82.56,https://cdn.cboe.com/api/global/us_indices/daily_prices/VVIX_History.csv,2026-10-02T14:42:11.510175+00:00
2019-03-15,82.94,https://cdn.cboe.com/api/global/us_indices/daily_prices/VVIX_History.csv,2026-10-02T14:42:11.510175+00:00
2019-03-18,85.52,https://cdn.cboe.com/api/global/us_indices/daily_prices/VVIX_History.csv,2026-10-02T14:42:11.510175+00:00
2019-03-19,87.36,https://cdn.cboe.com/api/global/us_indices/daily_prices/VVIX_History.csv,2026-10-02T14:42:11.510175+00:00
2019-03-20,86.63,https://cdn.cboe.com/api/global/us_indices/daily_prices/VVIX_History.csv,2026-10-02T14:42:11.510175+00:00
2019-03-21,83.89,https://cdn.cboe.com/api/global/us_indices/daily_prices/VVIX_History.csv,2026-10-02T14:42:11.510175+00:00
2019-03-22,98.5,https://cdn.cboe.com/api/global/us_indices/daily_prices/VVIX_History.csv,2026-10-02T14:42:11.510175+00:00
2019-03-25,97.2,https://cdn.cboe.com/api/global/us_indices/daily_prices/VVIX_History.csv,2026-10-02T14:42:11.510175+00:00
2019-03-26,89.85,https://cdn.cboe.com/api/global/us_indices/daily_prices/VVIX_History.csv,2026-10-02T14:42:11.510175+00:00
2019-03-27,91.34,https://cdn.cboe.com/api/global/us_indices/daily_prices/VVIX_History.csv,2026-10-02T14:42:11.510175+00:00
2019-03-28,87.95,https://cdn.cboe.com/api/global/us_indices/daily_prices/VVIX_History.csv,2026-10-02T14:42:11.510175+00:00
2019-03-29,85.82,https://cdn.cboe.com/api/global/us_indices/daily_prices/VVIX_History.csv,2026-10-02T14:42:11.510175+00:00
2019-04-01,84.93,https://cdn.cboe.com/api/global/us_indices/daily_prices/VVIX_History.csv,2026-10-02T14:42:11.510175+00:00
2019-04-02,83.28,https://cdn.cboe.com/api/global/us_indices/daily_prices/VVIX_History.csv,2026-10-02T14:42:11.510175+00:00
2019-04-03,84.23,https://cdn.cboe.com/api/global/us_indices/daily_prices/VVIX_History.csv,2026-10-02T14:42:11.510175+00:00
2019-04-04,82.15,https://cdn.cboe.com/api/global/us_indices/daily_prices/VVIX_History.csv,2026-10-02T14:42:11.510175+00:00
2019-04-05,79.1,https://cdn.cboe.com/api/global/us_indices/daily_prices/VVIX_History.csv,2026-10-02T14:42:11.510175+00:00
2019-04-08,81.86,https://cdn.cboe.com/api/global/us_indices/daily_prices/VVIX_History.csv,2026-10-02T14:42:11.510175+00:00
2019-04-09,88.14,https://cdn.cboe.com/api/global/us_indices/daily_prices/VVIX_History.csv,2026-10-02T14:42:11.510175+00:00
2019-04-10,89.49,https://cdn.cboe.com/api/global/us_indices/daily_prices/VVIX_History.csv,2026-10-02T14:42:11.510175+00:00
2019-04-11,88.06,https://cdn.cboe.com/api/global/us_indices/daily_prices/VVIX_History.csv,2026-10-02T14:42:11.510175+00:00
2019-04-12,84.98,https://cdn.cboe.com/api/global/us_indices/daily_prices/VVIX_History.csv,2026-10-02T14:42:11.510175+00:00
2019-04-15,84.17,https://cdn.cboe.com/api/global/us_indices/daily_prices/VVIX_History.csv,2026-10-02T14:42:11.510175+00:00
2019-04-16,83.58,https://cdn.cboe.com/api/global/us_indices/daily_prices/VVIX_History.csv,2026-10-02T14:42:11.510175+00:00
2019-04-17,85.55,https://cdn.cboe.com/api/global/us_indices/daily_prices/VVIX_History.csv,2026-10-02T14:42:11.510175+00:00
2019-04-18,84.41,https://cdn.cboe.com/api/global/us_indices/daily_prices/VVIX_History.csv,2026-10-02T14:42:11.510175+00:00
2019-04-22,83.27,https://cdn.cboe.com/api/global/us_indices/daily_prices/VVIX_History.csv,2026-10-02T14:42:11.510175+00:00
2019-04-23,81.43,https://cdn.cboe.com/api/global/us_indices/daily_prices/VVIX_History.csv,2026-10-02T14:42:11.510175+00:00
2019-04-24,85.17,https://cdn.cboe.com/api/global/us_indices/daily_prices/VVIX_History.csv,2026-10-02T14:42:11.510175+00:00
2019-04-25,86.94,https://cdn.cboe.com/api/global/us_indices/daily_prices/VVIX_History.csv,2026-10-02T14:42:11.510175+00:00
2019-04-26,84.12,https://cdn.cboe.com/api/global/us_indices/daily_prices/VVIX_History.csv,2026-10-02T14:42:11.510175+00:00
2019-04-29,86.08,https://cdn.cboe.com/api/global/us_indices/daily_prices/VVIX_History.csv,2026-10-02T14:42:11.510175+00:00
2019-04-30,88.56,https://cdn.cboe.com/api/global/us_indices/daily_prices/VVIX_History.csv,2026-10-02T14:42:11.510175+00:00
2019-05-01,95.75,https://cdn.cboe.com/api/global/us_indices/daily_prices/VVIX_History.csv,2026-10-02T14:42:11.510175+00:00
2019-05-02,93.02,https://cdn.cboe.com/api/global/us_indices/daily_prices/VVIX_History.csv,2026-10-02T14:42:11.510175+00:00
2019-05-03,86.23,https://cdn.cboe.com/api/global/us_indices/daily_prices/VVIX_History.csv,2026-10-02T14:42:11.510175+00:00
2019-05-06,94.85,https://cdn.cboe.com/api/global/us_indices/daily_prices/VVIX_History.csv,2026-10-02T14:42:11.510175+00:00
2019-05-07,111.54,https://cdn.cboe.com/api/global/us_indices/daily_prices/VVIX_History.csv,2026-10-02T14:42:11.510175+00:00
2019-05-08,106.48,https://cdn.cboe.com/api/global/us_indices/daily_prices/VVIX_History.csv,2026-10-02T14:42:11.510175+00:00
2019-05-09,102.92,https://cdn.cboe.com/api/global/us_indices/daily_prices/VVIX_History.csv,2026-10-02T14:42:11.510175+00:00
2019-05-10,96.01,https://cdn.cboe.com/api/global/us_indices/daily_prices/VVIX_History.csv,2026-10-02T14:42:11.510175+00:00
2019-05-13,105.6,https://cdn.cboe.com/api/global/us_indices/daily_prices/VVIX_History.csv,2026-10-02T14:42:11.510175+00:00
2019-05-14,97.26,https://cdn.cboe.com/api/global/us_indices/daily_prices/VVIX_History.csv,2026-10-02T14:42:11.510175+00:00
2019-05-15,94.53,https://cdn.cboe.com/api/global/us_indices/daily_prices/VVIX_History.csv,2026-10-02T14:42:11.510175+00:00
2019-05-16,94.23,https://cdn.cboe.com/api/global/us_indices/daily_prices/VVIX_History.csv,2026-10-02T14:42:11.510175+00:00
2019-05-17,99.12,https://cdn.cboe.com/api/global/us_indices/daily_prices/VVIX_History.csv,2026-10-02T14:42:11.510175+00:00
2019-05-20,96.83,https://cdn.cboe.com/api/global/us_indices/daily_prices/VVIX_History.csv,2026-10-02T14:42:11.510175+00:00
2019-05-21,92.38,https://cdn.cboe.com/api/global/us_indices/daily_prices/VVIX_History.csv,2026-10-02T14:42:11.510175+00:00
2019-05-22,89.3,https://cdn.cboe.com/api/global/us_indices/daily_prices/VVIX_History.csv,2026-10-02T14:42:11.510175+00:00
2019-05-23,94.98,https://cdn.cboe.com/api/global/us_indices/daily_prices/VVIX_History.csv,2026-10-02T14:42:11.510175+00:00
2019-05-24,90.19,https://cdn.cboe.com/api/global/us_indices/daily_prices/VVIX_History.csv,2026-10-02T14:42:11.510175+00:00
2019-05-28,95.08,https://cdn.cboe.com/api/global/us_indices/daily_prices/VVIX_History.csv,2026-10-02T14:42:11.510175+00:00
2019-05-29,93.83,https://cdn.cboe.com/api/global/us_indices/daily_prices/VVIX_History.csv,2026-10-02T14:42:11.510175+00:00
2019-05-30,92.78,https://cdn.cboe.com/api/global/us_indices/daily_prices/VVIX_History.csv,2026-10-02T14:42:11.510175+00:00
2019-05-31,96.72,https://cdn.cboe.com/api/global/us_indices/daily_prices/VVIX_History.csv,2026-10-02T14:42:11.510175+00:00
2019-06-03,96.03,https://cdn.cboe.com/api/global/us_indices/daily_prices/VVIX_History.csv,2026-10-02T14:42:11.510175+00:00
2019-06-04,88.93,https://cdn.cboe.com/api/global/us_indices/daily_prices/VVIX_History.csv,2026-10-02T14:42:11.510175+00:00
2019-06-05,86.72,https://cdn.cboe.com/api/global/us_indices/daily_prices/VVIX_History.csv,2026-10-02T14:42:11.510175+00:00
2019-06-06,84.84,https://cdn.cboe.com/api/global/us_indices/daily_prices/VVIX_History.csv,2026-10-02T14:42:11.510175+00:00
2019-06-07,86.0,https://cdn.cboe.com/api/global/us_indices/daily_prices/VVIX_History.csv,2026-10-02T14:42:11.510175+00:00
2019-06-10,83.86,https://cdn.cboe.com/api/global/us_indices/daily_prices/VVIX_History.csv,2026-10-02T14:42:11.510175+00:00
2019-06-11,84.95,https://cdn.cboe.com/api/global/us_indices/daily_prices/VVIX_History.csv,2026-10-02T14:42:11.510175+00:00
2019-06-12,86.2,https://cdn.cboe.com/api/global/us_indices/daily_prices/VVIX_History.csv,2026-10-02T14:42:11.510175+00:00
2019-06-13,84.73,https://cdn.cboe.com/api/global/us_indices/daily_prices/VVIX_History.csv,2026-10-02T14:42:11.510175+00:00
2019-06-14,82.57,https://cdn.cboe.com/api/global/us_indices/daily_prices/VVIX_History.csv,2026-10-02T14:42:11.510175+00:00
2019-06-17,83.48,https://cdn.cboe.com/api/global/us_indices/daily_prices/VVIX_History.csv,2026-10-02T14:42:11.510175+00:00
2019-06-18,87.37,https://cdn.cboe.com/api/global/us_indices/daily_prices/VVIX_History.csv,2026-10-02T14:42:11.510175+00:00
2019-06-19,84.58,https://cdn.cboe.com/api/global/us_indices/daily_prices/VVIX_History.csv,2026-10-02T14:42:11.510175+00:00
2019-06-20,81.21,https://cdn.cboe.com/api/global/us_indices/daily_prices/VVIX_History.csv,2026-10-02T14:42:11.510175+00:00
2019-06-21,83.14,https://cdn.cboe.com/api/global/us_indices/daily_prices/VVIX_History.csv,2026-10-02T14:42:11.510175+00:00
2019-06-24,82.59,https://cdn.cboe.com/api/global/us_indices/daily_prices/VVIX_History.csv,2026-10-02T14:42:11.510175+00:00
2019-06-25,85.16,https://cdn.cboe.com/api/global/us_indices/daily_prices/VVIX_History.csv,2026-10-02T14:42:11.510175+00:00
2019-06-26,85.39,https://cdn.cboe.com/api/global/us_indices/daily_prices/VVIX_History.csv,2026-10-02T14:42:11.510175+00:00
2019-06-27,86.52,https://cdn.cboe.com/api/global/us_indices/daily_prices/VVIX_History.csv,2026-10-02T14:42:11.510175+00:00
2019-06-28,85.78,https://cdn.cboe.com/api/global/us_indices/daily_prices/VVIX_History.csv,2026-10-02T14:42:11.510175+00:00
2019-07-01,79.58,https://cdn.cboe.com/api/global/us_indices/daily_prices/VVIX_History.csv,2026-10-02T14:42:11.510175+00:00
2019-07-02,78.22,https://cdn.cboe.com/api/global/us_indices/daily_prices/VVIX_History.csv,2026-10-02T14:42:11.510175+00:00
2019-07-03,80.04,https://cdn.cboe.com/api/global/us_indices/daily_prices/VVIX_History.csv,2026-10-02T14:42:11.510175+00:00
2019-07-05,79.78,https://cdn.cboe.com/api/global/us_indices/daily_prices/VVIX_History.csv,2026-10-02T14:42:11.510175+00:00
2019-07-08,83.66,https://cdn.cboe.com/api/global/us_indices/daily_prices/VVIX_History.csv,2026-10-02T14:42:11.510175+00:00
2019-07-09,82.31,https://cdn.cboe.com/api/global/us_indices/daily_prices/VVIX_History.csv,2026-10-02T14:42:11.510175+00:00
2019-07-10,85.97,https://cdn.cboe.com/api/global/us_indices/daily_prices/VVIX_History.csv,2026-10-02T14:42:11.510175+00:00
2019-07-11,88.2,https://cdn.cboe.com/api/global/us_indices/daily_prices/VVIX_History.csv,2026-10-02T14:42:11.510175+00:00
2019-07-12,86.14,https://cdn.cboe.com/api/global/us_indices/daily_prices/VVIX_History.csv,2026-10-02T14:42:11.510175+00:00
2019-07-15,86.2,https://cdn.cboe.com/api/global/us_indices/daily_prices/VVIX_History.csv,2026-10-02T14:42:11.510175+00:00
2019-07-16,88.25,https://cdn.cboe.com/api/global/us_indices/daily_prices/VVIX_History.csv,2026-10-02T14:42:11.510175+00:00
2019-07-17,90.35,https://cdn.cboe.com/api/global/us_indices/daily_prices/VVIX_History.csv,2026-10-02T14:42:11.510175+00:00
2019-07-18,84.04,https://cdn.cboe.com/api/global/us_indices/daily_prices/VVIX_History.csv,2026-10-02T14:42:11.510175+00:00
2019-07-19,86.77,https://cdn.cboe.com/api/global/us_indices/daily_prices/VVIX_History.csv,2026-10-02T14:42:11.510175+00:00
2019-07-22,81.22,https://cdn.cboe.com/api/global/us_indices/daily_prices/VVIX_History.csv,2026-10-02T14:42:11.510175+00:00
2019-07-23,78.99,https://cdn.cboe.com/api/global/us_indices/daily_prices/VVIX_History.csv,2026-10-02T14:42:11.510175+00:00
2019-07-24,83.89,https://cdn.cboe.com/api/global/us_indices/daily_prices/VVIX_History.csv,2026-10-02T14:42:11.510175+00:00
2019-07-25,84.3,https://cdn.cboe.com/api/global/us_indices/daily_prices/VVIX_History.csv,2026-10-02T14:42:11.510175+00:00
2019-07-26,83.11,https://cdn.cboe.com/api/global/us_indices/daily_prices/VVIX_History.csv,2026-10-02T14:42:11.510175+00:00
2019-07-29,88.16,https://cdn.cboe.com/api/global/us_indices/daily_prices/VVIX_History.csv,2026-10-02T14:42:11.510175+00:00
2019-07-30,91.58,https://cdn.cboe.com/api/global/us_indices/daily_prices/VVIX_History.csv,2026-10-02T14:42:11.510175+00:00
2019-07-31,96.28,https://cdn.cboe.com/api/global/us_indices/daily_prices/VVIX_History.csv,2026-10-02T14:42:11.510175+00:00
2019-08-01,105.47,https://cdn.cboe.com/api/global/us_indices/daily_prices/VVIX_History.csv,2026-10-02T14:42:11.510175+00:00
2019-08-02,102.69,https://cdn.cboe.com/api/global/us_indices/daily_prices/VVIX_History.csv,2026-10-02T14:42:11.510175+00:00
2019-08-05,114.4,https://cdn.cboe.com/api/global/us_indices/daily_prices/VVIX_History.csv,2026-10-02T14:42:11.510175+00:00
2019-08-06,107.45,https://cdn.cboe.com/api/global/us_indices/daily_prices/VVIX_History.csv,2026-10-02T14:42:11.510175+00:00
2019-08-07,104.27,https://cdn.cboe.com/api/global/us_indices/daily_prices/VVIX_History.csv,2026-10-02T14:42:11.510175+00:00
2019-08-08,98.66,https://cdn.cboe.com/api/global/us_indices/daily_prices/VVIX_History.csv,2026-10-02T14:42:11.510175+00:00
2019-08-09,101.52,https://cdn.cboe.com/api/global/us_indices/daily_prices/VVIX_History.csv,2026-10-02T14:42:11.510175+00:00
2019-08-12,110.31,https://cdn.cboe.com/api/global/us_indices/daily_prices/VVIX_History.csv,2026-10-02T14:42:11.510175+00:00
2019-08-13,102.21,https://cdn.cboe.com/api/global/us_indices/daily_prices/VVIX_History.csv,2026-10-02T14:42:11.510175+00:00
2019-08-14,113.99,https://cdn.cboe.com/api/global/us_indices/daily_prices/VVIX_History.csv,2026-10-02T14:42:11.510175+00:00
2019-08-15,112.26,https://cdn.cboe.com/api/global/us_indices/daily_prices/VVIX_History.csv,2026-10-02T14:42:11.510175+00:00
2019-08-16,110.32,https://cdn.cboe.com/api/global/us_indices/daily_prices/VVIX_History.csv,2026-10-02T14:42:11.510175+00:00
2019-08-19,101.22,https://cdn.cboe.com/api/global/us_indices/daily_prices/VVIX_History.csv,2026-10-02T14:42:11.510175+00:00
2019-08-20,104.77,https://cdn.cboe.com/api/global/us_indices/daily_prices/VVIX_History.csv,2026-10-02T14:42:11.510175+00:00
2019-08-21,98.03,https://cdn.cboe.com/api/global/us_indices/daily_prices/VVIX_History.csv,2026-10-02T14:42:11.510175+00:00
2019-08-22,100.94,https://cdn.cboe.com/api/global/us_indices/daily_prices/VVIX_History.csv,2026-10-02T14:42:11.510175+00:00
2019-08-23,111.37,https://cdn.cboe.com/api/global/us_indices/daily_prices/VVIX_History.csv,2026-10-02T14:42:11.510175+00:00
2019-08-26,106.27,https://cdn.cboe.com/api/global/us_indices/daily_prices/VVIX_History.csv,2026-10-02T14:42:11.510175+00:00
2019-08-27,106.49,https://cdn.cboe.com/api/global/us_indices/daily_prices/VVIX_History.csv,2026-10-02T14:42:11.510175+00:00
2019-08-28,103.95,https://cdn.cboe.com/api/global/us_indices/daily_prices/VVIX_History.csv,2026-10-02T14:42:11.510175+00:00
2019-08-29,99.8,https://cdn.cboe.com/api/global/us_indices/daily_prices/VVIX_History.csv,2026-10-02T14:42:11.510175+00:00
2019-08-30,102.66,https://cdn.cboe.com/api/global/us_indices/daily_prices/VVIX_History.csv,2026-10-02T14:42:11.510175+00:00
2019-09-03,102.19,https://cdn.cboe.com/api/global/us_indices/daily_prices/VVIX_History.csv,2026-10-02T14:42:11.510175+00:00
2019-09-04,97.3,https://cdn.cboe.com/api/global/us_indices/daily_prices/VVIX_History.csv,2026-10-02T14:42:11.510175+00:00
2019-09-05,95.51,https://cdn.cboe.com/api/global/us_indices/daily_prices/VVIX_History.csv,2026-10-02T14:42:11.510175+00:00
2019-09-06,94.4,https://cdn.cboe.com/api/global/us_indices/daily_prices/VVIX_History.csv,2026-10-02T14:42:11.510175+00:00
2019-09-09,94.5,https://cdn.cboe.com/api/global/us_indices/daily_prices/VVIX_History.csv,2026-10-02T14:42:11.510175+00:00
2019-09-10,94.12,https://cdn.cboe.com/api/global/us_indices/daily_prices/VVIX_History.csv,2026-10-02T14:42:11.510175+00:00
2019-09-11,97.79,https://cdn.cboe.com/api/global/us_indices/daily_prices/VVIX_History.csv,2026-10-02T14:42:11.510175+00:00
2019-09-12,95.94,https://cdn.cboe.com/api/global/us_indices/daily_prices/VVIX_History.csv,2026-10-02T14:42:11.510175+00:00
2019-09-13,98.93,https://cdn.cboe.com/api/global/us_indices/daily_prices/VVIX_History.csv,2026-10-02T14:42:11.510175+00:00
2019-09-16,101.73,https://cdn.cboe.com/api/global/us_indices/daily_prices/VVIX_History.csv,2026-10-02T14:42:11.510175+00:00
2019-09-17,101.67,https://cdn.cboe.com/api/global/us_indices/daily_prices/VVIX_History.csv,2026-10-02T14:42:11.510175+00:00
2019-09-18,99.09,https://cdn.cboe.com/api/global/us_indices/daily_prices/VVIX_History.csv,2026-10-02T14:42:11.510175+00:00
2019-09-19,97.3,https://cdn.cboe.com/api/global/us_indices/daily_prices/VVIX_History.csv,2026-10-02T14:42:11.510175+00:00
2019-09-20,101.03,https://cdn.cboe.com/api/global/us_indices/daily_prices/VVIX_History.csv,2026-10-02T14:42:11.510175+00:00
2019-09-23,97.6,https://cdn.cboe.com/api/global/us_indices/daily_prices/VVIX_History.csv,2026-10-02T14:42:11.510175+00:00
2019-09-24,104.96,https://cdn.cboe.com/api/global/us_indices/daily_prices/VVIX_History.csv,2026-10-02T14:42:11.510175+00:00
2019-09-25,99.68,https://cdn.cboe.com/api/global/us_indices/daily_prices/VVIX_History.csv,2026-10-02T14:42:11.510175+00:00
2019-09-26,100.31,https://cdn.cboe.com/api/global/us_indices/daily_prices/VVIX_History.csv,2026-10-02T14:42:11.510175+00:00
2019-09-27,103.2,https://cdn.cboe.com/api/global/us_indices/daily_prices/VVIX_History.csv,2026-10-02T14:42:11.510175+00:00
2019-09-30,97.62,https://cdn.cboe.com/api/global/us_indices/daily_prices/VVIX_History.csv,2026-10-02T14:42:11.510175+00:00
2019-10-01,102.74,https://cdn.cboe.com/api/global/us_indices/daily_prices/VVIX_History.csv,2026-10-02T14:42:11.510175+00:00
2019-10-02,103.81,https://cdn.cboe.com/api/global/us_indices/daily_prices/VVIX_History.csv,2026-10-02T14:42:11.510175+00:00
2019-10-03,98.2,https://cdn.cboe.com/api/global/us_indices/daily_prices/VVIX_History.csv,2026-10-02T14:42:11.510175+00:00
2019-10-04,95.19,https://cdn.cboe.com/api/global/us_indices/daily_prices/VVIX_History.csv,2026-10-02T14:42:11.510175+00:00
2019-10-07,97.04,https://cdn.cboe.com/api/global/us_indices/daily_prices/VVIX_History.csv,2026-10-02T14:42:11.510175+00:00
2019-10-08,102.27,https://cdn.cboe.com/api/global/us_indices/daily_prices/VVIX_History.csv,2026-10-02T14:42:11.510175+00:00
2019-10-09,101.25,https://cdn.cboe.com/api/global/us_indices/daily_prices/VVIX_History.csv,2026-10-02T14:42:11.510175+00:00
2019-10-10,99.66,https://cdn.cboe.com/api/global/us_indices/daily_prices/VVIX_History.csv,2026-10-02T14:42:11.510175+00:00
2019-10-11,97.7,https://cdn.cboe.com/api/global/us_indices/daily_prices/VVIX_History.csv,2026-10-02T14:42:11.510175+00:00
2019-10-14,94.43,https://cdn.cboe.com/api/global/us_indices/daily_prices/VVIX_History.csv,2026-10-02T14:42:11.510175+00:00
2019-10-15,93.98,https://cdn.cboe.com/api/global/us_indices/daily_prices/VVIX_History.csv,2026-10-02T14:42:11.510175+00:00
2019-10-16,93.16,https://cdn.cboe.com/api/global/us_indices/daily_prices/VVIX_History.csv,2026-10-02T14:42:11.510175+00:00
2019-10-17,90.27,https://cdn.cboe.com/api/global/us_indices/daily_prices/VVIX_History.csv,2026-10-02T14:42:11.510175+00:00
2019-10-18,91.2,https://cdn.cboe.com/api/global/us_indices/daily_prices/VVIX_History.csv,2026-10-02T14:42:11.510175+00:00
2019-10-21,87.29,https://cdn.cboe.com/api/global/us_indices/daily_prices/VVIX_History.csv,2026-10-02T14:42:11.510175+00:00
2019-10-22,89.32,https://cdn.cboe.com/api/global/us_indices/daily_prices/VVIX_History.csv,2026-10-02T14:42:11.510175+00:00
2019-10-23,87.59,https://cdn.cboe.com/api/global/us_indices/daily_prices/VVIX_History.csv,2026-10-02T14:42:11.510175+00:00
2019-10-24,86.55,https://cdn.cboe.com/api/global/us_indices/daily_prices/VVIX_History.csv,2026-10-02T14:42:11.510175+00:00
2019-10-25,83.82,https://cdn.cboe.com/api/global/us_indices/daily_prices/VVIX_History.csv,2026-10-02T14:42:11.510175+00:00
2019-10-28,86.48,https://cdn.cboe.com/api/global/us_indices/daily_prices/VVIX_History.csv,2026-10-02T14:42:11.510175+00:00
2019-10-29,87.75,https://cdn.cboe.com/api/global/us_indices/daily_prices/VVIX_History.csv,2026-10-02T14:42:11.510175+00:00
2019-10-30,86.47,https://cdn.cboe.com/api/global/us_indices/daily_prices/VVIX_History.csv,2026-10-02T14:42:11.510175+00:00
2019-10-31,88.92,https://cdn.cboe.com/api/global/us_indices/daily_prices/VVIX_History.csv,2026-10-02T14:42:11.510175+00:00
2019-11-01,85.69,https://cdn.cboe.com/api/global/us_indices/daily_prices/VVIX_History.csv,2026-10-02T14:42:11.510175+00:00
2019-11-04,88.75,https://cdn.cboe.com/api/global/us_indices/daily_prices/VVIX_History.csv,2026-10-02T14:42:11.510175+00:00
2019-11-05,90.98,https://cdn.cboe.com/api/global/us_indices/daily_prices/VVIX_History.csv,2026-10-02T14:42:11.510175+00:00
2019-11-06,89.59,https://cdn.cboe.com/api/global/us_indices/daily_prices/VVIX_History.csv,2026-10-02T14:42:11.510175+00:00
2019-11-07,90.15,https://cdn.cboe.com/api/global/us_indices/daily_prices/VVIX_History.csv,2026-10-02T14:42:11.510175+00:00
2019-11-08,89.06,https://cdn.cboe.com/api/global/us_indices/daily_prices/VVIX_History.csv,2026-10-02T14:42:11.510175+00:00
2019-11-11,89.56,https://cdn.cboe.com/api/global/us_indices/daily_prices/VVIX_History.csv,2026-10-02T14:42:11.510175+00:00
2019-11-12,90.35,https://cdn.cboe.com/api/global/us_indices/daily_prices/VVIX_History.csv,2026-10-02T14:42:11.510175+00:00
2019-11-13,93.5,https://cdn.cboe.com/api/global/us_indices/daily_prices/VVIX_History.csv,2026-10-02T14:42:11.510175+00:00
2019-11-14,93.45,https://cdn.cboe.com/api/global/us_indices/daily_prices/VVIX_History.csv,2026-10-02T14:42:11.510175+00:00
2019-11-15,93.35,https://cdn.cboe.com/api/global/us_indices/daily_prices/VVIX_History.csv,2026-10-02T14:42:11.510175+00:00
2019-11-18,93.99,https://cdn.cboe.com/api/global/us_indices/daily_prices/VVIX_History.csv,2026-10-02T14:42:11.510175+00:00
2019-11-19,95.95,https://cdn.cboe.com/api/global/us_indices/daily_prices/VVIX_History.csv,2026-10-02T14:42:11.510175+00:00
2019-11-20,95.36,https://cdn.cboe.com/api/global/us_indices/daily_prices/VVIX_History.csv,2026-10-02T14:42:11.510175+00:00
2019-11-21,96.09,https://cdn.cboe.com/api/global/us_indices/daily_prices/VVIX_History.csv,2026-10-02T14:42:11.510175+00:00
2019-11-22,94.4,https://cdn.cboe.com/api/global/us_indices/daily_prices/VVIX_History.csv,2026-10-02T14:42:11.510175+00:00
2019-11-25,90.24,https://cdn.cboe.com/api/global/us_indices/daily_prices/VVIX_History.csv,2026-10-02T14:42:11.510175+00:00
2019-11-26,89.88,https://cdn.cboe.com/api/global/us_indices/daily_prices/VVIX_History.csv,2026-10-02T14:42:11.510175+00:00
2019-11-27,90.2,https://cdn.cboe.com/api/global/us_indices/daily_prices/VVIX_History.csv,2026-10-02T14:42:11.510175+00:00
2019-11-29,91.05,https://cdn.cboe.com/api/global/us_indices/daily_prices/VVIX_History.csv,2026-10-02T14:42:11.510175+00:00
2019-12-02,98.91,https://cdn.cboe.com/api/global/us_indices/daily_prices/VVIX_History.csv,2026-10-02T14:42:11.510175+00:00
2019-12-03,102.65,https://cdn.cboe.com/api/global/us_indices/daily_prices/VVIX_History.csv,2026-10-02T14:42:11.510175+00:00
2019-12-04,98.72,https://cdn.cboe.com/api/global/us_indices/daily_prices/VVIX_History.csv,2026-10-02T14:42:11.510175+00:00
2019-12-05,98.12,https://cdn.cboe.com/api/global/us_indices/daily_prices/VVIX_History.csv,2026-10-02T14:42:11.510175+00:00
2019-12-06,96.52,https://cdn.cboe.com/api/global/us_indices/daily_prices/VVIX_History.csv,2026-10-02T14:42:11.510175+00:00
2019-12-09,101.89,https://cdn.cboe.com/api/global/us_indices/daily_prices/VVIX_History.csv,2026-10-02T14:42:11.510175+00:00
2019-12-10,101.03,https://cdn.cboe.com/api/global/us_indices/daily_prices/VVIX_History.csv,2026-10-02T14:42:11.510175+00:00
2019-12-11,104.82,https://cdn.cboe.com/api/global/us_indices/daily_prices/VVIX_History.csv,2026-10-02T14:42:11.510175+00:00
2019-12-12,101.3,https://cdn.cboe.com/api/global/us_indices/daily_prices/VVIX_History.csv,2026-10-02T14:42:11.510175+00:00
2019-12-13,96.61,https://cdn.cboe.com/api/global/us_indices/daily_prices/VVIX_History.csv,2026-10-02T14:42:11.510175+00:00
2019-12-16,94.21,https://cdn.cboe.com/api/global/us_indices/daily_prices/VVIX_History.csv,2026-10-02T14:42:11.510175+00:00
2019-12-17,98.56,https://cdn.cboe.com/api/global/us_indices/daily_prices/VVIX_History.csv,2026-10-02T14:42:11.510175+00:00
2019-12-18,99.2,https://cdn.cboe.com/api/global/us_indices/daily_prices/VVIX_History.csv,2026-10-02T14:42:11.510175+00:00
2019-12-19,97.25,https://cdn.cboe.com/api/global/us_indices/daily_prices/VVIX_History.csv,2026-10-02T14:42:11.510175+00:00
2019-12-20,99.29,https://cdn.cboe.com/api/global/us_indices/daily_prices/VVIX_History.csv,2026-10-02T14:42:11.510175+00:00
2019-12-23,99.82,https://cdn.cboe.com/api/global/us_indices/daily_prices/VVIX_History.csv,2026-10-02T14:42:11.510175+00:00
2019-12-24,98.83,https://cdn.cboe.com/api/global/us_indices/daily_prices/VVIX_History.csv,2026-10-02T14:42:11.510175+00:00
2019-12-26,97.46,https://cdn.cboe.com/api/global/us_indices/daily_prices/VVIX_History.csv,2026-10-02T14:42:11.510175+00:00
2019-12-27,99.63,https://cdn.cboe.com/api/global/us_indices/daily_prices/VVIX_History.csv,2026-10-02T14:42:11.510175+00:00
2019-12-30,100.02,https://cdn.cboe.com/api/global/us_indices/daily_prices/VVIX_History.csv,2026-10-02T14:42:11.510175+00:00
2019-12-31,94.1,https://cdn.cboe.com/api/global/us_indices/daily_prices/VVIX_History.csv,2026-10-02T14:42:11.510175+00:00
2020-01-02,89.67,https://cdn.cboe.com/api/global/us_indices/daily_prices/VVIX_History.csv,2026-10-02T14:42:11.510175+00:00
2020-01-03,93.79,https://cdn.cboe.com/api/global/us_indices/daily_prices/VVIX_History.csv,2026-10-02T14:42:11.510175+00:00
2020-01-06,92.66,https://cdn.cboe.com/api/global/us_indices/daily_prices/VVIX_History.csv,2026-10-02T14:42:11.510175+00:00
2020-01-07,91.07,https://cdn.cboe.com/api/global/us_indices/daily_prices/VVIX_History.csv,2026-10-02T14:42:11.510175+00:00
2020-01-08,90.21,https://cdn.cboe.com/api/global/us_indices/daily_prices/VVIX_History.csv,2026-10-02T14:42:11.510175+00:00
2020-01-09,87.81,https://cdn.cboe.com/api/global/us_indices/daily_prices/VVIX_History.csv,2026-10-02T14:42:11.510175+00:00
2020-01-10,88.33,https://cdn.cboe.com/api/global/us_indices/daily_prices/VVIX_History.csv,2026-10-02T14:42:11.510175+00:00
2020-01-13,88.48,https://cdn.cboe.com/api/global/us_indices/daily_prices/VVIX_History.csv,2026-10-02T14:42:11.510175+00:00
2020-01-14,86.87,https://cdn.cboe.com/api/global/us_indices/daily_prices/VVIX_History.csv,2026-10-02T14:42:11.510175+00:00
2020-01-15,91.15,https://cdn.cboe.com/api/global/us_indices/daily_prices/VVIX_History.csv,2026-10-02T14:42:11.510175+00:00
2020-01-16,90.38,https://cdn.cboe.com/api/global/us_indices/daily_prices/VVIX_History.csv,2026-10-02T14:42:11.510175+00:00
2020-01-17,91.75,https://cdn.cboe.com/api/global/us_indices/daily_prices/VVIX_History.csv,2026-10-02T14:42:11.510175+00:00
2020-01-21,92.98,https://cdn.cboe.com/api/global/us_indices/daily_prices/VVIX_History.csv,2026-10-02T14:42:11.510175+00:00
2020-01-22,91.11,https://cdn.cboe.com/api/global/us_indices/daily_prices/VVIX_History.csv,2026-10-02T14:42:11.510175+00:00
2020-01-23,92.54,https://cdn.cboe.com/api/global/us_indices/daily_prices/VVIX_History.csv,2026-10-02T14:42:11.510175+00:00
2020-01-24,98.43,https://cdn.cboe.com/api/global/us_indices/daily_prices/VVIX_History.csv,2026-10-02T14:42:11.510175+00:00
2020-01-27,107.39,https://cdn.cboe.com/api/global/us_indices/daily_prices/VVIX_History.csv,2026-10-02T14:42:11.510175+00:00
2020-01-28,102.11,https://cdn.cboe.com/api/global/us_indices/daily_prices/VVIX_History.csv,2026-10-02T14:42:11.510175+00:00
2020-01-29,99.07,https://cdn.cboe.com/api/global/us_indices/daily_prices/VVIX_History.csv,2026-10-02T14:42:11.510175+00:00
2020-01-30,96.49,https://cdn.cboe.com/api/global/us_indices/daily_prices/VVIX_History.csv,2026-10-02T14:42:11.510175+00:00
2020-01-31,105.6,https://cdn.cboe.com/api/global/us_indices/daily_prices/VVIX_History.csv,2026-10-02T14:42:11.510175+00:00
2020-02-03,102.95,https://cdn.cboe.com/api/global/us_indices/daily_prices/VVIX_History.csv,2026-10-02T14:42:11.510175+00:00
2020-02-04,96.18,https://cdn.cboe.com/api/global/us_indices/daily_prices/VVIX_History.csv,2026-10-02T14:42:11.510175+00:00
2020-02-05,92.82,https://cdn.cboe.com/api/global/us_indices/daily_prices/VVIX_History.csv,2026-10-02T14:42:11.510175+00:00
2020-02-06,93.61,https://cdn.cboe.com/api/global/us_indices/daily_prices/VVIX_History.csv,2026-10-02T14:42:11.510175+00:00
2020-02-07,96.01,https://cdn.cboe.com/api/global/us_indices/daily_prices/VVIX_History.csv,2026-10-02T14:42:11.510175+00:00
2020-02-10,96.81,https://cdn.cboe.com/api/global/us_indices/daily_prices/VVIX_History.csv,2026-10-02T14:42:11.510175+00:00
2020-02-11,96.96,https://cdn.cboe.com/api/global/us_indices/daily_prices/VVIX_History.csv,2026-10-02T14:42:11.510175+00:00
2020-02-12,96.65,https://cdn.cboe.com/api/global/us_indices/daily_prices/VVIX_History.csv,2026-10-02T14:42:11.510175+00:00
2020-02-13,99.17,https://cdn.cboe.com/api/global/us_indices/daily_prices/VVIX_History.csv,2026-10-02T14:42:11.510175+00:00
2020-02-14,98.17,https://cdn.cboe.com/api/global/us_indices/daily_prices/VVIX_History.csv,2026-10-02T14:42:11.510175+00:00
2020-02-18,101.02,https://cdn.cboe.com/api/global/us_indices/daily_prices/VVIX_History.csv,2026-10-02T14:42:11.510175+00:00
2020-02-19,95.92,https://cdn.cboe.com/api/global/us_indices/daily_prices/VVIX_History.csv,2026-10-02T14:42:11.510175+00:00
2020-02-20,99.48,https://cdn.cboe.com/api/global/us_indices/daily_prices/VVIX_History.csv,2026-10-02T14:42:11.510175+00:00
2020-02-21,104.86,https://cdn.cboe.com/api/global/us_indices/daily_prices/VVIX_History.csv,2026-10-02T14:42:11.510175+00:00
2020-02-24,112.72,https://cdn.cboe.com/api/global/us_indices/daily_prices/VVIX_History.csv,2026-10-02T14:42:11.510175+00:00
2020-02-25,121.01,https://cdn.cboe.com/api/global/us_indices/daily_prices/VVIX_History.csv,2026-10-02T14:42:11.510175+00:00
2020-02-26,113.44,https://cdn.cboe.com/api/global/us_indices/daily_prices/VVIX_History.csv,2026-10-02T14:42:11.510175+00:00
2020-02-27,118.0,https://cdn.cboe.com/api/global/us_indices/daily_prices/VVIX_History.csv,2026-10-02T14:42:11.510175+00:00
2020-02-28,125.73,https://cdn.cboe.com/api/global/us_indices/daily_prices/VVIX_History.csv,2026-10-02T14:42:11.510175+00:00
2020-03-02,114.69,https://cdn.cboe.com/api/global/us_indices/daily_prices/VVIX_History.csv,2026-10-02T14:42:11.510175+00:00
2020-03-03,116.72,https://cdn.cboe.com/api/global/us_indices/daily_prices/VVIX_History.csv,2026-10-02T14:42:11.510175+00:00
2020-03-04,113.97,https://cdn.cboe.com/api/global/us_indices/daily_prices/VVIX_History.csv,2026-10-02T14:42:11.510175+00:00
2020-03-05,119.66,https://cdn.cboe.com/api/global/us_indices/daily_prices/VVIX_History.csv,2026-10-02T14:42:11.510175+00:00
2020-03-06,127.16,https://cdn.cboe.com/api/global/us_indices/daily_prices/VVIX_History.csv,2026-10-02T14:42:11.510175+00:00
2020-03-09,137.19,https://cdn.cboe.com/api/global/us_indices/daily_prices/VVIX_History.csv,2026-10-02T14:42:11.510175+00:00
2020-03-10,138.82,https://cdn.cboe.com/api/global/us_indices/daily_prices/VVIX_History.csv,2026-10-02T14:42:11.510175+00:00
2020-03-11,146.93,https://cdn.cboe.com/api/global/us_indices/daily_prices/VVIX_History.csv,2026-10-02T14:42:11.510175+00:00
2020-03-12,155.05,https://cdn.cboe.com/api/global/us_indices/daily_prices/VVIX_History.csv,2026-10-02T14:42:11.510175+00:00
2020-03-13,171.28,https://cdn.cboe.com/api/global/us_indices/daily_prices/VVIX_History.csv,2026-10-02T14:42:11.510175+00:00
2020-03-16,207.59,https://cdn.cboe.com/api/global/us_indices/daily_prices/VVIX_History.csv,2026-10-02T14:42:11.510175+00:00
2020-03-17,194.43,https://cdn.cboe.com/api/global/us_indices/daily_prices/VVIX_History.csv,2026-10-02T14:42:11.510175+00:00
2020-03-18,181.33,https://cdn.cboe.com/api/global/us_indices/daily_prices/VVIX_History.csv,2026-10-02T14:42:11.510175+00:00
2020-03-19,181.76,https://cdn.cboe.com/api/global/us_indices/daily_prices/VVIX_History.csv,2026-10-02T14:42:11.510175+00:00
2020-03-20,187.18,https://cdn.cboe.com/api/global/us_indices/daily_prices/VVIX_History.csv,2026-10-02T14:42:11.510175+00:00
2020-03-23,167.93,https://cdn.cboe.com/api/global/us_indices/daily_prices/VVIX_History.csv,2026-10-02T14:42:11.510175+00:00
2020-03-24,171.91,https://cdn.cboe.com/api/global/us_indices/daily_prices/VVIX_History.csv,2026-10-02T14:42:11.510175+00:00
2020-03-25,171.89,https://cdn.cboe.com/api/global/us_indices/daily_prices/VVIX_History.csv,2026-10-02T14:42:11.510175+00:00
2020-03-26,169.58,https://cdn.cboe.com/api/global/us_indices/daily_prices/VVIX_History.csv,2026-10-02T14:42:11.510175+00:00
2020-03-27,168.71,https://cdn.cboe.com/api/global/us_indices/daily_prices/VVIX_History.csv,2026-10-02T14:42:11.510175+00:00
2020-03-30,157.66,https://cdn.cboe.com/api/global/us_indices/daily_prices/VVIX_History.csv,2026-10-02T14:42:11.510175+00:00
2020-03-31,152.92,https://cdn.cboe.com/api/global/us_indices/daily_prices/VVIX_History.csv,2026-10-02T14:42:11.510175+00:00
2020-04-01,156.99,https://cdn.cboe.com/api/global/us_indices/daily_prices/VVIX_History.csv,2026-10-02T14:42:11.510175+00:00
2020-04-02,147.33,https://cdn.cboe.com/api/global/us_indices/daily_prices/VVIX_History.csv,2026-10-02T14:42:11.510175+00:00
2020-04-03,143.52,https://cdn.cboe.com/api/global/us_indices/daily_prices/VVIX_History.csv,2026-10-02T14:42:11.510175+00:00
2020-04-06,143.3,https://cdn.cboe.com/api/global/us_indices/daily_prices/VVIX_History.csv,2026-10-02T14:42:11.510175+00:00
2020-04-07,134.45,https://cdn.cboe.com/api/global/us_indices/daily_prices/VVIX_History.csv,2026-10-02T14:42:11.510175+00:00
2020-04-08,141.37,https://cdn.cboe.com/api/global/us_indices/daily_prices/VVIX_History.csv,2026-10-02T14:42:11.510175+00:00
2020-04-09,137.75,https://cdn.cboe.com/api/global/us_indices/daily_prices/VVIX_History.csv,2026-10-02T14:42:11.510175+00:00
2020-04-13,138.68,https://cdn.cboe.com/api/global/us_indices/daily_prices/VVIX_History.csv,2026-10-02T14:42:11.510175+00:00
2020-04-14,131.78,https://cdn.cboe.com/api/global/us_indices/daily_prices/VVIX_History.csv,2026-10-02T14:42:11.510175+00:00
2020-04-15,135.93,https://cdn.cboe.com/api/global/us_indices/daily_prices/VVIX_History.csv,2026-10-02T14:42:11.510175+00:00
2020-04-16,129.55,https://cdn.cboe.com/api/global/us_indices/daily_prices/VVIX_History.csv,2026-10-02T14:42:11.510175+00:00
2020-04-17,127.15,https://cdn.cboe.com/api/global/us_indices/daily_prices/VVIX_History.csv,2026-10-02T14:42:11.510175+00:00
2020-04-20,132.04,https://cdn.cboe.com/api/global/us_indices/daily_prices/VVIX_History.csv,2026-10-02T14:42:11.510175+00:00
2020-04-21,132.22,https://cdn.cboe.com/api/global/us_indices/daily_prices/VVIX_History.csv,2026-10-02T14:42:11.510175+00:00
2020-04-22,124.1,https://cdn.cboe.com/api/global/us_indices/daily_prices/VVIX_History.csv,2026-10-02T14:42:11.510175+00:00
2020-04-23,121.86,https://cdn.cboe.com/api/global/us_indices/daily_prices/VVIX_History.csv,2026-10-02T14:42:11.510175+00:00
2020-04-24,119.88,https://cdn.cboe.com/api/global/us_indices/daily_prices/VVIX_History.csv,2026-10-02T14:42:11.510175+00:00
2020-04-27,120.56,https://cdn.cboe.com/api/global/us_indices/daily_prices/VVIX_History.csv,2026-10-02T14:42:11.510175+00:00
2020-04-28,117.79,https://cdn.cboe.com/api/global/us_indices/daily_prices/VVIX_History.csv,2026-10-02T14:42:11.510175+00:00
2020-04-29,115.98,https://cdn.cboe.com/api/global/us_indices/daily_prices/VVIX_History.csv,2026-10-02T14:42:11.510175+00:00
2020-04-30,118.53,https://cdn.cboe.com/api/global/us_indices/daily_prices/VVIX_History.csv,2026-10-02T14:42:11.510175+00:00
2020-05-01,122.15,https://cdn.cboe.com/api/global/us_indices/daily_prices/VVIX_History.csv,2026-10-02T14:42:11.510175+00:00
2020-05-04,121.25,https://cdn.cboe.com/api/global/us_indices/daily_prices/VVIX_History.csv,2026-10-02T14:42:11.510175+00:00
2020-05-05,118.87,https://cdn.cboe.com/api/global/us_indices/daily_prices/VVIX_History.csv,2026-10-02T14:42:11.510175+00:00
2020-05-06,119.16,https://cdn.cboe.com/api/global/us_indices/daily_prices/VVIX_History.csv,2026-10-02T14:42:11.510175+00:00
2020-05-07,115.83,https://cdn.cboe.com/api/global/us_indices/daily_prices/VVIX_History.csv,2026-10-02T14:42:11.510175+00:00
2020-05-08,115.65,https://cdn.cboe.com/api/global/us_indices/daily_prices/VVIX_History.csv,2026-10-02T14:42:11.510175+00:00
2020-05-11,118.71,https://cdn.cboe.com/api/global/us_indices/daily_prices/VVIX_History.csv,2026-10-02T14:42:11.510175+00:00
2020-05-12,130.75,https://cdn.cboe.com/api/global/us_indices/daily_prices/VVIX_History.csv,2026-10-02T14:42:11.510175+00:00
2020-05-13,142.75,https://cdn.cboe.com/api/global/us_indices/daily_prices/VVIX_History.csv,2026-10-02T14:42:11.510175+00:00
2020-05-14,137.05,https://cdn.cboe.com/api/global/us_indices/daily_prices/VVIX_History.csv,2026-10-02T14:42:11.510175+00:00
2020-05-15,133.02,https://cdn.cboe.com/api/global/us_indices/daily_prices/VVIX_History.csv,2026-10-02T14:42:11.510175+00:00
2020-05-18,125.9,https://cdn.cboe.com/api/global/us_indices/daily_prices/VVIX_History.csv,2026-10-02T14:42:11.510175+00:00
2020-05-19,125.6,https://cdn.cboe.com/api/global/us_indices/daily_prices/VVIX_History.csv,2026-10-02T14:42:11.510175+00:00
2020-05-20,120.04,https://cdn.cboe.com/api/global/us_indices/daily_prices/VVIX_History.csv,2026-10-02T14:42:11.510175+00:00
2020-05-21,122.08,https://cdn.cboe.com/api/global/us_indices/daily_prices/VVIX_History.csv,2026-10-02T14:42:11.510175+00:00
2020-05-22,118.38,https://cdn.cboe.com/api/global/us_indices/daily_prices/VVIX_History.csv,2026-10-02T14:42:11.510175+00:00
2020-05-26,113.59,https://cdn.cboe.com/api/global/us_indices/daily_prices/VVIX_History.csv,2026-10-02T14:42:11.510175+00:00
2020-05-27,109.82,https://cdn.cboe.com/api/global/us_indices/daily_prices/VVIX_History.csv,2026-10-02T14:42:11.510175+00:00
2020-05-28,108.99,https://cdn.cboe.com/api/global/us_indices/daily_prices/VVIX_History.csv,2026-10-02T14:42:11.510175+00:00
2020-05-29,105.6,https://cdn.cboe.com/api/global/us_indices/daily_prices/VVIX_History.csv,2026-10-02T14:42:11.510175+00:00
2020-06-01,106.47,https://cdn.cboe.com/api/global/us_indices/daily_prices/VVIX_History.csv,2026-10-02T14:42:11.510175+00:00
2020-06-02,104.83,https://cdn.cboe.com/api/global/us_indices/daily_prices/VVIX_History.csv,2026-10-02T14:42:11.510175+00:00
2020-06-03,106.85,https://cdn.cboe.com/api/global/us_indices/daily_prices/VVIX_History.csv,2026-10-02T14:42:11.510175+00:00
2020-06-04,109.88,https://cdn.cboe.com/api/global/us_indices/daily_prices/VVIX_History.csv,2026-10-02T14:42:11.510175+00:00
2020-06-05,107.59,https://cdn.cboe.com/api/global/us_indices/daily_prices/VVIX_History.csv,2026-10-02T14:42:11.510175+00:00
2020-06-08,110.05,https://cdn.cboe.com/api/global/us_indices/daily_prices/VVIX_History.csv,2026-10-02T14:42:11.510175+00:00
2020-06-09,111.0,https://cdn.cboe.com/api/global/us_indices/daily_prices/VVIX_History.csv,2026-10-02T14:42:11.510175+00:00
2020-06-10,116.53,https://cdn.cboe.com/api/global/us_indices/daily_prices/VVIX_History.csv,2026-10-02T14:42:11.510175+00:00
2020-06-11,146.84,https://cdn.cboe.com/api/global/us_indices/daily_prices/VVIX_History.csv,2026-10-02T14:42:11.510175+00:00
2020-06-12,151.6,https://cdn.cboe.com/api/global/us_indices/daily_prices/VVIX_History.csv,2026-10-02T14:42:11.510175+00:00
2020-06-15,141.83,https://cdn.cboe.com/api/global/us_indices/daily_prices/VVIX_History.csv,2026-10-02T14:42:11.510175+00:00
2020-06-16,143.24,https://cdn.cboe.com/api/global/us_indices/daily_prices/VVIX_History.csv,2026-10-02T14:42:11.510175+00:00
2020-06-17,139.94,https://cdn.cboe.com/api/global/us_indices/daily_prices/VVIX_History.csv,2026-10-02T14:42:11.510175+00:00
2020-06-18,135.29,https://cdn.cboe.com/api/global/us_indices/daily_prices/VVIX_History.csv,2026-10-02T14:42:11.510175+00:00
2020-06-19,138.35,https://cdn.cboe.com/api/global/us_indices/daily_prices/VVIX_History.csv,2026-10-02T14:42:11.510175+00:00
2020-06-22,133.98,https://cdn.cboe.com/api/global/us_indices/daily_prices/VVIX_History.csv,2026-10-02T14:42:11.510175+00:00
2020-06-23,130.73,https://cdn.cboe.com/api/global/us_indices/daily_prices/VVIX_History.csv,2026-10-02T14:42:11.510175+00:00
2020-06-24,136.89,https://cdn.cboe.com/api/global/us_indices/daily_prices/VVIX_History.csv,2026-10-02T14:42:11.510175+00:00
2020-06-25,127.2,https://cdn.cboe.com/api/global/us_indices/daily_prices/VVIX_History.csv,2026-10-02T14:42:11.510175+00:00
2020-06-26,128.63,https://cdn.cboe.com/api/global/us_indices/daily_prices/VVIX_History.csv,2026-10-02T14:42:11.510175+00:00
2020-06-29,121.32,https://cdn.cboe.com/api/global/us_indices/daily_prices/VVIX_History.csv,2026-10-02T14:42:11.510175+00:00
2020-06-30,120.76,https://cdn.cboe.com/api/global/us_indices/daily_prices/VVIX_History.csv,2026-10-02T14:42:11.510175+00:00
2020-07-01,120.83,https://cdn.cboe.com/api/global/us_indices/daily_prices/VVIX_History.csv,2026-10-02T14:42:11.510175+00:00
2020-07-02,115.47,https://cdn.cboe.com/api/global/us_indices/daily_prices/VVIX_History.csv,2026-10-02T14:42:11.510175+00:00
2020-07-06,116.57,https://cdn.cboe.com/api/global/us_indices/daily_prices/VVIX_History.csv,2026-10-02T14:42:11.510175+00:00
2020-07-07,118.12,https://cdn.cboe.com/api/global/us_indices/daily_prices/VVIX_History.csv,2026-10-02T14:42:11.510175+00:00
2020-07-08,113.34,https://cdn.cboe.com/api/global/us_indices/daily_prices/VVIX_History.csv,2026-10-02T14:42:11.510175+00:00
2020-07-09,115.11,https://cdn.cboe.com/api/global/us_indices/daily_prices/VVIX_History.csv,2026-10-02T14:42:11.510175+00:00
2020-07-10,109.71,https://cdn.cboe.com/api/global/us_indices/daily_prices/VVIX_History.csv,2026-10-02T14:42:11.510175+00:00
2020-07-13,123.3,https://cdn.cboe.com/api/global/us_indices/daily_prices/VVIX_History.csv,2026-10-02T14:42:11.510175+00:00
2020-07-14,112.75,https://cdn.cboe.com/api/global/us_indices/daily_prices/VVIX_History.csv,2026-10-02T14:42:11.510175+00:00
2020-07-15,113.71,https://cdn.cboe.com/api/global/us_indices/daily_prices/VVIX_History.csv,2026-10-02T14:42:11.510175+00:00
2020-07-16,115.62,https://cdn.cboe.com/api/global/us_indices/daily_prices/VVIX_History.csv,2026-10-02T14:42:11.510175+00:00
2020-07-17,117.97,https://cdn.cboe.com/api/global/us_indices/daily_prices/VVIX_History.csv,2026-10-02T14:42:11.510175+00:00
2020-07-20,112.51,https://cdn.cboe.com/api/global/us_indices/daily_prices/VVIX_History.csv,2026-10-02T14:42:11.510175+00:00
2020-07-21,115.46,https://cdn.cboe.com/api/global/us_indices/daily_prices/VVIX_History.csv,2026-10-02T14:42:11.510175+00:00
2020-07-22,112.84,https://cdn.cboe.com/api/global/us_indices/daily_prices/VVIX_History.csv,2026-10-02T14:42:11.510175+00:00
2020-07-23,116.7,https://cdn.cboe.com/api/global/us_indices/daily_prices/VVIX_History.csv,2026-10-02T14:42:11.510175+00:00
2020-07-24,117.22,https://cdn.cboe.com/api/global/us_indices/daily_prices/VVIX_History.csv,2026-10-02T14:42:11.510175+00:00
2020-07-27,112.71,https://cdn.cboe.com/api/global/us_indices/daily_prices/VVIX_History.csv,2026-10-02T14:42:11.510175+00:00
2020-07-28,113.88,https://cdn.cboe.com/api/global/us_indices/daily_prices/VVIX_History.csv,2026-10-02T14:42:11.510175+00:00
2020-07-29,110.95,https://cdn.cboe.com/api/global/us_indices/daily_prices/VVIX_History.csv,2026-10-02T14:42:11.510175+00:00
2020-07-30,112.16,https://cdn.cboe.com/api/global/us_indices/daily_prices/VVIX_History.csv,2026-10-02T14:42:11.510175+00:00
2020-07-31,112.04,https://cdn.cboe.com/api/global/us_indices/daily_prices/VVIX_History.csv,2026-10-02T14:42:11.510175+00:00
2020-08-03,111.02,https://cdn.cboe.com/api/global/us_indices/daily_prices/VVIX_History.csv,2026-10-02T14:42:11.510175+00:00
2020-08-04,109.0,https://cdn.cboe.com/api/global/us_indices/daily_prices/VVIX_History.csv,2026-10-02T14:42:11.510175+00:00
2020-08-05,105.67,https://cdn.cboe.com/api/global/us_indices/daily_prices/VVIX_History.csv,2026-10-02T14:42:11.510175+00:00
2020-08-06,105.84,https://cdn.cboe.com/api/global/us_indices/daily_prices/VVIX_History.csv,2026-10-02T14:42:11.510175+00:00
2020-08-07,108.18,https://cdn.cboe.com/api/global/us_indices/daily_prices/VVIX_History.csv,2026-10-02T14:42:11.510175+00:00
2020-08-10,111.13,https://cdn.cboe.com/api/global/us_indices/daily_prices/VVIX_History.csv,2026-10-02T14:42:11.510175+00:00
2020-08-11,118.34,https://cdn.cboe.com/api/global/us_indices/daily_prices/VVIX_History.csv,2026-10-02T14:42:11.510175+00:00
2020-08-12,115.73,https://cdn.cboe.com/api/global/us_indices/daily_prices/VVIX_History.csv,2026-10-02T14:42:11.510175+00:00
2020-08-13,115.18,https://cdn.cboe.com/api/global/us_indices/daily_prices/VVIX_History.csv,2026-10-02T14:42:11.510175+00:00
2020-08-14,114.35,https://cdn.cboe.com/api/global/us_indices/daily_prices/VVIX_History.csv,2026-10-02T14:42:11.510175+00:00
2020-08-17,110.35,https://cdn.cboe.com/api/global/us_indices/daily_prices/VVIX_History.csv,2026-10-02T14:42:11.510175+00:00
2020-08-18,112.59,https://cdn.cboe.com/api/global/us_indices/daily_prices/VVIX_History.csv,2026-10-02T14:42:11.510175+00:00
2020-08-19,114.72,https://cdn.cboe.com/api/global/us_indices/daily_prices/VVIX_History.csv,2026-10-02T14:42:11.510175+00:00
2020-08-20,112.99,https://cdn.cboe.com/api/global/us_indices/daily_prices/VVIX_History.csv,2026-10-02T14:42:11.510175+00:00
2020-08-21,111.25,https://cdn.cboe.com/api/global/us_indices/daily_prices/VVIX_History.csv,2026-10-02T14:42:11.510175+00:00
2020-08-24,108.25,https://cdn.cboe.com/api/global/us_indices/daily_prices/VVIX_History.csv,2026-10-02T14:42:11.510175+00:00
2020-08-25,103.88,https://cdn.cboe.com/api/global/us_indices/daily_prices/VVIX_History.csv,2026-10-02T14:42:11.510175+00:00
2020-08-26,105.8,https://cdn.cboe.com/api/global/us_indices/daily_prices/VVIX_History.csv,2026-10-02T14:42:11.510175+00:00
2020-08-27,114.74,https://cdn.cboe.com/api/global/us_indices/daily_prices/VVIX_History.csv,2026-10-02T14:42:11.510175+00:00
2020-08-28,111.56,https://cdn.cboe.com/api/global/us_indices/daily_prices/VVIX_History.csv,2026-10-02T14:42:11.510175+00:00
2020-08-31,119.01,https://cdn.cboe.com/api/global/us_indices/daily_prices/VVIX_History.csv,2026-10-02T14:42:11.510175+00:00
2020-09-01,120.1,https://cdn.cboe.com/api/global/us_indices/daily_prices/VVIX_History.csv,2026-10-02T14:42:11.510175+00:00
2020-09-02,122.01,https://cdn.cboe.com/api/global/us_indices/daily_prices/VVIX_History.csv,2026-10-02T14:42:11.510175+00:00
2020-09-03,132.91,https://cdn.cboe.com/api/global/us_indices/daily_prices/VVIX_History.csv,2026-10-02T14:42:11.510175+00:00
2020-09-04,122.14,https://cdn.cboe.com/api/global/us_indices/daily_prices/VVIX_History.csv,2026-10-02T14:42:11.510175+00:00
2020-09-08,123.56,https://cdn.cboe.com/api/global/us_indices/daily_prices/VVIX_History.csv,2026-10-02T14:42:11.510175+00:00
2020-09-09,121.54,https://cdn.cboe.com/api/global/us_indices/daily_prices/VVIX_History.csv,2026-10-02T14:42:11.510175+00:00
2020-09-10,120.58,https://cdn.cboe.com/api/global/us_indices/daily_prices/VVIX_History.csv,2026-10-02T14:42:11.510175+00:00
2020-09-11,113.95,https://cdn.cboe.com/api/global/us_indices/daily_prices/VVIX_History.csv,2026-10-02T14:42:11.510175+00:00
2020-09-14,111.27,https://cdn.cboe.com/api/global/us_indices/daily_prices/VVIX_History.csv,2026-10-02T14:42:11.510175+00:00
2020-09-15,108.97,https://cdn.cboe.com/api/global/us_indices/daily_prices/VVIX_History.csv,2026-10-02T14:42:11.510175+00:00
2020-09-16,103.48,https://cdn.cboe.com/api/global/us_indices/daily_prices/VVIX_History.csv,2026-10-02T14:42:11.510175+00:00
2020-09-17,100.37,https://cdn.cboe.com/api/global/us_indices/daily_prices/VVIX_History.csv,2026-10-02T14:42:11.510175+00:00
2020-09-18,101.19,https://cdn.cboe.com/api/global/us_indices/daily_prices/VVIX_History.csv,2026-10-02T14:42:11.510175+00:00
2020-09-21,108.74,https://cdn.cboe.com/api/global/us_indices/daily_prices/VVIX_History.csv,2026-10-02T14:42:11.510175+00:00
2020-09-22,104.69,https://cdn.cboe.com/api/global/us_indices/daily_prices/VVIX_History.csv,2026-10-02T14:42:11.510175+00:00
2020-09-23,107.35,https://cdn.cboe.com/api/global/us_indices/daily_prices/VVIX_History.csv,2026-10-02T14:42:11.510175+00:00
2020-09-24,102.26,https://cdn.cboe.com/api/global/us_indices/daily_prices/VVIX_History.csv,2026-10-02T14:42:11.510175+00:00
2020-09-25,99.64,https://cdn.cboe.com/api/global/us_indices/daily_prices/VVIX_History.csv,2026-10-02T14:42:11.510175+00:00
2020-09-28,101.85,https://cdn.cboe.com/api/global/us_indices/daily_prices/VVIX_History.csv,2026-10-02T14:42:11.510175+00:00
2020-09-29,96.93,https://cdn.cboe.com/api/global/us_indices/daily_prices/VVIX_History.csv,2026-10-02T14:42:11.510175+00:00
2020-09-30,101.58,https://cdn.cboe.com/api/global/us_indices/daily_prices/VVIX_History.csv,2026-10-02T14:42:11.510175+00:00
2020-10-01,101.0,https://cdn.cboe.com/api/global/us_indices/daily_prices/VVIX_History.csv,2026-10-02T14:42:11.510175+00:00
2020-10-02,102.72,https://cdn.cboe.com/api/global/us_indices/daily_prices/VVIX_History.csv,2026-10-02T14:42:11.510175+00:00
2020-10-05,103.22,https://cdn.cboe.com/api/global/us_indices/daily_prices/VVIX_History.csv,2026-10-02T14:42:11.510175+00:00
2020-10-06,106.14,https://cdn.cboe.com/api/global/us_indices/daily_prices/VVIX_History.csv,2026-10-02T14:42:11.510175+00:00
2020-10-07,104.19,https://cdn.cboe.com/api/global/us_indices/daily_prices/VVIX_History.csv,2026-10-02T14:42:11.510175+00:00
2020-10-08,104.8,https://cdn.cboe.com/api/global/us_indices/daily_prices/VVIX_History.csv,2026-10-02T14:42:11.510175+00:00
2020-10-09,109.22,https://cdn.cboe.com/api/global/us_indices/daily_prices/VVIX_History.csv,2026-10-02T14:42:11.510175+00:00
2020-10-12,109.68,https://cdn.cboe.com/api/global/us_indices/daily_prices/VVIX_History.csv,2026-10-02T14:42:11.510175+00:00
2020-10-13,110.97,https://cdn.cboe.com/api/global/us_indices/daily_prices/VVIX_History.csv,2026-10-02T14:42:11.510175+00:00
2020-10-14,116.93,https://cdn.cboe.com/api/global/us_indices/daily_prices/VVIX_History.csv,2026-10-02T14:42:11.510175+00:00
2020-10-15,117.59,https://cdn.cboe.com/api/global/us_indices/daily_prices/VVIX_History.csv,2026-10-02T14:42:11.510175+00:00
2020-10-16,115.92,https://cdn.cboe.com/api/global/us_indices/daily_prices/VVIX_History.csv,2026-10-02T14:42:11.510175+00:00
2020-10-19,119.76,https://cdn.cboe.com/api/global/us_indices/daily_prices/VVIX_History.csv,2026-10-02T14:42:11.510175+00:00
2020-10-20,119.59,https://cdn.cboe.com/api/global/us_indices/daily_prices/VVIX_History.csv,2026-10-02T14:42:11.510175+00:00
2020-10-21,117.47,https://cdn.cboe.com/api/global/us_indices/daily_prices/VVIX_History.csv,2026-10-02T14:42:11.510175+00:00
2020-10-22,118.6,https://cdn.cboe.com/api/global/us_indices/daily_prices/VVIX_History.csv,2026-10-02T14:42:11.510175+00:00
2020-10-23,118.94,https://cdn.cboe.com/api/global/us_indices/daily_prices/VVIX_History.csv,2026-10-02T14:42:11.510175+00:00
2020-10-26,133.08,https://cdn.cboe.com/api/global/us_indices/daily_prices/VVIX_History.csv,2026-10-02T14:42:11.510175+00:00
2020-10-27,135.32,https://cdn.cboe.com/api/global/us_indices/daily_prices/VVIX_History.csv,2026-10-02T14:42:11.510175+00:00
2020-10-28,152.01,https://cdn.cboe.com/api/global/us_indices/daily_prices/VVIX_History.csv,2026-10-02T14:42:11.510175+00:00
2020-10-29,147.84,https://cdn.cboe.com/api/global/us_indices/daily_prices/VVIX_History.csv,2026-10-02T14:42:11.510175+00:00
2020-10-30,145.24,https://cdn.cboe.com/api/global/us_indices/daily_prices/VVIX_History.csv,2026-10-02T14:42:11.510175+00:00
2020-11-02,142.65,https://cdn.cboe.com/api/global/us_indices/daily_prices/VVIX_History.csv,2026-10-02T14:42:11.510175+00:00
2020-11-03,136.28,https://cdn.cboe.com/api/global/us_indices/daily_prices/VVIX_History.csv,2026-10-02T14:42:11.510175+00:00
2020-11-04,122.12,https://cdn.cboe.com/api/global/us_indices/daily_prices/VVIX_History.csv,2026-10-02T14:42:11.510175+00:00
2020-11-05,117.68,https://cdn.cboe.com/api/global/us_indices/daily_prices/VVIX_History.csv,2026-10-02T14:42:11.510175+00:00
2020-11-06,112.92,https://cdn.cboe.com/api/global/us_indices/daily_prices/VVIX_History.csv,2026-10-02T14:42:11.510175+00:00
2020-11-09,116.78,https://cdn.cboe.com/api/global/us_indices/daily_prices/VVIX_History.csv,2026-10-02T14:42:11.510175+00:00
2020-11-10,116.05,https://cdn.cboe.com/api/global/us_indices/daily_prices/VVIX_History.csv,2026-10-02T14:42:11.510175+00:00
2020-11-11,118.32,https://cdn.cboe.com/api/global/us_indices/daily_prices/VVIX_History.csv,2026-10-02T14:42:11.510175+00:00
2020-11-12,121.57,https://cdn.cboe.com/api/global/us_indices/daily_prices/VVIX_History.csv,2026-10-02T14:42:11.510175+00:00
2020-11-13,114.39,https://cdn.cboe.com/api/global/us_indices/daily_prices/VVIX_History.csv,2026-10-02T14:42:11.510175+00:00
2020-11-16,115.0,https://cdn.cboe.com/api/global/us_indices/daily_prices/VVIX_History.csv,2026-10-02T14:42:11.510175+00:00
2020-11-17,116.25,https://cdn.cboe.com/api/global/us_indices/daily_prices/VVIX_History.csv,2026-10-02T14:42:11.510175+00:00
2020-11-18,117.9,https://cdn.cboe.com/api/global/us_indices/daily_prices/VVIX_History.csv,2026-10-02T14:42:11.510175+00:00
2020-11-19,114.15,https://cdn.cboe.com/api/global/us_indices/daily_prices/VVIX_History.csv,2026-10-02T14:42:11.510175+00:00
2020-11-20,113.99,https://cdn.cboe.com/api/global/us_indices/daily_prices/VVIX_History.csv,2026-10-02T14:42:11.510175+00:00
2020-11-23,109.85,https://cdn.cboe.com/api/global/us_indices/daily_prices/VVIX_History.csv,2026-10-02T14:42:11.510175+00:00
2020-11-24,104.56,https://cdn.cboe.com/api/global/us_indices/daily_prices/VVIX_History.csv,2026-10-02T14:42:11.510175+00:00
2020-11-25,103.46,https://cdn.cboe.com/api/global/us_indices/daily_prices/VVIX_History.csv,2026-10-02T14:42:11.510175+00:00
2020-11-27,106.12,https://cdn.cboe.com/api/global/us_indices/daily_prices/VVIX_History.csv,2026-10-02T14:42:11.510175+00:00
2020-11-30,106.12,https://cdn.cboe.com/api/global/us_indices/daily_prices/VVIX_History.csv,2026-10-02T14:42:11.510175+00:00
2020-12-01,108.43,https://cdn.cboe.com/api/global/us_indices/daily_prices/VVIX_History.csv,2026-10-02T14:42:11.510175+00:00
2020-12-02,107.52,https://cdn.cboe.com/api/global/us_indices/daily_prices/VVIX_History.csv,2026-10-02T14:42:11.510175+00:00
2020-12-03,107.89,https://cdn.cboe.com/api/global/us_indices/daily_prices/VVIX_History.csv,2026-10-02T14:42:11.510175+00:00
2020-12-04,103.72,https://cdn.cboe.com/api/global/us_indices/daily_prices/VVIX_History.csv,2026-10-02T14:42:11.510175+00:00
2020-12-07,104.42,https://cdn.cboe.com/api/global/us_indices/daily_prices/VVIX_History.csv,2026-10-02T14:42:11.510175+00:00
2020-12-08,102.82,https://cdn.cboe.com/api/global/us_indices/daily_prices/VVIX_History.csv,2026-10-02T14:42:11.510175+00:00
2020-12-09,113.93,https://cdn.cboe.com/api/global/us_indices/daily_prices/VVIX_History.csv,2026-10-02T14:42:11.510175+00:00
2020-12-10,114.66,https://cdn.cboe.com/api/global/us_indices/daily_prices/VVIX_History.csv,2026-10-02T14:42:11.510175+00:00
2020-12-11,120.77,https://cdn.cboe.com/api/global/us_indices/daily_prices/VVIX_History.csv,2026-10-02T14:42:11.510175+00:00
2020-12-14,127.68,https://cdn.cboe.com/api/global/us_indices/daily_prices/VVIX_History.csv,2026-10-02T14:42:11.510175+00:00
2020-12-15,119.11,https://cdn.cboe.com/api/global/us_indices/daily_prices/VVIX_History.csv,2026-10-02T14:42:11.510175+00:00
2020-12-16,111.85,https://cdn.cboe.com/api/global/us_indices/daily_prices/VVIX_History.csv,2026-10-02T14:42:11.510175+00:00
2020-12-17,110.21,https://cdn.cboe.com/api/global/us_indices/daily_prices/VVIX_History.csv,2026-10-02T14:42:11.510175+00:00
2020-12-18,110.3,https://cdn.cboe.com/api/global/us_indices/daily_prices/VVIX_History.csv,2026-10-02T14:42:11.510175+00:00
2020-12-21,121.61,https://cdn.cboe.com/api/global/us_indices/daily_prices/VVIX_History.csv,2026-10-02T14:42:11.510175+00:00
2020-12-22,120.57,https://cdn.cboe.com/api/global/us_indices/daily_prices/VVIX_History.csv,2026-10-02T14:42:11.510175+00:00
2020-12-23,118.31,https://cdn.cboe.com/api/global/us_indices/daily_prices/VVIX_History.csv,2026-10-02T14:42:11.510175+00:00
2020-12-24,115.26,https://cdn.cboe.com/api/global/us_indices/daily_prices/VVIX_History.csv,2026-10-02T14:42:11.510175+00:00
2020-12-28,114.4,https://cdn.cboe.com/api/global/us_indices/daily_prices/VVIX_History.csv,2026-10-02T14:42:11.510175+00:00
2020-12-29,116.27,https://cdn.cboe.com/api/global/us_indices/daily_prices/VVIX_History.csv,2026-10-02T14:42:11.510175+00:00
2020-12-30,112.04,https://cdn.cboe.com/api/global/us_indices/daily_prices/VVIX_History.csv,2026-10-02T14:42:11.510175+00:00
2020-12-31,111.86,https://cdn.cboe.com/api/global/us_indices/daily_prices/VVIX_History.csv,2026-10-02T14:42:11.510175+00:00
2021-01-04,124.65,https://cdn.cboe.com/api/global/us_indices/daily_prices/VVIX_History.csv,2026-10-02T14:42:11.510175+00:00
2021-01-05,120.07,https://cdn.cboe.com/api/global/us_indices/daily_prices/VVIX_History.csv,2026-10-02T14:42:11.510175+00:00
2021-01-06,119.9,https://cdn.cboe.com/api/global/us_indices/daily_prices/VVIX_History.csv,2026-10-02T14:42:11.510175+00:00
2021-01-07,109.38,https://cdn.cboe.com/api/global/us_indices/daily_prices/VVIX_History.csv,2026-10-02T14:42:11.510175+00:00
2021-01-08,111.0,https://cdn.cboe.com/api/global/us_indices/daily_prices/VVIX_History.csv,2026-10-02T14:42:11.510175+00:00
2021-01-11,118.8,https://cdn.cboe.com/api/global/us_indices/daily_prices/VVIX_History.csv,2026-10-02T14:42:11.510175+00:00
2021-01-12,115.79,https://cdn.cboe.com/api/global/us_indices/daily_prices/VVIX_History.csv,2026-10-02T14:42:11.510175+00:00
2021-01-13,117.76,https://cdn.cboe.com/api/global/us_indices/daily_prices/VVIX_History.csv,2026-10-02T14:42:11.510175+00:00
2021-01-14,122.78,https://cdn.cboe.com/api/global/us_indices/daily_prices/VVIX_History.csv,2026-10-02T14:42:11.510175+00:00
2021-01-15,124.25,https://cdn.cboe.com/api/global/us_indices/daily_prices/VVIX_History.csv,2026-10-02T14:42:11.510175+00:00
2021-01-19,120.71,https://cdn.cboe.com/api/global/us_indices/daily_prices/VVIX_History.csv,2026-10-02T14:42:11.510175+00:00
2021-01-20,114.17,https://cdn.cboe.com/api/global/us_indices/daily_prices/VVIX_History.csv,2026-10-02T14:42:11.510175+00:00
2021-01-21,112.59,https://cdn.cboe.com/api/global/us_indices/daily_prices/VVIX_History.csv,2026-10-02T14:42:11.510175+00:00
2021-01-22,111.79,https://cdn.cboe.com/api/global/us_indices/daily_prices/VVIX_History.csv,2026-10-02T14:42:11.510175+00:00
2021-01-25,116.63,https://cdn.cboe.com/api/global/us_indices/daily_prices/VVIX_History.csv,2026-10-02T14:42:11.510175+00:00
2021-01-26,115.31,https://cdn.cboe.com/api/global/us_indices/daily_prices/VVIX_History.csv,2026-10-02T14:42:11.510175+00:00
2021-01-27,157.69,https://cdn.cboe.com/api/global/us_indices/daily_prices/VVIX_History.csv,2026-10-02T14:42:11.510175+00:00
2021-01-28,133.22,https://cdn.cboe.com/api/global/us_indices/daily_prices/VVIX_History.csv,2026-10-02T14:42:11.510175+00:00
2021-01-29,137.33,https://cdn.cboe.com/api/global/us_indices/daily_prices/VVIX_History.csv,2026-10-02T14:42:11.510175+00:00
2021-02-01,129.44,https://cdn.cboe.com/api/global/us_indices/daily_prices/VVIX_History.csv,2026-10-02T14:42:11.510175+00:00
2021-02-02,119.1,https://cdn.cboe.com/api/global/us_indices/daily_prices/VVIX_History.csv,2026-10-02T14:42:11.510175+00:00
2021-02-03,111.03,https://cdn.cboe.com/api/global/us_indices/daily_prices/VVIX_History.csv,2026-10-02T14:42:11.510175+00:00
2021-02-04,108.47,https://cdn.cboe.com/api/global/us_indices/daily_prices/VVIX_History.csv,2026-10-02T14:42:11.510175+00:00
2021-02-05,107.64,https://cdn.cboe.com/api/global/us_indices/daily_prices/VVIX_History.csv,2026-10-02T14:42:11.510175+00:00
2021-02-08,106.61,https://cdn.cboe.com/api/global/us_indices/daily_prices/VVIX_History.csv,2026-10-02T14:42:11.510175+00:00
2021-02-09,108.14,https://cdn.cboe.com/api/global/us_indices/daily_prices/VVIX_History.csv,2026-10-02T14:42:11.510175+00:00
2021-02-10,114.93,https://cdn.cboe.com/api/global/us_indices/daily_prices/VVIX_History.csv,2026-10-02T14:42:11.510175+00:00
2021-02-11,116.22,https://cdn.cboe.com/api/global/us_indices/daily_prices/VVIX_History.csv,2026-10-02T14:42:11.510175+00:00
2021-02-12,118.59,https://cdn.cboe.com/api/global/us_indices/daily_prices/VVIX_History.csv,2026-10-02T14:42:11.510175+00:00
2021-02-16,124.66,https://cdn.cboe.com/api/global/us_indices/daily_prices/VVIX_History.csv,2026-10-02T14:42:11.510175+00:00
2021-02-17,122.83,https://cdn.cboe.com/api/global/us_indices/daily_prices/VVIX_History.csv,2026-10-02T14:42:11.510175+00:00
2021-02-18,121.05,https://cdn.cboe.com/api/global/us_indices/daily_prices/VVIX_History.csv,2026-10-02T14:42:11.510175+00:00
2021-02-19,117.45,https://cdn.cboe.com/api/global/us_indices/daily_prices/VVIX_History.csv,2026-10-02T14:42:11.510175+00:00
2021-02-22,117.06,https://cdn.cboe.com/api/global/us_indices/daily_prices/VVIX_History.csv,2026-10-02T14:42:11.510175+00:00
2021-02-23,112.78,https://cdn.cboe.com/api/global/us_indices/daily_prices/VVIX_History.csv,2026-10-02T14:42:11.510175+00:00
2021-02-24,109.6,https://cdn.cboe.com/api/global/us_indices/daily_prices/VVIX_History.csv,2026-10-02T14:42:11.510175+00:00
2021-02-25,127.83,https://cdn.cboe.com/api/global/us_indices/daily_prices/VVIX_History.csv,2026-10-02T14:42:11.510175+00:00
2021-02-26,124.96,https://cdn.cboe.com/api/global/us_indices/daily_prices/VVIX_History.csv,2026-10-02T14:42:11.510175+00:00
2021-03-01,114.94,https://cdn.cboe.com/api/global/us_indices/daily_prices/VVIX_History.csv,2026-10-02T14:42:11.510175+00:00
2021-03-02,114.92,https://cdn.cboe.com/api/global/us_indices/daily_prices/VVIX_History.csv,2026-10-02T14:42:11.510175+00:00
2021-03-03,121.23,https://cdn.cboe.com/api/global/us_indices/daily_prices/VVIX_History.csv,2026-10-02T14:42:11.510175+00:00
2021-03-04,124.62,https://cdn.cboe.com/api/global/us_indices/daily_prices/VVIX_History.csv,2026-10-02T14:42:11.510175+00:00
2021-03-05,116.21,https://cdn.cboe.com/api/global/us_indices/daily_prices/VVIX_History.csv,2026-10-02T14:42:11.510175+00:00
2021-03-08,114.62,https://cdn.cboe.com/api/global/us_indices/daily_prices/VVIX_History.csv,2026-10-02T14:42:11.510175+00:00
2021-03-09,108.71,https://cdn.cboe.com/api/global/us_indices/daily_prices/VVIX_History.csv,2026-10-02T14:42:11.510175+00:00
2021-03-10,114.68,https://cdn.cboe.com/api/global/us_indices/daily_prices/VVIX_History.csv,2026-10-02T14:42:11.510175+00:00
2021-03-11,112.87,https://cdn.cboe.com/api/global/us_indices/daily_prices/VVIX_History.csv,2026-10-02T14:42:11.510175+00:00
2021-03-12,111.73,https://cdn.cboe.com/api/global/us_indices/daily_prices/VVIX_History.csv,2026-10-02T14:42:11.510175+00:00
2021-03-15,110.49,https://cdn.cboe.com/api/global/us_indices/daily_prices/VVIX_History.csv,2026-10-02T14:42:11.510175+00:00
2021-03-16,113.73,https://cdn.cboe.com/api/global/us_indices/daily_prices/VVIX_History.csv,2026-10-02T14:42:11.510175+00:00
2021-03-17,109.9,https://cdn.cboe.com/api/global/us_indices/daily_prices/VVIX_History.csv,2026-10-02T14:42:11.510175+00:00
2021-03-18,117.8,https://cdn.cboe.com/api/global/us_indices/daily_prices/VVIX_History.csv,2026-10-02T14:42:11.510175+00:00
2021-03-19,115.95,https://cdn.cboe.com/api/global/us_indices/daily_prices/VVIX_History.csv,2026-10-02T14:42:11.510175+00:00
2021-03-22,108.63,https://cdn.cboe.com/api/global/us_indices/daily_prices/VVIX_History.csv,2026-10-02T14:42:11.510175+00:00
2021-03-23,111.69,https://cdn.cboe.com/api/global/us_indices/daily_prices/VVIX_History.csv,2026-10-02T14:42:11.510175+00:00
2021-03-24,110.67,https://cdn.cboe.com/api/global/us_indices/daily_prices/VVIX_History.csv,2026-10-02T14:42:11.510175+00:00
2021-03-25,104.75,https://cdn.cboe.com/api/global/us_indices/daily_prices/VVIX_History.csv,2026-10-02T14:42:11.510175+00:00
2021-03-26,103.26,https://cdn.cboe.com/api/global/us_indices/daily_prices/VVIX_History.csv,2026-10-02T14:42:11.510175+00:00
2021-03-29,105.84,https://cdn.cboe.com/api/global/us_indices/daily_prices/VVIX_History.csv,2026-10-02T14:42:11.510175+00:00
2021-03-30,101.9,https://cdn.cboe.com/api/global/us_indices/daily_prices/VVIX_History.csv,2026-10-02T14:42:11.510175+00:00
2021-03-31,100.04,https://cdn.cboe.com/api/global/us_indices/daily_prices/VVIX_History.csv,2026-10-02T14:42:11.510175+00:00
2021-04-01,98.97,https://cdn.cboe.com/api/global/us_indices/daily_prices/VVIX_History.csv,2026-10-02T14:42:11.510175+00:00
2021-04-05,99.24,https://cdn.cboe.com/api/global/us_indices/daily_prices/VVIX_History.csv,2026-10-02T14:42:11.510175+00:00
2021-04-06,99.06,https://cdn.cboe.com/api/global/us_indices/daily_prices/VVIX_History.csv,2026-10-02T14:42:11.510175+00:00
2021-04-07,97.09,https://cdn.cboe.com/api/global/us_indices/daily_prices/VVIX_History.csv,2026-10-02T14:42:11.510175+00:00
2021-04-08,100.72,https://cdn.cboe.com/api/global/us_indices/daily_prices/VVIX_History.csv,2026-10-02T14:42:11.510175+00:00
2021-04-09,102.06,https://cdn.cboe.com/api/global/us_indices/daily_prices/VVIX_History.csv,2026-10-02T14:42:11.510175+00:00
2021-04-12,102.08,https://cdn.cboe.com/api/global/us_indices/daily_prices/VVIX_History.csv,2026-10-02T14:42:11.510175+00:00
2021-04-13,100.44,https://cdn.cboe.com/api/global/us_indices/daily_prices/VVIX_History.csv,2026-10-02T14:42:11.510175+00:00
2021-04-14,107.47,https://cdn.cboe.com/api/global/us_indices/daily_prices/VVIX_History.csv,2026-10-02T14:42:11.510175+00:00
2021-04-15,108.66,https://cdn.cboe.com/api/global/us_indices/daily_prices/VVIX_History.csv,2026-10-02T14:42:11.510175+00:00
2021-04-16,107.8,https://cdn.cboe.com/api/global/us_indices/daily_prices/VVIX_History.csv,2026-10-02T14:42:11.510175+00:00
2021-04-19,111.9,https://cdn.cboe.com/api/global/us_indices/daily_prices/VVIX_History.csv,2026-10-02T14:42:11.510175+00:00
2021-04-20,116.37,https://cdn.cboe.com/api/global/us_indices/daily_prices/VVIX_History.csv,2026-10-02T14:42:11.510175+00:00
2021-04-21,112.9,https://cdn.cboe.com/api/global/us_indices/daily_prices/VVIX_History.csv,2026-10-02T14:42:11.510175+00:00
2021-04-22,116.05,https://cdn.cboe.com/api/global/us_indices/daily_prices/VVIX_History.csv,2026-10-02T14:42:11.510175+00:00
2021-04-23,108.36,https://cdn.cboe.com/api/global/us_indices/daily_prices/VVIX_History.csv,2026-10-02T14:42:11.510175+00:00
2021-04-26,104.01,https://cdn.cboe.com/api/global/us_indices/daily_prices/VVIX_History.csv,2026-10-02T14:42:11.510175+00:00
2021-04-27,103.39,https://cdn.cboe.com/api/global/us_indices/daily_prices/VVIX_History.csv,2026-10-02T14:42:11.510175+00:00
2021-04-28,104.78,https://cdn.cboe.com/api/global/us_indices/daily_prices/VVIX_History.csv,2026-10-02T14:42:11.510175+00:00
2021-04-29,105.46,https://cdn.cboe.com/api/global/us_indices/daily_prices/VVIX_History.csv,2026-10-02T14:42:11.510175+00:00
2021-04-30,109.22,https://cdn.cboe.com/api/global/us_indices/daily_prices/VVIX_History.csv,2026-10-02T14:42:11.510175+00:00
2021-05-03,108.32,https://cdn.cboe.com/api/global/us_indices/daily_prices/VVIX_History.csv,2026-10-02T14:42:11.510175+00:00
2021-05-04,111.22,https://cdn.cboe.com/api/global/us_indices/daily_prices/VVIX_History.csv,2026-10-02T14:42:11.510175+00:00
2021-05-05,109.51,https://cdn.cboe.com/api/global/us_indices/daily_prices/VVIX_History.csv,2026-10-02T14:42:11.510175+00:00
2021-05-06,108.39,https://cdn.cboe.com/api/global/us_indices/daily_prices/VVIX_History.csv,2026-10-02T14:42:11.510175+00:00
2021-05-07,107.03,https://cdn.cboe.com/api/global/us_indices/daily_prices/VVIX_History.csv,2026-10-02T14:42:11.510175+00:00
2021-05-10,114.1,https://cdn.cboe.com/api/global/us_indices/daily_prices/VVIX_History.csv,2026-10-02T14:42:11.510175+00:00
2021-05-11,122.47,https://cdn.cboe.com/api/global/us_indices/daily_prices/VVIX_History.csv,2026-10-02T14:42:11.510175+00:00
2021-05-12,146.28,https://cdn.cboe.com/api/global/us_indices/daily_prices/VVIX_History.csv,2026-10-02T14:42:11.510175+00:00
2021-05-13,130.01,https://cdn.cboe.com/api/global/us_indices/daily_prices/VVIX_History.csv,2026-10-02T14:42:11.510175+00:00
2021-05-14,117.56,https://cdn.cboe.com/api/global/us_indices/daily_prices/VVIX_History.csv,2026-10-02T14:42:11.510175+00:00
2021-05-17,120.7,https://cdn.cboe.com/api/global/us_indices/daily_prices/VVIX_History.csv,2026-10-02T14:42:11.510175+00:00
2021-05-18,123.93,https://cdn.cboe.com/api/global/us_indices/daily_prices/VVIX_History.csv,2026-10-02T14:42:11.510175+00:00
2021-05-19,130.17,https://cdn.cboe.com/api/global/us_indices/daily_prices/VVIX_History.csv,2026-10-02T14:42:11.510175+00:00
2021-05-20,126.34,https://cdn.cboe.com/api/global/us_indices/daily_prices/VVIX_History.csv,2026-10-02T14:42:11.510175+00:00
2021-05-21,124.22,https://cdn.cboe.com/api/global/us_indices/daily_prices/VVIX_History.csv,2026-10-02T14:42:11.510175+00:00
2021-05-24,116.12,https://cdn.cboe.com/api/global/us_indices/daily_prices/VVIX_History.csv,2026-10-02T14:42:11.510175+00:00
2021-05-25,113.55,https://cdn.cboe.com/api/global/us_indices/daily_prices/VVIX_History.csv,2026-10-02T14:42:11.510175+00:00
2021-05-26,106.29,https://cdn.cboe.com/api/global/us_indices/daily_prices/VVIX_History.csv,2026-10-02T14:42:11.510175+00:00
2021-05-27,103.88,https://cdn.cboe.com/api/global/us_indices/daily_prices/VVIX_History.csv,2026-10-02T14:42:11.510175+00:00
2021-05-28,105.41,https://cdn.cboe.com/api/global/us_indices/daily_prices/VVIX_History.csv,2026-10-02T14:42:11.510175+00:00
2021-06-01,113.04,https://cdn.cboe.com/api/global/us_indices/daily_prices/VVIX_History.csv,2026-10-02T14:42:11.510175+00:00
2021-06-02,112.57,https://cdn.cboe.com/api/global/us_indices/daily_prices/VVIX_History.csv,2026-10-02T14:42:11.510175+00:00
2021-06-03,114.31,https://cdn.cboe.com/api/global/us_indices/daily_prices/VVIX_History.csv,2026-10-02T14:42:11.510175+00:00
2021-06-04,108.16,https://cdn.cboe.com/api/global/us_indices/daily_prices/VVIX_History.csv,2026-10-02T14:42:11.510175+00:00
2021-06-07,108.03,https://cdn.cboe.com/api/global/us_indices/daily_prices/VVIX_History.csv,2026-10-02T14:42:11.510175+00:00
2021-06-08,109.62,https://cdn.cboe.com/api/global/us_indices/daily_prices/VVIX_History.csv,2026-10-02T14:42:11.510175+00:00
2021-06-09,120.97,https://cdn.cboe.com/api/global/us_indices/daily_prices/VVIX_History.csv,2026-10-02T14:42:11.510175+00:00
2021-06-10,116.76,https://cdn.cboe.com/api/global/us_indices/daily_prices/VVIX_History.csv,2026-10-02T14:42:11.510175+00:00
2021-06-11,116.12,https://cdn.cboe.com/api/global/us_indices/daily_prices/VVIX_History.csv,2026-10-02T14:42:11.510175+00:00
2021-06-14,119.8,https://cdn.cboe.com/api/global/us_indices/daily_prices/VVIX_History.csv,2026-10-02T14:42:11.510175+00:00
2021-06-15,122.9,https://cdn.cboe.com/api/global/us_indices/daily_prices/VVIX_History.csv,2026-10-02T14:42:11.510175+00:00
2021-06-16,121.57,https://cdn.cboe.com/api/global/us_indices/daily_prices/VVIX_History.csv,2026-10-02T14:42:11.510175+00:00
2021-06-17,120.63,https://cdn.cboe.com/api/global/us_indices/daily_prices/VVIX_History.csv,2026-10-02T14:42:11.510175+00:00
2021-06-18,128.83,https://cdn.cboe.com/api/global/us_indices/daily_prices/VVIX_History.csv,2026-10-02T14:42:11.510175+00:00
2021-06-21,121.25,https://cdn.cboe.com/api/global/us_indices/daily_prices/VVIX_History.csv,2026-10-02T14:42:11.510175+00:00
2021-06-22,114.01,https://cdn.cboe.com/api/global/us_indices/daily_prices/VVIX_History.csv,2026-10-02T14:42:11.510175+00:00
2021-06-23,110.48,https://cdn.cboe.com/api/global/us_indices/daily_prices/VVIX_History.csv,2026-10-02T14:42:11.510175+00:00
2021-06-24,107.87,https://cdn.cboe.com/api/global/us_indices/daily_prices/VVIX_History.csv,2026-10-02T14:42:11.510175+00:00
2021-06-25,105.91,https://cdn.cboe.com/api/global/us_indices/daily_prices/VVIX_History.csv,2026-10-02T14:42:11.510175+00:00
2021-06-28,106.32,https://cdn.cboe.com/api/global/us_indices/daily_prices/VVIX_History.csv,2026-10-02T14:42:11.510175+00:00
2021-06-29,107.01,https://cdn.cboe.com/api/global/us_indices/daily_prices/VVIX_History.csv,2026-10-02T14:42:11.510175+00:00
2021-06-30,106.73,https://cdn.cboe.com/api/global/us_indices/daily_prices/VVIX_History.csv,2026-10-02T14:42:11.510175+00:00
2021-07-01,108.72,https://cdn.cboe.com/api/global/us_indices/daily_prices/VVIX_History.csv,2026-10-02T14:42:11.510175+00:00
2021-07-02,106.11,https://cdn.cboe.com/api/global/us_indices/daily_prices/VVIX_History.csv,2026-10-02T14:42:11.510175+00:00
2021-07-06,112.24,https://cdn.cboe.com/api/global/us_indices/daily_prices/VVIX_History.csv,2026-10-02T14:42:11.510175+00:00
2021-07-07,112.7,https://cdn.cboe.com/api/global/us_indices/daily_prices/VVIX_History.csv,2026-10-02T14:42:11.510175+00:00
2021-07-08,120.03,https://cdn.cboe.com/api/global/us_indices/daily_prices/VVIX_History.csv,2026-10-02T14:42:11.510175+00:00
2021-07-09,112.62,https://cdn.cboe.com/api/global/us_indices/daily_prices/VVIX_History.csv,2026-10-02T14:42:11.510175+00:00
2021-07-12,111.59,https://cdn.cboe.com/api/global/us_indices/daily_prices/VVIX_History.csv,2026-10-02T14:42:11.510175+00:00
2021-07-13,116.4,https://cdn.cboe.com/api/global/us_indices/daily_prices/VVIX_History.csv,2026-10-02T14:42:11.510175+00:00
2021-07-14,117.66,https://cdn.cboe.com/api/global/us_indices/daily_prices/VVIX_History.csv,2026-10-02T14:42:11.510175+00:00
2021-07-15,121.03,https://cdn.cboe.com/api/global/us_indices/daily_prices/VVIX_History.csv,2026-10-02T14:42:11.510175+00:00
2021-07-16,128.89,https://cdn.cboe.com/api/global/us_indices/daily_prices/VVIX_History.csv,2026-10-02T14:42:11.510175+00:00
2021-07-19,139.54,https://cdn.cboe.com/api/global/us_indices/daily_prices/VVIX_History.csv,2026-10-02T14:42:11.510175+00:00
2021-07-20,131.3,https://cdn.cboe.com/api/global/us_indices/daily_prices/VVIX_History.csv,2026-10-02T14:42:11.510175+00:00
2021-07-21,122.53,https://cdn.cboe.com/api/global/us_indices/daily_prices/VVIX_History.csv,2026-10-02T14:42:11.510175+00:00
2021-07-22,118.82,https://cdn.cboe.com/api/global/us_indices/daily_prices/VVIX_History.csv,2026-10-02T14:42:11.510175+00:00
2021-07-23,114.92,https://cdn.cboe.com/api/global/us_indices/daily_prices/VVIX_History.csv,2026-10-02T14:42:11.510175+00:00
2021-07-26,114.86,https://cdn.cboe.com/api/global/us_indices/daily_prices/VVIX_History.csv,2026-10-02T14:42:11.510175+00:00
2021-07-27,121.11,https://cdn.cboe.com/api/global/us_indices/daily_prices/VVIX_History.csv,2026-10-02T14:42:11.510175+00:00
2021-07-28,117.08,https://cdn.cboe.com/api/global/us_indices/daily_prices/VVIX_History.csv,2026-10-02T14:42:11.510175+00:00
2021-07-29,114.04,https://cdn.cboe.com/api/global/us_indices/daily_prices/VVIX_History.csv,2026-10-02T14:42:11.510175+00:00
2021-07-30,116.18,https://cdn.cboe.com/api/global/us_indices/daily_prices/VVIX_History.csv,2026-10-02T14:42:11.510175+00:00
2021-08-02,122.85,https://cdn.cboe.com/api/global/us_indices/daily_prices/VVIX_History.csv,2026-10-02T14:42:11.510175+00:00
2021-08-03,117.55,https://cdn.cboe.com/api/global/us_indices/daily_prices/VVIX_History.csv,2026-10-02T14:42:11.510175+00:00
2021-08-04,116.21,https://cdn.cboe.com/api/global/us_indices/daily_prices/VVIX_History.csv,2026-10-02T14:42:11.510175+00:00
2021-08-05,113.35,https://cdn.cboe.com/api/global/us_indices/daily_prices/VVIX_History.csv,2026-10-02T14:42:11.510175+00:00
2021-08-06,112.0,https://cdn.cboe.com/api/global/us_indices/daily_prices/VVIX_History.csv,2026-10-02T14:42:11.510175+00:00
2021-08-09,115.09,https://cdn.cboe.com/api/global/us_indices/daily_prices/VVIX_History.csv,2026-10-02T14:42:11.510175+00:00
2021-08-10,114.15,https://cdn.cboe.com/api/global/us_indices/daily_prices/VVIX_History.csv,2026-10-02T14:42:11.510175+00:00
2021-08-11,118.05,https://cdn.cboe.com/api/global/us_indices/daily_prices/VVIX_History.csv,2026-10-02T14:42:11.510175+00:00
2021-08-12,117.72,https://cdn.cboe.com/api/global/us_indices/daily_prices/VVIX_History.csv,2026-10-02T14:42:11.510175+00:00
2021-08-13,117.81,https://cdn.cboe.com/api/global/us_indices/daily_prices/VVIX_History.csv,2026-10-02T14:42:11.510175+00:00
2021-08-16,117.69,https://cdn.cboe.com/api/global/us_indices/daily_prices/VVIX_History.csv,2026-10-02T14:42:11.510175+00:00
2021-08-17,120.53,https://cdn.cboe.com/api/global/us_indices/daily_prices/VVIX_History.csv,2026-10-02T14:42:11.510175+00:00
2021-08-18,128.41,https://cdn.cboe.com/api/global/us_indices/daily_prices/VVIX_History.csv,2026-10-02T14:42:11.510175+00:00
2021-08-19,130.41,https://cdn.cboe.com/api/global/us_indices/daily_prices/VVIX_History.csv,2026-10-02T14:42:11.510175+00:00
2021-08-20,120.51,https://cdn.cboe.com/api/global/us_indices/daily_prices/VVIX_History.csv,2026-10-02T14:42:11.510175+00:00
2021-08-23,113.33,https://cdn.cboe.com/api/global/us_indices/daily_prices/VVIX_History.csv,2026-10-02T14:42:11.510175+00:00
2021-08-24,111.09,https://cdn.cboe.com/api/global/us_indices/daily_prices/VVIX_History.csv,2026-10-02T14:42:11.510175+00:00
2021-08-25,108.84,https://cdn.cboe.com/api/global/us_indices/daily_prices/VVIX_History.csv,2026-10-02T14:42:11.510175+00:00
2021-08-26,116.6,https://cdn.cboe.com/api/global/us_indices/daily_prices/VVIX_History.csv,2026-10-02T14:42:11.510175+00:00
2021-08-27,109.62,https://cdn.cboe.com/api/global/us_indices/daily_prices/VVIX_History.csv,2026-10-02T14:42:11.510175+00:00
2021-08-30,107.9,https://cdn.cboe.com/api/global/us_indices/daily_prices/VVIX_History.csv,2026-10-02T14:42:11.510175+00:00
2021-08-31,105.81,https://cdn.cboe.com/api/global/us_indices/daily_prices/VVIX_History.csv,2026-10-02T14:42:11.510175+00:00
2021-09-01,105.2,https://cdn.cboe.com/api/global/us_indices/daily_prices/VVIX_History.csv,2026-10-02T14:42:11.510175+00:00
2021-09-02,105.7,https://cdn.cboe.com/api/global/us_indices/daily_prices/VVIX_History.csv,2026-10-02T14:42:11.510175+00:00
2021-09-03,105.48,https://cdn.cboe.com/api/global/us_indices/daily_prices/VVIX_History.csv,2026-10-02T14:42:11.510175+00:00
2021-09-07,111.01,https://cdn.cboe.com/api/global/us_indices/daily_prices/VVIX_History.csv,2026-10-02T14:42:11.510175+00:00
2021-09-08,115.06,https://cdn.cboe.com/api/global/us_indices/daily_prices/VVIX_History.csv,2026-10-02T14:42:11.510175+00:00
2021-09-09,117.03,https://cdn.cboe.com/api/global/us_indices/daily_prices/VVIX_History.csv,2026-10-02T14:42:11.510175+00:00
2021-09-10,124.98,https://cdn.cboe.com/api/global/us_indices/daily_prices/VVIX_History.csv,2026-10-02T14:42:11.510175+00:00
2021-09-13,118.01,https://cdn.cboe.com/api/global/us_indices/daily_prices/VVIX_History.csv,2026-10-02T14:42:11.510175+00:00
2021-09-14,120.37,https://cdn.cboe.com/api/global/us_indices/daily_prices/VVIX_History.csv,2026-10-02T14:42:11.510175+00:00
2021-09-15,112.48,https://cdn.cboe.com/api/global/us_indices/daily_prices/VVIX_History.csv,2026-10-02T14:42:11.510175+00:00
2021-09-16,112.11,https://cdn.cboe.com/api/global/us_indices/daily_prices/VVIX_History.csv,2026-10-02T14:42:11.510175+00:00
2021-09-17,118.9,https://cdn.cboe.com/api/global/us_indices/daily_prices/VVIX_History.csv,2026-10-02T14:42:11.510175+00:00
2021-09-20,138.93,https://cdn.cboe.com/api/global/us_indices/daily_prices/VVIX_History.csv,2026-10-02T14:42:11.510175+00:00
2021-09-21,130.76,https://cdn.cboe.com/api/global/us_indices/daily_prices/VVIX_History.csv,2026-10-02T14:42:11.510175+00:00
2021-09-22,117.62,https://cdn.cboe.com/api/global/us_indices/daily_prices/VVIX_History.csv,2026-10-02T14:42:11.510175+00:00
2021-09-23,108.31,https://cdn.cboe.com/api/global/us_indices/daily_prices/VVIX_History.csv,2026-10-02T14:42:11.510175+00:00
2021-09-24,103.07,https://cdn.cboe.com/api/global/us_indices/daily_prices/VVIX_History.csv,2026-10-02T14:42:11.510175+00:00
2021-09-27,107.73,https://cdn.cboe.com/api/global/us_indices/daily_prices/VVIX_History.csv,2026-10-02T14:42:11.510175+00:00
2021-09-28,121.06,https://cdn.cboe.com/api/global/us_indices/daily_prices/VVIX_History.csv,2026-10-02T14:42:11.510175+00:00
2021-09-29,119.04,https://cdn.cboe.com/api/global/us_indices/daily_prices/VVIX_History.csv,2026-10-02T14:42:11.510175+00:00
2021-09-30,118.01,https://cdn.cboe.com/api/global/us_indices/daily_prices/VVIX_History.csv,2026-10-02T14:42:11.510175+00:00
2021-10-01,113.14,https://cdn.cboe.com/api/global/us_indices/daily_prices/VVIX_History.csv,2026-10-02T14:42:11.510175+00:00
2021-10-04,117.17,https://cdn.cboe.com/api/global/us_indices/daily_prices/VVIX_History.csv,2026-10-02T14:42:11.510175+00:00
2021-10-05,110.75,https://cdn.cboe.com/api/global/us_indices/daily_prices/VVIX_History.csv,2026-10-02T14:42:11.510175+00:00
2021-10-06,110.92,https://cdn.cboe.com/api/global/us_indices/daily_prices/VVIX_History.csv,2026-10-02T14:42:11.510175+00:00
2021-10-07,107.43,https://cdn.cboe.com/api/global/us_indices/daily_prices/VVIX_History.csv,2026-10-02T14:42:11.510175+00:00
2021-10-08,107.27,https://cdn.cboe.com/api/global/us_indices/daily_prices/VVIX_History.csv,2026-10-02T14:42:11.510175+00:00
2021-10-11,110.29,https://cdn.cboe.com/api/global/us_indices/daily_prices/VVIX_History.csv,2026-10-02T14:42:11.510175+00:00
2021-10-12,109.12,https://cdn.cboe.com/api/global/us_indices/daily_prices/VVIX_History.csv,2026-10-02T14:42:11.510175+00:00
2021-10-13,108.72,https://cdn.cboe.com/api/global/us_indices/daily_prices/VVIX_History.csv,2026-10-02T14:42:11.510175+00:00
2021-10-14,107.97,https://cdn.cboe.com/api/global/us_indices/daily_prices/VVIX_History.csv,2026-10-02T14:42:11.510175+00:00
2021-10-15,106.76,https://cdn.cboe.com/api/global/us_indices/daily_prices/VVIX_History.csv,2026-10-02T14:42:11.510175+00:00
2021-10-18,104.37,https://cdn.cboe.com/api/global/us_indices/daily_prices/VVIX_History.csv,2026-10-02T14:42:11.510175+00:00
2021-10-19,103.06,https://cdn.cboe.com/api/global/us_indices/daily_prices/VVIX_History.csv,2026-10-02T14:42:11.510175+00:00
2021-10-20,101.84,https://cdn.cboe.com/api/global/us_indices/daily_prices/VVIX_History.csv,2026-10-02T14:42:11.510175+00:00
2021-10-21,102.14,https://cdn.cboe.com/api/global/us_indices/daily_prices/VVIX_History.csv,2026-10-02T14:42:11.510175+00:00
2021-10-22,106.08,https://cdn.cboe.com/api/global/us_indices/daily_prices/VVIX_History.csv,2026-10-02T14:42:11.510175+00:00
2021-10-25,102.36,https://cdn.cboe.com/api/global/us_indices/daily_prices/VVIX_History.csv,2026-10-02T14:42:11.510175+00:00
2021-10-26,103.25,https://cdn.cboe.com/api/global/us_indices/daily_prices/VVIX_History.csv,2026-10-02T14:42:11.510175+00:00
2021-10-27,109.61,https://cdn.cboe.com/api/global/us_indices/daily_prices/VVIX_History.csv,2026-10-02T14:42:11.510175+00:00
2021-10-28,106.28,https://cdn.cboe.com/api/global/us_indices/daily_prices/VVIX_History.csv,2026-10-02T14:42:11.510175+00:00
2021-10-29,105.17,https://cdn.cboe.com/api/global/us_indices/daily_prices/VVIX_History.csv,2026-10-02T14:42:11.510175+00:00
2021-11-01,106.66,https://cdn.cboe.com/api/global/us_indices/daily_prices/VVIX_History.csv,2026-10-02T14:42:11.510175+00:00
2021-11-02,105.44,https://cdn.cboe.com/api/global/us_indices/daily_prices/VVIX_History.csv,2026-10-02T14:42:11.510175+00:00
2021-11-03,102.25,https://cdn.cboe.com/api/global/us_indices/daily_prices/VVIX_History.csv,2026-10-02T14:42:11.510175+00:00
2021-11-04,104.46,https://cdn.cboe.com/api/global/us_indices/daily_prices/VVIX_History.csv,2026-10-02T14:42:11.510175+00:00
2021-11-05,110.21,https://cdn.cboe.com/api/global/us_indices/daily_prices/VVIX_History.csv,2026-10-02T14:42:11.510175+00:00
2021-11-08,111.49,https://cdn.cboe.com/api/global/us_indices/daily_prices/VVIX_History.csv,2026-10-02T14:42:11.510175+00:00
2021-11-09,110.55,https://cdn.cboe.com/api/global/us_indices/daily_prices/VVIX_History.csv,2026-10-02T14:42:11.510175+00:00
2021-11-10,117.19,https://cdn.cboe.com/api/global/us_indices/daily_prices/VVIX_History.csv,2026-10-02T14:42:11.510175+00:00
2021-11-11,114.66,https://cdn.cboe.com/api/global/us_indices/daily_prices/VVIX_History.csv,2026-10-02T14:42:11.510175+00:00
2021-11-12,112.11,https://cdn.cboe.com/api/global/us_indices/daily_prices/VVIX_History.csv,2026-10-02T14:42:11.510175+00:00
2021-11-15,110.66,https://cdn.cboe.com/api/global/us_indices/daily_prices/VVIX_History.csv,2026-10-02T14:42:11.510175+00:00
2021-11-16,109.58,https://cdn.cboe.com/api/global/us_indices/daily_prices/VVIX_History.csv,2026-10-02T14:42:11.510175+00:00
2021-11-17,111.53,https://cdn.cboe.com/api/global/us_indices/daily_prices/VVIX_History.csv,2026-10-02T14:42:11.510175+00:00
2021-11-18,112.15,https://cdn.cboe.com/api/global/us_indices/daily_prices/VVIX_History.csv,2026-10-02T14:42:11.510175+00:00
2021-11-19,113.74,https://cdn.cboe.com/api/global/us_indices/daily_prices/VVIX_History.csv,2026-10-02T14:42:11.510175+00:00
2021-11-22,118.62,https://cdn.cboe.com/api/global/us_indices/daily_prices/VVIX_History.csv,2026-10-02T14:42:11.510175+00:00
2021-11-23,115.03,https://cdn.cboe.com/api/global/us_indices/daily_prices/VVIX_History.csv,2026-10-02T14:42:11.510175+00:00
2021-11-24,110.48,https://cdn.cboe.com/api/global/us_indices/daily_prices/VVIX_History.csv,2026-10-02T14:42:11.510175+00:00
2021-11-26,149.74,https://cdn.cboe.com/api/global/us_indices/daily_prices/VVIX_History.csv,2026-10-02T14:42:11.510175+00:00
2021-11-29,131.24,https://cdn.cboe.com/api/global/us_indices/daily_prices/VVIX_History.csv,2026-10-02T14:42:11.510175+00:00
2021-11-30,142.55,https://cdn.cboe.com/api/global/us_indices/daily_prices/VVIX_History.csv,2026-10-02T14:42:11.510175+00:00
2021-12-01,155.02,https://cdn.cboe.com/api/global/us_indices/daily_prices/VVIX_History.csv,2026-10-02T14:42:11.510175+00:00
2021-12-02,147.31,https://cdn.cboe.com/api/global/us_indices/daily_prices/VVIX_History.csv,2026-10-02T14:42:11.510175+00:00
2021-12-03,156.1,https://cdn.cboe.com/api/global/us_indices/daily_prices/VVIX_History.csv,2026-10-02T14:42:11.510175+00:00
2021-12-06,138.88,https://cdn.cboe.com/api/global/us_indices/daily_prices/VVIX_History.csv,2026-10-02T14:42:11.510175+00:00
2021-12-07,117.92,https://cdn.cboe.com/api/global/us_indices/daily_prices/VVIX_History.csv,2026-10-02T14:42:11.510175+00:00
2021-12-08,114.29,https://cdn.cboe.com/api/global/us_indices/daily_prices/VVIX_History.csv,2026-10-02T14:42:11.510175+00:00
2021-12-09,121.79,https://cdn.cboe.com/api/global/us_indices/daily_prices/VVIX_History.csv,2026-10-02T14:42:11.510175+00:00
2021-12-10,113.85,https://cdn.cboe.com/api/global/us_indices/daily_prices/VVIX_History.csv,2026-10-02T14:42:11.510175+00:00
2021-12-13,121.07,https://cdn.cboe.com/api/global/us_indices/daily_prices/VVIX_History.csv,2026-10-02T14:42:11.510175+00:00
2021-12-14,126.57,https://cdn.cboe.com/api/global/us_indices/daily_prices/VVIX_History.csv,2026-10-02T14:42:11.510175+00:00
2021-12-15,118.61,https://cdn.cboe.com/api/global/us_indices/daily_prices/VVIX_History.csv,2026-10-02T14:42:11.510175+00:00
2021-12-16,128.97,https://cdn.cboe.com/api/global/us_indices/daily_prices/VVIX_History.csv,2026-10-02T14:42:11.510175+00:00
2021-12-17,136.06,https://cdn.cboe.com/api/global/us_indices/daily_prices/VVIX_History.csv,2026-10-02T14:42:11.510175+00:00
2021-12-20,138.67,https://cdn.cboe.com/api/global/us_indices/daily_prices/VVIX_History.csv,2026-10-02T14:42:11.510175+00:00
2021-12-21,131.41,https://cdn.cboe.com/api/global/us_indices/daily_prices/VVIX_History.csv,2026-10-02T14:42:11.510175+00:00
2021-12-22,122.7,https://cdn.cboe.com/api/global/us_indices/daily_prices/VVIX_History.csv,2026-10-02T14:42:11.510175+00:00
2021-12-23,120.46,https://cdn.cboe.com/api/global/us_indices/daily_prices/VVIX_History.csv,2026-10-02T14:42:11.510175+00:00
2021-12-27,115.92,https://cdn.cboe.com/api/global/us_indices/daily_prices/VVIX_History.csv,2026-10-02T14:42:11.510175+00:00
2021-12-28,114.83,https://cdn.cboe.com/api/global/us_indices/daily_prices/VVIX_History.csv,2026-10-02T14:42:11.510175+00:00
2021-12-29,109.5,https://cdn.cboe.com/api/global/us_indices/daily_prices/VVIX_History.csv,2026-10-02T14:42:11.510175+00:00
2021-12-30,110.84,https://cdn.cboe.com/api/global/us_indices/daily_prices/VVIX_History.csv,2026-10-02T14:42:11.510175+00:00
2021-12-31,109.67,https://cdn.cboe.com/api/global/us_indices/daily_prices/VVIX_History.csv,2026-10-02T14:42:11.510175+00:00
2022-01-03,108.45,https://cdn.cboe.com/api/global/us_indices/daily_prices/VVIX_History.csv,2026-10-02T14:42:11.510175+00:00
2022-01-04,109.31,https://cdn.cboe.com/api/global/us_indices/daily_prices/VVIX_History.csv,2026-10-02T14:42:11.510175+00:00
2022-01-05,119.31,https://cdn.cboe.com/api/global/us_indices/daily_prices/VVIX_History.csv,2026-10-02T14:42:11.510175+00:00
2022-01-06,117.82,https://cdn.cboe.com/api/global/us_indices/daily_prices/VVIX_History.csv,2026-10-02T14:42:11.510175+00:00
2022-01-07,113.86,https://cdn.cboe.com/api/global/us_indices/daily_prices/VVIX_History.csv,2026-10-02T14:42:11.510175+00:00
2022-01-10,113.02,https://cdn.cboe.com/api/global/us_indices/daily_prices/VVIX_History.csv,2026-10-02T14:42:11.510175+00:00
2022-01-11,111.61,https://cdn.cboe.com/api/global/us_indices/daily_prices/VVIX_History.csv,2026-10-02T14:42:11.510175+00:00
2022-01-12,113.94,https://cdn.cboe.com/api/global/us_indices/daily_prices/VVIX_History.csv,2026-10-02T14:42:11.510175+00:00
2022-01-13,123.44,https://cdn.cboe.com/api/global/us_indices/daily_prices/VVIX_History.csv,2026-10-02T14:42:11.510175+00:00
2022-01-14,117.57,https://cdn.cboe.com/api/global/us_indices/daily_prices/VVIX_History.csv,2026-10-02T14:42:11.510175+00:00
2022-01-18,127.95,https://cdn.cboe.com/api/global/us_indices/daily_prices/VVIX_History.csv,2026-10-02T14:42:11.510175+00:00
2022-01-19,129.85,https://cdn.cboe.com/api/global/us_indices/daily_prices/VVIX_History.csv,2026-10-02T14:42:11.510175+00:00
2022-01-20,135.6,https://cdn.cboe.com/api/global/us_indices/daily_prices/VVIX_History.csv,2026-10-02T14:42:11.510175+00:00
2022-01-21,149.5,https://cdn.cboe.com/api/global/us_indices/daily_prices/VVIX_History.csv,2026-10-02T14:42:11.510175+00:00
2022-01-24,154.38,https://cdn.cboe.com/api/global/us_indices/daily_prices/VVIX_History.csv,2026-10-02T14:42:11.510175+00:00
2022-01-25,150.8,https://cdn.cboe.com/api/global/us_indices/daily_prices/VVIX_History.csv,2026-10-02T14:42:11.510175+00:00
2022-01-26,148.55,https://cdn.cboe.com/api/global/us_indices/daily_prices/VVIX_History.csv,2026-10-02T14:42:11.510175+00:00
2022-01-27,141.14,https://cdn.cboe.com/api/global/us_indices/daily_prices/VVIX_History.csv,2026-10-02T14:42:11.510175+00:00
2022-01-28,132.44,https://cdn.cboe.com/api/global/us_indices/daily_prices/VVIX_History.csv,2026-10-02T14:42:11.510175+00:00
2022-01-31,125.06,https://cdn.cboe.com/api/global/us_indices/daily_prices/VVIX_History.csv,2026-10-02T14:42:11.510175+00:00
2022-02-01,117.99,https://cdn.cboe.com/api/global/us_indices/daily_prices/VVIX_History.csv,2026-10-02T14:42:11.510175+00:00
2022-02-02,119.61,https://cdn.cboe.com/api/global/us_indices/daily_prices/VVIX_History.csv,2026-10-02T14:42:11.510175+00:00
2022-02-03,125.11,https://cdn.cboe.com/api/global/us_indices/daily_prices/VVIX_History.csv,2026-10-02T14:42:11.510175+00:00
2022-02-04,124.89,https://cdn.cboe.com/api/global/us_indices/daily_prices/VVIX_History.csv,2026-10-02T14:42:11.510175+00:00
2022-02-07,124.13,https://cdn.cboe.com/api/global/us_indices/daily_prices/VVIX_History.csv,2026-10-02T14:42:11.510175+00:00
2022-02-08,118.86,https://cdn.cboe.com/api/global/us_indices/daily_prices/VVIX_History.csv,2026-10-02T14:42:11.510175+00:00
2022-02-09,119.32,https://cdn.cboe.com/api/global/us_indices/daily_prices/VVIX_History.csv,2026-10-02T14:42:11.510175+00:00
2022-02-10,129.1,https://cdn.cboe.com/api/global/us_indices/daily_prices/VVIX_History.csv,2026-10-02T14:42:11.510175+00:00
2022-02-11,141.17,https://cdn.cboe.com/api/global/us_indices/daily_prices/VVIX_History.csv,2026-10-02T14:42:11.510175+00:00
2022-02-14,140.59,https://cdn.cboe.com/api/global/us_indices/daily_prices/VVIX_History.csv,2026-10-02T14:42:11.510175+00:00
2022-02-15,129.05,https://cdn.cboe.com/api/global/us_indices/daily_prices/VVIX_History.csv,2026-10-02T14:42:11.510175+00:00
2022-02-16,122.58,https://cdn.cboe.com/api/global/us_indices/daily_prices/VVIX_History.csv,2026-10-02T14:42:11.510175+00:00
2022-02-17,134.49,https://cdn.cboe.com/api/global/us_indices/daily_prices/VVIX_History.csv,2026-10-02T14:42:11.510175+00:00
2022-02-18,133.64,https://cdn.cboe.com/api/global/us_indices/daily_prices/VVIX_History.csv,2026-10-02T14:42:11.510175+00:00
2022-02-22,130.69,https://cdn.cboe.com/api/global/us_indices/daily_prices/VVIX_History.csv,2026-10-02T14:42:11.510175+00:00
2022-02-23,131.24,https://cdn.cboe.com/api/global/us_indices/daily_prices/VVIX_History.csv,2026-10-02T14:42:11.510175+00:00
2022-02-24,128.5,https://cdn.cboe.com/api/global/us_indices/daily_prices/VVIX_History.csv,2026-10-02T14:42:11.510175+00:00
2022-02-25,117.76,https://cdn.cboe.com/api/global/us_indices/daily_prices/VVIX_History.csv,2026-10-02T14:42:11.510175+00:00
2022-02-28,123.64,https://cdn.cboe.com/api/global/us_indices/daily_prices/VVIX_History.csv,2026-10-02T14:42:11.510175+00:00
2022-03-01,132.8,https://cdn.cboe.com/api/global/us_indices/daily_prices/VVIX_History.csv,2026-10-02T14:42:11.510175+00:00
2022-03-02,124.92,https://cdn.cboe.com/api/global/us_indices/daily_prices/VVIX_History.csv,2026-10-02T14:42:11.510175+00:00
2022-03-03,122.36,https://cdn.cboe.com/api/global/us_indices/daily_prices/VVIX_History.csv,2026-10-02T14:42:11.510175+00:00
2022-03-04,127.85,https://cdn.cboe.com/api/global/us_indices/daily_prices/VVIX_History.csv,2026-10-02T14:42:11.510175+00:00
2022-03-07,133.66,https://cdn.cboe.com/api/global/us_indices/daily_prices/VVIX_History.csv,2026-10-02T14:42:11.510175+00:00
2022-03-08,139.71,https://cdn.cboe.com/api/global/us_indices/daily_prices/VVIX_History.csv,2026-10-02T14:42:11.510175+00:00
2022-03-09,130.86,https://cdn.cboe.com/api/global/us_indices/daily_prices/VVIX_History.csv,2026-10-02T14:42:11.510175+00:00
2022-03-10,125.47,https://cdn.cboe.com/api/global/us_indices/daily_prices/VVIX_History.csv,2026-10-02T14:42:11.510175+00:00
2022-03-11,125.58,https://cdn.cboe.com/api/global/us_indices/daily_prices/VVIX_History.csv,2026-10-02T14:42:11.510175+00:00
2022-03-14,126.26,https://cdn.cboe.com/api/global/us_indices/daily_prices/VVIX_History.csv,2026-10-02T14:42:11.510175+00:00
2022-03-15,122.18,https://cdn.cboe.com/api/global/us_indices/daily_prices/VVIX_History.csv,2026-10-02T14:42:11.510175+00:00
2022-03-16,115.1,https://cdn.cboe.com/api/global/us_indices/daily_prices/VVIX_History.csv,2026-10-02T14:42:11.510175+00:00
2022-03-17,109.25,https://cdn.cboe.com/api/global/us_indices/daily_prices/VVIX_History.csv,2026-10-02T14:42:11.510175+00:00
2022-03-18,106.74,https://cdn.cboe.com/api/global/us_indices/daily_prices/VVIX_History.csv,2026-10-02T14:42:11.510175+00:00
2022-03-21,108.96,https://cdn.cboe.com/api/global/us_indices/daily_prices/VVIX_History.csv,2026-10-02T14:42:11.510175+00:00
2022-03-22,108.22,https://cdn.cboe.com/api/global/us_indices/daily_prices/VVIX_History.csv,2026-10-02T14:42:11.510175+00:00
2022-03-23,108.77,https://cdn.cboe.com/api/global/us_indices/daily_prices/VVIX_History.csv,2026-10-02T14:42:11.510175+00:00
2022-03-24,106.05,https://cdn.cboe.com/api/global/us_indices/daily_prices/VVIX_History.csv,2026-10-02T14:42:11.510175+00:00
2022-03-25,109.21,https://cdn.cboe.com/api/global/us_indices/daily_prices/VVIX_History.csv,2026-10-02T14:42:11.510175+00:00
2022-03-28,108.29,https://cdn.cboe.com/api/global/us_indices/daily_prices/VVIX_History.csv,2026-10-02T14:42:11.510175+00:00
2022-03-29,104.35,https://cdn.cboe.com/api/global/us_indices/daily_prices/VVIX_History.csv,2026-10-02T14:42:11.510175+00:00
2022-03-30,107.41,https://cdn.cboe.com/api/global/us_indices/daily_prices/VVIX_History.csv,2026-10-02T14:42:11.510175+00:00
2022-03-31,111.45,https://cdn.cboe.com/api/global/us_indices/daily_prices/VVIX_History.csv,2026-10-02T14:42:11.510175+00:00
2022-04-01,112.22,https://cdn.cboe.com/api/global/us_indices/daily_prices/VVIX_History.csv,2026-10-02T14:42:11.510175+00:00
2022-04-04,107.11,https://cdn.cboe.com/api/global/us_indices/daily_prices/VVIX_History.csv,2026-10-02T14:42:11.510175+00:00
2022-04-05,116.27,https://cdn.cboe.com/api/global/us_indices/daily_prices/VVIX_History.csv,2026-10-02T14:42:11.510175+00:00
2022-04-06,114.84,https://cdn.cboe.com/api/global/us_indices/daily_prices/VVIX_History.csv,2026-10-02T14:42:11.510175+00:00
2022-04-07,113.33,https://cdn.cboe.com/api/global/us_indices/daily_prices/VVIX_History.csv,2026-10-02T14:42:11.510175+00:00
2022-04-08,112.14,https://cdn.cboe.com/api/global/us_indices/daily_prices/VVIX_History.csv,2026-10-02T14:42:11.510175+00:00
2022-04-11,117.35,https://cdn.cboe.com/api/global/us_indices/daily_prices/VVIX_History.csv,2026-10-02T14:42:11.510175+00:00
2022-04-12,117.26,https://cdn.cboe.com/api/global/us_indices/daily_prices/VVIX_History.csv,2026-10-02T14:42:11.510175+00:00
2022-04-13,113.76,https://cdn.cboe.com/api/global/us_indices/daily_prices/VVIX_History.csv,2026-10-02T14:42:11.510175+00:00
2022-04-14,114.75,https://cdn.cboe.com/api/global/us_indices/daily_prices/VVIX_History.csv,2026-10-02T14:42:11.510175+00:00
2022-04-18,110.9,https://cdn.cboe.com/api/global/us_indices/daily_prices/VVIX_History.csv,2026-10-02T14:42:11.510175+00:00
2022-04-19,106.06,https://cdn.cboe.com/api/global/us_indices/daily_prices/VVIX_History.csv,2026-10-02T14:42:11.510175+00:00
2022-04-20,103.03,https://cdn.cboe.com/api/global/us_indices/daily_prices/VVIX_History.csv,2026-10-02T14:42:11.510175+00:00
2022-04-21,110.93,https://cdn.cboe.com/api/global/us_indices/daily_prices/VVIX_History.csv,2026-10-02T14:42:11.510175+00:00
2022-04-22,122.37,https://cdn.cboe.com/api/global/us_indices/daily_prices/VVIX_History.csv,2026-10-02T14:42:11.510175+00:00
2022-04-25,116.98,https://cdn.cboe.com/api/global/us_indices/daily_prices/VVIX_History.csv,2026-10-02T14:42:11.510175+00:00
2022-04-26,127.5,https://cdn.cboe.com/api/global/us_indices/daily_prices/VVIX_History.csv,2026-10-02T14:42:11.510175+00:00
2022-04-27,123.71,https://cdn.cboe.com/api/global/us_indices/daily_prices/VVIX_History.csv,2026-10-02T14:42:11.510175+00:00
2022-04-28,119.75,https://cdn.cboe.com/api/global/us_indices/daily_prices/VVIX_History.csv,2026-10-02T14:42:11.510175+00:00
2022-04-29,121.98,https://cdn.cboe.com/api/global/us_indices/daily_prices/VVIX_History.csv,2026-10-02T14:42:11.510175+00:00
2022-05-02,124.48,https://cdn.cboe.com/api/global/us_indices/daily_prices/VVIX_History.csv,2026-10-02T14:42:11.510175+00:00
2022-05-03,117.55,https://cdn.cboe.com/api/global/us_indices/daily_prices/VVIX_History.csv,2026-10-02T14:42:11.510175+00:00
2022-05-04,106.62,https://cdn.cboe.com/api/global/us_indices/daily_prices/VVIX_History.csv,2026-10-02T14:42:11.510175+00:00
2022-05-05,119.18,https://cdn.cboe.com/api/global/us_indices/daily_prices/VVIX_History.csv,2026-10-02T14:42:11.510175+00:00
2022-05-06,116.78,https://cdn.cboe.com/api/global/us_indices/daily_prices/VVIX_History.csv,2026-10-02T14:42:11.510175+00:00
2022-05-09,125.93,https://cdn.cboe.com/api/global/us_indices/daily_prices/VVIX_History.csv,2026-10-02T14:42:11.510175+00:00
2022-05-10,120.98,https://cdn.cboe.com/api/global/us_indices/daily_prices/VVIX_History.csv,2026-10-02T14:42:11.510175+00:00
2022-05-11,125.89,https://cdn.cboe.com/api/global/us_indices/daily_prices/VVIX_History.csv,2026-10-02T14:42:11.510175+00:00
2022-05-12,122.11,https://cdn.cboe.com/api/global/us_indices/daily_prices/VVIX_History.csv,2026-10-02T14:42:11.510175+00:00
2022-05-13,113.89,https://cdn.cboe.com/api/global/us_indices/daily_prices/VVIX_History.csv,2026-10-02T14:42:11.510175+00:00
2022-05-16,108.26,https://cdn.cboe.com/api/global/us_indices/daily_prices/VVIX_History.csv,2026-10-02T14:42:11.510175+00:00
2022-05-17,101.2,https://cdn.cboe.com/api/global/us_indices/daily_prices/VVIX_History.csv,2026-10-02T14:42:11.510175+00:00
2022-05-18,114.96,https://cdn.cboe.com/api/global/us_indices/daily_prices/VVIX_History.csv,2026-10-02T14:42:11.510175+00:00
2022-05-19,104.89,https://cdn.cboe.com/api/global/us_indices/daily_prices/VVIX_History.csv,2026-10-02T14:42:11.510175+00:00
2022-05-20,107.8,https://cdn.cboe.com/api/global/us_indices/daily_prices/VVIX_History.csv,2026-10-02T14:42:11.510175+00:00
2022-05-23,102.68,https://cdn.cboe.com/api/global/us_indices/daily_prices/VVIX_History.csv,2026-10-02T14:42:11.510175+00:00
2022-05-24,104.29,https://cdn.cboe.com/api/global/us_indices/daily_prices/VVIX_History.csv,2026-10-02T14:42:11.510175+00:00
2022-05-25,98.79,https://cdn.cboe.com/api/global/us_indices/daily_prices/VVIX_History.csv,2026-10-02T14:42:11.510175+00:00
2022-05-26,96.25,https://cdn.cboe.com/api/global/us_indices/daily_prices/VVIX_History.csv,2026-10-02T14:42:11.510175+00:00
2022-05-27,93.66,https://cdn.cboe.com/api/global/us_indices/daily_prices/VVIX_History.csv,2026-10-02T14:42:11.510175+00:00
2022-05-31,93.1,https://cdn.cboe.com/api/global/us_indices/daily_prices/VVIX_History.csv,2026-10-02T14:42:11.510175+00:00
2022-06-01,91.39,https://cdn.cboe.com/api/global/us_indices/daily_prices/VVIX_History.csv,2026-10-02T14:42:11.510175+00:00
2022-06-02,91.08,https://cdn.cboe.com/api/global/us_indices/daily_prices/VVIX_History.csv,2026-10-02T14:42:11.510175+00:00
2022-06-03,90.5,https://cdn.cboe.com/api/global/us_indices/daily_prices/VVIX_History.csv,2026-10-02T14:42:11.510175+00:00
2022-06-06,89.53,https://cdn.cboe.com/api/global/us_indices/daily_prices/VVIX_History.csv,2026-10-02T14:42:11.510175+00:00
2022-06-07,87.82,https://cdn.cboe.com/api/global/us_indices/daily_prices/VVIX_History.csv,2026-10-02T14:42:11.510175+00:00
2022-06-08,92.68,https://cdn.cboe.com/api/global/us_indices/daily_prices/VVIX_History.csv,2026-10-02T14:42:11.510175+00:00
2022-06-09,98.82,https://cdn.cboe.com/api/global/us_indices/daily_prices/VVIX_History.csv,2026-10-02T14:42:11.510175+00:00
2022-06-10,99.75,https://cdn.cboe.com/api/global/us_indices/daily_prices/VVIX_History.csv,2026-10-02T14:42:11.510175+00:00
2022-06-13,113.72,https://cdn.cboe.com/api/global/us_indices/daily_prices/VVIX_History.csv,2026-10-02T14:42:11.510175+00:00
2022-06-14,111.01,https://cdn.cboe.com/api/global/us_indices/daily_prices/VVIX_History.csv,2026-10-02T14:42:11.510175+00:00
2022-06-15,105.37,https://cdn.cboe.com/api/global/us_indices/daily_prices/VVIX_History.csv,2026-10-02T14:42:11.510175+00:00
2022-06-16,114.36,https://cdn.cboe.com/api/global/us_indices/daily_prices/VVIX_History.csv,2026-10-02T14:42:11.510175+00:00
2022-06-17,110.06,https://cdn.cboe.com/api/global/us_indices/daily_prices/VVIX_History.csv,2026-10-02T14:42:11.510175+00:00
2022-06-21,104.37,https://cdn.cboe.com/api/global/us_indices/daily_prices/VVIX_History.csv,2026-10-02T14:42:11.510175+00:00
2022-06-22,99.66,https://cdn.cboe.com/api/global/us_indices/daily_prices/VVIX_History.csv,2026-10-02T14:42:11.510175+00:00
2022-06-23,98.31,https://cdn.cboe.com/api/global/us_indices/daily_prices/VVIX_History.csv,2026-10-02T14:42:11.510175+00:00
2022-06-24,91.34,https://cdn.cboe.com/api/global/us_indices/daily_prices/VVIX_History.csv,2026-10-02T14:42:11.510175+00:00
2022-06-27,87.58,https://cdn.cboe.com/api/global/us_indices/daily_prices/VVIX_History.csv,2026-10-02T14:42:11.510175+00:00
2022-06-28,90.62,https://cdn.cboe.com/api/global/us_indices/daily_prices/VVIX_History.csv,2026-10-02T14:42:11.510175+00:00
2022-06-29,88.92,https://cdn.cboe.com/api/global/us_indices/daily_prices/VVIX_History.csv,2026-10-02T14:42:11.510175+00:00
2022-06-30,89.39,https://cdn.cboe.com/api/global/us_indices/daily_prices/VVIX_History.csv,2026-10-02T14:42:11.510175+00:00
2022-07-01,85.51,https://cdn.cboe.com/api/global/us_indices/daily_prices/VVIX_History.csv,2026-10-02T14:42:11.510175+00:00
2022-07-05,87.3,https://cdn.cboe.com/api/global/us_indices/daily_prices/VVIX_History.csv,2026-10-02T14:42:11.510175+00:00
2022-07-06,85.88,https://cdn.cboe.com/api/global/us_indices/daily_prices/VVIX_History.csv,2026-10-02T14:42:11.510175+00:00
2022-07-07,85.88,https://cdn.cboe.com/api/global/us_indices/daily_prices/VVIX_History.csv,2026-10-02T14:42:11.510175+00:00
2022-07-08,84.74,https://cdn.cboe.com/api/global/us_indices/daily_prices/VVIX_History.csv,2026-10-02T14:42:11.510175+00:00
2022-07-11,88.05,https://cdn.cboe.com/api/global/us_indices/daily_prices/VVIX_History.csv,2026-10-02T14:42:11.510175+00:00
2022-07-12,90.06,https://cdn.cboe.com/api/global/us_indices/daily_prices/VVIX_History.csv,2026-10-02T14:42:11.510175+00:00
2022-07-13,90.49,https://cdn.cboe.com/api/global/us_indices/daily_prices/VVIX_History.csv,2026-10-02T14:42:11.510175+00:00
2022-07-14,90.73,https://cdn.cboe.com/api/global/us_indices/daily_prices/VVIX_History.csv,2026-10-02T14:42:11.510175+00:00
2022-07-15,89.37,https://cdn.cboe.com/api/global/us_indices/daily_prices/VVIX_History.csv,2026-10-02T14:42:11.510175+00:00
2022-07-18,91.86,https://cdn.cboe.com/api/global/us_indices/daily_prices/VVIX_History.csv,2026-10-02T14:42:11.510175+00:00
2022-07-19,88.61,https://cdn.cboe.com/api/global/us_indices/daily_prices/VVIX_History.csv,2026-10-02T14:42:11.510175+00:00
2022-07-20,86.75,https://cdn.cboe.com/api/global/us_indices/daily_prices/VVIX_History.csv,2026-10-02T14:42:11.510175+00:00
2022-07-21,85.04,https://cdn.cboe.com/api/global/us_indices/daily_prices/VVIX_History.csv,2026-10-02T14:42:11.510175+00:00
2022-07-22,84.53,https://cdn.cboe.com/api/global/us_indices/daily_prices/VVIX_History.csv,2026-10-02T14:42:11.510175+00:00
2022-07-25,83.82,https://cdn.cboe.com/api/global/us_indices/daily_prices/VVIX_History.csv,2026-10-02T14:42:11.510175+00:00
2022-07-26,84.83,https://cdn.cboe.com/api/global/us_indices/daily_prices/VVIX_History.csv,2026-10-02T14:42:11.510175+00:00
2022-07-27,81.77,https://cdn.cboe.com/api/global/us_indices/daily_prices/VVIX_History.csv,2026-10-02T14:42:11.510175+00:00
2022-07-28,80.88,https://cdn.cboe.com/api/global/us_indices/daily_prices/VVIX_History.csv,2026-10-02T14:42:11.510175+00:00
2022-07-29,80.29,https://cdn.cboe.com/api/global/us_indices/daily_prices/VVIX_History.csv,2026-10-02T14:42:11.510175+00:00
2022-08-01,86.34,https://cdn.cboe.com/api/global/us_indices/daily_prices/VVIX_History.csv,2026-10-02T14:42:11.510175+00:00
2022-08-02,88.47,https://cdn.cboe.com/api/global/us_indices/daily_prices/VVIX_History.csv,2026-10-02T14:42:11.510175+00:00
2022-08-03,84.6,https://cdn.cboe.com/api/global/us_indices/daily_prices/VVIX_History.csv,2026-10-02T14:42:11.510175+00:00
2022-08-04,83.69,https://cdn.cboe.com/api/global/us_indices/daily_prices/VVIX_History.csv,2026-10-02T14:42:11.510175+00:00
2022-08-05,84.13,https://cdn.cboe.com/api/global/us_indices/daily_prices/VVIX_History.csv,2026-10-02T14:42:11.510175+00:00
2022-08-08,86.95,https://cdn.cboe.com/api/global/us_indices/daily_prices/VVIX_History.csv,2026-10-02T14:42:11.510175+00:00
2022-08-09,87.49,https://cdn.cboe.com/api/global/us_indices/daily_prices/VVIX_History.csv,2026-10-02T14:42:11.510175+00:00
2022-08-10,90.04,https://cdn.cboe.com/api/global/us_indices/daily_prices/VVIX_History.csv,2026-10-02T14:42:11.510175+00:00
2022-08-11,90.84,https://cdn.cboe.com/api/global/us_indices/daily_prices/VVIX_History.csv,2026-10-02T14:42:11.510175+00:00
2022-08-12,91.01,https://cdn.cboe.com/api/global/us_indices/daily_prices/VVIX_History.csv,2026-10-02T14:42:11.510175+00:00
2022-08-15,88.73,https://cdn.cboe.com/api/global/us_indices/daily_prices/VVIX_History.csv,2026-10-02T14:42:11.510175+00:00
2022-08-16,88.05,https://cdn.cboe.com/api/global/us_indices/daily_prices/VVIX_History.csv,2026-10-02T14:42:11.510175+00:00
2022-08-17,87.47,https://cdn.cboe.com/api/global/us_indices/daily_prices/VVIX_History.csv,2026-10-02T14:42:11.510175+00:00
2022-08-18,86.46,https://cdn.cboe.com/api/global/us_indices/daily_prices/VVIX_History.csv,2026-10-02T14:42:11.510175+00:00
2022-08-19,89.77,https://cdn.cboe.com/api/global/us_indices/daily_prices/VVIX_History.csv,2026-10-02T14:42:11.510175+00:00
2022-08-22,94.75,https://cdn.cboe.com/api/global/us_indices/daily_prices/VVIX_History.csv,2026-10-02T14:42:11.510175+00:00
2022-08-23,93.34,https://cdn.cboe.com/api/global/us_indices/daily_prices/VVIX_History.csv,2026-10-02T14:42:11.510175+00:00
2022-08-24,86.45,https://cdn.cboe.com/api/global/us_indices/daily_prices/VVIX_History.csv,2026-10-02T14:42:11.510175+00:00
2022-08-25,83.32,https://cdn.cboe.com/api/global/us_indices/daily_prices/VVIX_History.csv,2026-10-02T14:42:11.510175+00:00
2022-08-26,91.66,https://cdn.cboe.com/api/global/us_indices/daily_prices/VVIX_History.csv,2026-10-02T14:42:11.510175+00:00
2022-08-29,91.57,https://cdn.cboe.com/api/global/us_indices/daily_prices/VVIX_History.csv,2026-10-02T14:42:11.510175+00:00
2022-08-30,91.11,https://cdn.cboe.com/api/global/us_indices/daily_prices/VVIX_History.csv,2026-10-02T14:42:11.510175+00:00
2022-08-31,88.4,https://cdn.cboe.com/api/global/us_indices/daily_prices/VVIX_History.csv,2026-10-02T14:42:11.510175+00:00
2022-09-01,87.74,https://cdn.cboe.com/api/global/us_indices/daily_prices/VVIX_History.csv,2026-10-02T14:42:11.510175+00:00
2022-09-02,89.19,https://cdn.cboe.com/api/global/us_indices/daily_prices/VVIX_History.csv,2026-10-02T14:42:11.510175+00:00
2022-09-06,94.08,https://cdn.cboe.com/api/global/us_indices/daily_prices/VVIX_History.csv,2026-10-02T14:42:11.510175+00:00
2022-09-07,88.26,https://cdn.cboe.com/api/global/us_indices/daily_prices/VVIX_History.csv,2026-10-02T14:42:11.510175+00:00
2022-09-08,85.57,https://cdn.cboe.com/api/global/us_indices/daily_prices/VVIX_History.csv,2026-10-02T14:42:11.510175+00:00
2022-09-09,84.09,https://cdn.cboe.com/api/global/us_indices/daily_prices/VVIX_History.csv,2026-10-02T14:42:11.510175+00:00
2022-09-12,84.53,https://cdn.cboe.com/api/global/us_indices/daily_prices/VVIX_History.csv,2026-10-02T14:42:11.510175+00:00
2022-09-13,93.89,https://cdn.cboe.com/api/global/us_indices/daily_prices/VVIX_History.csv,2026-10-02T14:42:11.510175+00:00
2022-09-14,93.58,https://cdn.cboe.com/api/global/us_indices/daily_prices/VVIX_History.csv,2026-10-02T14:42:11.510175+00:00
2022-09-15,92.61,https://cdn.cboe.com/api/global/us_indices/daily_prices/VVIX_History.csv,2026-10-02T14:42:11.510175+00:00
2022-09-16,92.42,https://cdn.cboe.com/api/global/us_indices/daily_prices/VVIX_History.csv,2026-10-02T14:42:11.510175+00:00
2022-09-19,88.99,https://cdn.cboe.com/api/global/us_indices/daily_prices/VVIX_History.csv,2026-10-02T14:42:11.510175+00:00
2022-09-20,91.12,https://cdn.cboe.com/api/global/us_indices/daily_prices/VVIX_History.csv,2026-10-02T14:42:11.510175+00:00
2022-09-21,92.05,https://cdn.cboe.com/api/global/us_indices/daily_prices/VVIX_History.csv,2026-10-02T14:42:11.510175+00:00
2022-09-22,89.18,https://cdn.cboe.com/api/global/us_indices/daily_prices/VVIX_History.csv,2026-10-02T14:42:11.510175+00:00
2022-09-23,101.55,https://cdn.cboe.com/api/global/us_indices/daily_prices/VVIX_History.csv,2026-10-02T14:42:11.510175+00:00
2022-09-26,109.09,https://cdn.cboe.com/api/global/us_indices/daily_prices/VVIX_History.csv,2026-10-02T14:42:11.510175+00:00
2022-09-27,113.76,https://cdn.cboe.com/api/global/us_indices/daily_prices/VVIX_History.csv,2026-10-02T14:42:11.510175+00:00
2022-09-28,105.83,https://cdn.cboe.com/api/global/us_indices/daily_prices/VVIX_History.csv,2026-10-02T14:42:11.510175+00:00
2022-09-29,108.31,https://cdn.cboe.com/api/global/us_indices/daily_prices/VVIX_History.csv,2026-10-02T14:42:11.510175+00:00
2022-09-30,106.19,https://cdn.cboe.com/api/global/us_indices/daily_prices/VVIX_History.csv,2026-10-02T14:42:11.510175+00:00
2022-10-03,103.03,https://cdn.cboe.com/api/global/us_indices/daily_prices/VVIX_History.csv,2026-10-02T14:42:11.510175+00:00
2022-10-04,96.83,https://cdn.cboe.com/api/global/us_indices/daily_prices/VVIX_History.csv,2026-10-02T14:42:11.510175+00:00
2022-10-05,92.79,https://cdn.cboe.com/api/global/us_indices/daily_prices/VVIX_History.csv,2026-10-02T14:42:11.510175+00:00
2022-10-06,97.73,https://cdn.cboe.com/api/global/us_indices/daily_prices/VVIX_History.csv,2026-10-02T14:42:11.510175+00:00
2022-10-07,103.37,https://cdn.cboe.com/api/global/us_indices/daily_prices/VVIX_History.csv,2026-10-02T14:42:11.510175+00:00
2022-10-10,107.11,https://cdn.cboe.com/api/global/us_indices/daily_prices/VVIX_History.csv,2026-10-02T14:42:11.510175+00:00
2022-10-11,105.26,https://cdn.cboe.com/api/global/us_indices/daily_prices/VVIX_History.csv,2026-10-02T14:42:11.510175+00:00
2022-10-12,109.19,https://cdn.cboe.com/api/global/us_indices/daily_prices/VVIX_History.csv,2026-10-02T14:42:11.510175+00:00
2022-10-13,101.26,https://cdn.cboe.com/api/global/us_indices/daily_prices/VVIX_History.csv,2026-10-02T14:42:11.510175+00:00
2022-10-14,101.94,https://cdn.cboe.com/api/global/us_indices/daily_prices/VVIX_History.csv,2026-10-02T14:42:11.510175+00:00
2022-10-17,97.32,https://cdn.cboe.com/api/global/us_indices/daily_prices/VVIX_History.csv,2026-10-02T14:42:11.510175+00:00
2022-10-18,92.3,https://cdn.cboe.com/api/global/us_indices/daily_prices/VVIX_History.csv,2026-10-02T14:42:11.510175+00:00
2022-10-19,90.69,https://cdn.cboe.com/api/global/us_indices/daily_prices/VVIX_History.csv,2026-10-02T14:42:11.510175+00:00
2022-10-20,88.35,https://cdn.cboe.com/api/global/us_indices/daily_prices/VVIX_History.csv,2026-10-02T14:42:11.510175+00:00
2022-10-21,87.32,https://cdn.cboe.com/api/global/us_indices/daily_prices/VVIX_History.csv,2026-10-02T14:42:11.510175+00:00
2022-10-24,86.06,https://cdn.cboe.com/api/global/us_indices/daily_prices/VVIX_History.csv,2026-10-02T14:42:11.510175+00:00
2022-10-25,82.21,https://cdn.cboe.com/api/global/us_indices/daily_prices/VVIX_History.csv,2026-10-02T14:42:11.510175+00:00
2022-10-26,80.42,https://cdn.cboe.com/api/global/us_indices/daily_prices/VVIX_History.csv,2026-10-02T14:42:11.510175+00:00
2022-10-27,82.51,https://cdn.cboe.com/api/global/us_indices/daily_prices/VVIX_History.csv,2026-10-02T14:42:11.510175+00:00
2022-10-28,78.12,https://cdn.cboe.com/api/global/us_indices/daily_prices/VVIX_History.csv,2026-10-02T14:42:11.510175+00:00
2022-10-31,78.86,https://cdn.cboe.com/api/global/us_indices/daily_prices/VVIX_History.csv,2026-10-02T14:42:11.510175+00:00
2022-11-01,80.24,https://cdn.cboe.com/api/global/us_indices/daily_prices/VVIX_History.csv,2026-10-02T14:42:11.510175+00:00
2022-11-02,80.93,https://cdn.cboe.com/api/global/us_indices/daily_prices/VVIX_History.csv,2026-10-02T14:42:11.510175+00:00
2022-11-03,79.17,https://cdn.cboe.com/api/global/us_indices/daily_prices/VVIX_History.csv,2026-10-02T14:42:11.510175+00:00
2022-11-04,79.24,https://cdn.cboe.com/api/global/us_indices/daily_prices/VVIX_History.csv,2026-10-02T14:42:11.510175+00:00
2022-11-07,79.95,https://cdn.cboe.com/api/global/us_indices/daily_prices/VVIX_History.csv,2026-10-02T14:42:11.510175+00:00
2022-11-08,84.6,https://cdn.cboe.com/api/global/us_indices/daily_prices/VVIX_History.csv,2026-10-02T14:42:11.510175+00:00
2022-11-09,90.11,https://cdn.cboe.com/api/global/us_indices/daily_prices/VVIX_History.csv,2026-10-02T14:42:11.510175+00:00
2022-11-10,85.78,https://cdn.cboe.com/api/global/us_indices/daily_prices/VVIX_History.csv,2026-10-02T14:42:11.510175+00:00
2022-11-11,85.89,https://cdn.cboe.com/api/global/us_indices/daily_prices/VVIX_History.csv,2026-10-02T14:42:11.510175+00:00
2022-11-14,84.57,https://cdn.cboe.com/api/global/us_indices/daily_prices/VVIX_History.csv,2026-10-02T14:42:11.510175+00:00
2022-11-15,88.31,https://cdn.cboe.com/api/global/us_indices/daily_prices/VVIX_History.csv,2026-10-02T14:42:11.510175+00:00
2022-11-16,81.38,https://cdn.cboe.com/api/global/us_indices/daily_prices/VVIX_History.csv,2026-10-02T14:42:11.510175+00:00
2022-11-17,81.16,https://cdn.cboe.com/api/global/us_indices/daily_prices/VVIX_History.csv,2026-10-02T14:42:11.510175+00:00
2022-11-18,77.68,https://cdn.cboe.com/api/global/us_indices/daily_prices/VVIX_History.csv,2026-10-02T14:42:11.510175+00:00
2022-11-21,77.11,https://cdn.cboe.com/api/global/us_indices/daily_prices/VVIX_History.csv,2026-10-02T14:42:11.510175+00:00
2022-11-22,77.81,https://cdn.cboe.com/api/global/us_indices/daily_prices/VVIX_History.csv,2026-10-02T14:42:11.510175+00:00
2022-11-23,81.72,https://cdn.cboe.com/api/global/us_indices/daily_prices/VVIX_History.csv,2026-10-02T14:42:11.510175+00:00
2022-11-25,82.5,https://cdn.cboe.com/api/global/us_indices/daily_prices/VVIX_History.csv,2026-10-02T14:42:11.510175+00:00
2022-11-28,87.33,https://cdn.cboe.com/api/global/us_indices/daily_prices/VVIX_History.csv,2026-10-02T14:42:11.510175+00:00
2022-11-29,85.43,https://cdn.cboe.com/api/global/us_indices/daily_prices/VVIX_History.csv,2026-10-02T14:42:11.510175+00:00
2022-11-30,81.79,https://cdn.cboe.com/api/global/us_indices/daily_prices/VVIX_History.csv,2026-10-02T14:42:11.510175+00:00
2022-12-01,82.19,https://cdn.cboe.com/api/global/us_indices/daily_prices/VVIX_History.csv,2026-10-02T14:42:11.510175+00:00
2022-12-02,81.57,https://cdn.cboe.com/api/global/us_indices/daily_prices/VVIX_History.csv,2026-10-02T14:42:11.510175+00:00
2022-12-05,84.71,https://cdn.cboe.com/api/global/us_indices/daily_prices/VVIX_History.csv,2026-10-02T14:42:11.510175+00:00
2022-12-06,86.59,https://cdn.cboe.com/api/global/us_indices/daily_prices/VVIX_History.csv,2026-10-02T14:42:11.510175+00:00
2022-12-07,87.18,https://cdn.cboe.com/api/global/us_indices/daily_prices/VVIX_History.csv,2026-10-02T14:42:11.510175+00:00
2022-12-08,84.9,https://cdn.cboe.com/api/global/us_indices/daily_prices/VVIX_History.csv,2026-10-02T14:42:11.510175+00:00
2022-12-09,87.26,https://cdn.cboe.com/api/global/us_indices/daily_prices/VVIX_History.csv,2026-10-02T14:42:11.510175+00:00
2022-12-12,91.73,https://cdn.cboe.com/api/global/us_indices/daily_prices/VVIX_History.csv,2026-10-02T14:42:11.510175+00:00
2022-12-13,88.74,https://cdn.cboe.com/api/global/us_indices/daily_prices/VVIX_History.csv,2026-10-02T14:42:11.510175+00:00
2022-12-14,88.35,https://cdn.cboe.com/api/global/us_indices/daily_prices/VVIX_History.csv,2026-10-02T14:42:11.510175+00:00
2022-12-15,92.26,https://cdn.cboe.com/api/global/us_indices/daily_prices/VVIX_History.csv,2026-10-02T14:42:11.510175+00:00
2022-12-16,89.15,https://cdn.cboe.com/api/global/us_indices/daily_prices/VVIX_History.csv,2026-10-02T14:42:11.510175+00:00
2022-12-19,87.54,https://cdn.cboe.com/api/global/us_indices/daily_prices/VVIX_History.csv,2026-10-02T14:42:11.510175+00:00
2022-12-20,83.0,https://cdn.cboe.com/api/global/us_indices/daily_prices/VVIX_History.csv,2026-10-02T14:42:11.510175+00:00
2022-12-21,77.64,https://cdn.cboe.com/api/global/us_indices/daily_prices/VVIX_History.csv,2026-10-02T14:42:11.510175+00:00
2022-12-22,81.94,https://cdn.cboe.com/api/global/us_indices/daily_prices/VVIX_History.csv,2026-10-02T14:42:11.510175+00:00
2022-12-23,78.84,https://cdn.cboe.com/api/global/us_indices/daily_prices/VVIX_History.csv,2026-10-02T14:42:11.510175+00:00
2022-12-27,78.65,https://cdn.cboe.com/api/global/us_indices/daily_prices/VVIX_History.csv,2026-10-02T14:42:11.510175+00:00
2022-12-28,79.9,https://cdn.cboe.com/api/global/us_indices/daily_prices/VVIX_History.csv,2026-10-02T14:42:11.510175+00:00
2022-12-29,77.28,https://cdn.cboe.com/api/global/us_indices/daily_prices/VVIX_History.csv,2026-10-02T14:42:11.510175+00:00
2022-12-30,77.05,https://cdn.cboe.com/api/global/us_indices/daily_prices/VVIX_History.csv,2026-10-02T14:42:11.510175+00:00
2023-01-03,80.34,https://cdn.cboe.com/api/global/us_indices/daily_prices/VVIX_History.csv,2026-10-02T14:42:11.510175+00:00
2023-01-04,76.65,https://cdn.cboe.com/api/global/us_indices/daily_prices/VVIX_History.csv,2026-10-02T14:42:11.510175+00:00
2023-01-05,75.96,https://cdn.cboe.com/api/global/us_indices/daily_prices/VVIX_History.csv,2026-10-02T14:42:11.510175+00:00
2023-01-06,73.88,https://cdn.cboe.com/api/global/us_indices/daily_prices/VVIX_History.csv,2026-10-02T14:42:11.510175+00:00
2023-01-09,77.27,https://cdn.cboe.com/api/global/us_indices/daily_prices/VVIX_History.csv,2026-10-02T14:42:11.510175+00:00
2023-01-10,76.02,https://cdn.cboe.com/api/global/us_indices/daily_prices/VVIX_History.csv,2026-10-02T14:42:11.510175+00:00
2023-01-11,78.94,https://cdn.cboe.com/api/global/us_indices/daily_prices/VVIX_History.csv,2026-10-02T14:42:11.510175+00:00
2023-01-12,78.79,https://cdn.cboe.com/api/global/us_indices/daily_prices/VVIX_History.csv,2026-10-02T14:42:11.510175+00:00
2023-01-13,80.89,https://cdn.cboe.com/api/global/us_indices/daily_prices/VVIX_History.csv,2026-10-02T14:42:11.510175+00:00
2023-01-17,83.44,https://cdn.cboe.com/api/global/us_indices/daily_prices/VVIX_History.csv,2026-10-02T14:42:11.510175+00:00
2023-01-18,85.33,https://cdn.cboe.com/api/global/us_indices/daily_prices/VVIX_History.csv,2026-10-02T14:42:11.510175+00:00
2023-01-19,85.14,https://cdn.cboe.com/api/global/us_indices/daily_prices/VVIX_History.csv,2026-10-02T14:42:11.510175+00:00
2023-01-20,81.03,https://cdn.cboe.com/api/global/us_indices/daily_prices/VVIX_History.csv,2026-10-02T14:42:11.510175+00:00
2023-01-23,78.34,https://cdn.cboe.com/api/global/us_indices/daily_prices/VVIX_History.csv,2026-10-02T14:42:11.510175+00:00
2023-01-24,79.37,https://cdn.cboe.com/api/global/us_indices/daily_prices/VVIX_History.csv,2026-10-02T14:42:11.510175+00:00
2023-01-25,80.74,https://cdn.cboe.com/api/global/us_indices/daily_prices/VVIX_History.csv,2026-10-02T14:42:11.510175+00:00
2023-01-26,81.6,https://cdn.cboe.com/api/global/us_indices/daily_prices/VVIX_History.csv,2026-10-02T14:42:11.510175+00:00
2023-01-27,83.31,https://cdn.cboe.com/api/global/us_indices/daily_prices/VVIX_History.csv,2026-10-02T14:42:11.510175+00:00
2023-01-30,86.13,https://cdn.cboe.com/api/global/us_indices/daily_prices/VVIX_History.csv,2026-10-02T14:42:11.510175+00:00
2023-01-31,83.9,https://cdn.cboe.com/api/global/us_indices/daily_prices/VVIX_History.csv,2026-10-02T14:42:11.510175+00:00
2023-02-01,81.2,https://cdn.cboe.com/api/global/us_indices/daily_prices/VVIX_History.csv,2026-10-02T14:42:11.510175+00:00
2023-02-02,84.97,https://cdn.cboe.com/api/global/us_indices/daily_prices/VVIX_History.csv,2026-10-02T14:42:11.510175+00:00
2023-02-03,83.49,https://cdn.cboe.com/api/global/us_indices/daily_prices/VVIX_History.csv,2026-10-02T14:42:11.510175+00:00
2023-02-06,85.1,https://cdn.cboe.com/api/global/us_indices/daily_prices/VVIX_History.csv,2026-10-02T14:42:11.510175+00:00
2023-02-07,84.54,https://cdn.cboe.com/api/global/us_indices/daily_prices/VVIX_History.csv,2026-10-02T14:42:11.510175+00:00
2023-02-08,94.83,https://cdn.cboe.com/api/global/us_indices/daily_prices/VVIX_History.csv,2026-10-02T14:42:11.510175+00:00
2023-02-09,97.96,https://cdn.cboe.com/api/global/us_indices/daily_prices/VVIX_History.csv,2026-10-02T14:42:11.510175+00:00
2023-02-10,95.63,https://cdn.cboe.com/api/global/us_indices/daily_prices/VVIX_History.csv,2026-10-02T14:42:11.510175+00:00
2023-02-13,93.95,https://cdn.cboe.com/api/global/us_indices/daily_prices/VVIX_History.csv,2026-10-02T14:42:11.510175+00:00
2023-02-14,89.2,https://cdn.cboe.com/api/global/us_indices/daily_prices/VVIX_History.csv,2026-10-02T14:42:11.510175+00:00
2023-02-15,84.81,https://cdn.cboe.com/api/global/us_indices/daily_prices/VVIX_History.csv,2026-10-02T14:42:11.510175+00:00
2023-02-16,88.25,https://cdn.cboe.com/api/global/us_indices/daily_prices/VVIX_History.csv,2026-10-02T14:42:11.510175+00:00
2023-02-17,87.97,https://cdn.cboe.com/api/global/us_indices/daily_prices/VVIX_History.csv,2026-10-02T14:42:11.510175+00:00
2023-02-21,95.99,https://cdn.cboe.com/api/global/us_indices/daily_prices/VVIX_History.csv,2026-10-02T14:42:11.510175+00:00
2023-02-22,91.24,https://cdn.cboe.com/api/global/us_indices/daily_prices/VVIX_History.csv,2026-10-02T14:42:11.510175+00:00
2023-02-23,85.16,https://cdn.cboe.com/api/global/us_indices/daily_prices/VVIX_History.csv,2026-10-02T14:42:11.510175+00:00
2023-02-24,85.26,https://cdn.cboe.com/api/global/us_indices/daily_prices/VVIX_History.csv,2026-10-02T14:42:11.510175+00:00
2023-02-27,83.21,https://cdn.cboe.com/api/global/us_indices/daily_prices/VVIX_History.csv,2026-10-02T14:42:11.510175+00:00
2023-02-28,80.76,https://cdn.cboe.com/api/global/us_indices/daily_prices/VVIX_History.csv,2026-10-02T14:42:11.510175+00:00
2023-03-01,80.55,https://cdn.cboe.com/api/global/us_indices/daily_prices/VVIX_History.csv,2026-10-02T14:42:11.510175+00:00
2023-03-02,77.34,https://cdn.cboe.com/api/global/us_indices/daily_prices/VVIX_History.csv,2026-10-02T14:42:11.510175+00:00
2023-03-03,75.93,https://cdn.cboe.com/api/global/us_indices/daily_prices/VVIX_History.csv,2026-10-02T14:42:11.510175+00:00
2023-03-06,76.41,https://cdn.cboe.com/api/global/us_indices/daily_prices/VVIX_History.csv,2026-10-02T14:42:11.510175+00:00
2023-03-07,78.54,https://cdn.cboe.com/api/global/us_indices/daily_prices/VVIX_History.csv,2026-10-02T14:42:11.510175+00:00
2023-03-08,74.67,https://cdn.cboe.com/api/global/us_indices/daily_prices/VVIX_History.csv,2026-10-02T14:42:11.510175+00:00
2023-03-09,92.04,https://cdn.cboe.com/api/global/us_indices/daily_prices/VVIX_History.csv,2026-10-02T14:42:11.510175+00:00
2023-03-10,108.62,https://cdn.cboe.com/api/global/us_indices/daily_prices/VVIX_History.csv,2026-10-02T14:42:11.510175+00:00
2023-03-13,114.54,https://cdn.cboe.com/api/global/us_indices/daily_prices/VVIX_History.csv,2026-10-02T14:42:11.510175+00:00
2023-03-14,104.9,https://cdn.cboe.com/api/global/us_indices/daily_prices/VVIX_History.csv,2026-10-02T14:42:11.510175+00:00
2023-03-15,122.75,https://cdn.cboe.com/api/global/us_indices/daily_prices/VVIX_History.csv,2026-10-02T14:42:11.510175+00:00
2023-03-16,110.77,https://cdn.cboe.com/api/global/us_indices/daily_prices/VVIX_History.csv,2026-10-02T14:42:11.510175+00:00
2023-03-17,124.75,https://cdn.cboe.com/api/global/us_indices/daily_prices/VVIX_History.csv,2026-10-02T14:42:11.510175+00:00
2023-03-20,110.16,https://cdn.cboe.com/api/global/us_indices/daily_prices/VVIX_History.csv,2026-10-02T14:42:11.510175+00:00
2023-03-21,101.19,https://cdn.cboe.com/api/global/us_indices/daily_prices/VVIX_History.csv,2026-10-02T14:42:11.510175+00:00
2023-03-22,102.64,https://cdn.cboe.com/api/global/us_indices/daily_prices/VVIX_History.csv,2026-10-02T14:42:11.510175+00:00
2023-03-23,102.92,https://cdn.cboe.com/api/global/us_indices/daily_prices/VVIX_History.csv,2026-10-02T14:42:11.510175+00:00
2023-03-24,99.72,https://cdn.cboe.com/api/global/us_indices/daily_prices/VVIX_History.csv,2026-10-02T14:42:11.510175+00:00
2023-03-27,95.07,https://cdn.cboe.com/api/global/us_indices/daily_prices/VVIX_History.csv,2026-10-02T14:42:11.510175+00:00
2023-03-28,91.41,https://cdn.cboe.com/api/global/us_indices/daily_prices/VVIX_History.csv,2026-10-02T14:42:11.510175+00:00
2023-03-29,87.78,https://cdn.cboe.com/api/global/us_indices/daily_prices/VVIX_History.csv,2026-10-02T14:42:11.510175+00:00
2023-03-30,85.34,https://cdn.cboe.com/api/global/us_indices/daily_prices/VVIX_History.csv,2026-10-02T14:42:11.510175+00:00
2023-03-31,87.53,https://cdn.cboe.com/api/global/us_indices/daily_prices/VVIX_History.csv,2026-10-02T14:42:11.510175+00:00
2023-04-03,84.07,https://cdn.cboe.com/api/global/us_indices/daily_prices/VVIX_History.csv,2026-10-02T14:42:11.510175+00:00
2023-04-04,84.72,https://cdn.cboe.com/api/global/us_indices/daily_prices/VVIX_History.csv,2026-10-02T14:42:11.510175+00:00
2023-04-05,85.92,https://cdn.cboe.com/api/global/us_indices/daily_prices/VVIX_History.csv,2026-10-02T14:42:11.510175+00:00
2023-04-06,84.64,https://cdn.cboe.com/api/global/us_indices/daily_prices/VVIX_History.csv,2026-10-02T14:42:11.510175+00:00
2023-04-10,85.94,https://cdn.cboe.com/api/global/us_indices/daily_prices/VVIX_History.csv,2026-10-02T14:42:11.510175+00:00
2023-04-11,85.92,https://cdn.cboe.com/api/global/us_indices/daily_prices/VVIX_History.csv,2026-10-02T14:42:11.510175+00:00
2023-04-12,87.06,https://cdn.cboe.com/api/global/us_indices/daily_prices/VVIX_History.csv,2026-10-02T14:42:11.510175+00:00
2023-04-13,84.73,https://cdn.cboe.com/api/global/us_indices/daily_prices/VVIX_History.csv,2026-10-02T14:42:11.510175+00:00
2023-04-14,84.01,https://cdn.cboe.com/api/global/us_indices/daily_prices/VVIX_History.csv,2026-10-02T14:42:11.510175+00:00
2023-04-17,83.15,https://cdn.cboe.com/api/global/us_indices/daily_prices/VVIX_History.csv,2026-10-02T14:42:11.510175+00:00
2023-04-18,88.01,https://cdn.cboe.com/api/global/us_indices/daily_prices/VVIX_History.csv,2026-10-02T14:42:11.510175+00:00
2023-04-19,95.04,https://cdn.cboe.com/api/global/us_indices/daily_prices/VVIX_History.csv,2026-10-02T14:42:11.510175+00:00
2023-04-20,98.46,https://cdn.cboe.com/api/global/us_indices/daily_prices/VVIX_History.csv,2026-10-02T14:42:11.510175+00:00
2023-04-21,96.94,https://cdn.cboe.com/api/global/us_indices/daily_prices/VVIX_History.csv,2026-10-02T14:42:11.510175+00:00
2023-04-24,93.96,https://cdn.cboe.com/api/global/us_indices/daily_prices/VVIX_History.csv,2026-10-02T14:42:11.510175+00:00
2023-04-25,94.35,https://cdn.cboe.com/api/global/us_indices/daily_prices/VVIX_History.csv,2026-10-02T14:42:11.510175+00:00
2023-04-26,90.65,https://cdn.cboe.com/api/global/us_indices/daily_prices/VVIX_History.csv,2026-10-02T14:42:11.510175+00:00
2023-04-27,85.79,https://cdn.cboe.com/api/global/us_indices/daily_prices/VVIX_History.csv,2026-10-02T14:42:11.510175+00:00
2023-04-28,86.9,https://cdn.cboe.com/api/global/us_indices/daily_prices/VVIX_History.csv,2026-10-02T14:42:11.510175+00:00
2023-05-01,88.21,https://cdn.cboe.com/api/global/us_indices/daily_prices/VVIX_History.csv,2026-10-02T14:42:11.510175+00:00
2023-05-02,91.46,https://cdn.cboe.com/api/global/us_indices/daily_prices/VVIX_History.csv,2026-10-02T14:42:11.510175+00:00
2023-05-03,91.54,https://cdn.cboe.com/api/global/us_indices/daily_prices/VVIX_History.csv,2026-10-02T14:42:11.510175+00:00
2023-05-04,98.74,https://cdn.cboe.com/api/global/us_indices/daily_prices/VVIX_History.csv,2026-10-02T14:42:11.510175+00:00
2023-05-05,91.8,https://cdn.cboe.com/api/global/us_indices/daily_prices/VVIX_History.csv,2026-10-02T14:42:11.510175+00:00
2023-05-08,91.98,https://cdn.cboe.com/api/global/us_indices/daily_prices/VVIX_History.csv,2026-10-02T14:42:11.510175+00:00
2023-05-09,92.45,https://cdn.cboe.com/api/global/us_indices/daily_prices/VVIX_History.csv,2026-10-02T14:42:11.510175+00:00
2023-05-10,97.53,https://cdn.cboe.com/api/global/us_indices/daily_prices/VVIX_History.csv,2026-10-02T14:42:11.510175+00:00
2023-05-11,97.32,https://cdn.cboe.com/api/global/us_indices/daily_prices/VVIX_History.csv,2026-10-02T14:42:11.510175+00:00
2023-05-12,100.54,https://cdn.cboe.com/api/global/us_indices/daily_prices/VVIX_History.csv,2026-10-02T14:42:11.510175+00:00
2023-05-15,94.65,https://cdn.cboe.com/api/global/us_indices/daily_prices/VVIX_History.csv,2026-10-02T14:42:11.510175+00:00
2023-05-16,97.63,https://cdn.cboe.com/api/global/us_indices/daily_prices/VVIX_History.csv,2026-10-02T14:42:11.510175+00:00
2023-05-17,92.76,https://cdn.cboe.com/api/global/us_indices/daily_prices/VVIX_History.csv,2026-10-02T14:42:11.510175+00:00
2023-05-18,89.06,https://cdn.cboe.com/api/global/us_indices/daily_prices/VVIX_History.csv,2026-10-02T14:42:11.510175+00:00
2023-05-19,94.77,https://cdn.cboe.com/api/global/us_indices/daily_prices/VVIX_History.csv,2026-10-02T14:42:11.510175+00:00
2023-05-22,97.64,https://cdn.cboe.com/api/global/us_indices/daily_prices/VVIX_History.csv,2026-10-02T14:42:11.510175+00:00
2023-05-23,101.91,https://cdn.cboe.com/api/global/us_indices/daily_prices/VVIX_History.csv,2026-10-02T14:42:11.510175+00:00
2023-05-24,106.52,https://cdn.cboe.com/api/global/us_indices/daily_prices/VVIX_History.csv,2026-10-02T14:42:11.510175+00:00
2023-05-25,103.88,https://cdn.cboe.com/api/global/us_indices/daily_prices/VVIX_History.csv,2026-10-02T14:42:11.510175+00:00
2023-05-26,97.57,https://cdn.cboe.com/api/global/us_indices/daily_prices/VVIX_History.csv,2026-10-02T14:42:11.510175+00:00
2023-05-30,91.91,https://cdn.cboe.com/api/global/us_indices/daily_prices/VVIX_History.csv,2026-10-02T14:42:11.510175+00:00
2023-05-31,91.39,https://cdn.cboe.com/api/global/us_indices/daily_prices/VVIX_History.csv,2026-10-02T14:42:11.510175+00:00
2023-06-01,85.07,https://cdn.cboe.com/api/global/us_indices/daily_prices/VVIX_History.csv,2026-10-02T14:42:11.510175+00:00
2023-06-02,86.16,https://cdn.cboe.com/api/global/us_indices/daily_prices/VVIX_History.csv,2026-10-02T14:42:11.510175+00:00
2023-06-05,85.77,https://cdn.cboe.com/api/global/us_indices/daily_prices/VVIX_History.csv,2026-10-02T14:42:11.510175+00:00
2023-06-06,85.74,https://cdn.cboe.com/api/global/us_indices/daily_prices/VVIX_History.csv,2026-10-02T14:42:11.510175+00:00
2023-06-07,84.0,https://cdn.cboe.com/api/global/us_indices/daily_prices/VVIX_History.csv,2026-10-02T14:42:11.510175+00:00
2023-06-08,87.63,https://cdn.cboe.com/api/global/us_indices/daily_prices/VVIX_History.csv,2026-10-02T14:42:11.510175+00:00
2023-06-09,89.7,https://cdn.cboe.com/api/global/us_indices/daily_prices/VVIX_History.csv,2026-10-02T14:42:11.510175+00:00
2023-06-12,92.83,https://cdn.cboe.com/api/global/us_indices/daily_prices/VVIX_History.csv,2026-10-02T14:42:11.510175+00:00
2023-06-13,92.1,https://cdn.cboe.com/api/global/us_indices/daily_prices/VVIX_History.csv,2026-10-02T14:42:11.510175+00:00
2023-06-14,91.91,https://cdn.cboe.com/api/global/us_indices/daily_prices/VVIX_History.csv,2026-10-02T14:42:11.510175+00:00
2023-06-15,93.95,https://cdn.cboe.com/api/global/us_indices/daily_prices/VVIX_History.csv,2026-10-02T14:42:11.510175+00:00
2023-06-16,90.69,https://cdn.cboe.com/api/global/us_indices/daily_prices/VVIX_History.csv,2026-10-02T14:42:11.510175+00:00
2023-06-20,96.26,https://cdn.cboe.com/api/global/us_indices/daily_prices/VVIX_History.csv,2026-10-02T14:42:11.510175+00:00
2023-06-21,92.73,https://cdn.cboe.com/api/global/us_indices/daily_prices/VVIX_History.csv,2026-10-02T14:42:11.510175+00:00
2023-06-22,90.64,https://cdn.cboe.com/api/global/us_indices/daily_prices/VVIX_History.csv,2026-10-02T14:42:11.510175+00:00
2023-06-23,92.34,https://cdn.cboe.com/api/global/us_indices/daily_prices/VVIX_History.csv,2026-10-02T14:42:11.510175+00:00
2023-06-26,95.42,https://cdn.cboe.com/api/global/us_indices/daily_prices/VVIX_History.csv,2026-10-02T14:42:11.510175+00:00
2023-06-27,91.33,https://cdn.cboe.com/api/global/us_indices/daily_prices/VVIX_History.csv,2026-10-02T14:42:11.510175+00:00
2023-06-28,85.79,https://cdn.cboe.com/api/global/us_indices/daily_prices/VVIX_History.csv,2026-10-02T14:42:11.510175+00:00
2023-06-29,85.26,https://cdn.cboe.com/api/global/us_indices/daily_prices/VVIX_History.csv,2026-10-02T14:42:11.510175+00:00
2023-06-30,83.11,https://cdn.cboe.com/api/global/us_indices/daily_prices/VVIX_History.csv,2026-10-02T14:42:11.510175+00:00
2023-07-03,84.17,https://cdn.cboe.com/api/global/us_indices/daily_prices/VVIX_History.csv,2026-10-02T14:42:11.510175+00:00
2023-07-05,87.76,https://cdn.cboe.com/api/global/us_indices/daily_prices/VVIX_History.csv,2026-10-02T14:42:11.510175+00:00
2023-07-06,95.3,https://cdn.cboe.com/api/global/us_indices/daily_prices/VVIX_History.csv,2026-10-02T14:42:11.510175+00:00
2023-07-07,94.49,https://cdn.cboe.com/api/global/us_indices/daily_prices/VVIX_History.csv,2026-10-02T14:42:11.510175+00:00
2023-07-10,95.33,https://cdn.cboe.com/api/global/us_indices/daily_prices/VVIX_History.csv,2026-10-02T14:42:11.510175+00:00
2023-07-11,95.21,https://cdn.cboe.com/api/global/us_indices/daily_prices/VVIX_History.csv,2026-10-02T14:42:11.510175+00:00
2023-07-12,95.85,https://cdn.cboe.com/api/global/us_indices/daily_prices/VVIX_History.csv,2026-10-02T14:42:11.510175+00:00
2023-07-13,96.43,https://cdn.cboe.com/api/global/us_indices/daily_prices/VVIX_History.csv,2026-10-02T14:42:11.510175+00:00
2023-07-14,94.89,https://cdn.cboe.com/api/global/us_indices/daily_prices/VVIX_History.csv,2026-10-02T14:42:11.510175+00:00
2023-07-17,95.98,https://cdn.cboe.com/api/global/us_indices/daily_prices/VVIX_History.csv,2026-10-02T14:42:11.510175+00:00
2023-07-18,92.99,https://cdn.cboe.com/api/global/us_indices/daily_prices/VVIX_History.csv,2026-10-02T14:42:11.510175+00:00
2023-07-19,93.57,https://cdn.cboe.com/api/global/us_indices/daily_prices/VVIX_History.csv,2026-10-02T14:42:11.510175+00:00
2023-07-20,94.06,https://cdn.cboe.com/api/global/us_indices/daily_prices/VVIX_History.csv,2026-10-02T14:42:11.510175+00:00
2023-07-21,93.36,https://cdn.cboe.com/api/global/us_indices/daily_prices/VVIX_History.csv,2026-10-02T14:42:11.510175+00:00
2023-07-24,91.74,https://cdn.cboe.com/api/global/us_indices/daily_prices/VVIX_History.csv,2026-10-02T14:42:11.510175+00:00
2023-07-25,90.0,https://cdn.cboe.com/api/global/us_indices/daily_prices/VVIX_History.csv,2026-10-02T14:42:11.510175+00:00
2023-07-26,85.38,https://cdn.cboe.com/api/global/us_indices/daily_prices/VVIX_History.csv,2026-10-02T14:42:11.510175+00:00
2023-07-27,94.05,https://cdn.cboe.com/api/global/us_indices/daily_prices/VVIX_History.csv,2026-10-02T14:42:11.510175+00:00
2023-07-28,87.38,https://cdn.cboe.com/api/global/us_indices/daily_prices/VVIX_History.csv,2026-10-02T14:42:11.510175+00:00
2023-07-31,86.68,https://cdn.cboe.com/api/global/us_indices/daily_prices/VVIX_History.csv,2026-10-02T14:42:11.510175+00:00
2023-08-01,87.49,https://cdn.cboe.com/api/global/us_indices/daily_prices/VVIX_History.csv,2026-10-02T14:42:11.510175+00:00
2023-08-02,96.2,https://cdn.cboe.com/api/global/us_indices/daily_prices/VVIX_History.csv,2026-10-02T14:42:11.510175+00:00
2023-08-03,94.04,https://cdn.cboe.com/api/global/us_indices/daily_prices/VVIX_History.csv,2026-10-02T14:42:11.510175+00:00
2023-08-04,99.63,https://cdn.cboe.com/api/global/us_indices/daily_prices/VVIX_History.csv,2026-10-02T14:42:11.510175+00:00
2023-08-07,92.99,https://cdn.cboe.com/api/global/us_indices/daily_prices/VVIX_History.csv,2026-10-02T14:42:11.510175+00:00
2023-08-08,94.91,https://cdn.cboe.com/api/global/us_indices/daily_prices/VVIX_History.csv,2026-10-02T14:42:11.510175+00:00
2023-08-09,97.43,https://cdn.cboe.com/api/global/us_indices/daily_prices/VVIX_History.csv,2026-10-02T14:42:11.510175+00:00
2023-08-10,99.78,https://cdn.cboe.com/api/global/us_indices/daily_prices/VVIX_History.csv,2026-10-02T14:42:11.510175+00:00
2023-08-11,96.68,https://cdn.cboe.com/api/global/us_indices/daily_prices/VVIX_History.csv,2026-10-02T14:42:11.510175+00:00
2023-08-14,95.33,https://cdn.cboe.com/api/global/us_indices/daily_prices/VVIX_History.csv,2026-10-02T14:42:11.510175+00:00
2023-08-15,103.28,https://cdn.cboe.com/api/global/us_indices/daily_prices/VVIX_History.csv,2026-10-02T14:42:11.510175+00:00
2023-08-16,104.54,https://cdn.cboe.com/api/global/us_indices/daily_prices/VVIX_History.csv,2026-10-02T14:42:11.510175+00:00
2023-08-17,106.74,https://cdn.cboe.com/api/global/us_indices/daily_prices/VVIX_History.csv,2026-10-02T14:42:11.510175+00:00
2023-08-18,97.28,https://cdn.cboe.com/api/global/us_indices/daily_prices/VVIX_History.csv,2026-10-02T14:42:11.510175+00:00
2023-08-21,95.24,https://cdn.cboe.com/api/global/us_indices/daily_prices/VVIX_History.csv,2026-10-02T14:42:11.510175+00:00
2023-08-22,92.62,https://cdn.cboe.com/api/global/us_indices/daily_prices/VVIX_History.csv,2026-10-02T14:42:11.510175+00:00
2023-08-23,88.99,https://cdn.cboe.com/api/global/us_indices/daily_prices/VVIX_History.csv,2026-10-02T14:42:11.510175+00:00
2023-08-24,92.17,https://cdn.cboe.com/api/global/us_indices/daily_prices/VVIX_History.csv,2026-10-02T14:42:11.510175+00:00
2023-08-25,84.32,https://cdn.cboe.com/api/global/us_indices/daily_prices/VVIX_History.csv,2026-10-02T14:42:11.510175+00:00
2023-08-28,82.23,https://cdn.cboe.com/api/global/us_indices/daily_prices/VVIX_History.csv,2026-10-02T14:42:11.510175+00:00
2023-08-29,79.05,https://cdn.cboe.com/api/global/us_indices/daily_prices/VVIX_History.csv,2026-10-02T14:42:11.510175+00:00
2023-08-30,78.63,https://cdn.cboe.com/api/global/us_indices/daily_prices/VVIX_History.csv,2026-10-02T14:42:11.510175+00:00
2023-08-31,80.8,https://cdn.cboe.com/api/global/us_indices/daily_prices/VVIX_History.csv,2026-10-02T14:42:11.510175+00:00
2023-09-01,82.65,https://cdn.cboe.com/api/global/us_indices/daily_prices/VVIX_History.csv,2026-10-02T14:42:11.510175+00:00
2023-09-05,86.43,https://cdn.cboe.com/api/global/us_indices/daily_prices/VVIX_History.csv,2026-10-02T14:42:11.510175+00:00
2023-09-06,87.85,https://cdn.cboe.com/api/global/us_indices/daily_prices/VVIX_History.csv,2026-10-02T14:42:11.510175+00:00
2023-09-07,87.65,https://cdn.cboe.com/api/global/us_indices/daily_prices/VVIX_History.csv,2026-10-02T14:42:11.510175+00:00
2023-09-08,85.27,https://cdn.cboe.com/api/global/us_indices/daily_prices/VVIX_History.csv,2026-10-02T14:42:11.510175+00:00
2023-09-11,85.19,https://cdn.cboe.com/api/global/us_indices/daily_prices/VVIX_History.csv,2026-10-02T14:42:11.510175+00:00
2023-09-12,85.63,https://cdn.cboe.com/api/global/us_indices/daily_prices/VVIX_History.csv,2026-10-02T14:42:11.510175+00:00
2023-09-13,84.97,https://cdn.cboe.com/api/global/us_indices/daily_prices/VVIX_History.csv,2026-10-02T14:42:11.510175+00:00
2023-09-14,82.48,https://cdn.cboe.com/api/global/us_indices/daily_prices/VVIX_History.csv,2026-10-02T14:42:11.510175+00:00
2023-09-15,84.84,https://cdn.cboe.com/api/global/us_indices/daily_prices/VVIX_History.csv,2026-10-02T14:42:11.510175+00:00
2023-09-18,84.77,https://cdn.cboe.com/api/global/us_indices/daily_prices/VVIX_History.csv,2026-10-02T14:42:11.510175+00:00
2023-09-19,83.54,https://cdn.cboe.com/api/global/us_indices/daily_prices/VVIX_History.csv,2026-10-02T14:42:11.510175+00:00
2023-09-20,88.05,https://cdn.cboe.com/api/global/us_indices/daily_prices/VVIX_History.csv,2026-10-02T14:42:11.510175+00:00
2023-09-21,94.44,https://cdn.cboe.com/api/global/us_indices/daily_prices/VVIX_History.csv,2026-10-02T14:42:11.510175+00:00
2023-09-22,90.54,https://cdn.cboe.com/api/global/us_indices/daily_prices/VVIX_History.csv,2026-10-02T14:42:11.510175+00:00
2023-09-25,91.74,https://cdn.cboe.com/api/global/us_indices/daily_prices/VVIX_History.csv,2026-10-02T14:42:11.510175+00:00
2023-09-26,103.04,https://cdn.cboe.com/api/global/us_indices/daily_prices/VVIX_History.csv,2026-10-02T14:42:11.510175+00:00
2023-09-27,97.09,https://cdn.cboe.com/api/global/us_indices/daily_prices/VVIX_History.csv,2026-10-02T14:42:11.510175+00:00
2023-09-28,93.72,https://cdn.cboe.com/api/global/us_indices/daily_prices/VVIX_History.csv,2026-10-02T14:42:11.510175+00:00
2023-09-29,94.1,https://cdn.cboe.com/api/global/us_indices/daily_prices/VVIX_History.csv,2026-10-02T14:42:11.510175+00:00
2023-10-02,95.39,https://cdn.cboe.com/api/global/us_indices/daily_prices/VVIX_History.csv,2026-10-02T14:42:11.510175+00:00
2023-10-03,104.39,https://cdn.cboe.com/api/global/us_indices/daily_prices/VVIX_History.csv,2026-10-02T14:42:11.510175+00:00
2023-10-04,95.58,https://cdn.cboe.com/api/global/us_indices/daily_prices/VVIX_History.csv,2026-10-02T14:42:11.510175+00:00
2023-10-05,95.59,https://cdn.cboe.com/api/global/us_indices/daily_prices/VVIX_History.csv,2026-10-02T14:42:11.510175+00:00
2023-10-06,91.16,https://cdn.cboe.com/api/global/us_indices/daily_prices/VVIX_History.csv,2026-10-02T14:42:11.510175+00:00
2023-10-09,92.03,https://cdn.cboe.com/api/global/us_indices/daily_prices/VVIX_History.csv,2026-10-02T14:42:11.510175+00:00
2023-10-10,90.1,https://cdn.cboe.com/api/global/us_indices/daily_prices/VVIX_History.csv,2026-10-02T14:42:11.510175+00:00
2023-10-11,90.57,https://cdn.cboe.com/api/global/us_indices/daily_prices/VVIX_History.csv,2026-10-02T14:42:11.510175+00:00
2023-10-12,91.87,https://cdn.cboe.com/api/global/us_indices/daily_prices/VVIX_History.csv,2026-10-02T14:42:11.510175+00:00
2023-10-13,108.1,https://cdn.cboe.com/api/global/us_indices/daily_prices/VVIX_History.csv,2026-10-02T14:42:11.510175+00:00
2023-10-16,95.69,https://cdn.cboe.com/api/global/us_indices/daily_prices/VVIX_History.csv,2026-10-02T14:42:11.510175+00:00
2023-10-17,95.8,https://cdn.cboe.com/api/global/us_indices/daily_prices/VVIX_History.csv,2026-10-02T14:42:11.510175+00:00
2023-10-18,105.89,https://cdn.cboe.com/api/global/us_indices/daily_prices/VVIX_History.csv,2026-10-02T14:42:11.510175+00:00
2023-10-19,116.47,https://cdn.cboe.com/api/global/us_indices/daily_prices/VVIX_History.csv,2026-10-02T14:42:11.510175+00:00
2023-10-20,115.43,https://cdn.cboe.com/api/global/us_indices/daily_prices/VVIX_History.csv,2026-10-02T14:42:11.510175+00:00
2023-10-23,109.0,https://cdn.cboe.com/api/global/us_indices/daily_prices/VVIX_History.csv,2026-10-02T14:42:11.510175+00:00
2023-10-24,98.54,https://cdn.cboe.com/api/global/us_indices/daily_prices/VVIX_History.csv,2026-10-02T14:42:11.510175+00:00
2023-10-25,102.92,https://cdn.cboe.com/api/global/us_indices/daily_prices/VVIX_History.csv,2026-10-02T14:42:11.510175+00:00
2023-10-26,101.97,https://cdn.cboe.com/api/global/us_indices/daily_prices/VVIX_History.csv,2026-10-02T14:42:11.510175+00:00
2023-10-27,102.04,https://cdn.cboe.com/api/global/us_indices/daily_prices/VVIX_History.csv,2026-10-02T14:42:11.510175+00:00
2023-10-30,95.23,https://cdn.cboe.com/api/global/us_indices/daily_prices/VVIX_History.csv,2026-10-02T14:42:11.510175+00:00
2023-10-31,87.94,https://cdn.cboe.com/api/global/us_indices/daily_prices/VVIX_History.csv,2026-10-02T14:42:11.510175+00:00
2023-11-01,85.08,https://cdn.cboe.com/api/global/us_indices/daily_prices/VVIX_History.csv,2026-10-02T14:42:11.510175+00:00
2023-11-02,83.24,https://cdn.cboe.com/api/global/us_indices/daily_prices/VVIX_History.csv,2026-10-02T14:42:11.510175+00:00
2023-11-03,82.83,https://cdn.cboe.com/api/global/us_indices/daily_prices/VVIX_History.csv,2026-10-02T14:42:11.510175+00:00
2023-11-06,84.33,https://cdn.cboe.com/api/global/us_indices/daily_prices/VVIX_History.csv,2026-10-02T14:42:11.510175+00:00
2023-11-07,83.43,https://cdn.cboe.com/api/global/us_indices/daily_prices/VVIX_History.csv,2026-10-02T14:42:11.510175+00:00
2023-11-08,85.04,https://cdn.cboe.com/api/global/us_indices/daily_prices/VVIX_History.csv,2026-10-02T14:42:11.510175+00:00
2023-11-09,88.74,https://cdn.cboe.com/api/global/us_indices/daily_prices/VVIX_History.csv,2026-10-02T14:42:11.510175+00:00
2023-11-10,85.66,https://cdn.cboe.com/api/global/us_indices/daily_prices/VVIX_History.csv,2026-10-02T14:42:11.510175+00:00
2023-11-13,85.51,https://cdn.cboe.com/api/global/us_indices/daily_prices/VVIX_History.csv,2026-10-02T14:42:11.510175+00:00
2023-11-14,83.77,https://cdn.cboe.com/api/global/us_indices/daily_prices/VVIX_History.csv,2026-10-02T14:42:11.510175+00:00
2023-11-15,84.91,https://cdn.cboe.com/api/global/us_indices/daily_prices/VVIX_History.csv,2026-10-02T14:42:11.510175+00:00
2023-11-16,83.23,https://cdn.cboe.com/api/global/us_indices/daily_prices/VVIX_History.csv,2026-10-02T14:42:11.510175+00:00
2023-11-17,81.83,https://cdn.cboe.com/api/global/us_indices/daily_prices/VVIX_History.csv,2026-10-02T14:42:11.510175+00:00
2023-11-20,81.81,https://cdn.cboe.com/api/global/us_indices/daily_prices/VVIX_History.csv,2026-10-02T14:42:11.510175+00:00
2023-11-21,81.77,https://cdn.cboe.com/api/global/us_indices/daily_prices/VVIX_History.csv,2026-10-02T14:42:11.510175+00:00
2023-11-22,83.38,https://cdn.cboe.com/api/global/us_indices/daily_prices/VVIX_History.csv,2026-10-02T14:42:11.510175+00:00
2023-11-24,83.0,https://cdn.cboe.com/api/global/us_indices/daily_prices/VVIX_History.csv,2026-10-02T14:42:11.510175+00:00
2023-11-27,85.15,https://cdn.cboe.com/api/global/us_indices/daily_prices/VVIX_History.csv,2026-10-02T14:42:11.510175+00:00
2023-11-28,85.14,https://cdn.cboe.com/api/global/us_indices/daily_prices/VVIX_History.csv,2026-10-02T14:42:11.510175+00:00
2023-11-29,87.79,https://cdn.cboe.com/api/global/us_indices/daily_prices/VVIX_History.csv,2026-10-02T14:42:11.510175+00:00
2023-11-30,86.71,https://cdn.cboe.com/api/global/us_indices/daily_prices/VVIX_History.csv,2026-10-02T14:42:11.510175+00:00
2023-12-01,85.9,https://cdn.cboe.com/api/global/us_indices/daily_prices/VVIX_History.csv,2026-10-02T14:42:11.510175+00:00
2023-12-04,87.76,https://cdn.cboe.com/api/global/us_indices/daily_prices/VVIX_History.csv,2026-10-02T14:42:11.510175+00:00
2023-12-05,85.76,https://cdn.cboe.com/api/global/us_indices/daily_prices/VVIX_History.csv,2026-10-02T14:42:11.510175+00:00
2023-12-06,86.85,https://cdn.cboe.com/api/global/us_indices/daily_prices/VVIX_History.csv,2026-10-02T14:42:11.510175+00:00
2023-12-07,86.0,https://cdn.cboe.com/api/global/us_indices/daily_prices/VVIX_History.csv,2026-10-02T14:42:11.510175+00:00
2023-12-08,81.11,https://cdn.cboe.com/api/global/us_indices/daily_prices/VVIX_History.csv,2026-10-02T14:42:11.510175+00:00
2023-12-11,82.35,https://cdn.cboe.com/api/global/us_indices/daily_prices/VVIX_History.csv,2026-10-02T14:42:11.510175+00:00
2023-12-12,83.54,https://cdn.cboe.com/api/global/us_indices/daily_prices/VVIX_History.csv,2026-10-02T14:42:11.510175+00:00
2023-12-13,80.83,https://cdn.cboe.com/api/global/us_indices/daily_prices/VVIX_History.csv,2026-10-02T14:42:11.510175+00:00
2023-12-14,80.83,https://cdn.cboe.com/api/global/us_indices/daily_prices/VVIX_History.csv,2026-10-02T14:42:11.510175+00:00
2023-12-15,88.04,https://cdn.cboe.com/api/global/us_indices/daily_prices/VVIX_History.csv,2026-10-02T14:42:11.510175+00:00
2023-12-18,88.67,https://cdn.cboe.com/api/global/us_indices/daily_prices/VVIX_History.csv,2026-10-02T14:42:11.510175+00:00
2023-12-19,88.77,https://cdn.cboe.com/api/global/us_indices/daily_prices/VVIX_History.csv,2026-10-02T14:42:11.510175+00:00
2023-12-20,92.18,https://cdn.cboe.com/api/global/us_indices/daily_prices/VVIX_History.csv,2026-10-02T14:42:11.510175+00:00
2023-12-21,89.85,https://cdn.cboe.com/api/global/us_indices/daily_prices/VVIX_History.csv,2026-10-02T14:42:11.510175+00:00
2023-12-22,88.62,https://cdn.cboe.com/api/global/us_indices/daily_prices/VVIX_History.csv,2026-10-02T14:42:11.510175+00:00
2023-12-26,88.87,https://cdn.cboe.com/api/global/us_indices/daily_prices/VVIX_History.csv,2026-10-02T14:42:11.510175+00:00
2023-12-27,86.22,https://cdn.cboe.com/api/global/us_indices/daily_prices/VVIX_History.csv,2026-10-02T14:42:11.510175+00:00
2023-12-28,86.69,https://cdn.cboe.com/api/global/us_indices/daily_prices/VVIX_History.csv,2026-10-02T14:42:11.510175+00:00
2023-12-29,86.96,https://cdn.cboe.com/api/global/us_indices/daily_prices/VVIX_History.csv,2026-10-02T14:42:11.510175+00:00
2024-01-02,88.09,https://cdn.cboe.com/api/global/us_indices/daily_prices/VVIX_History.csv,2026-10-02T14:42:11.510175+00:00
2024-01-03,89.65,https://cdn.cboe.com/api/global/us_indices/daily_prices/VVIX_History.csv,2026-10-02T14:42:11.510175+00:00
2024-01-04,87.59,https://cdn.cboe.com/api/global/us_indices/daily_prices/VVIX_History.csv,2026-10-02T14:42:11.510175+00:00
2024-01-05,82.87,https://cdn.cboe.com/api/global/us_indices/daily_prices/VVIX_History.csv,2026-10-02T14:42:11.510175+00:00
2024-01-08,81.26,https://cdn.cboe.com/api/global/us_indices/daily_prices/VVIX_History.csv,2026-10-02T14:42:11.510175+00:00
2024-01-09,78.59,https://cdn.cboe.com/api/global/us_indices/daily_prices/VVIX_History.csv,2026-10-02T14:42:11.510175+00:00
2024-01-10,77.09,https://cdn.cboe.com/api/global/us_indices/daily_prices/VVIX_History.csv,2026-10-02T14:42:11.510175+00:00
2024-01-11,75.54,https://cdn.cboe.com/api/global/us_indices/daily_prices/VVIX_History.csv,2026-10-02T14:42:11.510175+00:00
2024-01-12,86.07,https://cdn.cboe.com/api/global/us_indices/daily_prices/VVIX_History.csv,2026-10-02T14:42:11.510175+00:00
2024-01-16,89.59,https://cdn.cboe.com/api/global/us_indices/daily_prices/VVIX_History.csv,2026-10-02T14:42:11.510175+00:00
2024-01-17,91.36,https://cdn.cboe.com/api/global/us_indices/daily_prices/VVIX_History.csv,2026-10-02T14:42:11.510175+00:00
2024-01-18,86.34,https://cdn.cboe.com/api/global/us_indices/daily_prices/VVIX_History.csv,2026-10-02T14:42:11.510175+00:00
2024-01-19,81.95,https://cdn.cboe.com/api/global/us_indices/daily_prices/VVIX_History.csv,2026-10-02T14:42:11.510175+00:00
2024-01-22,79.17,https://cdn.cboe.com/api/global/us_indices/daily_prices/VVIX_History.csv,2026-10-02T14:42:11.510175+00:00
2024-01-23,76.67,https://cdn.cboe.com/api/global/us_indices/daily_prices/VVIX_History.csv,2026-10-02T14:42:11.510175+00:00
2024-01-24,80.94,https://cdn.cboe.com/api/global/us_indices/daily_prices/VVIX_History.csv,2026-10-02T14:42:11.510175+00:00
2024-01-25,81.39,https://cdn.cboe.com/api/global/us_indices/daily_prices/VVIX_History.csv,2026-10-02T14:42:11.510175+00:00
2024-01-26,82.2,https://cdn.cboe.com/api/global/us_indices/daily_prices/VVIX_History.csv,2026-10-02T14:42:11.510175+00:00
2024-01-29,83.4,https://cdn.cboe.com/api/global/us_indices/daily_prices/VVIX_History.csv,2026-10-02T14:42:11.510175+00:00
2024-01-30,82.24,https://cdn.cboe.com/api/global/us_indices/daily_prices/VVIX_History.csv,2026-10-02T14:42:11.510175+00:00
2024-01-31,87.56,https://cdn.cboe.com/api/global/us_indices/daily_prices/VVIX_History.csv,2026-10-02T14:42:11.510175+00:00
2024-02-01,84.83,https://cdn.cboe.com/api/global/us_indices/daily_prices/VVIX_History.csv,2026-10-02T14:42:11.510175+00:00
2024-02-02,83.31,https://cdn.cboe.com/api/global/us_indices/daily_prices/VVIX_History.csv,2026-10-02T14:42:11.510175+00:00
2024-02-05,79.58,https://cdn.cboe.com/api/global/us_indices/daily_prices/VVIX_History.csv,2026-10-02T14:42:11.510175+00:00
2024-02-06,76.97,https://cdn.cboe.com/api/global/us_indices/daily_prices/VVIX_History.csv,2026-10-02T14:42:11.510175+00:00
2024-02-07,80.54,https://cdn.cboe.com/api/global/us_indices/daily_prices/VVIX_History.csv,2026-10-02T14:42:11.510175+00:00
2024-02-08,83.07,https://cdn.cboe.com/api/global/us_indices/daily_prices/VVIX_History.csv,2026-10-02T14:42:11.510175+00:00
2024-02-09,81.94,https://cdn.cboe.com/api/global/us_indices/daily_prices/VVIX_History.csv,2026-10-02T14:42:11.510175+00:00
2024-02-12,84.63,https://cdn.cboe.com/api/global/us_indices/daily_prices/VVIX_History.csv,2026-10-02T14:42:11.510175+00:00
2024-02-13,93.19,https://cdn.cboe.com/api/global/us_indices/daily_prices/VVIX_History.csv,2026-10-02T14:42:11.510175+00:00
2024-02-14,83.17,https://cdn.cboe.com/api/global/us_indices/daily_prices/VVIX_History.csv,2026-10-02T14:42:11.510175+00:00
2024-02-15,82.4,https://cdn.cboe.com/api/global/us_indices/daily_prices/VVIX_History.csv,2026-10-02T14:42:11.510175+00:00
2024-02-16,82.63,https://cdn.cboe.com/api/global/us_indices/daily_prices/VVIX_History.csv,2026-10-02T14:42:11.510175+00:00
2024-02-20,86.1,https://cdn.cboe.com/api/global/us_indices/daily_prices/VVIX_History.csv,2026-10-02T14:42:11.510175+00:00
2024-02-21,84.66,https://cdn.cboe.com/api/global/us_indices/daily_prices/VVIX_History.csv,2026-10-02T14:42:11.510175+00:00
2024-02-22,80.88,https://cdn.cboe.com/api/global/us_indices/daily_prices/VVIX_History.csv,2026-10-02T14:42:11.510175+00:00
2024-02-23,78.86,https://cdn.cboe.com/api/global/us_indices/daily_prices/VVIX_History.csv,2026-10-02T14:42:11.510175+00:00
2024-02-26,80.5,https://cdn.cboe.com/api/global/us_indices/daily_prices/VVIX_History.csv,2026-10-02T14:42:11.510175+00:00
2024-02-27,78.54,https://cdn.cboe.com/api/global/us_indices/daily_prices/VVIX_History.csv,2026-10-02T14:42:11.510175+00:00
2024-02-28,80.36,https://cdn.cboe.com/api/global/us_indices/daily_prices/VVIX_History.csv,2026-10-02T14:42:11.510175+00:00
2024-02-29,77.45,https://cdn.cboe.com/api/global/us_indices/daily_prices/VVIX_History.csv,2026-10-02T14:42:11.510175+00:00
2024-03-01,77.68,https://cdn.cboe.com/api/global/us_indices/daily_prices/VVIX_History.csv,2026-10-02T14:42:11.510175+00:00
2024-03-04,79.41,https://cdn.cboe.com/api/global/us_indices/daily_prices/VVIX_History.csv,2026-10-02T14:42:11.510175+00:00
2024-03-05,83.91,https://cdn.cboe.com/api/global/us_indices/daily_prices/VVIX_History.csv,2026-10-02T14:42:11.510175+00:00
2024-03-06,83.11,https://cdn.cboe.com/api/global/us_indices/daily_prices/VVIX_History.csv,2026-10-02T14:42:11.510175+00:00
2024-03-07,82.13,https://cdn.cboe.com/api/global/us_indices/daily_prices/VVIX_History.csv,2026-10-02T14:42:11.510175+00:00
2024-03-08,86.56,https://cdn.cboe.com/api/global/us_indices/daily_prices/VVIX_History.csv,2026-10-02T14:42:11.510175+00:00
2024-03-11,88.97,https://cdn.cboe.com/api/global/us_indices/daily_prices/VVIX_History.csv,2026-10-02T14:42:11.510175+00:00
2024-03-12,83.76,https://cdn.cboe.com/api/global/us_indices/daily_prices/VVIX_History.csv,2026-10-02T14:42:11.510175+00:00
2024-03-13,86.27,https://cdn.cboe.com/api/global/us_indices/daily_prices/VVIX_History.csv,2026-10-02T14:42:11.510175+00:00
2024-03-14,88.75,https://cdn.cboe.com/api/global/us_indices/daily_prices/VVIX_History.csv,2026-10-02T14:42:11.510175+00:00
2024-03-15,92.17,https://cdn.cboe.com/api/global/us_indices/daily_prices/VVIX_History.csv,2026-10-02T14:42:11.510175+00:00
2024-03-18,86.78,https://cdn.cboe.com/api/global/us_indices/daily_prices/VVIX_History.csv,2026-10-02T14:42:11.510175+00:00
2024-03-19,83.9,https://cdn.cboe.com/api/global/us_indices/daily_prices/VVIX_History.csv,2026-10-02T14:42:11.510175+00:00
2024-03-20,78.87,https://cdn.cboe.com/api/global/us_indices/daily_prices/VVIX_History.csv,2026-10-02T14:42:11.510175+00:00
2024-03-21,77.3,https://cdn.cboe.com/api/global/us_indices/daily_prices/VVIX_History.csv,2026-10-02T14:42:11.510175+00:00
2024-03-22,76.49,https://cdn.cboe.com/api/global/us_indices/daily_prices/VVIX_History.csv,2026-10-02T14:42:11.510175+00:00
2024-03-25,76.6,https://cdn.cboe.com/api/global/us_indices/daily_prices/VVIX_History.csv,2026-10-02T14:42:11.510175+00:00
2024-03-26,76.77,https://cdn.cboe.com/api/global/us_indices/daily_prices/VVIX_History.csv,2026-10-02T14:42:11.510175+00:00
2024-03-27,76.0,https://cdn.cboe.com/api/global/us_indices/daily_prices/VVIX_History.csv,2026-10-02T14:42:11.510175+00:00
2024-03-28,76.57,https://cdn.cboe.com/api/global/us_indices/daily_prices/VVIX_History.csv,2026-10-02T14:42:11.510175+00:00
2024-04-01,78.45,https://cdn.cboe.com/api/global/us_indices/daily_prices/VVIX_History.csv,2026-10-02T14:42:11.510175+00:00
2024-04-02,82.76,https://cdn.cboe.com/api/global/us_indices/daily_prices/VVIX_History.csv,2026-10-02T14:42:11.510175+00:00
2024-04-03,81.08,https://cdn.cboe.com/api/global/us_indices/daily_prices/VVIX_History.csv,2026-10-02T14:42:11.510175+00:00
2024-04-04,90.04,https://cdn.cboe.com/api/global/us_indices/daily_prices/VVIX_History.csv,2026-10-02T14:42:11.510175+00:00
2024-04-05,90.58,https://cdn.cboe.com/api/global/us_indices/daily_prices/VVIX_History.csv,2026-10-02T14:42:11.510175+00:00
2024-04-08,86.26,https://cdn.cboe.com/api/global/us_indices/daily_prices/VVIX_History.csv,2026-10-02T14:42:11.510175+00:00
2024-04-09,84.45,https://cdn.cboe.com/api/global/us_indices/daily_prices/VVIX_History.csv,2026-10-02T14:42:11.510175+00:00
2024-04-10,91.76,https://cdn.cboe.com/api/global/us_indices/daily_prices/VVIX_History.csv,2026-10-02T14:42:11.510175+00:00
2024-04-11,89.4,https://cdn.cboe.com/api/global/us_indices/daily_prices/VVIX_History.csv,2026-10-02T14:42:11.510175+00:00
2024-04-12,102.72,https://cdn.cboe.com/api/global/us_indices/daily_prices/VVIX_History.csv,2026-10-02T14:42:11.510175+00:00
2024-04-15,109.64,https://cdn.cboe.com/api/global/us_indices/daily_prices/VVIX_History.csv,2026-10-02T14:42:11.510175+00:00
2024-04-16,99.25,https://cdn.cboe.com/api/global/us_indices/daily_prices/VVIX_History.csv,2026-10-02T14:42:11.510175+00:00
2024-04-17,98.76,https://cdn.cboe.com/api/global/us_indices/daily_prices/VVIX_History.csv,2026-10-02T14:42:11.510175+00:00
2024-04-18,95.99,https://cdn.cboe.com/api/global/us_indices/daily_prices/VVIX_History.csv,2026-10-02T14:42:11.510175+00:00
2024-04-19,99.09,https://cdn.cboe.com/api/global/us_indices/daily_prices/VVIX_History.csv,2026-10-02T14:42:11.510175+00:00
2024-04-22,89.54,https://cdn.cboe.com/api/global/us_indices/daily_prices/VVIX_History.csv,2026-10-02T14:42:11.510175+00:00
2024-04-23,82.36,https://cdn.cboe.com/api/global/us_indices/daily_prices/VVIX_History.csv,2026-10-02T14:42:11.510175+00:00
2024-04-24,83.61,https://cdn.cboe.com/api/global/us_indices/daily_prices/VVIX_History.csv,2026-10-02T14:42:11.510175+00:00
2024-04-25,82.54,https://cdn.cboe.com/api/global/us_indices/daily_prices/VVIX_History.csv,2026-10-02T14:42:11.510175+00:00
2024-04-26,79.56,https://cdn.cboe.com/api/global/us_indices/daily_prices/VVIX_History.csv,2026-10-02T14:42:11.510175+00:00
2024-04-29,78.22,https://cdn.cboe.com/api/global/us_indices/daily_prices/VVIX_History.csv,2026-10-02T14:42:11.510175+00:00
2024-04-30,81.82,https://cdn.cboe.com/api/global/us_indices/daily_prices/VVIX_History.csv,2026-10-02T14:42:11.510175+00:00
2024-05-01,81.93,https://cdn.cboe.com/api/global/us_indices/daily_prices/VVIX_History.csv,2026-10-02T14:42:11.510175+00:00
2024-05-02,78.59,https://cdn.cboe.com/api/global/us_indices/daily_prices/VVIX_History.csv,2026-10-02T14:42:11.510175+00:00
2024-05-03,74.57,https://cdn.cboe.com/api/global/us_indices/daily_prices/VVIX_History.csv,2026-10-02T14:42:11.510175+00:00
2024-05-06,73.46,https://cdn.cboe.com/api/global/us_indices/daily_prices/VVIX_History.csv,2026-10-02T14:42:11.510175+00:00
2024-05-07,74.54,https://cdn.cboe.com/api/global/us_indices/daily_prices/VVIX_History.csv,2026-10-02T14:42:11.510175+00:00
2024-05-08,74.5,https://cdn.cboe.com/api/global/us_indices/daily_prices/VVIX_History.csv,2026-10-02T14:42:11.510175+00:00
2024-05-09,73.77,https://cdn.cboe.com/api/global/us_indices/daily_prices/VVIX_History.csv,2026-10-02T14:42:11.510175+00:00
2024-05-10,73.26,https://cdn.cboe.com/api/global/us_indices/daily_prices/VVIX_History.csv,2026-10-02T14:42:11.510175+00:00
2024-05-13,77.55,https://cdn.cboe.com/api/global/us_indices/daily_prices/VVIX_History.csv,2026-10-02T14:42:11.510175+00:00
2024-05-14,77.65,https://cdn.cboe.com/api/global/us_indices/daily_prices/VVIX_History.csv,2026-10-02T14:42:11.510175+00:00
2024-05-15,76.31,https://cdn.cboe.com/api/global/us_indices/daily_prices/VVIX_History.csv,2026-10-02T14:42:11.510175+00:00
2024-05-16,77.74,https://cdn.cboe.com/api/global/us_indices/daily_prices/VVIX_History.csv,2026-10-02T14:42:11.510175+00:00
2024-05-17,78.43,https://cdn.cboe.com/api/global/us_indices/daily_prices/VVIX_History.csv,2026-10-02T14:42:11.510175+00:00
2024-05-20,79.45,https://cdn.cboe.com/api/global/us_indices/daily_prices/VVIX_History.csv,2026-10-02T14:42:11.510175+00:00
2024-05-21,77.62,https://cdn.cboe.com/api/global/us_indices/daily_prices/VVIX_History.csv,2026-10-02T14:42:11.510175+00:00
2024-05-22,79.96,https://cdn.cboe.com/api/global/us_indices/daily_prices/VVIX_History.csv,2026-10-02T14:42:11.510175+00:00
2024-05-23,84.62,https://cdn.cboe.com/api/global/us_indices/daily_prices/VVIX_History.csv,2026-10-02T14:42:11.510175+00:00
2024-05-24,79.09,https://cdn.cboe.com/api/global/us_indices/daily_prices/VVIX_History.csv,2026-10-02T14:42:11.510175+00:00
2024-05-28,81.64,https://cdn.cboe.com/api/global/us_indices/daily_prices/VVIX_History.csv,2026-10-02T14:42:11.510175+00:00
2024-05-29,83.79,https://cdn.cboe.com/api/global/us_indices/daily_prices/VVIX_History.csv,2026-10-02T14:42:11.510175+00:00
2024-05-30,83.44,https://cdn.cboe.com/api/global/us_indices/daily_prices/VVIX_History.csv,2026-10-02T14:42:11.510175+00:00
2024-05-31,78.27,https://cdn.cboe.com/api/global/us_indices/daily_prices/VVIX_History.csv,2026-10-02T14:42:11.510175+00:00
2024-06-03,78.79,https://cdn.cboe.com/api/global/us_indices/daily_prices/VVIX_History.csv,2026-10-02T14:42:11.510175+00:00
2024-06-04,77.65,https://cdn.cboe.com/api/global/us_indices/daily_prices/VVIX_History.csv,2026-10-02T14:42:11.510175+00:00
2024-06-05,75.24,https://cdn.cboe.com/api/global/us_indices/daily_prices/VVIX_History.csv,2026-10-02T14:42:11.510175+00:00
2024-06-06,77.91,https://cdn.cboe.com/api/global/us_indices/daily_prices/VVIX_History.csv,2026-10-02T14:42:11.510175+00:00
2024-06-07,76.65,https://cdn.cboe.com/api/global/us_indices/daily_prices/VVIX_History.csv,2026-10-02T14:42:11.510175+00:00
2024-06-10,78.97,https://cdn.cboe.com/api/global/us_indices/daily_prices/VVIX_History.csv,2026-10-02T14:42:11.510175+00:00
2024-06-11,79.95,https://cdn.cboe.com/api/global/us_indices/daily_prices/VVIX_History.csv,2026-10-02T14:42:11.510175+00:00
2024-06-12,77.6,https://cdn.cboe.com/api/global/us_indices/daily_prices/VVIX_History.csv,2026-10-02T14:42:11.510175+00:00
2024-06-13,78.2,https://cdn.cboe.com/api/global/us_indices/daily_prices/VVIX_History.csv,2026-10-02T14:42:11.510175+00:00
2024-06-14,83.72,https://cdn.cboe.com/api/global/us_indices/daily_prices/VVIX_History.csv,2026-10-02T14:42:11.510175+00:00
2024-06-17,83.34,https://cdn.cboe.com/api/global/us_indices/daily_prices/VVIX_History.csv,2026-10-02T14:42:11.510175+00:00
2024-06-18,80.63,https://cdn.cboe.com/api/global/us_indices/daily_prices/VVIX_History.csv,2026-10-02T14:42:11.510175+00:00
2024-06-20,85.72,https://cdn.cboe.com/api/global/us_indices/daily_prices/VVIX_History.csv,2026-10-02T14:42:11.510175+00:00
2024-06-21,83.31,https://cdn.cboe.com/api/global/us_indices/daily_prices/VVIX_History.csv,2026-10-02T14:42:11.510175+00:00
2024-06-24,84.8,https://cdn.cboe.com/api/global/us_indices/daily_prices/VVIX_History.csv,2026-10-02T14:42:11.510175+00:00
2024-06-25,82.87,https://cdn.cboe.com/api/global/us_indices/daily_prices/VVIX_History.csv,2026-10-02T14:42:11.510175+00:00
2024-06-26,81.45,https://cdn.cboe.com/api/global/us_indices/daily_prices/VVIX_History.csv,2026-10-02T14:42:11.510175+00:00
2024-06-27,79.5,https://cdn.cboe.com/api/global/us_indices/daily_prices/VVIX_History.csv,2026-10-02T14:42:11.510175+00:00
2024-06-28,79.48,https://cdn.cboe.com/api/global/us_indices/daily_prices/VVIX_History.csv,2026-10-02T14:42:11.510175+00:00
2024-07-01,76.05,https://cdn.cboe.com/api/global/us_indices/daily_prices/VVIX_History.csv,2026-10-02T14:42:11.510175+00:00
2024-07-02,77.06,https://cdn.cboe.com/api/global/us_indices/daily_prices/VVIX_History.csv,2026-10-02T14:42:11.510175+00:00
2024-07-03,78.07,https://cdn.cboe.com/api/global/us_indices/daily_prices/VVIX_History.csv,2026-10-02T14:42:11.510175+00:00
2024-07-05,78.8,https://cdn.cboe.com/api/global/us_indices/daily_prices/VVIX_History.csv,2026-10-02T14:42:11.510175+00:00
2024-07-08,78.59,https://cdn.cboe.com/api/global/us_indices/daily_prices/VVIX_History.csv,2026-10-02T14:42:11.510175+00:00
2024-07-09,78.58,https://cdn.cboe.com/api/global/us_indices/daily_prices/VVIX_History.csv,2026-10-02T14:42:11.510175+00:00
2024-07-10,83.41,https://cdn.cboe.com/api/global/us_indices/daily_prices/VVIX_History.csv,2026-10-02T14:42:11.510175+00:00
2024-07-11,84.47,https://cdn.cboe.com/api/global/us_indices/daily_prices/VVIX_History.csv,2026-10-02T14:42:11.510175+00:00
2024-07-12,81.61,https://cdn.cboe.com/api/global/us_indices/daily_prices/VVIX_History.csv,2026-10-02T14:42:11.510175+00:00
2024-07-15,83.86,https://cdn.cboe.com/api/global/us_indices/daily_prices/VVIX_History.csv,2026-10-02T14:42:11.510175+00:00
2024-07-16,82.4,https://cdn.cboe.com/api/global/us_indices/daily_prices/VVIX_History.csv,2026-10-02T14:42:11.510175+00:00
2024-07-17,88.28,https://cdn.cboe.com/api/global/us_indices/daily_prices/VVIX_History.csv,2026-10-02T14:42:11.510175+00:00
2024-07-18,94.71,https://cdn.cboe.com/api/global/us_indices/daily_prices/VVIX_History.csv,2026-10-02T14:42:11.510175+00:00
2024-07-19,97.93,https://cdn.cboe.com/api/global/us_indices/daily_prices/VVIX_History.csv,2026-10-02T14:42:11.510175+00:00
2024-07-22,93.66,https://cdn.cboe.com/api/global/us_indices/daily_prices/VVIX_History.csv,2026-10-02T14:42:11.510175+00:00
2024-07-23,88.51,https://cdn.cboe.com/api/global/us_indices/daily_prices/VVIX_History.csv,2026-10-02T14:42:11.510175+00:00
2024-07-24,106.12,https://cdn.cboe.com/api/global/us_indices/daily_prices/VVIX_History.csv,2026-10-02T14:42:11.510175+00:00
2024-07-25,104.38,https://cdn.cboe.com/api/global/us_indices/daily_prices/VVIX_History.csv,2026-10-02T14:42:11.510175+00:00
2024-07-26,94.61,https://cdn.cboe.com/api/global/us_indices/daily_prices/VVIX_History.csv,2026-10-02T14:42:11.510175+00:00
2024-07-29,93.51,https://cdn.cboe.com/api/global/us_indices/daily_prices/VVIX_History.csv,2026-10-02T14:42:11.510175+00:00
2024-07-30,99.97,https://cdn.cboe.com/api/global/us_indices/daily_prices/VVIX_History.csv,2026-10-02T14:42:11.510175+00:00
2024-07-31,94.25,https://cdn.cboe.com/api/global/us_indices/daily_prices/VVIX_History.csv,2026-10-02T14:42:11.510175+00:00
2024-08-01,111.18,https://cdn.cboe.com/api/global/us_indices/daily_prices/VVIX_History.csv,2026-10-02T14:42:11.510175+00:00
2024-08-02,136.81,https://cdn.cboe.com/api/global/us_indices/daily_prices/VVIX_History.csv,2026-10-02T14:42:11.510175+00:00
2024-08-05,173.32,https://cdn.cboe.com/api/global/us_indices/daily_prices/VVIX_History.csv,2026-10-02T14:42:11.510175+00:00
2024-08-06,150.09,https://cdn.cboe.com/api/global/us_indices/daily_prices/VVIX_History.csv,2026-10-02T14:42:11.510175+00:00
2024-08-07,151.24,https://cdn.cboe.com/api/global/us_indices/daily_prices/VVIX_History.csv,2026-10-02T14:42:11.510175+00:00
2024-08-08,134.34,https://cdn.cboe.com/api/global/us_indices/daily_prices/VVIX_History.csv,2026-10-02T14:42:11.510175+00:00
2024-08-09,114.63,https://cdn.cboe.com/api/global/us_indices/daily_prices/VVIX_History.csv,2026-10-02T14:42:11.510175+00:00
2024-08-12,121.94,https://cdn.cboe.com/api/global/us_indices/daily_prices/VVIX_History.csv,2026-10-02T14:42:11.510175+00:00
2024-08-13,113.89,https://cdn.cboe.com/api/global/us_indices/daily_prices/VVIX_History.csv,2026-10-02T14:42:11.510175+00:00
2024-08-14,107.81,https://cdn.cboe.com/api/global/us_indices/daily_prices/VVIX_History.csv,2026-10-02T14:42:11.510175+00:00
2024-08-15,105.42,https://cdn.cboe.com/api/global/us_indices/daily_prices/VVIX_History.csv,2026-10-02T14:42:11.510175+00:00
2024-08-16,103.42,https://cdn.cboe.com/api/global/us_indices/daily_prices/VVIX_History.csv,2026-10-02T14:42:11.510175+00:00
2024-08-19,98.82,https://cdn.cboe.com/api/global/us_indices/daily_prices/VVIX_History.csv,2026-10-02T14:42:11.510175+00:00
2024-08-20,101.74,https://cdn.cboe.com/api/global/us_indices/daily_prices/VVIX_History.csv,2026-10-02T14:42:11.510175+00:00
2024-08-21,106.72,https://cdn.cboe.com/api/global/us_indices/daily_prices/VVIX_History.csv,2026-10-02T14:42:11.510175+00:00
2024-08-22,112.53,https://cdn.cboe.com/api/global/us_indices/daily_prices/VVIX_History.csv,2026-10-02T14:42:11.510175+00:00
2024-08-23,99.22,https://cdn.cboe.com/api/global/us_indices/daily_prices/VVIX_History.csv,2026-10-02T14:42:11.510175+00:00
2024-08-26,100.68,https://cdn.cboe.com/api/global/us_indices/daily_prices/VVIX_History.csv,2026-10-02T14:42:11.510175+00:00
2024-08-27,93.45,https://cdn.cboe.com/api/global/us_indices/daily_prices/VVIX_History.csv,2026-10-02T14:42:11.510175+00:00
2024-08-28,106.32,https://cdn.cboe.com/api/global/us_indices/daily_prices/VVIX_History.csv,2026-10-02T14:42:11.510175+00:00
2024-08-29,97.08,https://cdn.cboe.com/api/global/us_indices/daily_prices/VVIX_History.csv,2026-10-02T14:42:11.510175+00:00
2024-08-30,93.73,https://cdn.cboe.com/api/global/us_indices/daily_prices/VVIX_History.csv,2026-10-02T14:42:11.510175+00:00
2024-09-03,129.79,https://cdn.cboe.com/api/global/us_indices/daily_prices/VVIX_History.csv,2026-10-02T14:42:11.510175+00:00
2024-09-04,123.47,https://cdn.cboe.com/api/global/us_indices/daily_prices/VVIX_History.csv,2026-10-02T14:42:11.510175+00:00
2024-09-05,115.01,https://cdn.cboe.com/api/global/us_indices/daily_prices/VVIX_History.csv,2026-10-02T14:42:11.510175+00:00
2024-09-06,119.33,https://cdn.cboe.com/api/global/us_indices/daily_prices/VVIX_History.csv,2026-10-02T14:42:11.510175+00:00
2024-09-09,110.85,https://cdn.cboe.com/api/global/us_indices/daily_prices/VVIX_History.csv,2026-10-02T14:42:11.510175+00:00
2024-09-10,107.2,https://cdn.cboe.com/api/global/us_indices/daily_prices/VVIX_History.csv,2026-10-02T14:42:11.510175+00:00
2024-09-11,102.9,https://cdn.cboe.com/api/global/us_indices/daily_prices/VVIX_History.csv,2026-10-02T14:42:11.510175+00:00
2024-09-12,103.94,https://cdn.cboe.com/api/global/us_indices/daily_prices/VVIX_History.csv,2026-10-02T14:42:11.510175+00:00
2024-09-13,101.88,https://cdn.cboe.com/api/global/us_indices/daily_prices/VVIX_History.csv,2026-10-02T14:42:11.510175+00:00
2024-09-16,106.67,https://cdn.cboe.com/api/global/us_indices/daily_prices/VVIX_History.csv,2026-10-02T14:42:11.510175+00:00
2024-09-17,107.19,https://cdn.cboe.com/api/global/us_indices/daily_prices/VVIX_History.csv,2026-10-02T14:42:11.510175+00:00
2024-09-18,105.43,https://cdn.cboe.com/api/global/us_indices/daily_prices/VVIX_History.csv,2026-10-02T14:42:11.510175+00:00
2024-09-19,97.46,https://cdn.cboe.com/api/global/us_indices/daily_prices/VVIX_History.csv,2026-10-02T14:42:11.510175+00:00
2024-09-20,94.27,https://cdn.cboe.com/api/global/us_indices/daily_prices/VVIX_History.csv,2026-10-02T14:42:11.510175+00:00
2024-09-23,94.41,https://cdn.cboe.com/api/global/us_indices/daily_prices/VVIX_History.csv,2026-10-02T14:42:11.510175+00:00
2024-09-24,90.93,https://cdn.cboe.com/api/global/us_indices/daily_prices/VVIX_History.csv,2026-10-02T14:42:11.510175+00:00
2024-09-25,90.48,https://cdn.cboe.com/api/global/us_indices/daily_prices/VVIX_History.csv,2026-10-02T14:42:11.510175+00:00
2024-09-26,89.86,https://cdn.cboe.com/api/global/us_indices/daily_prices/VVIX_History.csv,2026-10-02T14:42:11.510175+00:00
2024-09-27,101.34,https://cdn.cboe.com/api/global/us_indices/daily_prices/VVIX_History.csv,2026-10-02T14:42:11.510175+00:00
2024-09-30,99.34,https://cdn.cboe.com/api/global/us_indices/daily_prices/VVIX_History.csv,2026-10-02T14:42:11.510175+00:00
2024-10-01,110.14,https://cdn.cboe.com/api/global/us_indices/daily_prices/VVIX_History.csv,2026-10-02T14:42:11.510175+00:00
2024-10-02,107.97,https://cdn.cboe.com/api/global/us_indices/daily_prices/VVIX_History.csv,2026-10-02T14:42:11.510175+00:00
2024-10-03,115.64,https://cdn.cboe.com/api/global/us_indices/daily_prices/VVIX_History.csv,2026-10-02T14:42:11.510175+00:00
2024-10-04,110.63,https://cdn.cboe.com/api/global/us_indices/daily_prices/VVIX_History.csv,2026-10-02T14:42:11.510175+00:00
2024-10-07,122.58,https://cdn.cboe.com/api/global/us_indices/daily_prices/VVIX_History.csv,2026-10-02T14:42:11.510175+00:00
2024-10-08,114.82,https://cdn.cboe.com/api/global/us_indices/daily_prices/VVIX_History.csv,2026-10-02T14:42:11.510175+00:00
2024-10-09,119.36,https://cdn.cboe.com/api/global/us_indices/daily_prices/VVIX_History.csv,2026-10-02T14:42:11.510175+00:00
2024-10-10,117.43,https://cdn.cboe.com/api/global/us_indices/daily_prices/VVIX_History.csv,2026-10-02T14:42:11.510175+00:00
2024-10-11,113.99,https://cdn.cboe.com/api/global/us_indices/daily_prices/VVIX_History.csv,2026-10-02T14:42:11.510175+00:00
2024-10-14,107.22,https://cdn.cboe.com/api/global/us_indices/daily_prices/VVIX_History.csv,2026-10-02T14:42:11.510175+00:00
2024-10-15,112.9,https://cdn.cboe.com/api/global/us_indices/daily_prices/VVIX_History.csv,2026-10-02T14:42:11.510175+00:00
2024-10-16,111.62,https://cdn.cboe.com/api/global/us_indices/daily_prices/VVIX_History.csv,2026-10-02T14:42:11.510175+00:00
2024-10-17,105.89,https://cdn.cboe.com/api/global/us_indices/daily_prices/VVIX_History.csv,2026-10-02T14:42:11.510175+00:00
2024-10-18,100.95,https://cdn.cboe.com/api/global/us_indices/daily_prices/VVIX_History.csv,2026-10-02T14:42:11.510175+00:00
2024-10-21,102.96,https://cdn.cboe.com/api/global/us_indices/daily_prices/VVIX_History.csv,2026-10-02T14:42:11.510175+00:00
2024-10-22,100.5,https://cdn.cboe.com/api/global/us_indices/daily_prices/VVIX_History.csv,2026-10-02T14:42:11.510175+00:00
2024-10-23,108.11,https://cdn.cboe.com/api/global/us_indices/daily_prices/VVIX_History.csv,2026-10-02T14:42:11.510175+00:00
2024-10-24,109.84,https://cdn.cboe.com/api/global/us_indices/daily_prices/VVIX_History.csv,2026-10-02T14:42:11.510175+00:00
2024-10-25,117.5,https://cdn.cboe.com/api/global/us_indices/daily_prices/VVIX_History.csv,2026-10-02T14:42:11.510175+00:00
2024-10-28,112.23,https://cdn.cboe.com/api/global/us_indices/daily_prices/VVIX_History.csv,2026-10-02T14:42:11.510175+00:00
2024-10-29,108.7,https://cdn.cboe.com/api/global/us_indices/daily_prices/VVIX_History.csv,2026-10-02T14:42:11.510175+00:00
2024-10-30,112.77,https://cdn.cboe.com/api/global/us_indices/daily_prices/VVIX_History.csv,2026-10-02T14:42:11.510175+00:00
2024-10-31,121.89,https://cdn.cboe.com/api/global/us_indices/daily_prices/VVIX_History.csv,2026-10-02T14:42:11.510175+00:00
2024-11-01,119.12,https://cdn.cboe.com/api/global/us_indices/daily_prices/VVIX_History.csv,2026-10-02T14:42:11.510175+00:00
2024-11-04,121.8,https://cdn.cboe.com/api/global/us_indices/daily_prices/VVIX_History.csv,2026-10-02T14:42:11.510175+00:00
2024-11-05,114.32,https://cdn.cboe.com/api/global/us_indices/daily_prices/VVIX_History.csv,2026-10-02T14:42:11.510175+00:00
2024-11-06,97.24,https://cdn.cboe.com/api/global/us_indices/daily_prices/VVIX_History.csv,2026-10-02T14:42:11.510175+00:00
2024-11-07,88.6,https://cdn.cboe.com/api/global/us_indices/daily_prices/VVIX_History.csv,2026-10-02T14:42:11.510175+00:00
2024-11-08,87.76,https://cdn.cboe.com/api/global/us_indices/daily_prices/VVIX_History.csv,2026-10-02T14:42:11.510175+00:00
2024-11-11,90.73,https://cdn.cboe.com/api/global/us_indices/daily_prices/VVIX_History.csv,2026-10-02T14:42:11.510175+00:00
2024-11-12,89.45,https://cdn.cboe.com/api/global/us_indices/daily_prices/VVIX_History.csv,2026-10-02T14:42:11.510175+00:00
2024-11-13,91.76,https://cdn.cboe.com/api/global/us_indices/daily_prices/VVIX_History.csv,2026-10-02T14:42:11.510175+00:00
2024-11-14,90.43,https://cdn.cboe.com/api/global/us_indices/daily_prices/VVIX_History.csv,2026-10-02T14:42:11.510175+00:00
2024-11-15,98.93,https://cdn.cboe.com/api/global/us_indices/daily_prices/VVIX_History.csv,2026-10-02T14:42:11.510175+00:00
2024-11-18,93.81,https://cdn.cboe.com/api/global/us_indices/daily_prices/VVIX_History.csv,2026-10-02T14:42:11.510175+00:00
2024-11-19,97.37,https://cdn.cboe.com/api/global/us_indices/daily_prices/VVIX_History.csv,2026-10-02T14:42:11.510175+00:00
2024-11-20,102.2,https://cdn.cboe.com/api/global/us_indices/daily_prices/VVIX_History.csv,2026-10-02T14:42:11.510175+00:00
2024-11-21,101.3,https://cdn.cboe.com/api/global/us_indices/daily_prices/VVIX_History.csv,2026-10-02T14:42:11.510175+00:00
2024-11-22,95.13,https://cdn.cboe.com/api/global/us_indices/daily_prices/VVIX_History.csv,2026-10-02T14:42:11.510175+00:00
2024-11-25,88.79,https://cdn.cboe.com/api/global/us_indices/daily_prices/VVIX_History.csv,2026-10-02T14:42:11.510175+00:00
2024-11-26,87.71,https://cdn.cboe.com/api/global/us_indices/daily_prices/VVIX_History.csv,2026-10-02T14:42:11.510175+00:00
2024-11-27,88.36,https://cdn.cboe.com/api/global/us_indices/daily_prices/VVIX_History.csv,2026-10-02T14:42:11.510175+00:00
2024-11-29,86.32,https://cdn.cboe.com/api/global/us_indices/daily_prices/VVIX_History.csv,2026-10-02T14:42:11.510175+00:00
2024-12-02,87.11,https://cdn.cboe.com/api/global/us_indices/daily_prices/VVIX_History.csv,2026-10-02T14:42:11.510175+00:00
2024-12-03,86.43,https://cdn.cboe.com/api/global/us_indices/daily_prices/VVIX_History.csv,2026-10-02T14:42:11.510175+00:00
2024-12-04,86.48,https://cdn.cboe.com/api/global/us_indices/daily_prices/VVIX_History.csv,2026-10-02T14:42:11.510175+00:00
2024-12-05,86.95,https://cdn.cboe.com/api/global/us_indices/daily_prices/VVIX_History.csv,2026-10-02T14:42:11.510175+00:00
2024-12-06,87.38,https://cdn.cboe.com/api/global/us_indices/daily_prices/VVIX_History.csv,2026-10-02T14:42:11.510175+00:00
2024-12-09,93.84,https://cdn.cboe.com/api/global/us_indices/daily_prices/VVIX_History.csv,2026-10-02T14:42:11.510175+00:00
2024-12-10,94.35,https://cdn.cboe.com/api/global/us_indices/daily_prices/VVIX_History.csv,2026-10-02T14:42:11.510175+00:00
2024-12-11,98.12,https://cdn.cboe.com/api/global/us_indices/daily_prices/VVIX_History.csv,2026-10-02T14:42:11.510175+00:00
2024-12-12,99.43,https://cdn.cboe.com/api/global/us_indices/daily_prices/VVIX_History.csv,2026-10-02T14:42:11.510175+00:00
2024-12-13,96.5,https://cdn.cboe.com/api/global/us_indices/daily_prices/VVIX_History.csv,2026-10-02T14:42:11.510175+00:00
2024-12-16,98.35,https://cdn.cboe.com/api/global/us_indices/daily_prices/VVIX_History.csv,2026-10-02T14:42:11.510175+00:00
2024-12-17,100.73,https://cdn.cboe.com/api/global/us_indices/daily_prices/VVIX_History.csv,2026-10-02T14:42:11.510175+00:00
2024-12-18,129.79,https://cdn.cboe.com/api/global/us_indices/daily_prices/VVIX_History.csv,2026-10-02T14:42:11.510175+00:00
2024-12-19,136.29,https://cdn.cboe.com/api/global/us_indices/daily_prices/VVIX_History.csv,2026-10-02T14:42:11.510175+00:00
2024-12-20,114.01,https://cdn.cboe.com/api/global/us_indices/daily_prices/VVIX_History.csv,2026-10-02T14:42:11.510175+00:00
2024-12-23,102.34,https://cdn.cboe.com/api/global/us_indices/daily_prices/VVIX_History.csv,2026-10-02T14:42:11.510175+00:00
2024-12-24,91.05,https://cdn.cboe.com/api/global/us_indices/daily_prices/VVIX_History.csv,2026-10-02T14:42:11.510175+00:00
2024-12-26,92.77,https://cdn.cboe.com/api/global/us_indices/daily_prices/VVIX_History.csv,2026-10-02T14:42:11.510175+00:00
2024-12-27,98.81,https://cdn.cboe.com/api/global/us_indices/daily_prices/VVIX_History.csv,2026-10-02T14:42:11.510175+00:00
2024-12-30,103.05,https://cdn.cboe.com/api/global/us_indices/daily_prices/VVIX_History.csv,2026-10-02T14:42:11.510175+00:00
2024-12-31,104.33,https://cdn.cboe.com/api/global/us_indices/daily_prices/VVIX_History.csv,2026-10-02T14:42:11.510175+00:00
2025-01-02,106.59,https://cdn.cboe.com/api/global/us_indices/daily_prices/VVIX_History.csv,2026-10-02T14:42:11.510175+00:00
2025-01-03,94.36,https://cdn.cboe.com/api/global/us_indices/daily_prices/VVIX_History.csv,2026-10-02T14:42:11.510175+00:00
2025-01-06,95.89,https://cdn.cboe.com/api/global/us_indices/daily_prices/VVIX_History.csv,2026-10-02T14:42:11.510175+00:00
2025-01-07,106.37,https://cdn.cboe.com/api/global/us_indices/daily_prices/VVIX_History.csv,2026-10-02T14:42:11.510175+00:00
2025-01-08,103.93,https://cdn.cboe.com/api/global/us_indices/daily_prices/VVIX_History.csv,2026-10-02T14:42:11.510175+00:00
2025-01-10,115.49,https://cdn.cboe.com/api/global/us_indices/daily_prices/VVIX_History.csv,2026-10-02T14:42:11.510175+00:00
2025-01-13,110.94,https://cdn.cboe.com/api/global/us_indices/daily_prices/VVIX_History.csv,2026-10-02T14:42:11.510175+00:00
2025-01-14,107.93,https://cdn.cboe.com/api/global/us_indices/daily_prices/VVIX_History.csv,2026-10-02T14:42:11.510175+00:00
2025-01-15,97.79,https://cdn.cboe.com/api/global/us_indices/daily_prices/VVIX_History.csv,2026-10-02T14:42:11.510175+00:00
2025-01-16,99.84,https://cdn.cboe.com/api/global/us_indices/daily_prices/VVIX_History.csv,2026-10-02T14:42:11.510175+00:00
2025-01-17,101.61,https://cdn.cboe.com/api/global/us_indices/daily_prices/VVIX_History.csv,2026-10-02T14:42:11.510175+00:00
2025-01-21,98.26,https://cdn.cboe.com/api/global/us_indices/daily_prices/VVIX_History.csv,2026-10-02T14:42:11.510175+00:00
2025-01-22,100.56,https://cdn.cboe.com/api/global/us_indices/daily_prices/VVIX_History.csv,2026-10-02T14:42:11.510175+00:00
2025-01-23,99.52,https://cdn.cboe.com/api/global/us_indices/daily_prices/VVIX_History.csv,2026-10-02T14:42:11.510175+00:00
2025-01-24,100.41,https://cdn.cboe.com/api/global/us_indices/daily_prices/VVIX_History.csv,2026-10-02T14:42:11.510175+00:00
2025-01-27,110.31,https://cdn.cboe.com/api/global/us_indices/daily_prices/VVIX_History.csv,2026-10-02T14:42:11.510175+00:00
2025-01-28,103.74,https://cdn.cboe.com/api/global/us_indices/daily_prices/VVIX_History.csv,2026-10-02T14:42:11.510175+00:00
2025-01-29,101.68,https://cdn.cboe.com/api/global/us_indices/daily_prices/VVIX_History.csv,2026-10-02T14:42:11.510175+00:00
2025-01-30,98.32,https://cdn.cboe.com/api/global/us_indices/daily_prices/VVIX_History.csv,2026-10-02T14:42:11.510175+00:00
2025-01-31,101.5,https://cdn.cboe.com/api/global/us_indices/daily_prices/VVIX_History.csv,2026-10-02T14:42:11.510175+00:00
2025-02-03,109.01,https://cdn.cboe.com/api/global/us_indices/daily_prices/VVIX_History.csv,2026-10-02T14:42:11.510175+00:00
2025-02-04,100.88,https://cdn.cboe.com/api/global/us_indices/daily_prices/VVIX_History.csv,2026-10-02T14:42:11.510175+00:00
2025-02-05,97.29,https://cdn.cboe.com/api/global/us_indices/daily_prices/VVIX_History.csv,2026-10-02T14:42:11.510175+00:00
2025-02-06,96.77,https://cdn.cboe.com/api/global/us_indices/daily_prices/VVIX_History.csv,2026-10-02T14:42:11.510175+00:00
2025-02-07,101.49,https://cdn.cboe.com/api/global/us_indices/daily_prices/VVIX_History.csv,2026-10-02T14:42:11.510175+00:00
2025-02-10,99.15,https://cdn.cboe.com/api/global/us_indices/daily_prices/VVIX_History.csv,2026-10-02T14:42:11.510175+00:00
2025-02-11,99.82,https://cdn.cboe.com/api/global/us_indices/daily_prices/VVIX_History.csv,2026-10-02T14:42:11.510175+00:00
2025-02-12,98.74,https://cdn.cboe.com/api/global/us_indices/daily_prices/VVIX_History.csv,2026-10-02T14:42:11.510175+00:00
2025-02-13,95.48,https://cdn.cboe.com/api/global/us_indices/daily_prices/VVIX_History.csv,2026-10-02T14:42:11.510175+00:00
2025-02-14,96.9,https://cdn.cboe.com/api/global/us_indices/daily_prices/VVIX_History.csv,2026-10-02T14:42:11.510175+00:00
2025-02-18,98.5,https://cdn.cboe.com/api/global/us_indices/daily_prices/VVIX_History.csv,2026-10-02T14:42:11.510175+00:00
2025-02-19,95.55,https://cdn.cboe.com/api/global/us_indices/daily_prices/VVIX_History.csv,2026-10-02T14:42:11.510175+00:00
2025-02-20,94.99,https://cdn.cboe.com/api/global/us_indices/daily_prices/VVIX_History.csv,2026-10-02T14:42:11.510175+00:00
2025-02-21,105.71,https://cdn.cboe.com/api/global/us_indices/daily_prices/VVIX_History.csv,2026-10-02T14:42:11.510175+00:00
2025-02-24,106.8,https://cdn.cboe.com/api/global/us_indices/daily_prices/VVIX_History.csv,2026-10-02T14:42:11.510175+00:00
2025-02-25,108.47,https://cdn.cboe.com/api/global/us_indices/daily_prices/VVIX_History.csv,2026-10-02T14:42:11.510175+00:00
2025-02-26,106.05,https://cdn.cboe.com/api/global/us_indices/daily_prices/VVIX_History.csv,2026-10-02T14:42:11.510175+00:00
2025-02-27,114.79,https://cdn.cboe.com/api/global/us_indices/daily_prices/VVIX_History.csv,2026-10-02T14:42:11.510175+00:00
2025-02-28,108.99,https://cdn.cboe.com/api/global/us_indices/daily_prices/VVIX_History.csv,2026-10-02T14:42:11.510175+00:00
2025-03-03,118.74,https://cdn.cboe.com/api/global/us_indices/daily_prices/VVIX_History.csv,2026-10-02T14:42:11.510175+00:00
2025-03-04,118.56,https://cdn.cboe.com/api/global/us_indices/daily_prices/VVIX_History.csv,2026-10-02T14:42:11.510175+00:00
2025-03-05,109.63,https://cdn.cboe.com/api/global/us_indices/daily_prices/VVIX_History.csv,2026-10-02T14:42:11.510175+00:00
2025-03-06,120.82,https://cdn.cboe.com/api/global/us_indices/daily_prices/VVIX_History.csv,2026-10-02T14:42:11.510175+00:00
2025-03-07,115.73,https://cdn.cboe.com/api/global/us_indices/daily_prices/VVIX_History.csv,2026-10-02T14:42:11.510175+00:00
2025-03-10,128.46,https://cdn.cboe.com/api/global/us_indices/daily_prices/VVIX_History.csv,2026-10-02T14:42:11.510175+00:00
2025-03-11,129.51,https://cdn.cboe.com/api/global/us_indices/daily_prices/VVIX_History.csv,2026-10-02T14:42:11.510175+00:00
2025-03-12,115.89,https://cdn.cboe.com/api/global/us_indices/daily_prices/VVIX_History.csv,2026-10-02T14:42:11.510175+00:00
2025-03-13,112.89,https://cdn.cboe.com/api/global/us_indices/daily_prices/VVIX_History.csv,2026-10-02T14:42:11.510175+00:00
2025-03-14,98.23,https://cdn.cboe.com/api/global/us_indices/daily_prices/VVIX_History.csv,2026-10-02T14:42:11.510175+00:00
2025-03-17,95.93,https://cdn.cboe.com/api/global/us_indices/daily_prices/VVIX_History.csv,2026-10-02T14:42:11.510175+00:00
2025-03-18,99.68,https://cdn.cboe.com/api/global/us_indices/daily_prices/VVIX_History.csv,2026-10-02T14:42:11.510175+00:00
2025-03-19,93.23,https://cdn.cboe.com/api/global/us_indices/daily_prices/VVIX_History.csv,2026-10-02T14:42:11.510175+00:00
2025-03-20,89.95,https://cdn.cboe.com/api/global/us_indices/daily_prices/VVIX_History.csv,2026-10-02T14:42:11.510175+00:00
2025-03-21,87.99,https://cdn.cboe.com/api/global/us_indices/daily_prices/VVIX_History.csv,2026-10-02T14:42:11.510175+00:00
2025-03-24,81.89,https://cdn.cboe.com/api/global/us_indices/daily_prices/VVIX_History.csv,2026-10-02T14:42:11.510175+00:00
2025-03-25,87.46,https://cdn.cboe.com/api/global/us_indices/daily_prices/VVIX_History.csv,2026-10-02T14:42:11.510175+00:00
2025-03-26,90.24,https://cdn.cboe.com/api/global/us_indices/daily_prices/VVIX_History.csv,2026-10-02T14:42:11.510175+00:00
2025-03-27,89.51,https://cdn.cboe.com/api/global/us_indices/daily_prices/VVIX_History.csv,2026-10-02T14:42:11.510175+00:00
2025-03-28,102.44,https://cdn.cboe.com/api/global/us_indices/daily_prices/VVIX_History.csv,2026-10-02T14:42:11.510175+00:00
2025-03-31,99.12,https://cdn.cboe.com/api/global/us_indices/daily_prices/VVIX_History.csv,2026-10-02T14:42:11.510175+00:00
2025-04-01,97.55,https://cdn.cboe.com/api/global/us_indices/daily_prices/VVIX_History.csv,2026-10-02T14:42:11.510175+00:00
2025-04-02,118.37,https://cdn.cboe.com/api/global/us_indices/daily_prices/VVIX_History.csv,2026-10-02T14:42:11.510175+00:00
2025-04-03,119.48,https://cdn.cboe.com/api/global/us_indices/daily_prices/VVIX_History.csv,2026-10-02T14:42:11.510175+00:00
2025-04-04,147.16,https://cdn.cboe.com/api/global/us_indices/daily_prices/VVIX_History.csv,2026-10-02T14:42:11.510175+00:00
2025-04-07,152.63,https://cdn.cboe.com/api/global/us_indices/daily_prices/VVIX_History.csv,2026-10-02T14:42:11.510175+00:00
2025-04-08,170.92,https://cdn.cboe.com/api/global/us_indices/daily_prices/VVIX_History.csv,2026-10-02T14:42:11.510175+00:00
2025-04-09,142.5,https://cdn.cboe.com/api/global/us_indices/daily_prices/VVIX_History.csv,2026-10-02T14:42:11.510175+00:00
2025-04-10,157.24,https://cdn.cboe.com/api/global/us_indices/daily_prices/VVIX_History.csv,2026-10-02T14:42:11.510175+00:00
2025-04-11,147.35,https://cdn.cboe.com/api/global/us_indices/daily_prices/VVIX_History.csv,2026-10-02T14:42:11.510175+00:00
2025-04-14,122.32,https://cdn.cboe.com/api/global/us_indices/daily_prices/VVIX_History.csv,2026-10-02T14:42:11.510175+00:00
2025-04-15,115.89,https://cdn.cboe.com/api/global/us_indices/daily_prices/VVIX_History.csv,2026-10-02T14:42:11.510175+00:00
2025-04-16,122.91,https://cdn.cboe.com/api/global/us_indices/daily_prices/VVIX_History.csv,2026-10-02T14:42:11.510175+00:00
2025-04-17,116.26,https://cdn.cboe.com/api/global/us_indices/daily_prices/VVIX_History.csv,2026-10-02T14:42:11.510175+00:00
2025-04-21,124.11,https://cdn.cboe.com/api/global/us_indices/daily_prices/VVIX_History.csv,2026-10-02T14:42:11.510175+00:00
2025-04-22,112.96,https://cdn.cboe.com/api/global/us_indices/daily_prices/VVIX_History.csv,2026-10-02T14:42:11.510175+00:00
2025-04-23,109.02,https://cdn.cboe.com/api/global/us_indices/daily_prices/VVIX_History.csv,2026-10-02T14:42:11.510175+00:00
2025-04-24,102.98,https://cdn.cboe.com/api/global/us_indices/daily_prices/VVIX_History.csv,2026-10-02T14:42:11.510175+00:00
2025-04-25,98.95,https://cdn.cboe.com/api/global/us_indices/daily_prices/VVIX_History.csv,2026-10-02T14:42:11.510175+00:00
2025-04-28,103.39,https://cdn.cboe.com/api/global/us_indices/daily_prices/VVIX_History.csv,2026-10-02T14:42:11.510175+00:00
2025-04-29,101.31,https://cdn.cboe.com/api/global/us_indices/daily_prices/VVIX_History.csv,2026-10-02T14:42:11.510175+00:00
2025-04-30,102.29,https://cdn.cboe.com/api/global/us_indices/daily_prices/VVIX_History.csv,2026-10-02T14:42:11.510175+00:00
2025-05-01,102.31,https://cdn.cboe.com/api/global/us_indices/daily_prices/VVIX_History.csv,2026-10-02T14:42:11.510175+00:00
2025-05-02,97.26,https://cdn.cboe.com/api/global/us_indices/daily_prices/VVIX_History.csv,2026-10-02T14:42:11.510175+00:00
2025-05-05,101.17,https://cdn.cboe.com/api/global/us_indices/daily_prices/VVIX_History.csv,2026-10-02T14:42:11.510175+00:00
2025-05-06,104.32,https://cdn.cboe.com/api/global/us_indices/daily_prices/VVIX_History.csv,2026-10-02T14:42:11.510175+00:00
2025-05-07,99.82,https://cdn.cboe.com/api/global/us_indices/daily_prices/VVIX_History.csv,2026-10-02T14:42:11.510175+00:00
2025-05-08,96.29,https://cdn.cboe.com/api/global/us_indices/daily_prices/VVIX_History.csv,2026-10-02T14:42:11.510175+00:00
2025-05-09,96.35,https://cdn.cboe.com/api/global/us_indices/daily_prices/VVIX_History.csv,2026-10-02T14:42:11.510175+00:00
2025-05-12,87.93,https://cdn.cboe.com/api/global/us_indices/daily_prices/VVIX_History.csv,2026-10-02T14:42:11.510175+00:00
2025-05-13,91.59,https://cdn.cboe.com/api/global/us_indices/daily_prices/VVIX_History.csv,2026-10-02T14:42:11.510175+00:00
2025-05-14,97.16,https://cdn.cboe.com/api/global/us_indices/daily_prices/VVIX_History.csv,2026-10-02T14:42:11.510175+00:00
2025-05-15,94.11,https://cdn.cboe.com/api/global/us_indices/daily_prices/VVIX_History.csv,2026-10-02T14:42:11.510175+00:00
2025-05-16,94.94,https://cdn.cboe.com/api/global/us_indices/daily_prices/VVIX_History.csv,2026-10-02T14:42:11.510175+00:00
2025-05-19,96.89,https://cdn.cboe.com/api/global/us_indices/daily_prices/VVIX_History.csv,2026-10-02T14:42:11.510175+00:00
2025-05-20,96.62,https://cdn.cboe.com/api/global/us_indices/daily_prices/VVIX_History.csv,2026-10-02T14:42:11.510175+00:00
2025-05-21,106.3,https://cdn.cboe.com/api/global/us_indices/daily_prices/VVIX_History.csv,2026-10-02T14:42:11.510175+00:00
2025-05-22,104.1,https://cdn.cboe.com/api/global/us_indices/daily_prices/VVIX_History.csv,2026-10-02T14:42:11.510175+00:00
2025-05-23,109.76,https://cdn.cboe.com/api/global/us_indices/daily_prices/VVIX_History.csv,2026-10-02T14:42:11.510175+00:00
2025-05-27,96.49,https://cdn.cboe.com/api/global/us_indices/daily_prices/VVIX_History.csv,2026-10-02T14:42:11.510175+00:00
2025-05-28,97.15,https://cdn.cboe.com/api/global/us_indices/daily_prices/VVIX_History.csv,2026-10-02T14:42:11.510175+00:00
2025-05-29,95.32,https://cdn.cboe.com/api/global/us_indices/daily_prices/VVIX_History.csv,2026-10-02T14:42:11.510175+00:00
2025-05-30,95.15,https://cdn.cboe.com/api/global/us_indices/daily_prices/VVIX_History.csv,2026-10-02T14:42:11.510175+00:00
2025-06-02,91.84,https://cdn.cboe.com/api/global/us_indices/daily_prices/VVIX_History.csv,2026-10-02T14:42:11.510175+00:00
2025-06-03,90.89,https://cdn.cboe.com/api/global/us_indices/daily_prices/VVIX_History.csv,2026-10-02T14:42:11.510175+00:00
2025-06-04,90.79,https://cdn.cboe.com/api/global/us_indices/daily_prices/VVIX_History.csv,2026-10-02T14:42:11.510175+00:00
2025-06-05,93.2,https://cdn.cboe.com/api/global/us_indices/daily_prices/VVIX_History.csv,2026-10-02T14:42:11.510175+00:00
2025-06-06,89.45,https://cdn.cboe.com/api/global/us_indices/daily_prices/VVIX_History.csv,2026-10-02T14:42:11.510175+00:00
2025-06-09,88.97,https://cdn.cboe.com/api/global/us_indices/daily_prices/VVIX_History.csv,2026-10-02T14:42:11.510175+00:00
2025-06-10,92.06,https://cdn.cboe.com/api/global/us_indices/daily_prices/VVIX_History.csv,2026-10-02T14:42:11.510175+00:00
2025-06-11,99.02,https://cdn.cboe.com/api/global/us_indices/daily_prices/VVIX_History.csv,2026-10-02T14:42:11.510175+00:00
2025-06-12,103.04,https://cdn.cboe.com/api/global/us_indices/daily_prices/VVIX_History.csv,2026-10-02T14:42:11.510175+00:00
2025-06-13,113.37,https://cdn.cboe.com/api/global/us_indices/daily_prices/VVIX_History.csv,2026-10-02T14:42:11.510175+00:00
2025-06-16,106.19,https://cdn.cboe.com/api/global/us_indices/daily_prices/VVIX_History.csv,2026-10-02T14:42:11.510175+00:00
2025-06-17,115.5,https://cdn.cboe.com/api/global/us_indices/daily_prices/VVIX_History.csv,2026-10-02T14:42:11.510175+00:00
2025-06-18,106.2,https://cdn.cboe.com/api/global/us_indices/daily_prices/VVIX_History.csv,2026-10-02T14:42:11.510175+00:00
2025-06-20,108.86,https://cdn.cboe.com/api/global/us_indices/daily_prices/VVIX_History.csv,2026-10-02T14:42:11.510175+00:00
2025-06-23,104.32,https://cdn.cboe.com/api/global/us_indices/daily_prices/VVIX_History.csv,2026-10-02T14:42:11.510175+00:00
2025-06-24,92.29,https://cdn.cboe.com/api/global/us_indices/daily_prices/VVIX_History.csv,2026-10-02T14:42:11.510175+00:00
2025-06-25,89.65,https://cdn.cboe.com/api/global/us_indices/daily_prices/VVIX_History.csv,2026-10-02T14:42:11.510175+00:00
2025-06-26,89.6,https://cdn.cboe.com/api/global/us_indices/daily_prices/VVIX_History.csv,2026-10-02T14:42:11.510175+00:00
2025-06-27,91.84,https://cdn.cboe.com/api/global/us_indices/daily_prices/VVIX_History.csv,2026-10-02T14:42:11.510175+00:00
2025-06-30,89.74,https://cdn.cboe.com/api/global/us_indices/daily_prices/VVIX_History.csv,2026-10-02T14:42:11.510175+00:00
2025-07-01,89.54,https://cdn.cboe.com/api/global/us_indices/daily_prices/VVIX_History.csv,2026-10-02T14:42:11.510175+00:00
2025-07-02,89.8,https://cdn.cboe.com/api/global/us_indices/daily_prices/VVIX_History.csv,2026-10-02T14:42:11.510175+00:00
2025-07-03,90.6,https://cdn.cboe.com/api/global/us_indices/daily_prices/VVIX_History.csv,2026-10-02T14:42:11.510175+00:00
2025-07-07,96.3,https://cdn.cboe.com/api/global/us_indices/daily_prices/VVIX_History.csv,2026-10-02T14:42:11.510175+00:00
2025-07-08,91.31,https://cdn.cboe.com/api/global/us_indices/daily_prices/VVIX_History.csv,2026-10-02T14:42:11.510175+00:00
2025-07-09,91.76,https://cdn.cboe.com/api/global/us_indices/daily_prices/VVIX_History.csv,2026-10-02T14:42:11.510175+00:00
2025-07-10,90.94,https://cdn.cboe.com/api/global/us_indices/daily_prices/VVIX_History.csv,2026-10-02T14:42:11.510175+00:00
2025-07-11,93.53,https://cdn.cboe.com/api/global/us_indices/daily_prices/VVIX_History.csv,2026-10-02T14:42:11.510175+00:00
2025-07-14,95.75,https://cdn.cboe.com/api/global/us_indices/daily_prices/VVIX_History.csv,2026-10-02T14:42:11.510175+00:00
2025-07-15,94.66,https://cdn.cboe.com/api/global/us_indices/daily_prices/VVIX_History.csv,2026-10-02T14:42:11.510175+00:00
2025-07-16,95.56,https://cdn.cboe.com/api/global/us_indices/daily_prices/VVIX_History.csv,2026-10-02T14:42:11.510175+00:00
2025-07-17,92.9,https://cdn.cboe.com/api/global/us_indices/daily_prices/VVIX_History.csv,2026-10-02T14:42:11.510175+00:00
2025-07-18,93.15,https://cdn.cboe.com/api/global/us_indices/daily_prices/VVIX_History.csv,2026-10-02T14:42:11.510175+00:00
2025-07-21,92.26,https://cdn.cboe.com/api/global/us_indices/daily_prices/VVIX_History.csv,2026-10-02T14:42:11.510175+00:00
2025-07-22,90.58,https://cdn.cboe.com/api/global/us_indices/daily_prices/VVIX_History.csv,2026-10-02T14:42:11.510175+00:00
2025-07-23,88.04,https://cdn.cboe.com/api/global/us_indices/daily_prices/VVIX_History.csv,2026-10-02T14:42:11.510175+00:00
2025-07-24,89.75,https://cdn.cboe.com/api/global/us_indices/daily_prices/VVIX_History.csv,2026-10-02T14:42:11.510175+00:00
2025-07-25,90.59,https://cdn.cboe.com/api/global/us_indices/daily_prices/VVIX_History.csv,2026-10-02T14:42:11.510175+00:00
2025-07-28,88.59,https://cdn.cboe.com/api/global/us_indices/daily_prices/VVIX_History.csv,2026-10-02T14:42:11.510175+00:00
2025-07-29,95.14,https://cdn.cboe.com/api/global/us_indices/daily_prices/VVIX_History.csv,2026-10-02T14:42:11.510175+00:00
2025-07-30,94.33,https://cdn.cboe.com/api/global/us_indices/daily_prices/VVIX_History.csv,2026-10-02T14:42:11.510175+00:00
2025-07-31,98.37,https://cdn.cboe.com/api/global/us_indices/daily_prices/VVIX_History.csv,2026-10-02T14:42:11.510175+00:00
2025-08-01,109.79,https://cdn.cboe.com/api/global/us_indices/daily_prices/VVIX_History.csv,2026-10-02T14:42:11.510175+00:00
2025-08-04,95.85,https://cdn.cboe.com/api/global/us_indices/daily_prices/VVIX_History.csv,2026-10-02T14:42:11.510175+00:00
2025-08-05,97.65,https://cdn.cboe.com/api/global/us_indices/daily_prices/VVIX_History.csv,2026-10-02T14:42:11.510175+00:00
2025-08-06,97.81,https://cdn.cboe.com/api/global/us_indices/daily_prices/VVIX_History.csv,2026-10-02T14:42:11.510175+00:00
2025-08-07,97.37,https://cdn.cboe.com/api/global/us_indices/daily_prices/VVIX_History.csv,2026-10-02T14:42:11.510175+00:00
2025-08-08,93.14,https://cdn.cboe.com/api/global/us_indices/daily_prices/VVIX_History.csv,2026-10-02T14:42:11.510175+00:00
2025-08-11,97.09,https://cdn.cboe.com/api/global/us_indices/daily_prices/VVIX_History.csv,2026-10-02T14:42:11.510175+00:00
2025-08-12,92.86,https://cdn.cboe.com/api/global/us_indices/daily_prices/VVIX_History.csv,2026-10-02T14:42:11.510175+00:00
2025-08-13,98.17,https://cdn.cboe.com/api/global/us_indices/daily_prices/VVIX_History.csv,2026-10-02T14:42:11.510175+00:00
2025-08-14,98.04,https://cdn.cboe.com/api/global/us_indices/daily_prices/VVIX_History.csv,2026-10-02T14:42:11.510175+00:00
2025-08-15,97.85,https://cdn.cboe.com/api/global/us_indices/daily_prices/VVIX_History.csv,2026-10-02T14:42:11.510175+00:00
2025-08-18,96.63,https://cdn.cboe.com/api/global/us_indices/daily_prices/VVIX_History.csv,2026-10-02T14:42:11.510175+00:00
2025-08-19,102.09,https://cdn.cboe.com/api/global/us_indices/daily_prices/VVIX_History.csv,2026-10-02T14:42:11.510175+00:00
2025-08-20,98.6,https://cdn.cboe.com/api/global/us_indices/daily_prices/VVIX_History.csv,2026-10-02T14:42:11.510175+00:00
2025-08-21,99.99,https://cdn.cboe.com/api/global/us_indices/daily_prices/VVIX_History.csv,2026-10-02T14:42:11.510175+00:00
2025-08-22,89.78,https://cdn.cboe.com/api/global/us_indices/daily_prices/VVIX_History.csv,2026-10-02T14:42:11.510175+00:00
2025-08-25,92.3,https://cdn.cboe.com/api/global/us_indices/daily_prices/VVIX_History.csv,2026-10-02T14:42:11.510175+00:00
2025-08-26,91.65,https://cdn.cboe.com/api/global/us_indices/daily_prices/VVIX_History.csv,2026-10-02T14:42:11.510175+00:00
2025-08-27,94.93,https://cdn.cboe.com/api/global/us_indices/daily_prices/VVIX_History.csv,2026-10-02T14:42:11.510175+00:00
2025-08-28,92.03,https://cdn.cboe.com/api/global/us_indices/daily_prices/VVIX_History.csv,2026-10-02T14:42:11.510175+00:00
2025-08-29,97.17,https://cdn.cboe.com/api/global/us_indices/daily_prices/VVIX_History.csv,2026-10-02T14:42:11.510175+00:00
2025-09-02,103.88,https://cdn.cboe.com/api/global/us_indices/daily_prices/VVIX_History.csv,2026-10-02T14:42:11.510175+00:00
2025-09-03,99.62,https://cdn.cboe.com/api/global/us_indices/daily_prices/VVIX_History.csv,2026-10-02T14:42:11.510175+00:00
2025-09-04,95.28,https://cdn.cboe.com/api/global/us_indices/daily_prices/VVIX_History.csv,2026-10-02T14:42:11.510175+00:00
2025-09-05,93.06,https://cdn.cboe.com/api/global/us_indices/daily_prices/VVIX_History.csv,2026-10-02T14:42:11.510175+00:00
2025-09-08,92.29,https://cdn.cboe.com/api/global/us_indices/daily_prices/VVIX_History.csv,2026-10-02T14:42:11.510175+00:00
2025-09-09,93.16,https://cdn.cboe.com/api/global/us_indices/daily_prices/VVIX_History.csv,2026-10-02T14:42:11.510175+00:00
2025-09-10,100.53,https://cdn.cboe.com/api/global/us_indices/daily_prices/VVIX_History.csv,2026-10-02T14:42:11.510175+00:00
2025-09-11,96.32,https://cdn.cboe.com/api/global/us_indices/daily_prices/VVIX_History.csv,2026-10-02T14:42:11.510175+00:00
2025-09-12,96.78,https://cdn.cboe.com/api/global/us_indices/daily_prices/VVIX_History.csv,2026-10-02T14:42:11.510175+00:00
2025-09-15,99.55,https://cdn.cboe.com/api/global/us_indices/daily_prices/VVIX_History.csv,2026-10-02T14:42:11.510175+00:00
2025-09-16,104.1,https://cdn.cboe.com/api/global/us_indices/daily_prices/VVIX_History.csv,2026-10-02T14:42:11.510175+00:00
2025-09-17,96.17,https://cdn.cboe.com/api/global/us_indices/daily_prices/VVIX_History.csv,2026-10-02T14:42:11.510175+00:00
2025-09-18,97.28,https://cdn.cboe.com/api/global/us_indices/daily_prices/VVIX_History.csv,2026-10-02T14:42:11.510175+00:00
2025-09-19,96.9,https://cdn.cboe.com/api/global/us_indices/daily_prices/VVIX_History.csv,2026-10-02T14:42:11.510175+00:00
2025-09-22,99.75,https://cdn.cboe.com/api/global/us_indices/daily_prices/VVIX_History.csv,2026-10-02T14:42:11.510175+00:00
2025-09-23,101.23,https://cdn.cboe.com/api/global/us_indices/daily_prices/VVIX_History.csv,2026-10-02T14:42:11.510175+00:00
2025-09-24,99.99,https://cdn.cboe.com/api/global/us_indices/daily_prices/VVIX_History.csv,2026-10-02T14:42:11.510175+00:00
2025-09-25,100.34,https://cdn.cboe.com/api/global/us_indices/daily_prices/VVIX_History.csv,2026-10-02T14:42:11.510175+00:00
2025-09-26,93.4,https://cdn.cboe.com/api/global/us_indices/daily_prices/VVIX_History.csv,2026-10-02T14:42:11.510175+00:00
2025-09-29,96.74,https://cdn.cboe.com/api/global/us_indices/daily_prices/VVIX_History.csv,2026-10-02T14:42:11.510175+00:00
2025-09-30,95.89,https://cdn.cboe.com/api/global/us_indices/daily_prices/VVIX_History.csv,2026-10-02T14:42:11.510175+00:00
2025-10-01,93.22,https://cdn.cboe.com/api/global/us_indices/daily_prices/VVIX_History.csv,2026-10-02T14:42:11.510175+00:00
2025-10-02,94.1,https://cdn.cboe.com/api/global/us_indices/daily_prices/VVIX_History.csv,2026-10-02T14:42:11.510175+00:00
2025-10-03,94.79,https://cdn.cboe.com/api/global/us_indices/daily_prices/VVIX_History.csv,2026-10-02T14:42:11.510175+00:00
2025-10-06,95.38,https://cdn.cboe.com/api/global/us_indices/daily_prices/VVIX_History.csv,2026-10-02T14:42:11.510175+00:00
2025-10-07,98.7,https://cdn.cboe.com/api/global/us_indices/daily_prices/VVIX_History.csv,2026-10-02T14:42:11.510175+00:00
2025-10-08,96.22,https://cdn.cboe.com/api/global/us_indices/daily_prices/VVIX_History.csv,2026-10-02T14:42:11.510175+00:00
2025-10-09,97.25,https://cdn.cboe.com/api/global/us_indices/daily_prices/VVIX_History.csv,2026-10-02T14:42:11.510175+00:00
2025-10-10,116.25,https://cdn.cboe.com/api/global/us_indices/daily_prices/VVIX_History.csv,2026-10-02T14:42:11.510175+00:00
2025-10-13,106.45,https://cdn.cboe.com/api/global/us_indices/daily_prices/VVIX_History.csv,2026-10-02T14:42:11.510175+00:00
2025-10-14,113.19,https://cdn.cboe.com/api/global/us_indices/daily_prices/VVIX_History.csv,2026-10-02T14:42:11.510175+00:00
2025-10-15,117.3,https://cdn.cboe.com/api/global/us_indices/daily_prices/VVIX_History.csv,2026-10-02T14:42:11.510175+00:00
2025-10-16,134.25,https://cdn.cboe.com/api/global/us_indices/daily_prices/VVIX_History.csv,2026-10-02T14:42:11.510175+00:00
2025-10-17,115.63,https://cdn.cboe.com/api/global/us_indices/daily_prices/VVIX_History.csv,2026-10-02T14:42:11.510175+00:00
2025-10-20,103.18,https://cdn.cboe.com/api/global/us_indices/daily_prices/VVIX_History.csv,2026-10-02T14:42:11.510175+00:00
2025-10-21,103.36,https://cdn.cboe.com/api/global/us_indices/daily_prices/VVIX_History.csv,2026-10-02T14:42:11.510175+00:00
2025-10-22,104.87,https://cdn.cboe.com/api/global/us_indices/daily_prices/VVIX_History.csv,2026-10-02T14:42:11.510175+00:00
2025-10-23,98.6,https://cdn.cboe.com/api/global/us_indices/daily_prices/VVIX_History.csv,2026-10-02T14:42:11.510175+00:00
2025-10-24,98.03,https://cdn.cboe.com/api/global/us_indices/daily_prices/VVIX_History.csv,2026-10-02T14:42:11.510175+00:00
2025-10-27,97.4,https://cdn.cboe.com/api/global/us_indices/daily_prices/VVIX_History.csv,2026-10-02T14:42:11.510175+00:00
2025-10-28,101.51,https://cdn.cboe.com/api/global/us_indices/daily_prices/VVIX_History.csv,2026-10-02T14:42:11.510175+00:00
2025-10-29,103.57,https://cdn.cboe.com/api/global/us_indices/daily_prices/VVIX_History.csv,2026-10-02T14:42:11.510175+00:00
2025-10-30,102.84,https://cdn.cboe.com/api/global/us_indices/daily_prices/VVIX_History.csv,2026-10-02T14:42:11.510175+00:00
2025-10-31,104.46,https://cdn.cboe.com/api/global/us_indices/daily_prices/VVIX_History.csv,2026-10-02T14:42:11.510175+00:00
2025-11-03,101.43,https://cdn.cboe.com/api/global/us_indices/daily_prices/VVIX_History.csv,2026-10-02T14:42:11.510175+00:00
2025-11-04,104.44,https://cdn.cboe.com/api/global/us_indices/daily_prices/VVIX_History.csv,2026-10-02T14:42:11.510175+00:00
2025-11-05,100.77,https://cdn.cboe.com/api/global/us_indices/daily_prices/VVIX_History.csv,2026-10-02T14:42:11.510175+00:00
2025-11-06,105.71,https://cdn.cboe.com/api/global/us_indices/daily_prices/VVIX_History.csv,2026-10-02T14:42:11.510175+00:00
2025-11-07,103.6,https://cdn.cboe.com/api/global/us_indices/daily_prices/VVIX_History.csv,2026-10-02T14:42:11.510175+00:00
2025-11-10,98.91,https://cdn.cboe.com/api/global/us_indices/daily_prices/VVIX_History.csv,2026-10-02T14:42:11.510175+00:00
2025-11-11,99.6,https://cdn.cboe.com/api/global/us_indices/daily_prices/VVIX_History.csv,2026-10-02T14:42:11.510175+00:00
2025-11-12,103.47,https://cdn.cboe.com/api/global/us_indices/daily_prices/VVIX_History.csv,2026-10-02T14:42:11.510175+00:00
2025-11-13,111.25,https://cdn.cboe.com/api/global/us_indices/daily_prices/VVIX_History.csv,2026-10-02T14:42:11.510175+00:00
2025-11-14,107.95,https://cdn.cboe.com/api/global/us_indices/daily_prices/VVIX_History.csv,2026-10-02T14:42:11.510175+00:00
2025-11-17,117.86,https://cdn.cboe.com/api/global/us_indices/daily_prices/VVIX_History.csv,2026-10-02T14:42:11.510175+00:00
2025-11-18,124.32,https://cdn.cboe.com/api/global/us_indices/daily_prices/VVIX_History.csv,2026-10-02T14:42:11.510175+00:00
2025-11-19,119.57,https://cdn.cboe.com/api/global/us_indices/daily_prices/VVIX_History.csv,2026-10-02T14:42:11.510175+00:00
2025-11-20,128.65,https://cdn.cboe.com/api/global/us_indices/daily_prices/VVIX_History.csv,2026-10-02T14:42:11.510175+00:00
2025-11-21,118.34,https://cdn.cboe.com/api/global/us_indices/daily_prices/VVIX_History.csv,2026-10-02T14:42:11.510175+00:00
2025-11-24,103.96,https://cdn.cboe.com/api/global/us_indices/daily_prices/VVIX_History.csv,2026-10-02T14:42:11.510175+00:00
2025-11-25,96.85,https://cdn.cboe.com/api/global/us_indices/daily_prices/VVIX_History.csv,2026-10-02T14:42:11.510175+00:00
2025-11-26,92.17,https://cdn.cboe.com/api/global/us_indices/daily_prices/VVIX_History.csv,2026-10-02T14:42:11.510175+00:00
2025-11-28,90.34,https://cdn.cboe.com/api/global/us_indices/daily_prices/VVIX_History.csv,2026-10-02T14:42:11.510175+00:00
2025-12-01,93.76,https://cdn.cboe.com/api/global/us_indices/daily_prices/VVIX_History.csv,2026-10-02T14:42:11.510175+00:00
2025-12-02,91.71,https://cdn.cboe.com/api/global/us_indices/daily_prices/VVIX_History.csv,2026-10-02T14:42:11.510175+00:00
2025-12-03,92.39,https://cdn.cboe.com/api/global/us_indices/daily_prices/VVIX_History.csv,2026-10-02T14:42:11.510175+00:00
2025-12-04,91.28,https://cdn.cboe.com/api/global/us_indices/daily_prices/VVIX_History.csv,2026-10-02T14:42:11.510175+00:00
2025-12-05,90.65,https://cdn.cboe.com/api/global/us_indices/daily_prices/VVIX_History.csv,2026-10-02T14:42:11.510175+00:00
2025-12-08,97.35,https://cdn.cboe.com/api/global/us_indices/daily_prices/VVIX_History.csv,2026-10-02T14:42:11.510175+00:00
2025-12-09,98.14,https://cdn.cboe.com/api/global/us_indices/daily_prices/VVIX_History.csv,2026-10-02T14:42:11.510175+00:00
2025-12-10,99.11,https://cdn.cboe.com/api/global/us_indices/daily_prices/VVIX_History.csv,2026-10-02T14:42:11.510175+00:00
2025-12-11,95.41,https://cdn.cboe.com/api/global/us_indices/daily_prices/VVIX_History.csv,2026-10-02T14:42:11.510175+00:00
2025-12-12,97.33,https://cdn.cboe.com/api/global/us_indices/daily_prices/VVIX_History.csv,2026-10-02T14:42:11.510175+00:00
2025-12-15,100.37,https://cdn.cboe.com/api/global/us_indices/daily_prices/VVIX_History.csv,2026-10-02T14:42:11.510175+00:00
2025-12-16,98.36,https://cdn.cboe.com/api/global/us_indices/daily_prices/VVIX_History.csv,2026-10-02T14:42:11.510175+00:00
2025-12-17,99.89,https://cdn.cboe.com/api/global/us_indices/daily_prices/VVIX_History.csv,2026-10-02T14:42:11.510175+00:00
2025-12-18,92.61,https://cdn.cboe.com/api/global/us_indices/daily_prices/VVIX_History.csv,2026-10-02T14:42:11.510175+00:00
2025-12-19,83.87,https://cdn.cboe.com/api/global/us_indices/daily_prices/VVIX_History.csv,2026-10-02T14:42:11.510175+00:00
2025-12-22,81.97,https://cdn.cboe.com/api/global/us_indices/daily_prices/VVIX_History.csv,2026-10-02T14:42:11.510175+00:00
2025-12-23,85.14,https://cdn.cboe.com/api/global/us_indices/daily_prices/VVIX_History.csv,2026-10-02T14:42:11.510175+00:00
2025-12-24,85.24,https://cdn.cboe.com/api/global/us_indices/daily_prices/VVIX_History.csv,2026-10-02T14:42:11.510175+00:00
2025-12-26,84.24,https://cdn.cboe.com/api/global/us_indices/daily_prices/VVIX_History.csv,2026-10-02T14:42:11.510175+00:00
2025-12-29,85.88,https://cdn.cboe.com/api/global/us_indices/daily_prices/VVIX_History.csv,2026-10-02T14:42:11.510175+00:00
2025-12-30,87.13,https://cdn.cboe.com/api/global/us_indices/daily_prices/VVIX_History.csv,2026-10-02T14:42:11.510175+00:00
2025-12-31,92.67,https://cdn.cboe.com/api/global/us_indices/daily_prices/VVIX_History.csv,2026-10-02T14:42:11.510175+00:00
2026-01-02,90.1,https://cdn.cboe.com/api/global/us_indices/daily_prices/VVIX_History.csv,2026-10-02T14:42:11.510175+00:00
2026-01-05,90.51,https://cdn.cboe.com/api/global/us_indices/daily_prices/VVIX_History.csv,2026-10-02T14:42:11.510175+00:00
2026-01-06,89.01,https://cdn.cboe.com/api/global/us_indices/daily_prices/VVIX_History.csv,2026-10-02T14:42:11.510175+00:00
2026-01-07,91.86,https://cdn.cboe.com/api/global/us_indices/daily_prices/VVIX_History.csv,2026-10-02T14:42:11.510175+00:00
2026-01-08,89.85,https://cdn.cboe.com/api/global/us_indices/daily_prices/VVIX_History.csv,2026-10-02T14:42:11.510175+00:00
2026-01-09,88.19,https://cdn.cboe.com/api/global/us_indices/daily_prices/VVIX_History.csv,2026-10-02T14:42:11.510175+00:00
2026-01-12,93.13,https://cdn.cboe.com/api/global/us_indices/daily_prices/VVIX_History.csv,2026-10-02T14:42:11.510175+00:00
2026-01-13,101.07,https://cdn.cboe.com/api/global/us_indices/daily_prices/VVIX_History.csv,2026-10-02T14:42:11.510175+00:00
2026-01-14,104.85,https://cdn.cboe.com/api/global/us_indices/daily_prices/VVIX_History.csv,2026-10-02T14:42:11.510175+00:00
2026-01-15,100.9,https://cdn.cboe.com/api/global/us_indices/daily_prices/VVIX_History.csv,2026-10-02T14:42:11.510175+00:00
2026-01-16,102.05,https://cdn.cboe.com/api/global/us_indices/daily_prices/VVIX_History.csv,2026-10-02T14:42:11.510175+00:00
2026-01-20,117.05,https://cdn.cboe.com/api/global/us_indices/daily_prices/VVIX_History.csv,2026-10-02T14:42:11.510175+00:00
2026-01-21,102.57,https://cdn.cboe.com/api/global/us_indices/daily_prices/VVIX_History.csv,2026-10-02T14:42:11.510175+00:00
2026-01-22,96.12,https://cdn.cboe.com/api/global/us_indices/daily_prices/VVIX_History.csv,2026-10-02T14:42:11.510175+00:00
2026-01-23,101.83,https://cdn.cboe.com/api/global/us_indices/daily_prices/VVIX_History.csv,2026-10-02T14:42:11.510175+00:00
2026-01-26,99.75,https://cdn.cboe.com/api/global/us_indices/daily_prices/VVIX_History.csv,2026-10-02T14:42:11.510175+00:00
2026-01-27,101.26,https://cdn.cboe.com/api/global/us_indices/daily_prices/VVIX_History.csv,2026-10-02T14:42:11.510175+00:00
2026-01-28,100.46,https://cdn.cboe.com/api/global/us_indices/daily_prices/VVIX_History.csv,2026-10-02T14:42:11.510175+00:00
2026-01-29,101.76,https://cdn.cboe.com/api/global/us_indices/daily_prices/VVIX_History.csv,2026-10-02T14:42:11.510175+00:00
2026-01-30,108.18,https://cdn.cboe.com/api/global/us_indices/daily_prices/VVIX_History.csv,2026-10-02T14:42:11.510175+00:00
2026-02-02,98.77,https://cdn.cboe.com/api/global/us_indices/daily_prices/VVIX_History.csv,2026-10-02T14:42:11.510175+00:00
2026-02-03,103.82,https://cdn.cboe.com/api/global/us_indices/daily_prices/VVIX_History.csv,2026-10-02T14:42:11.510175+00:00
2026-02-04,106.16,https://cdn.cboe.com/api/global/us_indices/daily_prices/VVIX_History.csv,2026-10-02T14:42:11.510175+00:00
2026-02-05,117.07,https://cdn.cboe.com/api/global/us_indices/daily_prices/VVIX_History.csv,2026-10-02T14:42:11.510175+00:00
2026-02-06,100.99,https://cdn.cboe.com/api/global/us_indices/daily_prices/VVIX_History.csv,2026-10-02T14:42:11.510175+00:00
2026-02-09,98.6,https://cdn.cboe.com/api/global/us_indices/daily_prices/VVIX_History.csv,2026-10-02T14:42:11.510175+00:00
2026-02-10,100.81,https://cdn.cboe.com/api/global/us_indices/daily_prices/VVIX_History.csv,2026-10-02T14:42:11.510175+00:00
2026-02-11,102.15,https://cdn.cboe.com/api/global/us_indices/daily_prices/VVIX_History.csv,2026-10-02T14:42:11.510175+00:00
2026-02-12,112.3,https://cdn.cboe.com/api/global/us_indices/daily_prices/VVIX_History.csv,2026-10-02T14:42:11.510175+00:00
2026-02-13,115.52,https://cdn.cboe.com/api/global/us_indices/daily_prices/VVIX_History.csv,2026-10-02T14:42:11.510175+00:00
2026-02-17,107.09,https://cdn.cboe.com/api/global/us_indices/daily_prices/VVIX_History.csv,2026-10-02T14:42:11.510175+00:00
2026-02-18,108.69,https://cdn.cboe.com/api/global/us_indices/daily_prices/VVIX_History.csv,2026-10-02T14:42:11.510175+00:00
2026-02-19,111.67,https://cdn.cboe.com/api/global/us_indices/daily_prices/VVIX_History.csv,2026-10-02T14:42:11.510175+00:00
2026-02-20,108.71,https://cdn.cboe.com/api/global/us_indices/daily_prices/VVIX_History.csv,2026-10-02T14:42:11.510175+00:00
2026-02-23,115.66,https://cdn.cboe.com/api/global/us_indices/daily_prices/VVIX_History.csv,2026-10-02T14:42:11.510175+00:00
2026-02-24,108.61,https://cdn.cboe.com/api/global/us_indices/daily_prices/VVIX_History.csv,2026-10-02T14:42:11.510175+00:00
2026-02-25,103.98,https://cdn.cboe.com/api/global/us_indices/daily_prices/VVIX_History.csv,2026-10-02T14:42:11.510175+00:00
2026-02-26,104.15,https://cdn.cboe.com/api/global/us_indices/daily_prices/VVIX_History.csv,2026-10-02T14:42:11.510175+00:00
2026-02-27,110.89,https://cdn.cboe.com/api/global/us_indices/daily_prices/VVIX_History.csv,2026-10-02T14:42:11.510175+00:00
2026-03-02,113.44,https://cdn.cboe.com/api/global/us_indices/daily_prices/VVIX_History.csv,2026-10-02T14:42:11.510175+00:00
2026-03-03,116.02,https://cdn.cboe.com/api/global/us_indices/daily_prices/VVIX_History.csv,2026-10-02T14:42:11.510175+00:00
2026-03-04,106.94,https://cdn.cboe.com/api/global/us_indices/daily_prices/VVIX_History.csv,2026-10-02T14:42:11.510175+00:00
2026-03-05,115.93,https://cdn.cboe.com/api/global/us_indices/daily_prices/VVIX_History.csv,2026-10-02T14:42:11.510175+00:00
2026-03-06,140.44,https://cdn.cboe.com/api/global/us_indices/daily_prices/VVIX_History.csv,2026-10-02T14:42:11.510175+00:00
2026-03-09,122.6,https://cdn.cboe.com/api/global/us_indices/daily_prices/VVIX_History.csv,2026-10-02T14:42:11.510175+00:00
2026-03-10,125.36,https://cdn.cboe.com/api/global/us_indices/daily_prices/VVIX_History.csv,2026-10-02T14:42:11.510175+00:00
2026-03-11,122.49,https://cdn.cboe.com/api/global/us_indices/daily_prices/VVIX_History.csv,2026-10-02T14:42:11.510175+00:00
2026-03-12,130.18,https://cdn.cboe.com/api/global/us_indices/daily_prices/VVIX_History.csv,2026-10-02T14:42:11.510175+00:00
2026-03-13,131.05,https://cdn.cboe.com/api/global/us_indices/daily_prices/VVIX_History.csv,2026-10-02T14:42:11.510175+00:00
2026-03-16,116.78,https://cdn.cboe.com/api/global/us_indices/daily_prices/VVIX_History.csv,2026-10-02T14:42:11.510175+00:00
2026-03-17,110.55,https://cdn.cboe.com/api/global/us_indices/daily_prices/VVIX_History.csv,2026-10-02T14:42:11.510175+00:00
2026-03-18,126.5,https://cdn.cboe.com/api/global/us_indices/daily_prices/VVIX_History.csv,2026-10-02T14:42:11.510175+00:00
2026-03-19,118.09,https://cdn.cboe.com/api/global/us_indices/daily_prices/VVIX_History.csv,2026-10-02T14:42:11.510175+00:00
2026-03-20,126.28,https://cdn.cboe.com/api/global/us_indices/daily_prices/VVIX_History.csv,2026-10-02T14:42:11.510175+00:00
2026-03-23,122.82,https://cdn.cboe.com/api/global/us_indices/daily_prices/VVIX_History.csv,2026-10-02T14:42:11.510175+00:00
2026-03-24,124.14,https://cdn.cboe.com/api/global/us_indices/daily_prices/VVIX_History.csv,2026-10-02T14:42:11.510175+00:00
2026-03-25,119.37,https://cdn.cboe.com/api/global/us_indices/daily_prices/VVIX_History.csv,2026-10-02T14:42:11.510175+00:00
2026-03-26,124.43,https://cdn.cboe.com/api/global/us_indices/daily_prices/VVIX_History.csv,2026-10-02T14:42:11.510175+00:00
2026-03-27,133.18,https://cdn.cboe.com/api/global/us_indices/daily_prices/VVIX_History.csv,2026-10-02T14:42:11.510175+00:00
2026-03-30,127.84,https://cdn.cboe.com/api/global/us_indices/daily_prices/VVIX_History.csv,2026-10-02T14:42:11.510175+00:00
2026-03-31,116.05,https://cdn.cboe.com/api/global/us_indices/daily_prices/VVIX_History.csv,2026-10-02T14:42:11.510175+00:00
2026-04-01,114.83,https://cdn.cboe.com/api/global/us_indices/daily_prices/VVIX_History.csv,2026-10-02T14:42:11.510175+00:00
2026-04-02,115.33,https://cdn.cboe.com/api/global/us_indices/daily_prices/VVIX_History.csv,2026-10-02T14:42:11.510175+00:00
2026-04-06,113.53,https://cdn.cboe.com/api/global/us_indices/daily_prices/VVIX_History.csv,2026-10-02T14:42:11.510175+00:00
2026-04-07,117.3,https://cdn.cboe.com/api/global/us_indices/daily_prices/VVIX_History.csv,2026-10-02T14:42:11.510175+00:00
2026-04-08,111.07,https://cdn.cboe.com/api/global/us_indices/daily_prices/VVIX_History.csv,2026-10-02T14:42:11.510175+00:00
2026-04-09,105.37,https://cdn.cboe.com/api/global/us_indices/daily_prices/VVIX_History.csv,2026-10-02T14:42:11.510175+00:00
2026-04-10,107.3,https://cdn.cboe.com/api/global/us_indices/daily_prices/VVIX_History.csv,2026-10-02T14:42:11.510175+00:00
2026-04-13,102.63,https://cdn.cboe.com/api/global/us_indices/daily_prices/VVIX_History.csv,2026-10-02T14:42:11.510175+00:00
2026-04-14,95.4,https://cdn.cboe.com/api/global/us_indices/daily_prices/VVIX_History.csv,2026-10-02T14:42:11.510175+00:00
2026-04-15,97.65,https://cdn.cboe.com/api/global/us_indices/daily_prices/VVIX_History.csv,2026-10-02T14:42:11.510175+00:00
2026-04-16,96.8,https://cdn.cboe.com/api/global/us_indices/daily_prices/VVIX_History.csv,2026-10-02T14:42:11.510175+00:00
2026-04-17,95.13,https://cdn.cboe.com/api/global/us_indices/daily_prices/VVIX_History.csv,2026-10-02T14:42:11.510175+00:00
2026-04-20,98.15,https://cdn.cboe.com/api/global/us_indices/daily_prices/VVIX_History.csv,2026-10-02T14:42:11.510175+00:00
2026-04-21,101.89,https://cdn.cboe.com/api/global/us_indices/daily_prices/VVIX_History.csv,2026-10-02T14:42:11.510175+00:00
2026-04-22,98.73,https://cdn.cboe.com/api/global/us_indices/daily_prices/VVIX_History.csv,2026-10-02T14:42:11.510175+00:00
2026-04-23,98.57,https://cdn.cboe.com/api/global/us_indices/daily_prices/VVIX_History.csv,2026-10-02T14:42:11.510175+00:00
2026-04-24,97.18,https://cdn.cboe.com/api/global/us_indices/daily_prices/VVIX_History.csv,2026-10-02T14:42:11.510175+00:00
2026-04-27,93.86,https://cdn.cboe.com/api/global/us_indices/daily_prices/VVIX_History.csv,2026-10-02T14:42:11.510175+00:00
2026-04-28,91.03,https://cdn.cboe.com/api/global/us_indices/daily_prices/VVIX_History.csv,2026-10-02T14:42:11.510175+00:00
2026-04-29,96.02,https://cdn.cboe.com/api/global/us_indices/daily_prices/VVIX_History.csv,2026-10-02T14:42:11.510175+00:00
2026-04-30,93.7,https://cdn.cboe.com/api/global/us_indices/daily_prices/VVIX_History.csv,2026-10-02T14:42:11.510175+00:00
2026-05-01,95.17,https://cdn.cboe.com/api/global/us_indices/daily_prices/VVIX_History.csv,2026-10-02T14:42:11.510175+00:00
2026-05-04,98.29,https://cdn.cboe.com/api/global/us_indices/daily_prices/VVIX_History.csv,2026-10-02T14:42:11.510175+00:00
2026-05-05,95.26,https://cdn.cboe.com/api/global/us_indices/daily_prices/VVIX_History.csv,2026-10-02T14:42:11.510175+00:00
2026-05-06,93.7,https://cdn.cboe.com/api/global/us_indices/daily_prices/VVIX_History.csv,2026-10-02T14:42:11.510175+00:00
2026-05-07,93.61,https://cdn.cboe.com/api/global/us_indices/daily_prices/VVIX_History.csv,2026-10-02T14:42:11.510175+00:00
2026-05-08,96.78,https://cdn.cboe.com/api/global/us_indices/daily_prices/VVIX_History.csv,2026-10-02T14:42:11.510175+00:00
2026-05-11,98.06,https://cdn.cboe.com/api/global/us_indices/daily_prices/VVIX_History.csv,2026-10-02T14:42:11.510175+00:00
2026-05-12,98.55,https://cdn.cboe.com/api/global/us_indices/daily_prices/VVIX_History.csv,2026-10-02T14:42:11.510175+00:00
2026-05-13,98.36,https://cdn.cboe.com/api/global/us_indices/daily_prices/VVIX_History.csv,2026-10-02T14:42:11.510175+00:00
2026-05-14,94.26,https://cdn.cboe.com/api/global/us_indices/daily_prices/VVIX_History.csv,2026-10-02T14:42:11.510175+00:00
2026-05-15,92.94,https://cdn.cboe.com/api/global/us_indices/daily_prices/VVIX_History.csv,2026-10-02T14:42:11.510175+00:00
2026-05-18,91.18,https://cdn.cboe.com/api/global/us_indices/daily_prices/VVIX_History.csv,2026-10-02T14:42:11.510175+00:00
2026-05-19,94.61,https://cdn.cboe.com/api/global/us_indices/daily_prices/VVIX_History.csv,2026-10-02T14:42:11.510175+00:00
2026-05-20,96.45,https://cdn.cboe.com/api/global/us_indices/daily_prices/VVIX_History.csv,2026-10-02T14:42:11.510175+00:00
2026-05-21,91.88,https://cdn.cboe.com/api/global/us_indices/daily_prices/VVIX_History.csv,2026-10-02T14:42:11.510175+00:00
2026-05-22,91.16,https://cdn.cboe.com/api/global/us_indices/daily_prices/VVIX_History.csv,2026-10-02T14:42:11.510175+00:00
2026-05-26,89.55,https://cdn.cboe.com/api/global/us_indices/daily_prices/VVIX_History.csv,2026-10-02T14:42:11.510175+00:00
2026-05-27,87.53,https://cdn.cboe.com/api/global/us_indices/daily_prices/VVIX_History.csv,2026-10-02T14:42:11.510175+00:00
2026-05-28,86.03,https://cdn.cboe.com/api/global/us_indices/daily_prices/VVIX_History.csv,2026-10-02T14:42:11.510175+00:00
2026-05-29,86.06,https://cdn.cboe.com/api/global/us_indices/daily_prices/VVIX_History.csv,2026-10-02T14:42:11.510175+00:00
2026-06-01,91.6,https://cdn.cboe.com/api/global/us_indices/daily_prices/VVIX_History.csv,2026-10-02T14:42:11.510175+00:00
2026-06-02,90.53,https://cdn.cboe.com/api/global/us_indices/daily_prices/VVIX_History.csv,2026-10-02T14:42:11.510175+00:00
2026-06-03,89.8,https://cdn.cboe.com/api/global/us_indices/daily_prices/VVIX_History.csv,2026-10-02T14:42:11.510175+00:00
2026-06-04,85.75,https://cdn.cboe.com/api/global/us_indices/daily_prices/VVIX_History.csv,2026-10-02T14:42:11.510175+00:00
2026-06-05,102.04,https://cdn.cboe.com/api/global/us_indices/daily_prices/VVIX_History.csv,2026-10-02T14:42:11.510175+00:00
2026-06-08,92.4,https://cdn.cboe.com/api/global/us_indices/daily_prices/VVIX_History.csv,2026-10-02T14:42:11.510175+00:00
2026-06-09,95.81,https://cdn.cboe.com/api/global/us_indices/daily_prices/VVIX_History.csv,2026-10-02T14:42:11.510175+00:00
2026-06-10,108.16,https://cdn.cboe.com/api/global/us_indices/daily_prices/VVIX_History.csv,2026-10-02T14:42:11.510175+00:00
2026-06-11,100.63,https://cdn.cboe.com/api/global/us_indices/daily_prices/VVIX_History.csv,2026-10-02T14:42:11.510175+00:00
2026-06-12,93.82,https://cdn.cboe.com/api/global/us_indices/daily_prices/VVIX_History.csv,2026-10-02T14:42:11.510175+00:00
2026-06-15,87.58,https://cdn.cboe.com/api/global/us_indices/daily_prices/VVIX_History.csv,2026-10-02T14:42:11.510175+00:00
2026-06-16,87.69,https://cdn.cboe.com/api/global/us_indices/daily_prices/VVIX_History.csv,2026-10-02T14:42:11.510175+00:00
2026-06-17,94.53,https://cdn.cboe.com/api/global/us_indices/daily_prices/VVIX_History.csv,2026-10-02T14:42:11.510175+00:00
2026-06-18,88.43,https://cdn.cboe.com/api/global/us_indices/daily_prices/VVIX_History.csv,2026-10-02T14:42:11.510175+00:00
2026-06-22,91.72,https://cdn.cboe.com/api/global/us_indices/daily_prices/VVIX_History.csv,2026-10-02T14:42:11.510175+00:00
2026-06-23,99.5,https://cdn.cboe.com/api/global/us_indices/daily_prices/VVIX_History.csv,2026-10-02T14:42:11.510175+00:00
2026-06-24,95.58,https://cdn.cboe.com/api/global/us_indices/daily_prices/VVIX_History.csv,2026-10-02T14:42:11.510175+00:00
2026-06-25,91.19,https://cdn.cboe.com/api/global/us_indices/daily_prices/VVIX_History.csv,2026-10-02T14:42:11.510175+00:00
2026-06-26,89.02,https://cdn.cboe.com/api/global/us_indices/daily_prices/VVIX_History.csv,2026-10-02T14:42:11.510175+00:00
2026-06-29,88.71,https://cdn.cboe.com/api/global/us_indices/daily_prices/VVIX_History.csv,2026-10-02T14:42:11.510175+00:00
2026-06-30,86.87,https://cdn.cboe.com/api/global/us_indices/daily_prices/VVIX_History.csv,2026-10-02T14:42:11.510175+00:00
2026-07-01,89.04,https://cdn.cboe.com/api/global/us_indices/daily_prices/VVIX_History.csv,2026-10-02T14:42:11.510175+00:00
2026-07-02,88.8,https://cdn.cboe.com/api/global/us_indices/daily_prices/VVIX_History.csv,2026-10-02T14:42:11.510175+00:00
2026-07-06,87.09,https://cdn.cboe.com/api/global/us_indices/daily_prices/VVIX_History.csv,2026-10-02T14:42:11.510175+00:00
2026-07-07,87.9,https://cdn.cboe.com/api/global/us_indices/daily_prices/VVIX_History.csv,2026-10-02T14:42:11.510175+00:00
2026-07-08,91.38,https://cdn.cboe.com/api/global/us_indices/daily_prices/VVIX_History.csv,2026-10-02T14:42:11.510175+00:00
2026-07-09,88.78,https://cdn.cboe.com/api/global/us_indices/daily_prices/VVIX_History.csv,2026-10-02T14:42:11.510175+00:00
2026-07-10,87.28,https://cdn.cboe.com/api/global/us_indices/daily_prices/VVIX_History.csv,2026-10-02T14:42:11.510175+00:00
2026-07-13,95.28,https://cdn.cboe.com/api/global/us_indices/daily_prices/VVIX_History.csv,2026-10-02T14:42:11.510175+00:00
2026-07-14,93.53,https://cdn.cboe.com/api/global/us_indices/daily_prices/VVIX_History.csv,2026-10-02T14:42:11.510175+00:00
2026-07-15,91.85,https://cdn.cboe.com/api/global/us_indices/daily_prices/VVIX_History.csv,2026-10-02T14:42:11.510175+00:00
2026-07-16,97.31,https://cdn.cboe.com/api/global/us_indices/daily_prices/VVIX_History.csv,2026-10-02T14:42:11.510175+00:00
2026-07-17,104.87,https://cdn.cboe.com/api/global/us_indices/daily_prices/VVIX_History.csv,2026-10-02T14:42:11.510175+00:00
2026-07-20,102.82,https://cdn.cboe.com/api/global/us_indices/daily_prices/VVIX_History.csv,2026-10-02T14:42:11.510175+00:00
2026-07-21,96.34,https://cdn.cboe.com/api/global/us_indices/daily_prices/VVIX_History.csv,2026-10-02T14:42:11.510175+00:00
2026-07-22,95.55,https://cdn.cboe.com/api/global/us_indices/daily_prices/VVIX_History.csv,2026-10-02T14:42:11.510175+00:00
2026-07-23,102.17,https://cdn.cboe.com/api/global/us_indices/daily_prices/VVIX_History.csv,2026-10-02T14:42:11.510175+00:00
2026-07-24,100.73,https://cdn.cboe.com/api/global/us_indices/daily_prices/VVIX_History.csv,2026-10-02T14:42:11.510175+00:00
2026-07-27,100.91,https://cdn.cboe.com/api/global/us_indices/daily_prices/VVIX_History.csv,2026-10-02T14:42:11.510175+00:00
2026-07-28,98.51,https://cdn.cboe.com/api/global/us_indices/daily_prices/VVIX_History.csv,2026-10-02T14:42:11.510175+00:00
2026-07-29,109.47,https://cdn.cboe.com/api/global/us_indices/daily_prices/VVIX_History.csv,2026-10-02T14:42:11.510175+00:00
2026-07-30,94.66,https://cdn.cboe.com/api/global/us_indices/daily_prices/VVIX_History.csv,2026-10-02T14:42:11.510175+00:00
2026-07-31,91.64,https://cdn.cboe.com/api/global/us_indices/daily_prices/VVIX_History.csv,2026-10-02T14:42:11.510175+00:00
2026-08-03,90.81,https://cdn.cboe.com/api/global/us_indices/daily_prices/VVIX_History.csv,2026-10-02T14:42:11.510175+00:00
2026-08-04,92.57,https://cdn.cboe.com/api/global/us_indices/daily_prices/VVIX_History.csv,2026-10-02T14:42:11.510175+00:00
2026-08-05,90.43,https://cdn.cboe.com/api/global/us_indices/daily_prices/VVIX_History.csv,2026-10-02T14:42:11.510175+00:00
2026-08-06,88.72,https://cdn.cboe.com/api/global/us_indices/daily_prices/VVIX_History.csv,2026-10-02T14:42:11.510175+00:00
2026-08-07,90.42,https://cdn.cboe.com/api/global/us_indices/daily_prices/VVIX_History.csv,2026-10-02T14:42:11.510175+00:00
2026-08-10,92.51,https://cdn.cboe.com/api/global/us_indices/daily_prices/VVIX_History.csv,2026-10-02T14:42:11.510175+00:00
2026-08-11,90.9,https://cdn.cboe.com/api/global/us_indices/daily_prices/VVIX_History.csv,2026-10-02T14:42:11.510175+00:00
2026-08-12,88.5,https://cdn.cboe.com/api/global/us_indices/daily_prices/VVIX_History.csv,2026-10-02T14:42:11.510175+00:00
2026-08-13,89.42,https://cdn.cboe.com/api/global/us_indices/daily_prices/VVIX_History.csv,2026-10-02T14:42:11.510175+00:00
2026-08-14,87.48,https://cdn.cboe.com/api/global/us_indices/daily_prices/VVIX_History.csv,2026-10-02T14:42:11.510175+00:00
2026-08-17,93.92,https://cdn.cboe.com/api/global/us_indices/daily_prices/VVIX_History.csv,2026-10-02T14:42:11.510175+00:00
2026-08-18,92.87,https://cdn.cboe.com/api/global/us_indices/daily_prices/VVIX_History.csv,2026-10-02T14:42:11.510175+00:00
2026-08-19,86.53,https://cdn.cboe.com/api/global/us_indices/daily_prices/VVIX_History.csv,2026-10-02T14:42:11.510175+00:00
2026-08-20,89.86,https://cdn.cboe.com/api/global/us_indices/daily_prices/VVIX_History.csv,2026-10-02T14:42:11.510175+00:00
2026-08-21,86.27,https://cdn.cboe.com/api/global/us_indices/daily_prices/VVIX_History.csv,2026-10-02T14:42:11.510175+00:00
2026-08-24,88.64,https://cdn.cboe.com/api/global/us_indices/daily_prices/VVIX_History.csv,2026-10-02T14:42:11.510175+00:00
2026-08-25,85.67,https://cdn.cboe.com/api/global/us_indices/daily_prices/VVIX_History.csv,2026-10-02T14:42:11.510175+00:00
2026-08-26,85.24,https://cdn.cboe.com/api/global/us_indices/daily_prices/VVIX_History.csv,2026-10-02T14:42:11.510175+00:00
2026-08-27,82.9,https://cdn.cboe.com/api/global/us_indices/daily_prices/VVIX_History.csv,2026-10-02T14:42:11.510175+00:00
2026-08-28,86.63,https://cdn.cboe.com/api/global/us_indices/daily_prices/VVIX_History.csv,2026-10-02T14:42:11.510175+00:00
2026-08-31,86.29,https://cdn.cboe.com/api/global/us_indices/daily_prices/VVIX_History.csv,2026-10-02T14:42:11.510175+00:00
2026-09-01,91.25,https://cdn.cboe.com/api/global/us_indices/daily_prices/VVIX_History.csv,2026-10-02T14:42:11.510175+00:00
2026-09-02,86.25,https://cdn.cboe.com/api/global/us_indices/daily_prices/VVIX_History.csv,2026-10-02T14:42:11.510175+00:00
2026-09-03,83.8,https://cdn.cboe.com/api/global/us_indices/daily_prices/VVIX_History.csv,2026-10-02T14:42:11.510175+00:00
2026-09-04,84.42,https://cdn.cboe.com/api/global/us_indices/daily_prices/VVIX_History.csv,2026-10-02T14:42:11.510175+00:00
2026-09-08,88.69,https://cdn.cboe.com/api/global/us_indices/daily_prices/VVIX_History.csv,2026-10-02T14:42:11.510175+00:00
2026-09-09,94.5,https://cdn.cboe.com/api/global/us_indices/daily_prices/VVIX_History.csv,2026-10-02T14:42:11.510175+00:00
2026-09-10,102.66,https://cdn.cboe.com/api/global/us_indices/daily_prices/VVIX_History.csv,2026-10-02T14:42:11.510175+00:00
2026-09-11,91.28,https://cdn.cboe.com/api/global/us_indices/daily_prices/VVIX_History.csv,2026-10-02T14:42:11.510175+00:00
2026-09-14,94.89,https://cdn.cboe.com/api/global/us_indices/daily_prices/VVIX_History.csv,2026-10-02T14:42:11.510175+00:00
2026-09-15,94.91,https://cdn.cboe.com/api/global/us_indices/daily_prices/VVIX_History.csv,2026-10-02T14:42:11.510175+00:00
2026-09-16,95.41,https://cdn.cboe.com/api/global/us_indices/daily_prices/VVIX_History.csv,2026-10-02T14:42:11.510175+00:00
2026-09-17,87.72,https://cdn.cboe.com/api/global/us_indices/daily_prices/VVIX_History.csv,2026-10-02T14:42:11.510175+00:00
2026-09-18,87.38,https://cdn.cboe.com/api/global/us_indices/daily_prices/VVIX_History.csv,2026-10-02T14:42:11.510175+00:00
2026-09-21,85.77,https://cdn.cboe.com/api/global/us_indices/daily_prices/VVIX_History.csv,2026-10-02T14:42:11.510175+00:00
2026-09-22,83.17,https://cdn.cboe.com/api/global/us_indices/daily_prices/VVIX_History.csv,2026-10-02T14:42:11.510175+00:00
