date,"99/96 monthly, no hedge","99/96 monthly, 5% credit put-spread hedge","101/98 monthly, no hedge","101/98 monthly, 5% credit put-spread hedge"
2016-09-22,1000000.0,1000000.0,1000000.0,1000000.0
2016-09-23,1000000.0,1000000.0,1000000.0,1000000.0
2016-09-26,1000000.0,1000000.0,1000000.0,1000000.0
2016-09-27,1000000.0,1000000.0,1000000.0,1000000.0
2016-09-28,1000000.0,1000000.0,1000000.0,1000000.0
2016-09-29,1000000.0,1000000.0,1000000.0,1000000.0
2016-09-30,1000000.0,1000000.0,1000000.0,1000000.0
2016-10-03,1000000.0,1000000.0,1000000.0,1000000.0
2016-10-04,1000000.0,1000000.0,1000000.0,1000000.0
2016-10-05,1000000.0,1000000.0,1000000.0,1000000.0
2016-10-06,1000000.0,1000000.0,1000000.0,1000000.0
2016-10-07,1000000.0,1000000.0,1000000.0,1000000.0
2016-10-10,1000000.0,1000000.0,1000000.0,1000000.0
2016-10-11,1000000.0,1000000.0,1000000.0,1000000.0
2016-10-12,1000000.0,1000000.0,1000000.0,1000000.0
2016-10-13,1000000.0,1000000.0,1000000.0,1000000.0
2016-10-14,1000000.0,1000000.0,1000000.0,1000000.0
2016-10-17,1000000.0,1000000.0,1000000.0,1000000.0
2016-10-18,1000000.0,1000000.0,1000000.0,1000000.0
2016-10-19,1000000.0,1000000.0,1000000.0,1000000.0
2016-10-20,1000000.0,1000000.0,1000000.0,1000000.0
2016-10-21,999856.1320754717,999812.5,999731.4814814815,999671.2962962963
2016-10-24,1001035.3773584906,1000885.6132075471,1001004.6296296297,1000817.1296296297
2016-10-25,1000257.0754716981,1000119.1037735849,1000148.1481481482,999995.3703703703
2016-10-26,999691.037735849,999623.820754717,999500.0,999405.0925925926
2016-10-27,998346.6981132076,998350.2358490566,997995.3703703703,998247.6851851852
2016-10-28,998441.037735849,998538.9150943396,998226.8518518518,998340.2777777778
2016-10-31,998299.5283018867,998397.4056603773,998203.7037037037,998317.1296296297
2016-11-01,995870.283018868,996133.2547169811,995333.3333333334,995655.0925925926
2016-11-02,994030.6603773584,994281.8396226416,993458.3333333334,993814.8148148148
2016-11-03,993464.6226415094,993963.4433962264,992879.6296296297,993560.1851851852
2016-11-04,993370.283018868,994163.9150943396,992648.1481481482,993652.7777777778
2016-11-07,999549.5283018867,999670.9905660377,999893.5185185185,1000064.8148148148
2016-11-08,1000445.7547169811,1000637.9716981133,1000819.4444444445,1001025.4629629629
2016-11-09,1004136.7924528302,1003904.4811320754,1004222.2222222222,1003907.4074074074
2016-11-10,1004761.7924528302,1004494.1037735849,1005356.4814814815,1005018.5185185185
2016-11-11,1004891.5094339623,1004588.4433962264,1004881.9444444445,1004497.6851851852
2016-11-14,1005492.9245283019,1005178.0660377359,1005460.6481481482,1005064.8148148148
2016-11-15,1006224.0566037736,1005909.1981132076,1008481.4814814815,1008074.074074074
2016-11-16,1006318.3962264151,1006003.537735849,1008701.3888888889,1008293.9814814815
2016-11-17,1006365.5660377359,1006050.7075471698,1009349.5370370371,1008942.1296296297
2016-11-18,1006436.320754717,1006121.462264151,1009546.2962962963,1009138.8888888889
2016-11-21,1006436.320754717,1006121.462264151,1009546.2962962963,1009138.8888888889
2016-11-22,1006436.320754717,1006121.462264151,1009546.2962962963,1009138.8888888889
2016-11-23,1006436.320754717,1006121.462264151,1009546.2962962963,1009138.8888888889
2016-11-25,1006436.320754717,1006121.462264151,1009546.2962962963,1009138.8888888889
2016-11-28,1006436.320754717,1006121.462264151,1009546.2962962963,1009138.8888888889
2016-11-29,1006436.320754717,1006121.462264151,1009546.2962962963,1009138.8888888889
2016-11-30,1006436.320754717,1006121.462264151,1009546.2962962963,1009138.8888888889
2016-12-01,1006436.320754717,1006121.462264151,1009546.2962962963,1009138.8888888889
2016-12-02,1006436.320754717,1006121.462264151,1009546.2962962963,1009138.8888888889
2016-12-05,1006436.320754717,1006121.462264151,1009546.2962962963,1009138.8888888889
2016-12-06,1006436.320754717,1006121.462264151,1009546.2962962963,1009138.8888888889
2016-12-07,1006436.320754717,1006121.462264151,1009546.2962962963,1009138.8888888889
2016-12-08,1006436.320754717,1006121.462264151,1009546.2962962963,1009138.8888888889
2016-12-09,1006436.320754717,1006121.462264151,1009546.2962962963,1009138.8888888889
2016-12-12,1006436.320754717,1006121.462264151,1009546.2962962963,1009138.8888888889
2016-12-13,1006436.320754717,1006121.462264151,1009546.2962962963,1009138.8888888889
2016-12-14,1006436.320754717,1006121.462264151,1009546.2962962963,1009138.8888888889
2016-12-15,1006436.320754717,1006121.462264151,1009546.2962962963,1009138.8888888889
2016-12-16,1006276.8185699545,1005909.2335182047,1009212.7262946754,1008748.0407853149
2016-12-19,1006950.7714633171,1006549.2884662967,1009897.5388807845,1009278.0043155848
2016-12-20,1007467.4686815616,1007054.5950042643,1010869.5309384877,1010238.5632141989
2016-12-21,1007040.6318490987,1006594.204603005,1009919.6296093686,1009266.9634087041
2016-12-22,1006995.7016562079,1006560.5175004738,1009764.9945092795,1009112.3907123754
2016-12-23,1007287.7479099983,1006830.0143207231,1009985.9017951211,1009333.2088499878
2016-12-27,1007579.7941637888,1007099.5111409725,1010317.2627238836,1009598.1906151228
2016-12-28,1005894.9119303824,1005460.0721511224,1007467.5587365264,1006871.086615609
2016-12-29,1005849.9817374916,1005415.1560144142,1007423.3772793581,1006826.9229880866
2016-12-30,1004502.0759507666,1004112.5880498758,1005368.9395210309,1004883.723377097
2017-01-03,1007332.6781028891,1006830.0143207231,1009080.1819231705,1008284.3226963287
2017-01-04,1009062.4905291863,1008536.8275156355,1011642.7064389335,1010768.5267444687
2017-01-05,1009365.7693311995,1008840.011438416,1011797.3415390226,1010923.0994407975
2017-01-06,1010152.0477067891,1009592.3567282787,1013432.0554542508,1012524.0309384877
2017-01-09,1010219.4429961253,1009659.7309333411,1012228.1107464138,1011320.5720884999
2017-01-10,1010556.4194428066,1009996.6019586527,1012095.5663749088,1011165.9993921712
2017-01-11,1010994.4888234922,1010434.5342915579,1014183.1402261123,1013252.7307926088
2017-01-12,1010859.6982448198,1010299.7858814332,1012603.6531323446,1011707.0038293217
2017-01-13,1011612.2789757412,1011052.1311712959,1015508.5839411622,1014599.7214320448
2017-01-17,1011398.8605595097,1010827.5504877548,1012780.3789610179,1011872.617432531
2017-01-18,1011589.8138792958,1011018.4440687647,1014094.7773117757,1013175.4444444445
2017-01-19,1011601.0464275185,1011018.4440687647,1012360.6551179189,1011408.8993435449
2017-01-20,1011845.7461975592,1011187.8144746237,1013947.9974841845,1012943.8937962942
2017-01-23,1011418.4550210012,1010760.7693391419,1012953.6145238793,1011961.4830090007
2017-01-24,1012790.2845878451,1012075.6188352307,1015318.0362294938,1014169.1476995482
2017-01-25,1014240.8256872129,1013502.8486301306,1018477.9643033525,1017237.8016194094
2017-01-26,1014409.4932569067,1013671.4190783472,1018610.5486980599,1017359.2231773895
2017-01-27,1014274.5592011516,1013559.0387795361,1018013.9189218768,1016741.0770640362
2017-01-30,1013240.0647736955,1012525.1400304748,1015693.6920144979,1014522.3740500358
2017-01-31,1013285.0427922806,1012581.3301798803,1015627.3998171443,1014434.0674624139
2017-02-01,1013554.9109037908,1012851.0428970268,1015539.0102206727,1014334.7225513393
2017-02-02,1013768.5564920699,1013042.0894050054,1016113.542597738,1014886.6387239762
2017-02-03,1015252.8311053764,1014503.0332895487,1019549.6881605703,1018231.2507301557
2017-02-06,1015207.8530867914,1014458.0811700242,1018986.2044830641,1017668.2962340661
2017-02-07,1015500.2102075941,1014716.5558572896,1019450.2498645398,1018087.7525252702
2017-02-08,1015702.6112912268,1014918.8403951494,1020267.8536319019,1018904.5884607728
2017-02-09,1016174.8804863698,1015368.3615903935,1022687.5188353112,1021277.8280031114
2017-02-10,1016309.814542125,1015503.2179489667,1023604.5608987038,1022194.0088496887
2017-02-13,1016366.0370653563,1015559.4080983722,1024355.8724687122,1022955.6531679276
2017-02-14,1016388.5260746488,1015559.4080983722,1024576.8464598911,1023121.2280197187
2017-02-15,1016411.0150839413,1015615.5982477777,1024621.0412581268,1023176.4196369824
2017-02-16,1016455.9931025264,1015649.312337421,1024687.3334554805,1023242.6495776988
2017-02-17,1016334.8333279819,1015449.6241179794,1024482.3135817731,1022955.01668774
2017-02-21,1017449.7053608245,1016541.7684883632,1026553.4392536255,1024883.1876472514
2017-02-22,1017580.866776453,1016672.8258128093,1026833.9041883554,1025152.4852672949
2017-02-23,1017843.18960771,1016934.9404617015,1027437.9825093123,1025777.2557457959
2017-02-24,1018149.2329108432,1017229.819441705,1028042.0608302694,1026358.9386050899
2017-02-27,1018291.3244444409,1017360.8767661512,1028344.0999907478,1026606.6924155299
2017-02-28,1017624.5872483292,1016694.668700217,1026855.4784141039,1025152.4852672949
2017-03-01,1019515.4976569738,1018551.3141298695,1031429.2142727779,1029612.0538552154
2017-03-02,1019460.8470671286,1018485.7854676464,1030598.6065814621,1028761.0733758779
2017-03-03,1019941.7722577666,1018966.3289906153,1031288.9818054129,1029396.6157591806
2017-03-06,1019908.9819038594,1018911.7217720961,1030717.2648230786,1028804.1609950849
2017-03-07,1019602.9386007262,1018605.9213483887,1029045.2623275728,1027166.8314652203
2017-03-08,1019548.2880108809,1018573.1570172772,1028592.2035868551,1026735.9552731507
2017-03-09,1019570.148246819,1018594.9999046848,1029077.6236661955,1027242.2347988326
2017-03-10,1020029.2132015189,1019031.8576528383,1030825.1359518209,1028933.4238527057
2017-03-13,1020302.4661507449,1019283.0508580266,1032011.7183679864,1030075.2457616902
2017-03-14,1020094.7939093332,1019086.4648713575,1030188.6962922413,1028254.7938501962
2017-03-15,1020521.0685101259,1019501.4797321034,1034374.096087443,1032412.7491036679
2017-03-16,1020597.5793359092,1019588.8512817341,1035301.7877946268,1033339.1329166176
2017-03-17,1020607.5658714138,1019547.8847098857,1035526.7778865887,1033475.804444018
2017-03-20,1020369.1740113107,1019320.5561808937,1034859.1671038843,1032852.4621051037
2017-03-21,1016728.2801479158,1015726.6003892104,1029087.5642082455,1027586.2940694473
2017-03-22,1016749.9521351979,1015748.2507253049,1029432.1375154478,1027973.1962108425
2017-03-23,1016229.8244404272,1015239.4678270847,1028958.3492180445,1027607.7886328582
2017-03-24,1016988.3439953012,1015986.4044223442,1029733.6391592498,1028123.6581547183
2017-03-27,1016078.1205294525,1015022.9644661399,1027472.3768307347,1025694.7724892932
2017-03-28,1018332.0072067921,1017231.2987477765,1029884.3899811509,1027779.745140145
2017-03-29,1019458.950545462,1018335.465888595,1031133.4682197592,1029004.9352545629
2017-03-30,1020715.9258078244,1019569.5350459801,1033179.372231273,1030939.4459615387
2017-03-31,1019979.0782402327,1018898.3746270513,1031521.1131903618,1029305.8591423148
2017-04-03,1019740.6863801294,1018595.2699217286,1030681.2157540561,1028424.5820424702
2017-04-04,1020152.4541384896,1018974.150803382,1030595.0724272556,1028295.6146620051
2017-04-05,1018201.9752830995,1017058.0960590207,1028312.2742670403,1026189.1474477426
2017-04-06,1019523.9665073083,1018346.2910566422,1029884.3899811509,1027597.0413511528
2017-04-07,1019567.3104818725,1018378.7665607838,1029410.6016837476,1027113.4136744088
2017-04-10,1020000.7502275148,1018811.7732826734,1028699.9192376429,1026339.6093916185
2017-04-11,1019968.2422465916,1018790.122946579,1027924.6292964376,1025565.8051088282
2017-04-12,1017855.2234865857,1016592.6138329895,1024758.8620365164,1022363.1151606127
2017-04-13,1014669.4413561152,1013496.6157714792,1021334.6647961934,1019074.4469587539
2017-04-17,1019881.5542974632,1018671.0460980593,1024586.5753829152,1022094.4331179772
2017-04-18,1018201.9752830995,1016982.3198826901,1021463.8797863942,1018977.7214234051
2017-04-19,1016923.3280334548,1015704.950053116,1020128.6582209852,1017645.0584919329
2017-04-20,1023023.9924533693,1021799.5196637113,1025943.3327800244,1023448.5906128603
2017-04-21,1023014.3516541672,1021710.8116125675,1023266.4916430499,1020640.6694937394
2017-04-24,1026007.1080288064,1024612.0691527546,1026542.7791373044,1023693.8694559904
2017-04-25,1026865.3249303574,1025447.2796567478,1028439.5771602939,1025553.7412639813
2017-04-26,1026832.31658799,1025403.3212091692,1028180.9228844317,1025284.9736616705
2017-04-27,1027085.3805461397,1025634.1030589568,1028892.2221430527,1025983.7694276787
2017-04-28,1026865.3249303574,1025425.3004329585,1028612.0133442021,1025725.7525294602
2017-05-01,1027316.4389427111,1025875.8745206391,1029517.3033097198,1026564.30744867
2017-05-02,1027272.4278195546,1025831.9160730605,1029323.3126028231,1026392.2961831911
2017-05-03,1027228.4166963982,1025787.9576254819,1029129.3218959264,1026220.2849177122
2017-05-04,1027382.4556274458,1025941.812192007,1029528.080571214,1026596.5595609474
2017-05-05,1027679.5307087519,1026216.5524893733,1030886.0155194906,1027961.8989806863
2017-05-08,1028064.6280363709,1026601.1889056859,1031424.8785942035,1028456.4313689383
2017-05-09,1028064.6280363709,1026601.1889056859,1031252.4424102954,1028273.669399367
2017-05-10,1028163.653063473,1026700.0954127377,1031661.9783470772,1028703.6975630643
2017-05-11,1028119.6419403164,1026667.1265770538,1031403.3240712149,1028445.6806648459
2017-05-12,1028262.6780905749,1026799.0019197896,1031748.1964390312,1028778.9524917112
2017-05-15,1028350.7003368879,1026864.9395911575,1032696.595450526,1029703.5130436606
2017-05-16,1028372.7058984662,1026886.9188149468,1032761.2590194915,1029757.2665641228
2017-05-17,1027052.3722037723,1025568.165387589,1026079.3568930513,1023124.0821390914
2017-05-18,1028295.6864329423,1026744.0538603163,1028030.041223512,1024973.20324299
2017-05-19,1028426.6132350314,1026889.654187555,1033126.0113613631,1030065.4932020629
2017-05-22,1029690.4943655694,1028086.4306062972,1034866.0257275811,1031639.8029193134
2017-05-23,1030126.3154450654,1028488.9826744196,1035746.7737401113,1032485.8605224617
2017-05-24,1030583.9275785361,1028924.1740994168,1036369.741846535,1033053.4687878649
2017-05-25,1031226.7636707925,1029576.9612369126,1038023.8295773843,1034670.6168647686
2017-05-26,1031335.7189406664,1029674.879307537,1038238.6461658062,1034884.8086630339
2017-05-30,1031379.3010486161,1029718.3984500368,1038045.3112362265,1034670.6168647686
2017-05-31,1031335.7189406664,1029663.9995219121,1038066.7928950686,1034670.6168647686
2017-06-01,1032033.0326678599,1030349.4260162826,1040000.1421908664,1036555.5046895039
2017-06-02,1032294.5253155574,1030599.661085656,1040730.5185915012,1037283.7568036062
2017-06-05,1032338.107423507,1030654.0600137807,1040794.9635680278,1037326.5951632592
2017-06-06,1032305.4208425448,1030621.4206569059,1040547.9244913425,1037101.6937750806
2017-06-07,1032425.2716394062,1030730.2185131552,1040752.0002503433,1037305.1759834327
2017-06-08,1032610.495598192,1030926.0546544039,1041181.6334271873,1037722.8499900502
2017-06-09,1032468.8537473558,1030762.85787003,1041084.9659623974,1037626.4636808308
2017-06-12,1032566.9134902423,1030860.7759406543,1041160.1517683452,1037680.011630397
2017-06-13,1032871.9882458894,1031165.4099381524,1042255.7163692972,1038772.3898015505
2017-06-14,1032861.092718902,1031154.5301525275,1042191.2713927707,1038697.4226721576
2017-06-15,1032959.1524617886,1031241.5684375269,1042384.6063223504,1038890.1952905965
2017-06-16,1032882.3602721913,1031136.2053329851,1042491.6365306334,1038952.6186343103
2017-06-19,1034103.9352468884,1032323.6683730804,1044992.2313830565,1041318.1082745967
2017-06-20,1033246.6896506099,1031467.8391549938,1043296.9128390409,1039712.9545901166
2017-06-21,1032903.7914120983,1031104.1117373069,1042534.0194942338,1038942.0584127018
2017-06-22,1033010.9471116331,1031200.3925243417,1042279.7217126314,1038656.9324292745
2017-06-23,1033568.1567492143,1031745.9836508719,1043084.9980210388,1039406.7081634725
2017-06-26,1033889.6238478188,1032045.5238772023,1043275.7213572407,1039543.9910443819
2017-06-27,1032303.7194947033,1030494.3334194202,1039757.9353784082,1036143.5996864701
2017-06-28,1034146.7975267024,1032302.2726426283,1043614.7850660437,1039850.2374710261
2017-06-29,1032132.2703754476,1030333.865441029,1039991.0416782104,1036354.8041186386
2017-06-30,1032346.5817745172,1030505.0312846462,1039821.5098238088,1036143.5996864701
2017-07-03,1032732.3422928427,1030900.8522980114,1040202.9564962123,1036449.8461131144
2017-07-05,1033461.0010496795,1031596.2135377068,1041220.1476226217,1037400.2660578723
2017-07-06,1031017.8511002853,1029189.1938618381,1036303.7238449764,1032616.4856692574
2017-07-07,1033407.4231999121,1031542.7242115764,1039524.8290786061,1035678.9499356996
2017-07-10,1034028.926257214,1032141.804664237,1039757.9353784082,1035847.9134814343
2017-07-11,1034318.2466459582,1032430.6470253413,1039651.9779694072,1035721.1908221333
2017-07-12,1035904.1509990736,1033992.5353483494,1044494.2315607519,1040526.0916539651
2017-07-13,1036397.0672169338,1034495.3350139753,1046274.3160319683,1042300.2088841799
2017-07-14,1036761.3965953522,1034848.364566436,1049304.6979293963,1045320.4322641885
2017-07-17,1036782.8277352592,1034869.7602968882,1050035.804051503,1046049.0875551696
2017-07-18,1036804.2588751662,1034880.4581621143,1050162.952942304,1046196.9306576875
2017-07-19,1036932.845714608,1035019.5304100533,1052080.782045222,1048066.0898823781
2017-07-20,1036943.5612845614,1035030.2282752794,1052377.4627904245,1048361.776087414
2017-07-21,1036910.0143746885,1034957.5137464973,1052524.088593425,1048458.4994854635
2017-07-24,1037080.0139056941,1035116.5942358829,1052228.153124552,1048142.6356232605
2017-07-25,1037568.7625573353,1035604.4410699982,1053707.8304689166,1049553.4942077673
2017-07-26,1037664.387293526,1035699.8893636295,1053517.586238927,1049374.5046858522
2017-07-27,1037505.0127332082,1035572.6249721211,1053433.0332478203,1049321.8607088185
2017-07-28,1037547.5126159596,1035583.2303380802,1053306.2037611606,1049206.043959344
2017-07-31,1037526.2626745839,1035540.8088742441,1052608.6415845314,1048469.0282808703
2017-08-01,1037961.8864727858,1035975.6288785643,1053559.8627344803,1049353.4470950388
2017-08-02,1038174.3858865428,1036187.736197745,1054172.8719200026,1049964.1172286314
2017-08-03,1037983.1364141615,1035975.6288785643,1053686.69222114,1049469.263844513
2017-08-04,1038270.0106227335,1036261.9737594582,1054046.042433343,1049795.656502123
2017-08-07,1038716.2593916233,1036675.5830318604,1055388.3211671594,1051069.6407463418
2017-08-08,1038280.6355934214,1036261.9737594582,1054405.3926455458,1050164.1643413599
2017-08-09,1038280.6355934214,1036272.5791254172,1054743.6046099719,1050469.4994081561
2017-08-10,1033850.0228165872,1031924.3790822146,1045210.2548627085,1041456.850539963
2017-08-11,1034678.7705302397,1032677.3600653057,1044893.181146059,1040856.7092017772
2017-08-14,1038206.2607986064,1036166.5254658269,1051234.65547905,1046889.7089698551
2017-08-15,1038811.884127814,1036749.8205935736,1051171.2407357201,1046763.3634249739
2017-08-16,1039332.5076915186,1037280.0888915252,1052397.259106765,1047974.1748967522
2017-08-17,1034700.0204716154,1032666.7546993467,1037589.9165392308,1033254.918918091
2017-08-18,1034573.0776902239,1032328.7203555116,1035119.3691146647,1030528.7443837677
2017-08-21,1034852.7362227567,1032704.4401279932,1034908.0767117175,1030444.5840348543
2017-08-22,1037326.6386259301,1035109.0466718755,1038478.9183215264,1033884.6382966903
2017-08-23,1036294.0532750402,1034099.9707114964,1036746.3206173588,1032190.9112748078
2017-08-24,1036509.1752231423,1034325.4025749853,1036830.8375785376,1032254.0315364928
2017-08-25,1037068.4922882076,1034851.4102564596,1037359.068585906,1032737.953542745
2017-08-28,1037423.443502576,1035173.4557757295,1037781.6533918005,1033137.7152000837
2017-08-29,1037778.3947169443,1035538.4406975688,1038436.659840937,1033810.9979913911
2017-08-30,1038423.7605612504,1036182.5317361087,1039894.5774212732,1035241.7239229192
2017-08-31,1039198.1995744177,1036933.9712810719,1041658.868985883,1036977.5311192585
2017-09-01,1039445.589814735,1037159.4031445609,1042398.3923961984,1037671.8539977942
2017-09-05,1038897.0288470748,1036611.925761802,1040824.2639942411,1036135.9276301243
2017-09-06,1039370.2971328993,1037084.2591900645,1041975.8075903038,1037282.6123840696
2017-09-07,1039520.8824965707,1037234.5470990572,1042356.1339156089,1037629.7738233375
2017-09-08,1039208.9556718228,1036923.2364304296,1041584.9166448513,1036861.8106395026
2017-09-11,1039972.6385875851,1037674.6759753928,1043972.5207981556,1039228.8204526925
2017-09-12,1039972.6385875851,1037663.9411247504,1044088.7316197766,1039355.0609760627
2017-09-13,1040026.4190746106,1037717.6153779621,1044152.1193406607,1039397.1411505194
2017-09-14,1040058.6873668259,1037749.819929889,1044268.3301622818,1039512.8616302753
2017-09-15,1040026.5660354954,1037673.7572088032,1044216.3574444307,1039417.9230862933
2017-09-18,1040572.8933854495,1038208.3887813357,1045146.9688923624,1040282.5384313057
2017-09-19,1040635.931156598,1038250.3206693775,1045333.0911819488,1040457.5201082724
2017-09-20,1040719.9815181295,1038323.7014734505,1045539.8937259336,1040611.9157055961
2017-09-21,1040593.9059758324,1038197.9058093253,1044671.3230411974,1039726.7142809406
2017-09-22,1040488.8430239181,1038093.0760892208,1044340.4389708216,1039407.6300464717
2017-09-25,1040341.7548912382,1037925.3485370538,1043968.1943916489,1039006.2014934302
2017-09-26,1040215.679348941,1037799.5528729284,1043533.9090492807,1038563.6007811024
2017-09-27,1040783.0192892781,1038344.6674174714,1045167.6491467609,1040128.142833982
2017-09-28,1041360.8655248065,1038931.7138500562,1046139.6211034898,1041064.8094577454
2017-09-29,1041886.1802843779,1039434.8965065574,1047711.3204377745,1042619.0584708034
2017-10-02,1042527.064291055,1040084.8407712048,1049624.2439696344,1044471.8056386871
2017-10-03,1042674.1524237349,1040210.6364353301,1050368.7331279798,1045212.9045058406
2017-10-04,1042821.2405564149,1040367.8810154868,1050978.800632735,1045840.7799349568
2017-10-05,1043146.9357073491,1040671.8872037895,1052012.8133526593,1046839.2047976496
2017-10-06,1043104.9105265834,1040640.4382877583,1051826.691063073,1046664.2231206829
2017-10-09,1043020.860165052,1040556.5745116747,1051723.2897910804,1046550.9996826455
2017-10-10,1043188.9608881149,1040703.3361198208,1052219.615896644,1047034.7725542596
2017-10-11,1043336.0490207948,1040850.0977279671,1052571.1802214184,1047364.14982855
2017-10-12,1043346.5553159863,1040871.063671988,1052571.1802214184,1047364.14982855
2017-10-13,1043451.6182679005,1040975.8933920923,1053015.8056909859,1047786.1644612347
2017-10-16,1043504.1497438577,1041017.8252801341,1053243.2884893692,1048012.6113373094
2017-10-17,1043472.6308582834,1040986.3763641028,1053232.9483621698,1047992.0252576661
2017-10-18,1043546.1749246233,1041059.7571681759,1053398.3903973578,1048146.4208549898
2017-10-19,1043546.1749246233,1041059.7571681759,1053470.7712877523,1048218.4721337409
2017-10-20,1043535.2719694071,1041016.2263966883,1053470.6325550613,1048186.1185521572
2017-10-23,1042512.1359827399,1040036.3561171322,1050998.809717431,1045887.8980428859
2017-10-24,1042819.07677874,1040342.5655794935,1052011.8518640008,1046865.6497507776
2017-10-25,1041877.7916710062,1039362.6952999375,1050249.1585289694,1045202.4638559103
2017-10-26,1042205.1951867397,1039730.1466547711,1050775.9404451856,1045666.1399235702
2017-10-27,1043985.4518035407,1041424.5056798366,1054483.6747016308,1049093.3108584485
2017-10-30,1043228.3311734069,1040669.1890060122,1052072.634392795,1046734.6108620911
2017-10-31,1043780.8246062072,1041199.952074105,1052964.1114817762,1047541.0040232389
2017-11-01,1043903.6009246074,1041322.4358590494,1053024.8940105706,1047551.0839377532
2017-11-02,1044200.3103607409,1041598.0243751747,1053430.1108691983,1047883.7211167268
2017-11-03,1044988.1250704746,1042383.9619952352,1055263.7171544896,1049677.9459002805
2017-11-06,1045561.0812230082,1042955.5529916427,1056904.8454319327,1051260.492479033
2017-11-07,1045458.7676243415,1042853.4831708557,1056479.3677303733,1050857.2958984592
2017-11-08,1045735.0143407417,1043118.8647049022,1057755.8008350513,1052107.2052982382
2017-11-09,1045141.5954684747,1042526.859744337,1055982.9770785542,1050393.6198307993
2017-11-10,1044896.0428316746,1042292.0991565267,1055071.2391466415,1049456.187780965
2017-11-13,1045540.6185032749,1042924.9320454067,1055790.4990707058,1050131.5420534262
2017-11-14,1045632.700742075,1043006.5879020364,1054351.9792225768,1048669.9544488457
2017-11-15,1044742.5724336745,1042128.7874432674,1049661.594083959,1044043.2736867603
2017-11-16,1046440.978171542,1043812.9394862542,1057624.105355997,1051895.527093437
2017-11-17,1046459.1578977332,1043798.3364530599,1053726.7307013108,1047980.4187761904
2017-11-20,1047054.2511420731,1044350.9973403402,1054738.1031755365,1048835.4277036176
2017-11-21,1048121.3148905446,1045405.1468105228,1057246.3069116161,1051219.393771856
2017-11-22,1048131.5751188954,1045425.6157322739,1056821.5304724413,1050786.8598438634
2017-11-24,1048624.0660797283,1045875.9320107985,1057934.0401940895,1051853.106271008
2017-11-27,1048706.147906534,1045957.807697803,1058055.4048909966,1051973.8134137036
2017-11-28,1049321.7616075752,1046551.4064285854,1060725.4282229524,1054599.1937673332
2017-11-29,1049260.2002374711,1046489.999663332,1060432.130205427,1054337.661624826
2017-11-30,1049609.0480013944,1046837.971333101,1061827.8242198585,1055675.499123036
2017-12-01,1049321.7616075752,1046551.4064285854,1061433.3889549104,1055313.377694949
2017-12-04,1049485.9252611862,1046715.1578025944,1061574.981101302,1055434.0848376446
2017-12-05,1049516.7059462382,1046735.6267243455,1061463.7301291372,1055323.436623507
2017-12-06,1049629.568458096,1046858.4402548522,1061827.8242198585,1055645.322337362
2017-12-07,1049988.6764503699,1047196.1774637457,1062808.8555198575,1056610.9794789269
2017-12-08,1050111.7991905783,1047298.5220725012,1063537.0437013,1057305.0455494267
2017-12-11,1050152.8401039809,1047339.4599160035,1063779.7730951142,1057526.341977702
2017-12-12,1050173.3605606824,1047359.9288377545,1063830.3417188253,1057586.6955490496
2017-12-13,1050183.620789033,1047370.1632986302,1063840.4554435676,1057606.8134061657
2017-12-14,1050163.1003323316,1047370.1632986302,1063830.3417188253,1057596.7544776078
2017-12-15,1050123.5934619275,1047268.9571736109,1063733.5155529361,1057434.571728751
2017-12-18,1050893.4874780457,1048007.2566567039,1066049.8459576878,1059678.7421670533
2017-12-19,1049926.184739846,1047072.0773114527,1064008.3344145168,1057707.7750864574
2017-12-20,1049985.4073564704,1047101.6092907764,1063753.1454716206,1057444.3289915263
2017-12-21,1050498.6700338826,1047613.4969323876,1065009.460267418,1058615.2005245537
2017-12-22,1050360.4839284255,1047475.6810288769,1065029.0901861023,1058673.744101205
2017-12-26,1050577.6335227152,1047672.560891035,1065421.688559789,1059005.4910355627
2017-12-27,1050735.5605003806,1047859.5967600853,1065362.798803736,1058985.976510012
2017-12-28,1050893.4874780457,1047997.412663596,1065519.8381532107,1059044.5200866635
2017-12-29,1049886.7029954295,1047022.8573459132,1063105.3581550375,1056741.8060717098
2018-01-02,1051771.9562913089,1048814.4640915522,1066874.3025424299,1060293.4497218926
2018-01-03,1052768.8703378208,1049798.863402343,1069956.1997758707,1063279.172131112
2018-01-04,1053242.6512708168,1050261.5310784145,1071585.4830266705,1064879.3632262493
2018-01-05,1053449.9304290025,1050458.4109405726,1072979.2072532582,1066235.622752006
2018-01-08,1053617.7278427717,1050615.914830299,1073509.2150577353,1066723.4858907673
2018-01-09,1053676.9504593962,1050684.8227820545,1073656.439447868,1066860.0875696205
2018-01-10,1053726.3026399165,1050734.042747594,1073725.144163263,1066918.631146272
2018-01-11,1053795.395692645,1050793.1067062414,1074225.7070897135,1067406.4942850333
2018-01-12,1053795.395692645,1050793.1067062414,1074304.2267644508,1067484.552387235
2018-01-16,1053785.525256541,1050783.2627131336,1074304.2267644508,1067513.8241755608
2018-01-17,1053815.1365648534,1050812.7946924572,1074372.9314798461,1067533.3387011113
2018-01-18,1053834.8774370616,1050832.482678673,1074431.821235899,1067601.6395405377
2018-01-19,1053787.3246742564,1050745.4521618234,1074337.4825630959,1067444.6024008382
2018-01-22,1055300.9682781077,1052207.6167766433,1078083.0663795818,1071034.764924398
2018-01-23,1055395.5710033483,1052292.5166575038,1078499.2423591914,1071401.2998417246
2018-01-24,1055338.809368204,1052217.0500967389,1078310.0714593688,1071213.3332174544
2018-01-25,1055338.809368204,1052235.9167369301,1078366.8227293156,1071232.1298798814
2018-01-26,1056767.3105193386,1053603.7481507938,1081771.8989261212,1074530.9441358226
2018-01-29,1055263.1271880113,1052179.3168163565,1079199.1746885348,1072153.166338805
2018-01-30,1053579.1986787268,1050556.7857599112,1075775.181401747,1068873.1487452912
2018-01-31,1054184.6561202675,1051113.3516455523,1076172.4402913745,1069126.903688056
2018-02-01,1054033.2917598821,1050924.68524364,1075586.0105019244,1068506.6138279643
2018-02-02,1047165.1339074069,1044368.5277771902,1064727.6008521116,1058788.739353198
2018-02-05,1013108.1528207524,1014446.0364339111,1056441.9154398849,1058093.2628433984
2018-02-06,1038404.9215501174,1037652.0038691149,1058938.9713175423,1055442.9334411894
2018-02-07,1033050.4073014933,1031180.7462835256,1055458.2267608077,1051758.7876054947
2018-02-08,1028566.2381250839,1029086.5492222998,1054512.372261695,1057548.159633015
2018-02-09,1028301.3504944099,1026935.7522405004,1054455.6209917483,1055273.7634793464
2018-02-12,1028793.2846656615,1025907.5203500788,1053925.9424722453,1050602.7928662333
2018-02-13,1029360.9010171058,1026350.8863945726,1053907.025382263,1049766.3413882311
2018-02-14,1031385.3993372569,1028256.417053886,1054323.2013618725,1047529.5385594164
2018-02-15,1039549.61452553,1036387.938976303,1054928.5482413047,1047755.0985085405
2018-02-16,1039320.7120596122,1036100.580470137,1053373.3946653234,1046047.8922945221
2018-02-20,1037843.9111275456,1034656.9655672816,1050991.7013940476,1043758.297169812
2018-02-21,1036290.3932639433,1033079.5055740952,1048324.2049302184,1041109.1788437013
2018-02-22,1037863.0903604296,1034561.3619313309,1050458.2021012818,1043048.7119038895
2018-02-23,1041238.6353480102,1037850.1270080345,1055526.445382557,1047873.8917121629
2018-02-26,1043252.4548008281,1039838.6826358088,1059432.4223474497,1051705.6521481448
2018-02-27,1041085.2014849384,1037725.8422812986,1055354.9634670252,1047760.3580696153
2018-02-28,1038400.1088811811,1035058.5008382745,1050343.8808242604,1042850.0280294312
2018-03-01,1034103.9607151694,1030823.259765659,1044875.5130734108,1037580.1747878464
2018-03-02,1035484.8654828161,1032113.9088509933,1045790.0832895808,1038232.9932324952
2018-03-05,1039013.8443334685,1035593.8811995983,1050229.5595472392,1042566.1939230622
2018-03-06,1039972.8059776674,1036549.9175591052,1051144.1297634093,1043436.6185159272
2018-03-07,1040107.0606078553,1036664.641922246,1051106.0226710688,1043379.8516946534
2018-03-08,1042149.6489099993,1038700.9993679957,1054287.9648814935,1046502.0268647126
2018-03-09,1044978.5857603864,1041502.1859013508,1061718.8478878746,1053862.7913565494
2018-03-12,1045189.5573221102,1041712.5139004423,1062052.2849458533,1054193.9311473132
2018-03-13,1045045.7130754803,1041569.1084465163,1060947.179267981,1053086.978132474
2018-03-14,1044527.8737876129,1041052.8488123826,1057850.9780153225,1050021.5697836885
2018-03-15,1045400.528883834,1041913.2815359387,1059127.5656087263,1051365.0512205018
2018-03-16,1045513.6457858538,1041981.1503343174,1060538.4252876528,1052612.9781452261
2018-03-19,1042789.2502534806,1039380.5739799015,1056665.6120547922,1049090.8107613327
2018-03-20,1042923.5514416962,1039523.9881170936,1056837.3131340817,1049204.429064039
2018-03-21,1042578.2055291419,1039189.3551303121,1056150.5088169242,1048541.6556315859
2018-03-22,1034923.0378008538,1032066.4529831071,1047775.3117271421,1041345.8297935238
2018-03-23,1029646.9196923847,1027152.1285486595,1044036.0437781733,1038410.6903069459
2018-03-26,1035249.1978293774,1031980.4045007918,1048462.1160442996,1041383.7025610926
2018-03-27,1030414.3550536166,1027343.347398249,1044818.2375838249,1038410.6903069459
2018-03-28,1029627.7338083539,1026559.3501149324,1044512.9912206437,1038297.0720042397
2018-03-29,1032678.2893692506,1029217.2921242251,1046439.8588882246,1039177.613850213
2018-04-02,1026404.50529118,1023413.8000391868,1042986.7594047381,1037274.5072798835
2018-04-03,1029493.4326201383,1026109.9858183973,1044207.7448574626,1037236.6345123147
2018-04-04,1033138.7505859898,1029628.4126508422,1046134.6125250435,1038628.4587204662
2018-04-05,1034903.8519168231,1031301.5775847494,1047107.5853076833,1039272.2957691349
2018-04-06,1027881.8183615514,1024446.3818269696,1042662.4351438582,1035541.8281636133
2018-04-09,1028860.298447122,1025345.1104200397,1043578.1742334015,1036109.9196771445
2018-04-10,1033100.3788179281,1029484.9985136501,1045447.808207886,1037501.7438852959
2018-04-11,1030164.9385612162,1026540.2282299735,1043349.2394610157,1035447.1462446915
2018-04-12,1033215.494122113,1029542.3641685271,1044245.9006528603,1036138.324252821
2018-04-13,1030951.5598064789,1027285.9817433722,1042395.3445760747,1034263.6222581681
2018-04-16,1035824.7743503014,1032123.8186379839,1043368.3173587145,1035200.9732554946
2018-04-17,1042798.8431954961,1039065.062878079,1046535.2483767187,1038306.5401961319
2018-04-18,1044074.7044835441,1040336.6682278486,1046363.5472974293,1038117.1763582882
2018-04-19,1038395.6828104281,1034667.0293375229,1042147.33190599,1033922.7673500493
2018-04-20,1030212.247238967,1026470.1695549034,1040226.2812166036,1031971.1344867956
2018-04-23,1030212.247238967,1026411.9480608455,1039898.7443437395,1031550.6087415852
2018-04-24,1026608.9760229134,1022928.3619997143,1035255.4274990188,1027144.6458201756
2018-04-25,1027485.4473997913,1023733.7593341819,1036334.372491983,1028138.6157634003
2018-04-26,1030699.1757816769,1026829.2021015937,1040187.7474668549,1031741.7568075899
2018-04-27,1030718.6529233853,1026819.4985192508,1039706.0755949959,1031196.9848194764
2018-04-30,1028498.258768628,1024626.4889097365,1036026.1024939932,1027546.0567587856
2018-05-01,1029238.390153547,1025325.1468384312,1036642.6424899728,1028138.6157634003
2018-05-02,1026297.341755579,1022433.4793002221,1032789.2675151009,1024353.8840565062
2018-05-03,1027212.7674158737,1023306.8017110907,1033116.804387965,1024621.4913489128
2018-05-04,1031439.3071665961,1027479.3421185736,1038492.2624779112,1029897.1779706441
2018-05-07,1032257.3471183487,1028275.0358706983,1039571.2074708753,1030919.8201237695
2018-05-08,1032559.2428148289,1028575.8469233308,1039744.6093447446,1031072.7385765733
2018-05-09,1035032.8398117954,1031021.1496737627,1044686.5627500177,1035956.5716629948
2018-05-10,1035977.4811846528,1031962.3971610321,1048000.4652284075,1039234.7609949763
2018-05-11,1036435.1940148,1032408.7619488094,1049628.5161552909,1040840.4047494163
2018-05-14,1036474.1482982169,1032437.8726958383,1050119.821464587,1041327.8323177283
2018-05-15,1036230.6840268619,1032204.9867196067,1047952.2980412216,1039186.9739784751
2018-05-16,1036571.5340067588,1032534.9085192682,1050389.557712828,1041595.439610135
2018-05-17,1036659.1811444466,1032622.240760355,1050813.428960064,1042006.4079520452
2018-05-18,1036589.8552725961,1032517.6155483349,1051274.4400478734,1042419.1326333688
2018-05-21,1038192.1705172469,1034065.6165289301,1053922.1288703703,1044863.8906466463
2018-05-22,1037825.3754612425,1033690.6349249351,1053058.7520804256,1044007.7497081445
2018-05-23,1038443.1355555657,1034277.144613235,1053864.5704177073,1044740.2258444183
2018-05-24,1038520.3555673561,1034363.6788295417,1053672.7089088308,1044559.4849796235
2018-05-25,1037748.1554494521,1033604.1007086284,1052368.05064847,1043303.811603154
2018-05-29,1034987.5400279452,1030940.7698289708,1047936.0497934206,1039146.7717128729
2018-05-30,1038404.5255496706,1034238.6849615433,1053404.1027964035,1044283.617343884
2018-05-31,1036995.2603344957,1032815.6778489464,1050123.2709946139,1041020.7691004825
2018-06-01,1039456.6482103148,1035229.0209926073,1054958.1810183038,1045739.056939337
2018-06-04,1040277.1108355878,1036027.0587652123,1056934.3545597328,1047660.617712419
2018-06-05,1040605.295885697,1036344.3508916697,1057932.034405891,1048630.9107760545
2018-06-06,1041194.0984755988,1036930.8605799698,1060128.8486825281,1050780.7757994034
2018-06-07,1041097.5734608609,1036825.0965378174,1059984.9525508706,1050638.0856429865
2018-06-08,1041309.9284932844,1037017.3947962765,1060531.757851169,1051170.7955602766
2018-06-11,1041464.3685168652,1037171.2334030436,1060934.6670198098,1051551.302644055
2018-06-12,1041589.8510360246,1037305.842183965,1061327.983113007,1051941.3224049283
2018-06-13,1041618.8085404461,1037334.6869227338,1061366.3554147822,1051979.373113306
2018-06-14,1041696.0285522365,1037401.9913131945,1061932.346865968,1052531.108384785
2018-06-15,1041638.0180904898,1037314.1015477251,1061836.6992472257,1052382.805656633
2018-06-18,1041411.1451352687,1037088.1637975868,1061250.9093952766,1051764.7490329663
2018-06-19,1040163.3438815529,1035901.9906093604,1059380.1611584069,1050060.4110707336
2018-06-20,1040900.6809860214,1036617.4601514653,1060192.7083724006,1050734.6546601884
2018-06-21,1038839.9183094301,1034678.1611294444,1057225.9662189812,1048065.7737852634
2018-06-22,1039879.7526875266,1035619.5684216875,1058321.960135531,1048992.8587207636
2018-06-25,1035436.8239811144,1031430.3059712055,1052596.3367438996,1043964.1252827474
2018-06-26,1036022.9124487687,1031835.11110687,1053012.0585743152,1044076.4992143231
2018-06-27,1032846.691075674,1028832.0218446143,1050007.5235272213,1041566.814742464
2018-06-28,1034586.0503990354,1030432.4142414277,1051273.5854653048,1042409.6192292824
2018-06-29,1034983.0780706723,1030743.0786478679,1051122.4138906084,1042109.955411747
2018-07-02,1035606.9786975302,1031270.2667315241,1051235.7925716308,1041932.0300200853
2018-07-03,1033319.343065718,1029020.3033030629,1048949.3225043456,1039815.6543087414
2018-07-05,1037384.1501800951,1032983.6280034067,1052558.5438502254,1043027.6758529491
2018-07-06,1041033.0235432336,1036542.1475680858,1056923.623069588,1047176.1468269551
2018-07-09,1044218.6979561292,1039705.2760700228,1062781.521589079,1052916.581831618
2018-07-10,1044861.5046625889,1040354.8471016706,1065067.9916563642,1055173.4249574316
2018-07-11,1043103.2392596258,1038603.8295380983,1059569.1256267775,1049751.3827589
2018-07-12,1045154.5488964161,1040609.0270705762,1065493.161710198,1055566.7337179468
2018-07-13,1045731.1843242695,1041192.699591767,1066853.7058824669,1056915.2208968564
2018-07-16,1045759.5434436722,1041230.3558834568,1065814.4013064282,1055875.7620297803
2018-07-17,1046307.8197521231,1041766.9580400353,1069451.9673225638,1059462.3633459073
2018-07-18,1046421.2562297336,1041870.5128421821,1070869.2008353437,1060857.6729963068
2018-07-19,1046449.6153491362,1041898.7550609494,1069603.1388972602,1059612.195254675
2018-07-20,1046438.3369034613,1041852.7458152918,1068286.565984898,1058254.0409373916
2018-07-23,1047382.8457361577,1042774.3391009415,1070117.5886288907,1059974.4432230224
2018-07-24,1047798.4296225442,1043169.3076519343,1071325.686043484,1061115.144738495
2018-07-25,1048742.9384552408,1044090.9009375842,1073685.251306361,1063377.847744596
2018-07-26,1048875.1696918183,1044213.1531081295,1073930.6460937003,1063620.9480675654
2018-07-27,1047760.6492692364,1043122.28758634,1070834.8964688054,1060610.244067712
2018-07-30,1046759.4699065781,1042134.8662088581,1068626.3433827525,1058497.141260361
2018-07-31,1048062.8920956993,1043404.4079799063,1070967.0321235266,1060666.3441422433
2018-08-01,1047798.4296225442,1043122.28758634,1069966.5764520667,1059740.6929124747
2018-08-02,1048979.065663415,1044260.173173724,1073081.2025990644,1062676.596812953
2018-08-03,1049668.5571112833,1044965.4741576395,1075091.552203036,1064640.0994215533
2018-08-06,1050074.695909343,1045332.2306692757,1076356.279183938,1065836.9010115573
2018-08-07,1050320.2682058439,1045576.7350103665,1077300.1052890888,1066762.5522413258
2018-08-08,1050348.603470825,1045586.1390234854,1077271.7905059343,1066715.8021792164
2018-08-09,1050320.2682058439,1045567.3309972476,1077234.0374617283,1066687.7521419507
2018-08-10,1049866.9039661495,1045153.554420017,1075299.193946169,1064855.149707257
2018-08-13,1049592.9964046676,1044880.8380395697,1073779.633916876,1063340.4476949084
2018-08-14,1050376.9387358057,1045623.7550759609,1076781.000931256,1066220.2515208554
2018-08-15,1050254.152587555,1045501.5029054155,1073732.4426116187,1063209.5475210017
2018-08-16,1050594.175767326,1045830.6433645762,1078243.9313942397,1067641.4534089852
2018-08-17,1050537.413197068,1045735.2749839437,1078894.4427140516,1068242.3649103912
2018-08-20,1051039.4941324666,1046207.3125099579,1079737.4475449761,1069002.883736486
2018-08-21,1051244.0456246661,1046420.1921785525,1080112.1163587205,1069355.3192900422
2018-08-22,1051337.023575666,1046494.2372806724,1080112.1163587205,1069318.2208107205
2018-08-23,1051095.2809030665,1046235.0794232528,1079662.5137822274,1068845.2151993688
2018-08-24,1052378.3766268634,1047475.3348837608,1082285.1954784375,1071377.1864130746
2018-08-27,1053475.5164486605,1048548.988864499,1084664.342445714,1073668.0175111892
2018-08-28,1053494.1120388603,1048586.011415559,1084832.9434118988,1073844.2352879674
2018-08-29,1054014.788564459,1049085.8158548682,1086050.617056568,1075022.1120064312
2018-08-30,1053401.1340878606,1048502.7106756741,1084758.00964915,1073807.1368086457
2018-08-31,1053642.87676046,1048734.1016197987,1085207.6122256431,1074205.945461354
2018-09-04,1053680.0679408598,1048743.3572575636,1085132.6784628944,1074113.1992630498
2018-09-05,1053270.964956461,1048354.6204714343,1084083.6057844101,1073092.991081703
2018-09-06,1052750.2884308624,1047836.3047565952,1082922.1324618028,1071961.4874623914
2018-09-07,1052768.8840210622,1047864.0716698902,1082622.3974108074,1071636.8757683265
2018-09-10,1053596.3877849602,1048632.289604384,1083858.8044961637,1072805.47786696
2018-09-11,1054303.0202125583,1049326.4624367577,1085394.9466325154,1074289.4170398277
2018-09-12,1054358.8069831582,1049372.7406255826,1085582.2810393875,1074465.6348166058
2018-09-13,1054916.6746891567,1049918.8232537168,1087483.7252691397,1076311.2841628601
2018-09-14,1055009.6526401564,1050020.6352691315,1087895.8609642587,1076728.6420552293
2018-09-17,1054730.7187871572,1049752.2217739471,1086359.718827907,1075244.7028823614
2018-09-18,1055121.2261813562,1050122.4472845464,1088411.030583157,1077229.4715260721
2018-09-19,1055149.1195666562,1050150.2141978415,1088851.2664393065,1077665.3786581021
2018-09-20,1055186.310747056,1050177.9811111363,1089179.1016513328,1077980.7157323365
2018-09-21,1055167.502817659,1050130.302333672,1089150.9978701912,1077900.8667396854
2018-09-24,1054603.494110365,1049578.02436461,1087844.6290101507,1076644.3608439607
2018-09-25,1054257.8113542816,1049233.9823510959,1086869.4522554725,1075670.1135190146
2018-09-26,1053439.089037242,1048428.1997404972,1084882.2996232982,1073767.1444450547
2018-09-27,1054494.3311347598,1049460.3257810394,1086483.0614658832,1075223.9628748805
2018-09-28,1054658.0755981677,1049632.3467877964,1086188.6684833388,1074887.0736129833
2018-10-01,1055731.511524953,1050664.4728283386,1088341.4171681942,1076935.724529926
2018-10-02,1055713.3176956852,1050637.3116167455,1087936.6268171957,1076516.889231351
2018-10-03,1055931.643646896,1050827.440097898,1088562.2119051025,1077090.511488095
2018-10-04,1053220.7630860317,1048183.7488361582,1084219.9154125734,1073084.2608060737
2018-10-05,1051656.0937690225,1046608.3985637516,1081643.9768153103,1070589.459244997
2018-10-08,1051819.8382324306,1046753.2583589155,1080963.1930431766,1069779.1039934063
2018-10-09,1050782.7899641804,1045675.8636323845,1079325.6320777736,1068094.65768392
2018-10-10,1034972.3523306831,1030429.3701913919,1069573.8645309922,1062358.4351164808
2018-10-11,1031970.370501538,1027885.2700388273,1069058.6768115396,1064288.719536
2018-10-12,1031133.454355231,1026373.2959268049,1068653.886460541,1061174.7701422472
2018-10-15,1028768.25655045,1023919.7331462177,1068359.4934779967,1060992.667838519
2018-10-16,1034317.3744770514,1029261.4380928836,1068709.0851447682,1057560.0394132417
2018-10-17,1032952.8372819856,1027921.4849876183,1068341.0939165878,1057041.0478476163
2018-10-18,1028422.5737943667,1023376.5089143532,1068212.2969867245,1057323.306418395
2018-10-19,1027916.6882826257,1022824.7896633091,1068023.1226893524,1056472.3128884968
2018-10-22,1027222.5733442125,1022087.4175040119,1066704.3963020542,1055073.2509570075
2018-10-23,1026340.8597737955,1021228.7056222986,1065519.4537511482,1053929.4232968034
2018-10-24,1019174.5920312579,1014573.6885390214,1057377.7517078274,1046555.988793009
2018-10-25,1020581.5817712849,1015647.0783911629,1059556.517043364,1048493.8786305446
2018-10-26,1019531.0294320647,1014779.0326846485,1057607.0954273576,1046726.1449738657
2018-10-29,1016341.8526880034,1011642.867551435,1053899.3719616202,1043152.8651758729
2018-10-30,1020318.9436864798,1015329.728347921,1057970.2229832804,1046716.691852707
2018-10-31,1023114.1633033336,1017952.5331170668,1060473.8919214846,1048862.5503557343
2018-11-01,1026134.5012785916,1020827.3511558458,1063703.8159715345,1051887.549126522
2018-11-02,1024802.550991366,1019501.948034071,1061849.9542386658,1050034.7373794145
2018-11-05,1026528.4584057991,1021200.704147895,1063799.375854672,1051944.2678534742
2018-11-06,1028667.0828106402,1023328.8162025755,1066379.4926993863,1054487.1574451674
2018-11-07,1033535.2673111337,1028117.0683256066,1074502.0827660796,1062427.7792184846
2018-11-08,1033554.027174334,1028145.0698000104,1074234.5150932944,1062163.0918260408
2018-11-09,1032090.757844706,1026679.6593062172,1069896.0963988488,1057852.4685776685
2018-11-12,1026397.1393633966,1021014.0276518704,1059575.6290199915,1047671.4570897368
2018-11-13,1026359.6196369958,1020976.6923526655,1058295.1265859483,1046385.8326121521
2018-11-14,1020393.9831392813,1015031.0459542817,1052198.4060417714,1040354.7413128945
2018-11-15,1029895.8538502639,1024476.8766531269,1057721.7672871228,1045799.739100312
2018-11-16,1035097.6729685563,1029603.8645509798,1058912.7067493452,1046919.3471808209
2018-11-19,1031780.3516411538,1026493.639818636,1054706.9853650716,1043072.9015027392
2018-11-20,1027166.6058869504,1022302.4223439534,1049793.9381116247,1038905.131124277
2018-11-21,1027547.9071889507,1022435.1758386266,1049717.4704500923,1038432.5948001884
2018-11-23,1025507.9452232491,1020557.6621282484,1047939.5973194676,1036920.4785631046
2018-11-26,1028996.8521365518,1023525.6509734422,1050463.030150032,1038612.158603342
2018-11-27,1030483.9272143529,1024938.5274524642,1051973.2664652937,1040010.8661226445
2018-11-28,1035154.8681638563,1029471.1110563066,1058109.7963032566,1045841.9643618987
2018-11-29,1035555.2345309566,1029907.3011102328,1058721.5375955147,1046503.5152156228
2018-11-30,1036470.3576557572,1030779.6812180853,1060136.1893338612,1047836.067649553
2018-12-03,1039368.2475509593,1033605.4341761293,1063634.5848489616,1051191.0755505825
2018-12-04,1032256.9782686541,1026730.6996305524,1054305.5301420272,1042288.4912047519
2018-12-06,1031532.5057948536,1026000.5554098499,1053024.6968113622,1041022.0938561943
2018-12-07,1025698.5958742492,1020434.3910260517,1047308.7391118265,1035843.0957441825
2018-12-10,1025507.9452232491,1019988.7185796489,1046410.2440888226,1034472.7404043253
2018-12-11,1024726.2775541486,1019125.820864273,1045377.9306581373,1033329.2025000307
2018-12-12,1025832.0513299494,1020159.4016442287,1046276.4256811412,1034094.7113450544
2018-12-13,1023734.8941689478,1018035.3457294573,1044039.746581323,1031826.5369894288
2018-12-14,1017767.5287926435,1012099.3680390697,1041306.0276815451,1029133.0799421234
2018-12-17,1014221.4266840408,1008742.6011023328,1040464.8834046903,1028651.092891553
2018-12-18,1013801.9952518404,1008325.3758333599,1040235.4804200936,1028452.6276354357
2018-12-19,1012562.7660203396,1007111.6295963477,1040063.428181646,1028386.4725500633
2018-12-20,1012524.6358901395,1006940.9465317678,1040292.8311662427,1028263.6131058002
2018-12-21,1012024.7624510038,1006254.2413454097,1039553.2321990287,1027186.7398362835
2018-12-24,1007555.6707244528,1002294.7083166924,1035367.5045174522,1023588.6143640433
2018-12-26,1014629.9675806994,1008676.2961236144,1042713.8837136885,1030109.5573020034
2018-12-27,1015858.4382922632,1009866.2621668194,1044208.7864571086,1031565.6901910624
2018-12-28,1016027.8825283409,1009992.630242204,1044294.2094710183,1031576.2418786642
2018-12-31,1017785.8664776478,1011656.4765681011,1045981.3139957354,1033127.3399561401
2019-01-02,1018781.3513646047,1012614.7678064343,1047049.1016696069,1034171.957028726
2019-01-03,1015434.8277020688,1009287.07515464,1042799.3067275982,1029982.9370507809
2019-01-04,1019903.9194286198,1013709.9577931009,1048415.8698921625,1035490.9179789607
2019-01-07,1020613.4671671954,1014426.0435536136,1049462.3018125566,1036546.0867391484
2019-01-08,1021142.9804049385,1014952.5772010493,1050327.2098283926,1037390.2217472985
2019-01-09,1021344.1954352808,1015152.659987075,1050732.9691444638,1037791.1858761698
2019-01-10,1021587.7715246426,1015394.8654648955,1051160.0842140124,1038202.701692643
2019-01-11,1021746.6254959655,1015542.2948861775,1051448.3868859576,1038487.5972578938
2019-01-14,1021725.4449664558,1015521.23354028,1051437.709009219,1038477.0455702918
2019-01-15,1021767.8060254753,1015563.3562320749,1051512.4541463898,1038550.907383505
2019-01-16,1021778.3962902301,1015573.8869050236,1051565.8435300835,1038603.6658215143
2019-01-17,1021788.9865549849,1015584.4175779723,1051576.5214068221,1038614.2175091163
2019-01-18,1021661.5043751879,1015422.192845864,1051428.247166327,1038422.4881684072
2019-01-22,1018281.2950623878,1012235.2927831429,1047116.5883308742,1034501.1895920973
2019-01-23,1018686.9201799239,1012513.6665838023,1047682.3716169744,1034857.6712808528
2019-01-24,1018532.3963256244,1012292.8873625897,1046980.0199514707,1034048.3615009756
2019-01-25,1021236.5637758644,1014865.4452445452,1050394.2294365577,1037198.8888583548
2019-01-28,1019169.8072246095,1012830.4367707595,1047799.4302278915,1034674.6131163567
2019-01-29,1019131.1762610347,1012782.4412878872,1047545.8032375708,1034404.843189731
2019-01-30,1023071.5345456703,1016622.0799176716,1052891.479802793,1039530.47179562
2019-01-31,1025118.9756151376,1018647.4892948829,1056032.552529073,1042584.652750633
2019-02-01,1025466.6542873114,1018964.2594818401,1056286.1795193937,1042806.2494760755
2019-02-04,1026847.7112351125,1020317.732098839,1058978.527570491,1045426.8716204399
2019-02-05,1027127.7857210302,1020576.9077063495,1059905.2415735861,1046332.5278026835
2019-02-06,1027301.6250571171,1020749.6914446898,1060236.9076378518,1046650.4709304924
2019-02-07,1026355.1664495331,1019828.1781735416,1057612.843776456,1044078.0219873112
2019-02-08,1026731.8183443879,1020183.3447467966,1058100.5879886115,1044530.850078433
2019-02-11,1027127.7857210303,1020586.506802924,1058861.4689595737,1045282.3520168904
2019-02-12,1027939.0359561023,1021383.2318186042,1062002.5416858539,1048375.0715328499
2019-02-13,1028054.9288468269,1021498.4209774977,1062441.5114767936,1048808.6303434984
2019-02-14,1028093.5598104018,1021536.8173637956,1062519.5505507386,1048885.7074653914
2019-02-15,1028074.8622343886,1021479.2503913506,1062744.2769176571,1049063.7531619344
2019-02-19,1028504.8165006409,1021860.0264903476,1063009.508777327,1049250.7735507602
2019-02-20,1029420.8060243961,1022733.0253514628,1064297.7778100085,1050410.2999614803
2019-02-21,1028411.3481818904,1021739.2926052997,1062649.5512534895,1048829.9776759022
2019-02-22,1030112.47158315,1023364.5564424822,1065112.4185218513,1051139.6794779007
2019-02-25,1030523.7321856522,1023791.768651113,1065908.1141008604,1051925.1651109692
2019-02-26,1030187.2462381504,1023466.7158836765,1065188.1990531855,1051242.540691755
2019-02-27,1030822.8308056539,1024061.0980869889,1066116.5105620294,1052112.185499795
2019-02-28,1030654.587831903,1023921.7897580876,1065510.2663113559,1051523.0712749937
2019-03-01,1032000.5316219105,1025194.1391620532,1068200.4751737202,1054085.250601907
2019-03-04,1031178.010416906,1024376.8636324987,1066211.2362261973,1052093.4834609125
2019-03-05,1031430.3748775324,1024627.6186245211,1066249.1264918644,1052149.58957756
2019-03-06,1029738.5983081479,1022955.9186777049,1062460.099925154,1048437.2348593681
2019-03-07,1027439.2776668849,1020661.974861796,1057761.706982433,1043799.1292164882
2019-03-08,1027570.1333131357,1020773.421524917,1056151.3706915812,1042106.5946976148
2019-03-11,1032393.0985606627,1025537.7663733433,1065140.8362211015,1050933.9570501924
2019-03-12,1033224.9665975424,1026355.0419028979,1067575.285790213,1053337.1690466038
2019-03-13,1033869.8979969211,1026995.8602158441,1072178.9530687663,1057881.7644950708
2019-03-14,1033925.9789881713,1027051.5835474046,1072292.6238657674,1057984.625708925
2019-03-15,1033980.8995735826,1027076.8218847759,1074223.798074742,1059852.0173362228
2019-03-18,1034571.7785112801,1027627.0877938173,1075296.2363571501,1060817.3198305871
2019-03-19,1034054.7594407947,1027104.335180228,1074675.351035756,1060260.414545377
2019-03-20,1033334.6257354759,1026416.5027939263,1073452.3950996767,1059118.7587106961
2019-03-21,1035587.3516854477,1028580.8820361556,1077478.742335384,1062914.9964048786
2019-03-22,1031469.6640883681,1024738.1917713501,1071928.4038562546,1058014.2298950294
2019-03-25,1031155.7596527162,1024316.3212410851,1071175.815587898,1057123.1814386933
2019-03-26,1032928.3964658089,1025939.6056727571,1073094.9156722073,1058663.9527277746
2019-03-27,1031838.963424429,1024884.9293470945,1071646.183255621,1057318.0982885167
2019-03-28,1033205.3709678545,1026178.0542333417,1073057.2862587895,1058534.0081612256
2019-03-29,1035033.4026813563,1027957.247339242,1075616.0863712018,1060928.700887629
2019-04-01,1037433.8483657525,1030314.2196496358,1079830.5806739982,1065003.3912244164
2019-04-02,1037535.4056831693,1030405.9306344761,1079774.1365538714,1064938.4189411418
2019-04-03,1037923.1699860332,1030791.116770805,1080884.2042496975,1066024.3842473016
2019-04-04,1038237.0744216851,1031102.9341192618,1081448.6454509648,1066572.0077777582
2019-04-05,1038874.1157763902,1031699.0555207232,1082972.6366943868,1068019.9615193044
2019-04-08,1039077.2304112237,1031919.1618843398,1083499.4484822364,1068539.7397855006
2019-04-09,1038698.6985917613,1031543.1468464949,1082267.0851928026,1067342.3934222988
2019-04-10,1039271.1125626557,1032111.7549525043,1083800.483789579,1068836.7559376126
2019-04-11,1039363.4373966709,1032194.2948388605,1083932.1867365413,1068966.7005041617
2019-04-12,1039575.784514906,1032396.059005509,1084976.4029588862,1069987.693527047
2019-04-15,1039631.1794153152,1032451.0855964131,1085126.9206125573,1070136.201603103
2019-04-16,1039631.1794153152,1032451.0855964131,1085277.4382662287,1070275.4279244056
2019-04-17,1039649.6443821182,1032469.4277933812,1085333.8823863554,1070340.40020768
2019-04-18,1039612.5688477608,1032399.4557399646,1085371.1166781115,1070325.0412326984
2019-04-22,1040099.9219294713,1032847.5920733792,1085796.423187371,1070671.5247734825
2019-04-23,1041634.1816311525,1034344.367426984,1089180.3836740889,1073917.528471355
2019-04-24,1041020.4777504801,1033779.7156468816,1088200.3295440557,1073042.2016314794
2019-04-25,1040966.3274080678,1033708.0138335353,1087775.0230347964,1072595.420223626
2019-04-26,1042013.2340280385,1034711.839220384,1089864.572406376,1074564.9056133465
2019-04-29,1042157.6349411379,1034855.2428470767,1089994.01351789,1074665.2034804155
2019-04-30,1042518.6372238864,1035204.7891871402,1090974.0676479228,1075622.5922115296
2019-05-01,1040767.7761525561,1033510.8338468329,1087349.7165255367,1072148.6388157727
2019-05-02,1040713.6258101438,1033421.2065801499,1086868.9352541997,1071610.6775287658
2019-05-03,1042843.5392783601,1035455.7455338524,1091011.050822641,1075540.5303202914
2019-05-06,1041561.9811746029,1034227.8519802963,1088958.4846257796,1073625.7528580632
2019-05-07,1037085.5528685212,1029854.0413661695,1083152.126195018,1068355.555842978
2019-05-08,1036724.5505857727,1029495.5322994378,1082671.3449236809,1067826.7125438864
2019-05-09,1035244.4412265038,1027971.868765828,1080618.7787268192,1065738.6933112661
2019-05-10,1037897.8080047054,1030517.2831396231,1081450.9001579795,1066112.5308157962
2019-05-13,1025064.1768529956,1017808.136723984,1067970.5329731856,1053283.5218188674
2019-05-14,1030605.5618931854,1023275.3999916426,1069597.7926607877,1054377.680368712
2019-05-15,1034414.1359761822,1027039.7451923256,1070651.813140257,1055362.4230635723
2019-05-16,1040812.9014378997,1033385.3556734768,1075727.7538703338,1060349.9624532808
2019-05-17,1037569.3884926555,1030121.5683835337,1068458.552589559,1053129.3660943194
2019-05-20,1036251.6983007393,1028786.0265739309,1066591.3097242569,1051279.7102135816
2019-05-21,1038081.8235672894,1030521.3223945713,1068587.9654614115,1053074.6964623763
2019-05-22,1037679.1960086484,1030112.4830651011,1067848.4633365395,1052354.8796417937
2019-05-23,1034403.2717815237,1027005.3041611271,1063522.3759060379,1048345.7732993078
2019-05-24,1035647.7569627778,1028113.7130099131,1064853.4797308075,1049457.3891488153
2019-05-28,1033085.5815896076,1025606.1651224956,1061470.2575095177,1046195.4344428835
2019-05-29,1030614.912479765,1023162.2144641067,1058050.0601819844,1042860.5868943611
2019-05-30,1031346.9625863851,1023816.3573912592,1058863.5125193438,1043525.7340830008
2019-05-31,1026972.9631993303,1019609.8549569318,1054518.9375357202,1039498.4045298672
2019-06-03,1025783.3817760727,1018374.2516500884,1053446.6594546556,1038332.1190484167
2019-06-04,1032682.9540309666,1025061.0460165353,1059787.8901754338,1044263.7741142311
2019-06-05,1035373.2381727953,1027686.7030435775,1062856.823993653,1047197.711028505
2019-06-06,1037532.7859873244,1029821.7528752555,1065056.8428151475,1049357.1614902532
2019-06-07,1040058.3588551636,1032329.3007626731,1069401.4177987708,1053639.6159924539
2019-06-10,1041385.1996734124,1033628.5012985453,1071398.0735359255,1055598.6111370777
2019-06-11,1041394.3502997452,1033637.5866169779,1071139.2477922202,1055325.2629773628
2019-06-12,1041549.9109474019,1033792.0370303334,1070824.9593891497,1055024.5800016765
2019-06-13,1042565.6304703372,1034782.3367394947,1072692.2022544516,1056856.0126717666
2019-06-14,1043004.8605343093,1035227.5173426956,1072886.3215622306,1057038.2447782431
2019-06-17,1043517.2956089433,1035727.2098564926,1073755.2365589554,1057885.6240733594
2019-06-18,1044231.0444628978,1036435.864694241,1076694.7575053219,1060792.2261716619
2019-06-19,1044569.6176372096,1036772.0214762499,1078432.5874987713,1062496.0963672183
2019-06-20,1044606.2201425406,1036808.3627499805,1079014.945422108,1063070.1275026198
2019-06-21,1044606.2886656898,1036775.6110723391,1079098.0408811835,1063114.6117555986
2019-06-24,1044874.6162108385,1036970.9157202292,1079351.5398521163,1063248.407997595
2019-06-25,1042441.779801489,1034662.7698815294,1075748.2330509983,1059939.1809455494
2019-06-26,1042155.5637533301,1034352.0579417044,1075168.8068317228,1059368.316979698
2019-06-27,1043586.6439941241,1035710.3129929393,1076961.4066976057,1060964.952134189
2019-06-28,1045697.487349295,1037743.256827794,1080075.8226262105,1063872.790460245
2019-07-01,1047647.3341773767,1039607.5284667438,1082610.8123355398,1066209.7648204498
2019-07-02,1048971.0834001112,1040885.8861620236,1084783.6606578222,1068288.0664461278
2019-07-03,1049892.3413051222,1041773.6345615236,1087318.6503671515,1070749.9172988625
2019-07-05,1049847.6200475972,1041764.7570775285,1086431.4039688862,1069875.7818511524
2019-07-08,1049534.5712449236,1041445.1676537086,1085073.3737674598,1068519.979932255
2019-07-09,1049776.0660355575,1041649.3497855936,1085652.799986735,1069090.8438981066
2019-07-10,1050482.6619044496,1042359.5485051934,1088015.772537217,1071401.059009912
2019-07-11,1050697.3239405686,1042563.7306370784,1088993.554282244,1072355.47220282
2019-07-12,1050885.153222173,1042750.1578009734,1089953.2289579187,1073292.045896795
2019-07-15,1051001.4284917375,1042847.8101249185,1090577.9228505748,1073907.5086099787
2019-07-16,1051001.4284917375,1042856.6876089134,1090288.2097409372,1073613.1568775866
2019-07-17,1050938.8187312027,1042785.6677369535,1088341.6997855594,1071704.3304917705
2019-07-18,1051064.0382522722,1042909.9525128835,1090514.5481078415,1073827.230864781
2019-07-19,1051080.3104910713,1042893.365002617,1089468.7885122544,1072755.0216549789
2019-07-22,1052222.4806569307,1043938.1345257717,1090900.990484343,1074004.6416414138
2019-07-23,1053507.4220935223,1045168.837608132,1093076.4871508067,1076048.6629049398
2019-07-24,1054274.817673709,1045886.0099079248,1094563.076539557,1077458.9483182023
2019-07-25,1053436.036458156,1045062.5898600146,1092768.2917897243,1075709.4803371932
2019-07-26,1054488.9745798076,1046080.7974461401,1094871.2719006392,1077726.7240295813
2019-07-29,1054524.6673974907,1046125.067341189,1094835.0136228648,1077691.0206013974
2019-07-30,1053739.4254084623,1045363.6251463473,1093348.4242341146,1076271.809331089
2019-07-31,1051794.1668447333,1043539.7054703314,1089940.1461233215,1073058.5007945416
2019-08-01,1048885.2022035606,1040688.7242291801,1086078.6395403484,1069488.1579761556
2019-08-02,1047511.0287227613,1039280.9415666241,1082815.3945406529,1066176.6650121028
2019-08-05,1036107.1734730105,1028895.2241881447,1072318.6231249652,1058018.4316720911
2019-08-06,1040604.4685010812,1032507.6476241376,1074022.762180362,1057947.0248157233
2019-08-07,1041175.5535840109,1032950.3465746269,1073968.3747637004,1057643.5456761606
2019-08-08,1049420.594468807,1041051.7373685814,1082126.4872629393,1065194.8207370467
2019-08-09,1046351.0121480605,1038005.9685892148,1077648.5899578014,1060812.224927478
2019-08-12,1039123.2165672326,1030843.0995702978,1071557.199291703,1054858.6782778194
2019-08-13,1048920.8950212437,1040529.352607004,1078047.4310133196,1061088.926495903
2019-08-14,1030699.7115940207,1022449.5274690202,1068257.696014233,1051636.4438842263
2019-08-15,1028647.3745772424,1020404.2583177596,1067568.7887365194,1050743.8581796298
2019-08-16,1037334.900186585,1028977.8411361485,1067602.452160223,1050712.3420757917
2019-08-19,1039525.6278590756,1030998.3394732488,1069979.1720241292,1052853.6490522341
2019-08-20,1037986.6869321194,1029480.7207222712,1068022.9487515292,1050955.2634554722
2019-08-21,1039996.3627308503,1031384.4791554501,1070381.386154944,1053150.5529607323
2019-08-22,1039525.6278590756,1030944.4595175928,1069869.4772611796,1052691.7014657804
2019-08-23,1034999.3310150868,1026669.9830355496,1064549.2812581277,1047725.3088145363
2019-08-26,1037099.5327506976,1028609.6614391658,1066834.5888195762,1049785.6419977518
2019-08-27,1035759.748884877,1027316.5425034217,1065317.1445987744,1048346.1078959418
2019-08-28,1037841.8454331118,1029301.1208700846,1067511.039857765,1050397.4439910208
2019-08-29,1040376.5716657453,1031761.6388450422,1070673.9055228096,1053438.4597810942
2019-08-30,1040195.5197919859,1031617.9589632929,1070417.9510759274,1053222.5296658229
2019-09-03,1039290.2604231881,1030675.0597393127,1068973.6366970919,1051765.0013877403
2019-09-04,1041680.1451568141,1033000.8778251304,1071880.5479152543,1054536.1045337243
2019-09-05,1043472.5587070336,1034751.9763839506,1074604.634528501,1057208.239710209
2019-09-06,1044214.8713894478,1035479.3557853067,1075537.040013572,1058107.9485238402
2019-09-09,1044441.1862316473,1035685.8956153214,1075792.9944604542,1058359.8669916568
2019-09-10,1044640.3432927828,1035883.4554527267,1076039.8076770906,1058602.7883713373
2019-09-11,1045083.9203834936,1036323.4750905841,1077036.2017738821,1059556.4797137864
2019-09-12,1045174.4463203733,1036404.2950240681,1077392.7097534682,1059907.3661511026
2019-09-13,1045246.8670698772,1036476.1349649428,1077529.828207155,1060033.3253850108
2019-09-16,1045319.287819381,1036547.9749058174,1077520.6869769092,1060033.3253850108
2019-09-17,1045364.550787821,1036592.8748688642,1077822.3475750205,1060321.2322053728
2019-09-18,1045391.7085688849,1036610.8348540828,1077986.8897194448,1060483.1797918265
2019-09-19,1045464.1293183886,1036682.6747949575,1078178.8555546063,1060672.118642689
2019-09-20,1045437.647961805,1036615.2884116404,1078179.864316606,1060631.8943269867
2019-09-23,1046232.3970285796,1037315.7982188944,1079161.7579099028,1061448.5614173287
2019-09-24,1044183.7105453385,1035406.9089941274,1076162.5192976508,1058708.7750497295
2019-09-25,1045525.9534136688,1036659.0702745938,1077876.3699332234,1060254.2955647854
2019-09-26,1045172.7316062135,1036291.3026257855,1077144.4128909477,1059499.098040383
2019-09-27,1043795.1665571375,1034960.333992003,1075216.3309259284,1057681.3551618797
2019-09-30,1045225.7148773317,1036291.3026257855,1077090.855058586,1059376.1589085036
2019-10-01,1041728.8189835236,1032911.3428057852,1071895.7453195064,1054493.7190995766
2019-10-02,1035300.1820878359,1026729.3437567692,1064183.4174594292,1047389.5935502565
2019-10-03,1038814.7390720168,1030012.983478272,1067486.1504550641,1050146.9426509815
2019-10-04,1042965.0953096175,1033988.3766344382,1072467.028864697,1054730.8159967726
2019-10-07,1041569.8691701686,1032587.3570199303,1069682.0215818917,1051964.6855294849
2019-10-08,1035512.1151723091,1026633.0236582718,1063451.4604171535,1045984.5749002056
2019-10-09,1038585.1448971708,1029618.9467116917,1065736.594597917,1048048.1960424678
2019-10-10,1041728.8189835236,1032718.7026087904,1069092.8854259136,1051297.3016707108
2019-10-11,1046091.1083055974,1037026.8379234021,1073716.7116198023,1055828.486817125
2019-10-14,1047177.2653635227,1038095.1153794643,1071949.303151868,1054063.4321379985
2019-10-15,1050453.3976276712,1041334.9732380138,1080107.9462816254,1062089.6011764144
2019-10-16,1050682.9918025173,1041562.6389253713,1078920.7476642756,1060921.6794235597
2019-10-17,1051371.774327055,1042245.635987444,1081089.8398749223,1063046.7701317617
2019-10-18,1051501.9965153444,1042342.2105539682,1077310.881454265,1059287.997583194
2019-10-21,1053082.9247241218,1043821.370795017,1079397.9188804196,1061164.7978531201
2019-10-22,1052283.5790005827,1043046.5725735152,1077935.2088894395,1059761.582698035
2019-10-23,1053260.5571071305,1043979.8522494151,1079433.594733858,1061147.2576636816
2019-10-24,1053473.715966741,1044173.5518047905,1079433.594733858,1061129.7174742431
2019-10-25,1054734.9058861027,1045362.1627127761,1081538.470086732,1063102.9887860816
2019-10-28,1055480.9618947394,1046084.1337828118,1083090.3697113085,1064593.9048883594
2019-10-29,1055463.1986564384,1046066.5247323231,1083054.6938578698,1064558.8245094821
2019-10-30,1056253.6627608272,1046823.7139033362,1084570.9176290077,1066005.8901381637
2019-10-31,1055774.0553267037,1046374.683115875,1083571.9937327288,1065076.26009792
2019-11-01,1056839.849624756,1047378.3989937295,1085846.3293894357,1067224.9333041438
2019-11-04,1057195.1143907735,1047730.580003503,1086675.7929818816,1068040.552113037
2019-11-05,1057221.7592482246,1047756.9935792361,1086577.6843849258,1067944.0810711249
2019-11-06,1057470.444584437,1047977.1067103446,1087264.4445636175,1068593.0680803517
2019-11-07,1057550.3791567907,1048073.9564880322,1087612.2841346434,1068926.3316796846
2019-11-08,1057701.366682348,1048223.633417186,1088067.1512659846,1069382.3766050872
2019-11-11,1057719.129920649,1048241.2424676747,1088209.8546797389,1069513.9280258764
2019-11-12,1057728.0115397994,1048241.2424676747,1088307.9632766948,1069601.6289730691
2019-11-13,1057719.129920649,1048232.4379424304,1088334.7201667738,1069627.9392572271
2019-11-14,1057745.7747781004,1048258.8515181633,1088397.1529102912,1069689.329920262
2019-11-15,1057658.652733137,1048145.3298339504,1088258.613083821,1069517.5357686044
2019-11-18,1057967.2359392173,1048417.1658549665,1088776.9186779768,1069967.50290004
2019-11-19,1057778.6573132793,1048264.258093145,1088621.42699973,1069840.1537118978
2019-11-20,1057332.9260156078,1047831.0194346505,1087584.8158114185,1068863.8099361416
2019-11-21,1056852.9076950385,1047338.3166465588,1086893.7416858776,1068176.124320174
2019-11-22,1057675.796244586,1048094.3605800099,1088068.5676992973,1069220.3876629395
2019-11-25,1059150.1382291913,1049513.0048146879,1090660.095670076,1071623.0423458875
2019-11-26,1059870.1657100453,1050201.0897428847,1092145.9050399892,1073040.8633072032
2019-11-27,1060247.322961921,1050591.8540230955,1092957.9171375,1073821.9383278084
2019-11-29,1059698.7305955563,1050065.1717323768,1091765.8142709415,1072684.2855804053
2019-12-02,1057675.796244586,1048145.3298339504,1088206.7825244055,1069339.2469052055
2019-12-03,1055721.435939411,1046200.0033085538,1084993.2878406397,1066248.9066062898
2019-12-04,1057470.074107199,1047848.009185964,1087671.2000771111,1068719.480856247
2019-12-05,1058087.2405193595,1048434.1556062801,1088465.9353214833,1069432.636309843
2019-12-06,1060144.4618932276,1050464.4308882442,1092387.7809839286,1073219.1521706022
2019-12-09,1059441.5779238227,1049810.3254626743,1091040.1864391235,1071937.1703433048
2019-12-10,1059784.4481528008,1050133.1307376309,1091247.508676786,1072106.9692608276
2019-12-11,1060453.045099308,1050761.7515362306,1092422.3346902055,1073227.6421164784
2019-12-12,1061490.2275419666,1051781.136615041,1095117.5237798155,1075859.5253380823
2019-12-13,1062218.8267785448,1052486.2112945516,1096750.186401406,1077430.1653251685
2019-12-16,1062724.5603662874,1052953.429455673,1098590.1712606591,1079213.0539591582
2019-12-17,1062827.4214349808,1053046.8730878974,1098797.4934983214,1079391.3428225573
2019-12-18,1062878.8519693275,1053097.842341838,1099065.2847219685,1079663.021090594
2019-12-19,1062895.9954807765,1053114.8320931513,1099255.3301064924,1079841.3099539927
2019-12-20,1062862.3359694208,1053051.001860688,1099187.6579870614,1079719.1687395468
2019-12-23,1063095.2177215277,1053257.0185481824,1099693.4781400182,1080158.0820005157
2019-12-24,1063095.2177215277,1053257.0185481824,1099609.174781192,1080066.9867954091
2019-12-26,1064026.7447299552,1054138.7699706585,1102121.41487421,1082435.4621281847
2019-12-27,1063244.9274193107,1053355.9065581798,1100924.3071788794,1081276.0686086442
2019-12-30,1062097.153069641,1052226.9351107103,1098901.0265670526,1079338.225154555
2019-12-31,1063477.8091714175,1053594.8859156733,1100772.5611329924,1081069.0340515834
2020-01-02,1065074.7126144364,1055102.9280681324,1104313.302203689,1084381.5869645565
2020-01-03,1063344.7338844994,1053405.3505631783,1100907.446507114,1081102.1595807131
2020-01-06,1064384.384563548,1054410.7119981511,1102273.160920097,1082344.366923078
2020-01-07,1064151.5028114412,1054171.7326406576,1101025.4712094706,1081110.4409629956
2020-01-08,1065607.0137621092,1055630.330788118,1104937.1470590022,1084944.7209597619
2020-01-09,1066330.6106347272,1056330.7875255991,1107120.6040525984,1087056.4734417824
2020-01-10,1066289.0246075653,1056273.1028531005,1106100.5334108025,1086054.426185608
2020-01-13,1066995.9870693183,1056973.5595905816,1109000.5689544207,1088886.6589262001
2020-01-14,1067020.9386856155,1057006.5222605807,1109076.4419773642,1088952.9099844594
2020-01-15,1067112.427945372,1057088.9289355786,1109809.8811991513,1089665.1088607488
2020-01-16,1067162.3311779662,1057138.372940577,1110290.41034446,1090137.1476508474
2020-01-17,1067120.7863222351,1057071.5169850038,1110332.5926741657,1090140.498635166
2020-01-21,1066634.2267708092,1056589.5277319904,1109886.4430407532,1089726.7833837701
2020-01-22,1066699.101377666,1056645.7598115085,1110068.2077062177,1089897.1367225803
2020-01-23,1067072.1303670926,1056991.1854428349,1110943.9829125463,1090708.3430978667
2020-01-24,1064558.2393513918,1054589.272331984,1107358.261784748,1087495.965851732
2020-01-27,1060146.7660851297,1050532.5294524534,1101326.9797034282,1082442.150133697
2020-01-28,1063163.4353039707,1053247.735577763,1105325.8023436456,1085630.1911885731
2020-01-29,1062612.001145688,1052693.4479367973,1104268.2624718526,1084543.1746456893
2020-01-30,1064477.1460928207,1054412.5429392124,1106515.5346994128,1086425.173436354
2020-01-31,1058168.0905759975,1048451.9425102781,1098451.793176991,1079440.686545137
2020-02-03,1060195.4220402723,1050227.2695922113,1100186.8195291513,1080511.4789605152
2020-02-04,1065271.8600268166,1055119.460510299,1106796.443727858,1086449.5096276125
2020-02-05,1068191.2173353722,1057971.230257296,1111687.5656349007,1091130.1704130156
2020-02-06,1069083.243179653,1058854.877221154,1113455.6401080547,1092858.039992376
2020-02-07,1067883.0629528025,1057649.90408862,1110696.1220050948,1090140.498635166
2020-02-10,1069894.175765363,1059626.0600259758,1114645.372463822,1093936.944471507
2020-02-11,1070194.2208220758,1059923.2867320008,1115223.7145812088,1094504.7889342078
2020-02-12,1071451.166329926,1061160.3924814023,1118272.4037428622,1097473.8042677564
2020-02-13,1071378.1823972124,1061072.0277850165,1118016.2808051622,1097197.994100159
2020-02-14,1071759.3207124958,1061441.5528789936,1118834.2217997522,1098009.2004754455
2020-02-18,1071929.616555495,1061618.2822717652,1118561.5748015556,1097717.1661803422
2020-02-19,1072229.6616122078,1061907.4758235733,1120874.9432711028,1099988.5440311446
2020-02-20,1072229.6616122078,1061907.4758235733,1119908.285732042,1099039.4325720593
2020-02-21,1072236.1258515136,1061872.1273539925,1114954.8638474029,1094125.7097100767
2020-02-24,1064903.42097962,1055590.0772086582,1104927.6228322093,1085857.9164989202
2020-02-25,1057132.7005512195,1048761.7618332948,1096436.680687548,1079162.6251338068
2020-02-26,1054747.9491880152,1046592.767537591,1095230.7686708935,1078433.1139681167
2020-02-27,1064092.2810601627,1061277.6622507256,1109305.2486460912,1098600.044859644
2020-02-28,1048923.964566312,1045564.5035751833,1091959.9388175025,1081059.3541646018
2020-03-02,1051000.4827601227,1044407.7066174747,1093397.1216318714,1078076.4640648903
2020-03-03,1048339.9438243029,1043604.3753968437,1092092.0935590537,1079276.10464847
2020-03-04,1053920.5864701688,1045966.1691854988,1094206.569423872,1077249.6847437746
2020-03-05,1049556.6537034889,1044214.9071245233,1092290.3256713804,1078627.6502789673
2020-03-06,1047528.8039048456,1043443.7091527175,1091877.342104033,1079973.193095685
2020-03-09,1046685.21838861,1051027.155875474,1091546.9552501552,1089424.4155311838
2020-03-10,1046685.21838861,1045709.1031948968,1091596.5132782368,1084090.878342026
2020-03-11,1046506.7676063295,1051187.8221196004,1091315.6844524408,1089910.7563083107
2020-03-12,1046425.6536143838,1061438.328494852,1091414.8005086042,1099832.1081616986
2020-03-13,1046247.2028321032,1051685.8874763916,1091381.7618232162,1093688.0030106625
2020-03-16,1046409.4308159946,1066595.7149313027,1091381.7618232162,1103058.1686499736
2020-03-17,1046068.7520498226,1066177.9826965746,1091381.7618232162,1102490.7710766587
2020-03-18,1046376.9852192163,1067848.911635487,1091266.1264243592,1102733.9414652223
2020-03-19,1046490.5448079404,1068025.644504026,1091365.2424805225,1102717.7301059847
2020-03-20,1045441.2383998353,1067023.3372137947,1090424.740235095,1101832.2157663554
2020-03-23,1042859.8678636117,1064223.63405816,1087713.9648007606,1098925.9684213337
2020-03-24,1049105.8626432242,1070587.6651808422,1094007.6782004756,1105274.451351238
2020-03-25,1049405.4860090357,1070858.2247294958,1094502.6893667453,1105738.9744924502
2020-03-26,1052378.6717159362,1073881.4335992357,1097661.332046752,1108919.1713822898
2020-03-27,1050857.5069356617,1072352.18397641,1096105.5826670472,1107370.7609115813
2020-03-30,1053346.68566702,1074857.8006661166,1098651.3543792914,1109907.771913588
2020-03-31,1053346.68566702,1074846.0372074796,1098462.778696903,1109705.2874674185
2020-04-01,1050603.9794722826,1072058.0975104822,1095421.995818389,1106644.1990753259
2020-04-02,1052908.7745939107,1074422.5526965433,1097802.7638085433,1109062.1015795858
2020-04-03,1052908.7745939107,1074399.025779269,1097755.6198879462,1108990.6364809377
2020-04-06,1055789.768495946,1077328.126979912,1101102.8382503414,1112361.4069671722
2020-04-07,1055928.0562032438,1077481.0519421943,1101197.1260915357,1112468.6046151442
2020-04-08,1056746.2584714217,1078304.4940467929,1102210.7203843736,1113481.0268459918
2020-04-09,1057034.3578616253,1078598.5805127209,1102599.6577292997,1113874.0848885563
2020-04-13,1057218.7414713555,1078786.7958509147,1102835.3773322855,1114112.30188405
2020-04-14,1057230.2654469637,1078798.559309552,1102858.949292584,1114136.1235835992
2020-04-15,1057241.789422572,1078810.322768189,1102847.1633124347,1114124.2127338245
2020-04-16,1057230.2654469637,1078798.559309552,1102858.949292584,1114136.1235835992
2020-04-17,1057044.834010131,1078541.0941814876,1102660.0319136707,1113846.9651710573
2020-04-20,1054517.8589071175,1076190.0839877573,1099698.7955160367,1111143.0947260468
2020-04-21,1051006.1067419,1072663.5686971617,1095427.7814809873,1107039.348093194
2020-04-22,1053570.2432434876,1075052.4984101458,1098275.1241710202,1109532.2782907214
2020-04-23,1053180.0485584633,1074606.9440589147,1097458.8859332108,1108611.8117562498
2020-04-24,1055707.0236614768,1076976.914012272,1099945.5652158395,1110817.0961617548
2020-04-27,1058233.9987644902,1079489.0821628305,1102887.8193288734,1113693.5540819785
2020-04-28,1058196.8373659167,1079451.1626435767,1102906.8016134736,1113731.9068542481
2020-04-29,1061522.7825382652,1082816.519977344,1107766.2664711298,1118593.1207394265
2020-04-30,1059831.9389031606,1081091.1818513,1105260.6049039008,1116090.6023488317
2020-05-01,1055502.6359693212,1076701.9974976825,1099584.9018084353,1110347.2747014514
2020-05-04,1055781.3464586243,1076948.4743728316,1099129.3269780301,1109848.688661946
2020-05-05,1058048.1917716218,1079242.6052876813,1101919.7228142624,1112629.2646514957
2020-05-06,1056338.7674372303,1077479.3476423835,1099376.0966778328,1110040.4525232944
2020-05-07,1060166.3914903242,1081375.578245703,1104140.6501124878,1114834.5490570008
2020-05-08,1063640.9822569678,1084902.0935362983,1109151.9732469458,1119877.93861046
2020-05-11,1064402.7909277293,1085679.4436809993,1109702.4595003522,1120434.05380837
2020-05-12,1059330.2600224153,1080512.9091826808,1099945.5652158395,1110577.3913350694
2020-05-13,1054777.9886971337,1075858.2881942873,1092086.8993913487,1102619.1910891167
2020-05-14,1061281.2334475361,1082484.724183874,1097288.0453718088,1107883.1090831263
2020-05-15,1066284.0536410662,1087525.0643340508,1094881.0351802811,1105382.3778402065
2020-05-18,1069933.4190115433,1091083.4135653086,1099242.3219054216,1109564.6396714803
2020-05-19,1068950.1703106894,1090099.804834717,1098023.4470128058,1108362.8402946775
2020-05-20,1070614.129650596,1091690.9366047918,1099927.9390325178,1110160.7321623745
2020-05-21,1069479.6119188415,1090553.036308617,1098537.659858128,1108785.8736753121
2020-05-22,1070160.3225578943,1091199.1322394959,1099337.5465064072,1109526.1820914226
2020-05-26,1071767.5560112132,1092819.1936781174,1101299.1732867104,1111477.9042793505
2020-05-27,1072675.1701966168,1093725.6566259174,1102556.1380197203,1112737.39002624
2020-05-28,1072694.0788254794,1093754.5862944643,1102556.1380197203,1112737.39002624
2020-05-29,1073166.7945470437,1094227.1042140622,1103070.3508650425,1113237.3385669899
2020-06-01,1073261.3376913567,1094304.2499968538,1103146.530545831,1113295.0249370765
2020-06-02,1073923.1397015469,1094959.9891505814,1103984.5070345043,1114131.4773033313
2020-06-03,1074584.941711737,1095615.7283043093,1104879.6182837689,1115016.0016446582
2020-06-04,1074660.5762271874,1095692.8740871006,1104955.7979645573,1115083.302409759
2020-06-05,1075237.2894074959,1096281.1106808858,1105869.954134019,1115996.6699361291
2020-06-08,1075350.7411806714,1096387.1861322243,1106079.4482561874,1116198.572231432
2020-06-09,1075284.5609796522,1096319.6835722816,1105955.6562749061,1116073.5850962445
2020-06-10,1075303.4696085148,1096338.9700179796,1105955.6562749061,1116063.9707012302
2020-06-11,1072429.3580214034,1093465.2896089961,1101851.4759724268,1111997.0816101292
2020-06-12,1073752.9620417836,1094767.1246936028,1103336.9797478023,1113439.2408622927
2020-06-15,1075076.566062164,1096107.532669605,1105346.2188285983,1115467.878210336
2020-06-16,1075445.2843249843,1096473.9751378647,1106136.5830167788,1116256.2586015186
2020-06-17,1075530.3731548658,1096560.7641435051,1106336.5546788485,1116458.1608968214
2020-06-18,1075539.827469297,1096570.407366354,1106336.5546788485,1116448.546501807
2020-06-19,1075364.197767639,1096326.4323342107,1106161.7122237748,1116216.3233013528
2020-06-22,1077858.569165087,1098689.212592039,1108838.5402644677,1118656.492701445
2020-06-23,1078123.9278243901,1098941.7234592878,1109177.605149622,1118980.6480461068
2020-06-24,1074975.005067328,1095776.3193734188,1105412.2003723807,1115243.857267368
2020-06-25,1076231.0360546955,1097011.818973886,1106697.0778319133,1116450.4354947195
2020-06-26,1073205.9473386414,1093963.6520763827,1103217.2013790125,1113019.7914303835
2020-06-29,1075611.8658496551,1096317.414088952,1105340.8182912956,1115027.75370426
2020-06-30,1077858.569165087,1098580.9936489323,1107785.6545684617,1117476.9274194816
2020-07-01,1079043.837843307,1099762.3837778466,1109338.2148320638,1119016.6653066247
2020-07-02,1080547.5369126908,1101295.4854718572,1111372.6041429904,1121042.6362107603
2020-07-06,1082228.141754943,1102945.8243542335,1113799.5948998851,1123437.784035205
2020-07-07,1081113.6353858705,1101818.5436968727,1111925.8152714001,1121546.8778580118
2020-07-08,1082564.2627233935,1103297.53591933,1113924.5135417841,1123554.8401318884
2020-07-09,1081856.6396319189,1102567.0580533603,1112675.3271227942,1122285.2316986301
2020-07-10,1083837.9842880478,1104578.126746092,1115477.0738053862,1125094.5780190313
2020-07-13,1082935.7648464176,1103658.2657296855,1113853.131460699,1123464.7969805934
2020-07-14,1084271.403431576,1105020.0207637774,1116119.5125351525,1125760.8973386139
2020-07-15,1084979.0265230506,1105732.4621392295,1117966.5238832305,1127606.7819401594
2020-07-16,1084996.7171003376,1105750.4986297472,1118082.5197649938,1127723.8380368429
2020-07-17,1084937.6935195501,1105645.2371444313,1118201.598188583,1127798.953402309
2020-07-20,1086760.3194826732,1107398.568011951,1120317.8271103832,1129777.2496993872
2020-07-21,1086879.556695214,1107528.765848648,1120610.3140345344,1130080.9355344651
2020-07-22,1087646.081632976,1108275.2334457107,1121573.8003729149,1130983.3163015535
2020-07-23,1085925.658994888,1106547.9421455306,1119319.9305456318,1128788.1015508482
2020-07-24,1084852.524082021,1105462.9601730555,1117719.855019393,1127165.551517718
2020-07-27,1086726.2517076614,1107268.3701752538,1119870.4941675635,1129221.9384581023
2020-07-28,1085653.1167947948,1106183.388202779,1118442.4697731782,1127772.9231878738
2020-07-29,1087731.251070505,1108249.1938783713,1121109.2623169099,1130393.298107688
2020-07-30,1087390.5733203886,1107901.9996471794,1120765.1600532026,1130037.5518437398
2020-07-31,1088157.0982581505,1108665.8269558018,1121883.4924102514,1131148.17432631
2020-08-03,1089332.4364960522,1109820.2477745153,1123414.747483749,1132649.250025409
2020-08-04,1089928.622558756,1110419.1578233214,1124171.7724639052,1133404.126244031
2020-08-05,1090831.4185965646,1111330.5426802004,1125444.9508396222,1134662.2532750675
2020-08-06,1091751.2485218788,1112259.2872486392,1126993.411026305,1136215.389403037
2020-08-07,1091853.451846914,1112346.085806437,1127079.436592232,1136284.8033081978
2020-08-10,1092296.3329220652,1112788.7584512068,1127698.820666905,1136892.1749783533
2020-08-11,1091666.0790843498,1112146.4491235018,1126700.9241021539,1135894.3500916692
2020-08-12,1092781.7987159812,1113274.8303748758,1128507.4609866173,1137699.1116258458
2020-08-13,1092960.6545347923,1113457.1073462516,1128774.1402409906,1137959.4137701984
2020-08-14,1093199.1289598737,1113682.7835965264,1129083.832278327,1138263.099605276
2020-08-17,1093471.6711599668,1113969.2188372598,1129875.267484854,1139052.6827764784
2020-08-18,1093471.6711599668,1113969.2188372598,1129935.4853810028,1139122.096681639
2020-08-19,1093454.637272461,1113951.8591257,1129875.267484854,1139052.6827764784
2020-08-20,1093531.2897662374,1114021.2979719385,1130073.1262864857,1139252.2477538153
2020-08-21,1093499.016749546,1113949.4777620593,1130049.5555727782,1139176.9594917288
2020-08-24,1095110.0854039213,1115516.1312425684,1132639.8079178594,1141671.8244442665
2020-08-25,1095728.4753924694,1116121.24078795,1133662.7101178279,1142619.8731262311
2020-08-26,1096525.8730092812,1116925.290457841,1135131.06972746,1144091.8434482284
2020-08-27,1096590.9666922863,1117008.1821763865,1135263.057108101,1144258.1677783974
2020-08-28,1097469.7314128547,1117828.8101899864,1136285.9593080692,1145189.584027345
2020-08-31,1097160.5364185807,1117546.9783469317,1136038.4829693672,1144998.3110476504
2020-09-01,1097892.8403523876,1118251.5579545682,1137160.3757048163,1146071.1029772419
2020-09-02,1098706.5113899508,1119055.607624459,1138529.7447789675,1147401.6976185953
2020-09-03,1094979.8980379112,1115424.9503521684,1133250.2495533244,1142353.7541979603
2020-09-04,1093499.016749546,1113899.742730932,1131039.4609275863,1140116.6919571846
2020-09-08,1088047.4207978724,1108279.6842135505,1123615.170766526,1132573.8835840118
2020-09-09,1092929.4470232518,1113137.138920314,1129109.1454857106,1137896.262149426
2020-09-10,1088503.0765789077,1108652.696947005,1123153.214934282,1131958.4835623857
2020-09-11,1087787.046065852,1107856.936448969,1121783.8458601309,1130436.6159413378
2020-09-14,1093645.4775363074,1113808.561840532,1127294.3190018958,1135950.2674864465
2020-09-15,1096493.3261677788,1116701.4828177684,1130676.4956308235,1139343.283821898
2020-09-16,1096664.1970856672,1116883.8445985683,1128432.710159925,1137081.272931597
2020-09-17,1095118.2221142969,1115292.3236024957,1121965.3285085123,1130553.0429724562
2020-09-18,1098245.831934681,1118417.3786211265,1117433.7248874095,1125907.6762052241
2020-09-21,1096109.1636443953,1116377.348928392,1114855.9808999714,1123511.3185945246
2020-09-22,1097578.1230939666,1117720.3684761089,1116452.519111546,1124902.2114734622
2020-09-23,1093588.5627706992,1113861.3123073524,1111529.8596258578,1120293.8314528863
2020-09-24,1094005.8807961454,1114218.317503581,1111762.6881150457,1120411.1356715919
2020-09-25,1097127.4196264844,1117167.8604343266,1115421.4215165707,1123737.5481591711
2020-09-28,1100198.88029377,1120202.4046022694,1119396.1364391367,1127558.3141398667
2020-09-29,1099614.635058145,1119607.3959418884,1118531.344907867,1126712.0479906336
2020-09-30,1099915.1040364665,1119896.4001483591,1118814.0652161667,1126963.4141735742
2020-10-01,1101350.678044002,1121290.4204383944,1120793.1073742644,1128890.5549094514
2020-10-02,1100015.2603625737,1119938.9007669578,1118897.2182480195,1126971.793046339
2020-10-05,1103287.0336820735,1123211.448399053,1123088.1310534028,1131102.5773193277
2020-10-06,1101751.3033484307,1121681.426129502,1120527.0176723353,1128563.7788716287
2020-10-07,1104739.300410627,1124673.4696788462,1124850.9753286832,1132862.1405999113
2020-10-08,1106199.9134996892,1126160.9913297985,1127312.3050715271,1135333.908065493
2020-10-09,1106984.4713875283,1126943.0027120134,1128967.0504053987,1136992.9248729001
2020-10-12,1107251.5549238143,1127232.006918484,1129948.2561812622,1137981.6318591328
2020-10-13,1107259.901284323,1127223.5067947644,1129890.0490589654,1137914.6008770154
2020-10-14,1107276.594005341,1127240.5070422038,1129948.2561812622,1137964.8741136035
2020-10-15,1107343.3648894124,1127308.5080319617,1130122.8775481533,1138140.8304416619
2020-10-16,1106188.6609899846,1126090.2709299056,1128686.710758898,1136644.1129838335
2020-10-19,1104768.1193860609,1124676.984403181,1126700.7773051644,1134725.391482948
2020-10-20,1105058.6847141362,1124939.9214314087,1127055.9849147752,1135034.3381652941
2020-10-21,1105074.8272323627,1124923.4878671446,1127104.4223160858,1135034.3381652941
2020-10-22,1105865.8106254565,1125712.298951828,1127960.1497392394,1135879.87645382
2020-10-23,1106027.2358077206,1125843.767465942,1128089.3161427341,1135944.9178606295
2020-10-26,1103347.577782137,1123296.5650049848,1124860.1560553627,1132969.273499087
2020-10-27,1102734.1620895336,1122754.2573842648,1124004.4286322093,1132188.7766173708
2020-10-28,1097568.5562570838,1118119.9922617492,1118547.1480845516,1127538.316030479
2020-10-29,1098650.1049782531,1118925.236910697,1119257.5633037733,1127896.0437679323
2020-10-30,1097616.983811763,1117906.3559263141,1117723.7122622717,1126400.0914113098
2020-11-02,1098585.5349053475,1118580.132061148,1118401.8358806197,1126676.517390251
2020-11-03,1100990.770121082,1120831.5303653488,1121098.184553575,1129099.3097939114
2020-11-04,1105833.5255890037,1125539.7465270534,1126733.068906038,1134424.5749764536
2020-11-05,1109740.0149997938,1129467.368386207,1131867.4334449586,1139522.1952351616
2020-11-06,1109949.8677367372,1129623.487246717,1131802.8502432113,1139383.9822456911
2020-11-09,1111903.1124421323,1131603.731740558,1134499.1989161663,1142115.7213316974
2020-11-10,1112161.3927337548,1131842.0184223894,1134773.677523593,1142359.6266072337
2020-11-11,1113694.9319652633,1133394.99024536,1137130.964387374,1144717.3776040846
2020-11-12,1112629.5257623205,1132318.5917860523,1135193.4683349512,1142782.3957514965
2020-11-13,1114251.8488440744,1133953.7314303443,1137986.6918105276,1145562.9158926103
2020-11-16,1115236.542455885,1134956.178850463,1140295.541272998,1147863.7556585025
2020-11-17,1115268.827492338,1134972.612414727,1140327.8328738718,1147896.2763619074
2020-11-18,1115260.7562332246,1134972.612414727,1139609.3447544316,1147180.8208870008
2020-11-19,1115365.6826016963,1135071.2138003125,1140747.62368523,1148319.0455061703
2020-11-20,1115334.0480720405,1134981.0045131107,1140765.9956295034,1148288.067099389
2020-11-23,1117457.2142439804,1137052.996919288,1143229.1700481148,1150615.6196790535
2020-11-24,1119707.1366052898,1139237.8605071248,1146502.8083076887,1153775.0123559176
2020-11-25,1119802.2037473167,1139318.4827797387,1146518.6997555506,1153759.0154309715
2020-11-27,1120039.8716023846,1139536.1629157963,1146884.203056377,1154086.9523923676
2020-11-30,1120008.1825550422,1139479.7273249666,1146677.6142341706,1153839.0000557022
2020-12-01,1121022.2320699985,1140495.5679599016,1148171.4103331994,1155350.7094631132
2020-12-02,1121497.5677801345,1140987.3638228464,1148854.7425912658,1156030.5787733244
2020-12-03,1121719.391111531,1141213.1061861655,1149172.5715485062,1156334.5203473014
2020-12-04,1122464.083724077,1141914.5199579063,1150253.1900031227,1157366.3220063278
2020-12-07,1122844.3522921856,1142285.3824119305,1150761.7163347069,1157854.2282171852
2020-12-08,1123280.0766931435,1142728.8049113068,1151492.7229363592,1158574.089839762
2020-12-09,1122765.1296738298,1142212.8223665778,1150284.9728988467,1157382.3189312739
2020-12-10,1122923.5749105418,1142366.0046845442,1150380.3215860187,1157470.3020184778
2020-12-11,1122971.1084815552,1142430.5025026354,1150475.6702731908,1157590.278955574
2020-12-14,1123145.3982419383,1142623.995956909,1150364.4301381567,1157502.29586837
2020-12-15,1123921.7799018268,1143357.6586376952,1152477.9927038038,1159549.902261477
2020-12-16,1124127.7587095522,1143543.0898647073,1153121.5963422153,1160181.7807968499
2020-12-17,1124127.7587095522,1143551.1520919688,1153367.9137840765,1160413.736208569
2020-12-18,1124154.2662876528,1143521.9400661932,1153403.4721175057,1160393.9776290876
2020-12-21,1122748.9283383745,1142278.800707546,1151683.1183964706,1158941.28873781
2020-12-22,1122412.869263547,1141859.2411740026,1150792.2209337917,1157967.6780979112
2020-12-23,1122886.4070508038,1142278.800707546,1150915.103342437,1157983.1322350525
2020-12-24,1124062.6138126997,1143374.3172673539,1152190.0083321328,1159064.92183494
2020-12-28,1126216.4469740936,1145487.654177054,1155338.8700536704,1162117.113920337
2020-12-29,1125788.7354243132,1145060.325022519,1154709.0977093629,1161498.948434687
2020-12-30,1125880.387899266,1145145.790853426,1154601.575601798,1161359.8612004158
2020-12-31,1127087.1454861464,1146342.3124861242,1156828.8192584955,1163523.440400191
2021-01-04,1123894.5842752862,1143148.998258599,1151698.4786975512,1158493.1187607138
2021-01-05,1125849.8370742819,1145068.0946435106,1154171.4871715393,1160873.0558804665
2021-01-06,1127484.3062109426,1146715.2542937184,1157074.5840757862,1163755.2524573095
2021-01-07,1130188.0542220538,1149403.5431567929,1161590.5125935036,1168198.3168854192
2021-01-08,1130745.6067780175,1149916.3381422348,1162850.0572821186,1169419.193719578
2021-01-11,1130493.5624718969,1149675.479891497,1161790.1965075524,1168345.131188261
2021-01-12,1131066.3904403527,1150242.6622238797,1162704.1344218522,1169256.925279595
2021-01-13,1131570.479052594,1150747.6875883301,1164378.4072396455,1170925.97209085
2021-01-14,1131631.5807025624,1150802.074935271,1164470.5690461295,1171003.2427765562
2021-01-15,1131638.536085209,1150769.07812355,1165122.5968136035,1171619.3378322595
2021-01-19,1133550.0902291138,1152589.590599449,1167557.467961026,1173913.873826479
2021-01-20,1135537.4996961895,1154533.5276499852,1170283.2985537376,1176524.101014534
2021-01-21,1135658.8682132629,1154626.096080963,1170467.0624139204,1176693.4962892751
2021-01-22,1135400.960114482,1154379.2469316886,1170053.593728509,1176277.707887638
2021-01-25,1135840.9209888729,1154811.232942919,1170712.080894164,1176909.090275309
2021-01-26,1135856.092053507,1154803.518907004,1170788.6491692401,1176962.9887718176
2021-01-27,1129620.7844888652,1149102.8463659473,1163836.249792324,1170864.7588811405
2021-01-28,1133019.1029669181,1152095.8923009,1167496.2133409649,1173913.873826479
2021-01-29,1129560.1002303283,1148748.0007138653,1163300.2718667905,1169956.1842257113
2021-02-01,1132457.773575454,1151447.9132840545,1166026.1024595024,1172304.6187164392
2021-02-02,1135825.7499242388,1154757.234691515,1170390.494138844,1176547.2003701804
2021-02-03,1136553.9610266786,1155436.06985202,1171079.6086145297,1177155.4834022052
2021-02-04,1137828.3304559486,1156708.8857779664,1173055.070111495,1179095.8292765114
2021-02-05,1138662.7390108276,1157542.0016567674,1174249.5352026832,1180281.5961996987
2021-02-08,1139254.4105315602,1158128.2683862944,1175229.6091236584,1181251.769136852
2021-02-09,1139368.1935163164,1158251.6929609317,1175352.1183637802,1181382.6654855155
2021-02-10,1139398.5356455846,1158274.8350686762,1175352.1183637802,1181382.6654855155
2021-02-11,1139656.4437443656,1158529.3982538653,1175842.1553242677,1181860.0521688764
2021-02-12,1140270.8718620492,1159154.2351629664,1177059.5908979787,1183076.6182329257
2021-02-16,1140369.4837821713,1159246.8035939443,1177281.6388956998,1183307.6117893907
2021-02-17,1140414.9969760738,1159293.0878094332,1177503.6868934205,1183515.5059902093
2021-02-18,1140430.168040708,1159308.515881263,1177541.9710309587,1183554.0049162868
2021-02-19,1140400.6444345356,1159239.5287171958,1177558.3709080105,1183523.9843800508
2021-02-22,1139146.5554607299,1157972.1790089915,1175660.3583573196,1181661.3451289914
2021-02-23,1139176.063436584,1157987.1772303903,1175630.4683958916,1181556.1961390122
2021-02-24,1141876.0432272484,1160611.8659751925,1179336.8236129882,1185093.708587597
2021-02-25,1136254.7738270129,1155279.9982678941,1172970.2618287818,1179303.0034966015
2021-02-26,1134661.3431308833,1153645.1921354174,1170459.505068813,1176779.4277371017
2021-03-01,1140990.8039516206,1159734.4700233587,1177438.8110622976,1183193.5161258306
2021-03-02,1139190.817424511,1157904.6870126966,1174928.0543023287,1180684.9616506135
2021-03-03,1134956.4228894257,1153682.6876889146,1169786.9809366784,1175697.8952687446
2021-03-04,1131887.5934005834,1150668.0451877418,1166050.7357581535,1172152.8721780183
2021-03-05,1136903.9492958065,1155549.966253074,1171520.598699514,1177237.576907725
2021-03-08,1135885.9241288346,1154455.0960909564,1169876.650820963,1175510.1292152102
2021-03-09,1139058.031533167,1157634.719027517,1173822.1257294854,1179393.131202298
2021-03-10,1142156.3689978637,1160746.8499677824,1177468.7010237258,1182975.707503731
2021-03-11,1144221.9273076616,1162839.1018529248,1180831.3216843982,1186347.9858252057
2021-03-12,1145343.2303901233,1163948.9702364411,1182101.6450450968,1187579.73113639
2021-03-15,1146619.4503458198,1165246.3163874436,1185030.8612650605,1190516.3922136654
2021-03-16,1146958.7920681436,1165583.7763689181,1185598.7705321962,1191094.7116585507
2021-03-17,1147563.7055731558,1166198.7034462718,1187227.7734300331,1192717.0103610863
2021-03-18,1146877.6451345445,1165493.7870405249,1181451.5383840334,1186926.305270091
2021-03-19,1147731.361840171,1166322.4860811557,1180746.1041501232,1186155.7681018899
2021-03-22,1150089.3208587966,1168583.0842816043,1183825.4053956612,1189001.5159743864
2021-03-23,1148621.1576962562,1167151.372087987,1181568.2476865533,1186816.5222253192
2021-03-24,1147375.443497737,1165908.0430777401,1179580.1551348222,1184879.3112725378
2021-03-25,1149051.225693364,1167543.209109398,1181613.0918794493,1186786.4879469813
2021-03-26,1151587.1438832064,1170075.0790939003,1186321.732133549,1191441.801089324
2021-03-29,1151527.8241594676,1170022.3318025565,1186321.732133549,1191456.818228493
2021-03-30,1151364.6949191852,1169811.3426371813,1185783.6018187946,1190841.1155225702
2021-03-31,1152002.3819493796,1170421.7041513026,1186800.0701911082,1191824.7381381297
2021-04-01,1153737.4838687456,1172139.7587836434,1189998.955951036,1194948.3030852498
2021-04-05,1154619.8647593632,1173028.9274091532,1191703.035281091,1196652.7483809139
2021-04-06,1154708.844344972,1173111.8160098363,1191792.7236668835,1196757.8683550959
2021-04-07,1154960.9531708627,1173352.9464845508,1192338.328013787,1197260.9425172522
2021-04-08,1155198.2320658187,1173586.5416319305,1192816.6660713463,1197756.5081098243
2021-04-09,1155346.5313751663,1173729.7128512922,1193212.7897752626,1198139.4451586297
2021-04-12,1155428.0959953074,1173812.6014519753,1193377.2184825486,1198297.1251199027
2021-04-13,1155428.0959953074,1173812.6014519753,1193422.0626754449,1198334.6679678247
2021-04-14,1155435.5109607747,1173820.1367793102,1193422.0626754449,1198334.6679678247
2021-04-15,1155450.3408917096,1173835.2074339797,1193444.484771893,1198357.193676578
2021-04-16,1155379.6089558145,1173737.1252681555,1193380.649189053,1198256.189722314
2021-04-19,1154514.4111193032,1172872.3377402758,1192404.9475708788,1197347.4657644865
2021-04-20,1152309.5521165805,1170738.7226100152,1189647.529954299,1194820.077256778
2021-04-21,1154598.1399421913,1172914.8682744338,1192489.7911898505,1197361.6645763274
2021-04-22,1152700.286623392,1171057.7016162004,1190156.5916681292,1195189.2463646454
2021-04-23,1155226.106113853,1173496.1189079268,1193394.789792215,1198142.5992275856
2021-04-26,1155951.7559122173,1174190.7842991743,1194271.507188256,1198944.8320966056
2021-04-27,1156216.8971846965,1174431.7906594032,1194582.6004578187,1199221.708927506
2021-04-28,1156440.1740457318,1174623.1780631142,1194709.8658862761,1199292.7029867114
2021-04-29,1157361.191097502,1175565.9382369504,1196491.5818846815,1201067.5544668436
2021-04-30,1156495.9932609906,1174729.5043985094,1194936.1155368674,1199541.1821939298
2021-05-03,1157068.1402173932,1175282.4013425636,1195218.9276001062,1199775.4625893072
2021-05-04,1155365.6541519999,1173574.0915538832,1192588.775411984,1197184.179428314
2021-05-05,1155909.8915007731,1174112.811653218,1193196.8213479477,1197752.1319019566
2021-05-06,1158240.343737828,1176451.9910319091,1196845.0969637302,1201358.6301095854
2021-05-07,1159900.9653917775,1178089.4165969929,1200026.7326751682,1204475.2693086977
2021-05-10,1157514.6939394637,1175707.7066841437,1195416.8960443735,1199917.450707718
2021-05-11,1154528.3659231178,1172695.1271812841,1190580.8097629875,1195096.9540876786
2021-05-12,1147313.7323509178,1165549.997442737,1181799.4951994184,1186698.3568836926
2021-05-13,1151821.133983066,1169916.4656162935,1185433.6302120388,1189900.1889538513
2021-05-14,1158449.6657950487,1176579.582634383,1194596.7410609806,1198951.931502526
2021-05-17,1158058.931288237,1176140.1004480836,1191966.5888728583,1196268.356064566
2021-05-18,1154612.0947460062,1172652.5966471261,1184259.9601495971,1188544.20242303
2021-05-19,1153118.930737833,1171114.4089950777,1180003.6385978512,1184263.260652951
2021-05-20,1160766.1632282888,1178876.2314789162,1188678.8986377057,1192938.7346878378
2021-05-21,1162528.9928804296,1180629.7875108854,1187918.007154751,1192137.8133354823
2021-05-24,1164537.3914694942,1182568.9714843957,1190735.8174166286,1194773.8778905198
2021-05-25,1164014.0763441746,1182044.6735952615,1189772.9475783992,1193786.2418442927
2021-05-26,1164749.5462500292,1182741.343393152,1190622.538612131,1194567.8243269185
2021-05-27,1165527.447111991,1183517.0169825563,1191826.125909918,1195733.0927555603
2021-05-28,1165753.7455445617,1183746.8461942316,1191811.9660593558,1195718.8821649672
2021-06-01,1165612.309024205,1183560.1099597455,1191358.8508413653,1195235.7220847986
2021-06-02,1166079.049541382,1184019.768383096,1192052.683518913,1195889.4092520855
2021-06-03,1165357.7232875628,1183287.187770881,1190636.6984626933,1194475.4554880627
2021-06-04,1167111.5361399855,1185039.6355099052,1193921.7837931234,1197722.5754386075
2021-06-07,1167592.4203091983,1185520.8404218503,1194459.858114487,1198248.3672905555
2021-06-08,1167408.5528327348,1185341.286350229,1194389.058861676,1198191.5249281828
2021-06-09,1167295.4036164493,1185240.7360701212,1194120.021700994,1197949.9448880986
2021-06-10,1168313.7465630174,1186246.2388712005,1196272.3189864482,1200053.1122958912
2021-06-11,1168660.2660378912,1186583.8005258488,1197136.0698707425,1200905.7477314828
2021-06-14,1168829.9898623193,1186756.1724346052,1197412.1869567053,1201175.7489527534
2021-06-15,1168738.0561240874,1186655.622154497,1197136.0698707425,1200884.431845593
2021-06-16,1168490.5422134632,1186404.2464542273,1195989.1219752044,1199747.5845981375
2021-06-17,1168914.8517745333,1186827.9940632537,1197582.1051634517,1201332.0654492786
2021-06-18,1169132.3369198986,1187004.2382107133,1196645.3875173358,1200333.4917212476
2021-06-21,1172367.593511398,1190152.205872354,1201218.7506163325,1204671.0409216955
2021-06-22,1173275.7357125205,1191052.654288155,1202401.27129302,1205814.3817323574
2021-06-23,1173289.9254344131,1191038.2471135024,1202358.5295818145,1205735.7770516244
2021-06-24,1174013.6012509326,1191765.8094334695,1203598.0392067763,1206964.868423086
2021-06-25,1174666.3284579895,1192421.3358801727,1204566.851327436,1207936.7081121483
2021-06-28,1174822.4153988075,1192536.5932773952,1204923.0322541492,1208229.6891948804
2021-06-29,1174950.1228958403,1192659.0542619443,1205165.235284314,1208479.7949972127
2021-06-30,1175106.209836658,1192810.3295957989,1205393.1910774105,1208687.0255191452
2021-07-01,1175304.8659431539,1192997.6228662855,1205706.630292918,1208987.1524819438
2021-07-02,1175773.1267656076,1193473.0596298284,1206518.722805824,1209794.6369294738
2021-07-06,1175680.893573306,1193365.0058199323,1206333.5087239332,1209594.552287608
2021-07-07,1175893.7394016942,1193588.317027051,1206739.554980386,1209994.7215713395
2021-07-08,1175262.296777476,1192961.6049296535,1205478.6744998216,1208744.1925596783
2021-07-09,1176056.9212034584,1193746.795948232,1207024.4997217567,1210273.4108939385
2021-07-12,1176198.8184223839,1193883.6641074338,1207352.1861743326,1210594.975496937
2021-07-13,1176191.7235614376,1193869.2569327808,1207352.1861743326,1210602.1213770036
2021-07-14,1176248.4824490077,1193926.8856313922,1207480.4113079496,1210716.45545807
2021-07-15,1176283.9567537392,1193962.9035680243,1207501.7821635522,1210737.8930982698
2021-07-16,1176214.3214908945,1193848.9860784383,1207467.4780088556,1210667.4620339544
2021-07-19,1173493.4449371307,1191268.544460595,1203566.7727001095,1207116.9060729516
2021-07-20,1176791.477123511,1194420.8677342848,1208062.2664069978,1211277.7138397517
2021-07-21,1178220.6244042758,1195794.778541623,1210220.103386304,1213233.2934901477
2021-07-22,1178591.6530252437,1196150.4610348933,1210897.8855144195,1213912.8920920584
2021-07-23,1179897.1240990192,1197447.6560103497,1212889.7350337794,1215819.928985175
2021-07-26,1180281.8945207635,1197789.3901705507,1213512.1880085792,1216395.5073929157
2021-07-27,1179237.517661743,1196771.1618564827,1211921.4748507573,1214862.943198811
2021-07-28,1179677.2552865937,1197175.663515496,1212474.7663839126,1215369.1748104384
2021-07-29,1180336.8617238698,1197824.2610032242,1213373.8651252904,1216229.0750822437
2021-07-30,1180089.5093098914,1197594.1135075786,1212986.5610520816,1215868.4717424542
2021-08-02,1179787.1896928065,1197252.379347378,1212377.9403656106,1215223.5465386002
2021-08-03,1180900.2755557098,1198340.3493267929,1214106.9764067214,1216894.8043249317
2021-08-04,1180790.341149497,1198221.7884957027,1213567.5171618948,1216333.0952764137
2021-08-05,1181546.1401922093,1198974.9984814515,1214978.4105714413,1217733.9005579029
2021-08-06,1182219.4884302618,1199651.4926353188,1215919.0061778056,1218649.278266599
2021-08-09,1182370.6482388042,1199804.9242990823,1216140.3227910679,1218878.122693773
2021-08-10,1182473.7117446286,1199902.5626305684,1216347.8071160011,1219072.2937228903
2021-08-11,1182927.1911702561,1200355.8834553247,1217198.4928482277,1219925.2593150842
2021-08-12,1183160.8017834579,1200593.0051175049,1217820.9458230275,1220535.5111208817
2021-08-13,1183332.5742931652,1200753.4109478032,1218277.4113378809,1221000.134654841
2021-08-16,1183373.799695495,1200809.204280081,1218422.6503653342,1221138.8282470675
2021-08-17,1183202.0271857877,1200620.9017836438,1217682.6229397387,1220376.013489821
2021-08-18,1182590.5170512297,1200014.1492951238,1215296.5532030058,1218025.157101579
2021-08-19,1183346.316093942,1200767.3592808726,1217502.8031914632,1220202.6464995376
2021-08-20,1183435.8176711886,1200822.7066854183,1218754.6401147991,1221408.7969403649
2021-08-23,1185697.818633352,1203022.3709974058,1222454.6828868096,1224919.364102347
2021-08-24,1185805.5329648836,1203124.839831815,1222672.3324616337,1225123.8631603266
2021-08-25,1186344.1046225415,1203657.6777707438,1223583.7400562097,1225996.3924743729
2021-08-26,1185213.1041414598,1202564.6768703773,1221720.115571778,1224217.2506699506
2021-08-27,1187057.7120689382,1204361.2971003547,1224508.7507492122,1226882.5550589508
2021-08-30,1187677.0694752447,1204935.1225730472,1225773.8389028776,1228089.0995010303
2021-08-31,1187730.9266410107,1205010.2663849473,1225869.0605918632,1228204.982300552
2021-09-01,1187811.7123896594,1205064.9164299658,1225801.0450997306,1228116.366042094
2021-09-02,1188027.1410527225,1205290.3478656663,1226453.993824203,1228770.7630276287
2021-09-03,1188336.8197558757,1205590.9231132672,1226766.8650880128,1229070.6949793322
2021-09-07,1188000.2124698395,1205249.3603319025,1225869.0605918632,1228157.26585369
2021-09-08,1188134.8553842541,1205372.3229331938,1225896.2667887162,1228157.26585369
2021-09-09,1187502.033686506,1204730.1849042284,1224168.6732885495,1226432.6571313958
2021-09-10,1186451.8189540731,1203814.7966501715,1221856.146556043,1224299.0502931424
2021-09-13,1187730.9266410107,1204976.110106811,1223257.2656939735,1225539.677911552
2021-09-14,1187333.7300434879,1204525.2472354097,1219910.9034810523,1222131.3602785594
2021-09-15,1189218.7308452907,1206424.3362997966,1225971.083830062,1228164.0824889562
2021-09-16,1189413.9630711917,1206615.6114573607,1225801.0450997306,1227993.6666073063
2021-09-17,1189539.8643227902,1206707.61101318,1225290.3013955264,1227425.6805837143
2021-09-20,1185701.0374372622,1202964.6360352396,1220005.3898959695,1222515.4182560637
2021-09-21,1185294.0946578777,1202427.9594759026,1218882.6884893281,1221184.9840499687
2021-09-22,1188210.5179101338,1205248.9516467769,1222442.473437216,1224394.4851244662
2021-09-23,1191154.0706810157,1208186.9117857118,1226755.289816388,1228598.3828993961
2021-09-24,1191805.179128031,1208819.9149069812,1227522.0127282406,1229345.8949017897
2021-09-27,1191398.2363486465,1208407.086784414,1226413.0028021678,1228228.0558523387
2021-09-28,1185809.5555117647,1202827.0266610505,1218595.1673973834,1220581.4881214306
2021-09-29,1186582.7467925956,1203535.714938124,1219334.5073480986,1221205.557774805
2021-09-30,1182635.4018325652,1199551.9235553527,1213091.192208726,1214964.8612410594
2021-10-01,1185823.1202710776,1202716.9391616995,1216664.6686371826,1218434.9628301533
2021-10-04,1180817.7240846474,1197659.7946602541,1210106.4494447275,1211892.5183321387
2021-10-05,1184670.115729488,1201512.8571375457,1213501.9366257899,1215198.03012254
2021-10-06,1186162.2392538982,1203026.5602536248,1215651.4990750914,1217323.981688981
2021-10-07,1189743.3357124825,1206638.8063260857,1220361.3683907585,1222028.506768266
2021-10-08,1189349.9576924106,1206232.8586722282,1217951.6678106496,1219593.9493292775
2021-10-11,1186230.0630504622,1203074.7235345908,1212023.2567243595,1213682.4323929162
2021-10-12,1183978.3130045342,1200776.6469856347,1208134.8762428204,1209759.708857419
2021-10-13,1188203.7355304775,1205063.1789916218,1209504.0242997003,1211110.7167883506
2021-10-14,1196179.8140064152,1213140.8492565153,1226940.1248040667,1228570.9512662808
2021-10-15,1196504.1448789078,1213434.1961781688,1236044.7784551403,1237656.1436989554
2021-10-18,1197167.4000154766,1214079.4003941272,1237072.5956853025,1238602.9955625974
2021-10-19,1198534.5177459556,1215410.9920738714,1239635.28664584,1241107.3501294767
2021-10-20,1198899.9848620242,1215761.049680402,1240238.272754202,1241649.3885151849
2021-10-21,1199441.4176265702,1216289.568027517,1241252.3857546286,1242623.6853603818
2021-10-22,1199184.237063411,1216035.6046659164,1240882.37155177,1242253.1781093914
2021-10-25,1199969.3145720027,1216770.0392521669,1242156.8649171712,1243447.0348070269
2021-10-26,1199982.8503911162,1216811.222499994,1242307.6114442616,1243618.5659417447
2021-10-27,1199373.738531002,1216207.2015318626,1241348.3153627769,1242692.2978142689
2021-10-28,1200334.7816880713,1217161.2801065247,1242992.8229310364,1244284.1067444496
2021-10-29,1200673.1771659125,1217497.6099637796,1243609.5132691336,1244874.1738478786
2021-11-01,1200916.8219099583,1217717.253952191,1243828.7809449015,1245059.427473374
2021-11-02,1201322.8964833678,1218122.2225558246,1244472.8797424696,1245683.8008037466
2021-11-03,1202013.223258164,1218801.7461449723,1245582.9223510448,1246761.016329774
2021-11-04,1202297.4754595507,1219090.0288797622,1246089.9788512583,1247275.6097339273
2021-11-05,1202351.6187360054,1219131.2121275894,1246227.0211486132,1247412.8346417015
2021-11-08,1202514.0485653693,1219289.08124426,1246542.2184325296,1247714.7294388048
2021-11-09,1202459.9052889147,1219227.3063725193,1246309.2465270262,1247467.7246048113
2021-11-10,1202263.6359117667,1219041.9817572972,1245719.9646483997,1246884.518746771
2021-11-11,1202615.5672087215,1219371.4477399143,1246322.9507567615,1247467.7246048113
2021-11-12,1202872.747771881,1219632.274976153,1247289.098953114,1248407.7152230644
2021-11-15,1202967.4985056766,1219714.6414718071,1247480.958169411,1248592.9688485598
2021-11-16,1202940.4268674492,1219687.1859732557,1247487.8102842786,1248592.9688485598
2021-11-17,1202967.4985056766,1219714.6414718071,1247535.7750883528,1248640.9975662807
2021-11-18,1202981.0343247904,1219728.369221083,1247542.6272032205,1248647.8588116693
2021-11-19,1202948.3025106003,1219667.6442476069,1247516.6230456608,1248587.603230179
2021-11-22,1202275.656601151,1218998.7496561757,1246516.4504271816,1247626.0599926396
2021-11-23,1201991.075639461,1218697.0913110203,1246108.4852801703,1247165.0461116275
2021-11-24,1203245.818970549,1219910.2824817533,1247937.7483587046,1248903.7270343015
2021-11-26,1197424.8447541613,1214670.6081822095,1240265.3715616867,1242660.2819028816
2021-11-29,1200619.9128240452,1217319.9553874857,1244463.4645260926,1245610.7707413584
2021-11-30,1196118.3594300386,1213057.3918146403,1238357.1474869568,1240052.2605188705
2021-12-01,1191733.22552036,1208886.637303364,1233856.3707038006,1236192.9157435414
2021-12-02,1195523.3265101414,1212349.1504825368,1237528.0570269017,1239130.2327568466
2021-12-03,1193156.1303288103,1210185.0797455537,1233961.6520320615,1235929.479240106
2021-12-06,1196609.908363867,1213254.1255180023,1237185.8927100536,1238313.5795961968
2021-12-07,1203543.3354304978,1220120.1317653395,1246898.0952421275,1247652.4036429832
2021-12-08,1204500.562301637,1221011.991220581,1247069.1774005517,1247718.262768842
2021-12-09,1202379.1405872202,1218900.3828044946,1243410.6512434832,1244122.3544969482
2021-12-10,1206195.1125735187,1222690.785489271,1249240.604795934,1249838.9266214974
2021-12-13,1203582.1419252735,1220034.8804938826,1243042.1665945698,1243615.239227835
2021-12-14,1200102.4928936996,1216506.789413589,1236751.6072309772,1237325.692708314
2021-12-15,1207896.1305945297,1224395.8109184091,1249582.769112782,1250141.8786004481
2021-12-16,1206654.3227617005,1223130.1574267796,1242542.0802853303,1243088.3662209641
2021-12-17,1205967.7977051488,1222386.0832819792,1231889.8125131999,1232365.9696134103
2021-12-20,1204067.6258851576,1220486.7282898629,1229328.0631410505,1229842.7491598586
2021-12-21,1206944.274890422,1223309.0092992752,1233117.867624591,1233475.6581898415
2021-12-22,1209081.9681879121,1225375.5610336557,1235983.3295511706,1236183.826739465
2021-12-23,1210164.0104742958,1226438.9323144532,1237462.2776423083,1237643.5956406035
2021-12-27,1211734.2913533165,1227977.14234328,1239931.5927587615,1240034.7103112468
2021-12-28,1211998.204106093,1228237.9692612113,1240261.7151005333,1240371.5800576634
2021-12-29,1212196.1386706755,1228425.229612547,1240420.1738245836,1240503.6858405718
2021-12-30,1212090.5735695648,1228324.9115671886,1240182.485738508,1240265.8954313367
2021-12-31,1212077.377931926,1228304.847958117,1240024.0270144576,1240113.973780992
2022-01-03,1212657.9859880344,1228853.253272742,1240935.1646777478,1240972.661369897
2022-01-04,1212671.181625673,1228859.9411424326,1240935.1646777478,1240966.0560807516
2022-01-05,1210520.2926905444,1226719.8228414564,1237145.3601942072,1237227.462424442
2022-01-06,1210388.336314156,1226572.6897082643,1236841.6476397773,1236890.5926780254
2022-01-07,1210229.9886624902,1226385.429356929,1235890.8952954744,1235913.0098845027
2022-01-10,1210229.9886624902,1226378.7414872383,1235547.5680600316,1235569.5348489406
2022-01-11,1211839.8564544271,1227990.518082661,1238637.5131790158,1238640.9943015624
2022-01-12,1212677.7794444927,1228833.1896636705,1239852.3633967363,1239843.1569260296
2022-01-13,1210229.9886624902,1226372.0536175477,1234874.1184828172,1234875.9794886713
2022-01-14,1211430.7916876234,1227582.5580315376,1235983.3295511706,1235972.4574868116
2022-01-18,1206403.25374723,1222486.4013273376,1225036.4726980168,1225020.8880836996
2022-01-19,1202075.0846016947,1218085.783070955,1216242.0135132156,1216216.0376528502
2022-01-20,1192244.334560768,1208120.8572320337,1208688.8143334761,1208652.9815813405
2022-01-21,1177931.065432931,1193542.5162578255,1206191.2645878117,1206085.6873158596
2022-01-24,1179110.889641577,1194724.2986649668,1207960.0849565498,1207840.8289157385
2022-01-25,1176724.118828684,1192429.4421301694,1204844.239845465,1204956.4101624493
2022-01-26,1176547.8232572773,1192278.2839153025,1204599.3262559474,1204752.3239299052
2022-01-27,1176330.844092469,1191948.4841737747,1204068.6801453258,1204058.4307392554
2022-01-28,1179992.3674986113,1195473.2189113528,1208490.7310671713,1208167.366887809
2022-01-31,1183233.4937729375,1198613.1872838151,1212545.4116047402,1212045.005306146
2022-02-01,1185308.357036418,1200660.6940124668,1215334.705263135,1214732.1407013098
2022-02-02,1185443.9690144234,1200798.1105714366,1215416.3431263075,1214813.7751943273
2022-02-03,1184074.28803657,1199437.6866376346,1213320.9713048793,1212772.9128688867
2022-02-04,1183952.2372563654,1199272.7867668706,1212844.7504363728,1212221.8800410177
2022-02-07,1184616.7359485913,1199911.7737660808,1213225.727131178,1212575.6295107608
2022-02-08,1186054.222915447,1201361.5184632132,1215593.2251631813,1214909.015436181
2022-02-09,1187430.6844922006,1202742.5548808607,1218192.0304741736,1217500.9105894908
2022-02-10,1185254.112245216,1200564.5024211877,1214082.9246944897,1213432.7916874457
2022-02-11,1181890.935190685,1197170.3134146312,1208558.762619815,1207915.660534338
2022-02-14,1182284.2099269005,1197541.3381238498,1207810.4155407336,1207133.3299762525
2022-02-15,1186271.2020802556,1201567.643301668,1214164.5625576621,1213466.8060595365
2022-02-16,1187668.00545371,1202969.2922031612,1216613.698452838,1215902.235101229
2022-02-17,1185030.3524815072,1200296.5401311964,1205565.374303489,1204847.564171759
2022-02-18,1188322.0443137446,1203588.749219464,1196767.8433890394,1196001.4790425003
2022-02-22,1187010.7413785763,1202232.5897316616,1194888.7534954026,1194082.6902306993
2022-02-23,1182759.3592308732,1198108.1871656647,1189918.6968926678,1189442.2151610244
2022-02-24,1185161.1140805497,1200429.037423141,1192015.652281219,1191333.7871102467
2022-02-25,1190144.0652341887,1205287.4438356287,1198292.90185344,1197307.8884462796
2022-02-28,1189757.575948034,1204902.965630324,1197898.0206439078,1196940.4608014666
2022-03-01,1187273.0019656098,1202540.1722959054,1195011.302836292,1194245.9914061716
2022-03-02,1190116.4588566064,1205231.519733039,1198374.601414033,1197348.7137401477
2022-03-03,1189798.9855144077,1204902.965630324,1197816.321083315,1196790.7680572835
2022-03-04,1187687.0976293474,1202749.8876806172,1195215.5517377742,1194191.557681014
2022-03-07,1180523.2426466914,1195619.5646004193,1186691.5642492482,1185917.6314570778
2022-03-08,1177734.9985108601,1192753.4543426926,1183423.5818255323,1182542.7404973144
2022-03-09,1185326.7523460444,1200275.246141019,1191089.7239278327,1189952.5313343757
2022-03-10,1184401.9386970312,1199275.6028072266,1188734.0532640708,1187516.6221335786
2022-03-11,1179280.9556554793,1194081.6517792,1183178.4831437536,1181964.3821675163
2022-03-14,1176685.9561627256,1191453.21895748,1180468.7810507556,1179242.6959096426
2022-03-15,1183670.369691095,1198429.750755556,1185833.7188630227,1184502.3546029835
2022-03-16,1193981.3517181547,1208859.5958885516,1197612.0721818325,1196246.4308057087
2022-03-17,1197763.4254469557,1212690.396915952,1205182.8981301081,1203812.718602598
2022-03-18,1198329.6158311618,1213221.3243445526,1209785.4698312213,1208377.715548771
2022-03-21,1198397.4768718474,1213241.9363743286,1209704.8997375837,1208189.932004913
2022-03-22,1200474.024716829,1215289.3979987444,1212659.1365042948,1211033.5113833335
2022-03-23,1198126.0327091047,1212939.6266042807,1209275.1925715166,1207707.0600349924
2022-03-24,1200962.6242097658,1215715.3799474484,1213276.8405555163,1211549.9161289427
2022-03-25,1201966.9676119136,1216691.0160235122,1214646.5321473551,1212857.6943808107
2022-03-28,1203568.4881720955,1218243.788933304,1216875.6380713282,1215003.7920249016
2022-03-29,1204803.5591125747,1219473.6400432717,1218809.32031863,1216895.040573757
2022-03-30,1204491.3983254207,1219157.5889200398,1218097.6178248315,1216184.1457291518
2022-03-31,1203202.0385523927,1217879.643073928,1215317.949594335,1213434.4581226602
2022-04-01,1203785.6435022897,1218449.909231064,1215546.2315263082,1213622.2416665182
2022-04-04,1205543.2444560486,1220195.0610854316,1218983.8888548447,1217015.758566237
2022-04-05,1203772.0712941524,1218408.685171512,1215264.2361985766,1213320.446685318
2022-04-06,1201817.6733224052,1216429.9303130163,1211262.588214577,1209336.752933474
2022-04-07,1203310.6162174898,1217934.608486664,1213719.976070523,1211771.2324484896
2022-04-08,1203568.4881720955,1218168.211490792,1212860.5617383888,1210885.9671703023
2022-04-11,1197827.4441300877,1212369.3604471448,1202453.5913102017,1200517.6329272878
2022-04-12,1197888.519066705,1212410.5845066968,1198492.2283730207,1196520.5260651684
2022-04-13,1204803.5591125747,1219404.9332773518,1206220.2431877584,1204226.3579184825
2022-04-14,1200679.2439874748,1215185.8954687412,1192492.7353043626,1190472.8236613702
2022-04-18,1201439.225279717,1215829.218730274,1193192.678214091,1191023.7862016559
2022-04-19,1202807.1916057528,1217150.828474075,1194727.1684392649,1192475.1021614322
2022-04-20,1204230.429298497,1218535.3720151999,1196275.1191050105,1193912.9800104701
2022-04-21,1201024.690029403,1215381.6895048597,1192506.1957449343,1190298.1282217675
2022-04-22,1195041.564583206,1209871.4859169486,1185964.4216270875,1184492.8643826614
2022-04-25,1196989.8802596813,1211577.69108884,1187768.1206636955,1185903.8660102221
2022-04-26,1189210.4353954573,1204682.9439598038,1179530.3310338145,1178929.4865368516
2022-04-27,1192554.3530813227,1207480.001618642,1182478.1675190171,1181146.7748087323
2022-04-28,1195096.8359499145,1209773.5888988893,1184793.3632973495,1183108.7389765785
2022-04-29,1187676.6549692962,1202934.7829230297,1177874.6968434954,1177021.2748119603
2022-05-02,1187427.9338191077,1202417.3272561447,1177686.2506754915,1176537.5028253682
2022-05-03,1188547.1789949553,1203172.532824031,1178238.1287389311,1176618.1314898
2022-05-04,1195870.6350838337,1210123.221106244,1184847.2050596364,1182618.2479346169
2022-05-05,1187096.3056188566,1201718.0628414352,1177215.135255482,1175650.5875166159
2022-05-06,1182964.770957395,1197382.623470236,1174011.550399417,1172304.4979426868
2022-05-09,1177617.266228346,1192683.566603388,1171534.829334224,1170947.2487580809
2022-05-10,1176940.1919861666,1191690.6111345002,1171009.8721519278,1170033.4572278513
2022-05-11,1175406.4115600053,1190208.170575316,1170229.1665987691,1169469.056576827
2022-05-12,1173706.8170337183,1188390.0830970714,1170336.8501233428,1169657.1901271685
2022-05-13,1174770.7908428572,1188795.6564576027,1170336.8501233428,1168293.2218871934
2022-05-16,1173927.9025005524,1187711.7966148031,1170094.5621930521,1167661.6306824759
2022-05-17,1174508.2518509917,1188278.2007907177,1170215.7061581975,1167708.6640700612
2022-05-18,1173637.7278253327,1187467.0540696548,1170134.9435147673,1167802.7308452318
2022-05-19,1173665.363508687,1187418.105560625,1170188.7852770542,1167661.6306824759
2022-05-20,1173437.9042867383,1187105.3070139252,1169971.3150058468,1167365.0150787204
2022-05-23,1176554.2458789207,1190042.7614421179,1173301.7751355623,1170391.4752102299
2022-05-24,1175338.1125746544,1188850.8623940293,1171904.171331128,1169056.2722110345
2022-05-25,1176493.4392137073,1189927.4163729479,1172974.6763728224,1170035.421077111
2022-05-26,1179488.167475463,1192887.9398149746,1176305.136502538,1173269.5794529398
2022-05-27,1182239.6690763654,1195594.7041048275,1179932.9591438354,1176793.0318119277
2022-05-31,1181966.0390829055,1195294.8069249857,1179412.5747485673,1176258.9506122493
2022-06-01,1181631.6024242323,1194948.7717174762,1178743.5090975084,1175569.095729332
2022-06-02,1183349.3907165085,1196663.5684124683,1181137.2773157414,1177942.7899501235
2022-06-03,1182786.9290632852,1196102.2224091748,1180066.7722740471,1176874.6275507673
2022-06-06,1183182.1723871718,1196479.0163017963,1180408.7391623661,1177201.010506126
2022-06-07,1184132.2765311298,1197440.2252115454,1181895.551720275,1178677.151599681
2022-06-08,1183987.860701248,1197294.1214572634,1181390.0354505861,1178165.3237833227
2022-06-09,1181327.5690981657,1194610.4261812447,1177182.3559117042,1173989.1055136174
2022-06-10,1176067.7925572142,1189319.9323419868,1170372.7543964821,1167216.6591899209
2022-06-13,1163967.2661797649,1177201.0104078727,1158284.968300684,1155311.0991137624
2022-06-14,1160683.7062582457,1173802.1757030005,1155474.8925662362,1152410.7414877324
2022-06-15,1165487.4328100977,1178585.151237911,1157541.5620217295,1154383.8748087655
2022-06-16,1151441.0931458222,1164413.0870725734,1149572.2467113384,1146506.177113513
2022-06-17,1148577.562752338,1161389.4952050375,1149766.8579403183,1146541.0194304567
2022-06-21,1152175.107077506,1164795.9939243037,1153775.2035612236,1150214.2078871883
2022-06-22,1152332.8941093115,1164899.7046581456,1153837.1085128977,1150214.2078871883
2022-06-23,1153248.0588937842,1165793.2125189365,1154982.3501188708,1151317.7077807023
2022-06-24,1156829.8245157718,1169335.3329670727,1159594.2690185995,1155832.0255268957
2022-06-27,1157366.3004239108,1169845.9088875249,1160120.4611078305,1156318.1828226396
2022-06-28,1155330.8477136183,1167811.5829544736,1157257.357092898,1153501.5572203137
2022-06-29,1155236.175494535,1167691.9167231177,1157102.5947137126,1153316.3544409827
2022-06-30,1154242.1171941597,1166710.6536259989,1155725.2095389613,1151958.2007258888
2022-07-01,1156151.3402790076,1168585.4245839089,1157922.835323396,1154088.0326881954
2022-07-05,1156814.0458125912,1169247.577730745,1158681.170981405,1154828.8438055194
2022-07-06,1157839.6615193277,1170260.751822892,1160151.4135836675,1156271.8821278068
2022-07-07,1159030.9536094603,1171465.3918852087,1162287.134416428,1158393.9973076412
2022-07-08,1159551.6508144187,1171983.9455544178,1163200.2324536224,1159296.86085688
2022-07-11,1159614.765627141,1172039.7897957172,1162890.7076952513,1158980.4727755229
2022-07-12,1158991.5068515087,1171409.5476439092,1161428.2032119483,1157522.000888291
2022-07-13,1159504.314704877,1171928.1013131184,1161784.156684075,1157876.9728820089
2022-07-14,1159843.5568232592,1172271.1445096722,1163424.6379034414,1159512.9307660996
2022-07-15,1159869.0960795966,1172264.8284456823,1164223.4662173267,1160263.493015536
2022-07-18,1158762.2118630551,1171222.7103719113,1162999.4432587386,1159132.8465101896
2022-07-19,1162931.9811719442,1175191.9542117151,1167776.1182190822,1163595.9248207682
2022-07-20,1163220.0743241948,1175406.5079327857,1168059.7332948528,1163804.201808595
2022-07-21,1164872.8192502635,1177046.3113723958,1169761.4237494753,1165448.102319658
2022-07-22,1164220.818958328,1176364.3370447075,1168880.7243036618,1164562.9251213935
2022-07-25,1164766.6796678556,1176877.7334486975,1169522.590001458,1165158.0022294705
2022-07-26,1163174.5859317342,1175314.556338041,1167567.1386895673,1163261.1939474747
2022-07-27,1166464.912986385,1178548.1874198893,1171492.9684225996,1167077.1259030192
2022-07-28,1168314.774279783,1180387.219314779,1173911.1601212737,1169442.557407626
2022-07-29,1169285.1933189426,1181337.3857938054,1175209.8186261172,1170692.219334588
2022-08-01,1169088.0769516132,1181138.1573385256,1174926.2035503467,1170424.434635953
2022-08-02,1168451.239457165,1180502.1588082097,1174000.7227767801,1169502.0651184334
2022-08-03,1169770.4028385223,1181804.8064004232,1175851.6843239132,1171309.6118342178
2022-08-04,1170035.7517945427,1182072.9985517613,1176180.0807274368,1171636.9042436602
2022-08-05,1170111.565781977,1182141.9622478196,1176239.7891644412,1171696.4119544679
2022-08-08,1170361.7519405102,1182394.8291333672,1176687.6024419735,1172135.2813216748
2022-08-09,1170293.5193518195,1182325.8654373088,1176523.4042402115,1171964.1966531028
2022-08-10,1170718.0776814518,1182739.647613659,1177486.202786906,1172916.320026026
2022-08-11,1170748.4032764256,1182762.635512345,1177538.4476692847,1172968.3892729827
2022-08-12,1170809.054466373,1182823.936575508,1177680.2552071698,1173102.2816223002
2022-08-15,1170831.7986626034,1182839.2618412988,1177717.5729802975,1173132.0354777041
2022-08-16,1170831.7986626034,1182839.2618412988,1177710.1094256719,1173124.597013853
2022-08-17,1170831.7986626034,1182839.2618412988,1177717.5729802975,1173132.0354777041
2022-08-18,1170839.3800613468,1182846.9244741942,1177725.0365349231,1173139.473941555
2022-08-19,1170775.7046641065,1182745.8999910904,1177662.249379017,1173041.260578207
2022-08-22,1165913.4762322675,1178186.6872030762,1171959.5446417413,1167895.8793834464
2022-08-23,1164949.4136983682,1177255.0833516554,1170719.8262205943,1166729.5929793005
2022-08-24,1166109.0831232034,1178200.8024129462,1171518.7558697779,1167223.5495739975
2022-08-25,1169168.9337742745,1181087.362831364,1174810.897010379,1170118.6840595829
2022-08-26,1159989.3818210613,1172540.603255071,1165292.6144657957,1161872.3531314465
2022-08-29,1157697.9868129531,1170296.284885739,1163033.5720094836,1159786.7586205036
2022-08-30,1154232.9504592288,1166965.095356416,1160554.1351671899,1157742.3271591188
2022-08-31,1151466.5101445618,1164269.0902712434,1158777.2054302127,1156315.3414411051
2022-09-01,1150893.6613925346,1163520.9841481326,1158419.0645529923,1155684.1746812146
2022-09-02,1148588.2944636454,1161206.0897294506,1157275.7686757124,1154806.0296239755
2022-09-06,1146939.6078114703,1159540.4949647891,1156752.332009006,1154476.7252275108
2022-09-07,1149384.6939481709,1161121.3984702304,1157454.8391143226,1153234.9732325086
2022-09-08,1150991.4648380028,1162547.034667102,1157950.7264827813,1153262.4152655473
2022-09-09,1155700.0021412491,1167183.8811094011,1159824.0787636256,1154785.4480991964
2022-09-12,1161498.349265425,1172992.2899709116,1163804.9523604193,1158641.053741137
2022-09-13,1145486.528050231,1157020.9300029918,1156104.923500185,1151478.6831180304
2022-09-14,1145528.4438125745,1156872.7202993566,1156421.7404300335,1151375.775494135
2022-09-15,1144243.027100709,1155545.8905715754,1155953.4023598223,1150813.2138168414
2022-09-16,1144005.1143710236,1155238.2835554227,1155779.8507958779,1150547.3561690692
2022-09-19,1145106.0720405176,1156222.3818815278,1156826.6339791317,1151442.6632252522
2022-09-20,1143484.3911489658,1154712.4294880384,1155086.9098154139,1149886.8837505733
2022-09-21,1140151.7625277953,1151527.2562798816,1151415.796961467,1146496.4586689617
2022-09-22,1138634.2262806552,1149964.7184796536,1149543.381971703,1144603.1044026073
2022-09-23,1135658.665011753,1147440.6189562085,1146447.26269729,1142196.0493663116
2022-09-26,1133694.7945742775,1145833.007950205,1144604.3345577582,1140904.458859031
2022-09-27,1133501.383091799,1145622.666323251,1144324.2094805494,1140596.2383970662
2022-09-28,1136878.645132003,1148372.131875575,1147228.6642284512,1142562.9784876981
2022-09-29,1132623.5925174728,1144495.836178856,1143203.7091717143,1139201.9077357976
2022-09-30,1129543.886604159,1141385.7849803253,1140697.3269019513,1136750.8212049354
2022-10-03,1133724.5501869665,1144961.5926385392,1143837.676451713,1138893.6872738327
2022-10-04,1140419.5630419967,1151429.5976673672,1150147.8624014691,1144720.5217214508
2022-10-05,1140315.418397585,1151264.3292461892,1149897.224174493,1144360.931182492
2022-10-06,1137250.5902906158,1148244.4244592104,1146978.0260014748,1141601.6241896653
2022-10-07,1129781.9315056712,1140844.9065110157,1140402.4583996262,1135297.7818842446
2022-10-10,1127907.3279062628,1138899.2464616934,1139193.4975400935,1134050.2228715306
2022-10-11,1126702.2255923573,1137832.5139249994,1138603.7605354434,1133727.3252447103
2022-10-12,1125988.0908878208,1137006.1718191097,1138102.484081491,1133081.52999107
2022-10-13,1129737.2980866376,1140559.4428744356,1140284.5109986963,1134754.7267845927
2022-10-14,1123860.5645805558,1134594.755310104,1136849.2929466094,1131334.9473732703
2022-10-17,1128666.096029833,1139304.9053136758,1138589.0171103273,1132839.356770955
2022-10-18,1132772.370580918,1143429.1036421617,1140255.0241484637,1134475.860652339
2022-10-19,1126598.0809479458,1137193.9768431755,1137129.4180238182,1131356.9631205534
2022-10-20,1122506.6842032052,1133047.2419118013,1135817.2531884718,1130036.0182835618
2022-10-21,1128213.2960218654,1138770.3815466892,1135932.274661631,1130104.581730274
2022-10-24,1129742.9556010792,1140161.5346115073,1137621.3843947346,1131606.6229480975
2022-10-25,1131757.25979945,1142110.6776418844,1139729.034592678,1133547.379175087
2022-10-26,1131939.0015316338,1142255.9079068927,1139803.7739613994,1133577.1225655389
2022-10-27,1129243.1658375736,1139542.3950606817,1136649.7726013565,1130483.8099585364
2022-10-28,1134740.8532361342,1144946.4896586288,1143047.462563908,1136633.2559344764
2022-10-31,1133968.450874353,1144143.901352003,1141881.5284118543,1135450.9561640115
2022-11-01,1133105.1776464798,1143280.1634601105,1140670.7506385676,1134261.2205459336
2022-11-02,1129000.8435279953,1139152.5664546064,1135573.5256917684,1129212.2800167156
2022-11-03,1127016.8296183217,1137126.986442646,1133271.5531351494,1126892.2955614638
2022-11-04,1130257.8905089332,1140344.9833673076,1136440.5023689368,1129985.6081684662
2022-11-07,1133196.0485125717,1143303.0945545854,1139430.0771177926,1132937.639670822
2022-11-08,1133771.5639978205,1143899.3030109361,1140341.8974161935,1133867.1206224454
2022-11-09,1129818.6813228223,1139924.579968599,1135274.5682168829,1128840.4876360663
2022-11-10,1139291.9691129043,1149425.6967794166,1148578.1758492913,1142001.9379110527
2022-11-11,1139996.2183251164,1150128.917009984,1150334.551014244,1143741.9262524915
2022-11-14,1140124.95205208,1150243.5724823591,1150573.7169941526,1143957.5658332682
2022-11-15,1140215.822918172,1150335.2968602593,1150865.200532166,1144262.4355854006
2022-11-16,1140314.2663564382,1150427.0212381594,1151134.262259563,1144515.2544042422
2022-11-17,1140314.2663564382,1150434.6649363176,1151186.579817668,1144567.3053375331
2022-11-18,1140285.7089844062,1150375.1395960655,1151203.3521073603,1144546.9358881088
2022-11-21,1140126.1166597283,1150104.3521946426,1150657.856070479,1143883.2591466117
2022-11-22,1142795.6609997952,1152665.8546405323,1153701.1497499223,1146716.3738388093
2022-11-23,1144406.092639727,1154232.0304217334,1155567.3204024113,1148486.1784828021
2022-11-25,1144609.2101438625,1154429.6320389877,1155739.5823087948,1148643.1772818659
2022-11-28,1141214.2461461686,1151055.7673888304,1151720.137826511,1144718.2073052693
2022-11-29,1140387.267736474,1150184.856557228,1150499.9493229606,1143462.2169127585
2022-11-30,1146611.3683989127,1156376.3738978638,1158208.6696336262,1150983.8866497271
2022-12-01,1146799.9775098958,1156522.7454662004,1158136.8938392997,1150869.7057049533
2022-12-02,1146974.0782277263,1156691.0727697874,1158093.8283627038,1150826.8878506632
2022-12-05,1143579.1142300323,1153295.2523843795,1153629.3739555958,1146438.0577859236
2022-12-06,1139719.8816514572,1149467.6358723787,1149294.1159782754,1142191.953902151
2022-12-07,1139008.970386983,1148713.8222954455,1148418.4512874922,1141278.5063439612
2022-12-08,1141301.2965050838,1150989.9001830788,1150801.4076591318,1143597.8067846773
2022-12-09,1139444.222181559,1149101.7069515374,1148418.4512874922,1141214.279562526
2022-12-12,1142273.358846304,1151926.6782204327,1151806.2687797027,1144546.9358881088
2022-12-13,1147358.5506462685,1157027.7273769614,1156084.106121562,1148778.7671537846
2022-12-14,1149063.2868416917,1158747.5933049158,1157562.6874846877,1150227.437890601
2022-12-15,1138443.1430540339,1148025.8759242638,1138140.1575399376,1130909.4492966982
2022-12-16,1133535.1821026513,1143005.7445801883,1131181.8692389447,1123924.9634443058
2022-12-19,1132155.208938801,1141599.2040070794,1129322.9349133165,1122077.8575678328
2022-12-20,1132585.5231511844,1141928.3943539772,1129686.0080237908,1122323.176317052
2022-12-21,1135998.3600080188,1145220.2978229558,1133229.6015820196,1125613.3336595197
2022-12-22,1132496.4926244842,1141861.059964839,1129424.5953842495,1122063.4270531728
2022-12-23,1134010.0115783848,1143252.6373403617,1130949.5024482412,1123427.1106885378
2022-12-27,1133371.959470368,1142571.8118501867,1130005.5123610082,1122424.1899196715
2022-12-28,1130448.7905103837,1139698.8779136236,1126912.1294597676,1119473.1496717124
2022-12-29,1134366.1336851849,1143536.938094501,1130876.8878261466,1123246.7292552884
2022-12-30,1134158.3957895515,1143334.9349270863,1130629.998111024,1123001.4105060694
2023-01-03,1132526.1694667176,1141644.0935998382,1128611.311616787,1120937.8469096972
2023-01-04,1134870.6400031517,1143940.94442933,1130804.2732040517,1123037.4867927192
2023-01-05,1131932.6326220508,1140993.1945048356,1127405.9088900127,1119696.8226489418
2023-01-06,1138164.7694910527,1147225.3662995154,1133955.7478029681,1126118.4016726178
2023-01-09,1138238.961596636,1147300.1822874467,1133854.0873320354,1126017.388069998
2023-01-10,1140405.3710796703,1149469.8459374553,1136352.0303320982,1128470.5755621889
2023-01-11,1142215.658455904,1151302.837641773,1139387.321535663,1131500.9836407776
2023-01-12,1144129.8147799547,1153225.6085316082,1142865.5619340064,1134928.230872515
2023-01-13,1144471.0984656382,1153554.798878506,1144085.4875852,1136147.6093612802
2023-01-17,1144634.3210979216,1153711.9124531618,1144412.2533846267,1136457.8654264691
2023-01-18,1144537.871360663,1153607.170070058,1142553.3190589985,1134610.7595499961
2023-01-19,1144597.22504513,1153667.0228604032,1141493.1455764137,1133550.1167224902
2023-01-20,1144701.537837084,1153734.1391785233,1145037.4089724289,1137027.9950843947
2023-01-23,1147130.777859993,1156087.3282341457,1147918.117445045,1139739.9656339441
2023-01-24,1147596.2609781553,1156505.1842346766,1148345.9454360274,1140094.0087866266
2023-01-25,1147116.2315125505,1155992.0277427963,1147761.2471816847,1139485.0545640124
2023-01-26,1148847.2468582164,1157670.7825519475,1150142.8229981542,1141743.8498781282
2023-01-27,1149443.6471033616,1158249.9163070694,1150912.9133819228,1142480.259635708
2023-01-30,1147465.3438511721,1156292.5908308977,1148231.8579717656,1139867.4211689099
2023-01-31,1149501.832493132,1158293.9011492305,1150955.6961810212,1142494.4213618154
2023-02-01,1151756.51634673,1160515.1356783693,1154178.667046423,1145638.3245576376
2023-02-02,1152192.9067700072,1160947.653292954,1155148.4104926502,1146594.2410698808
2023-02-03,1152076.5359904666,1160815.6987664704,1154677.7997025694,1146098.5806561252
2023-02-06,1151756.51634673,1160485.8124502618,1153807.8827875715,1145220.553637472
2023-02-07,1152869.3119260867,1161592.7643113178,1155875.7180773206,1147252.7613338707
2023-02-08,1152178.3604225647,1160889.0068367391,1154264.2326446197,1145645.4054206912
2023-02-09,1151029.1989746017,1159745.4009405489,1152167.8754888051,1143584.874272078
2023-02-10,1151814.7017365003,1160522.466485396,1152923.704939541,1144314.2031666045
2023-02-13,1153203.8779172658,1161907.9890134726,1156061.1102067463,1147422.7020471585
2023-02-14,1153640.268340543,1162347.8374350844,1157465.8121104725,1148803.470342621
2023-02-15,1153785.7318149684,1162487.1227685947,1158086.1626973972,1149426.5862913425
2023-02-16,1153582.0829507725,1162281.8601718426,1157358.8551127268,1148690.1765337624
2023-02-17,1153742.5114988715,1162395.3113318074,1158165.0732384552,1149440.5731742044
2023-02-21,1149392.4475133405,1158235.2031037072,1152605.3013228078,1144284.7751752827
2023-02-22,1148850.472328258,1157595.7391446382,1152001.5887158057,1143574.1111267826
2023-02-23,1149977.2102130349,1158580.0825423063,1152689.5402912267,1144006.0833915572
2023-02-24,1146853.7216463748,1155468.9826066112,1149362.1010386802,1140835.9643516797
2023-02-27,1147795.046967834,1156237.7763551548,1149951.7738176126,1141114.656135405
2023-02-28,1145812.5587908216,1154261.9045715146,1147719.4411545116,1138926.92563316
2023-03-01,1144785.658440139,1153176.9713375887,1146792.8125019039,1137930.6025063412
2023-03-02,1146953.559180469,1155267.802934095,1148449.5122141421,1139428.5708438659
2023-03-03,1152772.6611676712,1161102.0134370613,1154149.6824104877,1145002.4065183757
2023-03-06,1153172.011304048,1161482.8178171809,1154332.2001753952,1145162.654294018
2023-03-07,1147196.021763269,1155490.5375715236,1147607.1225299533,1138543.7244305373
2023-03-08,1148023.2470457635,1156295.2562615878,1147901.9589194194,1138780.612446704
2023-03-09,1140307.2319107724,1148671.9836708894,1142201.788723074,1133408.8283153952
2023-03-10,1134944.5300794293,1143311.9823959968,1139098.9867196444,1130454.6954079047
2023-03-13,1135172.7301573588,1143513.1620685128,1139197.2655161333,1130545.2702376156
2023-03-14,1136513.4056151947,1144684.3151620885,1138762.030845969,1129695.2602972528
2023-03-15,1133375.654543664,1141515.7353199604,1137779.2428810818,1128678.0352866547
2023-03-16,1140663.7945325372,1148822.8684252764,1138593.5529091312,1129458.3722810862
2023-03-17,1136644.6475186106,1144727.8623677157,1137206.781509698,1128016.9755220506
2023-03-20,1138237.2846258096,1146199.446789082,1139140.528937049,1129764.6758990507
2023-03-21,1140253.6508716214,1148097.7906926444,1141461.0258498704,1131867.5999299127
2023-03-22,1137872.0008856265,1145743.2556184584,1138266.7615809867,1128777.1541413148
2023-03-23,1137988.8916824851,1145860.9823721678,1138596.214846387,1129089.7509567132
2023-03-24,1139318.5244967523,1147155.97666297,1140200.5090083377,1130624.3171413962
2023-03-27,1140034.4806275116,1147818.1896525847,1140759.147154017,1131093.2123644939
2023-03-28,1139888.3671314383,1147641.599522021,1140343.749558512,1130666.9439798596
2023-03-29,1142065.4582229308,1149812.186543536,1143351.8011121694,1133622.40477999
2023-03-30,1143000.5845978,1150754.0005732104,1144626.6420087195,1134887.0009877381
2023-03-31,1144330.217412067,1152085.7844745468,1146674.9818762098,1136883.3579224416
2023-04-03,1145002.3394940044,1152740.6395420549,1147706.313837464,1137892.193099409
2023-04-04,1144812.3919491093,1152556.691489384,1147190.647856837,1137387.7755109253
2023-04-05,1144797.780599502,1152534.6177230636,1146990.111086593,1137181.7457916853
2023-04-06,1145287.2608113475,1153020.2405821143,1147835.2303326207,1138005.864668645
2023-04-10,1145630.6275271198,1153358.7049990287,1148544.2710559827,1138709.2075032913
2023-04-11,1145718.2956247637,1153447.0000643106,1148766.2939087527,1138929.4461686856
2023-04-12,1145740.2126491747,1153469.073830631,1148687.5116061568,1138851.296964836
2023-04-13,1146127.413413769,1153851.6857801862,1149862.084117585,1140016.4305495028
2023-04-14,1146215.081511413,1153947.338767575,1150033.972777794,1140194.0423764337
2023-04-17,1146258.915560235,1153984.1283781093,1150177.2133279683,1140321.922891824
2023-04-18,1146244.3042106277,1153969.4125338956,1150177.2133279683,1140314.8184187468
2023-04-19,1146273.5269098424,1153998.8442223228,1150241.6715755465,1140378.7586764419
2023-04-20,1146288.1382594497,1154013.5600665365,1150270.3196855814,1140407.1765687508
2023-04-21,1146210.4862170154,1153905.836325379,1150118.9329511942,1140221.6776291237
2023-04-24,1146573.9480644525,1154222.4904254766,1150462.5108985645,1140494.1831475135
2023-04-25,1143624.3153794827,1151393.7137979392,1146147.171879594,1136515.6025790232
2023-04-26,1141779.0475386486,1149521.9362284744,1143879.5574269504,1134335.5584319055
2023-04-27,1146629.8652717504,1154180.269878797,1150091.4467154045,1139996.8605764522
2023-04-28,1148712.7812436009,1156227.9663927606,1153059.9601806835,1142796.8547779068
2023-05-01,1148838.5949600216,1156347.5912750196,1152675.1528796288,1142408.5344142015
2023-05-02,1145847.0243695783,1153385.1162496633,1148414.7863322378,1138314.1390003955
2023-05-03,1144588.8872053733,1152139.6101226134,1145941.0251111719,1135909.277800606
2023-05-04,1141331.7098802647,1148966.0323638588,1141886.805332203,1132087.38790519
2023-05-05,1147692.2922104124,1155172.452725769,1149651.6669427706,1139383.7231600753
2023-05-08,1148503.0917162334,1155946.4960815627,1150022.7311259306,1139676.6665923442
2023-05-09,1147189.0373447305,1154609.5121033734,1147741.373555392,1137408.0581517497
2023-05-10,1149355.829127528,1156790.907015156,1150201.3916585632,1139833.3572654184
2023-05-11,1149076.243091038,1156509.4367039583,1148524.7312753962,1138171.073603241
2023-05-12,1149076.243091038,1156509.4367039583,1146738.1259490708,1136392.975095748
2023-05-15,1151075.2832519417,1158500.8391556824,1149624.180706981,1139206.594573122
2023-05-16,1149586.4876076323,1157002.0097485543,1144635.4289111649,1134274.2446902676
2023-05-17,1152766.7787727062,1160196.6977806487,1153609.684896476,1143151.1119518133
2023-05-18,1153423.8059584578,1160844.0794964035,1160508.7300796707,1149991.0004633958
2023-05-19,1153416.1775542644,1160803.6370529926,1161992.2199997501,1151412.953771867
2023-05-22,1153818.241529881,1161215.2643529614,1162621.8858585372,1152064.0343559077
2023-05-23,1151073.1150756702,1158550.1520040114,1158487.992611718,1148184.6792093322
2023-05-24,1149145.9808477142,1156722.2477227943,1155846.1336824591,1145756.691198014
2023-05-25,1151045.3865256277,1158501.314866727,1158378.485505842,1147994.7807056536
2023-05-26,1154566.9123810295,1161933.8679444322,1163607.4498114213,1152891.4492647927
2023-05-30,1154622.3694811147,1161864.1006054545,1163142.0446114484,1152253.9328595863
2023-05-31,1153388.449004222,1160643.1721733438,1160472.8089057205,1149636.0463445894
2023-06-01,1156341.5395837517,1163545.4934748183,1164894.1583054645,1153874.8522302709
2023-06-02,1158587.552137197,1165771.0715882084,1169548.2103051948,1158439.1984079725
2023-06-05,1158677.6699248352,1165833.8621932885,1169411.32642285,1158276.4282619623
2023-06-06,1159128.2588630263,1166287.3498966438,1170643.281363955,1159490.4222676214
2023-06-07,1159017.3446628563,1166182.6988881773,1169767.2245169468,1158615.5327328169
2023-06-08,1159564.9835261963,1166726.8841322036,1171505.6498227285,1160351.747623592
2023-06-09,1159759.083376494,1166915.2559474437,1172279.043757978,1161104.5595488888
2023-06-12,1159897.7261267067,1167054.790625399,1173189.3215755722,1161993.0132625275
2023-06-13,1160057.1652894511,1167201.3020372523,1174010.6248696423,1162806.8639925784
2023-06-14,1160112.6223895364,1167250.1391745368,1174209.1064990424,1162989.9804068399
2023-06-15,1160112.6223895364,1167243.162440639,1174243.3274696288,1163023.8908539254
2023-06-16,1160100.039448286,1167199.271267746,1174258.5409293734,1162985.1491555115
2023-06-20,1158355.844045002,1165437.7078790579,1171568.745188046,1160373.0660933733
2023-06-21,1157576.2415541403,1164659.9610244294,1169784.295330385,1158638.1751043412
2023-06-22,1158567.2616696425,1165583.950877364,1170742.1250333942,1159430.8968296668
2023-06-23,1156083.104580117,1163177.5888143256,1167133.8624535648,1156058.5806375032
2023-06-26,1154959.9484492145,1162080.766327029,1165191.9611378748,1154174.24211009
2023-06-27,1158672.9704819627,1165650.4249675032,1169574.360053013,1158176.837051078
2023-06-28,1159373.2913635843,1166295.2236418533,1170519.0688011865,1159028.0382479439
2023-06-29,1160496.4474944868,1167411.9883561914,1172041.0995621327,1160470.531879274
2023-06-30,1163535.5758486937,1170463.14909358,1177315.7234061016,1165629.7208129498
2023-07-03,1164024.4791056747,1170908.5254975124,1178378.5207477969,1166617.3741100768
2023-07-05,1163773.4206764142,1170669.2187730114,1177565.0215479808,1165818.154665691
2023-07-06,1161553.5356176891,1168462.2789803906,1173681.2189166008,1162049.477610865
2023-07-07,1161408.1860007488,1168282.7989370148,1172119.8252911472,1160438.0432839738
2023-07-10,1162214.2156946906,1169067.1932006571,1173038.2921296493,1161302.2399189598
2023-07-11,1163852.7022856544,1170702.455818081,1176292.2889289137,1164518.610853682
2023-07-12,1166323.64577364,1173168.6445622446,1181599.715159972,1169710.2883826583
2023-07-13,1166812.549030621,1173673.8476473023,1184394.4785399851,1172491.3121403577
2023-07-14,1167023.9666552613,1173873.26991772,1184643.7766818644,1172712.234588399
2023-07-17,1167208.957076822,1174052.7499610956,1185975.5535976924,1174031.2715575884
2023-07-18,1167268.418283752,1174099.2818241932,1187077.7138038948,1175116.390640616
2023-07-19,1167301.452287602,1174125.8714602487,1187248.2862167594,1175278.833617117
2023-07-20,1167288.238686062,1174105.9292332071,1187235.1652619238,1175259.3404599368
2023-07-21,1167274.760242004,1174061.759963669,1187313.4019905126,1175297.1054491645
2023-07-24,1168518.528015934,1175280.2131665521,1189303.1127818162,1177138.8369267008
2023-07-25,1169334.7506175756,1176055.5924774779,1191099.0205739667,1178846.275484
2023-07-26,1169658.64847537,1176335.7715562156,1191047.3397741923,1178705.5876627993
2023-07-27,1168052.1151007102,1174804.5603119507,1188295.3371862208,1176141.2323763687
2023-07-28,1170202.7968764643,1176844.0033734608,1191680.4295714253,1179242.7593437475
2023-07-31,1170811.7248491177,1177436.9404935804,1192752.8061667383,1180253.1536960069
2023-08-01,1170112.105476282,1176746.2664855293,1191163.6215736843,1178692.797860872
2023-08-02,1166290.1107543092,1172993.1699889484,1185129.8882000563,1173014.1258051354
2023-08-03,1166419.6698974269,1173110.4542544663,1184574.3196024846,1172400.2153126232
2023-08-04,1163724.8397205782,1170445.4951101928,1180633.6586197084,1168659.198248878
2023-08-07,1167624.5699284216,1174231.1705694178,1185000.686200621,1172624.0368463516
2023-08-08,1165590.4913814734,1172191.7275079077,1181447.6312161507,1169113.236217298
2023-08-09,1162727.2343185716,1169298.7156251264,1178049.6186310025,1165755.9132113727
2023-08-10,1162183.0859174773,1168757.9048452373,1176473.3542378922,1164176.372673347
2023-08-11,1162623.5870040776,1169135.8208119068,1175323.4564429182,1162903.787381577
2023-08-14,1166238.287097062,1172765.1172504406,1177455.2894336004,1164962.945491878
2023-08-15,1157078.455678639,1163558.3024072656,1169935.7330664666,1157544.8603740237
2023-08-16,1150445.0275510116,1156879.6150652599,1166796.1244801893,1154417.7538027903
2023-08-17,1142256.8897059716,1148643.653308874,1165814.189284481,1153439.3339553492
2023-08-18,1139142.393616607,1145450.6063119322,1165766.581214632,1153313.5141042203
2023-08-21,1140559.8348463334,1146803.353165899,1167608.7459474516,1154992.8637014136
2023-08-22,1140257.972362225,1146480.0136739754,1166832.4050957633,1154172.7162237146
2023-08-23,1142607.2499559382,1148749.988882583,1170622.0011175636,1157765.7432688726
2023-08-24,1139667.371849839,1145866.3285158342,1165648.1563389506,1152968.5314350293
2023-08-25,1141885.4048852443,1147997.7296564747,1168569.3032724217,1155695.8472537273
2023-08-28,1143460.33958494,1149528.6431692566,1170964.1174250874,1157993.562012678
2023-08-29,1145376.510136237,1151442.2850602341,1175095.8297544112,1162042.2265454468
2023-08-30,1145921.1750532151,1151983.383801821,1176332.7117893044,1163252.920441098
2023-08-31,1146058.9818394387,1152115.3591046468,1176385.3450673851,1163291.9750828932
2023-09-01,1146242.7242210698,1152273.729468038,1176990.6277653114,1163871.2856028553
2023-09-05,1146137.7285744234,1152187.9455212012,1176424.8200259455,1163311.5024037908
2023-09-06,1145822.7416344841,1151858.007264136,1174937.9299201695,1161833.935122539
2023-09-07,1145822.7416344841,1151858.007264136,1174293.1722636828,1161189.5335329184
2023-09-08,1146321.4709560545,1152352.9146497338,1175793.2206889787,1162673.609921136
2023-09-11,1146669.2690355708,1152696.0504370814,1177589.3313034778,1164450.5961228174
2023-09-12,1146577.397844755,1152597.0689599619,1176530.0865821065,1163389.6116873813
2023-09-13,1146787.389138048,1152801.6306793422,1177977.501729322,1164815.1061129058
2023-09-14,1146807.075821794,1152828.0257399075,1178911.742415252,1165739.3993020589
2023-09-15,1146773.7825969572,1152754.0445320872,1178891.2264932822,1165679.0957439365
2023-09-18,1146838.5023105426,1152780.0680359986,1178982.5169636542,1165730.6785733541
2023-09-19,1146178.3612319715,1152090.4451823493,1177991.363285331,1164737.709107066
2023-09-20,1142916.4876672667,1148928.5894571275,1173479.0057498075,1160520.8128021804
2023-09-21,1137428.255955224,1143840.9944424701,1167597.2911587057,1155620.4440075122
2023-09-22,1137078.7695018628,1143398.594875978,1167062.5898322419,1155014.3457618558
2023-09-25,1137920.1257784732,1144062.194225716,1167740.7476121471,1155310.9470310067
2023-09-26,1133221.4745721724,1139755.3043283974,1163489.2199919717,1152112.811607118
2023-09-27,1132859.0441760942,1139195.7989943046,1163124.0581104844,1151532.5047761705
2023-09-28,1133842.7838225923,1139956.98648371,1163710.9254200177,1151571.1918982335
2023-09-29,1133092.0351450017,1139182.787242349,1162889.3111866708,1150784.5537496158
2023-10-02,1132444.8380091474,1138421.5997529437,1162198.1119109981,1149894.7499421628
2023-10-03,1127603.803432959,1133991.0982120463,1159498.5222871443,1148437.5350111166
2023-10-04,1128924.0855901013,1134953.967856764,1160059.306605143,1148089.3509125481
2023-10-05,1128289.8323969643,1134251.3332511594,1159498.5222871443,1147457.461252183
2023-10-06,1133130.8669731528,1138883.516947369,1162237.2363983004,1149146.798915608
2023-10-09,1135836.1510010231,1141583.4554781655,1163658.759436948,1150365.443260598
2023-10-10,1138269.6122318343,1144003.6413419156,1164871.618543317,1151448.6826783668
2023-10-11,1141686.813109144,1147393.2027263613,1166788.7184211263,1153254.0817079814
2023-10-12,1136755.1709339358,1142455.2428591938,1162393.7343475092,1148914.676183229
2023-10-13,1132923.7638896797,1138603.7642803227,1160007.1406220733,1146593.4488594388
2023-10-16,1140185.3157539624,1145857.8159955952,1163306.6390512278,1149740.00145391
2023-10-17,1138942.6972531227,1144602.1819318752,1162015.5309702544,1148443.9828647939
2023-10-18,1129636.0024395408,1135240.2263997884,1157646.6298881723,1144123.9209010731
2023-10-19,1121157.719959852,1126717.5288688405,1156759.8081759885,1143247.0128009745
2023-10-20,1118708.3539382028,1124201.1503121592,1156632.3691747747,1143047.8201004479
2023-10-23,1119122.21617934,1124489.6003494137,1156781.1836848059,1143021.080044324
2023-10-24,1120510.6572463796,1125811.1040084644,1158391.0861115071,1144471.7280890353
2023-10-25,1117520.1687942937,1122866.230372306,1154170.165463349,1140433.9796143554
2023-10-26,1114583.0819217092,1119934.7730169503,1150192.7594679694,1136563.3564904488
2023-10-27,1112673.9754545293,1118043.0774237916,1147811.72730747,1134290.451719934
2023-10-30,1116105.026937503,1121356.89878202,1151477.9756909662,1137632.958735397
2023-10-31,1117613.6215584213,1122812.565249096,1152857.8920567103,1138876.3713451496
2023-11-01,1121111.425015772,1126294.0901173558,1157051.7555212262,1142954.2299040149
2023-11-02,1124889.5867655058,1130070.7731632718,1163721.3512889887,1149518.9136823849
2023-11-03,1126291.378227421,1131472.7745071377,1166589.4127550449,1152339.9896034359
2023-11-06,1126545.0357300534,1131720.9757019847,1167103.4992442436,1152834.6806417245
2023-11-07,1126838.7444173119,1132022.842020042,1167793.4574271156,1153523.2370869098
2023-11-08,1126972.2483660658,1132136.8804068635,1168158.7294062832,1153870.857816518
2023-11-09,1126785.3428378103,1131962.4687564305,1167171.1422033487,1152908.2157960646
2023-11-10,1127219.2306712603,1132385.0816017105,1169153.080905128,1154840.1848510024
2023-11-13,1127245.931461011,1132405.2060229145,1169213.9595683226,1154893.6649632498
2023-11-14,1127279.3074481995,1132438.7467249208,1169443.94562928,1155120.9554403014
2023-11-15,1127299.3330405126,1132445.454865322,1169484.531404743,1155154.380510456
2023-11-16,1127312.683435388,1132458.8711461246,1169498.059996564,1155161.0655244868
2023-11-17,1127274.064551452,1132393.5362753435,1169459.1269088094,1155096.0757987148
2023-11-20,1129199.0630098318,1134238.8484915919,1172568.4410885356,1157939.77654269
2023-11-21,1128708.377128284,1133745.9226256076,1171429.6387757964,1156808.6155800864
2023-11-22,1129903.6376089773,1134908.7221043394,1173540.9014904252,1158811.8447708422
2023-11-24,1130419.486869066,1135414.2870950922,1174129.4959442005,1159330.0302397443
2023-11-27,1130318.8333549022,1135306.8545345573,1173412.9461743871,1158609.6260512706
2023-11-28,1130532.7220725,1135509.0805308584,1173924.7674385398,1159089.895510253
2023-11-29,1130406.9051797953,1135389.0088455547,1173963.1540333512,1159146.7695251326
2023-11-30,1130859.8459935319,1135818.7390876946,1174807.6591192028,1159924.047728486
2023-12-01,1131872.6719798036,1136810.9103820473,1177187.6279975115,1162224.2856636124
2023-12-04,1131262.4600501864,1136185.2737059905,1174910.0233720331,1159974.6024083789
2023-12-05,1131526.675524866,1136431.7366389825,1175357.8669781666,1160385.3591825084
2023-12-06,1130947.917818425,1135844.0173372324,1173425.741705991,1158476.9200165519
2023-12-07,1132073.9790081307,1136968.8994416576,1176663.0112017554,1161655.5455148173
2023-12-08,1132929.5338785218,1137815.7208011686,1179177.3331619045,1164101.128154636
2023-12-11,1133244.0761102831,1138131.6989203892,1180719.1947201637,1165624.0878864091
2023-12-12,1133401.3472261638,1138289.6879799995,1182254.658512621,1167140.728283196
2023-12-13,1133432.80144934,1138321.2857919214,1182676.9110555467,1167557.8043923122
2023-12-14,1133426.5106047047,1138308.6466671526,1182676.9110555467,1167551.4850573256
2023-12-15,1133396.6582302183,1138240.5791102808,1182652.783773106,1167483.1424705656
2023-12-18,1134289.9101462967,1139113.4230143703,1184270.0841928017,1168994.4191108036
2023-12-19,1135509.0783020256,1140295.3991344913,1186455.2916301002,1171035.861346609
2023-12-20,1131923.9996658727,1136858.576262139,1180492.2679452684,1165569.6712405868
2023-12-21,1134470.9747238802,1139301.3269103896,1184837.9912104048,1169579.4294231539
2023-12-22,1134808.9619353693,1139592.2748784192,1185158.9821333976,1169786.6205754445
2023-12-26,1136281.620499715,1141004.584806564,1187529.3766416537,1171968.221531917
2023-12-27,1136945.5239508543,1141622.8492386276,1188677.5364815905,1173004.1772933705
2023-12-28,1137066.2336692433,1141738.0161426393,1188628.1532626683,1172924.9571469063
2023-12-29,1136595.4657675263,1141259.1642785901,1187270.1147423133,1171602.590086698
2024-01-02,1135726.3557951257,1140374.1975424995,1184862.6828198656,1169225.9856927756
2024-01-03,1133179.3807371182,1137852.648486241,1180023.1273655095,1164551.9970513943
2024-01-04,1131887.7867503562,1136543.3826301068,1177640.3870525227,1162169.2988000512
2024-01-05,1133070.741990568,1137695.0516702249,1178467.5559694662,1162888.3739756483
2024-01-08,1137549.0725427992,1142156.2538466821,1186986.1612335118,1171200.3954969575
2024-01-09,1137681.853233027,1142295.6664146965,1186368.8709969867,1170603.1974697665
2024-01-10,1138695.8148674946,1143295.8000547988,1189893.5982475446,1174058.414627085
2024-01-11,1138913.0923605948,1143526.1338628225,1189955.3272711972,1174125.4470587084
2024-01-12,1139154.5117973727,1143756.4676708463,1190480.0239722435,1174625.143367174
2024-01-16,1139226.937628406,1143823.143246853,1188850.3777478174,1172998.08343595
2024-01-17,1138762.2052126084,1143356.4142148052,1183733.0416870248,1167946.2756345095
2024-01-18,1139739.9539315593,1144320.179358904,1192072.6327824781,1176166.8892945137
2024-01-19,1139775.7609211223,1144331.1703430736,1196394.5221393402,1180396.1453315923
2024-01-22,1140557.7569232679,1145074.6727974438,1197150.7619288783,1181027.9633641208
2024-01-23,1141778.144623586,1146216.6925673569,1198882.7949952392,1182574.413215167
2024-01-24,1141458.2371681626,1145925.2396052436,1198407.095772788,1182129.1319350991
2024-01-25,1142631.231171381,1147079.1554144265,1200931.9608765678,1184548.0924024943
2024-01-26,1142536.4437771817,1146960.1950217271,1200224.5107508712,1183807.9627072464
2024-01-29,1143863.467295974,1148256.863302149,1203200.6802451815,1186642.1178817318
2024-01-30,1143827.9220231492,1148197.3831057996,1202883.5474302142,1186305.1482643832
2024-01-31,1140628.8474689175,1145038.984679634,1196309.1402276182,1179950.8640515245
2024-02-01,1144135.9810542974,1148500.7321071827,1203456.8259803478,1186846.706577979
2024-02-02,1145000.9160263676,1149369.1429738873,1205981.6910841276,1189325.8401913291
2024-02-05,1145036.4612991924,1149386.987032792,1205396.2151180338,1188736.1433609691
2024-02-06,1145463.00457309,1149803.3484072397,1206439.0941826385,1189747.052213015
2024-02-07,1145972.486816912,1150297.0340369416,1208665.1225953912,1191925.3200965896
2024-02-08,1146043.5773625616,1150362.462252926,1208945.663162478,1192178.047309601
2024-02-09,1146108.7436960738,1150433.8384885457,1209579.9287924129,1192821.8999713205
2024-02-12,1146114.6679082112,1150439.7865081807,1209592.1262083733,1192821.8999713205
2024-02-13,1145978.4110290494,1150308.9300762115,1208158.9298330392,1191413.8483559713
2024-02-14,1146150.213181036,1150457.6305670855,1209793.3835717181,1193014.454038377
2024-02-15,1146173.910029586,1150475.4746259905,1210000.739643043,1193207.008105433
2024-02-16,1146156.0528863457,1150427.2782829164,1209994.4554946052,1193164.0633853504
2024-02-20,1144551.6070922262,1148845.7844460534,1207509.864837502,1190831.7737037481
2024-02-21,1145151.8314180837,1149430.8792355156,1208202.6833861172,1191420.7357445566
2024-02-22,1149734.3132904968,1153879.9168425146,1216313.438463873,1199024.235691397
2024-02-23,1150230.6526368791,1154354.9442953453,1217042.0924546581,1199677.9835566946
2024-02-26,1149976.7115759393,1154088.4654803427,1215955.0840421754,1198594.2934016066
2024-02-27,1150565.3931262996,1154661.9742343698,1217316.8308446263,1199890.0098913857
2024-02-28,1149942.0832494476,1154047.9143563206,1215811.7422734965,1198441.1632709964
2024-02-29,1150957.8474932066,1155038.520386004,1218248.55234104,1200773.4529525987
2024-03-01,1151754.2990025177,1155826.3707955766,1220840.6493246527,1203311.8793484843
2024-03-04,1151754.2990025177,1155814.7847601417,1220649.526966414,1203123.4114954255
2024-03-05,1150819.3341872394,1154899.4879607852,1217794.636740223,1200337.6210424004
2024-03-06,1151356.0732478623,1155420.8595553555,1219335.560753523,1201821.8053852383
2024-03-07,1152065.9539409438,1156127.607716884,1221623.0564786925,1204053.9715199033
2024-03-08,1151962.0689614685,1156011.747362535,1221127.3328620107,1203565.133026032
2024-03-11,1152019.7828389548,1156058.0915042746,1220804.813882483,1203205.8661811387
2024-03-12,1152481.4938588452,1156504.1538685178,1223582.0606506395,1205944.539670899
2024-03-13,1152504.5794098398,1156521.5329216702,1223695.5395508436,1206044.6632178365
2024-03-14,1152481.4938588452,1156498.3608508005,1223689.5669771486,1206038.7735974286
2024-03-15,1152498.721724269,1156480.2466005962,1223838.6960501717,1206138.0170389453
2024-03-18,1154003.0323211097,1157893.3109600956,1225994.3806608869,1208100.042010041
2024-03-19,1155303.7520101073,1159141.80155885,1227855.5728384443,1209795.045831224
2024-03-20,1157249.176240608,1161008.8624997146,1231389.482036338,1213144.4198203427
2024-03-21,1157735.5322982334,1161496.9088246822,1232272.9593358114,1213974.507308114
2024-03-22,1157475.3883604337,1161247.2107049315,1231625.0759828642,1213335.978471367
2024-03-25,1157441.45654246,1161196.1360895277,1231259.9053657486,1212976.0803997458
2024-03-26,1157531.9413903903,1161303.960277602,1231248.125668422,1212964.4707845324
2024-03-27,1158561.206535597,1162297.0777993386,1233627.6245283373,1215257.369789215
2024-03-28,1158482.032293658,1162217.6283975996,1233568.7260417058,1215210.9313283607
2024-04-01,1158414.1686577103,1162143.8539531277,1233191.7757272637,1214822.0092187056
2024-04-02,1157452.7671484512,1161190.4611322607,1230953.6332352643,1212651.0111737656
2024-04-03,1157792.0853281897,1161508.2587392165,1231554.3977989063,1213208.2727040176
2024-04-04,1154794.7747404994,1158585.6557466777,1225947.2618715817,1207809.8016297012
2024-04-05,1156943.7898788434,1160696.739850026,1230164.3935144015,1211878.9717620623
2024-04-08,1157893.8807821113,1161593.3830982223,1231295.2444577273,1212918.032323678
2024-04-09,1158210.5777498672,1161899.830790644,1232013.8059946324,1213626.2188517065
2024-04-10,1155677.0020078197,1159374.4748067998,1226053.2791475183,1207769.1679764537
2024-04-11,1158289.751991806,1161973.6052351159,1231071.4302085275,1212668.425596586
2024-04-12,1154455.456560761,1158171.3838661818,1223096.575118614,1204860.9593654512
2024-04-15,1148687.0475052062,1152388.602411042,1213873.0721121114,1195788.045076036
2024-04-16,1148268.5550835286,1151928.9308724096,1211375.776278933,1193274.563382295
2024-04-17,1143981.835412832,1147598.9384776386,1206169.150060703,1188090.8701894302
2024-04-18,1141589.6422456754,1145187.0816391357,1203495.15876763,1185455.4875359468
2024-04-19,1131797.8837466177,1135325.731515828,1201502.1281719753,1183443.308438001
2024-04-22,1134011.1612801137,1137338.8978538464,1203972.1229832438,1185541.272497659
2024-04-23,1136683.149183246,1139944.5102856245,1208112.645686192,1189478.6280157845
2024-04-24,1135960.6803510687,1139225.5223077608,1206895.5467936827,1188297.421360347
2024-04-25,1137336.811459978,1140571.4678023215,1209126.894763283,1190442.3986202213
2024-04-26,1137749.6507926509,1140979.8529737482,1209711.5795253706,1191000.6803727914
2024-04-29,1138414.7808286238,1141629.818105737,1210821.287339129,1192070.230677715
2024-04-30,1135914.809314105,1139144.99565424,1205952.8917690923,1187304.267505775
2024-05-01,1135616.6475738413,1138840.1447516258,1205117.6278232525,1186481.5365019876
2024-05-02,1137440.0212931463,1140634.7387443737,1208076.8486599417,1189343.4650651624
2024-05-03,1139509.9518361308,1142705.424120621,1212706.5973883101,1193874.3622360206
2024-05-06,1139968.6622057674,1143154.0726188081,1214275.7003722803,1195425.7978431624
2024-05-07,1140089.0736777969,1143274.862599089,1214758.960226659,1195890.0531952998
2024-05-08,1140169.3479924833,1143349.637348787,1214878.2836474932,1196001.7095458137
2024-05-09,1140272.5578256515,1143447.4197137763,1215409.2728702056,1196518.8547481946
2024-05-10,1140306.9611033741,1143481.9311367138,1215498.7654358312,1196612.8811486273
2024-05-13,1140318.4288626153,1143487.6830405367,1215558.4271462483,1196659.8943488437
2024-05-14,1140318.4288626153,1143493.4349443596,1215606.156514582,1196712.7841990872
2024-05-15,1140341.364381097,1143504.9387520053,1215677.7505670825,1196771.5506993579
2024-05-16,1140335.6305014766,1143499.1868481825,1215683.7167381244,1196777.4273493849
2024-05-17,1140291.6433358253,1143429.6083318696,1215632.0619297717,1196697.6605845345
2024-05-20,1140648.3377910347,1143781.8728864614,1216129.184104939,1197153.6839624527
2024-05-21,1141577.9051591558,1144659.8245455981,1217552.761242918,1198455.0189677307
2024-05-22,1140886.1340945074,1144014.9094379607,1216411.639886284,1197420.6244763557
2024-05-23,1138778.3941319073,1141955.51665727,1212830.1005788285,1194061.6230097404
2024-05-24,1141069.8857835545,1144161.2347144836,1216027.5000236547,1196953.4785770252
2024-05-28,1141145.5482437506,1144247.94598946,1216355.148730015,1197298.276740817
2024-05-29,1138421.699676698,1141597.832647992,1212299.0837098998,1193561.1095461717
2024-05-30,1135697.8511096456,1138893.524759664,1208615.8603211602,1190102.0053868426
2024-05-31,1139610.681194062,1142611.2706742794,1213395.0121415188,1194245.1446130488
2024-06-03,1139621.4901169473,1142600.4317649074,1213541.889147818,1194356.369827175
2024-06-04,1139751.1971915688,1142719.659768,1213869.5378541783,1194617.749080372
2024-06-05,1143004.6829799926,1145949.654760873,1219439.5658623031,1199956.5593584364
2024-06-06,1143307.3328207764,1146242.3053139185,1219496.057018572,1199984.365661968
2024-06-07,1143372.186358087,1146274.8220420347,1218682.5843682983,1199150.1765560203
2024-06-10,1144118.002037161,1147011.8678793346,1220219.1438188155,1200646.1556860197
2024-06-11,1144885.435562005,1147781.4304447505,1222218.9307507386,1202603.7194546433
2024-06-12,1146290.5955370718,1149185.069208432,1227088.4684211274,1207364.1586192506
2024-06-13,1146522.987379102,1149418.1057599313,1228014.9233839393,1208281.7666357928
2024-06-14,1146479.7516875616,1149380.169577129,1227947.1339964166,1208220.5927680233
2024-06-17,1146636.481069396,1149526.4948536516,1229246.4305906037,1209477.437687651
2024-06-18,1146679.7167609364,1149553.592127082,1229596.6757594717,1209816.6745907364
2024-06-20,1146690.5256838216,1149569.85049114,1229704.0089563827,1209916.7772834501
2024-06-21,1146674.2008483722,1149520.4632063063,1229703.6332275388,1209876.9401566999
2024-06-24,1145662.396015846,1148490.2783054188,1227785.2776402668,1207989.470247227
2024-06-25,1146874.453888143,1149652.5381935996,1229426.414212037,1209462.3513904572
2024-06-26,1147127.4050962743,1149869.1411727606,1229470.7692545173,1209440.530929076
2024-06-27,1148139.2099288006,1150857.0620777141,1231056.4620231874,1210924.322302997
2024-06-28,1147527.911175816,1150270.649134132,1229637.1006638184,1209576.9088127087
2024-07-01,1148160.2891961448,1150846.4960787306,1229692.5444669188,1209505.9923132197
2024-07-02,1149888.789118377,1152531.7729165927,1233274.2141472015,1212948.1700961024
2024-07-03,1150900.593950903,1153535.5428200213,1235747.007765477,1215348.4208480334
2024-07-05,1151669.98720897,1154296.2947468306,1238097.8250169319,1217639.5692930582
2024-07-08,1152091.5725558556,1154703.0857076938,1238962.7483452973,1218446.9263641622
2024-07-09,1152254.9368777738,1154861.5756924457,1239456.1981928905,1218926.9765145485
2024-07-10,1152560.586254266,1155167.989662966,1241579.6958516338,1221027.1959224879
2024-07-11,1152534.2371700858,1155136.2916660155,1240282.3108590858,1219728.8784703072
2024-07-12,1152760.8392940369,1155358.1776446684,1241995.5243748864,1221398.1437659683
2024-07-15,1152829.346912906,1155416.2906390773,1242439.0747996895,1221829.0978782466
2024-07-16,1152876.7752644306,1155469.1206339947,1242976.8796897628,1222369.1542974312
2024-07-17,1152829.346912906,1155416.2906390773,1241685.0390775246,1221087.2021912863
2024-07-18,1152808.2676455616,1155405.7246400937,1239805.4941524228,1219259.7385506115
2024-07-19,1152865.186808112,1155414.2057414777,1235244.8985327207,1214700.679463853
2024-07-22,1155678.9706132608,1158065.2848402949,1239096.9134965711,1218140.4226580856
2024-07-23,1155341.7380972877,1157732.5796944275,1238122.8407470917,1217187.9621217079
2024-07-24,1149408.55351939,1152055.468078434,1229920.7054361345,1209671.6878317785
2024-07-25,1146963.6177785867,1149647.3165464406,1227186.660332482,1207168.0772790143
2024-07-26,1150515.097712426,1152958.5249029316,1231005.468270782,1210401.000471062
2024-07-29,1150420.2510673087,1152800.09388109,1230850.5021515465,1210150.6394157857
2024-07-30,1146405.0764240064,1148839.318335048,1226124.035514868,1205720.33726372
2024-07-31,1154256.2709365,1156591.8763371673,1236296.4543418179,1215326.582102044
2024-08-01,1148049.0849393744,1150476.4388940786,1228050.0429967933,1207527.2909670195
2024-08-02,1142242.3625549662,1145042.254844909,1222117.0544317823,1202683.3488105843
2024-08-05,1136699.1030736621,1141852.51027183,1217556.6229228561,1202041.1182774839
2024-08-06,1134612.4768810798,1138134.662292612,1215475.6493216956,1197915.603497059
2024-08-07,1132009.4633984142,1135525.8314662857,1214280.19640188,1197164.52033123
2024-08-08,1140197.8904268807,1142681.6326194683,1218287.1774849657,1198416.325607612
2024-08-09,1140608.8925557225,1142908.717084108,1217047.4485310828,1196549.5029563117
2024-08-12,1140756.4317814608,1143014.3377653358,1216604.6881904104,1196027.010319213
2024-08-13,1150135.7111319564,1152361.7680539945,1223500.680496384,1202563.6109145824
2024-08-14,1154308.9635171208,1156523.2228943694,1225249.58384204,1204261.711985153
2024-08-15,1159999.7622241632,1162226.7396806697,1239595.0188798276,1218358.1279235433
2024-08-16,1160378.3553793048,1162573.5842183852,1243808.6143976457,1222446.4692181107
2024-08-19,1162205.6749069486,1164330.7580802662,1246490.68982076,1224909.005633312
2024-08-20,1162205.6749069486,1164383.368076131,1246722.4741165845,1225245.2991525687
2024-08-21,1162625.7483615794,1164825.2920413944,1247638.5739524632,1226124.001573852
2024-08-22,1161176.4949431033,1163446.9101497391,1245298.6562993757,1223997.7586779073
2024-08-23,1163224.3530344283,1165340.8700008686,1248499.4870512406,1226861.6776806084
2024-08-26,1162793.7777434317,1164888.424036432,1247296.4161824363,1225646.6817400684
2024-08-27,1163402.8842526465,1165467.133990944,1248311.8521450968,1226568.7768735138
2024-08-28,1161922.125325073,1164067.7081009427,1246060.233271371,1224540.167579934
2024-08-29,1162898.7961070894,1164956.8170310562,1247075.6692340318,1225353.780932974
2024-08-30,1164369.053198297,1166387.8089185762,1249559.072403582,1227696.9873897294
2024-09-03,1159695.7360155298,1161910.69827049,1241413.510007457,1220092.4145833147
2024-09-04,1158235.980760688,1160427.0963871053,1240077.9909696102,1218823.177752572
2024-09-05,1158151.9660697617,1160279.788398684,1239217.0778708328,1217835.9935508836
2024-09-06,1151420.2889593036,1153829.8029056715,1231192.9262963303,1210556.8660856849
2024-09-09,1155967.5841056816,1158028.0805756748,1235541.6411798983,1214115.0684829801
2024-09-10,1157301.3173241345,1159317.02547436,1237197.243292932,1215644.6615866956
2024-09-11,1161113.4839249086,1163068.1181795134,1241998.489420729,1220217.168630781
2024-09-12,1163644.426489059,1165598.6589806057,1245696.000806504,1223807.9155621978
2024-09-13,1165272.2111257534,1167203.2638544792,1248918.906253209,1226948.4631049326
2024-09-16,1165723.7900894813,1167645.1878197426,1249294.1760654966,1227284.7566241892
2024-09-17,1166002.0887531743,1167929.281797412,1249713.595267465,1227718.6837458105
2024-09-18,1166653.202607852,1168581.6457461345,1250464.1348920404,1228445.5116745264
2024-09-19,1167608.869717137,1169497.05967418,1256766.4602689878,1234591.0045344892
2024-09-20,1167619.3667070721,1169475.4708779484,1257196.739992426,1234975.3702885846
2024-09-23,1168681.8291148487,1170477.6558478419,1258873.0908469632,1236461.7360984164
2024-09-24,1169341.9999313313,1171097.5640766416,1260092.2551048084,1237552.4505775734
2024-09-25,1169135.6965511807,1170875.430294655,1259602.4123226383,1237028.47989641
2024-09-26,1169806.1825366707,1171516.0021310817,1260723.6080240496,1238076.421258737
2024-09-27,1169032.5448611053,1170777.2781584284,1259852.776411303,1237306.5051558027
2024-09-30,1169878.3887197236,1171608.9883654015,1261213.4508062196,1238557.6188230712
2024-10-01,1167928.8217772983,1169692.4387580284,1258132.8839761284,1235723.899833104
2024-10-02,1168238.2768475246,1169930.070245735,1258383.2480647932,1235830.8326251784
2024-10-03,1167629.6818760796,1169361.821036002,1257283.8231537007,1234804.2778212659
2024-10-04,1170229.1044659798,1171949.9378912416,1261246.1069916976,1238536.2322646563
2024-10-07,1167980.3976223362,1169733.7659732818,1256968.14669408,1234419.3197697988
2024-10-08,1170559.189874221,1172249.5602018284,1261289.648572335,1238536.2322646563
2024-10-09,1171931.107352224,1173597.860599468,1264032.7681524868,1241188.165508097
2024-10-10,1172271.5079294727,1173907.814713868,1264152.5074992394,1241279.0583813603
2024-10-11,1173225.6610626702,1174832.5111551613,1266830.3147084352,1243872.17858916
2024-10-14,1173865.2015411376,1175462.7511877746,1269448.2522442546,1246406.4857613193
2024-10-15,1173834.256034115,1175426.589874428,1268103.905942077,1245080.5191395988
2024-10-16,1174035.401829762,1175622.8941468813,1269992.522002221,1246935.8030820866
2024-10-17,1174117.9231818223,1175700.3826754813,1270602.1041311438,1247523.9334384948
2024-10-18,1174097.2319055076,1175643.218112199,1270754.5160106928,1247630.4623897513
2024-10-21,1173653.7804346504,1175158.8029855185,1270006.349434969,1246874.9033766692
2024-10-22,1173301.0349464684,1174795.491640508,1269461.2566440846,1246318.7279920392
2024-10-23,1171114.0129197403,1172706.4514066975,1266361.7094017998,1243548.344944071
2024-10-24,1171879.9745512211,1173433.0740967186,1267654.968768408,1244713.1650892396
2024-10-25,1171386.1308677664,1173019.3028426787,1267002.9950381345,1244219.9529556998
2024-10-28,1172252.8769244421,1173776.2014781174,1267815.290177492,1244755.1405899664
2024-10-29,1173028.9169984423,1174472.5482227209,1268830.6591016885,1245594.650604502
2024-10-30,1171194.6404598963,1172706.4514066975,1266147.9475230214,1243128.5899368033
2024-10-31,1165752.2814993751,1167569.6326675212,1259222.0626506058,1237021.1545810553
2024-11-01,1166911.3023891158,1168558.6468844945,1260376.3767960086,1237797.7013445008
2024-11-04,1165621.2617466217,1167206.321322511,1258762.4746112325,1236108.1874402475
2024-11-05,1170176.7177654284,1171606.4253898603,1264010.3287352389,1240819.9373968297
2024-11-06,1178924.8058723402,1180219.9318611508,1275906.177289249,1252153.322593063
2024-11-07,1180673.4156494704,1181950.7067408536,1280630.3148102486,1256770.6276730099
2024-11-08,1180940.4943762368,1182187.868313291,1281950.2944117044,1258019.398819632
2024-11-11,1181232.7692093018,1182465.3978129518,1282628.9883768253,1258670.0190808973
2024-11-12,1181308.357528198,1182541.0876764958,1282479.3550616805,1258517.8578907626
2024-11-13,1181424.259617172,1182657.145467263,1283665.7334889,1259677.43109834
2024-11-14,1181409.141953393,1182631.9155127483,1281047.1504738661,1257106.4316788244
2024-11-15,1181438.199195583,1182639.7617037236,1270385.873953339,1246601.2341991323
2024-11-18,1182146.2807976298,1183277.6947442945,1271334.448861802,1247343.8109444831
2024-11-19,1182874.5933025922,1184006.7610763758,1272943.8287626775,1248944.0115365773
2024-11-20,1182783.554239472,1183935.8796274236,1272922.5124725997,1248933.5527091778
2024-11-21,1183774.8684823373,1184877.590306362,1274521.2342284361,1250418.7061998798
2024-11-22,1184907.799045612,1185981.3157257626,1276141.2722743505,1251914.3185179806
2024-11-25,1185878.882385562,1186907.8375227826,1277654.7288698757,1253294.8837346893
2024-11-26,1186617.3103419822,1187626.777933585,1279221.4761905954,1254780.037225391
2024-11-27,1186354.308604079,1187368.5669409728,1278304.8757172492,1253911.9545512486
2024-11-29,1187052.274754668,1188036.8777453806,1279978.204488358,1255506.9257296429
2024-12-02,1187497.3546188115,1188472.2923603738,1280809.5398013932,1256307.02602569
2024-12-03,1187679.4327450523,1188654.558943394,1281097.3097174435,1256578.955538072
2024-12-04,1188013.24264316,1188983.6513849585,1282152.4660762958,1257614.3794506034
2024-12-05,1188023.3580946177,1188988.714345598,1282045.8846259066,1257509.7911766104
2024-12-06,1188281.3021067919,1189206.4216530945,1282717.347763358,1258126.8619931696
2024-12-09,1188073.9353519068,1188998.8402668769,1281779.4309999337,1257211.7145957302
2024-12-10,1188094.1662548224,1189019.0921094345,1281715.4821297005,1257148.9616313344
2024-12-11,1188468.4379587614,1189383.6252754752,1283069.066549642,1258440.6268151489
2024-12-12,1188402.6875242856,1189312.743826523,1282530.830225177,1257912.4560314838
2024-12-13,1188498.7843131348,1189383.6252754752,1282759.9803435137,1258116.4031657702
2024-12-16,1188539.246118966,1189434.2548818698,1283330.1911030952,1258675.9504316333
2024-12-17,1188529.1306675083,1189434.2548818698,1282983.8013893308,1258346.497368555
2024-12-18,1183714.1757735903,1184928.2199127562,1267518.8329378723,1243557.7154259337
2024-12-19,1185398.3984413159,1186290.1563247694,1265269.9643346623,1240974.3850583045
2024-12-20,1188680.1032541697,1189523.7717021997,1258627.2253742071,1234377.1673707403
2024-12-23,1190412.8451820128,1191086.4035736152,1260676.2827580068,1236099.7143528375
2024-12-24,1193062.3284786565,1193672.3072834099,1264973.0306393416,1240170.2569236264
2024-12-26,1192941.4395069464,1193546.288584102,1264617.5819094987,1239806.2663411
2024-12-27,1190755.363935191,1191368.6854600646,1260414.9233978284,1235735.723770311
2024-12-30,1187279.805998529,1187890.5693591714,1254382.7493649083,1229834.975031044
2024-12-31,1186332.842386801,1186912.6642525436,1252396.4182275515,1227840.7167690329
2025-01-02,1185315.360208242,1185929.7183979433,1250932.8058105519,1226425.7674623104
2025-01-03,1189858.770728342,1190421.0248412706,1256724.5292321076,1232018.918526203
2025-01-06,1192135.5130288799,1192689.3614288096,1260571.7390139354,1235756.2302820026
2025-01-07,1188327.5104200155,1188878.5559617442,1253483.673165894,1228835.282586077
2025-01-08,1188710.325497097,1189266.693555612,1253954.1200142156,1229286.4258432928
2025-01-10,1181174.9129271752,1181720.6938410655,1243520.6543558894,1219048.549881246
2025-01-13,1182585.2842637915,1183122.0217773672,1244147.9168203177,1219632.9854644574
2025-01-14,1183935.211114553,1184452.779242057,1245057.4473937391,1220514.7654671976
2025-01-15,1194079.8106572153,1194599.8049103147,1256646.1214240543,1231870.2463164385
2025-01-16,1194271.2181957562,1194781.2718373179,1252710.0494597657,1228009.8954904887
2025-01-17,1196033.3350449647,1196523.6197431441,1267759.5869533927,1242733.0935087793
2025-01-21,1198383.3248463797,1198713.8717502346,1271192.6085914902,1245781.3194949413
2025-01-22,1199437.8074495785,1199768.8096435578,1272924.7714848768,1247438.4087894321
2025-01-23,1200241.2227663016,1200562.5248204393,1274469.1094862095,1248901.1481049396
2025-01-24,1199899.7712566943,1200210.8788559982,1273707.3752017682,1248174.8929203171
2025-01-27,1196927.1345848192,1197397.7111404692,1269178.7083600229,1244011.7117915654
2025-01-28,1198604.2640584784,1198934.9063564546,1271662.1708216253,1246210.9352379576
2025-01-29,1197640.1656784108,1197970.3917111305,1269877.8343471126,1244461.785427106
2025-01-30,1199056.1851741353,1199346.8344862284,1271860.4304299043,1246323.4536468426
2025-01-31,1197800.8487417554,1198106.026583129,1269898.7037795628,1244441.3275345815
2025-02-03,1195932.9081303745,1196282.4910818131,1267102.199831204,1241802.259398911
2025-02-04,1197720.507210083,1198005.5563075745,1269251.7513735993,1243755.9881350081
2025-02-05,1199688.8747360546,1199929.5620844453,1272215.210781562,1246589.4062496622
2025-02-06,1200301.4789150557,1200532.3837377727,1273049.9880795795,1247397.493004383
2025-02-07,1198865.3740364134,1199110.7293386753,1270055.2245229413,1244477.1288464996
2025-02-10,1200853.826945303,1201069.89971199,1273175.204674282,1247494.6679938748
2025-02-11,1201265.5772951236,1201481.8278417639,1273957.8083911736,1248256.7244904153
2025-02-12,1201014.5100086476,1201220.6051253218,1272653.4688630211,1246972.9917344982
2025-02-13,1202766.9596682496,1202958.7408924166,1277808.2186782798,1252000.5188224132
2025-02-14,1203158.624635152,1203330.4809119685,1278611.6918276218,1252757.4608458225
2025-02-18,1203479.9907618414,1203651.9857937433,1280124.7256802788,1254240.6580538545
2025-02-19,1203545.268256325,1203707.2444452983,1280839.5037417063,1254931.111926559
2025-02-20,1203590.4603678908,1203742.4090417423,1280860.3731741568,1254951.5698190837
2025-02-21,1203579.2477961604,1203694.9441292556,1269039.027749765,1243321.5215554757
2025-02-24,1202279.925627375,1202355.1637648325,1267279.5664831249,1241607.87281725
2025-02-25,1200859.7362800979,1200944.8686443875,1265332.7069750673,1239751.4200175055
2025-02-26,1200527.3515392458,1200582.2213277016,1264718.457183755,1239078.2008703453
2025-02-27,1195239.4124802358,1195474.9382843748,1258315.6839353307,1233335.4375392678
2025-02-28,1199872.654322416,1199917.3679137772,1263125.572131708,1237527.7567738555
2025-03-03,1194816.3773555148,1195071.9968213905,1257514.0359026012,1232590.8163613481
2025-03-04,1192006.2154555838,1192372.2890193954,1254775.9393752264,1230326.3519572644
2025-03-05,1193114.1645917573,1193299.0543842593,1255546.3543677195,1230571.158919868
2025-03-06,1188279.477452091,1188806.257071984,1251871.2666332582,1228031.2866828549
2025-03-07,1188138.4657438507,1188403.3156089995,1250320.0256348595,1225889.2257600727
2025-03-10,1179859.0640171717,1180999.266226662,1245583.0145323668,1223706.3636768567
2025-03-11,1178237.4293724087,1179296.8385455532,1244437.8030570387,1223033.1445296966
2025-03-12,1176827.312290006,1177272.057694057,1244167.1167083248,1221482.7004332067
2025-03-13,1175054.5936721284,1175594.8138543845,1243792.3202254903,1221972.3143584142
2025-03-14,1175558.2069158435,1175544.4461715114,1243698.6211047815,1219116.2331280378
2025-03-17,1176132.326013679,1175977.6082442196,1243813.1422523144,1218310.4102094674
2025-03-18,1174691.9921366533,1174511.908672614,1243740.26515843,1218305.3100644131
2025-03-19,1174561.0526932874,1174370.8791605695,1243646.5660377212,1217887.0981699652
2025-03-20,1173966.7890657033,1173756.3934295184,1243625.7440108971,1217841.1968644771
2025-03-21,1173833.0420330693,1173595.544890922,1243544.2583293421,1217713.4099614928
2025-03-24,1177752.946254348,1177290.6432294748,1248581.5082311067,1222248.3373932305
2025-03-25,1178305.485945113,1177817.025362329,1249253.141551342,1222868.9064102052
2025-03-26,1175824.2699752613,1175393.5828694843,1245764.9814043136,1219553.9009776483
2025-03-27,1175250.8797301275,1174809.8719894872,1245028.3513111523,1218821.9477781397
2025-03-28,1169162.5178545245,1169040.5153452307,1237802.876720879,1212324.5371303286
2025-03-31,1171080.768856427,1170833.3416195074,1239525.2912034178,1213799.0515467299
2025-04-01,1172582.008770959,1172250.9251852145,1241659.351914488,1215729.710710651
2025-04-02,1176481.0624378691,1176024.1990880526,1246490.7787019871,1220216.9020641597
2025-04-03,1160405.2850197535,1161712.8591195536,1228183.3543278314,1205100.477291701
2025-04-04,1151022.535553927,1159471.8262767077,1222734.4581975352,1208367.746646029
2025-04-07,1151502.0983044028,1159774.1051252775,1222994.4452892393,1208335.9225938763
2025-04-08,1149302.3648185257,1160389.0862309886,1221911.1657404727,1210680.2944357805
2025-04-09,1163355.6384628965,1164151.9367252553,1230133.2575156114,1206288.5752387294
2025-04-10,1155244.772813549,1158596.2599567121,1224814.3549311673,1204506.428318187
2025-04-11,1157183.8743698196,1158690.0706338545,1225377.6602965258,1202681.8493281077
2025-04-14,1154994.5661611268,1154739.598785303,1222961.9469027764,1197743.817235771
2025-04-15,1150970.409168006,1150445.1544538962,1221835.336172059,1196051.8384629942
2025-04-16,1147102.6313326487,1146531.1645353446,1220968.7125330458,1195388.8373764828
2025-04-17,1146458.8161092647,1145759.1923860926,1220694.1106825082,1194622.9498754859
2025-04-21,1141233.0553467234,1140754.4630069812,1214965.633318303,1189362.0760736656
2025-04-22,1145913.329599605,1145137.6900448957,1219760.2435972898,1193586.379401822
2025-04-23,1148608.0329573245,1147721.831358293,1223062.9442645255,1196640.361227455
2025-04-24,1151859.132554897,1150911.119688119,1227185.625787075,1200630.6002551068
2025-04-25,1152862.8277326713,1151886.9873992966,1228358.6539550931,1201734.0462432005
2025-04-28,1152906.466653444,1151886.9873992966,1228324.4880861219,1201650.451850163
2025-04-29,1153910.1618312183,1152851.9515606286,1229691.122844978,1202954.5243815465
2025-04-30,1154095.6272445025,1153037.311908003,1230044.1701576824,1203288.901953696
2025-05-01,1154422.9191502985,1153348.0630786014,1230397.217470387,1203628.8524853815
2025-05-02,1155950.281377346,1154830.9458575973,1232766.0510524043,1205891.474056927
2025-05-05,1155939.3716471528,1154803.6869829835,1232572.4444615664,1205679.7015945655
2025-05-06,1155644.8089319365,1154520.1946869988,1231980.236066062,1205100.1138028395
2025-05-07,1156179.385711403,1155038.113304663,1232868.5486593186,1205958.349571357
2025-05-08,1156544.8616728752,1155397.9304495663,1233665.7522686513,1206721.845027765
2025-05-09,1156686.6881653867,1155517.8694978675,1233996.0223353747,1207039.5037213073
2025-05-12,1156883.0633088644,1155725.0369449332,1234548.3705504125,1207563.361917675
2025-05-13,1156866.6987135746,1155703.229845242,1234536.981927422,1207557.788958139
2025-05-14,1156888.518173961,1155725.0369449332,1234565.4534848982,1207585.6537558183
2025-05-15,1156893.9730390576,1155730.488719856,1234588.2307308791,1207607.9455939615
2025-05-16,1156834.8840645584,1155646.0607766674,1234136.776825612,1207140.3229483627
2025-05-19,1156815.325325287,1155626.521707513,1234239.1473256724,1207230.4429443025
2025-05-20,1156189.445668602,1154991.5019599884,1233225.6793750725,1206259.1496547284
2025-05-21,1152062.5516823335,1151171.6139402634,1227769.3317218423,1201542.8698672098
2025-05-22,1152277.6978143188,1151269.3092860363,1228148.1025720667,1201703.083193325
2025-05-23,1150233.809560456,1149432.6367855037,1225465.995470479,1199440.0699619467
2025-05-27,1156257.9012560518,1154981.732425411,1232427.1894746,1205327.9096966833
2025-05-28,1154380.262285996,1153120.636088435,1229745.082373012,1202764.4964788388
2025-05-29,1155211.5087050311,1153916.8531564851,1230707.3650735817,1203625.6431067085
2025-05-30,1155358.1992495668,1154019.4332695468,1230738.0762236,1203575.5764422975
2025-06-02,1157118.485783994,1155724.2170532858,1233000.4642749391,1205663.3563482373
2025-06-03,1158419.141945543,1156984.4870137577,1234658.866375921,1207230.4429443025
2025-06-04,1158565.8324900786,1157111.4909632627,1234648.629325915,1207190.3896127737
2025-06-05,1157490.101830151,1156071.0355307802,1232642.167524727,1205277.8430322723
2025-06-06,1160492.368308313,1159011.665438548,1236900.7803272482,1209338.2495160066
2025-06-09,1160981.3367900983,1159480.6030982584,1237187.4177274178,1209603.6028373851
2025-06-10,1162184.1992552902,1160672.4863166893,1239664.7838288844,1212011.8093955554
2025-06-11,1162105.9642982045,1160604.099574648,1239726.206128921,1212086.909392172
2025-06-12,1162663.3883674399,1161160.9630455542,1241261.76362983,1213583.9026580616
2025-06-13,1160189.207849606,1158699.0403320743,1236409.4019269573,1208832.5762054552
2025-06-16,1163387.061720482,1161864.36953512,1241824.8013801633,1214094.5826350541
2025-06-17,1160961.7780508269,1159446.409727238,1236266.0832268724,1208672.36287934
2025-06-18,1163245.2608607644,1161712.9417491718,1237576.4256276481,1209929.0361560567
2025-06-20,1164759.8499979342,1163180.9653962848,1243458.370389402,1215631.3167006301
2025-06-23,1166812.5169758822,1165142.6286302595,1246346.2287525805,1218243.615671644
2025-06-24,1168747.3274766277,1166976.7837540258,1249285.472495887,1220966.4349837394
2025-06-25,1168904.4694462314,1167109.1960223191,1249357.4120280659,1220986.5295912088
2025-06-26,1169866.9640100538,1168045.890216542,1251094.2378763831,1222644.3347074292
2025-06-27,1170466.067769168,1168634.3891867343,1252121.9454789378,1223628.9704734269
2025-06-30,1170917.8509317786,1169046.338465869,1252913.280332905,1224362.4236460577
2025-07-01,1170976.77917038,1169100.2842048034,1252954.3886370072,1224392.5655572617
2025-07-02,1171399.0982136899,1169517.137642023,1253776.5547190509,1225171.2315966985
2025-07-03,1171811.5958838994,1169909.4702888178,1254773.4310935289,1226145.8200589614
2025-07-07,1171634.8111680953,1169732.9205977602,1254095.1440758428,1225467.6270568713
2025-07-08,1172047.308838305,1170135.0615607249,1254917.3101578867,1226251.3167481755
2025-07-09,1172302.6645389108,1170385.1736230566,1255790.861620058,1227100.3139137551
2025-07-10,1172356.6820909623,1170434.2152039062,1256027.2343686456,1227336.4255515197
2025-07-11,1172366.5034640625,1170439.119361991,1255924.4636083902,1227235.952514173
2025-07-14,1172440.1637623142,1170517.58589135,1256150.5592809522,1227446.9458926013
2025-07-15,1172440.1637623142,1170512.681733265,1256124.8665908882,1227411.78032953
2025-07-16,1172494.1813143655,1170561.7233141144,1256376.6549535142,1227657.939271029
2025-07-17,1172499.0920009154,1170566.6274721995,1256422.9017956292,1227703.1521378353
2025-07-18,1172480.2761326162,1170523.5006818553,1256398.3365419137,1227654.1252388812
2025-07-21,1173127.5064741967,1171113.4761488838,1257245.8234370179,1228376.3183391148
2025-07-22,1173071.2255749288,1171038.558629261,1257117.714952874,1228193.3627537224
2025-07-23,1175181.7592974736,1173066.0140040503,1260655.4800149947,1231457.6755667783
2025-07-24,1175416.263044423,1173295.4489078948,1260951.114978403,1231736.9235655353
2025-07-25,1176157.2948847832,1174016.5300342632,1262350.4538052029,1233065.7588699653
2025-07-28,1176438.6993811224,1174269.3766629896,1262626.3797710505,1233301.6752827081
2025-07-29,1175904.030838078,1173782.412785442,1261769.0383771663,1232526.5213551242
2025-07-30,1176767.0046268518,1174597.140811339,1263434.4486710336,1234086.4584516287
2025-07-31,1174900.3548011342,1172771.0262705358,1259384.2496723386,1230167.3572276942
2025-08-01,1170491.684358485,1168491.3629620897,1252289.010550537,1223561.6976708907
2025-08-04,1175510.0645432028,1173361.0017375646,1259817.847618671,1230552.5268811523
2025-08-05,1174187.463410408,1172012.4863843562,1256565.8630211784,1227365.2479987878
2025-08-06,1176326.1375825866,1174119.5416237442,1260409.1175454876,1231067.6912926522
2025-08-07,1176682.5832779498,1174447.3057720936,1260606.2075210933,1231226.5737747035
2025-08-08,1178436.6713051316,1176179.7734133683,1265099.858964901,1235578.9908587784
2025-08-11,1177962.9737362936,1175711.5389157264,1263355.6126807914,1233879.4297628952
2025-08-12,1179252.7443445155,1176985.1367493123,1268637.6240270215,1239021.4446365586
2025-08-13,1179360.6160681122,1177083.465993817,1269302.8026946904,1239656.9745647642
2025-08-14,1179407.5168175022,1177125.6070986048,1269628.0011544395,1239969.9249081989
2025-08-15,1179435.3411363144,1177124.8200070143,1269809.8927642778,1240113.4490995351
2025-08-18,1179647.1114346688,1177299.4215223112,1269868.187319475,1240066.005267545
2025-08-19,1178431.7340701995,1176123.1586824167,1267711.2887771819,1238073.3643239667
2025-08-20,1177492.578834019,1175204.2033387488,1266273.3564156531,1236735.4482618498
2025-08-21,1176304.8236823785,1174055.5091591643,1264670.2561477327,1235312.133302151
2025-08-22,1180540.2296494683,1178117.2917781754,1270917.4893130227,1240919.9942433645
2025-08-25,1179849.674328747,1177428.0752704246,1269090.9265835134,1239136.106160542
2025-08-26,1180972.9776504533,1178530.821682826,1271208.9620890084,1241138.2358705183
2025-08-27,1181147.9183317027,1178714.6127515594,1271665.6027713856,1241603.18542402
2025-08-28,1182105.488376436,1179638.1628719454,1273297.8503169047,1243121.3880476987
2025-08-29,1180641.5110965073,1178199.9977591056,1270528.8589450421,1240474.0222226589
2025-09-02,1179251.1930507887,1176835.349073759,1267983.3300347684,1238054.3867911708
2025-09-03,1180346.8741596662,1177873.7686121035,1269615.5775802876,1239539.3787324566
2025-09-04,1182602.6882073553,1180097.6405437794,1273754.490999282,1243519.9162364143
2025-09-05,1182096.28097216,1179578.430774607,1271850.2021961766,1241636.3961064129
2025-09-08,1183099.8880382746,1180543.333885458,1273589.3230928902,1243292.1858428626
2025-09-09,1183790.4433589957,1181227.9556164907,1275338.1597488034,1244990.6750281032
2025-09-10,1184075.8728915604,1181512.8317730275,1276057.1259295677,1245688.0993583556
2025-09-11,1185378.7205966543,1182799.3692541623,1279681.1041109879,1249203.6873088118
2025-09-12,1185452.3798308645,1182859.1013515007,1279943.429609375,1249450.3952351597
2025-09-15,1185677.9612356336,1183079.650633981,1280876.1424925285,1250342.3392765708
2025-09-16,1185682.5649377718,1183093.434964136,1280846.99521493,1250332.850510173
2025-09-17,1185931.1648532313,1183323.1738000528,1281697.124144888,1251129.9068876044
2025-09-18,1186096.8981302043,1183483.9909851947,1282765.8576568349,1252159.4380417864
2025-09-19,1186170.7467293332,1183534.3254784402,1283076.9724852443,1252434.3387968633
2025-09-22,1186879.0668144731,1184196.3509936053,1284559.7007147684,1253779.6227806576
2025-09-23,1185830.0358023038,1183167.5275578757,1282677.7764234492,1252016.8368708582
2025-09-24,1185408.6301820308,1182729.1593113474,1281375.6368885464,1250680.830707642
2025-09-25,1183866.4649333716,1181190.3973031256,1278847.3951638448,1248296.430819124
2025-09-26,1186152.8145752791,1183404.6042626307,1281641.7675964097,1250782.8867339988
2025-09-29,1186843.2025063648,1184084.522359287,1282677.7764234492,1251738.5022535215
2025-09-30,1187497.726129342,1184742.0747290794,1283989.42062649,1253018.8414932706
2025-10-01,1188636.4179117822,1185860.361072264,1286232.5223070523,1255166.6569570524
2025-10-02,1188986.0949158387,1186204.7932659646,1287201.9984571259,1256089.8001045524
2025-10-03,1189165.4164563804,1186365.8264993832,1287059.4284350562,1255945.9938855951
2025-10-06,1190250.3117766578,1187372.2842082493,1289055.4087440313,1257783.0023600177
2025-10-07,1189559.9238455722,1186714.7318384568,1287582.185182645,1256377.412542467
2025-10-08,1191039.3265550416,1188159.557793851,1290756.744340729,1259434.4544228823
2025-10-09,1190662.7513199039,1187774.8672917956,1289255.006774929,1257954.6420407086
2025-10-10,1181355.9633657872,1178604.9192776831,1272621.83753347,1242019.9851981804
2025-10-13,1188313.639138807,1185426.4659711083,1280425.1700747488,1249298.4354415361
2025-10-14,1187632.2172847483,1184742.0747290794,1279246.5912256397,1248180.4580619002
2025-10-15,1189923.0499651693,1186996.5399969392,1283200.5331710377,1251951.892126813
2025-10-16,1187112.1848171772,1184200.824138978,1273733.8837056132,1242729.7384723893
2025-10-17,1192575.9168499361,1189611.291075,1281505.0124262336,1250231.0906339728
2025-10-20,1194844.1571004386,1191730.2690434835,1284329.7693574375,1252737.2809861046
2025-10-21,1194754.1475666885,1191631.5031212238,1284083.314054715,1252478.3388095007
2025-10-22,1193962.0636696876,1190859.333183556,1282926.8699419403,1251368.5866240547
2025-10-23,1195051.1790280638,1191882.907286976,1284434.0389085892,1252746.5289209834
2025-10-24,1196419.3239410655,1193216.2472374835,1286595.2623324634,1254818.0663338155
2025-10-27,1197904.481247942,1194639.3743900456,1289183.0430110495,1257278.0170115537
2025-10-28,1197886.479341192,1194621.4169496347,1289249.3963617824,1257338.1285882653
2025-10-29,1197625.4516933167,1194352.0553434715,1288898.6715079083,1256982.0830954348
2025-10-30,1197076.393537441,1193799.864050837,1287780.1435955523,1255881.5788448676
2025-10-31,1197103.3963975662,1193835.7789316587,1287770.6645454476,1255890.8267797465
2025-11-03,1197742.464087192,1194446.3319056286,1288652.2162051857,1256713.892983952
2025-11-04,1195888.2676919398,1192646.098504438,1285467.2553700027,1253657.4505065368
2025-11-05,1196824.366842941,1193557.4386052901,1286633.1785328824,1254762.578724543
2025-11-06,1194925.1656808136,1191676.3967222509,1283391.3433970711,1251622.9048332195
2025-11-07,1195240.1990489392,1191968.2051289275,1283524.050098537,1251720.008149446
2025-11-10,1198579.5527510678,1195267.8848044262,1289230.4382615732,1257236.4013045996
2025-11-11,1199164.6147204435,1195838.0335374714,1290244.6966227773,1258212.0584343038
2025-11-12,1199317.6309278186,1195986.1824208612,1290320.5290236147,1258281.4179458944
2025-11-13,1196905.375423316,1193602.3322063172,1285069.135265605,1253185.8058277222
2025-11-14,1196770.3611226908,1193454.1833229277,1284604.661810474,1252718.785116347
2025-11-17,1194520.1227789382,1191213.9926316708,1279817.741507595,1248053.2019700352
2025-11-18,1191027.7528694344,1187734.7385520632,1273590.0055888,1241986.5566895981
2025-11-19,1193485.013140812,1190163.4823676343,1275817.5823634071,1244122.8296465813
2025-11-20,1185717.1903781784,1182414.846830341,1262632.223667754,1231254.328262849
2025-11-21,1197104.0160191627,1193727.3495570992,1265155.9817965615,1233664.9404036948
2025-11-24,1200206.5061151725,1196666.4821792322,1269219.209856547,1237359.9191360918
2025-11-25,1201912.8756679778,1198286.1899400363,1271591.0011194688,1239562.1633182438
2025-11-26,1202907.497492875,1199232.5360474724,1273093.450564905,1240967.3609658512
2025-11-28,1203473.2456868533,1199751.2065102016,1273943.8936472277,1241732.1570625817
2025-12-01,1203162.9966772522,1199441.8241289244,1273263.5391813698,1241073.3266900969
2025-12-02,1203737.8698421011,1200001.442259764,1273962.7923823905,1241736.7642679838
2025-12-03,1204294.4930652087,1200551.9609088013,1274945.526610852,1242676.63416999
2025-12-04,1204549.9922495862,1200797.6469174628,1275285.703843781,1242994.5313427274
2025-12-05,1204896.7411426695,1201138.8774850478,1275909.362104151,1243598.0752503884
2025-12-08,1204750.7416087396,1200979.6365535082,1275399.0962547574,1243086.6754507672
2025-12-09,1204787.241492222,1201011.484739816,1275361.298784432,1243045.2106021494
2025-12-10,1205403.1770259887,1201621.1500205682,1276901.5457001938,1244528.7307415905
2025-12-11,1205672.363666672,1201880.4852519329,1277662.2197904934,1245256.6691951053
2025-12-12,1205521.801647307,1201730.3438021953,1276632.238724125,1244256.905622873
2025-12-15,1205686.0511229779,1201885.0349928339,1276962.9665894727,1244579.4100010125
2025-12-16,1205749.9259190722,1201957.8308472522,1277114.1564707744,1244717.6261630722
2025-12-17,1205494.426734695,1201693.9458749862,1275134.5139624793,1242791.8143050398
2025-12-18,1205873.1130258255,1202076.1241106815,1277723.6406797722,1245307.348454527
2025-12-19,1205900.7898364512,1202076.1571685558,1278583.9137727171,1246127.4719912692
2025-12-22,1207695.934381655,1203785.912978823,1281445.8521921677,1248673.8707511446
2025-12-23,1208486.8644040467,1204543.3436616098,1283042.9984714093,1250149.5223293055
2025-12-24,1209153.37846786,1205176.7506068642,1284270.8623739479,1251292.2525148327
2025-12-26,1209322.2286973593,1205309.6331827918,1284307.7906116182,1251274.2567638794
2025-12-29,1208984.5282383605,1204946.42080859,1283135.3190655853,1250095.535076446
2025-12-30,1208886.7728423346,1204848.973586243,1282599.8596193653,1249573.6582988037
2025-12-31,1207296.0259433668,1203276.529771101,1279128.6052783544,1246230.94755925
2026-01-02,1207891.4451737069,1203834.6365899965,1279553.280011563,1246572.8668273604
2026-01-05,1209651.0423021738,1205566.5394962516,1283042.9984714093,1249915.5775669143
2026-01-06,1210779.6727835643,1206678.323714845,1286181.8986733872,1252956.859478002
2026-01-07,1210357.5472098158,1206266.38772947,1284492.4317999696,1251305.7493280475
2026-01-08,1210566.388283144,1206470.1410125587,1285120.2118403653,1251913.1059227174
2026-01-09,1211797.2175876524,1207688.2312918943,1288568.3860328323,1255255.8166622713
2026-01-12,1212041.6060777174,1207922.9905093662,1289537.7522716785,1256196.094649575
2026-01-13,1212046.0495048093,1207927.4199285638,1289237.710340607,1255899.1647588476
2026-01-14,1212032.719223533,1207905.272832576,1287834.4373091345,1254517.9908731906
2026-01-15,1212352.6459741634,1208224.1910148019,1290382.4857083873,1256996.9055669915
2026-01-16,1212330.0371309351,1208178.8687179864,1292135.8658015002,1258682.5553924455
2026-01-20,1206989.5854686145,1203181.0244691323,1284856.9986042206,1252290.3180896188
2026-01-21,1210297.6741424738,1206179.7310184448,1288551.575136173,1255280.5243349187
2026-01-22,1211459.0244215946,1207223.1406072406,1289920.9579801057,1256399.6134985788
2026-01-23,1211397.4376643684,1207179.2998682156,1289801.481624595,1256310.086365486
2026-01-26,1213051.482001298,1208766.3346209219,1292319.675579209,1258610.9336859712
2026-01-27,1213966.4852515145,1209669.4538448376,1293992.344556362,1260222.4220816419
2026-01-28,1214036.8701169158,1209722.0627316677,1294157.7733562998,1260356.712781281
2026-01-29,1213421.0025446548,1209108.2923853172,1293229.5339788692,1259488.2995902807
2026-01-30,1212505.9992944384,1208213.9413092064,1291630.3889128002,1257966.338327703
2026-02-02,1214485.573633849,1210090.324939478,1294258.86873404,1260343.2837113172
2026-02-03,1211872.535505827,1207538.7939282209,1290031.2438467313,1256323.51543545
2026-02-04,1210913.5417147349,1206583.065817475,1288928.3851804768,1255276.047978264
2026-02-05,1205441.1184297868,1201278.3363954457,1281851.7087386772,1248762.949045762
2026-02-06,1212602.778484365,1208196.4050135964,1290261.0060688676,1256413.0425685428
2026-02-09,1214687.9301218775,1210243.7675260655,1293496.0581565474,1259492.7759469354
2026-02-10,1214177.6398477182,1209730.8308794727,1291988.817979333,1258011.1018942494
2026-02-11,1214415.1887684476,1209954.4186485002,1291749.865268311,1257755.949564935
2026-02-12,1208291.7054785378,1203904.3966630453,1282007.94704973,1248395.8878000814
2026-02-13,1208344.4941275888,1203908.780736948,1280362.8495392338,1246685.9195580087
2026-02-17,1209312.2860268562,1204860.124773791,1278570.7042065703,1244886.4241828432
2026-02-18,1213139.4630830497,1208661.1168472618,1280969.4218056737,1247209.6532866016
2026-02-19,1212884.3179459702,1208402.456487014,1277329.9882070338,1243659.9024594717
2026-02-20,1219543.0504065428,1215006.6909729054,1283196.5699424422,1249333.6284042106
2026-02-23,1217018.5196051337,1212544.631854579,1279619.2398209888,1245993.5056292706
2026-02-24,1218778.57981175,1214200.7651464029,1281747.2926111869,1247851.1140174724
2026-02-25,1221107.5483679795,1216419.2752512256,1284765.0916110792,1250628.5957902165
2026-02-26,1219863.0613532003,1215205.9583475902,1282710.419951578,1248663.8176873107
2026-02-27,1218707.4662680482,1214112.2018687653,1281132.7256416038,1247225.957348366
2026-03-02,1218591.906759533,1213988.2132800727,1281178.588848289,1247270.6113961593
2026-03-03,1216165.1570807137,1211667.8554059665,1277665.4672161953,1244046.589145482
2026-03-04,1218707.4662680482,1214050.207574419,1280802.5105534696,1246806.209299109
2026-03-05,1216716.2870444015,1212137.240777446,1277940.646456307,1244144.8280506274
2026-03-06,1212911.7124563623,1208692.129277342,1273280.944657081,1240161.6869874639
2026-03-09,1214742.8862066802,1210135.7107028356,1274922.8474564147,1241188.7300867098
2026-03-10,1215267.34859148,1210613.9524020788,1274803.603119033,1240938.6674190674
2026-03-11,1213649.515472267,1208944.5346186094,1272198.572979308,1238295.1477897032
2026-03-12,1207187.0721883778,1202528.1251537628,1265713.5155540071,1232097.1659559913
2026-03-13,1203489.1679158912,1198843.8928040373,1262576.4722167328,1229024.9674678112
2026-03-16,1206822.6152769069,1202036.598962874,1261943.5599644757,1228172.075154959
2026-03-17,1206947.0639783847,1202138.4467321571,1261154.7128094886,1227359.3714851206
2026-03-18,1195631.1213368569,1190873.1978166502,1258338.7119190113,1224631.0091649492
2026-03-19,1192875.4715184171,1188105.5953904742,1257412.2751439684,1223688.8087565103
2026-03-20,1189781.8180561597,1184958.8829278676,1257562.7329181267,1223774.7087537595
2026-03-23,1191812.4541009828,1186889.8595152935,1259971.4757338662,1225989.1104002555
2026-03-24,1191316.280587768,1186423.1305771004,1259324.06659762,1225396.132553495
2026-03-25,1192161.6132399114,1187164.4059495248,1260295.1803019892,1226202.211813935
2026-03-26,1189432.6589172308,1184501.3055374823,1256658.2642719005,1222746.2628007845
2026-03-27,1184296.3442156198,1179577.7728169363,1250869.6649360526,1217381.6663433737
2026-03-30,1183129.417619726,1178333.162315088,1248946.4789724979,1215371.1008317017
2026-03-31,1190792.5418793748,1185718.4613959072,1257581.7743633105,1223422.6281572455
2026-04-01,1192676.163549912,1187553.3467313522,1260066.6829597848,1225803.804823143
2026-04-02,1192997.7574936622,1187850.7720351028,1260219.0145212545,1225938.1513665495
2026-04-06,1194201.4376831274,1189013.0186066814,1261589.9985744816,1227230.6577669103
2026-04-07,1194183.0608863416,1189022.170154489,1261828.016639278,1227490.085574868
2026-04-08,1198327.0285615234,1193048.85118988,1268026.0070465757,1233401.3334847607
2026-04-09,1199232.0858032205,1193941.1271011312,1269701.6542227422,1235018.1246450685
2026-04-10,1199402.0711734884,1194101.2791877661,1270049.1605973449,1235360.9399627268
2026-04-13,1199650.1579300957,1194357.522526382,1270958.3896048672,1236227.2435357284
2026-04-14,1199751.2303124173,1194449.0380044589,1271263.0527278064,1236523.7324591086
2026-04-15,1199801.766503578,1194499.3715174014,1271386.8221215005,1236644.181084232
2026-04-16,1199829.3316987567,1194526.8261608244,1271434.42573446,1236690.50747851
2026-04-17,1199773.7222168655,1194441.0734117553,1271386.5022014691,1236608.7643304346
2026-04-20,1199154.7266225861,1193892.3487394883,1270567.0623369669,1235923.132154115
2026-04-21,1198595.0867702237,1193368.9498213262,1269862.167829868,1235357.4856086515
2026-04-22,1199926.3512675099,1194626.7956085224,1271791.816543051,1237037.2844406343
2026-04-23,1198985.138788537,1193689.7427066513,1270461.328160902,1235803.146523259
2026-04-24,1200782.769829458,1195365.463436574,1273254.4726452813,1238279.9927602133
2026-04-27,1201545.9150826796,1196053.4797564163,1273871.255338993,1238734.224077025
2026-04-28,1200714.9346958385,1195221.9508299811,1272267.6203353428,1237165.840473694
2026-04-29,1199527.8198574942,1194069.6290182206,1270241.0486274334,1235306.0631954276
2026-04-30,1203648.8042248893,1198054.2143306814,1276708.455730066,1241318.2003415287
2026-05-01,1204047.335634905,1198442.5425602857,1277254.7489730676,1241819.5688704625
2026-05-04,1203326.587340196,1197712.316650269,1275906.638228241,1240499.7269310476
2026-05-05,1205480.3528326205,1199835.45903604,1279765.9356546074,1244197.8554820707
2026-05-06,1206692.9058460721,1201017.3275609224,1283052.506293956,1247364.619096446
2026-05-07,1206764.980675543,1201080.641946184,1282841.0379418263,1247141.7886391422
2026-05-08,1207201.6693482196,1201506.958806945,1284259.638137363,1248508.7677906791
2026-05-11,1207307.6617445005,1201608.2618233636,1284581.2462562267,1248813.017068921
2026-05-12,1207430.612924186,1201726.4486758518,1284894.043193752,1249108.6959449588
2026-05-13,1207515.4068412106,1201810.8678562006,1285352.2246233663,1249558.6420606684
2026-05-14,1207562.0434955743,1201857.2984053923,1285488.7979341168,1249687.1980937282
2026-05-15,1207507.9188577926,1201778.068122085,1285454.4606228934,1249615.3666649912
2026-05-18,1207877.833648423,1202080.7834128712,1285651.7051302488,1249690.3994614135
2026-05-19,1206554.360730834,1200779.9258119252,1283542.04648636,1247681.187912772
2026-05-20,1208749.1884885747,1202907.1143417738,1286697.9586040473,1250607.4669732417
2026-05-21,1209612.323000046,1203700.7192932942,1287675.6052926788,1251457.8386660276
2026-05-22,1210376.8135673488,1204441.1445315683,1288919.1032738327,1252616.6785218832
2026-05-26,1211576.9815547275,1205586.5537399484,1290702.8796881777,1254296.5794640048
2026-05-27,1212094.86226161,1206073.35265351,1291320.3407546817,1254834.3145050313
2026-05-28,1213253.9286055856,1207198.3081260258,1293335.6650689656,1256751.8193024902
2026-05-29,1213533.4197807286,1207468.2974394297,1294038.8846169286,1257414.6090042205
2026-06-01,1213895.1142426785,1207816.0109491164,1294767.831709329,1258106.5781267816
2026-06-02,1214232.1477185863,1208139.1799757665,1295333.8376869578,1258644.313167808
2026-06-03,1213467.6571512832,1207378.3010016284,1293524.3337281751,1256885.2109405743
2026-06-04,1214232.1477185863,1208130.998481421,1294879.3177352257,1258185.779411894
2026-06-05,1207532.5798438345,1201663.527201247,1283190.4367123786,1247130.947405675
2026-06-08,1209620.5433287264,1203586.1783724562,1285488.764015477,1249127.6534882463
2026-06-09,1208362.833040583,1202358.9542206204,1283636.380815965,1247356.045794942
2026-06-10,1202189.3662013947,1196247.3779444788,1275455.0216847865,1239469.26519322
2026-06-11,1209415.0351117095,1203365.2780251256,1284210.9626417395,1247827.0850169263
2026-06-12,1212325.0314646692,1206232.8917932485,1287709.9086852623,1251191.0553898595
2026-06-15,1215354.2225834986,1209215.046482209,1297040.43146799,1260245.0128248173
2026-06-16,1215185.7058455448,1209043.2351009522,1295067.9863944352,1258310.834072598
2026-06-17,1214355.4526487964,1208212.8134248767,1286865.1876428921,1250340.6836970735
2026-06-18,1215974.364935042,1209794.8462165743,1299754.0654464394,1262828.2088517752
2026-06-22,1215199.572741152,1209040.204306703,1298268.0798032535,1261409.2988872859
2026-06-23,1210909.670699192,1205023.5618831948,1292255.816051512,1256148.544983857
2026-06-24,1211920.9784049012,1205875.576942727,1293348.9549154649,1256911.9351401906
2026-06-25,1210746.5565531098,1204715.2135759357,1291598.2247036651,1255252.3913220745
2026-06-26,1209457.954799061,1203335.7606224075,1289411.9469757592,1252987.1140103457
2026-06-29,1213935.4381090156,1207624.2364220524,1294689.7580532823,1257667.0275774335
2026-06-30,1216561.5758609378,1210168.1099569409,1297687.3497817784,1260417.7214559612
2026-07-01,1216447.3959586804,1210042.3363052956,1296816.2547495659,1259538.1632323596
2026-07-02,1216243.5032760778,1209807.017860282,1295876.8385383561,1258571.4789583068
2026-07-06,1220052.2185870954,1213563.9985513615,1301803.7008163515,1264242.9699567193
2026-07-07,1218543.4127358359,1212066.8863753267,1298242.4593611294,1260799.4165341281
2026-07-08,1217189.5653233542,1210715.833923783,1295782.896917235,1258405.5245764954
2026-07-09,1220688.363756816,1214176.6379513107,1302076.9855323397,1264479.4549508009
2026-07-10,1222131.9239496426,1215596.6630505307,1305518.6649243166,1267798.5425870335
2026-07-13,1219995.1286359667,1213478.7970454083,1298771.9484983566,1261251.6422245647
2026-07-14,1222095.2232667743,1215560.148119408,1302700.4162906879,1265051.997568051
2026-07-15,1223020.8960457903,1216473.021397478,1306329.9789249068,1268578.5281815482
2026-07-16,1222763.991265711,1216217.4168796183,1299702.8245621917,1262131.2004481663
2026-07-17,1223447.4843065073,1216871.9591115364,1288943.2485820223,1251647.2269571347
2026-07-20,1223422.6668200411,1216797.9052511277,1288661.3581276108,1251307.1252643303
2026-07-21,1225317.0682869505,1218591.6543143613,1291326.5042420446,1253712.7226036792
2026-07-22,1225747.238052362,1218994.836443253,1291890.2851508672,1254235.3178877449
2026-07-23,1222777.4121719238,1216123.1923007371,1287431.29069018,1250062.85077846
2026-07-24,1222653.3247395933,1215975.0845799197,1287004.1839410719,1249623.207126786
2026-07-27,1222827.0471448558,1216114.964094025,1286978.5575361254,1249523.6651679163
2026-07-28,1223505.3917749282,1216773.2206309915,1287824.2288993592,1250278.5250226776
2026-07-29,1218343.3545899878,1211721.1017097742,1280734.2568641668,1243617.5089416525
2026-07-30,1224572.5436929688,1217740.034919661,1288627.1895876823,1250937.990500189
2026-07-31,1226169.1353222851,1219282.823678176,1290737.0969282757,1252916.3869327223
2026-08-03,1228973.5112929498,1222043.3870300788,1295922.1728624464,1257893.4848762031
2026-08-04,1230346.7455440718,1223388.698827504,1299116.9313457743,1260970.990437922
2026-08-05,1230462.5604809134,1223499.779618117,1299142.5577507208,1260979.2856011612
2026-08-06,1230570.1029222663,1223602.632202018,1299279.2319104353,1261112.0082129873
2026-08-07,1230987.863944445,1224014.042537622,1300295.7459733123,1262090.8374752053
2026-08-10,1231062.3164038432,1224088.0963980306,1300586.1785627056,1262372.8730253358
2026-08-11,1231099.5426335423,1224125.123328235,1300517.8414828484,1262306.5117194229
2026-08-12,1231335.3087549699,1224359.6272195294,1301235.3808213498,1262995.010268271
2026-08-13,1231434.5787008342,1224446.0233900063,1301675.300772931,1263422.2111750864
2026-08-14,1231517.303655721,1224532.419560483,1301846.1434725742,1263579.81927663
2026-08-17,1231529.712398954,1224540.647767195,1301837.601337592,1263575.6716950103
2026-08-18,1231513.1674079767,1224524.191353771,1301594.1504906004,1263343.4071243145
2026-08-19,1231566.938628653,1224577.6746973994,1301952.9201598512,1263687.6563987387
2026-08-20,1231579.3473718863,1224590.0170074676,1301747.9089202792,1263484.42489938
2026-08-21,1231566.9660457564,1224556.8078268701,1302110.8443018242,1263815.7396891061
2026-08-24,1231097.937539113,1224082.4002930815,1300962.874763026,1262693.3802742744
2026-08-25,1231858.0871878108,1224789.991190936,1302068.947603328,1263628.6797866342
2026-08-26,1232302.855599283,1225200.0722794652,1302730.9154395692,1264197.992533288
2026-08-27,1233758.4613095555,1226587.1112553729,1304792.233005586,1266076.724597246
2026-08-28,1233653.3342304802,1226466.4991705115,1304197.299886939,1265466.7466544025
2026-08-31,1233248.99931096,1226052.3976791534,1303082.847706938,1264385.0524357602
2026-09-01,1230911.9434761337,1223796.9516922424,1299462.972956859,1261034.24026974
2026-09-02,1232707.1905188032,1225497.5820887904,1301800.8087329515,1263128.4978735026
2026-09-03,1235286.8473053416,1228002.2930510817,1306493.2389645353,1267528.4721012134
2026-09-04,1234680.3449260613,1227399.232626774,1304591.128852804,1265686.3387138261
2026-09-08,1233507.773659453,1226245.377014932,1301633.2219389665,1262851.9745394136
2026-09-09,1232076.4280443517,1224818.1340107368,1298650.1770060314,1259960.6790903357
2026-09-10,1229949.6263676758,1222739.5857482895,1295197.8890499377,1256695.2638363137
2026-09-11,1234001.0622612676,1226711.7437430632,1299739.4911669346,1260932.5772792662
2026-09-14,1232367.5491864062,1225091.5214030896,1295625.2353745997,1256971.7871704027
2026-09-15,1230588.4755405176,1223310.4829499675,1291695.3250556486,1253120.793091251
2026-09-16,1227555.9636441167,1220275.078814285,1285804.6492470712,1247370.7343500468
2026-09-17,1236528.1555082684,1229176.2506770676,1294682.5596584333,1255951.0907460446
2026-09-18,1238570.0468518452,1231198.513299913,1297577.6215245265,1258748.8562438868
2026-09-21,1238570.0468518452,1231198.513299913,1297577.6215245265,1258748.8562438868
2026-09-22,1238570.0468518452,1231198.513299913,1297577.6215245265,1258748.8562438868
